5 15 10923 10923 90079 2001601676 1207827 1207955
15 5 10182 10182 509163 2001632922 1242610 1243091
5 9 10686 10686 600 2004151420 1200270 1200451
10 1 10755 10755 2146 2007440244 1200528 1200583
2 8 10526 10526 42500 2007465714 1203876 1203965
10 2 10051 10051 4753 2008760246 1200743 1200799
6 9 10881 10881 102513 2010883896 1208857 1208996
1 10 10129 10129 18993065 2009997658 2776802 2792782
6 8 10147 10147 1420331 2012325410 1318349 1319483
10 3 10157 10157 3024908 2014175614 1451423 1454008
10 5 10204 10204 31369 2014503744 1202953 1203032
1 10 10130 10129 242214 2017456584 1220583 1220710
12 6 10873 10873 1046 2018807304 1200437 1200491
8 6 10152 10152 6654 2019361716 1201426 1200959
9 0 10176 10176 6646 2020097376 1202283 1200958
9 6 10639 10639 18411491 2019046758 2729068 2744021
15 5 10183 10182 21300 2020892212 1203838 1202188
14 2 10719 10719 3093 2024767384 1200800 1200662
2 13 10352 10352 69513 2025151808 1206155 1206229
3 15 10850 10850 4124571 2026761568 1542913 1546205
14 1 10546 10546 3643401 2024177998 4137729 1505865
0 12 10364 10364 40809628 2024133244 4635853 4621880
9 1 10240 10240 13562198 2023747362 6117874 2337457
4 10 10930 10930 1920 2030924026 1200658 1200561
0 14 10952 10952 853340 2030945976 1276544 1271946
13 7 10316 10316 832162 2031310228 1269459 1270171
9 4 10656 10656 44007 2031740700 1204044 1204093
9 3 10732 10732 2366 2031873082 1200567 1200600
3 12 10238 10238 119451 2033365314 1210469 1210416
9 5 10967 10967 488 2034313956 1200320 1200442
0 11 10628 10628 96478 2035202318 1209344 1208490
2 10 10400 10400 2311799 2035208454 1392398 1394222
2 9 10769 10769 230220 2038862442 1219600 1219704
8 5 10244 10244 38831 2039010236 1203571 1203656
5 11 10588 10588 53917 2039624484 1204930 1204920
3 11 10063 10063 622336 2039649902 1252176 1252579
10 5 10205 10204 111772 2041165300 1209643 1209771
0 8 10277 10277 59287 2042513542 1205894 1205373
0 13 10513 10513 128220 2045854784 1236046 1211152
12 1 10628 10628 8383519 2043004470 5152009 1903276
12 5 10925 10925 3350 2047899310 1200798 1200683
6 10 10641 10641 16427 2047958794 1203064 1201779
3 9 10020 10020 2567 2048767416 1200742 1200616
1 12 10998 10998 216762 2049032818 1218521 1218574
14 0 10280 10280 4558388 2050153968 1930497 1582577
14 7 10450 10450 52727 2051179576 1223912 1204821
0 8 10278 10277 63999 2052215074 1222557 1205765
14 7 10451 10450 621612 2053394286 1307666 1252517
5 14 10439 10439 643 2054544438 1200389 1200455
8 6 10153 10152 5817 2054972696 1357378 1200888
3 14 10902 10902 4736328 2052596824 5026261 1597496
15 0 10675 10675 379033189 2012896136 45430239 32978545
6 14 10787 10786 7335 2058371712 1266353 1201017
6 14 10786 10786 49375864 2050546438 10428993 5340072
11 2 10913 10913 377464 2060923092 1231823 1232048
7 14 10684 10684 685722 2061468322 1314073 1257892
12 3 10747 10747 225 2061986818 1200228 1200421
10 6 10889 10889 11681 2062442306 1202145 1201380
5 11 10589 10588 5590 2062673558 1200987 1200870
3 11 10064 10063 2020 2063675560 1200518 1200573
14 6 10944 10944 51538141 2048724762 16374436 5521361
2 10 10401 10400 37750 2064453044 1205281 1203565
11 5 10552 10552 34202 2064904742 1203411 1203270
4 13 10738 10738 28458 2065028520 1203035 1202788
5 12 10657 10657 2160 2066705008 1200926 1200584
14 7 10452 10450 1235567 2067468310 1326736 1303991
5 15 10924 10923 767344 2068569326 1267389 1264736
12 1 10629 10628 1854 2070236814 1209332 1200556
0 12 10365 10364 18381918 2069426222 2734801 2741540
7 11 10760 10760 196688 2072893576 1233017 1216891
10 4 10999 10999 13754507 2067941522 6450777 2353579
13 6 10701 10700 91568 2073318012 1211951 1208078
13 6 10700 10700 95537729 2042125620 33192507 9210284
14 2 10720 10719 3197 2077753356 1200835 1200671
14 2 10721 10719 201769 2080502002 1217257 1217317
14 6 10945 10944 69521 2080881710 1206395 1206230
7 12 10984 10984 55715103 2073435064 10449143 5871557
2 11 10891 10891 119861 2084945408 1212456 1210449
11 0 10163 10163 103842919 2073697798 13833280 9906590
14 6 10946 10944 957646 2086362146 1284061 1280690
2 14 10807 10807 1078350 2086525720 1319685 1290811
3 8 10064 10064 11950833 2085885358 2222111 2202358
5 8 10350 10350 11510 2087373998 1201568 1201366
14 1 10547 10546 147148 2087401122 1219345 1212740
1 15 10839 10839 602347 2087489762 1251854 1250903
13 1 10076 10076 29451534 2079739988 9200632 3669618
9 6 10640 10639 41481 2087778598 1203942 1203879
12 5 10927 10925 1359 2088187194 1200678 1200516
8 0 10749 10749 7500 2088696638 1201129 1201030
4 15 10354 10354 1741570 2089584094 1345064 1346414
1 13 10218 10218 4068882 2091799438 1538211 1541535
11 0 10164 10163 2039 2092375914 1200691 1200574
11 0 10165 10163 1726565 2092913128 1343907 1345156
6 12 10619 10619 3629075 2093290480 1510272 1504665
3 11 10065 10063 238 2094846768 1200431 1200422
6 8 10148 10147 120712 2095275596 1210564 1210521
1 9 10400 10400 8496 2099725208 1201445 1201114
8 5 10245 10244 608360 2100128904 1280729 1251407
11 0 10166 10163 47392 2101030032 1204481 1204375
1 15 10840 10839 55314 2101169550 1205169 1205040
2 15 10919 10919 87920 2101356324 1207762 1207771
8 1 10368 10368 308245 2102282710 1226167 1226246
8 1 10369 10368 29636 2102919156 1202996 1202886
6 11 10431 10431 4137 2102957528 1274411 1200750
10 4 11000 10999 2974641 2103052814 1453888 1449795
1 14 10512 10512 203675 2104307828 1218794 1217477
7 13 10935 10935 248625 2105031828 1241869 1221246
2 11 10892 10891 2016168 2104030206 2828518 1369438
4 9 10931 10931 117411 2106047432 1210252 1210246
9 7 10759 10759 159063 2107285380 1214176 1213739
7 11 10761 10760 51806562 2092971454 15635785 5543863
4 8 10437 10437 2546682 2107307664 1623163 1413915
11 2 10914 10913 549830 2108929836 1247930 1246498
0 8 10279 10277 564890 2112062964 1259622 1247760
4 12 10284 10284 110641 2112455196 1218900 1209677
5 9 10687 10686 2680 2112996608 1200814 1200625
11 5 10553 10552 13043 2117332952 1201766 1201497
9 5 10968 10967 1470477 2115730230 4582733 1323686
2 15 10920 10919 59246438 2108710120 12978739 6167623
14 7 10453 10450 1402 2121258736 1200695 1200519
8 2 10294 10294 43811 2122500440 1207570 1204073
12 6 10874 10873 9032 2123024756 1201381 1201160
13 5 10229 10229 15694 2122466234 2569472 1201716
4 12 10285 10284 90180 2124543874 1211872 1207963
0 15 10916 10916 7266445 2121243878 4749394 1809620
8 5 10246 10244 24162424 2120847942 5919073 3226179
2 12 10283 10283 6055766 2126710476 2652274 1708116
15 5 10184 10182 45023506 2110238194 19791864 4975172
15 1 10482 10482 2462046 2128546562 1499216 1406821
3 13 10970 10970 19763 2129962760 1202030 1202057
4 14 10639 10639 29090 2132006862 1205191 1202842
9 3 10733 10732 8898 2132390966 1201333 1201146
13 1 10077 10076 71599 2132390000 1206496 1206404
6 13 10281 10281 11467 2132618566 1201602 1201363
14 4 10471 10471 87523 2133448956 1208075 1207739
9 7 10760 10759 83078 2133611568 1207711 1207368
0 10 10477 10477 32591 2136389848 1204740 1203134
8 3 10232 10232 21973 2136532020 1202335 1202242
2 15 10921 10919 684725 2136992280 1265462 1257808
10 5 10206 10204 90478 2138070568 1210541 1207987
2 10 10402 10400 6475 2138352080 1201325 1200944
10 4 11001 10999 289483 2141354872 1229332 1224672
14 0 10281 10280 1793451 2141254066 1353306 1350765
9 7 10761 10759 48984 2142584162 1204880 1204506
9 5 10969 10967 56 2142661270 1200463 1200408
2 10 10403 10400 326 2143546608 1200322 1200429
13 1 10078 10076 906 2144274466 1200593 1200476
2 15 10922 10919 6241 2146973046 1252440 1200926
12 3 10748 10747 922855 2148037330 1302589 1277772
5 12 10658 10657 200569 2151358790 1268863 1217217
10 0 10573 10573 40680 2152000488 1203823 1203811
12 4 10833 10833 516560 2153537722 1243927 1243710
11 5 10554 10552 6424637 2150851640 4289095 1739042
0 11 10629 10628 277 2153897366 1243722 1200426
15 6 10621 10621 31896146 2148933828 6785954 3874576
0 12 10366 10364 892808 2154520238 1296421 1275253
1 14 10513 10512 26149878 2146281090 9771897 3392806
6 11 10432 10431 24796258 2142270062 14404610 3279321
0 10 10478 10477 501881 2157820244 1260264 1242478
2 13 10353 10352 20595292 2153226300 6959252 2927112
4 12 10286 10284 470708 2159258828 1249482 1239865
13 3 10248 10248 66040 2160020752 1211344 1205940
1 10 10131 10129 8772 2161002396 1201439 1201136
13 6 10702 10700 4036 2161086070 1201170 1200742
14 0 10282 10280 6370219 2161429944 1731743 1734482
9 4 10657 10656 2588150 2161979300 1417747 1417393
4 8 10438 10437 7806 2162894222 1201441 1201055
4 14 10640 10639 90519 2164441804 1214026 1207990
7 13 10936 10935 45597 2165123358 1206192 1204224
11 1 10391 10391 11154 2166371474 1202290 1201338
5 11 10590 10588 39402962 2154616706 15107761 4503944
10 0 10574 10573 48835 2169066630 1214659 1204494
5 14 10440 10439 69542892 2157229498 13296532 7030876
14 3 10113 10113 403 2169472628 1200277 1200436
15 0 10676 10675 4520376 2168737862 1993688 1579390
10 5 10207 10204 1258 2171507966 1200544 1200508
8 0 10750 10749 988 2171571028 1200606 1200482
7 13 10937 10935 27934 2172453238 1203652 1202742
0 10 10479 10477 859683 2174135784 1289981 1272477
15 5 10185 10182 3997 2174727458 1200900 1200735
7 12 10985 10984 71593 2176130550 1208545 1206403
5 13 10858 10858 4511255 2176442438 1588989 1578626
9 4 10658 10656 9206 2177510760 1201633 1201174
11 1 10392 10391 26331 2179667918 1203834 1202610
4 10 10931 10930 7062463 2179699948 1980289 1792518
14 2 10722 10719 7559582 2180021996 3082733 1834196
5 9 10688 10686 10411 2182112536 1201524 1201275
14 3 10114 10113 50161868 2174361846 10154741 5405971
13 5 10230 10229 168757815 2151192838 33706038 15349055
12 6 10875 10873 155611 2183808724 1217620 1213447
6 14 10788 10786 649348 2187536632 1261788 1254843
15 5 10186 10182 2550 2188709540 1200743 1200615
14 1 10548 10546 165112910 2165483504 28252337 15043466
14 7 10454 10450 9559 2192428732 1309972 1201203
1 10 10132 10129 947 2192740622 1200671 1200479
12 6 10876 10873 10046 2193474158 1201611 1201245
9 0 10177 10176 1799 2194282048 1200563 1200551
7 15 10383 10383 18124607 2187687344 8687044 2719968
4 11 10721 10720 2301 2196549426 1246261 1200595
11 5 10555 10552 58966 2196572272 1287455 1205343
6 11 10433 10431 726603 2198338482 1262920 1261319
14 3 10115 10113 622963 2198646672 1252128 1252629
2 10 10404 10400 17825 2197574290 2484952 1201895
6 15 10307 10307 12912 2197624202 2540636 1201482
9 3 10734 10732 406 2199739378 1214104 1200436
15 1 10483 10482 454916 2201046926 1282019 1238540
5 9 10689 10686 1785 2202062964 1200496 1200550
2 12 10284 10283 382546 2202964878 1237632 1232474
0 9 10553 10553 2848 2204963176 1282567 1200639
9 7 10762 10759 520540 2206026564 1244430 1244043
7 11 10762 10760 35608061 2186686524 22772728 4185783
9 5 10970 10967 845544 2209169910 1273096 1271292
1 9 10401 10400 32907038 2189405580 24133032 3959329
13 2 10649 10649 83010 2213317858 1208494 1207363
10 0 10575 10573 1753556 2214404224 1381304 1347419
11 0 10167 10163 2065549 2214479608 1543413 1373577
13 2 10650 10649 95377 2219295406 1209501 1208398
11 4 10359 10359 14721374 2218043798 2672780 2434642
7 10 10496 10495 64715138 2190263836 30601482 6626120
13 1 10079 10076 7419902 2216809652 4849977 1822484
11 7 10452 10452 63857395 2210715510 14810179 6554206
8 2 10295 10294 18096 2224666156 1202144 1201920
11 3 10819 10819 369474 2226705122 1231558 1231378
4 14 10641 10639 13219 2227088292 1202541 1201511
5 8 10351 10350 428150 2227830410 1274626 1236299
2 15 10923 10919 87981 2228889856 1209933 1207776
8 3 10233 10232 2003 2231598888 1200799 1200571
6 15 10308 10307 37797 2232187006 1205759 1203569
6 15 10309 10307 52459 2234227346 1207099 1204800
3 10 10457 10457 9228 2235236518 1201859 1201176
2 12 10285 10283 60 2236024618 1208192 1200408
11 6 10579 10579 29717 2236765076 1204745 1202892
0 14 10953 10952 849183 2237517030 1273318 1271598
15 4 10712 10712 2982 2239304750 1244985 1200650
10 6 10890 10889 7398 2239320084 1243121 1201022
3 14 10903 10902 63089 2239617092 1249380 1205692
13 1 10080 10076 61575 2241279130 1207056 1205564
15 7 10040 10040 1696815 2240998220 1552669 1342661
12 7 10831 10831 459292 2241708532 1298534 1238909
5 14 10441 10439 237680670 2200238658 44923968 21127548
3 8 10065 10064 1476 2245826764 1200638 1200525
10 3 10158 10157 162448 2247703398 1273977 1214021
4 13 10739 10738 158 2248897510 1200439 1200416
5 9 10690 10686 341 2249272838 1200559 1200431
9 6 10641 10639 19477 2249288178 1202798 1202034
15 4 10713 10712 13744 2249451576 1213837 1201553
2 14 10808 10807 22212 2251476404 1202918 1202265
7 10 10498 10495 1184510 2252939722 1366787 1299711
2 8 10527 10526 8116160 2250014702 5091460 1880862
9 2 10797 10797 16166640 2246834544 8712936 2555812
2 15 10924 10919 151444 2255433568 1216524 1213099
1 9 10402 10400 97506586 2237604346 19105336 9375353
5 13 10859 10858 116028 2256956762 1214844 1210131
10 5 10208 10204 406835 2258620416 1257689 1234509
4 11 10722 10720 47361559 2255518232 5587211 5171194
2 8 10528 10526 1856227 2259682950 1423649 1356029
10 6 10891 10889 888743 2259913422 1313806 1274913
3 10 10458 10457 23310 2262381642 1203497 1202356
9 2 10798 10797 117609 2262401016 1213421 1210261
3 12 10239 10238 422241 2263075780 1248413 1235803
6 9 10882 10881 22736672 2261817052 3610944 3106643
12 6 10877 10873 122579085 2238596520 28467780 11477434
8 0 10751 10749 2470025 2266268342 1407623 1407490
15 0 10677 10675 12696 2267772618 1202489 1201465
2 12 10286 10283 2928 2268651934 1200838 1200645
9 5 10971 10967 26116814 2264830542 10110728 3390034
15 5 10187 10182 362749433 2194518250 80891991 31613314
11 7 10453 10452 156404 2274297364 1213946 1213515
13 7 10317 10316 5840014 2274361764 1701291 1690030
12 7 10832 10831 2920912 2275385220 1451072 1445289
14 2 10723 10719 356858 2276027674 1230118 1230319
6 8 10149 10147 223526359 2192742014 84684884 19940852
3 13 10971 10970 121970 2280371520 1210749 1210626
13 3 10249 10248 15020 2280942286 1201788 1201663
6 13 10282 10281 51165 2281691638 1204843 1204692
10 2 10052 10051 64011 2285277116 1205958 1205770
3 9 10021 10020 355 2285474670 1200336 1200432
6 10 10642 10641 6867 2286788620 1201493 1200976
6 11 10434 10431 4838137 2284244350 3763050 1606032
13 2 10651 10649 724133 2287139376 1260676 1261114
2 12 10287 10283 15072377 2283728882 5020781 2464070
0 15 10917 10916 2248308 2287514594 1392108 1388900
6 9 10883 10881 794394 2288750228 1266455 1267004
5 10 10956 10956 11174 2292282172 1201938 1201340
4 9 10932 10931 325996 2294333122 1231377 1227731
4 15 10355 10354 941731 2294948320 1289777 1279355
1 13 10219 10218 3557 2295788498 1200750 1200699
11 4 10360 10359 28328 2296377082 1202951 1202777
6 12 10620 10619 31083 2296807318 1203200 1203009
0 12 10367 10364 969 2302232936 1206563 1200481
3 12 10240 10238 13500293 2301533034 2330501 2332267
12 3 10749 10747 7754 2303298132 1201221 1201051
2 14 10809 10807 50354 2303336098 1204609 1204624
13 1 10081 10076 29675566 2294187444 10594075 3688401
11 0 10168 10163 32192 2303610826 1203323 1203102
13 7 10318 10316 21341 2304496834 1202451 1202191
11 1 10393 10391 2188 2304660296 1200793 1200586
5 15 10925 10923 1302968 2304796394 1311069 1309640
0 15 10918 10916 482688 2306935790 1241550 1240869
4 8 10439 10437 188630 2308173592 1218425 1216216
15 3 10304 10304 15542 2308259790 1204232 1201704
15 7 10041 10040 8405043 2307807338 2248946 1905082
7 11 10763 10760 1804 2309152886 1200772 1200552
15 1 10484 10482 372126540 2230018082 81062124 32399490
5 15 10926 10923 61992 2310467100 1205961 1205597
3 14 10904 10902 30438 2316940306 1203288 1202954
13 1 10082 10076 25328633 2315937536 3302809 3323954
9 1 10241 10240 66101 2319214428 1206062 1205945
7 10 10499 10495 15647112 2316531514 4256567 2512257
7 9 10126 10126 1585750 2323179668 1529302 1333350
5 8 10352 10350 793 2325191614 1200543 1200467
9 3 10735 10732 1374 2326636342 1200557 1200517
1 14 10514 10512 188533 2328446346 1216304 1216208
8 7 10733 10732 691422 2329598658 1288820 1258371
1 9 10403 10400 265317 2330364212 1222453 1222646
1 15 10841 10839 25653 2330950208 1202540 1202552
1 14 10515 10512 4980 2333163200 1201014 1200817
8 6 10154 10152 141969 2334209360 1212985 1212302
5 8 10353 10350 943 2335718862 1200703 1200479
14 6 10947 10944 18708 2336193324 1202177 1201969
15 0 10678 10675 18860237 2329539254 9276686 2781645
0 15 10919 10916 52068 2337695794 1205165 1204768
11 4 10361 10359 46374 2338620424 1204549 1204290
0 12 10368 10364 12285 2339224094 1201586 1201432
8 6 10155 10152 12931 2340811726 1235395 1201484
0 15 10920 10916 10144005 2341938860 2042673 2050877
5 9 10691 10686 14679 2342807996 1201795 1201631
2 10 10405 10400 6541 2342957378 1201441 1200950
9 1 10242 10240 19561 2343486522 1202935 1202041
3 15 10851 10850 10821 2346511820 1201281 1201307
9 3 10736 10732 40587174 2339724324 8099729 4603231
5 14 10442 10439 3964334 2345941874 2123748 1532772
8 5 10247 10244 3389909 2346715750 1646068 1484610
11 5 10556 10552 19406942 2340707476 7677180 2827478
7 8 10103 10103 294889 2347394464 1225543 1225123
5 12 10659 10657 2013704 2347854462 1368435 1369230
11 4 10362 10359 15253 2353303160 1202079 1201681
0 8 10280 10277 23068 2353619582 1203484 1202337
5 8 10354 10350 1699440 2358775258 1411847 1342883
4 10 10933 10930 2673215 2362465324 1519732 1424525
14 7 10455 10450 916 2363451316 1200569 1200477
2 14 10810 10807 27118634 2353916556 11136807 3474027
12 4 10834 10833 819589 2364637502 1286728 1269115
10 1 10756 10755 16059 2366626758 1202021 1201750
8 3 10234 10232 267 2367147158 1200390 1200425
8 6 10156 10152 48781 2368279414 1216744 1204490
7 10 10497 10495 590268671 2230961656 139695136 7738853
6 14 10789 10786 14095 2370432462 1201748 1201585
15 5 10188 10182 24320919 2367239556 6759675 3239466
14 0 10283 10280 49009 2373642462 1236267 1204512
8 1 10370 10368 17803 2373785800 1217208 1201893
11 5 10557 10552 3967595 2374724786 1603069 1533044
13 0 10888 10888 260356069 2325385002 51561821 23028656
5 8 10355 10350 1841 2376653372 1200564 1200554
3 11 10066 10063 9437268 2376285416 2451297 1991623
8 1 10371 10368 1509 2379956502 1209903 1200528
6 11 10435 10431 11300 2380033304 1203036 1201350
13 7 10319 10316 12915159 2384200402 2283762 2283210
3 10 10459 10457 60200 2386659766 1206599 1205450
12 6 10878 10873 1594832 2387475374 1498617 1334111
14 6 10948 10944 5483345 2387327216 1788451 1660126
12 0 10747 10747 10051 2389458300 1283640 1201246
5 14 10443 10439 25049 2391354892 1203203 1202503
7 10 10500 10495 36147 2391547052 1204392 1203433
3 15 10852 10850 5334 2391705770 1200989 1200849
9 6 10642 10639 4665995 2392933534 1590542 1591597
4 12 10287 10284 209589 2394409106 1234595 1217973
5 11 10592 10588 17478 2395132494 1216979 1201867
14 3 10116 10113 8922 2395423520 1255480 1201148
13 5 10231 10229 9415 2396968284 1201395 1201191
13 2 10652 10649 9602 2397445856 1201258 1201206
0 10 10480 10477 576 2397541670 1200576 1200449
2 15 10925 10919 457910 2400865914 1276513 1238791
15 7 10042 10040 13928 2401860976 1219433 1201568
5 11 10591 10588 88508165 2384971188 18459858 8620927
13 1 10083 10076 16434 2402239018 1228754 1201780
11 2 10915 10913 8939 2402897948 1201418 1201149
8 2 10296 10294 616634 2403344966 1252280 1252100
14 1 10549 10546 30914 2404609170 1203117 1202992
0 15 10921 10916 195695 2405411532 1222341 1216808
4 10 10932 10930 121164931 2344815092 65562795 11358868
8 5 10248 10244 7617365 2409938426 1871404 1839042
6 8 10150 10147 55949 2411253364 1205626 1205090
5 11 10593 10588 76298 2413034710 1232869 1206799
6 15 10310 10307 3545488 2413333162 1534126 1497655
8 1 10372 10368 6300384 2415816952 1723999 1728626
7 15 10384 10383 176389 2418115046 1217278 1215190
9 0 10179 10176 7406 2419008210 1201723 1201023
0 10 10481 10477 11580573 2420932034 2536989 2171316
1 15 10842 10839 546 2422995920 1200483 1200447
0 12 10369 10364 26235 2423198952 1216075 1202602
2 12 10289 10283 15310812 2422882534 2941070 2484059
11 1 10394 10391 790 2424707874 1200513 1200467
1 12 10999 10998 411829 2425466796 1240559 1234928
9 0 10178 10176 108673772 2399614422 27486200 10311609
5 11 10594 10588 140698 2425997444 1214827 1212197
2 11 10893 10891 121 2426746936 1200437 1200413
6 14 10790 10786 293044 2428495280 1231985 1224972
5 14 10444 10439 2002645 2429279898 1557846 1368303
11 5 10558 10552 153013476 2402328192 28515719 14029051
0 9 10554 10553 94287 2429902778 1211455 1208307
5 10 10957 10956 239652 2433530480 1229057 1220493
8 4 10584 10584 389031 2433816446 1233159 1233020
12 2 10035 10035 8177 2434350804 1201443 1201088
11 3 10820 10819 5647035 2431748246 4088180 1673851
1 8 10156 10156 21957588 2431734094 7180472 3041325
11 0 10169 10163 28301 2438784908 1203083 1202775
12 3 10750 10747 197198186 2394545710 46171107 17733499
12 2 10036 10035 25412066 2435522058 5433062 3330951
5 13 10860 10858 25774 2441162424 1203074 1202561
14 0 10284 10280 57221 2442994264 1205541 1205200
12 5 10926 10925 971546448 2066288304 378451677 39705183
2 14 10811 10807 66627938 2429276650 18604023 6786486
2 10 10406 10400 514997 2448679916 1266070 1243577
3 8 10066 10064 134842 2449331540 1226013 1211705
7 8 10104 10103 348995 2450437346 1234308 1229659
12 6 10879 10873 365638 2450636974 1260541 1231056
1 14 10516 10512 26533 2450973188 1203071 1202626
9 2 10799 10797 41905932 2447484176 4746317 4713793
13 5 10232 10229 66865137 2447113300 6781176 6806376
13 4 10629 10629 31151 2456086758 1203152 1203014
4 10 10934 10930 21227 2456283126 1202633 1202182
6 14 10791 10786 10115 2457900318 1201538 1201251
14 0 10285 10280 28860 2458275604 1218892 1202820
13 0 10889 10888 26385575 2456633560 3410800 3412568
15 1 10485 10482 922199 2459039440 1277189 1277720
8 4 10585 10584 2253 2460514212 1200888 1200591
3 9 10023 10020 30464 2461134468 1204345 1202956
2 13 10354 10352 40801 2461635336 1236088 1203821
4 11 10723 10720 1070 2461770342 1200508 1200493
5 9 10692 10686 22948 2465851124 1279102 1202324
0 14 10954 10952 281112300 2349177372 118528326 24768857
2 14 10812 10807 2428 2466658154 1200605 1200605
14 4 10472 10471 7203482 2466293094 1800966 1804341
6 11 10436 10431 32277 2468913832 1203348 1203108
10 7 10125 10125 124591 2471020502 1210936 1210847
1 8 10157 10156 480 2471156364 1274283 1200442
1 15 10843 10839 155838 2471566772 1251106 1213466
9 3 10737 10732 278011 2475287888 1223854 1223712
2 15 10926 10919 11942266 2470764688 8962695 2201642
13 0 10890 10888 23918 2479252268 1202378 1202405
15 1 10486 10482 1934 2480222264 1200641 1200562
9 4 10659 10656 35691 2480914096 1203625 1203393
13 2 10653 10649 2012 2481549834 1200787 1200572
6 11 10437 10431 370633 2484004360 1236710 1231475
13 6 10703 10700 61537 2486622572 1205779 1205561
4 13 10740 10738 6041531 2485921054 2102929 1706923
15 2 10481 10481 9518 2487222860 1201579 1201199
6 15 10311 10307 10621 2488487246 1201954 1201291
0 9 10555 10553 1982061 2489305250 1727865 1366579
9 6 10643 10639 18605 2493699632 1242644 1201961
8 2 10297 10294 35052 2494074440 1262740 1203342
15 1 10487 10482 3377 2494773262 1200892 1200685
0 11 10630 10628 17940038 2489200576 7043822 2704496
3 15 10854 10850 2233 2495795236 1202553 1200590
6 14 10792 10786 119251 2496408274 1211473 1210400
5 11 10595 10588 8883 2496768298 1201954 1201145
5 11 10596 10588 149072 2497577476 1213930 1212901
12 6 10880 10873 406 2499245678 1214062 1200436
13 1 10084 10076 52902 2505569910 1209279 1204835
7 11 10764 10760 1131 2506096294 1200597 1200498
4 15 10356 10354 133097313 2459252534 50117244 12359281
9 2 10800 10797 2131 2508309022 1200967 1200582
1 9 10404 10400 57483411 2498393806 12365395 6019811
15 5 10189 10182 22289 2510168638 1202573 1202271
15 3 10305 10304 1547666 2511351958 1332032 1330157
12 5 10928 10925 265833 2515707412 1223018 1222688
12 6 10881 10873 678 2515884822 1200486 1200458
15 0 10679 10675 71 2517002484 1277730 1200409
1 15 10846 10839 3369 2518918980 1200793 1200684
4 8 10440 10437 189379 2518919386 1218663 1216279
7 9 10127 10126 88888 2519380614 1208883 1207852
5 10 10959 10956 19853 2519466124 1203699 1202065
5 13 10861 10858 19076669 2513553916 8183362 2799789
9 0 10180 10176 3318 2520699680 1200891 1200680
9 0 10181 10176 116717 2521010670 1210423 1210186
1 12 11000 10998 2640 2521174660 1201120 1200622
1 9 10405 10400 7631 2522877372 1222113 1201041
6 11 10438 10431 504259 2523220444 1264359 1242679
9 6 10644 10639 701 2524762754 1216966 1200459
15 1 10488 10482 813078 2528323532 1286224 1268572
10 0 10576 10573 18559 2529674452 1202416 1201957
3 15 10853 10850 150110526 2461239484 70997272 13785668
10 6 10892 10889 6647 2531521700 1201292 1200958
10 2 10053 10051 95940 2535986716 1211401 1208443
14 0 10286 10280 1864 2536061910 1200814 1200556
4 15 10357 10354 1618 2537045984 1212471 1200537
0 11 10631 10628 1820 2540022966 1200611 1200553
14 7 10456 10450 196088 2540860188 1222518 1216843
1 15 10845 10839 132268786 2515982908 26285114 12289815
14 2 10724 10719 8990924 2538842048 5568027 1954199
8 4 10586 10584 616050 2543674702 1293986 1252053
11 7 10455 10452 322865 2544514446 1408809 1227469
7 13 10938 10935 5646156 2542344086 7617631 1673776
7 9 10128 10126 757799 2548752460 1301148 1263934
2 13 10355 10352 31765 2549801522 1278837 1203064
5 10 10960 10956 2062 2550391900 1246813 1200576
5 8 10356 10350 62621 2553721106 1208773 1205651
8 5 10249 10244 4919 2554227830 1201129 1200812
2 13 10356 10352 19637 2554352104 1221681 1202047
1 15 10844 10839 99423330 2514059966 41514177 9536054
10 2 10054 10051 1842739 2554618154 1405650 1354896
6 15 10312 10307 1122461 2557130428 1323758 1294509
1 14 10517 10512 60985 2557605962 1211402 1205513
12 3 10751 10747 4334 2557666256 1200987 1200765
15 3 10306 10304 5659 2560577500 1248570 1200875
9 2 10801 10797 261577 2560668392 1297697 1222332
7 15 10385 10383 2469220 2560436716 1727373 1407422
13 4 10631 10629 1492738 2561872024 1452001 1325552
9 7 10763 10759 430376 2562531778 1236552 1236485
5 11 10597 10588 107413 2563468070 1213145 1209407
6 12 10621 10619 154387 2567003534 1215989 1213346
9 1 10243 10240 3984701 2564639158 4037346 1534478
6 13 10283 10281 330950 2568194914 1321512 1228147
1 11 10108 10108 118458 2568861012 1218562 1210333
13 3 10250 10248 127206 2569107548 1250036 1211068
15 2 10482 10481 43978 2569888424 1204398 1204087
0 12 10370 10364 17179190 2564600326 7450377 2640706
4 10 10935 10930 11460 2571106924 1202269 1201362
9 6 10645 10639 4501336 2565808674 7327786 1577794
0 10 10482 10477 1530849 2573144088 1449474 1328746
4 11 10724 10720 127720424 2541164862 33549245 11908482
3 13 10972 10970 58775 2574611240 1207607 1205328
7 8 10105 10103 871741 2576116780 1281018 1273487
11 7 10456 10452 1340408 2578741112 1373717 1312782
7 11 10765 10760 705 2581194448 1282248 1200460
0 11 10632 10628 14772 2581302060 1283854 1201639
8 7 10735 10732 2028 2581358276 1282465 1200573
14 6 10949 10944 3679062 2584840890 3712571 1508856
10 5 10210 10204 3509 2589504962 1200956 1200696
5 10 10961 10956 9433 2589665364 1201707 1201193
12 2 10037 10035 1739 2590371518 1200649 1200546
3 9 10024 10020 943006 2590545730 1381075 1279465
11 1 10395 10391 15861680 2583126442 9178756 2530244
6 8 10151 10147 1243 2592991298 1209226 1200507
11 7 10457 10452 1825 2593519000 1200588 1200553
0 8 10281 10277 9865846 2590126414 4991707 2027553
4 9 10933 10931 26304 2595340602 1203486 1202608
15 5 10190 10182 29258 2597358870 1204175 1202855
15 0 10680 10675 26168404 2577420386 21465575 3394361
4 12 10288 10284 444043 2597618266 1341552 1237632
0 9 10556 10553 1794695 2596223726 2888268 1350868
10 4 11002 10999 2016555 2597808374 1426764 1369469
12 2 10038 10035 183374 2598335738 1222898 1215776
4 11 10725 10720 944691 2598437292 1294912 1279604
2 8 10529 10526 470972 2599838552 1289381 1239886
2 12 10290 10283 15018016 2593019198 8673158 2459514
14 5 10592 10592 3456 2602264908 1201199 1200691
9 1 10245 10240 487 2602611032 1200912 1200442
4 11 10720 10720 892850376 2098647224 505169840 33107304
10 5 10211 10204 1900 2603337764 1223441 1200559
7 10 10502 10495 3891236 2602732970 2070647 1526644
7 8 10106 10103 841476 2603970808 1356592 1270951
0 9 10557 10553 1098166 2604905508 1320019 1292473
10 3 10159 10157 641126 2603954694 2607540 1254155
2 8 10530 10526 13148185 2600931830 5674251 2302746
10 1 10757 10755 7460 2608410192 1201420 1201027
10 1 10758 10755 109780 2608598320 1211406 1209604
5 8 10357 10350 31067 2608696190 1203614 1203008
15 5 10191 10182 12570437 2598532522 11612855 2254307
7 10 10503 10495 56232 2610159026 1212532 1205117
12 7 10833 10831 33185 2611382180 1206115 1203185
7 10 10501 10495 88354343 2591962106 21537485 8608030
0 12 10371 10364 255336 2614451504 1224409 1221809
9 3 10738 10732 35748 2614474608 1204758 1203398
4 14 10642 10639 274846 2615088134 1230615 1223443
2 13 10357 10352 1964 2615481618 1238188 1200564
12 1 10630 10628 559483 2617539380 1312066 1247309
10 5 10209 10204 51392702 2558744228 60203386 5509165
2 10 10407 10400 3815372 2617900132 1625635 1520283
8 0 10752 10749 688 2618733372 1200429 1200458
4 11 10726 10720 9198 2620858014 1205036 1201174
12 4 10836 10833 283062 2620933046 1238840 1224135
15 7 10043 10040 27405886 2609189990 13520639 3498109
1 12 11001 10998 237085 2621501088 1224310 1220280
13 4 10632 10629 1478 2621541734 1203766 1200525
13 7 10320 10316 171545 2621621882 1221794 1214784
15 5 10192 10182 228617 2622507634 1228405 1219568
13 0 10891 10888 1199326 2623379026 1354938 1300954
2 11 10894 10891 1362 2624121594 1200796 1200516
4 8 10441 10437 15515 2624130818 1201801 1201702
4 11 10727 10720 2004 2624332602 1200756 1200571
10 2 10055 10051 14599914 2621388752 6350567 2424457
13 1 10085 10076 5371 2628881700 1201276 1200852
4 9 10934 10931 27936 2629204788 1203488 1202742
8 2 10298 10294 111878 2629578076 1212991 1209780
15 0 10681 10675 173404 2629707960 1218740 1214940
0 15 10922 10916 28669 2629915200 1283115 1202804
10 2 10056 10051 183360 2630475436 1330931 1215775
13 0 10892 10888 26004 2631331996 1260113 1202584
11 3 10821 10819 2677 2632069248 1200895 1200625
10 3 10161 10157 357853 2633232490 1279955 1230402
9 6 10646 10639 5362079 2627266068 7368901 1649960
7 13 10939 10935 56760 2634571042 1206551 1205159
10 4 11003 10999 14417376 2626170388 9751225 2409155
3 14 10905 10902 1633560 2634798618 1362658 1337359
1 11 10109 10108 110283 2634996204 1211932 1209648
12 4 10835 10833 61968558 2603370590 32979526 6395845
5 9 10693 10686 5911106 2635149574 1796302 1695990
1 14 10518 10512 110980 2638770142 1212237 1209704
1 13 10221 10218 1610295 2638972802 1368369 1335409
1 15 10847 10839 879438 2641534056 1291936 1274134
15 4 10714 10712 1158323 2644300492 1330348 1297516
8 6 10157 10152 21699 2647899856 1203748 1202220
14 2 10725 10719 101827 2648064022 1212780 1208937
1 15 10848 10839 9397 2649717414 1282617 1201190
1 8 10158 10156 62246 2650199888 1257569 1205621
10 6 10893 10889 270769 2650924668 1311820 1223102
11 5 10559 10552 380 2651852960 1200341 1200434
15 6 10622 10621 1600753 2649461982 4422747 1334608
0 11 10633 10628 171916 2653586368 1296747 1214813
14 7 10457 10450 4610 2657460606 1264809 1200788
5 8 10358 10350 21980 2657871992 1281888 1202242
5 15 10927 10923 2176180 2658196016 1428088 1382854
10 3 10160 10157 109969238 2610886042 50726402 10420223
12 6 10882 10873 3074 2661469440 1201051 1200661
13 5 10233 10229 17535453 2653889030 9055117 2670574
9 5 10973 10967 42555898 2633763450 29754257 4768286
11 6 10580 10579 36940352 2641646224 22329899 4297481
12 0 10748 10747 2684 2663540194 1200728 1200626
2 11 10895 10891 58250114 2659451334 7002291 6084092
15 0 10682 10675 12222 2665274558 1201612 1201427
0 15 10923 10916 1006101 2666084868 1284680 1284754
1 8 10159 10156 22484 2666891184 1202971 1202287
8 3 10235 10232 280682 2668517716 1231990 1223933
14 6 10950 10944 61174834 2636611180 33178664 6329298
8 5 10250 10244 266 2669830206 1200580 1200425
7 8 10107 10103 123600 2671903878 1212504 1210764
1 12 11002 10998 7632 2672437808 1201504 1201041
9 6 10647 10639 22683 2672752836 1203191 1202302
7 11 10766 10760 18599495 2672828476 3255685 2759783
0 13 10514 10513 1491 2674929842 1200651 1200526
0 13 10515 10513 10210 2676443352 1201548 1201259
2 11 10896 10891 1512617 2676792338 1351180 1327219
14 4 10473 10471 30380 2676990552 1203153 1202949
8 7 10736 10732 27604 2677079848 1202942 1202715
2 12 10291 10283 861738 2677532152 1286779 1272649
6 11 10439 10431 29866 2678507366 1204212 1202904
7 14 10685 10684 6203268 2678129962 1841914 1720484
1 8 10160 10156 6468529 2680817118 1919184 1742723
12 5 10930 10925 15842 2682517602 1202045 1201728
5 11 10598 10588 6881830 2683592894 1919027 1777373
4 14 10643 10639 219618 2685098214 1233959 1218814
1 13 10222 10218 30347 2686311232 1212098 1202946
8 5 10252 10244 1008268 2686864600 1302562 1284936
13 3 10251 10248 182239 2687677092 1216838 1215681
0 14 10955 10952 56122 2688062458 1205408 1205108
1 13 10220 10218 448212231 2542504056 147057988 38778516
8 1 10373 10368 984 2689047954 1200535 1200482
8 5 10251 10244 11977247 2681477410 9276982 2204575
0 12 10372 10364 5579 2695568860 1200932 1200869
5 10 10962 10956 14819 2697480008 1202314 1201643
6 10 10643 10641 51377 2697928738 1206694 1204709
15 6 10623 10621 7643 2698260274 1201287 1201042
14 4 10474 10471 176713 2699639024 1234892 1215216
6 9 10884 10881 4684 2699745648 1201146 1200793
2 15 10927 10919 130679 2699822804 1212695 1211357
15 1 10489 10482 1136248 2700618932 1319114 1295665
0 10 10483 10477 8533261 2697981308 4433135 1915831
1 8 10161 10156 65453 2703439576 1214418 1205889
14 4 10475 10471 24989650 2699951564 5904516 3295533
1 15 10849 10839 105986 2705331392 1212177 1209285
7 14 10686 10684 31031 2705869100 1204380 1203005
2 13 10358 10352 194 2705992094 1206725 1200419
14 7 10458 10450 160816839 2666691046 45136744 14683284
7 12 10986 10984 6182 2714714186 1201196 1200921
1 12 11003 10998 795168 2715963188 1279676 1267070
2 13 10359 10352 13884 2717117308 1203024 1201564
4 9 10935 10931 9755 2718260368 2483965 1201218
12 1 10631 10628 11438 2720334076 1202162 1201361
2 11 10897 10891 2410505 2719013462 2940839 1402498
15 3 10307 10304 6290 2721095130 1201153 1200930
14 3 10117 10113 7854906 2719389974 5042322 1858955
0 11 10634 10628 114524 2723305618 1215011 1210003
3 14 10906 10902 14553 2726097648 2484461 1201621
14 0 10287 10280 2468 2727424656 1200636 1200608
5 11 10599 10588 30057706 2712791570 15869750 3720439
12 7 10835 10831 30376 2727863472 1205600 1202949
3 9 10025 10020 1529205 2728305388 1371675 1328611
13 1 10086 10076 32363 2732152990 1204475 1203115
7 10 10504 10495 32959236 2722268718 11097716 3963705
3 8 10067 10064 2007 2733175708 1226135 1200572
1 8 10162 10156 49825 2733202062 1232229 1204578
10 7 10126 10125 98401472 2556731796 178481706 9450381
0 10 10484 10477 30875 2735395296 1227768 1202989
11 6 10581 10579 501861 2736444874 1325012 1242476
7 14 10687 10684 1629989 2739272658 1490926 1337058
9 0 10184 10176 902 2740491324 1282087 1200476
15 2 10485 10481 412 2741120996 1200321 1200436
4 10 10936 10930 1524655 2739633608 2804358 1328228
8 5 10253 10244 108816 2741282204 1210665 1209523
12 4 10837 10833 1791 2740089854 2483123 1200550
4 10 10937 10930 2312473 2742118274 1456924 1394279
15 2 10484 10481 3803449 2739923950 4161222 1519283
2 15 10928 10919 1517210 2742952198 1417243 1327605
12 7 10836 10831 14268 2743836912 1202745 1201599
0 10 10485 10477 8120126 2742286362 4426622 1881194
5 15 10928 10923 728 2745766396 1251036 1200462
5 11 10600 10588 44244305 2733304678 13913681 4909845
1 14 10519 10512 1693 2747068024 1240691 1200543
13 4 10633 10629 424473 2748252660 1237996 1235989
8 5 10254 10244 203908 2749410718 1282789 1217496
11 1 10396 10391 252619 2750448618 1230508 1221581
4 15 10358 10354 75867 2751274328 1211182 1206761
9 5 10974 10967 1487781 2752326958 1551263 1325136
0 8 10282 10277 1358129 2753401126 2675469 1314268
13 6 10705 10700 2566 2757655500 1208922 1200616
12 7 10834 10831 178083071 2690281752 71449111 16130888
2 9 10770 10769 988804 2760880748 1323878 1283302
0 10 10486 10477 3901835 2763526322 1650944 1527530
9 1 10244 10240 174980806 2566543404 201022017 15870791
4 15 10359 10354 168018 2765645684 2509255 1214490
10 2 10057 10051 404651 2767140426 1247721 1234327
15 2 10486 10481 244919 2768476138 1264542 1220934
4 13 10741 10738 79647 2771718810 1207902 1207078
2 13 10360 10352 203807 2770517178 2507057 1217487
3 10 10460 10457 136640 2773634672 1220326 1211857
10 3 10162 10157 1878 2773904264 1254454 1200557
11 4 10363 10359 1837842 2775482842 1420611 1354485
7 14 10688 10684 2167967 2774609912 2814737 1382162
15 3 10309 10304 90187 2776425770 1223151 1207964
5 11 10601 10588 11147 2776709712 1201676 1201337
7 14 10689 10684 279995 2776759008 1226031 1223874
9 0 10182 10176 167077411 2571714638 206291319 15208172
14 6 10951 10944 398550 2777138952 1255900 1233816
15 4 10715 10712 22473 2779812918 1204300 1202286
12 5 10929 10925 209308833 2574832486 206756482 18748853
1 13 10223 10218 2859139 2777897044 4109586 1440113
4 10 10938 10930 3882 2781267690 1260517 1200725
5 9 10694 10686 19210 2781653418 1237133 1202013
5 10 10963 10956 307413 2783288386 1248070 1226175
1 10 10134 10129 7539 2785656636 1398251 1201033
6 15 10314 10307 18211 2786141930 1203988 1201929
12 7 10837 10831 2107062 2785782628 4896915 1377059
15 2 10483 10481 316667149 2706005964 84865357 27749777
9 5 10975 10967 3750 2790021386 1201006 1200715
4 10 10939 10930 4945 2792165278 1232996 1200814
10 5 10212 10204 981557 2792112286 1438356 1282695
11 5 10560 10552 13536605 2788065608 5609348 2335310
8 1 10374 10368 27519 2792470638 1285790 1202709
11 2 10916 10913 34330 2794262208 1203805 1203280
9 3 10739 10732 105716 2794782120 1211669 1209264
10 1 10759 10755 16498458 2782528966 13686138 2583632
5 15 10929 10923 1465 2795047294 1200765 1200524
7 11 10767 10760 77501 2796850496 1218624 1206899
3 14 10907 10902 39416819 2747040992 52116856 4505106
3 9 10022 10020 754794928 2368181470 431216353 21532734
9 7 10764 10759 1984380 2798243566 1393173 1366772
15 0 10683 10675 4039 2799949030 1200974 1200742
12 1 10633 10628 6889 2800022466 1201304 1200978
2 14 10813 10807 24013 2801108536 1203248 1202417
6 13 10284 10281 790166 2802219356 1309777 1266650
6 14 10793 10786 53230368 2774322122 29430186 5663236
0 13 10517 10513 28 2805547762 1251094 1200406
4 15 10360 10354 3895 2805775138 1240478 1200726
0 14 10956 10952 4997379 2804200876 4241380 1619382
5 12 10660 10657 84992 2809075036 2493422 1207525
3 11 10067 10063 101605 2809218030 2554216 1208920
4 8 10443 10437 4167393 2812946532 1615546 1549796
3 12 10241 10238 2705977 2811139366 3978738 1427269
10 0 10577 10573 1379634 2815188408 1358586 1316069
12 1 10634 10628 2584 2815696624 1274590 1200618
11 2 10917 10913 66480013 2800364648 17287970 6774088
7 13 10940 10935 81642 2817617844 1208237 1207246
9 5 10976 10967 3987591 2815320518 4228116 1534721
13 2 10654 10649 917 2819613790 1276708 1200477
4 12 10290 10284 477 2819738760 1282209 1200442
4 9 10937 10931 29950 2820049846 1285604 1202911
11 4 10364 10359 151306 2820718398 1215291 1213088
14 3 10118 10113 51410 2822318924 1206353 1204712
4 10 10940 10930 2752 2823060194 1200941 1200631
3 9 10026 10020 3544 2823906502 1200955 1200698
14 1 10550 10546 128465219 2778030644 47272295 11970926
3 13 10974 10970 66755 2824290818 1210396 1205997
14 5 10593 10592 156795 2826098182 1225735 1213546
15 1 10490 10482 124611 2827430216 1213518 1210848
6 15 10315 10307 124662 2827855852 1211544 1210852
9 1 10246 10240 6331964 2828255064 1784291 1731272
1 11 10110 10108 27107 2828951528 1266074 1202676
13 6 10704 10700 201653848 2735772862 95048846 18107059
11 3 10822 10819 9439 2832592892 1371195 1201193
12 3 10752 10747 27377 2833985762 1203153 1202697
2 8 10531 10526 96325 2832912852 2537770 1208478
10 0 10578 10573 848 2834361784 1200618 1200471
8 0 10754 10749 25258 2834438490 1204354 1202520
1 15 10850 10839 769 2836206806 1282964 1200465
8 0 10755 10749 24321 2836732256 1204470 1202441
12 0 10749 10747 63605 2836974838 1207770 1205734
14 5 10594 10592 203698 2837128186 1223288 1217479
15 3 10310 10304 1158 2837393074 1205361 1200500
3 13 10975 10970 22061 2836396086 2487220 1202253
15 4 10716 10712 21338635 2828748746 10517720 2989432
8 5 10255 10244 16747618 2826099888 13478730 2604521
11 2 10918 10913 2949 2839017062 1265257 1200647
15 4 10717 10712 3056 2839958980 1200864 1200659
13 2 10655 10649 35350 2840020250 1206982 1203366
13 6 10707 10700 50365773 2822329968 19600805 5423067
6 15 10316 10307 7658242 2832551426 10015411 1842469
11 3 10823 10819 1369759 2842722234 1383259 1315241
0 14 10957 10952 7260948 2833020648 11300843 1809158
12 6 10883 10873 114936 2843333760 1212430 1210036
3 12 10242 10238 1941589 2843150384 1495195 1363184
9 0 10185 10176 1157 2844241910 1202818 1200500
4 12 10291 10284 903827 2844211698 1305646 1276177
2 11 10899 10891 9305 2844346280 1201854 1201182
7 14 10690 10684 215610 2844345282 1232323 1218478
5 14 10445 10439 136174 2849083716 1261387 1211820
8 2 10299 10294 14490688 2846597016 7043011 2415300
1 10 10135 10129 3135 2852941950 1241216 1200666
7 13 10941 10935 15851537 2838860464 15403110 2529394
3 15 10855 10850 23360 2853358524 1203639 1202360
7 9 10129 10126 112065 2854650290 1212091 1209799
8 4 10587 10584 1025783 2855219606 1311543 1286402
0 14 10958 10952 14550008 2842017936 14522572 2420276
7 12 10987 10984 5637652 2851681746 5396202 1673062
5 12 10661 10657 14580 2856468170 1202226 1201624
3 15 10856 10850 26931 2857471720 1243367 1202658
4 11 10729 10720 236497 2857646992 1275599 1220229
13 5 10234 10229 1681723 2857605394 1612330 1341396
10 0 10579 10573 14697 2859393992 1225453 1201633
2 15 10930 10919 30481756 2846094316 14921869 3755991
5 15 10930 10923 90237094 2815081114 46294489 8765881
15 6 10624 10621 53398 2860331806 1205635 1204879
14 4 10476 10471 9712053 2859754298 2050058 2014662
4 12 10292 10284 709 2860706532 1200320 1200460
14 5 10595 10592 1098 2862666788 1200673 1200495
4 11 10730 10720 3841 2863076280 1200912 1200722
13 3 10252 10248 49808036 2851646418 12957130 5376309
5 15 10931 10923 37732 2864722946 1203991 1203564
5 15 10932 10923 667871 2866723202 1264254 1256394
6 10 10645 10641 25389660 2863102142 6511672 3329070
14 7 10459 10450 31038497 2861826590 8756474 3802669
9 6 10648 10639 62965638 2847076068 26140405 6479440
2 15 10929 10919 134661345 2761693244 111546039 12490409
14 0 10288 10280 67461 2873907264 1207335 1206058
9 4 10660 10656 11535 2874088808 1201820 1201368
2 15 10931 10919 1367 2878253370 1200636 1200517
10 2 10058 10051 1455 2880310286 1200585 1200524
4 15 10361 10354 365378 2883501008 1247855 1231035
0 10 10487 10477 63497152 2805421356 79558502 6524004
10 6 10894 10889 1616 2883958208 1200606 1200536
15 1 10491 10482 1673 2884307332 1200777 1200541
5 11 10602 10588 77 2885422800 1200504 1200410
5 14 10446 10439 46734 2887217228 1206376 1204319
5 11 10603 10588 225772 2887883548 1229177 1219329
1 13 10224 10218 130312259 2870874856 18952059 12125782
4 10 10941 10930 3982914 2889089842 1671519 1534327
7 13 10942 10935 1207751 2889990484 1308883 1301658
12 1 10635 10628 20833480 2888592678 2961539 2947080
6 9 10885 10881 5570992 2890211080 1717609 1667472
9 4 10661 10656 2812982 2891615916 1467165 1436240
1 14 10520 10512 382835 2892536886 1235190 1232497
7 11 10768 10760 830 2892724672 1200562 1200470
9 6 10649 10639 26349 2894698226 1205550 1202611
6 12 10622 10619 66729 2897402444 1206928 1205995
0 13 10516 10513 147801402 2709906794 191569280 13592071
5 12 10662 10657 414123 2902356378 1298350 1235123
12 3 10753 10747 142231 2903597254 1215870 1212327
11 2 10919 10913 6929959 2902721850 4921064 1781407
9 5 10977 10967 29362014 2894633606 13640602 3662115
8 3 10236 10232 256786 2907165588 1236375 1221929
2 8 10532 10526 24632939 2904160626 5991884 3265625
15 2 10487 10481 709429 2909445558 1290567 1259880
8 7 10737 10732 26230122 2893827862 17195949 3399536
1 13 10225 10218 11150789 2908953598 2275873 2135282
15 7 10044 10040 618843 2910073240 1261219 1252284
8 5 10256 10244 10558 2910583456 1201734 1201286
7 13 10943 10935 357352 2911847708 1259284 1230362
0 15 10924 10916 1306 2913123190 1200758 1200512
8 1 10375 10368 1843026 2913741776 1447622 1354923
9 1 10247 10240 92153 2914792588 1213046 1208129
15 0 10684 10675 19019 2915846312 1205436 1201998
13 1 10087 10076 31989374 2911432716 6839750 3882391
2 14 10814 10807 595486 2917664364 1341934 1250327
13 6 10706 10700 185563562 2807054554 112171199 16758050
12 3 10754 10747 266322 2918875748 1241591 1222731
3 13 10973 10970 248306639 2697327640 223660874 22018430
0 13 10518 10513 1063513 2920077930 1364504 1289566
8 4 10588 10584 865 2921203248 1200540 1200473
14 7 10460 10450 287525 2921759308 1229092 1224507
2 9 10771 10769 435 2922634104 1200490 1200438
0 8 10283 10277 258618 2922992980 1228680 1222084
9 1 10248 10240 684 2923378982 1200507 1200458
12 6 10884 10873 1232 2923750468 1218019 1200506
12 3 10755 10747 91746 2924359748 1247706 1208092
15 3 10311 10304 39808 2924801518 1204220 1203738
6 11 10440 10431 3655912 2924292696 2169395 1506912
1 11 10111 10108 29687 2925410522 1204096 1202890
7 10 10495 10495 1588390271 2047512276 879606530 5522024
4 12 10293 10284 165 2926388550 1200542 1200417
7 13 10944 10935 82408 2928459970 1210358 1207311
10 6 10895 10889 13633 2928892420 1201856 1201544
3 14 10908 10902 779 2929592338 1200663 1200466
10 1 10760 10755 595898 2929810548 1250461 1250360
14 5 10596 10592 8960 2930272088 1201557 1201151
8 7 10734 10732 217606493 2580805700 350678499 19444530
7 13 10945 10935 45952 2930345156 1206467 1204252
9 7 10765 10759 401824 2930339322 1237599 1234089
8 5 10257 10244 3690 2931349500 1200835 1200710
5 11 10604 10588 336934 2932147302 1239398 1228648
6 13 10285 10281 10286 2933408832 1201848 1201265
11 0 10170 10163 15672 2934398060 1202303 1201715
7 15 10386 10383 2057 2936044842 1200869 1200576
2 13 10362 10352 13196545 2933933774 4093650 2306800
2 12 10292 10283 242524 2937434140 1252417 1220735
15 3 10312 10304 432081 2938079356 1241218 1236629
4 14 10644 10639 633449 2938031436 1294840 1253510
1 10 10133 10129 140966300 2746087794 194357447 13019017
13 5 10235 10229 16620 2940088218 1202879 1201794
1 8 10163 10156 497120 2940094510 1253548 1242081
5 10 10964 10956 2255136 2941409520 1460267 1389473
13 0 10893 10888 714931 2942834720 1277957 1260340
15 5 10193 10182 4777 2943862400 1201144 1200801
4 11 10731 10720 14378 2945646734 1202983 1201607
12 2 10039 10035 1428 2946077656 1259742 1200521
2 12 10293 10283 22601 2946613690 1355348 1202296
12 6 10885 10873 33838 2947573454 1203466 1203237
11 4 10365 10359 11202 2947636564 1201752 1201342
14 0 10289 10280 40309 2950372220 1256670 1203782
3 15 10857 10850 241 2950525890 1200452 1200423
5 8 10359 10350 5781649 2949357364 4892038 1685134
0 11 10635 10628 271 2954920962 1250400 1200425
15 3 10313 10304 644004 2955990142 1277109 1254397
15 3 10314 10304 9454 2956088784 1213097 1201194
4 11 10728 10720 172019638 2833389344 126112538 15622527
5 8 10360 10350 55065 2958935046 1206120 1205020
4 12 10294 10284 1993 2960166122 1200872 1200567
12 7 10838 10831 93052 2960876038 1220325 1208205
11 1 10397 10391 76567 2961521612 1292199 1206821
3 8 10070 10064 323656 2963335364 1317735 1227536
1 8 10164 10156 15584 2963474586 1274034 1201708
15 5 10194 10182 5975 2964588364 1267703 1200901
12 2 10040 10035 193493 2963664344 2606328 1216624
12 2 10041 10035 21971 2965693878 1202435 1202242
15 1 10492 10482 183917 2969401028 1278735 1215819
3 8 10069 10064 12324021 2958011044 13675048 2233649
12 1 10636 10628 301865 2971169024 1231083 1225708
13 4 10634 10629 3086185 2966809804 7163171 1459148
8 7 10738 10732 2503272 2973894258 1509414 1410277
2 15 10932 10919 113638 2975878152 1219478 1209928
12 0 10750 10747 7665007 2966857948 11112429 1843038
1 9 10406 10400 109864 2977186464 1237673 1209611
2 9 10772 10769 435658 2980033916 1326689 1236926
2 14 10815 10807 12695 2980127392 1262909 1201465
2 13 10361 10352 301451833 2910049948 71360659 26474122
15 6 10626 10621 19626 2980354818 1236320 1202046
5 14 10447 10439 232545 2985194452 1228275 1219898
2 15 10933 10919 210392 2985314182 1227001 1218041
2 11 10900 10891 4816 2985571348 1201314 1200804
8 2 10300 10294 54787351 2963447938 24838616 5793774
15 6 10625 10621 45126895 2954400010 35530706 4983839
2 9 10773 10769 6726849 2990874210 1839593 1764379
8 7 10739 10732 122909 2991541206 1223083 1210705
14 5 10597 10592 6001 2991768378 1201373 1200906
4 9 10938 10931 802 2991866960 1200758 1200468
5 12 10663 10657 33580141 2984192988 10767085 4015762
2 11 10901 10891 4334454 2993755758 1699356 1563802
15 0 10685 10675 18425 2996708842 1203217 1201946
2 10 10408 10400 6608 3000408178 1271673 1200955
13 5 10236 10229 103999856 2947821534 55168759 9919748
3 14 10909 10902 1937172 3001779370 1486805 1362815
14 5 10598 10592 3645 3002323836 1200935 1200706
4 14 10645 10639 4288 3003650684 1201142 1200762
7 8 10108 10103 24900 3006290274 1222017 1202488
0 14 10959 10952 3059 3007357752 1282640 1200660
7 9 10130 10126 29117723 3000239560 10135525 3641630
4 13 10742 10738 4911 3011664548 1201104 1200812
11 0 10171 10163 7596192 3010053134 2905738 1837267
5 9 10695 10686 7723 3012225032 1201419 1201048
5 11 10605 10588 21230 3012493346 1202744 1202182
11 7 10458 10452 207134 3018106886 1224702 1217769
2 13 10363 10352 34724048 3001842442 18000116 4111667
3 15 10858 10850 22128 3018857898 1210159 1202258
1 15 10851 10839 6499 3019034754 1215925 1200946
15 3 10315 10304 247147 3019906904 1263357 1221124
1 13 10226 10218 112620645 2956990034 64238110 10642516
11 4 10366 10359 2436961 3020716706 2892194 1404714
6 12 10623 10619 6298 3024868456 1201475 1200930
10 7 10127 10125 3977 3030332804 1200930 1200733
10 2 10060 10051 1026 3031147536 1200749 1200489
14 5 10599 10592 30222053 3016720006 18132462 3734220
3 14 10910 10902 50793 3033431388 2489522 1204659
6 14 10795 10786 1784722 3034033912 2889015 1350032
15 6 10627 10621 183808 3036748370 1223349 1215811
6 14 10796 10786 54569 3038229172 1309688 1204976
10 7 10128 10125 893231 3041524886 1292575 1275291
0 14 10960 10952 489615 3042190550 1249128 1241450
3 10 10461 10457 3521 3042596234 1201092 1200697
9 4 10662 10656 79833 3042589116 1228574 1207093
4 12 10295 10284 71439877 2995759820 48549853 7189919
0 13 10519 10513 153497 3043353874 1258637 1213271
8 0 10757 10749 3722 3043604010 1201525 1200713
7 12 10989 10984 151094 3044582554 1287387 1213071
9 5 10978 10967 84217 3044816770 1246401 1207463
6 11 10441 10431 44860 3045109924 1272288 1204161
15 6 10628 10621 110883 3045181516 1278629 1209696
4 8 10444 10437 7362 3046771446 1201707 1201019
15 3 10316 10304 219448 3047100720 1220835 1218800
1 9 10407 10400 2307 3048623198 1286731 1200596
11 3 10824 10819 14233 3048776040 1237632 1201596
15 0 10686 10675 32306766 3035412814 14701664 3909000
5 15 10933 10923 228618 3048586142 2532999 1219568
4 13 10743 10738 1856440 3050362512 1410987 1356046
2 13 10364 10352 18228 3052655774 1320469 1201931
0 8 10285 10277 38686 3051594602 2548728 1203644
0 11 10637 10628 195053 3053793270 1220775 1216756
2 9 10774 10769 7884 3054382344 1206497 1201061
6 9 10886 10881 4623507 3051025828 4581158 1588036
5 11 10606 10588 26249 3055506838 1329120 1202603
6 8 10152 10147 30069457 3042283974 15269019 3721425
5 11 10607 10588 35495 3057132698 1203840 1203377
2 15 10934 10919 469832 3058537036 1304571 1239791
11 6 10582 10579 458774 3058940426 1278105 1238864
3 14 10911 10902 23124581 3047866658 12787789 3139166
11 0 10172 10163 513579 3060710854 1249231 1243460
3 12 10244 10238 1979 3061003344 1200874 1200566
5 12 10664 10657 824576 3061687994 1302539 1269534
8 4 10590 10584 174049 3062751700 1258487 1214995
4 11 10732 10720 1285 3063345490 1282176 1200510
0 11 10638 10628 3439 3063840642 1245895 1200690
12 7 10839 10831 3154 3064028278 1281247 1200667
9 4 10663 10656 432127 3064722900 1255983 1236632
10 0 10580 10573 2626287 3063034152 3961375 1420590
11 6 10583 10579 23864 3066039936 1257396 1202401
14 0 10290 10280 5799 3069333488 1259793 1200886
13 5 10237 10229 31164 3070995268 1251512 1203016
8 0 10758 10749 10117 3071695664 1202391 1201251
12 5 10931 10925 7523824 3068638456 4615796 1831198
2 10 10409 10400 26946090 3065115346 10607617 3459563
13 0 10894 10888 20344900 3065738010 10396259 2906116
13 3 10253 10248 5944109 3073388878 3573564 1698757
3 14 10912 10902 4142018 3075462868 1575669 1547670
1 13 10227 10218 1588 3076185226 1200748 1200534
0 9 10558 10553 442988 3076472752 1240521 1237540
2 14 10816 10807 1484 3078271572 1200778 1200526
11 7 10459 10452 3 3079135194 1200565 1200404
0 14 10961 10952 18389305 3070363840 10157916 2742162
13 7 10321 10316 326805 3080561062 1234327 1227800
11 3 10825 10819 1928424 3080838680 1421657 1362081
13 1 10088 10076 762755 3080946260 1326580 1264350
5 14 10448 10439 8367657 3080338144 4752713 1901945
13 5 10238 10229 301564 3086453246 1238201 1225684
9 0 10186 10176 10555 3086801292 1201944 1201286
0 12 10373 10364 790 3086881002 1200753 1200467
15 3 10317 10304 17129900 3081896472 6829429 2636571
3 11 10068 10063 3546049 3084802560 4002751 1497704
11 2 10920 10913 1163 3088052676 1243515 1200500
4 15 10362 10354 25144426 3067427412 22085587 3308510
12 4 10838 10833 804 3089512900 1200573 1200468
1 12 11004 10998 35402 3089794126 1204339 1203370
10 5 10213 10204 1001 3090214708 1200798 1200487
7 12 10990 10984 6618 3092914534 1223820 1200956
13 7 10322 10316 2532105 3092726606 1540406 1412695
11 5 10561 10552 3504 3094075702 1200852 1200695
10 0 10581 10573 6001490 3094349778 2268162 1703566
8 4 10591 10584 3833994 3097255668 1783909 1521842
12 5 10932 10925 6287035 3095593112 4695980 1727508
12 0 10751 10747 10239 3099599164 1265492 1201261
15 2 10489 10481 2450 3099853246 1282636 1200607
3 15 10860 10850 58334 3101968952 1207804 1205293
1 10 10136 10129 3619320 3101743456 1543380 1503846
12 6 10886 10873 119238053 3002449410 101381553 11197322
3 15 10859 10850 33547259 3087944950 17433349 4013005
12 7 10840 10831 3883 3104640176 1200876 1200726
12 5 10933 10925 63778 3104810566 1207019 1205748
14 3 10119 10113 2279 3105304036 1200819 1200593
0 10 10488 10477 32951382 3094902782 12229308 3963046
1 8 10165 10156 213048 3106031464 1224148 1218265
13 5 10239 10229 24584 3106141002 1203247 1202462
3 15 10861 10850 1813256 3108213498 1422607 1352426
5 13 10862 10858 35476 3109698400 1205071 1203376
1 8 10166 10156 341 3111079708 1200365 1200431
7 10 10505 10495 42471325 3102979816 9932362 4761198
9 0 10187 10176 5344 3114379730 1235827 1200850
14 7 10461 10450 5523 3114470630 1242485 1200864
15 5 10195 10182 322313 3115219500 2530527 1227425
0 11 10639 10628 10481 3117992620 1201528 1201280
0 8 10286 10277 166506 3118211916 1216801 1214361
13 5 10240 10229 899219 3118389106 1303919 1275793
0 9 10559 10553 27462 3121764502 1205052 1202704
1 9 10408 10400 6831757 3121076094 1910448 1773175
1 13 10228 10218 965 3125527704 1200674 1200481
13 7 10323 10316 845221 3125477680 1354984 1271266
0 15 10925 10916 56119 3125664804 1205863 1205108
6 14 10797 10786 40983 3126786618 1205859 1203836
11 5 10562 10552 801 3127177592 1200532 1200467
12 6 10887 10873 7989045 3127048592 1873533 1870205
6 10 10646 10641 68731224 3022055966 107718679 6962828
2 14 10817 10807 32896 3130773438 1204285 1203158
3 10 10462 10457 636880 3130983124 1264372 1253796
6 10 10647 10641 9801 3131807964 1203682 1201222
2 15 10935 10919 4826365 3131736530 1680632 1605044
1 10 10137 10129 65917 3133395374 1209952 1205926
11 3 10826 10819 75072 3134007362 1213742 1206697
14 6 10952 10944 49483 3136694270 1204906 1204550
10 6 10896 10889 11796 3140443794 1201903 1201389
6 12 10624 10619 852313 3142523798 1363762 1271860
4 9 10936 10931 262014262 2809471992 336244678 23167678
8 4 10592 10584 9047 3146443808 1201695 1201162
4 10 10942 10930 41595 3146882238 1205001 1203888
1 15 10852 10839 5160693 3147137902 1813427 1633073
15 1 10493 10482 53641 3148036356 1207566 1204898
10 5 10214 10204 328 3149699962 1257710 1200430
5 14 10449 10439 164297 3151618736 1219574 1214177
2 15 10936 10919 20868 3152104192 1202852 1202150
6 10 10648 10641 654452 3152858964 1273944 1255271
15 4 10718 10712 13487 3152969342 1202067 1201532
11 6 10584 10579 36836 3153697164 1207510 1203488
6 8 10153 10147 50596 3153903500 1206797 1204643
12 5 10934 10925 16357 3155415942 1213339 1201773
10 2 10059 10051 260085416 2935465884 222428459 23005963
6 15 10317 10307 124 3156753242 1200465 1200413
8 4 10593 10584 151293 3162130296 1274112 1213087
12 4 10839 10833 11036 3162865040 1212808 1201328
1 8 10167 10156 181966 3163052662 1258758 1215656
14 7 10462 10450 3912517 3161103944 3927325 1528427
9 3 10740 10732 86838218 3110468596 55242095 8480919
5 12 10665 10657 18486744 3157939792 8691818 2750329
8 5 10258 10244 210024936 3022505658 145084854 18808890
2 8 10533 10526 373346 3166417494 1242595 1231703
7 11 10769 10760 6181 3167508726 1201486 1200921
7 13 10947 10935 443 3168162466 1200684 1200439
3 14 10913 10902 28657 3169676720 1204254 1202803
3 12 10245 10238 85236 3171934456 1210819 1207549
7 12 10988 10984 114929648 3023388780 153505862 10836103
10 2 10061 10051 661728 3174971204 2583461 1255880
10 6 10897 10889 105257 3177307074 1233013 1209227
14 6 10953 10944 115 3183553712 1200575 1200413
12 4 10840 10833 599 3184782598 1200537 1200451
9 3 10741 10732 15387 3185152980 1203773 1201692
14 5 10600 10592 494073 3186848634 1265468 1241826
12 0 10752 10747 122598626 3120430768 68294930 11479070
5 15 10934 10923 6501 3188711196 1201350 1200946
8 3 10237 10232 121579 3188777976 1218216 1210594
0 15 10926 10916 38804 3190595748 1204864 1203654
2 14 10818 10807 4835831 3187544198 4724741 1605836
2 14 10819 10807 9346 3191283108 1201708 1201186
4 11 10733 10720 12819 3191381988 1202172 1201475
8 5 10259 10244 19172 3191715764 1203574 1202010
5 13 10863 10858 189798 3193086948 1271242 1216313
2 8 10534 10526 6477 3194148978 1243362 1200945
0 10 10489 10477 4705 3197027108 1214218 1200795
11 5 10563 10552 5047 3197335516 1262618 1200826
0 8 10284 10277 236673257 2976330014 223158425 21043088
4 15 10363 10354 5397 3198400490 1201021 1200854
7 13 10948 10935 878 3199046748 1200755 1200474
12 5 10935 10925 5024 3201523642 1246875 1200824
9 7 10766 10759 18542713 3193373096 12230229 2755022
0 14 10962 10952 201957 3204502866 1224790 1217332
13 3 10254 10248 35013211 3196267992 10081333 4135910
13 3 10255 10248 852 3206555940 1259650 1200472
12 5 10936 10925 7540286 3205952920 1891122 1832580
3 8 10071 10064 1643674 3206957204 1440102 1338206
13 4 10635 10629 49331 3207370608 1205606 1204538
14 3 10120 10113 2930535 3207993780 1472289 1446097
14 7 10463 10450 1949130 3208955166 1436185 1363818
14 4 10477 10471 122738 3209787356 1265597 1210691
12 2 10042 10035 333075 3211445428 1242437 1228328
11 5 10564 10552 237 3212114998 1200529 1200422
12 5 10937 10925 50555 3212781134 1206111 1204640
3 15 10862 10850 16361095 3206070108 9285600 2572117
5 13 10864 10858 3579 3216468394 1201146 1200701
13 0 10895 10888 80299 3220799106 1208917 1207134
8 3 10238 10232 1205158 3221247066 1449564 1301443
11 0 10174 10163 62853 3222229388 2515798 1205670
15 4 10719 10712 59650 3223515474 1230054 1205402
15 6 10630 10621 1018245 3223877806 1372432 1285772
5 11 10608 10588 1847 3227538270 1244306 1200555
8 4 10589 10584 171127339 3055984464 172990533 15547718
0 12 10374 10364 21765314 3223220674 6319380 3025206
5 12 10666 10657 401742 3228402954 1306912 1234083
15 0 10687 10675 6386079 3225932442 4483595 1735812
14 5 10601 10592 169601 3230461372 1220962 1214620
11 5 10565 10552 22363856 3218404606 13759000 3075386
5 13 10865 10858 25879871 3221499818 12095478 3370168
9 2 10802 10797 56716765 3208984398 25034938 5955534
9 5 10979 10967 14590 3236337210 1202180 1201624
10 0 10582 10573 64077428 3218054638 22129972 6572653
7 14 10691 10684 2866674 3238752162 6819328 1440743
4 13 10744 10738 7666 3245140648 1208106 1201044
8 1 10376 10368 193654 3246683916 1219495 1216637
5 13 10866 10858 60272 3247623244 1206125 1205456
3 8 10072 10064 771135 3246274962 2587828 1265055
8 5 10260 10244 30815387 3247663556 4955847 3783964
8 5 10261 10244 14335994 3249895330 3409314 2402329
14 0 10291 10280 39947 3253278906 1204927 1203749
7 13 10950 10935 1248 3253537726 1200803 1200507
7 13 10951 10935 6967 3254258872 1201308 1200984
7 15 10387 10383 90219 3257611488 1249244 1207966
6 13 10286 10281 382080 3258194796 1266434 1232437
11 0 10173 10163 243306608 3138593132 121176804 21599227
15 1 10494 10482 67390 3259127884 1227818 1206052
4 8 10445 10437 2653 3260072824 1201108 1200623
3 9 10028 10020 127457 3260514970 1254506 1211088
2 15 10937 10919 294000 3263016874 1233615 1225048
15 6 10631 10621 378071 3263747054 1246037 1232101
4 8 10446 10437 2206 3264446536 1207244 1200588
10 2 10062 10051 5621461 3260933692 4906169 1671705
4 8 10447 10437 47531 3265430148 1209499 1204386
6 8 10154 10147 22573 3266422008 1214611 1202294
1 8 10169 10156 9980 3267399218 1260363 1201236
13 1 10090 10076 6465581 3266583168 2489460 1742475
8 5 10262 10244 1047069 3269563620 1331003 1288189
13 6 10708 10700 40353 3271391104 1288639 1203785
4 9 10939 10931 58192340 3238281164 34836116 6079248
4 8 10448 10437 88745 3272768478 1210580 1207841
2 10 10410 10400 595322 3273373190 1258641 1250314
5 10 10958 10956 831456135 2495412892 779489422 27960012
7 14 10692 10684 2859836 3273810274 1592481 1440169
13 3 10256 10248 246379 3275000176 2606174 1221058
2 11 10898 10891 400628094 2804418264 473295176 34789062
14 6 10954 10944 820614 3279054964 1280893 1269201
13 0 10897 10888 80960 3279496524 1211035 1207187
3 9 10029 10020 272 3280846192 1261575 1200425
6 14 10798 10786 3314 3281513552 1201071 1200680
5 8 10361 10350 24084 3281780676 1204913 1202422
13 2 10659 10649 7668 3284304794 2693900 1201044
10 0 10583 10573 97096 3285987906 1327435 1208544
6 14 10799 10786 4915 3289359388 1216883 1200812
5 11 10609 10588 2507778 3286688848 3920994 1410652
3 11 10069 10063 1578 3290106470 1321553 1200533
5 13 10867 10858 23720693 3284963640 6758292 3189144
13 0 10896 10888 9165717 3274606362 17393426 1968854
6 9 10887 10881 137377 3290742258 1294090 1211920
15 7 10045 10040 41832 3290902942 2489328 1203907
9 4 10664 10656 286 3292212166 1200475 1200426
6 13 10287 10281 9999 3293441452 1201948 1201238
4 8 10449 10437 9501795 3284280204 10690924 1997031
11 4 10368 10359 15377241 3283473126 12639174 2489630
5 13 10868 10858 201351 3297037792 1229056 1217283
11 1 10398 10391 24520 3297663542 1203810 1202457
9 7 10767 10759 31028231 3270620736 28416305 3801809
8 0 10759 10749 358639 3301485870 1241609 1230469
5 13 10869 10858 4067010 3302653944 1755079 1541381
7 14 10693 10684 190544 3305605980 1295356 1216376
3 9 10030 10020 13664 3304645900 2484542 1201546
1 15 10853 10839 63939 3304684492 2491036 1205760
13 2 10657 10649 31604351 3274544524 33180794 3850111
1 10 10138 10129 1171 3309502048 1272802 1200501
4 11 10734 10720 342470 3308657688 2542273 1229114
1 11 10112 10108 9541 3308810378 2510419 1201201
5 13 10870 10858 25452 3309080430 2527604 1202536
9 1 10249 10240 106965 3311126418 1215010 1209368
10 7 10130 10125 28866 3312213522 1205594 1202820
8 0 10753 10749 408386228 2826488784 488940377 35439504
4 13 10746 10738 18484 3315300996 1202969 1201951
11 6 10585 10579 6370 3315365958 1201406 1200936
13 4 10636 10629 1008113 3316098884 1405467 1284923
1 12 11005 10998 3252825 3318248486 1542661 1473117
6 10 10649 10641 435201 3317908102 2548842 1236890
1 15 10854 10839 35804 3319767686 1255628 1203402
10 1 10761 10755 181899 3319832150 1228392 1215650
1 8 10170 10156 36917677 3304292480 17607916 4295579
3 11 10070 10063 432 3320795644 1226243 1200438
7 10 10507 10495 2341 3321441676 1200977 1200598
5 10 10965 10956 31055281 3300582866 23361440 3804077
3 15 10863 10850 15744 3322847574 1202606 1201720
10 0 10584 10573 314350 3324651714 1260190 1226757
6 13 10288 10281 14131 3324821076 1268136 1201588
2 8 10535 10526 2485367 3326450758 1479433 1408775
8 6 10158 10152 4842 3326765328 1268178 1200806
1 14 10522 10512 187772 3328708514 1261470 1216143
14 2 10726 10719 14067 3329236124 1271399 1201582
7 15 10388 10383 10871 3330200692 1222311 1201311
6 13 10289 10281 359848 3330879838 1412868 1230570
11 7 10460 10452 165720 3331511550 1301503 1214295
4 9 10940 10931 3316031 3331979408 1555461 1478419
1 15 10855 10839 341579 3332738330 1231894 1229039
0 10 10491 10477 1853723 3332980312 1366606 1355817
14 7 10465 10450 52223567 3309231832 26929334 5578825
8 1 10377 10368 269 3335103336 1200512 1200425
1 14 10523 10512 8581 3335144360 1201820 1201121
6 14 10800 10786 33003738 3325536758 12108537 3967434
11 1 10399 10391 42862 3336446136 1205965 1203994
10 2 10063 10051 69112 3337628468 1238168 1206197
7 8 10109 10103 599870 3337739354 1358512 1250693
3 12 10246 10238 30473 3338187800 1284551 1202956
15 6 10632 10621 11694 3339338704 1201771 1201381
7 14 10694 10684 738322 3340130674 1297654 1262303
5 12 10667 10657 10149992 3338632258 6355535 2051375
4 10 10943 10930 51057 3344341812 1219364 1204684
1 15 10856 10839 218590 3345055712 1308944 1218728
9 5 10980 10967 35739 3345247174 1230481 1203397
9 6 10651 10639 28004 3345898378 2510854 1202751
13 2 10660 10649 1804523 3348663314 1421367 1351693
4 9 10941 10931 24621573 3342945428 7261257 3264674
11 0 10175 10163 373 3349254134 1236689 1200433
11 4 10369 10359 11225050 3342522400 8675796 2141511
10 4 11007 10999 220277 3350322434 1228956 1218870
4 14 10646 10639 4947033 3350321708 1673897 1615162
7 12 10991 10984 12519 3350936742 1201948 1201451
15 5 10196 10182 1954 3351839382 1250163 1200564
10 6 10898 10889 376313 3352055234 1249794 1231952
7 9 10131 10126 652079 3352258442 1317164 1255073
9 7 10768 10759 22777 3352964760 1203213 1202310
10 5 10215 10204 227970 3354611498 1279939 1219513
7 9 10132 10126 47291 3354891330 1206653 1204367
8 5 10263 10244 53083 3355209328 1337036 1204854
2 12 10288 10283 1041314136 2352693624 1004046927 2604834
4 12 10296 10284 885011 3355600160 1358007 1274603
5 9 10697 10686 148799 3356831500 1224542 1212876
8 5 10264 10244 694949 3360134404 1274947 1258664
6 9 10888 10881 5995 3361169552 1201217 1200902
2 9 10775 10769 49392 3365130152 1212898 1204543
12 3 10756 10747 19430715 3358760520 12366085 2829472
3 13 10976 10970 1185136 3370549332 1318209 1299765
3 15 10864 10850 953576 3372354794 2696085 1280349
4 12 10297 10284 41435 3374361692 1205324 1203876
5 12 10668 10657 55464858 3355613072 21905018 5850574
1 12 11006 10998 26171925 3368421300 11096268 3394654
7 11 10770 10760 60936 3378450712 1207263 1205509
5 13 10871 10858 42879 3379661334 1286699 1203995
3 11 10071 10063 61242 3379829998 1285401 1205537
7 15 10389 10383 942020 3380451686 1310931 1279382
7 11 10771 10760 27945 3381379260 1204954 1202743
9 2 10803 10797 3443 3381460246 1201167 1200690
6 11 10443 10431 14569749 3377111152 5640851 2421928
13 5 10241 10229 230325 3381854102 1226025 1219713
15 4 10720 10712 3629589 3379960550 3978378 1504706
11 4 10370 10359 7942 3383415398 1282440 1201066
8 5 10265 10244 249223 3384572462 1233382 1221297
10 0 10586 10573 68483 3383293918 2512061 1206143
8 0 10760 10749 2097918 3385569148 1655125 1376289
8 6 10159 10152 4563294 3383026726 4323203 1582989
9 7 10769 10759 1262953 3387637814 1369040 1306286
6 13 10290 10281 5701133 3388255010 2646411 1678386
1 14 10524 10512 44422 3389962914 1281493 1204126
10 7 10131 10125 8170757 3379377046 11998792 1885437
12 0 10754 10747 30424 3392346174 1286046 1202952
15 4 10721 10712 20576 3393948616 1202917 1202126
4 13 10747 10738 4040326 3397768796 1589466 1539143
12 0 10753 10747 83417945 3338124824 61860744 8194160
1 9 10409 10400 407338 3399136946 1290419 1234553
4 9 10942 10931 10977723 3389636282 11401232 2120773
1 11 10113 10108 5556390 3398590036 2550970 1666250
5 9 10698 10686 16215457 3387057704 16487810 2559906
6 11 10442 10431 75858999 3351050680 56731483 7560418
4 15 10364 10354 4392 3407475202 1201276 1200770
11 6 10586 10579 6258 3409265938 1279890 1200927
7 13 10952 10935 61916952 3399920056 11223261 6391517
4 9 10943 10931 13227 3416327488 1201827 1201511
6 9 10889 10881 222013 3418903572 1302301 1219017
12 7 10841 10831 639080 3421123154 1262389 1253984
14 0 10292 10280 8569972 3411911818 11405599 1918906
10 6 10900 10889 11276036 3407019426 17531174 2145786
7 12 10992 10984 36476 3423533238 1204823 1203460
9 1 10250 10240 984411 3424779880 1322902 1282935
0 9 10560 10553 7970 3425582428 1201672 1201068
1 13 10229 10218 317309 3425585870 1234212 1227005
10 4 11006 10999 93256731 3325756402 102490233 9019045
10 5 10216 10204 24893 3427687528 1215896 1202487
10 1 10762 10755 4535 3427731704 1209060 1200782
0 8 10288 10277 1415654 3428171248 1456262 1319089
3 14 10914 10902 118597 3428473258 1251941 1210344
7 8 10110 10103 672013 3430799254 1379446 1256745
3 8 10073 10064 258446 3431918196 1236584 1222070
4 14 10647 10639 27736 3432503492 1203511 1202726
15 6 10633 10621 3165619 3430817986 3950130 1465806
11 5 10566 10552 1552070 3435119154 1395990 1330529
7 12 10993 10984 902 3436004124 1200767 1200476
9 3 10742 10732 11391704 3428148634 9227060 2155481
12 1 10637 10628 187080 3438752276 1220617 1216088
10 2 10064 10051 46848608 3402027214 40417208 5128188
14 5 10603 10592 1326623 3441095182 1410922 1311625
8 7 10740 10732 118161423 3327546880 117802234 11107055
15 4 10722 10712 174731 3447943724 1219549 1215050
0 8 10289 10277 126940 3448337460 1214383 1211042
10 4 11008 10999 860 3449673022 1200750 1200472
14 0 10293 10280 1042050 3454451778 1378484 1287769
5 14 10450 10439 1039 3454814284 1206156 1200490
9 5 10981 10967 5044509 3451348464 4857558 1623333
8 7 10741 10732 27350 3455195660 1204056 1202695
5 9 10699 10686 64189 3456448104 1318787 1205784
11 0 10176 10163 3193 3457176614 1270385 1200670
7 9 10134 10126 251010 3457491416 1244677 1221448
11 6 10587 10579 1902 3457517700 1238055 1200559
14 7 10466 10450 3432788 3456372522 4033302 1488205
2 10 10411 10400 48222 3460312886 2492391 1204445
7 13 10949 10935 208665915 3233460574 229770275 18694950
12 6 10888 10873 45670 3462176034 1206176 1204230
0 12 10375 10364 3907135 3460063290 4009454 1527977
8 6 10160 10152 154553 3463574232 1219779 1213359
10 0 10587 10573 34824619 3452764558 12607839 4120097
7 9 10133 10126 19605096 3455481980 10377083 2844094
4 12 10298 10284 155183 3465920172 1218300 1213413
10 3 10163 10157 129302392 3376207590 93547937 12041114
0 8 10290 10277 232541 3469766274 1228450 1219898
2 12 10294 10283 3634 3470083872 1201097 1200706
7 13 10953 10935 161440 3471307214 1254749 1213937
2 12 10295 10283 87542 3471920372 1285180 1207741
9 0 10188 10176 6019 3472749488 1201267 1200908
7 10 10508 10495 1984 3473937674 1201079 1200566
6 11 10444 10431 201117 3474298396 1217849 1217265
0 14 10963 10952 487177 3474584898 1244937 1241248
8 3 10239 10232 3969 3474879114 1201143 1200732
10 6 10899 10889 188185927 3353670208 122805992 16977908
3 12 10247 10238 24954015 3467441928 10953780 3292548
10 2 10065 10051 42146 3477550496 1206618 1203936
1 11 10114 10108 20855 3478249556 1203361 1202149
14 4 10478 10471 147310 3478264658 1222064 1212753
12 4 10841 10833 60069 3479876798 1207304 1205439
10 2 10066 10051 80601 3479920418 1212302 1207159
8 5 10266 10244 8981 3480508346 1201394 1201153
15 0 10688 10675 1322924 3482481064 1339541 1311314
8 3 10240 10232 4830880 3480532406 3903839 1605421
4 8 10450 10437 45093 3483280630 1206528 1204184
7 10 10509 10495 312704 3484388772 1295141 1226618
2 12 10296 10283 87660 3484755626 1210542 1207750
15 2 10490 10481 229018 3485066046 1270512 1219604
14 5 10604 10592 19840 3485407994 1203578 1202064
6 13 10291 10281 75540 3485452986 1210430 1206735
2 8 10536 10526 146564078 3392612468 94363672 13488335
14 6 10955 10944 53451 3484848020 2491978 1204883
11 6 10588 10579 642160 3486384782 1273124 1254241
1 12 11007 10998 1861485 3486710150 1484413 1356468
10 5 10217 10204 1627572 3484653814 3681804 1336857
9 3 10743 10732 6884694 3484305196 4616570 1777613
14 6 10956 10944 7851 3489391806 1201959 1201058
11 7 10461 10452 2965 3489793750 1252234 1200648
12 0 10755 10747 22073 3489883376 1241472 1202254
4 11 10735 10720 16141 3497737782 1241605 1201756
14 0 10294 10280 102414 3497682332 1300015 1208988
3 14 10915 10902 9847 3497779806 1247664 1201226
7 8 10112 10103 226405 3498038204 2514154 1219384
4 11 10736 10720 7697 3498091116 2486878 1201046
10 5 10218 10204 191573 3499586018 1228541 1216463
6 10 10644 10641 502479548 2754220892 747521710 43328287
13 2 10661 10649 5447 3502337346 1253402 1200858
13 7 10324 10316 676 3502617018 1278572 1200457
12 5 10938 10925 598 3502917818 1252464 1200451
13 1 10092 10076 148096 3503055580 1256693 1212819
6 13 10292 10281 3614999 3501196946 4694970 1503481
11 4 10371 10359 1808 3505579028 1200528 1200552
6 12 10625 10619 26795689 3489992204 17402405 3446951
15 0 10689 10675 16222113 3502183414 5693321 2560465
10 2 10067 10051 15782 3506621422 1272188 1201724
11 2 10921 10913 156681 3507251096 1223363 1213537
15 5 10197 10182 2020 3507843412 1201360 1200573
7 11 10772 10760 8367272 3504250868 5241912 1901914
0 9 10561 10553 22494321 3503252704 6495283 3086326
4 12 10299 10284 781254 3509442794 1271988 1265903
11 4 10372 10359 9076 3509863950 1201820 1201164
3 9 10031 10020 2131227 3510846368 1439118 1379085
10 0 10588 10573 849 3511137420 1200895 1200471
1 8 10171 10156 290248 3511461612 1231895 1224737
9 4 10665 10656 844 3511707960 1200709 1200471
10 2 10068 10051 649936 3513095618 1362620 1254890
15 2 10491 10481 761 3514313366 1200757 1200464
0 8 10287 10277 146512560 3368996610 146928460 13484014
1 13 10231 10218 11231314 3514128040 2408610 2142036
6 13 10293 10281 5343 3515406188 1241798 1200850
2 15 10938 10919 38282 3515459906 1255275 1203612
12 1 10638 10628 83129 3516217878 1284532 1207372
0 11 10641 10628 5645 3519607914 1234184 1200874
1 12 11008 10998 3031 3520471722 1301833 1200657
8 1 10378 10368 492 3521722562 1279684 1200443
6 8 10155 10147 740534 3521856686 1276476 1262488
3 10 10463 10457 91995 3521942928 1218557 1208112
3 15 10865 10850 125039 3522327100 1215468 1210886
6 9 10890 10881 8120 3522847238 1283327 1201084
12 1 10639 10628 3170 3523327336 1271119 1200668
11 0 10177 10163 29604 3524667732 1203879 1202883
15 4 10723 10712 3384061 3521328496 4865751 1484123
9 5 10982 10967 489540 3523646828 2552193 1241444
13 2 10663 10649 234855 3525634424 1232185 1220090
9 6 10652 10639 115626 3526220798 1214732 1210095
13 5 10242 10229 4463856 3520754016 7088168 1574650
9 2 10804 10797 520 3528552988 1352109 1200445
9 1 10251 10240 53251 3532386640 1298373 1204867
14 0 10295 10280 37372 3534506598 1205699 1203535
15 5 10198 10182 610 3534788024 1200856 1200452
1 13 10230 10218 209451918 3440982860 95577286 18760849
11 7 10462 10452 2039908 3539689694 1424634 1371426
0 9 10562 10553 598629 3540258472 1296631 1250590
10 7 10132 10125 82490 3540414704 1243519 1207317
13 2 10662 10649 29091593 3512786232 29718374 3639440
11 3 10827 10819 683984 3541944336 1317385 1257745
6 13 10294 10281 18072 3543022850 1202697 1201918
6 14 10801 10786 489990 3543116750 1255623 1241480
9 7 10770 10759 14205075 3537961114 9093523 2391357
3 8 10074 10064 93526 3544671794 2568675 1208243
7 14 10695 10684 2508 3546621902 1201102 1200612
3 13 10977 10970 13765 3545430970 2502535 1201554
8 3 10241 10232 2829 3547568696 1212715 1200637
15 2 10492 10481 1038585 3547524254 1309658 1287476
2 9 10776 10769 40524 3547770014 1204514 1203799
6 11 10446 10431 9235877 3541366116 9010157 1974736
7 12 10994 10984 1043578 3550743178 1425405 1287895
12 0 10756 10747 33666020 3541087648 11130619 4022962
7 14 10696 10684 812 3552295060 1200802 1200468
7 9 10135 10126 108980103 3494122858 60742460 10337295
7 9 10136 10126 55275995 3539090568 18488217 5834739
9 0 10189 10176 80659 3556646954 1230067 1207163
1 15 10857 10839 7397 3557219274 1201434 1201022
15 1 10495 10482 2458890 3560340450 1543628 1406553
8 2 10301 10294 3981639 3562047810 1840449 1534222
4 15 10365 10354 73750 3562887242 1208461 1206584
14 5 10605 10592 22542592 3553626008 10670000 3090372
7 13 10946 10935 493114918 3080363674 484185060 42543155
4 13 10748 10738 230940 3563358850 1224424 1219762
14 6 10957 10944 11884 3564728868 1201994 1201396
10 1 10763 10755 2591219 3565567946 1475866 1417650
2 11 10902 10891 69106 3566173398 1209138 1206197
15 1 10496 10482 365155 3566232362 1237904 1231017
0 11 10640 10628 159553655 3516077922 51743021 14577379
6 10 10650 10641 1496 3568083506 1201003 1200527
12 6 10889 10873 60923245 3531497618 38978689 6308207
15 4 10724 10712 912473 3570446060 1299678 1276903
1 13 10232 10218 3668 3571210246 1209148 1200708
5 15 10935 10923 19535836 3565380768 9092591 2838285
15 0 10690 10675 946079 3573816132 1330839 1279722
3 9 10032 10020 52754 3574157612 1205796 1204823
1 8 10168 10156 257063881 3229029294 346640124 22752636
1 13 10233 10218 7592 3575778896 1220220 1201038
2 13 10365 10352 435441 3576664050 1354472 1236909
2 14 10820 10807 47780991 3568521704 11526812 5206358
4 10 10944 10930 3262 3579465812 1221762 1200676
2 15 10939 10919 66115 3580651372 1206332 1205946
0 11 10642 10628 1374 3581567350 1200725 1200517
9 5 10983 10967 912812 3580417402 2627883 1276930
5 8 10362 10350 9024 3583226622 1260060 1201160
11 0 10178 10163 683851 3583933426 1289951 1257734
15 7 10047 10040 1619 3585105414 1200714 1200537
12 5 10939 10925 344911 3585328256 1234543 1229317
15 7 10046 10040 4913948 3580029642 7345229 1612385
12 2 10043 10035 5280215 3577731254 10325139 1643096
2 12 10297 10283 2884249 3588018620 1670371 1442218
1 14 10521 10512 535060999 3096853974 493383970 3110241
6 12 10626 10619 1558 3589315936 1200693 1200532
2 10 10412 10400 21728 3589527780 1203497 1202222
15 3 10318 10304 13042 3591161302 1201876 1201497
6 15 10318 10307 5800558 3590583838 2043608 1686720
1 8 10172 10156 3498708 3592000920 1562849 1493732
15 2 10493 10481 11811943 3588566594 5200089 2190713
14 2 10727 10719 16201 3593257800 1228451 1201761
4 11 10737 10720 29602 3593944936 1243764 1202883
1 14 10525 10512 3097489 3593690718 1498761 1460095
1 13 10234 10218 2591449 3594434092 1455664 1417669
2 11 10903 10891 63217 3595445706 1206921 1205703
5 8 10363 10350 30212 3596327726 1203902 1202936
6 11 10447 10431 40421 3597226368 1212224 1203791
14 3 10122 10113 36762726 3571536738 27504885 4282588
3 10 10464 10457 9362 3598062876 1202006 1201187
6 11 10448 10431 459198 3599862952 1283316 1238902
6 10 10651 10641 88424804 3581978026 20246634 8613936
15 0 10691 10675 43884 3601464782 1267634 1204079
7 14 10697 10684 1120 3602754188 1200773 1200497
0 12 10376 10364 2042449 3604114666 1387164 1371641
15 4 10725 10712 14275 3604680804 1202019 1201599
11 2 10922 10913 11039 3604931362 1201968 1201329
0 8 10291 10277 58890 3605100688 1209390 1205337
11 0 10179 10163 934 3606742044 1282089 1200478
8 7 10742 10732 26146 3607443480 1252971 1202595
2 12 10298 10283 53036 3608090162 1208873 1204850
9 0 10183 10176 635228176 2572424300 1036879133 11508260
13 7 10325 10316 928356 3606805380 2614980 1278235
15 1 10497 10482 19211 3607045804 2485021 1202013
11 2 10923 10913 495 3609108878 1200497 1200443
15 5 10199 10182 91755 3609748674 1287925 1208093
8 5 10268 10244 166296 3609968590 2504209 1214344
10 4 11010 10999 2087 3612082864 1276938 1200578
10 2 10070 10051 2209 3612502708 1282035 1200588
2 10 10413 10400 11726 3613386630 1215357 1201384
7 8 10111 10103 194334197 3438058466 176885275 17493382
3 14 10916 10902 194264 3613662248 1294427 1216689
14 0 10296 10280 21616997 3597810628 17363509 3012769
0 10 10490 10477 289996664 3314075978 301908638 25513721
9 3 10744 10732 3635 3615441592 1201379 1200706
1 15 10858 10839 1452891 3615652458 1387677 1322210
5 10 10966 10956 110653 3616887594 1241812 1209678
7 12 10995 10984 83456641 3605699696 12535714 8197406
14 4 10479 10471 100391 3616710238 2496317 1208819
8 3 10242 10232 1575848 3620912110 1424965 1332519
10 7 10133 10125 5438 3621475490 1214445 1200858
10 7 10134 10125 8830 3622478660 1201607 1201140
15 5 10200 10182 29606 3626151078 1204061 1202883
8 1 10379 10368 3866 3626612640 1201203 1200724
0 15 10927 10916 7073 3627766934 1201279 1200996
3 14 10917 10902 59616052 3618157172 11705724 6198613
4 13 10749 10738 8804 3629000116 1201968 1201138
4 13 10750 10738 80064 3629207404 1211178 1207116
6 12 10627 10619 22879 3629736130 1216746 1202318
9 2 10805 10797 49840041 3611604940 19705964 5378992
3 12 10248 10238 86309627 3613349056 18862130 8436600
9 7 10771 10759 20397 3631243094 1258883 1202112
2 11 10904 10891 529736 3633391778 1254514 1244814
11 1 10401 10391 20282747 3626772056 9001212 2900906
6 14 10794 10786 497856669 3021309608 615292918 42940704
8 0 10761 10749 824110 3636569058 1293527 1269496
2 8 10537 10526 39906 3640609754 1227799 1203746
6 11 10449 10431 8370 3642263452 1201417 1201104
15 7 10048 10040 1714843 3642221148 1381128 1344173
13 2 10665 10649 11597 3642890288 1201777 1201373
2 10 10414 10400 91495 3643644776 1216614 1208072
3 8 10075 10064 516536 3643789476 1287019 1243708
5 14 10451 10439 25895342 3639717718 7072746 3371468
0 10 10493 10477 348 3645815022 1211558 1200431
10 1 10764 10755 7315133 3645555096 2560763 1813704
3 15 10866 10850 1034 3647309830 1200658 1200490
4 13 10751 10738 20919790 3645233476 3361133 2954316
3 12 10249 10238 1339 3647628376 1200651 1200514
12 0 10757 10747 2143 3648669654 1200909 1200582
12 4 10842 10833 21451 3649901990 1203493 1202200
10 7 10135 10125 12357 3651067478 1245486 1201438
6 9 10891 10881 3585 3653167256 1200946 1200702
9 5 10984 10967 565 3653418748 1200705 1200449
0 14 10964 10952 62807 3653691686 1277874 1205666
4 15 10366 10354 4081552 3653307968 1698848 1542599
1 13 10235 10218 11513 3655888196 1249075 1201367
11 3 10828 10819 3673 3657133258 1201117 1200709
3 12 10250 10238 74522 3657856724 1208304 1206649
7 8 10113 10103 6282 3658530722 1201580 1200929
12 5 10940 10925 665161 3659371454 1367372 1256170
8 2 10302 10294 611 3662472126 1245572 1200452
14 2 10728 10719 6725 3663928332 1209186 1200964
3 9 10033 10020 12274 3664726728 1222625 1201431
0 10 10494 10477 4302962 3663080920 4775707 1561160
11 6 10589 10579 108577 3667167030 1269098 1209504
11 1 10402 10391 212410 3669756344 1220617 1218210
10 6 10901 10889 1387 3670053478 1200593 1200518
11 4 10373 10359 15943 3672922320 1202722 1201736
1 14 10526 10512 612331 3675698978 2618477 1251740
12 2 10045 10035 1314039 3677506194 1320871 1310572
10 1 10765 10755 3555 3678264366 1201108 1200699
5 13 10872 10858 1084503 3678866346 1364624 1291326
14 0 10297 10280 21786197 3669917022 10373644 3026957
1 12 11010 10998 1660 3679414732 1275328 1200540
1 11 10115 10108 2802110 3680935336 1577560 1435332
6 13 10295 10281 986961 3681649244 1375040 1283146
8 5 10269 10244 15874 3682393078 1202416 1201731
12 3 10757 10747 434 3683052070 1200529 1200438
1 13 10236 10218 56841 3681986998 2494636 1205166
1 13 10237 10218 42563 3682051676 2492412 1203970
6 11 10450 10431 279683 3683366866 1228529 1223849
9 6 10650 10639 429772641 3176240600 509337949 37232539
0 15 10928 10916 980 3684721592 1263633 1200482
1 9 10410 10400 6660280 3672023396 15073273 1758800
3 11 10072 10063 7163 3687067364 1201395 1201003
8 6 10161 10152 21463 3689383580 1203451 1202201
7 12 10996 10984 115417 3691065456 1214960 1210078
9 7 10772 10759 66968 3691452508 1241158 1206014
5 11 10610 10588 1002143 3691654122 1388627 1284422
10 2 10071 10051 123581 3690570332 2536652 1210762
3 8 10077 10064 1015 3693470156 1212996 1200488
2 14 10821 10807 211292 3693584170 1239281 1218117
6 14 10802 10786 1761 3693799476 1208753 1200548
13 7 10326 10316 2706 3694586988 1200829 1200628
6 14 10803 10786 2675 3695657120 1282994 1200625
1 12 11011 10998 517150 3696266196 1354845 1243761
13 0 10899 10888 78068 3697400102 1267356 1206948
14 3 10123 10113 261818 3697403826 1289705 1222351
6 15 10319 10307 3268 3697591834 1221705 1200676
13 2 10666 10649 283346 3696310676 2558927 1224158
15 0 10692 10675 1540537 3697866682 1358925 1329560
5 8 10364 10350 18380 3698075214 1206934 1201943
10 5 10219 10204 2082318 3698373196 1679946 1374984
10 3 10164 10157 15302655 3685256180 15134929 2483375
12 5 10941 10925 934 3699594164 1201506 1200478
10 4 11011 10999 22421593 3692426122 10473464 3080227
11 5 10567 10552 12750435 3689882180 13742263 2269398
13 2 10667 10649 1824048 3702582366 1494788 1353331
10 2 10072 10051 3774874 3702621192 1907368 1516885
12 3 10758 10747 336 3704900984 1200653 1200430
1 15 10859 10839 25308 3705324284 1203276 1202524
15 2 10494 10481 2921578 3705313208 1522913 1445346
2 9 10777 10769 395630 3705629756 1249677 1233571
10 7 10136 10125 275339 3705697890 1292083 1223486
7 10 10510 10495 2451200 3706097026 1558027 1405911
13 0 10898 10888 32946627 3681223470 27326129 3962646
6 15 10320 10307 84720 3708578474 1210726 1207504
10 7 10137 10125 1638 3709499546 1200828 1200538
10 0 10590 10573 2369 3709560664 1201001 1200601
3 11 10073 10063 3810 3710888560 1201306 1200720
8 0 10756 10749 528077794 2975812264 737001276 2524770
13 2 10656 10649 577764935 2892347696 820520211 6690539
0 10 10492 10477 132898288 3635526372 81241932 12342595
3 15 10867 10850 7879418 3711881758 4920448 1861012
5 14 10452 10439 971585 3717390968 1332034 1281859
9 2 10806 10797 1348601 3717794160 1338653 1313468
9 5 10985 10967 68814 3719407932 1207502 1206170
14 1 10552 10546 125533 3719718214 1227765 1210926
12 7 10842 10831 1868290 3717294864 4333204 1357040
14 5 10606 10592 29874222 3715547896 7683635 3705057
11 2 10924 10913 13126 3722763462 1202141 1201503
9 7 10773 10759 173492 3723778694 1263419 1214947
15 7 10049 10040 157498 3723889484 1257094 1213606
13 1 10093 10076 89746 3724494140 1211363 1207925
2 15 10940 10919 5737429 3721782844 4693003 1681428
8 0 10762 10749 1444761 3725512538 1358277 1321529
14 1 10553 10546 4021 3728281078 1272947 1200740
7 10 10511 10495 447 3729928138 1200599 1200439
3 15 10868 10850 3229621 3730372426 1533109 1471172
2 11 10906 10891 5699110 3728605882 4544312 1678216
13 6 10709 10700 20799110 3723387892 10500181 2944200
5 8 10365 10350 84489 3732739672 1211071 1207485
14 3 10124 10113 189245 3732684820 1270970 1216269
3 15 10869 10850 381954 3734836484 1252391 1232423
10 3 10165 10157 99756 3735715200 1213647 1208764
5 15 10936 10923 101319824 3684208518 55532159 9695054
12 4 10843 10833 3844 3739257542 1201468 1200722
0 11 10643 10628 62098491 3665903080 74758390 6406739
3 15 10870 10850 1016 3740817842 1200766 1200488
13 1 10094 10076 5710 3741112286 1201229 1200879
0 8 10292 10277 988219 3741964028 1317187 1283255
11 7 10463 10452 144113 3746048546 1300025 1212485
1 13 10238 10218 1557291 3746084322 1398959 1330966
7 11 10774 10760 730114 3747667412 1336344 1261616
3 15 10871 10850 3924628 3747953970 1684079 1529442
2 8 10538 10526 1428433 3748505998 1347841 1320162
15 6 10634 10621 1795 3748866704 1200974 1200551
11 4 10367 10359 243344854 3274828460 476152550 21602433
7 12 10997 10984 3805766 3747186840 4173680 1519476
0 11 10644 10628 503158 3750265406 1293713 1242588
9 7 10774 10759 128922 3750630436 1297479 1211209
9 5 10986 10967 6815 3750868492 1276621 1200972
9 1 10252 10240 1945 3751827570 1200814 1200563
7 14 10698 10684 17314700 3746292188 9366407 2652065
15 4 10726 10712 2506 3755255712 1213751 1200612
5 11 10611 10588 27519 3756665956 1275209 1202709
0 12 10377 10364 7627 3756702944 1264903 1201040
5 13 10873 10858 4111015 3756048202 1947143 1545071
4 8 10452 10437 2563 3757778002 1201112 1200616
15 6 10635 10621 100736 3757598434 2495030 1208846
15 0 10693 10675 5752 3759617154 1201076 1200883
2 8 10539 10526 66438 3760389970 1289769 1205972
5 13 10874 10858 23 3761701808 1260970 1200405
12 2 10046 10035 175609 3762219976 1297288 1215124
10 4 11012 10999 1486496 3762679382 1386781 1325029
14 2 10729 10719 2819 3762911896 1200966 1200637
3 10 10465 10457 28054285 3742882926 21428328 3552474
13 7 10327 10316 174 3765350234 1230223 1200417
2 12 10299 10283 1417971 3765886576 1429498 1319282
8 2 10303 10294 4765 3767545504 1201077 1200800
0 15 10929 10916 618196 3767961700 1260270 1252232
6 14 10804 10786 15343 3769331750 1202233 1201688
11 0 10180 10163 90792 3769968948 1210593 1208012
9 5 10987 10967 23890212 3757417950 13854895 3203358
1 12 11009 10998 91467736 3655508340 115984214 8869056
6 10 10652 10641 287680 3770956454 1228563 1224520
7 9 10137 10126 45751 3771451510 1205874 1204236
5 11 10612 10588 3029 3772004098 1200856 1200657
7 15 10390 10383 115439088 3677867572 96363630 10878816
10 0 10591 10573 874 3773137736 1200669 1200473
14 1 10554 10546 332471 3774284090 1247090 1228276
9 6 10653 10639 6563 3774619346 1201468 1200951
14 5 10607 10592 7807 3774819866 1201657 1201055
12 0 10758 10747 187784316 3724812610 52391408 16944239
13 3 10257 10248 3068167 3776224322 1563254 1457638
0 9 10563 10553 637315 3778706020 1302569 1253835
2 15 10941 10919 6444 3778778846 1242183 1200942
3 12 10251 10238 8264 3779351634 1201736 1201095
3 13 10978 10970 75842 3780293490 1209655 1206759
3 12 10252 10238 3867 3780302788 1201045 1200724
11 3 10829 10819 2458 3781665332 1200934 1200608
4 8 10451 10437 121895603 3668235376 115198698 11420128
9 2 10807 10797 28308 3782483004 1207626 1202776
1 12 11012 10998 253088 3783093454 1289261 1221622
5 10 10967 10956 4141349 3784160602 1653132 1547613
7 14 10699 10684 2763210 3784446766 1991676 1432070
5 8 10366 10350 30986 3786887982 1204624 1202997
12 4 10844 10833 2031375 3786997692 1404931 1370712
6 14 10805 10786 81061 3788308632 1214671 1207199
13 2 10668 10649 1168 3789311554 1238729 1200501
4 8 10453 10437 63921 3789453722 1250570 1205759
12 3 10759 10747 5089 3789583830 1201347 1200830
12 5 10942 10925 57897 3790221302 1238661 1205254
9 4 10667 10656 47060 3790284990 1256509 1204349
7 10 10512 10495 1141 3791407888 1200684 1200498
4 14 10649 10639 284308 3792439490 1282248 1224239
15 2 10495 10481 74536 3793001052 1234602 1206650
5 12 10669 10657 1496 3793091972 1274022 1200527
5 10 10968 10956 210330 3793158304 1301455 1218036
10 2 10073 10051 58061 3793367294 1264839 1205271
2 11 10907 10891 658934 3793348972 1358946 1255645
4 8 10454 10437 1997 3794383904 1200862 1200567
15 0 10694 10675 15224 3794629870 1218018 1201679
12 3 10760 10747 2894 3794714766 1200871 1200643
15 4 10727 10712 26100 3795551398 1203180 1202591
4 8 10455 10437 58841 3798594508 1207630 1205333
5 13 10875 10858 382519 3798998246 1241748 1232472
15 6 10636 10621 911 3800054354 1295779 1200476
13 4 10637 10629 102316 3801796084 1263441 1208980
2 8 10540 10526 1952 3802199102 1211555 1200563
0 9 10564 10553 3419 3802291490 1200839 1200688
15 2 10496 10481 2916519 3802583050 1462868 1444922
6 14 10806 10786 45676 3804199828 1206461 1204230
4 12 10301 10284 173372 3804687468 1269237 1214937
1 10 10139 10129 1728738 3804532014 1555404 1345338
9 4 10668 10656 218529 3806149496 1245282 1218723
8 7 10743 10732 436162 3806155500 1276300 1236971
6 13 10296 10281 21223 3806617386 1230784 1202182
0 11 10645 10628 5267600 3806540098 1668451 1642037
15 3 10319 10304 26343 3808408168 1203259 1202611
7 13 10954 10935 3760 3809828522 1201289 1200716
10 4 11013 10999 37362578 3796502624 17530020 4332880
14 3 10121 10113 265561776 3319890308 495100283 23465100
5 11 10613 10588 1606459 3812202978 2909322 1335087
15 4 10728 10712 24414 3814127720 1203310 1202449
10 7 10138 10125 9917 3814140068 1201894 1201231
7 14 10700 10684 87589987 3786667006 30217323 8543944
6 9 10892 10881 358777 3815935656 1244150 1230480
12 2 10044 10035 158217835 3650442756 166890492 14465383
5 10 10969 10956 8909 3816595738 1201627 1201147
15 3 10320 10304 345 3819123424 1226453 1200431
2 8 10541 10526 9691 3819585412 1201807 1201213
7 14 10701 10684 12620386 3816645914 5183968 2258495
7 11 10775 10760 20088 3821106228 1267981 1202087
10 7 10139 10125 366919 3822455668 2534646 1231162
13 4 10638 10629 30587 3822647716 2487054 1202966
8 1 10380 10368 3122 3825601686 1206801 1200665
11 4 10374 10359 3945 3826269154 1331707 1200730
13 0 10901 10888 106005 3829043734 1212944 1209291
3 8 10078 10064 573 3829441800 1200691 1200449
8 5 10270 10244 28653254 3818061594 12652448 3602691
9 3 10745 10732 62519141 3808471056 23821583 6442008
13 3 10258 10248 17142 3832192262 1202562 1201840
0 10 10495 10477 3009645 3832560544 1468895 1452730
13 2 10664 10649 162345116 3555881594 279052576 14811417
3 15 10872 10850 14093 3834021672 1201927 1201585
6 9 10893 10881 2278393 3834069000 1403399 1391422
4 11 10738 10720 108171 3834260386 1215118 1209472
15 5 10201 10182 11899 3834384938 1202007 1201398
11 0 10181 10163 5676 3835155174 1260835 1200877
6 10 10653 10641 1205322 3835413542 1349429 1301456
1 15 10861 10839 10202 3837878604 1201789 1201258
6 8 10156 10147 1001826 3838246936 1346022 1284393
10 0 10592 10573 261257 3842009046 1335678 1222306
11 4 10375 10359 823368 3842838880 1312065 1269433
15 2 10497 10481 3575 3844723618 1245480 1200701
4 8 10456 10437 5170561 3839716980 6505639 1633901
1 11 10116 10108 677 3845016346 1224804 1200458
7 14 10702 10684 16481608 3841395630 5545225 2582219
0 15 10930 10916 22543 3845810474 1243058 1202291
0 8 10293 10277 260813 3846554664 1235108 1222267
12 7 10843 10831 1769 3850787794 1259151 1200549
12 5 10943 10925 537 3851662904 1307852 1200446
14 6 10958 10944 5471986 3847864836 5164377 1659171
6 13 10297 10281 3006026 3851978024 1530379 1452428
6 8 10157 10147 857 3853715522 1200651 1200472
5 13 10876 10858 308054 3854288836 1237265 1226230
14 6 10959 10944 29394 3854777198 1207244 1202866
4 11 10739 10720 96647 3855463196 1222990 1208504
0 12 10378 10364 588 3856024344 1250281 1200450
6 12 10628 10619 27096 3856712656 1292466 1202675
0 10 10496 10477 5779 3857084970 1283156 1200885
14 7 10467 10450 14691589 3850137392 8445623 2432144
0 9 10565 10553 38950 3857856598 1285427 1203665
8 7 10744 10732 48611 3859438174 1205298 1204477
4 8 10457 10437 112901 3860250650 1217348 1209866
14 7 10468 10450 143595 3860862532 1279501 1212440
6 11 10451 10431 1712339 3860733636 1441018 1343965
7 14 10703 10684 31291344 3852388656 13239905 3823868
2 11 10908 10891 2310 3864535432 1251736 1200596
0 8 10294 10277 3983 3865051080 1282868 1200734
1 15 10862 10839 58597 3865211842 1288447 1205314
1 9 10411 10400 917853 3865297672 1369997 1277353
4 15 10367 10354 13569 3865502280 1281659 1201539
3 15 10873 10850 9064 3867621516 1223328 1201163
13 6 10710 10700 266062 3868430948 1294224 1222710
15 6 10637 10621 571338 3871193708 1298461 1248303
7 10 10513 10495 3136824 3871040316 1576524 1463392
8 3 10243 10232 246472 3871567474 1231118 1221066
2 11 10909 10891 25328 3872255912 1284316 1202526
11 1 10403 10391 662709 3876183352 1340051 1255962
9 4 10669 10656 15868 3877136592 1202085 1201730
7 9 10138 10126 759 3877415314 1200638 1200464
13 5 10243 10229 11480028 3871776580 7456091 2162889
4 15 10368 10354 630354 3878078772 1275958 1253251
2 10 10415 10400 2415 3878338172 1201006 1200604
12 7 10845 10831 1747 3879882228 1285540 1200547
11 2 10925 10913 65369 3882096954 1274513 1205882
2 12 10300 10283 11932 3883196892 1202248 1201400
2 14 10822 10807 45192 3883324872 1205942 1204192
15 5 10202 10182 13756440 3865303734 19639312 2353742
8 2 10304 10294 3230 3884464624 1201799 1200673
8 1 10381 10368 280 3884872936 1209264 1200426
15 7 10052 10040 3885154 3886831288 1598431 1526134
2 11 10910 10891 23587 3886420946 2530646 1202379
13 7 10328 10316 6600 3888309926 1245458 1200954
1 13 10239 10218 35601261 3876231194 14894403 4185212
11 4 10376 10359 1317 3890458282 1200897 1200513
8 1 10382 10368 73986 3890751688 1207896 1206603
6 14 10807 10786 623 3891363528 1279051 1200453
5 8 10367 10350 22177 3892642348 1203613 1202262
14 2 10731 10719 76484 3892740226 2494884 1206814
0 10 10497 10477 31542 3894204248 1216409 1203046
15 0 10696 10675 3222967 3892326758 4020369 1470613
2 15 10942 10919 2043 3896440164 1200842 1200574
0 13 10521 10513 2557227 3894830986 3145335 1414800
15 5 10203 10182 109966 3899978802 1217308 1209619
15 0 10697 10675 1572 3900225760 1200882 1200533
9 5 10988 10967 459 3900256168 1200779 1200440
12 7 10846 10831 641455 3900888358 1328907 1254181
0 15 10931 10916 38027 3901425518 1276233 1203591
8 7 10745 10732 595923 3903285950 1262963 1250362
8 2 10305 10294 27516 3903635188 1203468 1202708
15 0 10698 10675 3295185 3901043476 4071806 1476671
15 2 10498 10481 324834 3904835494 1269198 1227634
1 13 10240 10218 65184913 3890274040 19021712 6665503
12 6 10890 10873 28882317 3884195768 26611599 3621896
15 2 10499 10481 1911394 3910651898 2859626 1360653
10 1 10766 10755 2087 3912487598 1227222 1200578
13 0 10902 10888 313 3913706162 1227417 1200428
14 1 10556 10546 93591 3914199168 2635763 1208248
10 2 10074 10051 32591 3915710054 1269682 1203134
12 7 10844 10831 40586386 3860994676 57745891 4603164
14 2 10730 10719 116607056 3778814700 141221702 10976739
12 5 10945 10925 4133847 3917813312 4395294 1546982
8 2 10306 10294 759262 3921755534 1369074 1264059
5 11 10615 10588 25727893 3913876142 11091386 3357426
11 4 10377 10359 20226080 3910839216 14193514 2896158
2 8 10543 10526 3908087 3922058250 4132134 1528057
4 14 10650 10639 8843489 3912451100 14517244 1941840
0 14 10965 10952 1364642 3926267734 1337092 1314812
5 13 10877 10858 13821 3928855168 1202222 1201559
4 15 10369 10354 5802 3930920432 1201223 1200887
8 7 10746 10732 57621 3931453280 1208556 1205232
12 7 10847 10831 8584 3932156278 1201931 1201121
5 12 10670 10657 1288465 3933694026 1358557 1308426
7 11 10776 10760 1232753 3933799708 1402672 1303754
13 5 10244 10229 173641 3933529632 2531744 1214959
13 3 10259 10248 11253286 3932926998 5354784 2143878
8 0 10763 10749 4258 3937235912 1268460 1200759
3 8 10079 10064 189647 3937862246 1280377 1216301
3 10 10466 10457 693 3938392492 1227998 1200459
8 4 10594 10584 6332 3939097426 1201190 1200933
6 10 10654 10641 1976072 3940980768 1955410 1366077
14 5 10609 10592 734279 3942744170 1350126 1261964
4 8 10458 10437 720223 3944038092 1424610 1260786
0 13 10522 10513 4211 3944195780 1332531 1200756
3 12 10253 10238 91402 3946533610 1213473 1208065
14 3 10125 10113 5410614 3945653864 3025987 1654027
2 13 10366 10352 17116 3949496614 1268896 1201838
8 2 10307 10294 6787615 3941132350 10172238 1769475
7 12 10998 10984 4090 3954924336 1202442 1200746
11 6 10590 10579 517 3954989466 1200582 1200445
11 4 10379 10359 794257 3955137734 1300733 1266993
10 1 10767 10755 142006 3955338322 1236443 1212309
14 3 10126 10113 400659 3955597046 1263460 1233992
7 13 10955 10935 34486786 3945374468 13386204 4091772
9 6 10654 10639 16839 3957877196 1211332 1201812
9 0 10190 10176 18983 3960854114 1202972 1201991
10 1 10768 10755 1968009 3958785812 4447983 1365401
14 1 10557 10546 2809865 3961704002 1632069 1435979
1 13 10241 10218 8364 3963050028 1263665 1201103
12 4 10845 10833 20818 3969702104 1202962 1202146
11 7 10464 10452 16477127 3963159974 8044284 2581845
3 12 10254 10238 383068 3970783926 1238162 1232520
1 10 10141 10129 174819 3969519672 2505616 1215057
6 13 10299 10281 944 3971024712 1200600 1200479
12 6 10891 10873 46907 3971495382 1227672 1204333
7 9 10140 10126 21440005 3943936574 29768402 2997933
14 5 10608 10592 34698911 3940930748 34262343 4109557
15 4 10729 10712 745 3975202616 1200685 1200463
8 5 10271 10244 62100748 3902323882 76977514 6406927
11 1 10404 10391 209451 3979880648 1256274 1217962
5 8 10368 10350 45499946 3960473356 21625995 5015115
9 3 10746 10732 115320611 3921073592 61297477 10868881
12 5 10946 10925 11881 3982311830 1202019 1201396
11 1 10405 10391 7551 3982379314 1201411 1201034
7 14 10704 10684 1371251 3983371380 1378294 1315368
11 4 10380 10359 636322 3986530706 1281503 1253751
7 8 10114 10103 34798 3989165470 1205299 1203318
12 5 10944 10925 78129712 3876072648 114851180 7750796
6 11 10452 10431 124586797 3882349460 109792936 11645757
11 5 10568 10552 6010072 3990390974 4325556 1704288
11 3 10831 10819 191308 3994114470 1222058 1216441
5 14 10453 10439 424 3996737942 1200910 1200437
9 5 10989 10967 95328390 3953573528 45852531 9192734
10 4 11009 10999 265449410 3582253022 450857613 23455680
1 10 10140 10129 158774437 3952957542 95685188 14512050
4 14 10648 10639 251735921 3671120020 382179122 22305939
3 8 10076 10064 256242781 3671965308 381621448 22683795
5 9 10700 10686 139871078 3960002598 96095244 12927194
2 11 10905 10891 302238299 3685605932 399095311 26540061
6 9 10894 10881 124786758 3934908510 149889916 11662522
5 9 10696 10686 606871477 3271530944 830518641 9130833
14 7 10464 10450 423894025 3274985984 829989109 36739678
13 4 10640 10629 255310581 3942956982 190968278 22605640
15 7 10051 10040 165854573 3885124094 253944065 15105649
13 4 10639 10629 238449978 3889025948 250485971 21192046
10 7 10129 10125 594916890 3169485778 978338848 8128559
7 9 10139 10126 206015978 3912071290 252786705 18472779
10 2 10069 10051 320425216 3573209544 603277089 28064853
6 11 10445 10431 585033201 3528661920 675068321 7299913
4 8 10442 10437 1044073278 2748000600 1497744593 2836160
3 8 10068 10064 1049266093 2787609154 1471764615 3271526
6 11 10453 10431 772371422 3971158184 300973064 23006349
4 12 10300 10284 540907803 3685707084 620414815 3600438
7 11 10773 10760 528671262 3662389388 659843471 2574528
3 12 10243 10238 1076912227 3029193818 1305834262 5589378
6 15 10323 10307 463676351 3958881310 380700669 40075027
6 15 10322 10307 522483727 3916780960 440083278 2055763
7 10 10506 10495 1030804313 3260378012 1128889235 1723690
5 11 10614 10588 1299087138 3826472726 735486753 24216523
4 13 10745 10738 1632759981 3283606612 1283598417 9241978
2 8 10542 10526 1470945210 3835668520 755804046 38625103
1 15 10860 10839 1767860685 3796556514 833853331 20568822
6 13 10298 10281 1769408835 3936659436 714392127 20698618
14 5 10602 10592 876770643 3408539620 1253686306 31759179
