                4143
5 15 3 90079 2.000800838
15 5 3 509163 2.000816460
5 9 3 600 2.002075710
10 1 3 2146 2.003720122
2 8 3 42500 2.003732856
10 2 3 4753 2.004380122
1 10 3 18993065 2.004998828
6 9 3 102513 2.005441948
6 8 3 1420331 2.006162704
15 0 3 379033189 2.006448066
10 3 3 3024908 2.007087806
10 5 3 31369 2.007251870
1 10 3 242214 2.008728290
12 6 3 1046 2.009403652
9 6 3 18411491 2.009523378
8 6 3 6654 2.009680858
9 0 3 6646 2.010048686
15 5 3 21300 2.010446104
9 1 3 13562198 2.011873678
0 12 3 40809628 2.012066622
14 1 3 3643401 2.012088998
14 2 3 3093 2.012383690
2 13 3 69513 2.012575902
3 15 3 4124571 2.013380784
4 10 3 1920 2.015462012
0 14 3 853340 2.015472988
13 7 3 832162 2.015655114
9 4 3 44007 2.015870346
9 3 3 2366 2.015936536
3 12 3 119451 2.016682656
9 5 3 488 2.017156972
0 11 3 96478 2.017601158
2 10 3 2311799 2.017604224
2 9 3 230220 2.019431218
8 5 3 38831 2.019505118
5 11 3 53917 2.019812242
3 11 3 622336 2.019824950
10 5 3 111772 2.020582648
13 6 3 95537729 2.021062810
0 8 3 59287 2.021256770
12 1 3 8383519 2.021502234
0 13 3 128220 2.022927390
7 10 3 1588390271 2.023756138
12 5 3 3350 2.023949654
6 10 3 16427 2.023979396
14 6 3 51538141 2.024362378
3 9 3 2567 2.024383706
1 12 3 216762 2.024516406
14 0 3 4558388 2.025076980
6 14 3 49375864 2.025273218
14 7 3 52727 2.025589784
0 8 3 63999 2.026107534
3 14 3 4736328 2.026298410
14 7 3 621612 2.026697138
5 14 3 643 2.027272218
8 6 3 5817 2.027486348
6 14 3 7335 2.029185854
11 2 3 377464 2.030461546
7 14 3 685722 2.030734160
12 3 3 225 2.030993408
10 6 3 11681 2.031221150
5 11 3 5590 2.031336778
3 11 3 2020 2.031837778
2 10 3 37750 2.032226518
11 5 3 34202 2.032452370
4 13 3 28458 2.032514258
12 5 3 971546448 2.033144150
5 12 3 2160 2.033352502
14 7 3 1235567 2.033734150
10 4 3 13754507 2.033970758
5 15 3 767344 2.034284660
0 12 3 18381918 2.034713108
12 1 3 1854 2.035118404
7 11 3 196688 2.036446786
13 6 3 91568 2.036659006
7 12 3 55715103 2.036717530
11 0 3 103842919 2.036848898
14 2 3 3197 2.038876672
13 1 3 29451534 2.039869994
14 2 3 201769 2.040250994
14 6 3 69521 2.040440848
2 11 3 119861 2.042472700
3 8 3 11950833 2.042942676
14 6 3 957646 2.043181066
2 14 3 1078350 2.043262856
5 8 3 11510 2.043686996
14 1 3 147148 2.043700554
1 15 3 602347 2.043744878
9 6 3 41481 2.043889292
12 5 3 1359 2.044093594
8 0 3 7500 2.044348318
4 15 3 1741570 2.044792044
1 13 3 4068882 2.045899716
11 0 3 2039 2.046187956
11 0 3 1726565 2.046456562
7 11 3 51806562 2.046485724
6 12 3 3629075 2.046645238
3 11 3 238 2.047423380
6 8 3 120712 2.047637796
4 11 3 892850376 2.049323608
1 9 3 8496 2.049862600
8 5 3 608360 2.050064450
11 0 3 47392 2.050515014
1 15 3 55314 2.050584770
2 15 3 87920 2.050678158
8 1 3 308245 2.051141352
8 1 3 29636 2.051459574
6 11 3 4137 2.051478762
10 4 3 2974641 2.051526404
2 11 3 2016168 2.052015098
1 14 3 203675 2.052153908
7 13 3 248625 2.052515910
4 9 3 117411 2.053023712
9 7 3 159063 2.053642682
4 8 3 2546682 2.053653828
2 15 3 59246438 2.054355054
11 2 3 549830 2.054464916
15 5 3 45023506 2.055119094
0 8 3 564890 2.056031478
4 12 3 110641 2.056227594
5 9 3 2680 2.056498300
9 5 3 1470477 2.057865106
11 5 3 13043 2.058666474
8 5 3 24162424 2.060423966
0 15 3 7266445 2.060621934
14 7 3 1402 2.060629360
13 5 3 15694 2.061233116
8 2 3 43811 2.061250214
12 6 3 9032 2.061512374
4 12 3 90180 2.062271932
2 12 3 6055766 2.063355232
15 1 3 2462046 2.064273278
3 13 3 19763 2.064981376
4 14 3 29090 2.066003426
13 1 3 71599 2.066194998
9 3 3 8898 2.066195474
6 13 3 11467 2.066309280
14 4 3 87523 2.066724470
9 7 3 83078 2.066805774
0 10 3 32591 2.068194918
8 3 3 21973 2.068266004
2 15 3 684725 2.068496134
10 5 3 90478 2.069035280
2 10 3 6475 2.069176034
14 0 3 1793451 2.070627024
10 4 3 289483 2.070677432
6 11 3 24796258 2.071135028
9 7 3 48984 2.071292070
9 5 3 56 2.071330624
2 10 3 326 2.071773298
13 1 3 906 2.072137230
1 14 3 26149878 2.073140538
2 15 3 6241 2.073486516
12 3 3 922855 2.074018660
15 6 3 31896146 2.074466910
11 5 3 6424637 2.075425818
13 5 3 168757815 2.075596416
5 12 3 200569 2.075679390
10 0 3 40680 2.076000240
2 13 3 20595292 2.076613142
12 4 3 516560 2.076768856
0 11 3 277 2.076948676
0 12 3 892808 2.077260112
5 11 3 39402962 2.077308348
5 14 3 69542892 2.078614744
0 10 3 501881 2.078910114
4 12 3 470708 2.079629408
13 3 3 66040 2.080010372
1 10 3 8772 2.080501190
13 6 3 4036 2.080543030
14 0 3 6370219 2.080714962
9 4 3 2588150 2.080989638
4 8 3 7806 2.081447104
4 14 3 90519 2.082220894
7 13 3 45597 2.082561674
14 1 3 165112910 2.082741742
11 1 3 11154 2.083185734
15 0 3 4520376 2.084368926
10 0 3 48835 2.084533310
14 3 3 403 2.084736304
10 5 3 1258 2.085753978
8 0 3 988 2.085785508
7 13 3 27934 2.086226614
0 10 3 859683 2.087067884
14 3 3 50161868 2.087180912
15 5 3 3997 2.087363724
7 12 3 71593 2.088065270
5 13 3 4511255 2.088221214
9 4 3 9206 2.088755368
11 1 3 26331 2.089833956
4 10 3 7062463 2.089849966
14 2 3 7559582 2.090010986
5 9 3 10411 2.091056262
12 6 3 155611 2.091904356
7 11 3 35608061 2.093343256
6 14 3 649348 2.093768312
7 15 3 18124607 2.093843666
15 5 3 2550 2.094354764
1 9 3 32907038 2.094702782
7 10 3 64715138 2.095131912
14 7 3 9559 2.096214354
1 10 3 947 2.096370302
6 8 3 223526359 2.096371002
12 6 3 10046 2.096737072
9 0 3 1799 2.097141012
15 5 3 362749433 2.097259118
4 11 3 2301 2.098274704
11 5 3 58966 2.098286132
2 10 3 17825 2.098787136
6 15 3 12912 2.098812096
6 11 3 726603 2.099169236
14 3 3 622963 2.099323324
9 3 3 406 2.099869676
5 14 3 237680670 2.100119322
8 7 3 37086 2.100187804
15 1 3 454916 2.100523456
5 9 3 1785 2.101031474
2 12 3 382546 2.101482430
0 9 3 2848 2.102481580
9 7 3 520540 2.103013268
9 5 3 845544 2.104584940
11 7 3 63857395 2.105357750
13 2 3 83010 2.106658924
10 0 3 1753556 2.107202106
11 0 3 2065549 2.107239798
13 1 3 7419902 2.108404820
11 4 3 14721374 2.109021892
13 2 3 95377 2.109647696
8 2 3 18096 2.112333070
11 3 3 369474 2.113352554
4 14 3 13219 2.113544136
5 8 3 428150 2.113915196
2 15 3 87981 2.114444918
15 1 3 372126540 2.115009034
7 10 3 590268671 2.115480822
8 3 3 2003 2.115799436
6 15 3 37797 2.116093498
6 15 3 52459 2.117113668
3 10 3 9228 2.117618254
2 12 3 60 2.118012298
11 6 3 29717 2.118382530
0 14 3 849183 2.118758506
1 9 3 97506586 2.118802164
12 6 3 122579085 2.119298252
15 4 3 2982 2.119652368
10 6 3 7398 2.119660036
3 14 3 63089 2.119808540
15 7 3 1696815 2.120499102
13 1 3 61575 2.120639558
12 7 3 459292 2.120854258
3 8 3 1476 2.122913376
9 2 3 16166640 2.123417256
10 3 3 162448 2.123851692
4 13 3 158 2.124448744
5 9 3 341 2.124636410
9 6 3 19477 2.124644072
15 4 3 13744 2.124725780
2 8 3 8116160 2.125007340
2 14 3 22212 2.125738190
7 10 3 1184510 2.126469854
2 15 3 151444 2.127716772
4 11 3 47361559 2.127759104
5 13 3 116028 2.128478372
10 5 3 406835 2.129310200
2 8 3 1856227 2.129841462
10 6 3 888743 2.129956702
6 9 3 22736672 2.130908520
3 10 3 23310 2.131190814
9 2 3 117609 2.131200490
3 12 3 422241 2.131537882
9 5 3 26116814 2.132415252
8 0 3 2470025 2.133134162
15 0 3 12696 2.133886300
2 12 3 2928 2.134325954
11 7 3 156404 2.137148674
13 7 3 5840014 2.137180874
12 7 3 2920912 2.137692602
14 2 3 356858 2.138013824
3 13 3 121970 2.140185752
13 3 3 15020 2.140471134
6 13 3 51165 2.140845812
2 12 3 15072377 2.141864428
6 11 3 4838137 2.142122168
10 2 3 64011 2.142638548
3 9 3 355 2.142737326
6 10 3 6867 2.143394302
13 2 3 724133 2.143569678
0 15 3 2248308 2.143757288
6 9 3 794394 2.144375106
5 10 3 11174 2.146141076
13 1 3 29675566 2.147093712
4 9 3 325996 2.147166548
4 15 3 941731 2.147474146
1 13 3 3557 2.147894240
11 4 3 28328 2.148188532
6 12 3 31083 2.148403650
3 12 3 13500293 2.150766508
0 12 3 969 2.151116458
12 3 3 7754 2.151649058
2 14 3 50354 2.151668036
11 0 3 32192 2.151805404
13 7 3 21341 2.152248406
11 1 3 2188 2.152330138
5 15 3 1302968 2.152398186
0 15 3 482688 2.153467884
15 7 3 8405043 2.153903660
4 8 3 188630 2.154086782
15 3 3 15542 2.154129886
7 11 3 1804 2.154576436
5 15 3 61992 2.155233538
13 1 3 25328633 2.157968756
7 10 3 15647112 2.158265750
3 14 3 30438 2.158470144
9 1 3 66101 2.159607194
7 9 3 1585750 2.161589826
5 8 3 793 2.162595794
13 0 3 260356069 2.162692488
9 3 3 1374 2.163318150
1 14 3 188533 2.164223164
15 0 3 18860237 2.164769618
8 7 3 691422 2.164799320
1 9 3 265317 2.165182096
1 15 3 25653 2.165475094
1 14 3 4980 2.166581590
8 6 3 141969 2.167104670
5 8 3 943 2.167859418
14 6 3 18708 2.168096648
0 15 3 52068 2.168847886
11 4 3 46374 2.169310202
0 12 3 12285 2.169612036
9 3 3 40587174 2.169862140
11 5 3 19406942 2.170353728
8 6 3 12931 2.170405852
0 15 3 10144005 2.170969418
5 9 3 14679 2.171403984
2 10 3 6541 2.171478676
9 1 3 19561 2.171743238
4 10 3 121164931 2.172407532
5 14 3 3964334 2.172970922
3 15 3 10821 2.173255900
8 5 3 3389909 2.173357864
7 8 3 294889 2.173697224
5 12 3 2013704 2.173927216
0 14 3 281112300 2.174588674
2 12 3 1041314136 2.176346798
11 4 3 15253 2.176651570
0 8 3 23068 2.176809778
2 14 3 27118634 2.176958264
5 8 3 1699440 2.179387614
4 10 3 2673215 2.181232648
14 7 3 916 2.181725644
12 4 3 819589 2.182318742
10 1 3 16059 2.183313368
8 3 3 267 2.183573568
15 5 3 24320919 2.183619768
3 9 3 754794928 2.184090724
8 6 3 48781 2.184139696
6 14 3 14095 2.185216222
14 0 3 49009 2.186821216
8 1 3 17803 2.186892888
11 5 3 3967595 2.187362382
3 11 3 9437268 2.188142696
5 8 3 1841 2.188326670
8 1 3 1509 2.189978238
6 11 3 11300 2.190016642
13 7 3 12915159 2.192100188
5 11 3 88508165 2.192485578
3 10 3 60200 2.193329870
14 6 3 5483345 2.193663592
12 6 3 1594832 2.193737678
12 0 3 10051 2.194729140
5 14 3 25049 2.195677430
7 10 3 36147 2.195773518
3 15 3 5334 2.195852872
9 6 3 4665995 2.196466744
4 12 3 209589 2.197204538
12 3 3 197198186 2.197272844
5 11 3 17478 2.197566230
14 3 3 8922 2.197711744
13 5 3 9415 2.198484128
13 2 3 9602 2.198722914
0 10 3 576 2.198770822
9 0 3 108673772 2.199807188
2 15 3 457910 2.200432942
15 7 3 13928 2.200930478
13 1 3 16434 2.201119494
11 5 3 153013476 2.201164084
11 2 3 8939 2.201448962
8 2 3 616634 2.201672470
14 1 3 30914 2.202304568
0 15 3 195695 2.202705752
8 5 3 7617365 2.204969200
6 8 3 55949 2.205626672
5 11 3 76298 2.206517338
6 15 3 3545488 2.206666570
8 1 3 6300384 2.207908462
7 15 3 176389 2.209057514
9 0 3 7406 2.209504082
0 10 3 11580573 2.210466002
2 12 3 15310812 2.211441252
1 15 3 546 2.211497950
0 12 3 26235 2.211599460
11 1 3 790 2.212353924
1 12 3 411829 2.212733388
5 11 3 140698 2.212998704
2 11 3 121 2.213373452
6 14 3 293044 2.214247628
2 14 3 66627938 2.214638308
5 14 3 2002645 2.214639930
0 9 3 94287 2.214951372
1 8 3 21957588 2.215867036
11 3 3 5647035 2.215874110
5 10 3 239652 2.216765220
8 4 3 389031 2.216908208
12 2 3 8177 2.217175390
12 2 3 25412066 2.217761016
11 0 3 28301 2.219392440
5 13 3 25774 2.220581192
14 0 3 57221 2.221497114
13 5 3 66865137 2.223556634
9 2 3 41905932 2.223742064
2 10 3 514997 2.224339940
3 8 3 134842 2.224665756
7 8 3 348995 2.225218664
12 6 3 365638 2.225318474
1 14 3 26533 2.225486582
13 4 3 31151 2.228043362
4 10 3 21227 2.228141548
13 0 3 26385575 2.228316762
6 14 3 10115 2.228950146
14 0 3 28860 2.229137784
15 1 3 922199 2.229519710
4 15 3 133097313 2.229626252
8 4 3 2253 2.230257090
3 9 3 30464 2.230567220
3 15 3 150110526 2.230619728
2 13 3 40801 2.230817650
4 11 3 1070 2.230885156
5 9 3 22948 2.232925542
14 4 3 7203482 2.233146528
2 14 3 2428 2.233329058
6 11 3 32277 2.234456902
2 15 3 11942266 2.235382324
10 7 3 124591 2.235510240
1 8 3 480 2.235578170
1 15 3 155838 2.235783374
9 3 3 278011 2.237643920
13 0 3 23918 2.239626116
15 1 3 1934 2.240111122
9 4 3 35691 2.240457024
13 2 3 2012 2.240774898
6 11 3 370633 2.242002166
4 13 3 6041531 2.242960512
13 6 3 61537 2.243311266
15 2 3 9518 2.243611420
6 15 3 10621 2.244243608
0 11 3 17940038 2.244600270
0 9 3 1982061 2.244652606
9 6 3 18605 2.246849792
8 2 3 35052 2.247037204
15 1 3 3377 2.247386620
13 4 3 2147150109 2.247528874
5 10 3 831456135 2.247706426
3 15 3 2233 2.247897604
6 14 3 119251 2.248204122
5 11 3 8883 2.248384128
5 11 3 149072 2.248788716
1 9 3 57483411 2.249196890
12 6 3 406 2.249622826
13 1 3 52902 2.252784934
7 11 3 1131 2.253048138
9 2 3 2131 2.254154486
15 5 3 22289 2.255084308
15 3 3 1547666 2.255675968
5 13 3 19076669 2.256776936
1 15 3 99423330 2.257029970
12 5 3 265833 2.257853692
12 6 3 678 2.257942396
1 15 3 132268786 2.257991440
15 0 3 71 2.258501230
1 15 3 3369 2.259459476
4 8 3 189379 2.259459678
7 9 3 88888 2.259690298
5 10 3 19853 2.259733040
9 0 3 3318 2.260349814
9 0 3 116717 2.260505308
1 12 3 2640 2.260587316
9 5 3 302173764 2.261030050
1 9 3 7631 2.261438672
6 11 3 504259 2.261610206
9 6 3 701 2.262381348
15 1 3 813078 2.264161754
10 0 3 18559 2.264837214
10 6 3 6647 2.265760838
10 2 3 95940 2.267993346
14 0 3 1864 2.268030936
4 15 3 1618 2.268522976
14 2 3 8990924 2.269421004
11 7 3 1884458693 2.269969468
0 11 3 1820 2.270011464
14 7 3 196088 2.270430074
4 11 3 127720424 2.270582414
7 13 3 5646156 2.271172034
1 13 3 448212231 2.271252014
8 4 3 616050 2.271837334
11 7 3 322865 2.272257208
7 9 3 757799 2.274376220
2 13 3 31765 2.274900740
5 10 3 2062 2.275195928
5 8 3 62621 2.276860530
8 5 3 4919 2.277113898
2 13 3 19637 2.277176030
10 2 3 1842739 2.277309064
10 7 3 98401472 2.278365884
6 15 3 1122461 2.278565198
1 14 3 60985 2.278802966
12 3 3 4334 2.278833112
10 5 3 51392702 2.279372100
7 15 3 2469220 2.280218348
15 3 3 5659 2.280288738
9 2 3 261577 2.280334166
13 4 3 1492738 2.280935990
9 7 3 430376 2.281265858
5 11 3 107413 2.281734012
0 12 3 17179190 2.282300144
9 1 3 3984701 2.282319548
9 6 3 4501336 2.282904306
9 1 3 174980806 2.283271670
6 12 3 154387 2.283501750
6 13 3 330950 2.284097440
1 11 3 118458 2.284430490
13 3 3 127206 2.284553752
15 2 3 43978 2.284944200
4 10 3 11460 2.285553444
9 0 3 167077411 2.285857286
9 0 3 635228176 2.286212116
0 10 3 1530849 2.286572024
3 13 3 58775 2.287305606
12 5 3 209308833 2.287416226
7 8 3 871741 2.288058380
15 0 3 26168404 2.288710180
11 7 3 1340408 2.289370540
8 7 3 217606493 2.290402832
7 11 3 705 2.290597214
0 11 3 14772 2.290651010
8 7 3 2028 2.290679120
11 1 3 15861680 2.291563204
14 6 3 3679062 2.292420424
10 5 3 3509 2.294752466
5 10 3 9433 2.294832658
0 8 3 9865846 2.295063186
12 2 3 1739 2.295185742
3 9 3 943006 2.295272850
7 10 3 88354343 2.295981042
6 8 3 1243 2.296495632
2 12 3 15018016 2.296509576
11 7 3 1825 2.296759482
4 9 3 26304 2.297670282
0 9 3 1794695 2.298111842
15 5 3 29258 2.298679422
4 12 3 444043 2.298809114
10 4 3 2016555 2.298904172
12 2 3 183374 2.299167852
4 11 3 944691 2.299218626
15 5 3 12570437 2.299266248
2 8 3 470972 2.299919252
2 8 3 13148185 2.300465890
14 5 3 3456 2.301132432
9 1 3 487 2.301305482
7 10 3 3891236 2.301366474
10 5 3 1900 2.301668866
12 4 3 61968558 2.301685278
10 3 3 641126 2.301977330
7 8 3 841476 2.301985392
0 9 3 1098166 2.302452732
10 1 3 7460 2.304205078
10 1 3 109780 2.304299142
5 8 3 31067 2.304348070
15 7 3 27405886 2.304594982
7 10 3 56232 2.305079500
10 3 3 109969238 2.305443002
12 7 3 33185 2.305691072
0 12 3 255336 2.307225730
9 3 3 35748 2.307237270
4 14 3 274846 2.307544046
2 13 3 1964 2.307740784
12 1 3 559483 2.308769672
2 10 3 3815372 2.308950040
8 0 3 688 2.309366668
4 11 3 9198 2.310428986
12 4 3 283062 2.310466504
10 2 3 14599914 2.310694356
1 12 3 237085 2.310750528
13 4 3 1478 2.310770844
13 7 3 171545 2.310810918
15 5 3 228617 2.311253804
13 0 3 1199326 2.311689490
2 11 3 1362 2.312060770
4 8 3 15515 2.312065388
4 11 3 2004 2.312166280
10 4 3 14417376 2.313085174
9 6 3 5362079 2.313633000
13 1 3 5371 2.314440826
4 9 3 27936 2.314602372
8 2 3 111878 2.314789020
15 0 3 173404 2.314853966
0 15 3 28669 2.314957578
4 12 3 21838 2.315096170
10 2 3 183360 2.315237698
13 0 3 26004 2.315665974
11 3 3 2677 2.316034606
10 3 3 357853 2.316616224
9 5 3 42555898 2.316881690
7 13 3 56760 2.317285508
3 14 3 1633560 2.317399294
1 11 3 110283 2.317498086
5 9 3 5911106 2.317574762
14 6 3 61174834 2.318305568
1 14 3 110980 2.319385054
1 13 3 1610295 2.319486384
1 15 3 879438 2.320767010
11 6 3 36940352 2.320823094
15 4 3 1158323 2.322150232
6 15 3 404 2.322347980
8 6 3 21699 2.323949910
14 2 3 101827 2.324031988
15 6 3 1600753 2.324730976
1 15 3 9397 2.324858688
1 8 3 62246 2.325099924
10 6 3 270769 2.325462312
11 5 3 380 2.325926462
0 11 3 171916 2.326793162
13 5 3 17535453 2.326944490
14 7 3 4610 2.328730280
5 8 3 21980 2.328935970
5 15 3 2176180 2.329097982
2 11 3 58250114 2.329725640
12 6 3 3074 2.330734700
12 0 3 2684 2.331770076
15 0 3 12222 2.332637264
0 15 3 1006101 2.333042412
14 7 3 160816839 2.333345500
1 8 3 22484 2.333445572
8 3 3 280682 2.334258840
8 5 3 266 2.334915084
7 8 3 123600 2.335951926
1 12 3 7632 2.336218884
9 6 3 22683 2.336376382
7 11 3 18599495 2.336414224
0 13 3 1491 2.337464898
0 13 3 10210 2.338221652
2 11 3 1512617 2.338396142
14 4 3 30380 2.338495252
8 7 3 27604 2.338539904
2 12 3 861738 2.338766048
7 14 3 6203268 2.339064966
6 11 3 29866 2.339253664
1 8 3 6468529 2.340408538
8 5 3 11977247 2.340738684
12 5 3 15842 2.341258780
5 11 3 6881830 2.341796420
4 14 3 219618 2.342549084
1 13 3 30347 2.343155594
8 5 3 1008268 2.343432278
13 3 3 182239 2.343838520
0 14 3 56122 2.344031204
8 1 3 984 2.344523954
12 7 3 178083071 2.345140854
0 12 3 5579 2.347784404
3 13 3 248306639 2.348663804
5 10 3 14819 2.348739976
6 10 3 51377 2.348964350
0 10 3 8533261 2.348990628
15 6 3 7643 2.349130122
14 4 3 176713 2.349819488
6 9 3 4684 2.349872804
2 15 3 130679 2.349911374
14 4 3 24989650 2.349975758
15 1 3 1136248 2.350309450
1 8 3 65453 2.351719766
1 15 3 105986 2.352665674
7 14 3 31031 2.352934534
2 13 3 194 2.352996018
15 2 3 316667149 2.353002966
0 13 3 147801402 2.354953370
5 11 3 30057706 2.356395756
7 12 3 6182 2.357357076
1 12 3 795168 2.357981572
2 13 3 13884 2.358558624
4 9 3 9755 2.359130160
2 11 3 2410505 2.359506700
14 3 3 7854906 2.359694962
12 1 3 11438 2.360167016
15 3 3 6290 2.360547548
7 10 3 32959236 2.361134342
0 11 3 114524 2.361652782
3 14 3 14553 2.363048808
14 0 3 2468 2.363712302
12 7 3 30376 2.363931714
3 9 3 1529205 2.364152678
13 1 3 32363 2.366076468
3 8 3 2007 2.366587838
1 8 3 49825 2.366601008
5 11 3 44244305 2.366652310
15 3 3 2056588159 2.366653634
0 10 3 30875 2.367697620
13 6 3 201653848 2.367886404
11 6 3 501861 2.368222418
7 14 3 1629989 2.369636312
4 10 3 1524655 2.369816780
15 2 3 3803449 2.369961956
12 4 3 1791 2.370044904
9 0 3 902 2.370245626
15 2 3 412 2.370560478
8 5 3 108816 2.370641078
4 10 3 2312473 2.371059112
0 10 3 8120126 2.371143152
2 15 3 1517210 2.371476068
12 7 3 14268 2.371918432
5 15 3 728 2.372883168
1 10 3 140966300 2.373043874
3 14 3 39416819 2.373520480
1 14 3 1693 2.373533988
4 8 3 1044073278 2.374000274
13 4 3 424473 2.374126302
8 5 3 203908 2.374705334
11 1 3 252619 2.375224290
4 15 3 75867 2.375637138
9 5 3 1487781 2.376163442
0 8 3 1358129 2.376700534
6 10 3 502479548 2.377110426
13 6 3 2566 2.378827722
2 9 3 988804 2.380440342
2 15 3 134661345 2.380846590
0 10 3 3901835 2.381763132
4 15 3 168018 2.382822816
10 2 3 404651 2.383570190
15 2 3 244919 2.384238048
2 13 3 203807 2.385258556
4 13 3 79647 2.385859378
3 10 3 136640 2.386817320
10 3 3 1878 2.386952108
6 14 3 53230368 2.387161040
7 14 3 2167967 2.387304938
11 4 3 1837842 2.387741402
15 3 3 90187 2.388212864
5 11 3 11147 2.388354826
7 14 3 279995 2.388379486
14 6 3 398550 2.388569450
1 13 3 2859139 2.388948498
14 1 3 128465219 2.389015296
15 4 3 22473 2.389906438
4 10 3 3882 2.390633818
5 9 3 19210 2.390826678
10 1 3 16498458 2.391264458
5 10 3 307413 2.391644162
1 10 3 7539 2.392828294
12 7 3 2107062 2.392891290
12 1 3 913 2.392988688
6 15 3 18211 2.393070944
3 8 3 1049266093 2.393804560
11 5 3 13536605 2.394032784
9 5 3 3750 2.395010656
10 5 3 981557 2.396056118
4 10 3 4945 2.396082612
8 1 3 27519 2.396235294
11 2 3 34330 2.397131084
9 3 3 105716 2.397391022
5 15 3 1465 2.397523616
7 11 3 77501 2.398425230
9 7 3 1984380 2.399121744
15 0 3 4039 2.399974494
12 1 3 6889 2.400011208
11 2 3 66480013 2.400182304
2 14 3 24013 2.400554234
6 13 3 790166 2.401109656
0 14 3 4997379 2.402100408
2 11 3 400628094 2.402209098
0 10 3 63497152 2.402710648
0 13 3 28 2.402773850
4 15 3 3895 2.402887542
13 6 3 185563562 2.403527248
5 12 3 84992 2.404537486
3 11 3 101605 2.404608998
4 9 3 262014262 2.404735968
3 12 3 2705977 2.405569666
4 8 3 4167393 2.406473238
5 15 3 90237094 2.407540524
10 0 3 1379634 2.407594178
9 5 3 3987591 2.407660220
12 1 3 2584 2.407848286
7 13 3 81642 2.408808904
13 2 3 917 2.409806866
4 12 3 477 2.409869352
4 9 3 29950 2.410024894
11 4 3 151306 2.410359178
14 3 3 51410 2.411159436
13 6 3 50365773 2.411164954
4 10 3 2752 2.411530068
3 9 3 3544 2.411953234
3 13 3 66755 2.412145392
14 5 3 156795 2.413049064
8 5 3 16747618 2.413049918
8 0 3 408386228 2.413244366
15 1 3 124611 2.413715086
6 15 3 124662 2.413927904
9 1 3 6331964 2.414127492
15 4 3 21338635 2.414374350
1 11 3 27107 2.414475740
6 15 3 7658242 2.416275690
11 3 3 9439 2.416296424
2 8 3 96325 2.416456392
0 14 3 7260948 2.416510292
4 11 3 172019638 2.416694642
12 3 3 27377 2.416992854
10 0 3 848 2.417180866
8 0 3 25258 2.417219218
1 15 3 769 2.418103378
3 13 3 22061 2.418198026
8 0 3 24321 2.418366100
12 0 3 63605 2.418487392
14 5 3 203698 2.418564066
15 3 3 1158 2.418696514
7 13 3 15851537 2.419430214
11 2 3 2949 2.419508508
15 4 3 3056 2.419979466
13 2 3 35350 2.420010094
0 14 3 14550008 2.421008936
11 3 3 1369759 2.421361094
3 12 3 1941589 2.421575174
12 6 3 114936 2.421666852
4 12 3 903827 2.422105818
9 0 3 1157 2.422120914
7 14 3 215610 2.422172622
2 11 3 9305 2.422173106
2 15 3 30481756 2.423047124
8 2 3 14490688 2.423298480
9 6 3 62965638 2.423537992
5 14 3 136174 2.424541824
13 3 3 49808036 2.425823178
7 12 3 5637652 2.425840854
1 10 3 3135 2.426470950
3 15 3 23360 2.426679244
7 9 3 112065 2.427325126
8 4 3 1025783 2.427609774
5 12 3 14580 2.428234050
3 15 3 26931 2.428735842
13 5 3 1681723 2.428802666
4 11 3 236497 2.428823464
10 0 3 14697 2.429696970
14 4 3 9712053 2.429877122
15 6 3 53398 2.430165878
4 12 3 709 2.430353234
14 7 3 31038497 2.430913268
14 5 3 1098 2.431333366
4 11 3 3841 2.431538108
6 10 3 25389660 2.431551048
5 15 3 37732 2.432361438
5 15 3 667871 2.433361566
1 13 3 130312259 2.435437402
14 0 3 67461 2.436953604
9 4 3 11535 2.437044362
2 15 3 1367 2.439126650
10 2 3 1455 2.440155116
4 15 3 365378 2.441750472
10 6 3 1616 2.441979076
15 1 3 1673 2.442153640
5 11 3 77 2.442711364
5 14 3 46734 2.443608578
5 11 3 225772 2.443941738
12 1 3 20833480 2.444296310
4 10 3 3982914 2.444544888
7 13 3 1207751 2.444995222
6 9 3 5570992 2.445105516
9 4 3 2812982 2.445807916
13 2 3 577764935 2.446173816
1 14 3 382835 2.446268416
7 11 3 830 2.446362316
8 7 3 26230122 2.446913902
9 5 3 29362014 2.447316760
9 6 3 26349 2.447349070
6 12 3 66729 2.448701198
5 12 3 414123 2.451178152
11 2 3 6929959 2.451360902
12 3 3 142231 2.451798598
2 8 3 24632939 2.452080278
8 3 3 256786 2.453582764
1 13 3 11150789 2.454476772
15 2 3 709429 2.454722752
2 13 3 301451833 2.455024938
15 7 3 618843 2.455036592
8 5 3 10558 2.455291698
13 1 3 31989374 2.455716326
7 13 3 357352 2.455923834
0 15 3 1306 2.456561562
8 1 3 1843026 2.456870858
9 1 3 92153 2.457396250
15 0 3 19019 2.457923128
2 14 3 595486 2.458832146
12 3 3 266322 2.459437844
0 13 3 1063513 2.460038932
8 4 3 865 2.460601594
14 7 3 287525 2.460879626
2 9 3 435 2.461317016
0 8 3 258618 2.461496456
9 1 3 684 2.461689446
12 6 3 1232 2.461875204
6 11 3 3655912 2.462146324
12 3 3 91746 2.462179844
15 3 3 39808 2.462400730
1 11 3 29687 2.462705234
4 12 3 165 2.463194242
7 13 3 82408 2.464229964
10 6 3 13633 2.464446182
3 14 3 779 2.464796150
10 1 3 595898 2.464905246
14 5 3 8960 2.465136016
9 7 3 401824 2.465169616
7 13 3 45952 2.465172556
8 5 3 3690 2.465674720
5 11 3 336934 2.466073614
6 13 3 10286 2.466704392
2 13 3 13196545 2.466966850
11 0 3 15672 2.467199006
10 2 3 260085416 2.467732914
7 15 3 2057 2.468022398
2 12 3 242524 2.468717032
4 14 3 633449 2.469015684
15 3 3 432081 2.469039648
13 5 3 16620 2.470044076
1 8 3 497120 2.470047228
5 10 3 2255136 2.470704722
13 0 3 714931 2.471417326
15 5 3 4777 2.471931170
4 11 3 14378 2.472823332
12 2 3 1428 2.473038798
2 12 3 22601 2.473306806
12 6 3 33838 2.473786696
11 4 3 11202 2.473818258
13 5 3 103999856 2.473910732
5 8 3 5781649 2.474678644
14 0 3 40309 2.475186082
3 15 3 241 2.475262926
15 6 3 45126895 2.477199974
0 11 3 271 2.477460446
15 3 3 644004 2.477995040
15 3 3 9454 2.478044360
1 13 3 112620645 2.478494990
3 8 3 12324021 2.479005502
5 8 3 55065 2.479467484
4 12 3 1993 2.480083026
12 7 3 93052 2.480437988
11 1 3 76567 2.480760782
15 2 3 7027 2.481032878
0 11 3 4119888 2.481326286
3 9 3 4416 2.481422054
3 8 3 323656 2.481667660
8 2 3 54787351 2.481723938
1 8 3 15584 2.481737266
12 2 3 193493 2.481832140
15 5 3 5975 2.482294150
12 2 3 21971 2.482846906
13 4 3 3086185 2.483404866
12 0 3 7665007 2.483428940
15 1 3 183917 2.484700482
12 1 3 301865 2.485584478
8 7 3 2503272 2.486947098
8 0 3 528077794 2.487906100
2 15 3 113638 2.487939036
0 8 3 236673257 2.488164970
1 9 3 109864 2.488593204
2 9 3 435658 2.490016918
2 14 3 12695 2.490063656
15 6 3 19626 2.490177376
5 12 3 33580141 2.492096454
5 14 3 232545 2.492597186
2 15 3 210392 2.492657050
2 11 3 4816 2.492785632
2 9 3 6726849 2.495437062
8 7 3 122909 2.495770570
14 5 3 6001 2.495884160
4 9 3 802 2.495933444
2 11 3 4334454 2.496877836
4 12 3 71439877 2.497879874
15 0 3 18425 2.498354388
7 9 3 29117723 2.500119756
2 10 3 6608 2.500204046
3 14 3 1937172 2.500889662
2 13 3 34724048 2.500921178
14 5 3 3645 2.501161888
12 6 3 119238053 2.501224670
4 14 3 4288 2.501825306
7 8 3 24900 2.503145112
0 14 3 3059 2.503678838
11 0 3 7596192 2.505026542
4 13 3 4911 2.505832238
5 9 3 7723 2.506112476
5 11 3 21230 2.506246632
10 4 3 2040561232 2.507216866
14 5 3 30222053 2.508359972
11 7 3 207134 2.509053418
3 15 3 22128 2.509428926
1 15 3 6499 2.509517348
15 3 3 247147 2.509953418
11 4 3 2436961 2.510358328
6 14 3 497856669 2.510654780
6 10 3 68731224 2.511027958
8 5 3 210024936 2.511252796
7 12 3 114929648 2.511694364
6 12 3 6298 2.512434202
3 12 3 1076912227 2.514596886
10 7 3 3977 2.515166372
10 2 3 1026 2.515573738
3 14 3 50793 2.516715670
6 14 3 1784722 2.517016930
15 0 3 32306766 2.517706372
15 6 3 183808 2.518374150
6 14 3 54569 2.519114560
10 7 3 893231 2.520762412
0 14 3 489615 2.521095236
6 8 3 30069457 2.521141960
9 4 3 79833 2.521294512
3 10 3 3521 2.521298092
0 13 3 153497 2.521676898
8 0 3 3722 2.521801972
7 12 3 151094 2.522291250
9 5 3 84217 2.522408338
6 11 3 44860 2.522554934
15 6 3 110883 2.522590722
4 8 3 7362 2.523385686
15 3 3 219448 2.523550324
3 14 3 23124581 2.523933304
5 15 3 228618 2.524293030
1 9 3 2307 2.524311570
11 3 3 14233 2.524387994
10 4 3 1655179332 2.524485396
4 13 3 1856440 2.525181218
6 9 3 4623507 2.525512886
0 8 3 38686 2.525797262
14 1 3 1425675368 2.526259270
2 13 3 18228 2.526327844
0 11 3 195053 2.526896596
2 9 3 7884 2.527191128
5 11 3 26249 2.527753378
8 4 3 171127339 2.527992198
5 11 3 35495 2.528566308
2 15 3 469832 2.529268474
11 6 3 458774 2.529470186
11 0 3 513579 2.530355400
3 12 3 1979 2.530501646
5 12 3 824576 2.530843956
8 4 3 174049 2.531375816
10 0 3 2626287 2.531517044
4 11 3 1285 2.531672706
0 11 3 3439 2.531920282
12 7 3 3154 2.532014104
9 4 3 432127 2.532361402
2 10 3 26946090 2.532557628
13 0 3 20344900 2.532868968
11 6 3 23864 2.533019940
4 15 3 25144426 2.533713666
12 5 3 7523824 2.534319192
14 0 3 5799 2.534666712
0 14 3 18389305 2.535181880
13 5 3 31164 2.535497596
8 0 3 10117 2.535847798
13 3 3 5944109 2.536694400
3 14 3 4142018 2.537731408
1 13 3 1588 2.538092584
0 9 3 442988 2.538236336
2 14 3 1484 2.539135740
11 7 3 3 2.539567568
5 14 3 8367657 2.540169030
7 13 3 493114918 2.540181810
13 7 3 326805 2.540280492
11 3 3 1928424 2.540419310
13 1 3 762755 2.540473090
15 3 3 17129900 2.540948200
3 11 3 3546049 2.542401254
13 5 3 301564 2.543226582
9 0 3 10555 2.543400598
0 12 3 790 2.543440460
3 15 3 33547259 2.543972448
11 2 3 1163 2.544026308
12 4 3 804 2.544756414
1 12 3 35402 2.544897034
10 5 3 1001 2.545107322
13 7 3 2532105 2.546363262
7 12 3 6618 2.546457240
11 5 3 3504 2.547037820
10 0 3 6001490 2.547174856
0 10 3 32951382 2.547451350
12 5 3 6287035 2.547796520
1 14 3 535060999 2.548426958
8 4 3 3833994 2.548627800
12 0 3 10239 2.549799546
15 2 3 2450 2.549926586
15 6 3 6394 2.549967742
1 10 3 3619320 2.550871698
3 15 3 58334 2.550984448
7 10 3 42471325 2.551489880
12 7 3 3883 2.552320052
12 5 3 63778 2.552405246
14 3 3 2279 2.552651986
1 8 3 213048 2.553015702
13 5 3 24584 2.553070460
3 15 3 1813256 2.554106720
5 13 3 35476 2.554849158
9 3 3 86838218 2.555234250
1 8 3 341 2.555539824
9 0 3 5344 2.557189816
14 7 3 5523 2.557235282
15 5 3 322313 2.557609712
0 11 3 10481 2.558996268
0 8 3 166506 2.559105916
13 5 3 899219 2.559194512
12 0 3 122598626 2.560215346
1 9 3 6831757 2.560538016
0 9 3 27462 2.560882208
13 7 3 845221 2.562738798
1 13 3 965 2.562763820
0 15 3 56119 2.562832358
6 14 3 40983 2.563393280
12 6 3 7989045 2.563524258
11 5 3 801 2.563588764
2 14 3 32896 2.565386672
3 10 3 636880 2.565491532
2 15 3 4826365 2.565868218
6 10 3 9801 2.565903952
1 10 3 65917 2.566697654
11 3 3 75072 2.567003648
14 6 3 49483 2.568347102
11 0 3 243306608 2.569296532
10 6 3 11796 2.570221864
6 12 3 852313 2.571261868
8 4 3 9047 2.573221870
4 10 3 41595 2.573441078
1 15 3 5160693 2.573568918
15 1 3 53641 2.574018140
10 5 3 328 2.574849948
5 14 3 164297 2.575809326
2 15 3 20868 2.576052048
6 10 3 654452 2.576429450
15 4 3 13487 2.576484632
11 6 3 36836 2.576848548
6 8 3 50596 2.576951718
12 5 3 16357 2.577707932
6 15 3 124 2.578376588
5 12 3 18486744 2.578969854
14 7 3 3912517 2.580551938
8 4 3 151293 2.581065114
12 4 3 11036 2.581432480
1 8 3 181966 2.581526298
2 8 3 373346 2.583208698
7 11 3 6181 2.583754334
7 13 3 443 2.584081204
10 7 3 594916890 2.584742856
3 14 3 28657 2.584838330
3 12 3 85236 2.585967198
10 2 3 661728 2.587485568
9 6 3 429772641 2.588120250
10 6 3 105257 2.588653502
14 6 3 115 2.591776822
12 4 3 599 2.592391258
9 3 3 15387 2.592576440
14 5 3 494073 2.593424282
2 14 3 4835831 2.593772050
5 15 3 6501 2.594355556
8 3 3 121579 2.594388954
0 15 3 38804 2.595297830
2 14 3 9346 2.595641504
4 11 3 12819 2.595690952
8 5 3 19172 2.595857848
5 13 3 189798 2.596543432
9 7 3 18542713 2.596686498
2 8 3 6477 2.597074438
13 3 3 35013211 2.598133954
0 10 3 4705 2.598513510
11 5 3 5047 2.598667724
4 15 3 5397 2.599200202
7 13 3 878 2.599523344
12 5 3 5024 2.600761780
0 14 3 201957 2.602251388
12 5 3 7540286 2.602976418
3 15 3 16361095 2.603035024
13 3 3 852 2.603277928
3 8 3 1643674 2.603478572
13 4 3 49331 2.603685262
14 3 3 2930535 2.603996854
14 7 3 1949130 2.604477546
9 2 3 56716765 2.604492148
14 4 3 122738 2.604893640
12 2 3 333075 2.605722672
11 5 3 237 2.606057464
12 5 3 50555 2.606390524
5 13 3 3579 2.608234154
10 0 3 64077428 2.609027284
11 5 3 22363856 2.609202268
13 0 3 80299 2.610399510
8 3 3 1205158 2.610623498
5 13 3 25879871 2.610749866
11 0 3 62853 2.611114658
0 12 3 21765314 2.611610292
15 4 3 59650 2.611757698
15 6 3 1018245 2.611938864
15 0 3 6386079 2.612966182
5 11 3 1847 2.613769092
5 12 3 401742 2.614201434
1 8 3 257063881 2.614514614
14 5 3 169601 2.615230648
7 13 3 208665915 2.616730256
9 5 3 14590 2.618168554
4 9 3 58192340 2.619140538
7 14 3 2866674 2.619376050
4 13 3 7666 2.622570280
3 8 3 771135 2.623137450
8 1 3 193654 2.623341922
5 13 3 60272 2.623811578
8 5 3 30815387 2.623831742
8 5 3 14335994 2.624947628
14 0 3 39947 2.626639414
7 13 3 1248 2.626768832
13 1 3 1845923073 2.626861540
7 13 3 6967 2.627129404
7 15 3 90219 2.628805712
6 13 3 382080 2.629097364
15 1 3 67390 2.629563902
4 8 3 2653 2.630036368
7 10 3 1030804313 2.630188974
3 9 3 127457 2.630257454
10 2 3 5621461 2.630466810
2 15 3 294000 2.631508386
15 6 3 378071 2.631873486
4 8 3 2206 2.632223224
4 8 3 47531 2.632715030
6 8 3 22573 2.633210970
13 1 3 6465581 2.633291540
1 8 3 9980 2.633699576
8 5 3 1047069 2.634781772
9 7 3 31028231 2.635310316
13 6 3 40353 2.635695508
5 9 3 606871477 2.635765428
4 8 3 88745 2.636384194
2 10 3 595322 2.636686544
7 14 3 2859836 2.636905104
13 2 3 31604351 2.637272218
13 0 3 9165717 2.637303136
11 4 3 243344854 2.637414194
14 7 3 423894025 2.637492952
13 3 3 246379 2.637500042
14 6 3 820614 2.639527442
13 0 3 80960 2.639748216
3 9 3 272 2.640423064
6 14 3 3314 2.640756742
5 8 3 24084 2.640890294
13 2 3 30078 2.641680196
11 4 3 15377241 2.641736526
4 13 3 1632759981 2.641803260
4 8 3 9501795 2.642140056
13 2 3 7668 2.642152350
5 13 3 23720693 2.642481776
10 0 3 97096 2.642993916
5 11 3 2507778 2.643344380
6 14 3 4915 2.644679660
3 11 3 1578 2.645053202
6 9 3 137377 2.645371094
15 7 3 41832 2.645451430
9 4 3 286 2.646106030
6 13 3 9999 2.646720690
5 13 3 201351 2.648518852
11 1 3 24520 2.648831734
5 10 3 31055281 2.650291388
8 0 3 358639 2.650742896
5 13 3 4067010 2.651326926
1 8 3 36917677 2.652146206
3 9 3 13664 2.652322916
1 15 3 63939 2.652342212
7 14 3 190544 2.652802956
4 11 3 342470 2.654328798
1 11 3 9541 2.654405154
5 13 3 25452 2.654540168
14 7 3 52223567 2.654615876
1 10 3 1171 2.654750988
9 1 3 106965 2.655563156
10 7 3 28866 2.656106724
0 10 3 289996664 2.657037944
4 13 3 18484 2.657650452
11 6 3 6370 2.657682942
13 4 3 1008113 2.658049394
6 10 3 435201 2.658954014
1 12 3 3252825 2.659124206
1 15 3 35804 2.659883806
10 1 3 181899 2.659916038
14 3 3 265561776 2.659945114
3 11 3 432 2.660397788
7 10 3 2341 2.660720804
3 15 3 15744 2.661423752
10 0 3 314350 2.662325820
6 13 3 14131 2.662410500
6 14 3 33003738 2.662768340
10 4 3 93256731 2.662878164
2 8 3 2485367 2.663225328
8 6 3 4842 2.663382624
8 7 3 118161423 2.663773400
1 14 3 187772 2.664354220
14 2 3 14067 2.664618022
7 15 3 10871 2.665100312
6 13 3 359848 2.665439880
11 7 3 165720 2.665755738
4 9 3 3316031 2.665989658
1 15 3 341579 2.666369128
0 10 3 1853723 2.666490110
8 1 3 269 2.667551628
1 14 3 8581 2.667572142
11 1 3 42862 2.668223030
10 2 3 69112 2.668814196
7 8 3 599870 2.668869642
12 0 3 83417945 2.669062368
3 12 3 30473 2.669093864
13 1 3 3878 2.669214414
5 12 3 10149992 2.669316082
15 6 3 11694 2.669669310
7 14 3 738322 2.670065302
11 4 3 11225050 2.671261162
4 9 3 24621573 2.671472668
4 10 3 51057 2.672170860
1 15 3 218590 2.672527818
9 5 3 35739 2.672623534
9 6 3 28004 2.672949136
13 2 3 1804523 2.674331608
11 0 3 373 2.674627028
4 14 3 4947033 2.675160808
10 4 3 220277 2.675161178
7 12 3 12519 2.675468336
6 11 3 75858999 2.675525300
15 5 3 1954 2.675919648
10 6 3 376313 2.676027578
7 9 3 652079 2.676129186
9 7 3 22777 2.676482326
10 6 3 188185927 2.676835064
10 0 3 1491971667 2.677271992
10 5 3 227970 2.677305708
7 9 3 47291 2.677445630
8 5 3 53083 2.677604624
4 12 3 885011 2.677800034
5 12 3 55464858 2.677806488
5 9 3 148799 2.678415702
12 3 3 19430715 2.679380216
8 5 3 694949 2.680067162
6 9 3 5995 2.680584736
2 9 3 49392 2.682565024
1 12 3 26171925 2.684210612
0 8 3 146512560 2.684498258
3 13 3 1185136 2.685274630
3 15 3 953576 2.686177360
4 12 3 41435 2.687180800
10 3 3 129302392 2.688103754
6 11 3 14569749 2.688555536
7 11 3 60936 2.689225320
10 7 3 8170757 2.689688482
5 13 3 42879 2.689830618
3 11 3 61242 2.689914962
15 4 3 3629589 2.689980232
7 15 3 942020 2.690225806
7 11 3 27945 2.690689592
9 2 3 3443 2.690730068
13 5 3 230325 2.690927002
8 6 3 4563294 2.691513322
10 0 3 68483 2.691646918
11 4 3 7942 2.691707660
8 5 3 249223 2.692286190
8 0 3 2097918 2.692784532
5 9 3 16215457 2.693528802
9 7 3 1262953 2.693818852
6 13 3 5701133 2.694127464
4 9 3 10977723 2.694818094
1 14 3 44422 2.694981418
12 0 3 30424 2.696173042
2 8 3 146564078 2.696306182
15 4 3 20576 2.696974264
4 13 3 4040326 2.698884350
1 11 3 5556390 2.699294978
1 9 3 407338 2.699568432
7 13 3 61916952 2.699959990
10 2 3 46848608 2.701013566
10 6 3 11276036 2.703509672
4 15 3 4392 2.703737552
14 5 3 876770643 2.704269770
11 6 3 6258 2.704632930
14 0 3 8569972 2.705955868
4 9 3 13227 2.708163694
6 9 3 222013 2.709451744
12 7 3 639080 2.710561532
7 12 3 36476 2.711766580
9 1 3 984411 2.712389884
0 9 3 7970 2.712791166
1 13 3 317309 2.712792894
10 5 3 24893 2.713843722
10 1 3 4535 2.713865810
9 3 3 11391704 2.714074260
0 8 3 1415654 2.714085576
3 14 3 118597 2.714236592
7 8 3 672013 2.715399588
15 6 3 3165619 2.715408948
3 8 3 258446 2.715959060
4 14 3 27736 2.716251696
11 5 3 1552070 2.717559538
7 12 3 902 2.718002022
7 8 3 194334197 2.719029192
12 1 3 187080 2.719376092
1 13 3 209451918 2.720491388
14 5 3 1326623 2.720547550
15 4 3 174731 2.723971816
0 8 3 126940 2.724168682
10 4 3 860 2.724836468
9 5 3 5044509 2.725674174
10 0 3 34824619 2.726382236
14 0 3 1042050 2.727225848
5 14 3 1039 2.727407092
8 7 3 27350 2.727597788
7 9 3 19605096 2.727740948
14 7 3 3432788 2.728186220
5 9 3 64189 2.728224002
11 0 3 3193 2.728588268
7 9 3 251010 2.728745666
11 6 3 1902 2.728758810
0 12 3 3907135 2.730031596
2 10 3 48222 2.730156390
12 6 3 45670 2.731087970
8 6 3 154553 2.731787074
4 12 3 155183 2.732960036
3 12 3 24954015 2.733720926
0 8 3 232541 2.734883088
2 12 3 3634 2.735041882
7 13 3 161440 2.735653564
2 12 3 87542 2.735960132
9 0 3 6019 2.736374686
7 10 3 1984 2.736968794
6 11 3 201117 2.737149156
0 14 3 487177 2.737292400
8 3 3 3969 2.737439514
10 2 3 42146 2.738775204
1 11 3 20855 2.739124736
14 4 3 147310 2.739132288
12 4 3 60069 2.739938352
10 2 3 80601 2.739960164
8 5 3 8981 2.740254130
8 3 3 4830880 2.740266160
15 0 3 1322924 2.741240486
4 8 3 45093 2.741640264
9 3 3 6884694 2.742152540
7 10 3 312704 2.742194342
10 5 3 1627572 2.742326862
2 12 3 87660 2.742377758
14 6 3 53451 2.742423968
15 2 3 229018 2.742532976
14 5 3 19840 2.742703954
6 13 3 75540 2.742726450
11 6 3 642160 2.743192350
1 12 3 1861485 2.743355032
14 6 3 7851 2.744695860
11 7 3 2965 2.744896834
12 0 3 22073 2.744941640
6 12 3 26795689 2.744996058
7 9 3 108980103 2.747061384
14 0 3 102414 2.748841122
4 11 3 16141 2.748868840
3 14 3 9847 2.748889864
7 8 3 226405 2.749019056
4 11 3 7697 2.749045506
10 5 3 191573 2.749792964
6 13 3 3614999 2.750598428
15 0 3 16222113 2.751091660
13 2 3 5447 2.751168624
13 7 3 676 2.751308460
12 5 3 598 2.751458860
13 1 3 148096 2.751527740
0 9 3 22494321 2.751626302
7 11 3 8367272 2.752125388
11 4 3 1808 2.752789472
10 2 3 15782 2.753310666
11 2 3 156681 2.753625506
15 5 3 2020 2.753921658
4 12 3 781254 2.754721344
11 4 3 9076 2.754931932
3 9 3 2131227 2.755423144
10 0 3 849 2.755568664
1 8 3 290248 2.755730762
9 4 3 844 2.755853922
13 2 3 29091593 2.756393066
10 2 3 649936 2.756547762
1 13 3 11231314 2.757063976
15 2 3 761 2.757156634
8 5 3 1694095903 2.757210920
6 13 3 5343 2.757703048
2 15 3 38282 2.757729898
0 11 3 159553655 2.758038910
12 1 3 83129 2.758108890
0 11 3 5645 2.759803906
1 12 3 3031 2.760235816
13 5 3 4463856 2.760376958
15 4 3 3384061 2.760664198
8 1 3 492 2.760861238
6 8 3 740534 2.760928296
3 10 3 91995 2.760971424
3 15 3 125039 2.761163510
6 9 3 8120 2.761423572
12 1 3 3170 2.761663618
9 5 3 489540 2.761823356
9 4 3 1788334244 2.762019418
11 0 3 29604 2.762333822
13 2 3 234855 2.762817162
9 6 3 115626 2.763110340
9 2 3 520 2.764276434
6 11 3 585033201 2.764330912
12 6 3 60923245 2.765748758
9 1 3 53251 2.766193260
14 0 3 37372 2.767253254
15 5 3 610 2.767393962
9 7 3 14205075 2.768980496
7 9 3 55275995 2.769545238
11 7 3 2039908 2.769844802
0 9 3 598629 2.770129184
10 7 3 82490 2.770207304
12 0 3 33666020 2.770543772
6 11 3 9235877 2.770683010
11 3 3 683984 2.770972122
6 13 3 18072 2.771511376
6 14 3 489990 2.771558326
3 8 3 93526 2.772335856
3 13 3 13765 2.772715444
7 14 3 2508 2.773310904
15 2 3 1038585 2.773762076
8 3 3 2829 2.773784304
2 9 3 40524 2.773884952
7 12 3 1043578 2.775371542
7 14 3 812 2.776147482
14 5 3 22542592 2.776812958
13 2 3 162345116 2.777940746
9 0 3 80659 2.778323416
1 15 3 7397 2.778609592
15 1 3 2458890 2.780170174
8 2 3 3981639 2.781023860
4 15 3 73750 2.781443568
4 13 3 230940 2.781679372
14 6 3 11884 2.782364388
5 15 3 19535836 2.782690334
10 1 3 2591219 2.782783924
2 11 3 69106 2.783086644
15 1 3 365155 2.783116130
6 10 3 1496 2.784041704
2 14 3 47780991 2.784260796
15 4 3 912473 2.785222978
1 13 3 3668 2.785605078
14 3 3 36762726 2.785768322
10 2 3 320425216 2.786604722
15 0 3 946079 2.786908014
3 9 3 52754 2.787078764
1 13 3 7592 2.787889402
2 13 3 435441 2.788331968
12 2 3 5280215 2.788865574
4 10 3 3262 2.789732852
15 7 3 4913948 2.790014768
9 5 3 912812 2.790208640
2 15 3 66115 2.790325628
0 11 3 1374 2.790783622
6 10 3 88424804 2.790988964
10 4 3 265449410 2.791126460
5 8 3 9024 2.791613260
11 0 3 683851 2.791966666
15 7 3 1619 2.792552654
12 5 3 344911 2.792664074
2 12 3 2884249 2.794009252
15 2 3 11811943 2.794283244
6 12 3 1558 2.794657918
2 10 3 21728 2.794763832
6 15 3 5800558 2.795291868
15 3 3 13042 2.795580598
1 8 3 3498708 2.796000414
14 2 3 16201 2.796628852
1 14 3 3097489 2.796845312
4 11 3 29602 2.796972414
1 13 3 2591449 2.797216998
2 11 3 63217 2.797722794
5 8 3 30212 2.798163812
6 11 3 40421 2.798613132
14 0 3 21616997 2.798905266
3 10 3 9362 2.799031396
6 11 3 459198 2.799931424
10 0 3 1176637841 2.800550368
15 0 3 43884 2.800732338
7 14 3 1120 2.801377046
0 12 3 2042449 2.802057280
15 4 3 14275 2.802340348
11 2 3 11039 2.802465634
0 8 3 58890 2.802550290
7 12 3 83456641 2.802849800
11 0 3 934 2.803370974
13 7 3 928356 2.803402638
15 1 3 19211 2.803522848
8 7 3 26146 2.803721694
2 12 3 53036 2.804045022
11 2 3 495 2.804554390
12 1 3 1020460570 2.804800716
15 5 3 91755 2.804874282
8 5 3 166296 2.804984248
9 2 3 49840041 2.805802408
10 4 3 2087 2.806041380
10 2 3 2209 2.806251302
3 12 3 86309627 2.806674486
2 10 3 11726 2.806693256
3 14 3 194264 2.806831082
9 3 3 3635 2.807720734
1 15 3 1452891 2.807826180
14 4 3 100391 2.808355070
5 10 3 110653 2.808443746
3 14 3 59616052 2.809078544
11 1 3 2749647 2.810009044
8 3 3 1575848 2.810456008
10 7 3 5438 2.810737692
10 7 3 8830 2.811239276
15 5 3 29606 2.813075484
8 1 3 3866 2.813306272
11 1 3 20282747 2.813385978
0 15 3 7073 2.813883412
4 13 3 8804 2.814500004
4 13 3 80064 2.814603648
6 12 3 22879 2.814868012
9 7 3 20397 2.815621484
2 11 3 529736 2.816695830
0 10 3 132898288 2.817763130
8 0 3 824110 2.818284480
5 14 3 25895342 2.819858808
2 8 3 39906 2.820304818
15 7 3 1714843 2.821110518
6 11 3 8370 2.821131672
13 2 3 11597 2.821445092
2 10 3 91495 2.821822328
3 8 3 516536 2.821894696
4 13 3 20919790 2.822616684
10 1 3 7315133 2.822777494
0 10 3 348 2.822907454
3 15 3 1034 2.823654872
3 12 3 1339 2.823814144
12 0 3 2143 2.824334772
12 4 3 21451 2.824950940
12 2 3 158217835 2.825221322
10 7 3 12357 2.825533684
6 9 3 3585 2.826583574
4 15 3 4081552 2.826653930
9 5 3 565 2.826709310
0 14 3 62807 2.826845786
1 12 3 91467736 2.827754120
1 13 3 11513 2.827944048
11 3 3 3673 2.828566578
3 12 3 74522 2.828928318
7 8 3 6282 2.829265312
12 5 3 665161 2.829685670
7 11 3 528671262 2.831194644
8 2 3 611 2.831236014
0 10 3 4302962 2.831540402
14 2 3 6725 2.831964116
3 9 3 12274 2.832363320
0 11 3 62098491 2.832951482
11 6 3 108577 2.833583464
4 8 3 121895603 2.834117634
11 1 3 212410 2.834878120
14 0 3 21786197 2.834958460
10 6 3 1387 2.835026684
4 14 3 251735921 2.835559956
3 8 3 256242781 2.835982610
1 9 3 6660280 2.836011648
11 4 3 15943 2.836461108
1 14 3 612331 2.837849438
12 2 3 1314039 2.838753040
7 15 3 115439088 2.838933736
10 1 3 3555 2.839132128
5 13 3 1084503 2.839433122
1 12 3 1660 2.839707314
1 11 3 2802110 2.840467616
13 0 3 32946627 2.840611682
6 13 3 986961 2.840824568
1 13 3 56841 2.840993446
1 13 3 42563 2.841025784
8 5 3 15874 2.841196490
12 3 3 434 2.841525978
6 11 3 279683 2.841683378
5 15 3 101319824 2.842104208
0 15 3 980 2.842360738
10 3 3 15302655 2.842628034
2 11 3 302238299 2.842802906
4 12 3 540907803 2.842853488
3 11 3 7163 2.843533638
8 6 3 21463 2.844691740
11 5 3 12750435 2.844941038
10 2 3 123581 2.845285110
7 12 3 115417 2.845532678
9 7 3 66968 2.845726190
5 11 3 1002143 2.845827010
10 4 3 22421593 2.846213004
3 8 3 1015 2.846735034
2 14 3 211292 2.846792024
6 14 3 1761 2.846899682
13 7 3 2706 2.847293440
6 14 3 2675 2.847828504
1 12 3 517150 2.848133044
13 2 3 283346 2.848155284
13 0 3 78068 2.848699996
14 3 3 261818 2.848701862
6 15 3 3268 2.848795860
15 0 3 1540537 2.848933284
5 8 3 18380 2.849037556
10 5 3 2082318 2.849186540
12 5 3 934 2.849797024
13 2 3 1824048 2.851291128
10 2 3 3774874 2.851310538
12 3 3 336 2.852450434
15 2 3 2921578 2.852656546
1 15 3 25308 2.852662088
2 9 3 395630 2.852814816
10 7 3 275339 2.852848886
7 10 3 2451200 2.853048462
6 15 3 84720 2.854289180
10 7 3 1638 2.854749714
10 0 3 2369 2.854780272
3 11 3 3810 2.855444236
3 15 3 7879418 2.855940834
14 5 3 29874222 2.857773896
12 7 3 1868290 2.858647374
5 14 3 971585 2.858695432
9 2 3 1348601 2.858897016
9 5 3 68814 2.859703902
14 1 3 125533 2.859859054
2 15 3 5737429 2.860891360
11 2 3 13126 2.861381678
13 6 3 20799110 2.861693890
9 7 3 173492 2.861889282
15 7 3 157498 2.861944684
13 1 3 89746 2.862247014
12 0 3 187784316 2.862406246
8 0 3 1444761 2.862756218
14 1 3 4021 2.864140486
2 11 3 5699110 2.864302878
7 10 3 447 2.864964018
3 15 3 3229621 2.865186168
14 3 3 189245 2.866342356
5 8 3 84489 2.866369784
3 15 3 381954 2.867418196
10 3 3 99756 2.867857540
12 4 3 3844 2.869628712
3 15 3 1016 2.870408874
13 1 3 5710 2.870556086
0 8 3 988219 2.870981956
3 10 3 28054285 2.871441416
11 7 3 144113 2.873024220
1 13 3 1557291 2.873042106
7 14 3 17314700 2.873146042
7 12 3 3805766 2.873593368
7 11 3 730114 2.873833654
3 15 3 3924628 2.873976938
2 8 3 1428433 2.874252936
15 6 3 1795 2.874433294
0 11 3 503158 2.875132644
9 7 3 128922 2.875315152
9 5 3 6815 2.875434180
9 1 3 1945 2.875913718
15 4 3 2506 2.877627798
5 13 3 4111015 2.878024048
5 11 3 27519 2.878332924
0 12 3 7627 2.878351412
9 5 3 23890212 2.878708908
15 6 3 100736 2.878799158
4 8 3 2563 2.878888946
15 0 3 5752 2.879808518
2 8 3 66438 2.880194922
5 13 3 23 2.880850850
12 2 3 175609 2.881109928
10 4 3 1486496 2.881339630
14 2 3 2819 2.881455894
13 7 3 174 2.882675060
2 12 3 1417971 2.882943224
8 2 3 4765 2.883772700
0 15 3 618196 2.883980790
6 14 3 15343 2.884665818
11 0 3 90792 2.884984420
6 10 3 287680 2.885478170
7 9 3 45751 2.885725702
5 11 3 3029 2.886001994
10 0 3 874 2.886568806
14 1 3 332471 2.887141990
9 6 3 6563 2.887309606
14 5 3 7807 2.887409878
13 3 3 3068167 2.888112104
0 9 3 637315 2.889352950
2 15 3 6444 2.889389358
14 2 3 116607056 2.889407294
3 12 3 8264 2.889675770
3 13 3 75842 2.890146698
3 12 3 3867 2.890151346
11 3 3 2458 2.890832612
9 2 3 28308 2.891241434
1 12 3 253088 2.891546672
5 10 3 4141349 2.892080246
7 14 3 2763210 2.892223330
7 14 3 87589987 2.893333450
5 8 3 30986 2.893443936
12 4 3 2031375 2.893498786
6 14 3 81061 2.894154258
13 2 3 1168 2.894655720
4 8 3 63921 2.894726806
12 3 3 5089 2.894791854
0 13 3 2957 2.894976726
13 0 3 924167109 2.895102750
12 5 3 57897 2.895110590
9 4 3 47060 2.895142426
7 10 3 1141 2.895703890
4 14 3 284308 2.896219690
15 2 3 74536 2.896500466
5 12 3 1496 2.896545930
5 10 3 210330 2.896579096
2 11 3 658934 2.896674420
10 2 3 58061 2.896683584
4 8 3 1997 2.897191896
15 0 3 15224 2.897314874
12 3 3 2894 2.897357322
15 4 3 26100 2.897775638
10 4 3 37362578 2.898251248
1 15 3 1767860685 2.898278202
4 8 3 58841 2.899297198
5 13 3 382519 2.899499066
15 6 3 911 2.900027116
13 4 3 102316 2.900897984
2 8 3 1952 2.901099484
0 9 3 3419 2.901145684
15 2 3 2916519 2.901291464
6 14 3 45676 2.902099856
1 10 3 1728738 2.902265952
4 12 3 173372 2.902343678
9 4 3 218529 2.903074678
8 7 3 436162 2.903077698
0 11 3 5267600 2.903269988
6 13 3 21223 2.903308634
15 3 3 26343 2.904204022
9 3 3 62519141 2.904235458
7 13 3 3760 2.904914206
15 7 3 31032 2.906039904
5 11 3 1606459 2.906101432
15 4 3 24414 2.907063798
10 7 3 9917 2.907069970
6 9 3 358777 2.907967768
5 10 3 8909 2.908297812
7 14 3 12620386 2.908322902
8 5 3 28653254 2.909030744
15 3 3 345 2.909561650
2 8 3 9691 2.909792638
7 11 3 20088 2.910553058
0 11 3 610 2.910737216
10 7 3 366919 2.911227770
13 4 3 30587 2.911323800
8 1 3 3122 2.912800790
11 4 3 3945 2.913134522
5 11 3 1299087138 2.913236306
13 0 3 106005 2.914521808
3 8 3 573 2.914720852
13 3 3 17142 2.916096072
0 10 3 3009645 2.916280210
3 15 3 14093 2.917010788
6 9 3 2278393 2.917034440
4 11 3 108171 2.917130136
15 5 3 11899 2.917192406
14 1 3 1775377571 2.917193982
11 0 3 5676 2.917577532
6 10 3 1205322 2.917706710
2 8 3 1470945210 2.917834192
1 15 3 10202 2.918939246
6 8 3 1001826 2.919123406
4 8 3 5170561 2.919858432
7 14 3 16481608 2.920697758
10 0 3 261257 2.921004458
11 4 3 823368 2.921419384
15 0 3 1033789580 2.921977730
15 2 3 3575 2.922361744
1 11 3 677 2.922508116
0 15 3 22543 2.922905174
0 8 3 260813 2.923277268
14 6 3 5471986 2.923932360
14 7 3 14691589 2.925068638
12 7 3 1769 2.925393836
12 5 3 537 2.925831390
6 13 3 3006026 2.925988950
7 14 3 31291344 2.926194270
6 8 3 857 2.926857698
5 13 3 308054 2.927144360
14 6 3 29394 2.927388540
4 11 3 96647 2.927731540
0 12 3 588 2.928012108
6 12 3 27096 2.928356264
0 10 3 5779 2.928542420
0 9 3 38950 2.928928234
8 7 3 48611 2.929719034
4 8 3 112901 2.930125266
6 11 3 1712339 2.930366754
14 7 3 143595 2.930431206
12 7 3 40586386 2.930497276
2 11 3 2310 2.932267648
0 8 3 3983 2.932525474
1 15 3 58597 2.932605864
1 9 3 917853 2.932648778
15 5 3 13756440 2.932651802
4 15 3 13569 2.932751080
11 3 3 2005 2.932787362
3 15 3 9064 2.933810710
13 6 3 266062 2.934215414
7 10 3 3136824 2.935520100
15 6 3 571338 2.935596788
8 3 3 246472 2.935783684
13 5 3 11480028 2.935888230
2 11 3 25328 2.936127888
12 5 3 78129712 2.938036262
11 1 3 662709 2.938091620
1 13 3 35601261 2.938115538
9 4 3 15868 2.938568226
7 9 3 759 2.938707598
4 15 3 630354 2.939039326
2 10 3 2415 2.939169018
12 7 3 1747 2.939941052
11 2 3 65369 2.941048420
6 11 3 124586797 2.941174666
2 12 3 11932 2.941598378
2 14 3 45192 2.941662368
12 6 3 28882317 2.942097822
8 2 3 3230 2.942232258
8 1 3 280 2.942436414
15 7 3 165854573 2.942561980
2 11 3 23587 2.943210404
15 7 3 3885154 2.943415576
6 15 3 9760 2.944124324
13 7 3 6600 2.944154902
13 4 3 238449978 2.944512912
1 13 3 65184913 2.945136960
11 4 3 1317 2.945229084
8 1 3 73986 2.945375790
6 14 3 623 2.945681700
15 0 3 3222967 2.946163310
5 8 3 22177 2.946321116
14 2 3 76484 2.946370052
0 10 3 31542 2.947102058
0 13 3 2557227 2.947415426
2 15 3 2043 2.948220012
15 5 3 109966 2.949989332
15 0 3 1572 2.950112810
9 5 3 459 2.950128014
12 7 3 641455 2.950444116
15 0 3 3295185 2.950521668
0 15 3 38027 2.950712692
8 5 3 62100748 2.951161886
8 7 3 595923 2.951642920
8 2 3 27516 2.951817538
15 2 3 324834 2.952417676
15 2 3 1911394 2.955325878
11 4 3 20226080 2.955419550
7 9 3 206015978 2.956035586
4 14 3 8843489 2.956225490
10 1 3 2087 2.956243734
13 0 3 313 2.956853018
5 11 3 25727893 2.956938012
14 1 3 93591 2.957099522
11 4 3 27981 2.957270008
10 2 3 32591 2.957854962
6 15 3 522483727 2.958390416
12 5 3 4133847 2.958906592
9 3 3 115320611 2.960536726
8 2 3 759262 2.960877710
2 8 3 3908087 2.961029054
0 14 3 1364642 2.963133800
5 13 3 13821 2.964427524
4 15 3 5802 2.965460156
8 7 3 57621 2.965726582
12 7 3 8584 2.966078074
13 3 3 11253286 2.966463436
13 5 3 173641 2.966764752
5 12 3 1288465 2.966846952
7 11 3 1232753 2.966899794
6 9 3 124786758 2.967454190
6 13 3 1769408835 2.968329652
8 0 3 4258 2.968617898
3 8 3 189647 2.968931074
3 10 3 693 2.969196196
8 4 3 6332 2.969548654
14 5 3 34698911 2.970465312
6 10 3 1976072 2.970490318
8 2 3 6787615 2.970566116
14 5 3 734279 2.971372022
13 4 3 255310581 2.971478426
11 0 3 3320 2.971913512
7 9 3 21440005 2.971968226
4 8 3 720223 2.972018986
0 13 3 4211 2.972097822
7 13 3 34486786 2.972687172
14 3 3 5410614 2.972826868
3 12 3 91402 2.973266754
2 13 3 17116 2.974748236
1 10 3 158774437 2.976478710
9 5 3 95328390 2.976786694
7 12 3 4090 2.977462106
11 6 3 517 2.977494674
11 4 3 794257 2.977568808
10 1 3 142006 2.977669096
14 3 3 400659 2.977798458
9 6 3 16839 2.978938528
10 1 3 1968009 2.979392840
6 15 3 463676351 2.979440588
5 9 3 139871078 2.980001238
10 7 3 43578632 2.980137592
5 15 3 427392 2.980236616
9 0 3 18983 2.980426986
14 1 3 2809865 2.980851936
1 13 3 8364 2.981524952
11 7 3 16477127 2.981579928
13 7 3 13286809 2.984391202
1 10 3 174819 2.984759774
12 4 3 20818 2.984850986
3 12 3 383068 2.985391912
6 13 3 944 2.985512288
6 11 3 772371422 2.985579024
12 6 3 46907 2.985747624
6 10 3 204753 2.986646232
9 0 3 6642 2.987049248
15 6 3 1509043577 2.987601236
11 1 3 53643042 2.989940264
14 7 3 16901113 2.990002386
1 13 3 11881 2.990336750
2 9 3 7551 2.990409392
0 14 3 1371251 2.990658040
8 4 3 636322 2.990869428
12 3 3 29184 2.991155848
7 8 3 34798 2.991685628
15 1 3 9142 2.991831380
2 10 3 2914 2.992485088
8 6 3 1399214 2.992799562
0 8 3 573 2.993555084
1 10 3 591 2.993604586
8 0 3 302 2.994654014
3 12 3 1532044 2.995154324
5 11 3 173580 2.996511360
9 5 3 32377778 2.996797740
4 8 3 11908 2.997895080
0 15 3 2514 2.998335162
7 12 3 1314999 2.998690966
1 12 3 4937558 2.999016344
5 14 3 10259860 2.999919194
6 8 3 16322544 3.000113902
4 9 3 157186 3.000568220
0 15 3 1554457 3.001285084
2 12 3 1759981577 3.001594638
8 1 3 2020104237 3.001996560
9 4 3 4369289 3.002546446
6 8 3 414847179 3.002959302
8 0 3 4107 3.003498590
12 2 3 619828 3.004327084
8 5 3 30257 3.004475462
1 11 3 13974 3.005024712
7 10 3 22842037 3.005027770
1 14 3 63371 3.005328074
0 11 3 1244 3.005411596
8 4 3 5454992 3.005603814
3 15 3 11783 3.006171590
15 1 3 627198 3.007075784
4 12 3 2017670078 3.007629312
1 8 3 15755 3.007672268
4 12 3 88705 3.007711566
10 3 3 13816436 3.008422964
12 6 3 623600 3.009256064
7 10 3 7449345 3.009673938
0 9 3 323 3.010003598
4 8 3 1605 3.010202910
0 12 3 7016 3.010837632
9 0 3 60351 3.011333066
13 3 3 1749367819 3.011986630
0 15 3 5074405 3.012190352
7 13 3 11543 3.012318354
11 5 3 175977 3.013539972
12 0 3 102278 3.014986236
5 11 3 3544705 3.015007978
15 5 3 72998 3.015993940
6 11 3 15343131 3.016804476
1 13 3 194884 3.016943138
5 8 3 7643067 3.017050080
5 9 3 121721520 3.017422280
11 5 3 12788 3.018243954
13 2 3 228 3.018836800
4 12 3 574081 3.019144776
7 15 3 247590098 3.019319252
3 14 3 389 3.019377766
9 1 3 5438400 3.020819682
7 12 3 26101 3.021303844
14 6 3 28993896 3.021553436
9 7 3 68260 3.024508080
15 2 3 332833 3.024547218
12 1 3 4328438 3.024829248
11 1 3 30611065 3.025257930
2 14 3 4341416 3.025282672
2 12 3 11842921 3.026835788
2 9 3 3561183 3.027287936
1 15 3 1292199 3.027478204
13 7 3 978636 3.029136754
10 2 3 704846 3.029372402
11 4 3 29105 3.029759548
9 5 3 134290 3.030233740
0 12 3 20197774 3.030447566
15 0 3 32685755 3.030640030
7 11 3 103485 3.030650372
14 5 3 85135158 3.031082194
2 13 3 761 3.031082328
8 5 3 9780 3.031219974
1 9 3 1772559 3.031278010
5 13 3 7748 3.031520834
2 11 3 504 3.032190058
15 7 3 416 3.032553768
10 3 3 8378718 3.033156720
15 6 3 13748 3.034589964
11 1 3 1035 3.034744408
6 12 3 4311 3.036265958
12 6 3 3589568 3.036394286
13 7 3 982 3.036942220
10 2 3 11921657 3.036991280
12 7 3 1781703 3.037522520
8 3 3 196062 3.037591972
4 13 3 106342 3.037986746
4 10 3 810159 3.038571628
1 13 3 43650 3.039054782
6 8 3 260588 3.039059620
3 10 3 1916876 3.039272126
8 0 3 2823 3.039380050
6 9 3 22264 3.039654368
8 1 3 26894 3.040008234
2 15 3 18423 3.040223392
14 4 3 29446596 3.040785184
9 4 3 35836 3.040865956
3 11 3 424 3.040984110
11 6 3 1783336294 3.041038126
8 7 3 178612 3.042363394
15 2 3 125885 3.042994892
6 15 3 538 3.044351370
7 14 3 35 3.044700120
4 14 3 118192 3.044951994
5 12 3 181172 3.045346262
11 5 3 87792 3.045391432
6 8 3 7279870 3.045783874
0 10 3 1930420 3.045938774
8 0 3 3433 3.046096856
9 0 3 53422 3.046234632
2 13 3 2782048 3.046253532
5 10 3 153815 3.046418032
10 5 3 97625 3.046711054
5 12 3 21264 3.047138800
6 15 3 849094 3.047185138
8 3 3 21519 3.047257460
7 8 3 24304 3.049390736
4 15 3 1245926953 3.050778314
2 10 3 380935 3.050869340
14 3 3 3278 3.051063022
8 0 3 410649846 3.052502416
7 15 3 2431 3.052578576
7 15 3 3980525 3.052908256
6 9 3 16634490 3.053892758
4 8 3 20761238 3.054070448
4 8 3 425808 3.054210188
15 0 3 239581 3.054616838
4 8 3 181091 3.055226002
14 5 3 1087933 3.055704758
14 0 3 2546352 3.057072780
7 14 3 153978 3.057782898
1 8 3 13019194 3.058479714
2 11 3 10425040 3.058496360
0 10 3 898841008 3.058686154
12 4 3 446931 3.059518276
12 4 3 3186 3.059947370
9 5 3 433 3.061410554
8 3 3 14931 3.061652222
3 8 3 7601948 3.061963338
11 4 3 214000 3.062528182
5 8 3 1961 3.063044104
11 5 3 1875 3.063948592
13 1 3 224 3.063981228
0 15 3 77796 3.063994610
2 9 3 1163733 3.064725578
8 5 3 19213 3.064955250
1 9 3 96419 3.065466158
6 11 3 1544581 3.065472062
9 6 3 1054245 3.065682826
2 8 3 37512 3.066169860
7 14 3 2509462 3.066523060
7 11 3 82777 3.067941122
5 10 3 126244545 3.068285920
14 6 3 119343961 3.069528428
8 5 3 3574029 3.070326720
0 9 3 500046 3.070461270
7 8 3 106427 3.070732020
14 1 3 45140 3.070756888
10 7 3 1094760 3.071003466
14 5 3 4147180 3.071101920
12 2 3 4047060 3.072469894
3 12 3 176388 3.072597950
2 11 3 314 3.073813246
12 5 3 2005256375 3.074193440
3 11 3 5461 3.074305928
15 4 3 673 3.075096366
8 2 3 12490 3.075139106
2 8 3 23826 3.076026832
12 6 3 1201 3.076335300
0 14 3 205133 3.076973040
9 6 3 658792359 3.077298066
10 7 3 22705 3.077954906
8 2 3 503 3.078796060
6 9 3 1049593 3.079388438
11 6 3 3497037 3.082394902
9 1 3 875603 3.082395610
0 11 3 116925 3.082814052
9 6 3 23354499 3.083045822
7 8 3 27310311 3.085110068
14 0 3 394741 3.085259424
3 9 3 2089 3.085603982
8 4 3 1386620 3.086221662
13 7 3 2090407 3.087089226
5 13 3 3734 3.087483334
3 10 3 29946956 3.087522832
2 10 3 197064 3.087842478
12 7 3 762636 3.088574548
8 3 3 93700 3.088825418
7 8 3 2404036 3.089703260
3 9 3 563417 3.090607856
11 2 3 367870 3.090717558
7 11 3 15743097 3.091173210
13 2 3 76733 3.091329120
7 8 3 108603 3.091816984
4 10 3 1126225769 3.092176558
9 5 3 1777790 3.092310212
12 4 3 3047321 3.092341586
2 10 3 130798 3.092441080
9 6 3 3541655 3.093807754
3 9 3 3141 3.094660724
13 3 3 321202 3.095833306
6 13 3 73521 3.096329152
12 4 3 127237 3.096513020
7 12 3 29842312 3.097026476
11 2 3 25150 3.097106670
14 1 3 97601205 3.097171094
12 5 3 530265 3.098175138
5 10 3 7556474 3.098355782
0 15 3 3055 3.099298878
12 7 3 4611956 3.099784516
2 10 3 5904 3.099869272
12 1 3 3298 3.099885588
2 8 3 24525 3.100963018
4 12 3 28689680 3.101190934
11 6 3 15547 3.101406084
13 6 3 2635 3.103154856
10 1 3 2175013 3.104006700
9 6 3 123580 3.104572478
2 14 3 2142678 3.105667594
12 2 3 3125 3.106055998
11 2 3 4134 3.106933560
7 15 3 5161033 3.107322106
9 2 3 3470 3.107540676
3 8 3 29424 3.110264682
0 9 3 86215 3.110348322
8 0 3 3106076 3.110597410
2 11 3 40868 3.111064878
1 14 3 996 3.111409618
5 12 3 4099243 3.112518756
7 15 3 884161 3.112728682
15 5 3 120640 3.112733468
2 15 3 288583 3.113490286
5 10 3 67480591 3.113755758
11 5 3 92926 3.115599050
12 0 3 3619 3.116108248
6 12 3 576772 3.116378678
3 12 3 1825400 3.116631118
3 12 3 14832 3.116895702
10 7 3 49366 3.116946370
11 3 3 656 3.116962736
9 6 3 36778773 3.117066124
3 8 3 1163640 3.117080944
7 11 3 1807828 3.117570172
14 0 3 68504088 3.119217914
1 11 3 2203262 3.119884404
4 12 3 120180284 3.120059098
3 11 3 949 3.121713964
2 13 3 375578 3.121833716
14 7 3 220065 3.122417134
15 7 3 3477664 3.122444938
4 11 3 673 3.122961566
11 3 3 6684 3.123028828
5 9 3 7735301 3.123541308
6 11 3 59877 3.124497100
0 8 3 7013 3.126349350
10 7 3 1104 3.126503746
12 7 3 231419 3.126573266
0 15 3 7808964 3.126762580
1 14 3 14943 3.126835346
3 10 3 6796 3.127033794
12 0 3 636 3.127315722
10 6 3 499 3.127389472
8 1 3 1566 3.129461450
7 10 3 5701 3.129475430
4 12 3 258472284 3.130576060
8 5 3 30961 3.131091600
1 12 3 52817 3.132143744
13 7 3 214140 3.132562854
10 6 3 28858 3.132883968
9 6 3 407867 3.132894948
11 6 3 2631641 3.133432382
4 14 3 938857 3.133540868
2 13 3 61711 3.133820904
7 14 3 5935 3.134504334
5 15 3 43557 3.134775254
8 5 3 5975316 3.134984552
2 13 3 13006073 3.134988720
2 11 3 872372 3.135491718
12 4 3 5284087 3.135646404
2 8 3 14788 3.135855830
4 13 3 8183480 3.136543242
8 7 3 14244626 3.136669440
8 3 3 238959 3.136679310
0 8 3 6576 3.136977184
11 2 3 13285024 3.137572742
7 10 3 287214 3.141647262
14 2 3 10935941 3.142144508
6 13 3 93236 3.142991294
11 6 3 14705902 3.143395276
8 7 3 6879 3.143875066
7 15 3 2590685 3.144241076
7 11 3 41834707 3.144792510
8 6 3 14060 3.145410998
6 9 3 61700 3.146026470
10 5 3 131006 3.146204024
8 1 3 6309 3.146319822
8 4 3 32347 3.146719070
12 5 3 764577 3.147334848
12 5 3 6367 3.147762690
5 10 3 530680 3.148392474
4 8 3 536242 3.148570834
6 9 3 4854331 3.149522174
15 2 3 958548 3.149612136
12 1 3 223224 3.149627924
8 7 3 80767 3.149749614
2 8 3 4747972 3.150071798
1 9 3 17815191 3.150078620
10 1 3 73751 3.151001308
13 4 3 2422675 3.151056366
10 4 3 3091951 3.151583654
13 0 3 2868 3.152185326
7 12 3 1957446477 3.152489298
5 10 3 19235 3.152599934
8 0 3 911970 3.152705686
5 14 3 59727 3.153078604
12 6 3 66397 3.153287732
15 6 3 3769535 3.153511452
8 4 3 13790 3.153832850
15 0 3 6502 3.154478678
3 14 3 10445 3.155681250
14 0 3 4807588 3.155759046
8 6 3 322423885 3.156053298
2 15 3 8768 3.157740326
12 6 3 83681 3.157848212
10 0 3 921356 3.158382298
2 11 3 6780572 3.158607310
13 4 3 733950 3.158732190
6 12 3 10862 3.159080750
2 8 3 784 3.159156158
4 10 3 10293 3.159541662
6 11 3 9143 3.161894176
4 10 3 1190012 3.162451850
15 7 3 268 3.162589626
10 0 3 46051 3.162677986
1 9 3 29843 3.162878520
4 15 3 202821 3.163075866
14 2 3 52236220 3.163214772
14 3 3 3961897 3.163709766
8 7 3 26830331 3.164286686
6 15 3 149666 3.164730360
4 10 3 10583616 3.166034724
2 12 3 9057312 3.166696174
10 7 3 118267 3.167775820
12 1 3 8436 3.168316346
9 3 3 5142 3.168535132
12 6 3 989 3.168896046
10 1 3 978 3.169334044
11 6 3 3287448 3.169536916
15 2 3 2892 3.169929648
10 5 3 11153 3.171583982
1 11 3 232174880 3.172470448
2 14 3 816911526 3.172678412
1 11 3 786785 3.172780452
7 13 3 1997101 3.172800732
12 7 3 911258 3.172933148
0 14 3 4155865 3.173679214
9 1 3 34490744 3.174484252
4 10 3 31820 3.174881676
1 15 3 666879 3.175318596
1 9 3 107389 3.175524224
5 9 3 39714258 3.176011814
3 11 3 8142460 3.176774558
10 4 3 550 3.176999484
5 15 3 130271444 3.177054918
15 7 3 4879 3.177961506
10 4 3 7646453 3.179525128
15 1 3 4032356 3.179721352
14 3 3 6077472 3.179872192
13 3 3 3315 3.179950586
0 10 3 2795 3.180229798
0 12 3 9501 3.180818372
8 3 3 1879 3.180820626
3 10 3 1589909 3.181677218
6 9 3 1717895 3.181711536
5 14 3 182118 3.183168660
10 3 3 112 3.183646176
15 4 3 2378515 3.183959836
13 5 3 1743728 3.184535300
3 10 3 80189 3.184671384
0 12 3 2712 3.184723018
5 15 3 4655 3.184822530
2 8 3 5506 3.185174134
11 6 3 2944 3.186435158
8 4 3 113912 3.186888498
13 3 3 1841994 3.187455570
13 3 3 25445 3.187590106
9 0 3 129638 3.187884244
1 10 3 533272814 3.188091562
5 8 3 1939 3.188674370
11 5 3 91386 3.188899540
13 2 3 10407 3.189083890
14 5 3 10318 3.189324138
4 12 3 72163 3.189408730
10 2 3 1623023017 3.189454286
6 12 3 57119 3.189468494
11 7 3 29994 3.190289680
4 14 3 36834 3.190653582
4 15 3 465 3.191345694
12 2 3 640 3.191725954
9 4 3 104507164 3.192038344
8 0 3 7494 3.193150094
15 0 3 848284 3.194446362
4 14 3 155196246 3.195129114
14 7 3 57188674 3.195620312
7 8 3 869828 3.195708784
7 14 3 204329 3.196234380
9 5 3 2670697 3.196706500
7 14 3 2287394 3.197037230
15 0 3 1637513 3.197263396
14 5 3 1500756 3.197926466
1 12 3 17738 3.198371184
6 9 3 5626 3.198587918
4 8 3 427 3.198625964
3 12 3 116307 3.198676478
4 14 3 8327049 3.200373116
1 15 3 43294 3.201267850
10 1 3 1169 3.201642788
2 13 3 403 3.202328210
6 15 3 34866 3.203525292
7 8 3 810090 3.204215032
11 1 3 64036 3.205053146
2 13 3 29176653 3.205164690
9 0 3 31429912 3.205219206
4 14 3 15178 3.205741312
3 12 3 2029642 3.205750932
11 2 3 232521 3.205781946
7 8 3 148443 3.206279732
14 3 3 7818 3.206529830
7 14 3 2238174 3.207125152
8 7 3 405797 3.207883364
11 2 3 233514 3.208803308
5 8 3 37693 3.208803458
8 6 3 1800 3.208841798
6 12 3 613892 3.209108952
15 1 3 471312 3.209462666
11 7 3 975773 3.209550344
15 2 3 624213 3.210572540
0 9 3 242563 3.211268412
11 0 3 363097 3.211489900
0 15 3 2482743 3.211555828
9 1 3 15436668 3.211629544
9 6 3 12935 3.211965952
1 12 3 93560 3.212818832
5 13 3 468123 3.212850562
7 11 3 522 3.213221478
6 13 3 37552 3.213776110
2 10 3 513969 3.213891280
4 11 3 327097 3.214548160
3 15 3 52159917 3.214830926
10 0 3 8250 3.216579914
1 15 3 238374 3.216640296
6 15 3 22598713 3.217570876
0 11 3 660 3.219189888
2 15 3 3038 3.222725038
5 12 3 141449 3.223069452
8 7 3 657 3.223570410
11 2 3 160507 3.224909566
14 3 3 326864 3.226256702
14 7 3 44716 3.226395552
7 8 3 14900573 3.226902450
10 5 3 407278 3.226972326
11 0 3 95513619 3.227299690
11 3 3 1796 3.227617160
6 10 3 21267 3.227677462
1 11 3 58267 3.229034010
8 5 3 97271730 3.230259636
12 0 3 5630760 3.230868580
15 5 3 1514 3.231685798
15 7 3 605694 3.231989700
6 15 3 16333 3.232310338
15 6 3 79117832 3.232639812
14 4 3 6800 3.232812900
5 10 3 281 3.232919806
2 12 3 1565 3.233433100
3 11 3 431 3.233794154
10 7 3 21189 3.234720792
10 6 3 63396 3.236075776
12 4 3 496 3.236640220
5 8 3 1501 3.236693758
0 12 3 2145647 3.236868492
6 15 3 58877 3.237186958
11 4 3 59868 3.237298626
4 12 3 3231 3.238589824
14 3 3 180018 3.239124292
4 10 3 8277941 3.239903728
7 13 3 716 3.240405166
11 5 3 2003773 3.240743816
2 11 3 4996 3.242026366
9 5 3 2023183 3.242497572
6 12 3 79458 3.242549106
8 7 3 10017 3.243747192
5 15 3 411 3.243849208
1 9 3 2779 3.244035190
4 15 3 440999 3.244171260
8 4 3 757 3.244699360
13 6 3 3 3.244717472
1 11 3 2033 3.244971668
8 3 3 128069 3.245232700
11 3 3 4520 3.246120744
12 6 3 30702 3.246154110
7 14 3 5750 3.247884500
10 0 3 3547617 3.248208728
15 0 3 1242785 3.248379172
1 10 3 2035 3.249009328
13 0 3 1463849 3.249567222
15 0 3 112799 3.249722948
6 13 3 667999 3.249771426
10 2 3 67565 3.250177306
9 2 3 349009 3.250209018
6 13 3 8604 3.251410706
10 7 3 51931 3.251513292
14 1 3 19174362 3.251771726
10 5 3 10357 3.252158582
0 15 3 7474443 3.252787914
11 3 3 34725336 3.252811584
7 8 3 9226589 3.253023310
13 3 3 25101 3.253174980
11 6 3 576 3.253401776
1 12 3 142529004 3.253741018
8 7 3 1899 3.253991376
2 15 3 31388770 3.254022778
13 0 3 790 3.254071520
8 6 3 5768 3.256168706
11 1 3 13714399 3.256218158
7 15 3 420579 3.256973124
0 9 3 436469620 3.257968322
10 2 3 59821 3.258119204
6 11 3 84268 3.258204380
0 12 3 21104821 3.259213892
2 13 3 20689 3.259305754
6 15 3 511794 3.259355368
5 11 3 39626 3.259751474
15 6 3 62026 3.260524760
9 4 3 7801645 3.260719628
8 4 3 197296 3.261272556
4 8 3 28202 3.261305342
13 0 3 5050770 3.261343420
8 0 3 69521 3.261458984
7 14 3 14653 3.261593166
2 8 3 94399 3.261595668
14 3 3 31800 3.261692178
1 15 3 303115 3.262100422
13 1 3 15702 3.263242114
10 5 3 47756 3.264827280
11 6 3 29427 3.265122522
4 11 3 205059 3.265216376
11 2 3 9748 3.265220122
2 8 3 264475 3.265488810
0 13 3 506374 3.265633390
1 11 3 9803186 3.265651066
0 10 3 86965635 3.265767202
1 15 3 74715 3.265790684
14 3 3 809412 3.267048570
12 4 3 189899 3.267635898
13 2 3 3140 3.267858988
8 7 3 7585 3.267878400
11 7 3 1961 3.268476970
11 6 3 311855 3.268967016
4 8 3 864826 3.269163444
6 8 3 126708 3.269207830
2 8 3 3144 3.269990506
13 3 3 160437 3.270945358
15 7 3 404189 3.271162222
2 14 3 33495091 3.272200346
10 6 3 37451270 3.272542214
14 5 3 760 3.273188026
0 11 3 96212 3.274454388
3 12 3 3577 3.274761830
1 9 3 398 3.274913500
13 3 3 2528 3.275231392
3 10 3 29654 3.275494270
6 14 3 329536 3.275661742
11 3 3 445782 3.275856870
13 2 3 28447 3.276078112
3 12 3 99474 3.276743258
12 3 3 182001 3.277236148
10 5 3 4645 3.277925440
14 1 3 11751 3.278340790
6 14 3 3775 3.278375220
11 4 3 4646 3.278878164
5 9 3 87526 3.280019904
1 14 3 50409 3.280036176
5 13 3 53842 3.280078288
0 8 3 16497 3.280587966
15 1 3 345338 3.283196636
0 10 3 14390 3.284054384
0 13 3 12665 3.285200520
14 0 3 7059 3.285392318
15 5 3 16866 3.286073150
12 3 3 1202944839 3.286126660
12 5 3 154330 3.286380418
5 13 3 2839920 3.286418954
11 5 3 100124 3.288159892
15 0 3 27395 3.288576260
12 5 3 186336 3.289571866
8 1 3 126658 3.289765258
10 6 3 414057 3.289998154
4 9 3 922422 3.290053462
1 15 3 49214870 3.290069546
14 3 3 26752 3.290339796
10 4 3 13405 3.290605658
10 3 3 926164 3.290759508
7 9 3 1024905 3.292334766
9 6 3 898 3.292429208
7 8 3 745979 3.292434554
8 3 3 4140 3.292447998
2 10 3 1455 3.292460308
2 11 3 30458636 3.292615678
10 7 3 138334 3.293829904
12 1 3 26456981 3.294746478
14 1 3 3136860 3.295107548
0 13 3 7272 3.295385536
8 4 3 113682581 3.295409882
5 8 3 5827172 3.296092454
8 3 3 1278933 3.297448694
1 8 3 148523 3.297916910
11 2 3 10353630 3.298531924
11 3 3 24903 3.298594136
10 0 3 225901 3.298652954
3 13 3 1665522 3.298723094
3 13 3 491851 3.300836856
1 14 3 388547 3.300962972
6 8 3 30406357 3.300997292
2 11 3 513803 3.301865748
1 10 3 82933293 3.302067192
4 12 3 5175 3.302459668
3 12 3 28019 3.303280332
14 4 3 206090083 3.303902002
13 5 3 14972 3.304136274
6 8 3 1029 3.304479342
9 6 3 64461 3.304854760
11 0 3 8886 3.304906060
3 15 3 22877 3.305098584
8 5 3 112558 3.305253696
0 13 3 10317410 3.305948732
13 7 3 2317 3.306057108
3 12 3 516414 3.306965204
4 11 3 541988 3.308757178
10 5 3 195552 3.310369772
5 15 3 96238 3.310643228
7 9 3 1638818 3.310985400
4 8 3 65177 3.311091568
4 14 3 41420 3.311322524
10 2 3 2998 3.311848998
12 4 3 29631 3.311944274
9 5 3 41401 3.312625238
13 4 3 81176 3.312670856
3 13 3 169031118 3.313710126
14 2 3 45894660 3.314137438
13 7 3 61 3.314455406
11 5 3 563659 3.314615616
3 13 3 8767 3.314806916
3 10 3 246150 3.314896640
13 7 3 4593076 3.315240736
7 10 3 11450 3.315790870
4 15 3 12709 3.316018220
0 15 3 12103400 3.316130948
15 6 3 14914 3.317283716
2 9 3 3590184 3.317348016
13 7 3 6641 3.317434180
14 1 3 4429 3.317650452
5 15 3 570 3.317994472
13 1 3 13721 3.318291918
0 13 3 9663 3.319381152
14 4 3 2971 3.319487262
11 3 3 641 3.320152972
12 0 3 4036894 3.320387790
4 13 3 10802 3.321292994
5 8 3 25334835 3.321854158
9 4 3 1486397 3.322685868
11 1 3 20926 3.322921258
3 10 3 29818 3.323561014
7 12 3 51547 3.323737508
7 14 3 305490 3.325253926
4 9 3 1306 3.326484042
6 9 3 2534 3.328530398
13 4 3 219618 3.328770206
0 10 3 1337785 3.329093508
1 10 3 11060 3.329292864
3 8 3 739787 3.329366046
1 12 3 15918 3.329560982
8 6 3 5523945 3.329939626
3 9 3 1694940117 3.330636192
10 3 3 66424 3.330657764
2 15 3 2062514 3.330864950
15 2 3 23003 3.330978034
5 13 3 54152 3.332135620
6 14 3 110297 3.332716330
14 1 3 124377 3.332916302
11 6 3 12223620 3.333444892
8 1 3 317175 3.333613368
7 15 3 3158 3.333800444
4 10 3 35806027 3.334210292
4 11 3 660 3.334217228
9 7 3 1299 3.334487460
0 14 3 52534 3.335370244
14 4 3 7153 3.336042386
1 15 3 948790116 3.336343014
7 12 3 436234 3.336433738
4 10 3 1771 3.336529838
8 3 3 84721 3.336560018
9 1 3 47868 3.336601484
13 1 3 34706 3.336936180
10 7 3 34494 3.337165144
12 1 3 5304 3.339342808
14 5 3 3892929 3.339343320
11 3 3 1750294890 3.339555278
1 11 3 103472537 3.340004428
2 13 3 19397 3.340051588
13 6 3 3860 3.340255296
9 4 3 420482425 3.341865830
14 4 3 1188 3.342446004
2 8 3 1012847 3.343485310
11 4 3 2143 3.344038732
9 1 3 4374 3.344076674
8 4 3 58841922 3.344152044
8 0 3 35347 3.345487644
2 11 3 6021578 3.345928340
13 3 3 109008848 3.346095064
15 2 3 115545 3.347664490
7 10 3 176042 3.347752702
2 11 3 98531 3.347787296
9 2 3 1361 3.347865524
12 0 3 2083940 3.349123286
11 3 3 121882 3.349602804
11 2 3 3678 3.349625556
3 8 3 1322596 3.350773154
8 0 3 427354 3.352064862
14 1 3 50559 3.353404390
13 6 3 63144 3.353560956
3 14 3 13606 3.354547668
1 11 3 102014835 3.355302824
15 5 3 16238 3.355610402
0 15 3 6695 3.355847474
4 15 3 5514515 3.355978202
13 4 3 734602 3.356464286
6 9 3 227954 3.356546208
6 8 3 499657 3.356598546
1 12 3 283746 3.357740882
3 14 3 41020029 3.357917940
15 6 3 901 3.358047834
14 5 3 692920 3.358804082
0 9 3 1283 3.359007980
6 8 3 996784 3.359297896
4 9 3 81095471 3.359534870
10 6 3 607395 3.359732226
15 0 3 4056 3.360130718
3 10 3 74771355 3.360523684
6 14 3 5274452 3.360814884
15 6 3 116721 3.360893626
0 10 3 26320 3.360993304
0 9 3 2084788 3.361342424
2 11 3 660042 3.361627872
7 10 3 826396 3.361679052
13 7 3 4574 3.361836940
12 7 3 1203030 3.361845636
3 8 3 627 3.362621616
2 15 3 22076 3.363377804
5 11 3 243736 3.364923536
6 9 3 14811589 3.365011966
15 3 3 1760 3.365055528
0 12 3 546101 3.365430660
12 2 3 267513371 3.366125920
10 3 3 657 3.366224324
15 1 3 1001 3.367595510
14 3 3 254947156 3.367725674
6 9 3 5797931 3.367854848
3 12 3 8627 3.368118664
0 8 3 107400 3.368395074
8 5 3 17002 3.368772970
5 10 3 76857 3.368897310
5 13 3 1655985 3.370107616
12 6 3 3424 3.370111036
13 7 3 747084 3.370637474
5 8 3 8049 3.371435196
7 13 3 9123 3.371628148
11 3 3 20576663 3.372369600
0 9 3 70798678 3.372723822
12 3 3 7596262 3.372844110
5 14 3 1818 3.373124302
6 9 3 2368 3.373264168
15 1 3 400 3.373430342
14 0 3 216969 3.373891846
4 12 3 12588 3.373906158
15 1 3 41393 3.374929560
7 12 3 95982 3.375483224
7 9 3 24311 3.375716890
4 15 3 15970782 3.376722178
11 5 3 4110316 3.377420532
15 1 3 33615 3.378049426
2 13 3 27767470 3.378961884
7 14 3 3002799 3.378988582
1 12 3 2063485 3.379176078
4 15 3 45380 3.379436676
15 1 3 6887 3.379491340
6 15 3 29135 3.380663284
15 4 3 32503262 3.381096642
3 14 3 33706070 3.382846856
5 11 3 422 3.383283630
11 7 3 12062896 3.383991806
8 7 3 1745 3.384094908
6 12 3 2263990 3.384408682
10 0 3 127379 3.384937066
1 10 3 15181030 3.385400580
11 5 3 22245 3.386308366
12 7 3 48857267 3.386355418
1 13 3 2720196 3.387039402
11 4 3 28135043 3.388170660
1 14 3 1629 3.388355254
4 9 3 343386 3.388779148
8 5 3 677768132 3.389344976
4 8 3 545 3.389395924
15 0 3 38854029 3.389428232
15 5 3 117477790 3.389436230
1 12 3 40753 3.389476156
12 0 3 13288 3.389623778
5 15 3 34095356 3.390055422
2 8 3 113878438 3.390576954
9 1 3 17849033 3.391180696
0 10 3 50130 3.391224730
7 10 3 56189 3.391671268
7 15 3 12335428 3.391682284
1 15 3 67589 3.391904532
8 6 3 66405 3.392148856
13 3 3 677 3.392824972
3 13 3 6617982 3.393300092
14 2 3 13752 3.393345456
14 1 3 23863 3.393868640
11 3 3 12383343 3.394644056
10 7 3 21539 3.394714656
15 2 3 1292 3.394892994
4 10 3 5771 3.395184274
6 15 3 4891 3.395562966
13 4 3 1696684 3.395976662
4 9 3 219688 3.396032700
14 5 3 452 3.396642764
1 15 3 8081135 3.396787656
8 0 3 2285 3.396837202
9 1 3 225340581 3.396854884
3 15 3 14167981 3.398252928
8 0 3 113146 3.398666036
1 12 3 1946787 3.399021410
14 7 3 162258 3.399244636
14 6 3 159195750 3.400624694
1 14 3 5020445 3.400925978
9 2 3 831634 3.402381550
13 2 3 1133 3.402505130
14 6 3 10932 3.402712544
15 0 3 21397522 3.403587714
13 6 3 249632 3.405246008
1 11 3 376011 3.405724102
15 1 3 229382 3.405791172
13 7 3 161495 3.405970318
7 9 3 2352940 3.405971238
1 14 3 2360848 3.406117008
15 2 3 115706370 3.407002184
7 12 3 32445 3.407939790
5 9 3 255954 3.407964808
7 13 3 222031 3.408160408
2 11 3 97792 3.408237214
0 15 3 7561746 3.409061144
2 12 3 1493664 3.409099288
10 7 3 3666 3.409377154
2 9 3 53430 3.409524836
8 3 3 255284 3.409972338
9 2 3 560 3.410106970
13 6 3 244 3.410514500
0 9 3 158068 3.410589952
14 1 3 6178 3.411002128
0 15 3 32266 3.411590790
0 12 3 105254 3.412395834
5 14 3 266627 3.412408912
0 9 3 3278835 3.412536246
9 7 3 11075502 3.412917580
5 15 3 256 3.413108760
3 11 3 16896386 3.413296190
7 8 3 14711 3.413741656
7 12 3 4059871 3.414401530
8 3 3 4719 3.415643302
7 9 3 973259 3.415739204
0 14 3 6360 3.415893860
9 7 3 1047 3.415979748
0 15 3 969581 3.416619276
0 12 3 5409778 3.416841234
3 15 3 58690 3.416911430
2 12 3 743 3.417388956
9 6 3 3530 3.417626072
7 14 3 74900 3.417680334
14 4 3 330474 3.418577956
7 11 3 8005 3.419751748
14 6 3 429308 3.420361716
11 4 3 5513766 3.420919110
3 13 3 457837 3.421194510
4 9 3 471092 3.422747050
13 5 3 1728426 3.422992010
1 9 3 2609345 3.423852506
5 9 3 52969 3.424232440
0 14 3 13459 3.424646990
7 13 3 1391 3.425163672
9 0 3 152917869 3.426115728
0 15 3 883586 3.426385508
2 11 3 6217 3.426535676
3 9 3 32800113 3.426641870
11 2 3 384620 3.426699974
8 7 3 393185 3.427221876
5 12 3 207098 3.427252274
10 6 3 504134 3.427936624
9 3 3 150659 3.428124280
12 4 3 31283 3.428210278
4 13 3 2006792 3.428219888
4 15 3 3567 3.428249388
5 10 3 1440 3.429059056
5 9 3 423365 3.429279086
12 1 3 1448 3.429308134
13 1 3 403331 3.429358222
0 13 3 22826039 3.429699338
13 0 3 15237 3.429711718
10 6 3 79093 3.430019148
2 14 3 1704860339 3.430328800
6 15 3 339113 3.430474066
7 8 3 9979884 3.430892088
4 14 3 1022238 3.431046414
6 15 3 12236 3.431184640
11 0 3 9789 3.431446716
0 12 3 1603572 3.431478624
7 12 3 1030766 3.432007262
12 1 3 1927 3.432827228
7 15 3 25615499 3.434049410
11 7 3 449264 3.435080922
3 12 3 1853 3.435333880
5 13 3 59905211 3.436018514
7 12 3 5352 3.437221988
6 12 3 3072462 3.438023644
12 7 3 40650952 3.438515486
3 8 3 714 3.438742300
0 8 3 60742 3.439381966
14 1 3 1992 3.439585484
3 9 3 2021527239 3.439737972
5 8 3 1535 3.439926976
9 0 3 153219 3.440492418
5 15 3 134369 3.441540464
5 10 3 35727 3.441805806
11 5 3 36841 3.441857070
4 8 3 9966 3.442192594
4 9 3 14305 3.442313980
7 15 3 31961 3.442410922
3 12 3 1224970 3.442601950
1 11 3 598 3.443132882
9 5 3 3581 3.444138566
1 14 3 3806 3.444238096
1 8 3 450452 3.444587516
1 14 3 17429 3.444893682
13 4 3 128338 3.445117578
14 4 3 14115 3.445641164
8 1 3 3775 3.445939636
2 9 3 51130 3.445996750
5 10 3 12636139 3.448024272
11 2 3 92853 3.449232384
11 0 3 13323 3.449663388
13 2 3 48002916 3.449917244
14 3 3 297307 3.450746206
15 1 3 5852 3.450788324
15 2 3 119196 3.451089848
3 15 3 3535 3.452672484
11 0 3 501634 3.452866706
13 4 3 244651 3.453985624
9 0 3 398 3.454062850
2 14 3 2373097 3.454564938
5 14 3 1513469 3.455152540
13 0 3 812620 3.456420534
7 13 3 1182256 3.456721544
10 6 3 11962 3.458073482
3 9 3 974775 3.458305200
0 8 3 227680 3.459116910
14 4 3 159371 3.459349042
7 11 3 1469067 3.459527866
14 1 3 248049 3.460418942
7 14 3 185447 3.460525634
8 2 3 5732 3.461170158
2 14 3 95232 3.461496662
7 11 3 89225140 3.462661338
13 1 3 12208 3.462742886
7 15 3 3284 3.462871350
3 9 3 22357696 3.463117266
5 13 3 1849 3.463265072
0 15 3 90093 3.464244484
9 4 3 1477734 3.464780886
14 1 3 3632815 3.464874724
9 2 3 118297 3.465081234
13 1 3 116078 3.467933788
12 0 3 3246 3.468182692
9 4 3 36428683 3.468871766
12 7 3 5313 3.469498448
6 14 3 71841 3.469722270
11 0 3 449 3.469741676
2 15 3 2328389 3.469768048
2 13 3 405252 3.470178092
0 11 3 1011638 3.471238118
0 14 3 960 3.471909052
2 13 3 72675203 3.471988976
9 7 3 241562 3.472569320
4 9 3 325 3.472760752
0 15 3 6982 3.473111938
9 7 3 35246 3.473643224
3 15 3 174409 3.473889486
14 4 3 2660602 3.474146292
5 8 3 4062 3.475463386
15 5 3 50115 3.475749910
6 11 3 6876 3.476589278
15 6 3 1529 3.477226310
15 1 3 7166 3.477334842
15 1 3 6442 3.477376876
4 9 3 28552025 3.477976354
7 14 3 3564738 3.477977644
3 14 3 129371 3.478392280
6 10 3 1680730 3.478824244
1 10 3 19332703 3.480257228
10 7 3 107957 3.480595706
4 11 3 112305 3.481190658
2 15 3 619 3.481380638
11 6 3 31787739 3.481470242
10 5 3 93257 3.482731222
3 12 3 33122070 3.482883118
1 10 3 65303 3.483248546
12 7 3 46172306 3.483737634
2 13 3 12818 3.484194852
2 9 3 207553031 3.484247086
7 11 3 15546546 3.485695348
10 1 3 56241963 3.485696440
12 1 3 2473607 3.486584020
7 8 3 8163601 3.488729692
11 0 3 180663 3.489242666
13 3 3 536 3.490414272
0 13 3 44416 3.492772784
5 10 3 160720329 3.495190998
12 2 3 40183 3.495270892
11 0 3 27447398 3.495303234
4 15 3 8756043 3.495322250
7 10 3 1206764 3.496361908
8 2 3 6519 3.496701332
3 14 3 810779 3.497744426
13 4 3 30553877 3.497939912
14 0 3 677612 3.498223952
2 10 3 163676 3.499282788
5 12 3 2707527 3.499474930
7 10 3 10631 3.500265304
5 12 3 2175123 3.501005530
12 2 3 39060 3.501804896
8 2 3 227122 3.502677602
2 15 3 92163 3.503071022
14 4 3 19769 3.503139604
8 4 3 80393 3.503390862
1 9 3 753 3.503527548
9 1 3 15860 3.504107400
9 4 3 7453624 3.504575416
12 5 3 640 3.504855852
7 11 3 31371 3.505081630
0 15 3 23903 3.505663758
14 6 3 31265 3.505748418
7 14 3 4813 3.505940366
0 14 3 428 3.506416360
9 4 3 902 3.506577690
15 5 3 34201003 3.506813670
10 0 3 299993 3.507434238
0 10 3 15541 3.507835606
11 0 3 3857584 3.507878550
6 12 3 2138524544 3.508509348
12 2 3 668950 3.509851912
3 13 3 164196585 3.509878496
3 13 3 4594192 3.510061994
7 15 3 3327 3.510073202
2 12 3 12843607 3.510085766
5 9 3 1548817 3.510167046
9 1 3 843377 3.510190524
6 10 3 131549305 3.510867000
0 11 3 52879 3.511025182
0 8 3 47682 3.511160278
0 10 3 42947505 3.511818948
5 8 3 30062122 3.512521826
5 11 3 251169 3.513240204
12 1 3 241703 3.514722366
7 13 3 3045 3.514994096
5 8 3 16184 3.515087286
8 0 3 123407 3.515963136
3 8 3 114644 3.516184852
6 9 3 27666904 3.516446320
1 13 3 106664 3.516573004
12 4 3 18472 3.516969026
11 4 3 40663304 3.517088486
7 14 3 709343 3.517116868
12 1 3 616366779 3.517942256
3 14 3 182451 3.518197462
3 13 3 71735 3.518276684
12 0 3 83225 3.518850742
1 9 3 9723 3.518979684
3 9 3 1243360 3.519570288
1 13 3 2274 3.520244012
13 5 3 76131430 3.520318000
15 7 3 72182 3.521335730
15 3 3 2123577544 3.522191546
14 7 3 1921722030 3.522197596
9 7 3 2304802 3.522977374
13 5 3 59819 3.524235784
7 8 3 77375 3.524322080
5 15 3 970050 3.525136920
2 11 3 3249417 3.525369400
4 8 3 789786 3.525529878
0 14 3 392 3.525875782
14 7 3 9266383 3.526926630
9 6 3 7361901 3.528596266
0 10 3 71462957 3.528680300
15 4 3 5622381 3.528845046
2 11 3 212675 3.529146424
3 10 3 35683 3.529338362
9 0 3 104102 3.529345410
15 6 3 43377162 3.530786314
9 3 3 10801257 3.531936464
6 14 3 4678 3.532153236
13 1 3 509676 3.532436576
4 8 3 32192 3.533563638
15 3 3 340720 3.534478352
8 7 3 60710 3.536145470
13 2 3 14081 3.536630076
0 11 3 8504 3.536749134
1 15 3 1070023 3.538440294
12 5 3 9278368 3.538564736
1 8 3 76301 3.539070502
4 15 3 1641 3.539156504
10 2 3 3037038 3.539177358
13 5 3 43192062 3.539937978
3 10 3 49270 3.540102028
0 11 3 170746727 3.540738358
3 14 3 3695 3.540815844
9 4 3 92581 3.541571674
15 7 3 1491 3.541573148
13 7 3 118223 3.541852568
4 10 3 728 3.542355162
5 9 3 47542392 3.542408916
3 14 3 5536189 3.542487728
5 15 3 99837 3.542498968
1 9 3 125084 3.542951372
9 4 3 495449398 3.543006234
7 11 3 5595 3.543120810
5 12 3 50673 3.543222520
13 3 3 1179542 3.543310888
11 1 3 471 3.543792674
11 7 3 16336 3.545088684
15 2 3 49719912 3.545179952
6 12 3 282741 3.545828794
11 0 3 54799 3.547809174
11 3 3 34794 3.547964328
3 14 3 557 3.548424194
6 9 3 1164 3.549489242
15 4 3 25051 3.550410206
6 10 3 86237 3.550745326
0 10 3 48388 3.552141048
11 0 3 228650 3.552512770
12 2 3 52129414 3.553424536
0 13 3 2290 3.553765908
4 13 3 27756 3.553950506
3 9 3 125746 3.554104796
13 7 3 581333 3.554626068
8 6 3 27259491 3.554628400
8 1 3 5304 3.555385062
8 2 3 10302627 3.555940716
2 12 3 3648973 3.556523960
5 14 3 6742 3.556592300
12 6 3 101521572 3.556749092
9 6 3 1653 3.556935408
1 11 3 70844 3.557203720
9 5 3 3998 3.557630086
12 6 3 6996 3.559596062
3 9 3 2357119 3.560025174
10 5 3 27864497 3.560339868
0 11 3 152814 3.560702294
14 0 3 26116 3.561041862
6 9 3 3982382 3.563280790
11 4 3 64411 3.564067588
3 14 3 283419 3.564158910
3 9 3 44557 3.564215930
15 1 3 19197 3.564620382
1 10 3 11862544 3.564961140
11 2 3 46198027 3.565241002
12 3 3 3888905 3.565361832
0 8 3 1276 3.565466994
9 5 3 243725 3.566640236
4 11 3 11568 3.566878704
11 1 3 2895 3.567372044
3 8 3 8499988 3.567375358
8 6 3 1653525 3.567377666
2 12 3 105550 3.567975852
2 8 3 7998 3.568801372
14 3 3 22541528 3.569300494
5 11 3 443470 3.570311410
10 4 3 1035507 3.572575218
11 7 3 465527 3.573103160
3 14 3 604303 3.573535216
0 15 3 24770883 3.573693554
1 14 3 3984519 3.573938992
10 6 3 4954 3.574421236
2 15 3 53700 3.574640580
8 2 3 136103 3.575773778
11 0 3 771561 3.576294540
6 13 3 54130 3.576522346
7 15 3 40247 3.576571630
12 2 3 951786 3.576801476
9 3 3 6442222 3.577776466
1 8 3 6177 3.577935128
10 0 3 1929 3.578143280
8 3 3 58861 3.579627234
0 8 3 1079725 3.579730218
8 7 3 2503 3.580128196
2 11 3 1801071 3.580235698
6 13 3 255993 3.580851238
8 4 3 2706553 3.581196886
14 6 3 32629 3.581477098
1 9 3 19803 3.581819368
1 11 3 209367 3.583330946
8 7 3 141705 3.583840004
7 13 3 96299 3.584488824
2 8 3 5032062 3.584974926
8 2 3 26613812 3.584990710
9 0 3 22461579 3.585542690
0 12 3 24721 3.586322200
6 15 3 38145 3.587318680
3 15 3 8200 3.587430894
10 0 3 26092 3.588138202
2 8 3 37145776 3.588670454
0 15 3 408225 3.589055106
10 7 3 701369 3.589127314
8 3 3 194097 3.589251264
15 4 3 141221 3.589265930
8 6 3 3476 3.589602816
4 10 3 10445617 3.589661988
9 6 3 1559 3.590051618
6 14 3 174192 3.591164718
3 13 3 408115149 3.591291188
12 6 3 34319919 3.592336226
11 0 3 18456 3.592743364
11 7 3 989446215 3.592867306
9 5 3 1659740 3.593101668
5 15 3 20600117 3.593350334
15 5 3 491766 3.593615622
5 10 3 29279 3.593808242
14 7 3 174671496 3.593840484
8 5 3 491922172 3.593886106
13 0 3 357 3.593965036
14 2 3 7377 3.594044982
9 6 3 8216 3.594301146
0 8 3 527693842 3.594683482
10 0 3 8352 3.595666078
3 10 3 88515 3.595870596
11 5 3 3686 3.596110808
12 3 3 345772 3.596359084
7 8 3 27186 3.596445016
2 12 3 4166 3.596548976
0 15 3 4663 3.596954872
0 8 3 13873 3.597493646
11 1 3 241083 3.597543584
1 15 3 259662 3.597994242
4 10 3 3324400 3.598527170
10 1 3 3473 3.598564040
11 7 3 1478 3.598784928
4 10 3 4795541 3.599489758
5 12 3 11012 3.599942408
0 11 3 420363 3.599964550
7 10 3 8281378 3.600954998
2 14 3 30815976 3.602258020
7 10 3 237562379 3.602529670
11 1 3 111629 3.603448208
7 13 3 103621 3.603795024
14 3 3 13321 3.603949066
10 5 3 315681 3.604187592
5 13 3 30793842 3.605189008
15 5 3 1964861 3.605704004
9 6 3 216687 3.605721182
12 3 3 1905 3.606036824
0 15 3 3063 3.608068652
14 3 3 12218 3.609510358
12 5 3 811025 3.609747150
11 6 3 14383 3.610278690
9 6 3 1082 3.610318406
3 14 3 4664 3.610479222
3 12 3 54375572 3.610495306
3 9 3 120194731 3.610518300
0 10 3 248033738 3.610585234
1 14 3 18608 3.610604024
14 3 3 227377 3.610778166
7 13 3 1039 3.610916294
9 1 3 6002 3.612371982
3 15 3 3861435 3.613420856
5 14 3 35118 3.613930352
11 2 3 16491 3.614122256
4 13 3 857344 3.614198026
10 4 3 8347 3.614589730
7 12 3 3673859 3.614626180
13 7 3 113078 3.615863422
1 15 3 17195 3.615892636
14 1 3 58141023 3.616487750
3 10 3 558110 3.616585114
8 6 3 997125 3.616820344
7 10 3 252782 3.617804836
7 10 3 1532086494 3.618224460
7 11 3 547 3.618464584
10 0 3 102536084 3.619587870
9 0 3 39024 3.619625358
5 8 3 15 3.620834760
11 1 3 962376 3.621554016
9 1 3 883350 3.622096128
1 13 3 7784 3.622617648
0 12 3 7611306 3.623234122
4 12 3 48147470 3.623753348
7 8 3 1058396 3.623867978
5 12 3 11599 3.624846170
14 7 3 61276 3.625330902
13 6 3 148224402 3.625354964
8 4 3 137211 3.625923784
3 11 3 1487541 3.626752320
7 11 3 12448997 3.626969898
6 14 3 1310081 3.627269090
12 2 3 32580 3.627620434
12 5 3 9582907 3.629335574
9 4 3 12654 3.629775972
6 15 3 104406 3.630820518
6 8 3 13436 3.631011952
3 10 3 67323 3.631242640
2 12 3 3845 3.631597640
15 7 3 27090 3.631950896
8 4 3 2541 3.632026842
4 9 3 60173 3.633256164
10 2 3 4914 3.634080496
7 12 3 26516 3.634729060
13 5 3 15748351 3.634806798
4 15 3 6553 3.634931246
8 6 3 205610 3.635416684
3 9 3 887 3.635446474
8 3 3 1903550 3.635802934
3 10 3 122955 3.636619892
6 13 3 2484 3.637314278
10 7 3 31460564 3.637566186
3 13 3 94798 3.638107832
8 5 3 86908 3.638232272
2 11 3 17734264 3.638303386
4 10 3 175 3.638880352
13 4 3 348639 3.639167622
5 11 3 37136 3.639617130
8 7 3 2106862256 3.639675748
0 10 3 490 3.640221768
6 12 3 1059066 3.640378414
5 14 3 20240 3.640624698
9 1 3 39818 3.640631658
3 15 3 30451 3.641323060
10 7 3 962 3.643314426
5 8 3 1207175 3.643530904
13 7 3 3550 3.643672204
8 4 3 684 3.643754634
12 4 3 235983 3.643762438
8 3 3 2572 3.643895466
3 11 3 28294 3.643923116
6 13 3 225 3.644345834
15 2 3 56251 3.644369748
15 7 3 208479 3.644418240
14 0 3 44770 3.644840848
2 11 3 463022 3.645178778
15 1 3 623593 3.645782786
6 13 3 223672 3.645854714
10 1 3 15548 3.646720964
4 9 3 18231 3.646812150
4 13 3 1251782 3.646857844
14 1 3 1234 3.647922136
5 12 3 1170720642 3.647963788
0 13 3 5636315 3.648002188
9 5 3 765 3.648681254
15 2 3 5992 3.648901956
0 12 3 3149682 3.649165536
7 12 3 25923 3.649375896
13 0 3 11406 3.649457942
4 8 3 2422 3.650297298
4 13 3 13794694 3.650468716
15 2 3 42972 3.650555098
14 3 3 5611 3.650981300
2 9 3 511951 3.651896686
0 13 3 32593 3.651901218
13 2 3 339 3.653206142
2 8 3 9650 3.653760426
0 11 3 94888 3.655032846
3 12 3 2003 3.655345720
10 7 3 116906 3.655375794
14 1 3 111043 3.655405310
5 15 3 8209 3.655656042
6 11 3 4350856 3.655752560
7 10 3 1020127 3.656412962
4 12 3 3938 3.656658936
4 10 3 48844 3.656752864
8 3 3 8207 3.656820194
8 6 3 124101 3.657421280
12 0 3 5311 3.657577552
4 8 3 78010 3.657710116
1 15 3 787445725 3.658726340
12 3 3 461868 3.659207120
2 10 3 53412 3.660435058
12 7 3 5772 3.660596434
13 2 3 120905 3.660871552
5 8 3 58387 3.661863820
5 15 3 509247 3.662350754
12 4 3 25334 3.663177558
0 8 3 944 3.663855306
4 13 3 180392278 3.664561120
6 9 3 1900801 3.664658600
3 14 3 1069776 3.664969732
8 7 3 254638 3.665616258
12 5 3 99611 3.666060508
8 4 3 14317 3.666289504
4 10 3 238166 3.666329892
3 10 3 1340013 3.666954152
2 12 3 2240 3.667654956
9 7 3 19790 3.669640864
11 0 3 4198 3.670600760
10 4 3 10453057 3.670664752
3 14 3 12741126 3.670974478
14 2 3 6240 3.671864516
4 14 3 3046184 3.672309548
6 10 3 25027320 3.672521406
11 2 3 1863117 3.673474546
6 15 3 13693 3.675047900
13 7 3 120688 3.675224390
5 15 3 201514 3.675318570
0 14 3 3639475 3.675717758
0 12 3 265991254 3.675918044
10 3 3 1496 3.676275806
3 9 3 619 3.676294330
14 1 3 1529357 3.677513276
14 3 3 116497988 3.677939028
13 3 3 64422681 3.677963806
15 7 3 143469 3.677970044
12 7 3 1680440 3.678576536
4 8 3 2347844 3.678583136
0 12 3 56554 3.678831116
14 4 3 268321348 3.679033596
14 3 3 41626 3.679793954
14 4 3 133478 3.680206016
1 15 3 27215 3.680738240
13 5 3 129756 3.681097638
5 9 3 575 3.681193516
12 2 3 2969650 3.681399826
8 2 3 60389 3.682038930
8 1 3 26608336 3.682580012
5 12 3 28126 3.684790516
9 4 3 136121 3.685120588
8 1 3 19518 3.685881854
3 11 3 30492 3.685896948
9 1 3 927 3.686118656
6 8 3 177834 3.686200576
5 11 3 53347 3.686598204
10 2 3 7253579 3.687330868
5 10 3 5860 3.689565326
2 15 3 202970 3.689872502
1 9 3 5783202 3.690065642
1 14 3 376098 3.691333728
15 4 3 609866 3.691458316
15 3 3 467814 3.691504762
6 9 3 996602 3.691746080
5 12 3 55100 3.691817094
10 0 3 149 3.691963354
3 10 3 5373 3.692925448
1 9 3 24592860 3.693787618
11 1 3 55484 3.694110306
6 11 3 5318 3.694343670
7 10 3 176585 3.694570424
2 11 3 20696724 3.694580710
12 2 3 468740 3.694724328
11 2 3 3052 3.696229692
2 15 3 29313592 3.696935580
14 6 3 8681 3.697138626
10 2 3 7597486 3.697467296
4 9 3 3933 3.697748662
0 9 3 1603047 3.698130600
12 0 3 494134 3.700560720
13 3 3 2523164 3.701482910
4 14 3 920669 3.701586028
14 3 3 5920 3.701586074
14 6 3 372911 3.701740322
13 4 3 201722 3.701987254
10 2 3 1813675 3.702135350
15 0 3 22199 3.702665828
7 14 3 102699 3.703742282
10 0 3 12860 3.704651116
1 13 3 1745865 3.705282006
0 8 3 7471 3.705589568
7 12 3 5615183 3.706067796
6 12 3 11485 3.706137444
1 13 3 258211 3.706389112
7 13 3 3870712 3.706651786
2 10 3 686828 3.707191686
10 0 3 76199 3.707214494
14 4 3 1974988 3.707461924
3 9 3 13156641 3.707643630
5 13 3 120375283 3.708014382
13 7 3 339247 3.709028502
8 0 3 73541 3.709215326
11 4 3 3734343 3.709511990
9 5 3 2813561 3.709563772
6 12 3 548246 3.709579756
15 5 3 218954 3.710307042
12 0 3 3259 3.710544828
12 0 3 134954 3.710819558
11 7 3 3976 3.710971524
13 2 3 32603 3.710975338
10 0 3 577085 3.711936212
7 15 3 2432 3.712070370
12 1 3 3470244 3.712179258
0 13 3 97318 3.713329760
3 8 3 142 3.713676426
9 5 3 75458803 3.713756892
10 1 3 7766993 3.715307218
5 12 3 24371 3.715723452
4 9 3 2009495 3.715868264
14 0 3 496935 3.718485824
5 14 3 8940 3.718819766
0 9 3 29 3.720583718
7 8 3 1641430 3.721553190
15 2 3 16116 3.722409536
0 12 3 4218 3.722552974
8 5 3 2614 3.723130618
3 15 3 378907 3.723808398
1 14 3 433031 3.724136902
8 0 3 78582 3.725000672
12 3 3 102876 3.725036412
11 3 3 246633 3.725046708
14 0 3 19975 3.725554336
2 11 3 1771628 3.726128056
4 15 3 19770 3.726374604
9 1 3 393011 3.726392330
0 12 3 9159 3.726897598
14 5 3 64470598 3.727399072
4 13 3 20655 3.727923364
13 1 3 7088 3.728123760
12 7 3 345417 3.728958096
9 7 3 3042680 3.729446682
3 15 3 184445 3.729960992
15 6 3 5287 3.730698496
3 11 3 222388 3.730824948
5 9 3 1962920 3.731157052
9 7 3 15438 3.731157712
15 1 3 175463 3.731295644
14 7 3 1409548 3.731437806
15 6 3 4583 3.731687060
15 2 3 50266 3.733629638
6 10 3 492786749 3.733952096
4 13 3 902265 3.734719392
0 14 3 27511 3.735431708
12 7 3 300439 3.736520298
6 8 3 49547171 3.738049016
6 11 3 75330 3.738332272
10 2 3 226302247 3.738393166
8 3 3 467407 3.739085170
5 14 3 661320582 3.739777354
8 7 3 1577216 3.739843144
9 2 3 105697 3.739969070
6 12 3 15236630 3.741540454
12 2 3 748 3.741705332
5 11 3 510092 3.741875274
15 2 3 116904 3.741973560
13 5 3 1627766 3.742058674
6 15 3 7216 3.742109046
4 8 3 1283419 3.742459978
1 9 3 13647 3.742469432
13 4 3 10013 3.742602208
1 13 3 104824 3.742619584
14 6 3 2435851 3.744191630
7 9 3 115773 3.744195854
3 8 3 480825 3.744973886
5 14 3 46068 3.746338442
1 8 3 3529092 3.747307076
14 1 3 21375 3.747323934
12 3 3 13942949 3.748428748
10 0 3 514641273 3.748688474
6 12 3 32058264 3.748782528
10 5 3 221756 3.748878106
6 13 3 15594348 3.748922384
15 6 3 389418030 3.749259430
13 7 3 34 3.749698614
11 5 3 47410 3.749824700
10 2 3 131627 3.750223962
12 5 3 15098413 3.750329766
8 4 3 32148931 3.750837710
8 5 3 31035736 3.750914208
10 4 3 129776 3.751676826
10 6 3 216883 3.751697028
11 1 3 6847 3.752367062
5 12 3 52635 3.752607352
5 11 3 662341 3.752982652
14 6 3 511660097 3.754208392
11 6 3 1549851 3.754558596
10 6 3 9033721 3.754845970
3 12 3 966 3.755668726
4 11 3 6159079 3.757580802
10 6 3 1861219532 3.757878734
1 8 3 16412811 3.759654204
7 8 3 967349461 3.759895042
12 5 3 143029 3.760501120
4 12 3 108559 3.760673414
0 15 3 404981 3.761502368
12 1 3 8411 3.761965212
4 12 3 37989 3.762289028
2 13 3 3000 3.762508954
2 9 3 44145002 3.762727184
2 11 3 29270415 3.762790002
10 1 3 2387551 3.762883632
9 7 3 1736391 3.762915956
10 4 3 391 3.763477432
7 9 3 19593 3.763697984
5 10 3 51615758 3.763717294
7 13 3 15631127 3.764019896
14 2 3 31931417 3.764137150
12 4 3 120993 3.765411552
10 7 3 11474230 3.765527812
9 3 3 221834 3.765691958
0 11 3 141564 3.765899550
13 3 3 61687 3.766365072
3 10 3 630113550 3.766424332
12 1 3 6316 3.766575170
6 9 3 143643025 3.766862124
6 13 3 69830051 3.767132308
5 13 3 194318 3.768010144
2 15 3 40479 3.768774016
13 7 3 3276516 3.768849508
0 8 3 4819 3.769326938
5 10 3 288783 3.769498636
15 5 3 129139 3.769664870
12 6 3 65175940 3.770442532
10 2 3 1978307 3.772542716
0 11 3 90342 3.772887974
10 0 3 164948720 3.773298288
2 14 3 4075 3.773313226
0 9 3 318069 3.773413898
1 14 3 13587 3.773804068
9 1 3 177861 3.774236460
15 6 3 2312 3.774574856
6 12 3 83862 3.775201286
0 11 3 5844 3.776500496
14 2 3 159422 3.776669162
4 9 3 12168038 3.777013876
7 12 3 7336364 3.777611468
15 6 3 151590 3.779492758
1 12 3 248120 3.783310510
11 7 3 55776 3.783413758
11 0 3 674332 3.784377260
4 15 3 116591 3.784560014
11 4 3 503158 3.786739808
8 0 3 237350 3.786844140
6 14 3 47362 3.787572000
7 13 3 9902 3.788475952
4 14 3 6732 3.788656822
1 9 3 27247 3.790639982
4 13 3 442 3.791005092
5 11 3 1302 3.791301432
15 5 3 611 3.791365160
11 2 3 115244 3.791658606
6 13 3 3469383 3.793221550
15 2 3 770351 3.793868952
8 3 3 168056 3.794605682
2 8 3 18597169 3.795384276
12 5 3 48513 3.795672742
13 3 3 4588613 3.796363510
9 3 3 5962 3.796858610
3 13 3 31070 3.797184406
3 11 3 4834177 3.797445244
12 6 3 48049 3.797923644
14 1 3 251200 3.798238826
5 12 3 550145 3.798821676
9 4 3 7111 3.800069658
2 14 3 10582 3.800322444
4 11 3 35055610 3.800684544
1 14 3 156467 3.801350778
3 15 3 64597 3.801381138
5 15 3 6505442 3.801485694
1 15 3 145432 3.802437488
8 1 3 48083636 3.802549126
14 5 3 28547 3.803060422
8 0 3 5700573 3.804678330
8 1 3 583 3.805218630
5 15 3 6243295 3.805253866
4 14 3 354240 3.805774390
4 12 3 83897754 3.805801886
4 11 3 15243 3.805803408
12 6 3 385268 3.806424734
11 0 3 77681 3.806501232
6 11 3 325503877 3.806506188
9 6 3 1151925 3.806681150
13 4 3 1683 3.807157926
13 3 3 398 3.807366432
4 13 3 31192 3.807661976
4 13 3 838991 3.807714742
5 11 3 207485 3.807716978
7 15 3 239273 3.807996328
5 12 3 481 3.808183440
11 1 3 9785093 3.809208508
6 8 3 3146933 3.809327092
15 0 3 27966968 3.809582874
0 14 3 6925 3.810578052
14 6 3 206698 3.810986292
0 15 3 107249 3.811535210
9 7 3 40564268 3.811610196
12 7 3 16427874 3.811846432
13 7 3 6000 3.811872376
1 10 3 1571089779 3.811946800
1 8 3 3581 3.812232482
9 2 3 591 3.812344236
2 8 3 25068 3.813304502
1 10 3 8357931 3.814004330
5 9 3 61024 3.814639536
2 10 3 31237 3.815318846
4 10 3 10188064 3.815347840
1 11 3 6613 3.815566934
11 1 3 94002 3.815865158
8 2 3 1291713 3.816631496
2 14 3 17896531 3.817201712
10 6 3 189758178 3.817609906
3 9 3 2317932 3.818406274
15 7 3 6335949 3.818560784
11 3 3 20081 3.819678186
0 15 3 5775 3.819805012
3 13 3 608 3.820668812
8 2 3 61566681 3.820797436
2 12 3 158675 3.822725728
8 3 3 4437253 3.822761642
6 10 3 670 3.822988392
12 5 3 149242 3.823174494
13 5 3 1991 3.823351138
10 5 3 63972 3.824151014
3 8 3 10900516 3.824521994
0 15 3 226891 3.825196138
0 9 3 10241 3.825377562
9 0 3 5779 3.825656844
0 14 3 16292304 3.826031998
1 13 3 111188 3.826545920
0 13 3 51150 3.826587316
8 7 3 210467 3.827775374
0 15 3 1613 3.828602706
7 11 3 1235476 3.828676588
7 14 3 1128754 3.828744478
15 1 3 1720869795 3.828806170
8 7 3 3781900 3.829247220
2 12 3 3291128 3.830338324
10 5 3 33542753 3.831251010
14 2 3 5019 3.831356174
0 11 3 145497 3.831610470
1 14 3 384655702 3.831815396
2 15 3 119686 3.832103554
7 11 3 3953 3.832342514
8 5 3 848566 3.832380764
12 2 3 5996 3.832414418
7 13 3 545 3.832789552
2 12 3 406 3.832870428
2 11 3 21657 3.833219184
7 10 3 294911 3.833980378
10 7 3 2102743 3.834063384
3 8 3 11342 3.834687476
2 10 3 522234 3.835009688
0 14 3 18456 3.835748116
14 7 3 125862 3.836001186
10 7 3 231626 3.836423440
12 0 3 6933400 3.836535474
3 15 3 1955 3.836820794
10 4 3 31001 3.837090116
5 11 3 818200 3.837279338
15 7 3 473 3.837361910
5 9 3 4351 3.838735796
13 5 3 11404 3.840335396
4 8 3 116752 3.840417186
2 10 3 1252824 3.840451846
3 10 3 1970545 3.840933474
11 6 3 8543915 3.841317872
5 10 3 1198 3.841342396
14 4 3 959079051 3.841352784
2 12 3 1755945 3.842064614
1 13 3 13693 3.842438222
14 4 3 43924018 3.842499516
2 15 3 288692 3.843060476
0 12 3 66548433 3.844026798
12 5 3 25284750 3.844248176
15 5 3 83742 3.844338056
5 10 3 22068 3.844576576
7 12 3 99770 3.844752036
15 1 3 1051156 3.845325300
10 4 3 4087037 3.846225164
1 8 3 84756 3.846805460
10 3 3 9014 3.848049548
5 14 3 559557 3.848393212
4 15 3 16995337 3.849998354
1 12 3 15424 3.850277818
9 7 3 204060 3.850409608
7 15 3 123380 3.850799046
0 15 3 271948 3.850847104
12 3 3 29390363 3.851409224
5 15 3 2444 3.851989392
7 11 3 8005 3.851995414
13 4 3 25888 3.852146924
12 5 3 686 3.852498534
3 9 3 16946292 3.852661156
15 2 3 20417 3.853183872
13 4 3 7752301 3.853209718
1 10 3 1877 3.854812046
12 4 3 20470 3.855184754
10 2 3 88018194 3.855582778
7 12 3 32261 3.856794246
13 5 3 152396 3.856928214
5 12 3 481324 3.857130376
11 4 3 337859 3.857313674
15 2 3 3158341 3.857373420
2 14 3 51711 3.857580940
10 1 3 190137 3.857909530
12 3 3 4743 3.858881888
2 10 3 15186 3.859417260
11 4 3 58009 3.859831016
1 10 3 43759 3.860103174
5 11 3 178015 3.860664432
14 6 3 25027324 3.860843020
1 15 3 327 3.861030026
9 5 3 21188 3.861559614
12 0 3 13432 3.862907684
13 1 3 3502 3.863166168
2 15 3 71486 3.863345246
9 4 3 3196 3.863881204
8 0 3 1405020 3.864724538
6 12 3 2784 3.865739710
0 14 3 65803141 3.867216784
8 0 3 5367 3.867284880
12 3 3 61327 3.867336388
13 5 3 496006699 3.867829104
7 8 3 15468 3.867851056
10 5 3 337959 3.868269164
10 4 3 25259 3.869024674
14 2 3 2214 3.869363122
10 1 3 9270002 3.869701820
0 14 3 54601511 3.869833102
8 7 3 224833 3.869843698
13 7 3 123433 3.870679818
10 5 3 62233 3.871092014
8 0 3 152404 3.871403366
13 4 3 10601425 3.871505282
7 8 3 18780 3.871511596
15 6 3 41233 3.871797954
1 13 3 961227 3.871944642
11 3 3 10146 3.872270332
7 9 3 126254249 3.872451882
11 5 3 6727977 3.872823682
2 11 3 656 3.873778932
12 1 3 45925 3.874164216
11 4 3 4747713 3.874245858
6 10 3 174407 3.874439732
11 6 3 52972 3.874765886
13 4 3 15986 3.874844112
2 8 3 34160 3.875106836
13 1 3 2395 3.876020106
8 3 3 215126626 3.876455066
7 10 3 39009 3.876841712
13 2 3 9224 3.877553274
10 0 3 463722 3.877987498
14 5 3 154907 3.877991842
2 15 3 3090849 3.878417072
15 7 3 969294 3.878826034
6 14 3 1127063 3.879190322
14 6 3 12936664 3.880506462
14 6 3 1001352 3.880613984
7 14 3 6943 3.881846578
6 12 3 148857 3.881970022
0 10 3 940836 3.882396934
14 1 3 1586 3.882485128
7 15 3 233393323 3.883181664
3 8 3 282 3.883226468
6 9 3 50947 3.883293612
0 10 3 4772 3.883443108
5 15 3 1570 3.883675718
3 13 3 7238150 3.884123808
9 5 3 24623 3.884730396
3 11 3 25238 3.885372782
7 11 3 39260 3.886722678
5 8 3 893412 3.887153222
5 11 3 498 3.887697902
11 6 3 38184 3.888702212
7 13 3 2056868 3.889078188
11 4 3 19 3.889174904
2 8 3 6949 3.889677968
9 4 3 40870 3.889966976
7 8 3 1410685 3.890039374
13 4 3 83944708 3.890320200
14 1 3 377865269 3.890770064
15 3 3 407 3.891128400
12 6 3 9907 3.891684730
6 11 3 2113884203 3.892375954
3 11 3 135032391 3.893155310
5 14 3 3929780 3.893407966
7 8 3 58216 3.893770590
3 12 3 9982 3.893794934
10 7 3 14233443 3.894087540
9 1 3 147912617 3.894392428
9 1 3 35439 3.894585114
14 2 3 31451170 3.895177596
5 11 3 4476928 3.895290280
12 5 3 347589 3.895747280
10 4 3 113284 3.895786404
1 8 3 215793 3.896481128
8 0 3 19521 3.896743266
7 9 3 87614 3.896866426
7 8 3 17170082 3.897147356
6 8 3 479829 3.898356988
10 0 3 22177 3.898767764
5 11 3 6083883 3.898912600
4 13 3 7777 3.900342772
1 9 3 6791 3.900525392
11 0 3 2820968 3.901423034
10 2 3 11044 3.901487976
14 0 3 26000239 3.901686922
13 6 3 293932 3.902698244
7 15 3 7519 3.902795534
8 3 3 49654820 3.903130368
7 11 3 1004 3.903823928
5 14 3 13115491 3.904834832
8 4 3 56518 3.904917826
15 4 3 32843 3.905130726
8 0 3 782 3.905237470
14 1 3 53235 3.907630318
0 15 3 66875 3.907875540
13 6 3 49117 3.908203230
13 3 3 7727 3.908286070
2 13 3 690833 3.908429456
5 12 3 277513 3.908446398
15 5 3 223356805 3.908856126
1 14 3 1057305 3.908991426
15 5 3 5359883 3.909372716
6 14 3 142611 3.909995052
10 4 3 521131 3.910182174
8 0 3 16418316 3.910439166
0 11 3 873520 3.910797762
7 14 3 1745455016 3.911258728
8 4 3 17498 3.911439862
1 14 3 3358496 3.911801978
11 5 3 127988 3.912817258
5 9 3 3202 3.912844864
4 9 3 1286328 3.912870992
14 0 3 27360554 3.912909264
14 1 3 60651717 3.913189960
5 15 3 117797633 3.913265594
10 3 3 3847868 3.913665910
7 15 3 177639 3.914149406
5 15 3 12313 3.914286854
0 8 3 66713878 3.914857302
3 15 3 970549 3.915336534
1 11 3 1752195 3.915416612
2 14 3 364 3.915908822
10 2 3 369373 3.916206048
2 15 3 2734912 3.916605590
7 13 3 3823 3.917238298
2 12 3 19550902 3.918701712
7 15 3 2355315 3.919559034
0 11 3 31582 3.919684914
11 4 3 17860896 3.919774620
12 7 3 150393 3.920934038
10 2 3 4982461 3.921441876
5 12 3 26039 3.921702454
6 10 3 14372 3.921730004
1 14 3 11703051 3.921786366
5 9 3 3145 3.921859412
3 14 3 61274 3.921965108
1 12 3 756 3.922185626
15 0 3 372 3.922385076
13 6 3 456694 3.922678254
0 12 3 226900763 3.922756112
2 15 3 7795 3.923010456
6 13 3 268836 3.923869114
8 4 3 27726939 3.923963112
3 10 3 2273072 3.923992384
3 9 3 47490 3.924081262
6 12 3 670801008 3.924244674
9 3 3 202 3.925145244
15 0 3 46646 3.925485096
13 1 3 1211073 3.925513008
2 8 3 203099 3.926626720
11 4 3 226517 3.928453974
5 10 3 244111 3.929112702
7 8 3 46508325 3.929298060
11 7 3 58806570 3.929451158
8 2 3 335398 3.929934230
3 14 3 3115407 3.930326704
9 3 3 10421 3.931592152
11 1 3 5554210 3.933036778
1 9 3 1414 3.933144476
2 14 3 73540 3.933277598
2 15 3 2085 3.934296326
13 7 3 1436256 3.934300736
0 10 3 11279218 3.935519628
4 11 3 3255 3.935698588
11 5 3 24166 3.935783728
11 7 3 1569541 3.936279964
5 15 3 122165 3.937866298
9 6 3 184523 3.938696452
14 3 3 891966 3.938749780
4 14 3 33888054 3.939925290
10 2 3 4611 3.940046422
14 4 3 252257 3.940299044
15 1 3 15323 3.941273024
11 2 3 39701 3.941737040
7 13 3 16878 3.941872370
5 12 3 851 3.942054068
15 4 3 75073 3.942641898
1 11 3 57500288 3.942713998
8 6 3 7993211 3.943616640
11 7 3 92909 3.943976248
4 13 3 2961079 3.944256362
10 6 3 2035 3.944873684
8 2 3 23940 3.945219420
14 4 3 22253 3.945820298
6 15 3 608512 3.946511494
0 8 3 1864297 3.946617568
3 12 3 12768901 3.948125696
15 3 3 935 3.948499174
0 12 3 188154 3.950068476
15 2 3 7925 3.950209780
5 9 3 81865 3.950921626
11 7 3 9253 3.951318436
10 2 3 89710640 3.951544458
3 8 3 818954 3.951566024
0 15 3 42009 3.952096776
13 7 3 4453 3.953129440
1 9 3 169236 3.953267132
7 11 3 15865 3.953294344
4 8 3 55036 3.953899964
1 13 3 819 3.953996446
2 14 3 26321 3.955083326
3 10 3 7146 3.955350266
6 11 3 4087 3.957014320
10 5 3 16390762 3.957287450
10 7 3 107 3.958791596
12 4 3 44110298 3.959104560
14 1 3 5521599 3.959241888
8 4 3 2745923 3.959901436
15 7 3 621 3.961053640
8 7 3 355828358 3.962121812
4 15 3 6354006 3.963166030
15 4 3 77618 3.963722908
2 8 3 934996 3.963830484
6 8 3 56970 3.963886236
10 5 3 909506 3.965690974
2 9 3 125517 3.965926380
13 6 3 11310 3.965939304
3 11 3 4048 3.966331712
2 9 3 5610600 3.966988306
0 8 3 153 3.967802750
9 3 3 17116 3.967886720
12 0 3 501955 3.968065662
8 5 3 105064 3.969153934
2 11 3 208469 3.969543978
9 2 3 10783289 3.969968698
13 7 3 27400 3.970869992
11 5 3 2694225 3.971026920
10 4 3 149805 3.971253544
11 4 3 89118 3.971649824
14 4 3 4154571 3.971791622
3 13 3 248396124 3.972125112
1 12 3 447 3.972918184
9 7 3 34621 3.974729442
15 3 3 115616 3.975134544
14 0 3 183738092 3.976255342
12 6 3 96956 3.977004352
12 6 3 50503 3.977038148
14 6 3 263194 3.977248946
13 0 3 7844 3.977355910
6 11 3 1721382 3.977476590
2 10 3 46864 3.977959384
15 3 3 25848 3.980687686
0 11 3 423492 3.980923992
13 3 3 553 3.981643498
11 1 3 3651351 3.981667566
14 0 3 3643350 3.981754888
14 5 3 341976 3.981785784
3 12 3 182725 3.982544620
0 10 3 176980823 3.982866388
12 7 3 24633 3.983620738
9 3 3 59087 3.984369624
5 9 3 46101 3.984583710
15 1 3 749 3.984761200
8 1 3 445750 3.984947026
12 3 3 8558 3.984998768
7 8 3 18742243 3.985048804
15 0 3 170767826 3.985643134
5 9 3 159915 3.987014200
9 4 3 372 3.987057990
5 10 3 11165 3.987060470
7 11 3 16146038 3.987349638
4 9 3 5571 3.987990982
1 14 3 78567 3.988036752
3 14 3 6326150 3.988504198
11 1 3 1502 3.990192492
11 0 3 56529 3.990288716
3 14 3 80819 3.991520366
8 7 3 9969339 3.991658902
14 2 3 11871 3.993906040
1 12 3 40187 3.994138736
8 0 3 62482942 3.995877010
