4096
0 1 3 10000 1024 0.161971340
1 2 3 10001 1024 0.131250538
2 3 3 10002 1024 0.143751466
3 4 3 10003 1024 0.141160537
4 5 3 10004 1024 0.166823561
5 6 3 10005 1024 0.163834974
6 7 3 10006 1024 0.174608978
7 8 3 10007 1024 0.134346942
8 9 3 10008 1024 0.151096091
9 10 3 10009 1024 0.131489861
10 11 3 10010 1024 0.140931899
11 12 3 10011 1024 0.155267764
12 13 3 10012 1024 0.131326798
13 14 3 10013 1024 0.139941883
14 15 3 10014 1024 0.162494222
15 16 3 10015 1024 0.157247074
16 17 3 10016 1024 0.141022031
17 18 3 10017 1024 0.159463284
18 19 3 10018 1024 0.170471523
19 20 3 10019 1024 0.130324938
20 21 3 10020 1024 0.170290963
21 22 3 10021 1024 0.164906970
22 23 3 10022 1024 0.147012526
23 24 3 10023 1024 0.137773975
24 25 3 10024 1024 0.177860654
25 26 3 10025 1024 0.146829727
26 27 3 10026 1024 0.134637292
27 28 3 10027 1024 0.134835819
28 29 3 10028 1024 0.172374718
29 30 3 10029 1024 0.160186302
30 31 3 10030 1024 0.170356414
31 32 3 10031 1024 0.166486589
32 33 3 10032 1024 0.156811405
33 34 3 10033 1024 0.178655788
34 35 3 10034 1024 0.148926719
35 36 3 10035 1024 0.157602032
36 37 3 10036 1024 0.171470233
37 38 3 10037 1024 0.160925988
38 39 3 10038 1024 0.173085345
39 40 3 10039 1024 0.158867607
40 41 3 10040 1024 0.165228592
41 42 3 10041 1024 0.132291219
42 43 3 10042 1024 0.141394914
43 44 3 10043 1024 0.144469398
44 45 3 10044 1024 0.133989599
45 46 3 10045 1024 0.141639544
46 47 3 10046 1024 0.135050071
47 48 3 10047 1024 0.143898680
48 49 3 10048 1024 0.161784222
49 50 3 10049 1024 0.148241609
50 51 3 10050 1024 0.148509048
51 52 3 10051 1024 0.140475352
52 53 3 10052 1024 0.143348891
53 54 3 10053 1024 0.176832729
54 55 3 10054 1024 0.162401769
55 56 3 10055 1024 0.160456550
56 57 3 10056 1024 0.138556932
57 58 3 10057 1024 0.166456340
58 59 3 10058 1024 0.138170125
59 60 3 10059 1024 0.148972772
60 61 3 10060 1024 0.179476168
61 62 3 10061 1024 0.161999988
62 63 3 10062 1024 0.157847487
63 0 3 10063 1024 0.164230713
0 2 3 10064 1024 0.172142596
1 3 3 10065 1024 0.168799996
2 4 3 10066 1024 0.141452404
3 5 3 10067 1024 0.131605012
4 6 3 10068 1024 0.145772652
5 7 3 10069 1024 0.143387044
6 8 3 10070 1024 0.140549142
7 9 3 10071 1024 0.177145486
8 10 3 10072 1024 0.173818381
9 11 3 10073 1024 0.145733894
10 12 3 10074 1024 0.162771933
11 13 3 10075 1024 0.149781595
12 14 3 10076 1024 0.175727379
13 15 3 10077 1024 0.152942593
14 16 3 10078 1024 0.143244008
15 17 3 10079 1024 0.142331375
16 18 3 10080 1024 0.158068407
17 19 3 10081 1024 0.143137080
18 20 3 10082 1024 0.159229300
19 21 3 10083 1024 0.174891144
20 22 3 10084 1024 0.149970025
21 23 3 10085 1024 0.140966038
22 24 3 10086 1024 0.179876880
23 25 3 10087 1024 0.155476315
24 26 3 10088 1024 0.134545471
25 27 3 10089 1024 0.132355819
26 28 3 10090 1024 0.135482457
27 29 3 10091 1024 0.161372302
28 30 3 10092 1024 0.169603968
29 31 3 10093 1024 0.151107998
30 32 3 10094 1024 0.133176385
31 33 3 10095 1024 0.149080964
32 34 3 10096 1024 0.179806069
33 35 3 10097 1024 0.156455717
34 36 3 10098 1024 0.178553919
35 37 3 10099 1024 0.173038985
36 38 3 10100 1024 0.130574051
37 39 3 10101 1024 0.166036091
38 40 3 10102 1024 0.164085518
39 41 3 10103 1024 0.156848517
40 42 3 10104 1024 0.143341259
41 43 3 10105 1024 0.162048090
42 44 3 10106 1024 0.135577609
43 45 3 10107 1024 0.151738263
44 46 3 10108 1024 0.152686185
45 47 3 10109 1024 0.177690796
46 48 3 10110 1024 0.173792647
47 49 3 10111 1024 0.143169453
48 50 3 10112 1024 0.155029306
49 51 3 10113 1024 0.138932594
50 52 3 10114 1024 0.175631392
51 53 3 10115 1024 0.173525928
52 54 3 10116 1024 0.144922240
53 55 3 10117 1024 0.161947475
54 56 3 10118 1024 0.160448511
55 57 3 10119 1024 0.137641963
56 58 3 10120 1024 0.168125540
57 59 3 10121 1024 0.156968952
58 60 3 10122 1024 0.168931324
59 61 3 10123 1024 0.156517684
60 62 3 10124 1024 0.130028595
61 63 3 10125 1024 0.146207803
62 0 3 10126 1024 0.130973837
63 1 3 10127 1024 0.176454931
0 3 3 10128 1024 0.173936094
1 4 3 10129 1024 0.171583276
2 5 3 10130 1024 0.145375706
3 6 3 10131 1024 0.132896258
4 7 3 10132 1024 0.173900480
5 8 3 10133 1024 0.177347472
6 9 3 10134 1024 0.134282673
7 10 3 10135 1024 0.154299523
8 11 3 10136 1024 0.133460626
9 12 3 10137 1024 0.168030108
10 13 3 10138 1024 0.168291721
11 14 3 10139 1024 0.136419573
12 15 3 10140 1024 0.153764119
13 16 3 10141 1024 0.157490180
14 17 3 10142 1024 0.143252831
15 18 3 10143 1024 0.173621652
16 19 3 10144 1024 0.151156897
17 20 3 10145 1024 0.140589910
18 21 3 10146 1024 0.156964804
19 22 3 10147 1024 0.166496553
20 23 3 10148 1024 0.140057553
21 24 3 10149 1024 0.145585815
22 25 3 10150 1024 0.179757468
23 26 3 10151 1024 0.162493903
24 27 3 10152 1024 0.151905004
25 28 3 10153 1024 0.155878792
26 29 3 10154 1024 0.136050210
27 30 3 10155 1024 0.141234867
28 31 3 10156 1024 0.146904278
29 32 3 10157 1024 0.159415436
30 33 3 10158 1024 0.141505737
31 34 3 10159 1024 0.141010869
32 35 3 10160 1024 0.133549654
33 36 3 10161 1024 0.161555148
34 37 3 10162 1024 0.141447089
35 38 3 10163 1024 0.175271001
36 39 3 10164 1024 0.172981770
37 40 3 10165 1024 0.133542867
38 41 3 10166 1024 0.141900232
39 42 3 10167 1024 0.163448889
40 43 3 10168 1024 0.140711840
41 44 3 10169 1024 0.136615592
42 45 3 10170 1024 0.176775712
43 46 3 10171 1024 0.158552155
44 47 3 10172 1024 0.153633551
45 48 3 10173 1024 0.169230971
46 49 3 10174 1024 0.170374850
47 50 3 10175 1024 0.139520496
48 51 3 10176 1024 0.134846541
49 52 3 10177 1024 0.151552559
50 53 3 10178 1024 0.151178931
51 54 3 10179 1024 0.153351233
52 55 3 10180 1024 0.166453792
53 56 3 10181 1024 0.163668227
54 57 3 10182 1024 0.179208261
55 58 3 10183 1024 0.134920894
56 59 3 10184 1024 0.150131064
57 60 3 10185 1024 0.146965130
58 61 3 10186 1024 0.173083627
59 62 3 10187 1024 0.142432817
60 63 3 10188 1024 0.139510445
61 0 3 10189 1024 0.152430677
62 1 3 10190 1024 0.151094082
63 2 3 10191 1024 0.143927257
0 4 3 10192 1024 0.142490322
1 5 3 10193 1024 0.176163280
2 6 3 10194 1024 0.152156537
3 7 3 10195 1024 0.173067455
4 8 3 10196 1024 0.157516266
5 9 3 10197 1024 0.132529416
6 10 3 10198 1024 0.179964123
7 11 3 10199 1024 0.171801379
8 12 3 10200 1024 0.178449813
9 13 3 10201 1024 0.176318349
10 14 3 10202 1024 0.172434787
11 15 3 10203 1024 0.138315556
12 16 3 10204 1024 0.154282056
13 17 3 10205 1024 0.140687365
14 18 3 10206 1024 0.150052015
15 19 3 10207 1024 0.132931770
16 20 3 10208 1024 0.148948656
17 21 3 10209 1024 0.179265442
18 22 3 10210 1024 0.143260153
19 23 3 10211 1024 0.169203530
20 24 3 10212 1024 0.152750418
21 25 3 10213 1024 0.151150374
22 26 3 10214 1024 0.177865882
23 27 3 10215 1024 0.179771134
24 28 3 10216 1024 0.157788416
25 29 3 10217 1024 0.165920414
26 30 3 10218 1024 0.137739841
27 31 3 10219 1024 0.144835391
28 32 3 10220 1024 0.178435468
29 33 3 10221 1024 0.158959015
30 34 3 10222 1024 0.157109760
31 35 3 10223 1024 0.167398778
32 36 3 10224 1024 0.132858264
33 37 3 10225 1024 0.159208880
34 38 3 10226 1024 0.155142519
35 39 3 10227 1024 0.172635995
36 40 3 10228 1024 0.137871636
37 41 3 10229 1024 0.178038945
38 42 3 10230 1024 0.134005573
39 43 3 10231 1024 0.139291248
40 44 3 10232 1024 0.159751755
41 45 3 10233 1024 0.163760628
42 46 3 10234 1024 0.141760195
43 47 3 10235 1024 0.135994331
44 48 3 10236 1024 0.174514366
45 49 3 10237 1024 0.142310767
46 50 3 10238 1024 0.159725958
47 51 3 10239 1024 0.160969076
48 52 3 10240 1024 0.150961246
49 53 3 10241 1024 0.159183614
50 54 3 10242 1024 0.156139136
51 55 3 10243 1024 0.176735313
52 56 3 10244 1024 0.140212960
53 57 3 10245 1024 0.165809590
54 58 3 10246 1024 0.141934298
55 59 3 10247 1024 0.149789292
56 60 3 10248 1024 0.163584511
57 61 3 10249 1024 0.144999854
58 62 3 10250 1024 0.145808860
59 63 3 10251 1024 0.167593225
60 0 3 10252 1024 0.133627156
61 1 3 10253 1024 0.152914276
62 2 3 10254 1024 0.179922722
63 3 3 10255 1024 0.179804822
0 5 3 10256 1024 0.133663036
1 6 3 10257 1024 0.140657716
2 7 3 10258 1024 0.143260021
3 8 3 10259 1024 0.176662969
4 9 3 10260 1024 0.174043209
5 10 3 10261 1024 0.173963512
6 11 3 10262 1024 0.148476354
7 12 3 10263 1024 0.137887342
8 13 3 10264 1024 0.171687248
9 14 3 10265 1024 0.165176996
10 15 3 10266 1024 0.160583888
11 16 3 10267 1024 0.179361653
12 17 3 10268 1024 0.162698816
13 18 3 10269 1024 0.130391155
14 19 3 10270 1024 0.170855207
15 20 3 10271 1024 0.144968938
16 21 3 10272 1024 0.163169436
17 22 3 10273 1024 0.176946500
18 23 3 10274 1024 0.136714556
19 24 3 10275 1024 0.135771434
20 25 3 10276 1024 0.135351799
21 26 3 10277 1024 0.157661182
22 27 3 10278 1024 0.143617411
23 28 3 10279 1024 0.160241491
24 29 3 10280 1024 0.165880609
25 30 3 10281 1024 0.140179866
26 31 3 10282 1024 0.161711898
27 32 3 10283 1024 0.143199195
28 33 3 10284 1024 0.154426593
29 34 3 10285 1024 0.175266825
30 35 3 10286 1024 0.172305186
31 36 3 10287 1024 0.134614923
32 37 3 10288 1024 0.151178789
33 38 3 10289 1024 0.143834011
34 39 3 10290 1024 0.130177284
35 40 3 10291 1024 0.168555961
36 41 3 10292 1024 0.161855669
37 42 3 10293 1024 0.143097763
38 43 3 10294 1024 0.167061545
39 44 3 10295 1024 0.157584021
40 45 3 10296 1024 0.151384346
41 46 3 10297 1024 0.130483485
42 47 3 10298 1024 0.133762193
43 48 3 10299 1024 0.174155320
44 49 3 10300 1024 0.175196429
45 50 3 10301 1024 0.157279514
46 51 3 10302 1024 0.171729751
47 52 3 10303 1024 0.159125478
48 53 3 10304 1024 0.137404689
49 54 3 10305 1024 0.136372276
50 55 3 10306 1024 0.145412917
51 56 3 10307 1024 0.174949074
52 57 3 10308 1024 0.169806115
53 58 3 10309 1024 0.173035129
54 59 3 10310 1024 0.174946232
55 60 3 10311 1024 0.140503827
56 61 3 10312 1024 0.142476487
57 62 3 10313 1024 0.135139681
58 63 3 10314 1024 0.169005812
59 0 3 10315 1024 0.174206735
60 1 3 10316 1024 0.150318869
61 2 3 10317 1024 0.161033076
62 3 3 10318 1024 0.137727667
63 4 3 10319 1024 0.176494051
0 6 3 10320 1024 0.173230285
1 7 3 10321 1024 0.178810302
2 8 3 10322 1024 0.170538586
3 9 3 10323 1024 0.174070810
4 10 3 10324 1024 0.131239318
5 11 3 10325 1024 0.166828224
6 12 3 10326 1024 0.146609273
7 13 3 10327 1024 0.176540794
8 14 3 10328 1024 0.170111757
9 15 3 10329 1024 0.173203201
10 16 3 10330 1024 0.170537466
11 17 3 10331 1024 0.143340285
12 18 3 10332 1024 0.169368725
13 19 3 10333 1024 0.135404781
14 20 3 10334 1024 0.173608339
15 21 3 10335 1024 0.172929663
16 22 3 10336 1024 0.141121686
17 23 3 10337 1024 0.170829330
18 24 3 10338 1024 0.153015162
19 25 3 10339 1024 0.145259543
20 26 3 10340 1024 0.169767275
21 27 3 10341 1024 0.141379774
22 28 3 10342 1024 0.131183222
23 29 3 10343 1024 0.139656489
24 30 3 10344 1024 0.146413098
25 31 3 10345 1024 0.173217647
26 32 3 10346 1024 0.178344455
27 33 3 10347 1024 0.143956250
28 34 3 10348 1024 0.162074087
29 35 3 10349 1024 0.149983919
30 36 3 10350 1024 0.179057484
31 37 3 10351 1024 0.156810787
32 38 3 10352 1024 0.176961857
33 39 3 10353 1024 0.135767088
34 40 3 10354 1024 0.178520031
35 41 3 10355 1024 0.138928391
36 42 3 10356 1024 0.178126716
37 43 3 10357 1024 0.143273318
38 44 3 10358 1024 0.135420127
39 45 3 10359 1024 0.151728188
40 46 3 10360 1024 0.166427253
41 47 3 10361 1024 0.145683866
42 48 3 10362 1024 0.160310443
43 49 3 10363 1024 0.155571153
44 50 3 10364 1024 0.149259772
45 51 3 10365 1024 0.158829402
46 52 3 10366 1024 0.142736125
47 53 3 10367 1024 0.165439264
48 54 3 10368 1024 0.130084564
49 55 3 10369 1024 0.176278758
50 56 3 10370 1024 0.156922600
51 57 3 10371 1024 0.165971500
52 58 3 10372 1024 0.167097504
53 59 3 10373 1024 0.163531425
54 60 3 10374 1024 0.148211074
55 61 3 10375 1024 0.133498691
56 62 3 10376 1024 0.163211884
57 63 3 10377 1024 0.146510002
58 0 3 10378 1024 0.145695782
59 1 3 10379 1024 0.172400764
60 2 3 10380 1024 0.165987713
61 3 3 10381 1024 0.145016113
62 4 3 10382 1024 0.145464233
63 5 3 10383 1024 0.150419645
0 7 3 10384 1024 0.150120019
1 8 3 10385 1024 0.144782760
2 9 3 10386 1024 0.136364390
3 10 3 10387 1024 0.151022317
4 11 3 10388 1024 0.177018184
5 12 3 10389 1024 0.163865897
6 13 3 10390 1024 0.175140277
7 14 3 10391 1024 0.160775746
8 15 3 10392 1024 0.145047494
9 16 3 10393 1024 0.157396861
10 17 3 10394 1024 0.130020297
11 18 3 10395 1024 0.144345686
12 19 3 10396 1024 0.151494407
13 20 3 10397 1024 0.158999239
14 21 3 10398 1024 0.162735281
15 22 3 10399 1024 0.153249410
16 23 3 10400 1024 0.152107990
17 24 3 10401 1024 0.140685070
18 25 3 10402 1024 0.153659309
19 26 3 10403 1024 0.175059041
20 27 3 10404 1024 0.169801238
21 28 3 10405 1024 0.138484570
22 29 3 10406 1024 0.134239777
23 30 3 10407 1024 0.155772600
24 31 3 10408 1024 0.161647043
25 32 3 10409 1024 0.146759413
26 33 3 10410 1024 0.170921173
27 34 3 10411 1024 0.167556907
28 35 3 10412 1024 0.163639784
29 36 3 10413 1024 0.141232033
30 37 3 10414 1024 0.139956497
31 38 3 10415 1024 0.131221269
32 39 3 10416 1024 0.142242127
33 40 3 10417 1024 0.153756817
34 41 3 10418 1024 0.172486885
35 42 3 10419 1024 0.133641411
36 43 3 10420 1024 0.150722051
37 44 3 10421 1024 0.161488269
38 45 3 10422 1024 0.139721762
39 46 3 10423 1024 0.164817713
40 47 3 10424 1024 0.154718858
41 48 3 10425 1024 0.142199222
42 49 3 10426 1024 0.162802901
43 50 3 10427 1024 0.130277241
44 51 3 10428 1024 0.167548224
45 52 3 10429 1024 0.168502309
46 53 3 10430 1024 0.135329365
47 54 3 10431 1024 0.151257310
48 55 3 10432 1024 0.138794334
49 56 3 10433 1024 0.177898302
50 57 3 10434 1024 0.155897888
51 58 3 10435 1024 0.132510919
52 59 3 10436 1024 0.142459914
53 60 3 10437 1024 0.172416817
54 61 3 10438 1024 0.152823091
55 62 3 10439 1024 0.170070830
56 63 3 10440 1024 0.163378887
57 0 3 10441 1024 0.179394623
58 1 3 10442 1024 0.159772616
59 2 3 10443 1024 0.177501980
60 3 3 10444 1024 0.174571296
61 4 3 10445 1024 0.160632616
62 5 3 10446 1024 0.165963698
63 6 3 10447 1024 0.155238908
0 8 3 10448 1024 0.171528458
1 9 3 10449 1024 0.157393598
2 10 3 10450 1024 0.174860405
3 11 3 10451 1024 0.167182772
4 12 3 10452 1024 0.153733722
5 13 3 10453 1024 0.142959577
6 14 3 10454 1024 0.142361987
7 15 3 10455 1024 0.161883072
8 16 3 10456 1024 0.168290684
9 17 3 10457 1024 0.156064991
10 18 3 10458 1024 0.161337422
11 19 3 10459 1024 0.143729872
12 20 3 10460 1024 0.133874168
13 21 3 10461 1024 0.144286408
14 22 3 10462 1024 0.143585755
15 23 3 10463 1024 0.145985478
16 24 3 10464 1024 0.157007611
17 25 3 10465 1024 0.136918703
18 26 3 10466 1024 0.141563074
19 27 3 10467 1024 0.164697491
20 28 3 10468 1024 0.165320957
21 29 3 10469 1024 0.133211443
22 30 3 10470 1024 0.150379968
23 31 3 10471 1024 0.157130557
24 32 3 10472 1024 0.150788712
25 33 3 10473 1024 0.140341719
26 34 3 10474 1024 0.151007176
27 35 3 10475 1024 0.175241924
28 36 3 10476 1024 0.159203971
29 37 3 10477 1024 0.164776149
30 38 3 10478 1024 0.172836602
31 39 3 10479 1024 0.168279729
32 40 3 10480 1024 0.149019051
33 41 3 10481 1024 0.130294804
34 42 3 10482 1024 0.147587940
35 43 3 10483 1024 0.167673756
36 44 3 10484 1024 0.172672398
37 45 3 10485 1024 0.177671517
38 46 3 10486 1024 0.150951064
39 47 3 10487 1024 0.167375783
40 48 3 10488 1024 0.157306615
41 49 3 10489 1024 0.160162629
42 50 3 10490 1024 0.141026935
43 51 3 10491 1024 0.140971082
44 52 3 10492 1024 0.151791799
45 53 3 10493 1024 0.131451241
46 54 3 10494 1024 0.146806477
47 55 3 10495 1024 0.163957094
48 56 3 10496 1024 0.150215833
49 57 3 10497 1024 0.138252237
50 58 3 10498 1024 0.153369507
51 59 3 10499 1024 0.136381390
52 60 3 10500 1024 0.161112848
53 61 3 10501 1024 0.131348323
54 62 3 10502 1024 0.149701013
55 63 3 10503 1024 0.158219599
56 0 3 10504 1024 0.131355102
57 1 3 10505 1024 0.162137482
58 2 3 10506 1024 0.136784974
59 3 3 10507 1024 0.153084922
60 4 3 10508 1024 0.132514232
61 5 3 10509 1024 0.148955193
62 6 3 10510 1024 0.140583014
63 7 3 10511 1024 0.146342290
0 9 3 10512 1024 0.168061485
1 10 3 10513 1024 0.148956311
2 11 3 10514 1024 0.167600491
3 12 3 10515 1024 0.171596214
4 13 3 10516 1024 0.142613577
5 14 3 10517 1024 0.134095312
6 15 3 10518 1024 0.130969164
7 16 3 10519 1024 0.156970952
8 17 3 10520 1024 0.179995391
9 18 3 10521 1024 0.147498017
10 19 3 10522 1024 0.162507205
11 20 3 10523 1024 0.169061652
12 21 3 10524 1024 0.162587733
13 22 3 10525 1024 0.167711660
14 23 3 10526 1024 0.177480587
15 24 3 10527 1024 0.139968034
16 25 3 10528 1024 0.131019001
17 26 3 10529 1024 0.137619117
18 27 3 10530 1024 0.136311049
19 28 3 10531 1024 0.163472942
20 29 3 10532 1024 0.158198479
21 30 3 10533 1024 0.140898227
22 31 3 10534 1024 0.164973249
23 32 3 10535 1024 0.168344905
24 33 3 10536 1024 0.138389457
25 34 3 10537 1024 0.160362375
26 35 3 10538 1024 0.167396283
27 36 3 10539 1024 0.135726644
28 37 3 10540 1024 0.170965059
29 38 3 10541 1024 0.178236039
30 39 3 10542 1024 0.135404937
31 40 3 10543 1024 0.131283921
32 41 3 10544 1024 0.145597862
33 42 3 10545 1024 0.163867364
34 43 3 10546 1024 0.177908642
35 44 3 10547 1024 0.149832722
36 45 3 10548 1024 0.165750735
37 46 3 10549 1024 0.133799824
38 47 3 10550 1024 0.164530721
39 48 3 10551 1024 0.161362120
40 49 3 10552 1024 0.135095065
41 50 3 10553 1024 0.168624044
42 51 3 10554 1024 0.172514662
43 52 3 10555 1024 0.160020581
44 53 3 10556 1024 0.136052753
45 54 3 10557 1024 0.179192218
46 55 3 10558 1024 0.169131767
47 56 3 10559 1024 0.147360188
48 57 3 10560 1024 0.151418901
49 58 3 10561 1024 0.148528544
50 59 3 10562 1024 0.155298039
51 60 3 10563 1024 0.147061559
52 61 3 10564 1024 0.172478781
53 62 3 10565 1024 0.171116546
54 63 3 10566 1024 0.135276944
55 0 3 10567 1024 0.178039378
56 1 3 10568 1024 0.161779255
57 2 3 10569 1024 0.171435366
58 3 3 10570 1024 0.165365432
59 4 3 10571 1024 0.151774357
60 5 3 10572 1024 0.166689765
61 6 3 10573 1024 0.178273687
62 7 3 10574 1024 0.143504120
63 8 3 10575 1024 0.170409961
0 10 3 10576 1024 0.156908645
1 11 3 10577 1024 0.154174875
2 12 3 10578 1024 0.151778725
3 13 3 10579 1024 0.166551311
4 14 3 10580 1024 0.143419777
5 15 3 10581 1024 0.172585658
6 16 3 10582 1024 0.171536551
7 17 3 10583 1024 0.134333145
8 18 3 10584 1024 0.174081559
9 19 3 10585 1024 0.142193172
10 20 3 10586 1024 0.153235423
11 21 3 10587 1024 0.160516585
12 22 3 10588 1024 0.148949465
13 23 3 10589 1024 0.131435000
14 24 3 10590 1024 0.172547642
15 25 3 10591 1024 0.139091993
16 26 3 10592 1024 0.140605993
17 27 3 10593 1024 0.169891618
18 28 3 10594 1024 0.147016942
19 29 3 10595 1024 0.174015999
20 30 3 10596 1024 0.165059188
21 31 3 10597 1024 0.143813429
22 32 3 10598 1024 0.130507556
23 33 3 10599 1024 0.177403129
24 34 3 10600 1024 0.134280648
25 35 3 10601 1024 0.166003733
26 36 3 10602 1024 0.154428892
27 37 3 10603 1024 0.167908233
28 38 3 10604 1024 0.164530467
29 39 3 10605 1024 0.162295145
30 40 3 10606 1024 0.154541067
31 41 3 10607 1024 0.169646643
32 42 3 10608 1024 0.134652668
33 43 3 10609 1024 0.141079820
34 44 3 10610 1024 0.164589358
35 45 3 10611 1024 0.145310302
36 46 3 10612 1024 0.159077779
37 47 3 10613 1024 0.153663024
38 48 3 10614 1024 0.156546097
39 49 3 10615 1024 0.151275191
40 50 3 10616 1024 0.167296772
41 51 3 10617 1024 0.146539565
42 52 3 10618 1024 0.165142747
43 53 3 10619 1024 0.143545821
44 54 3 10620 1024 0.142570184
45 55 3 10621 1024 0.136032794
46 56 3 10622 1024 0.139629215
47 57 3 10623 1024 0.135977737
48 58 3 10624 1024 0.156793198
49 59 3 10625 1024 0.168109480
50 60 3 10626 1024 0.139257492
51 61 3 10627 1024 0.140819232
52 62 3 10628 1024 0.154209929
53 63 3 10629 1024 0.166229250
54 0 3 10630 1024 0.178830351
55 1 3 10631 1024 0.156231843
56 2 3 10632 1024 0.144149935
57 3 3 10633 1024 0.135026305
58 4 3 10634 1024 0.139705879
59 5 3 10635 1024 0.141374158
60 6 3 10636 1024 0.138972077
61 7 3 10637 1024 0.130707418
62 8 3 10638 1024 0.156706754
63 9 3 10639 1024 0.143715566
0 11 3 10640 1024 0.178714747
1 12 3 10641 1024 0.157667948
2 13 3 10642 1024 0.164870870
3 14 3 10643 1024 0.136313975
4 15 3 10644 1024 0.173423060
5 16 3 10645 1024 0.154543935
6 17 3 10646 1024 0.173635987
7 18 3 10647 1024 0.158703211
8 19 3 10648 1024 0.153469847
9 20 3 10649 1024 0.152023440
10 21 3 10650 1024 0.139218184
11 22 3 10651 1024 0.132568836
12 23 3 10652 1024 0.177053180
13 24 3 10653 1024 0.153886459
14 25 3 10654 1024 0.171105782
15 26 3 10655 1024 0.150035372
16 27 3 10656 1024 0.133704109
17 28 3 10657 1024 0.161472285
18 29 3 10658 1024 0.132680454
19 30 3 10659 1024 0.137459879
20 31 3 10660 1024 0.158141980
21 32 3 10661 1024 0.145191776
22 33 3 10662 1024 0.179695906
23 34 3 10663 1024 0.135922578
24 35 3 10664 1024 0.168222172
25 36 3 10665 1024 0.160315883
26 37 3 10666 1024 0.169537041
27 38 3 10667 1024 0.141284357
28 39 3 10668 1024 0.156128627
29 40 3 10669 1024 0.152525723
30 41 3 10670 1024 0.152136050
31 42 3 10671 1024 0.173008333
32 43 3 10672 1024 0.179501563
33 44 3 10673 1024 0.145269012
34 45 3 10674 1024 0.161051366
35 46 3 10675 1024 0.160481546
36 47 3 10676 1024 0.167004465
37 48 3 10677 1024 0.177379510
38 49 3 10678 1024 0.140389395
39 50 3 10679 1024 0.140551260
40 51 3 10680 1024 0.163021407
41 52 3 10681 1024 0.137852855
42 53 3 10682 1024 0.138690677
43 54 3 10683 1024 0.133753243
44 55 3 10684 1024 0.130133786
45 56 3 10685 1024 0.152525185
46 57 3 10686 1024 0.159690560
47 58 3 10687 1024 0.144562964
48 59 3 10688 1024 0.141573812
49 60 3 10689 1024 0.165347791
50 61 3 10690 1024 0.165149378
51 62 3 10691 1024 0.152701566
52 63 3 10692 1024 0.164369246
53 0 3 10693 1024 0.176195552
54 1 3 10694 1024 0.169391401
55 2 3 10695 1024 0.161252900
56 3 3 10696 1024 0.163059152
57 4 3 10697 1024 0.176683423
58 5 3 10698 1024 0.151256948
59 6 3 10699 1024 0.157228119
60 7 3 10700 1024 0.162381736
61 8 3 10701 1024 0.175420572
62 9 3 10702 1024 0.171331558
63 10 3 10703 1024 0.133570492
0 12 3 10704 1024 0.138296139
1 13 3 10705 1024 0.145380591
2 14 3 10706 1024 0.167447886
3 15 3 10707 1024 0.158460352
4 16 3 10708 1024 0.144430529
5 17 3 10709 1024 0.136217683
6 18 3 10710 1024 0.164433900
7 19 3 10711 1024 0.164986684
8 20 3 10712 1024 0.177133812
9 21 3 10713 1024 0.155023609
10 22 3 10714 1024 0.154689761
11 23 3 10715 1024 0.134022093
12 24 3 10716 1024 0.131993039
13 25 3 10717 1024 0.151601433
14 26 3 10718 1024 0.146116079
15 27 3 10719 1024 0.142518395
16 28 3 10720 1024 0.134566344
17 29 3 10721 1024 0.178095555
18 30 3 10722 1024 0.171797931
19 31 3 10723 1024 0.158759955
20 32 3 10724 1024 0.177539314
21 33 3 10725 1024 0.179978621
22 34 3 10726 1024 0.163614079
23 35 3 10727 1024 0.143475551
24 36 3 10728 1024 0.132011584
25 37 3 10729 1024 0.167813442
26 38 3 10730 1024 0.153525041
27 39 3 10731 1024 0.162575474
28 40 3 10732 1024 0.175803639
29 41 3 10733 1024 0.139074457
30 42 3 10734 1024 0.159266481
31 43 3 10735 1024 0.161739236
32 44 3 10736 1024 0.154586290
33 45 3 10737 1024 0.134562120
34 46 3 10738 1024 0.147398053
35 47 3 10739 1024 0.146665420
36 48 3 10740 1024 0.163506675
37 49 3 10741 1024 0.172886655
38 50 3 10742 1024 0.146490183
39 51 3 10743 1024 0.164683684
40 52 3 10744 1024 0.144410890
41 53 3 10745 1024 0.177259677
42 54 3 10746 1024 0.170678302
43 55 3 10747 1024 0.157504830
44 56 3 10748 1024 0.152741295
45 57 3 10749 1024 0.145725858
46 58 3 10750 1024 0.146163689
47 59 3 10751 1024 0.178509236
48 60 3 10752 1024 0.150208753
49 61 3 10753 1024 0.155729813
50 62 3 10754 1024 0.179405961
51 63 3 10755 1024 0.162883019
52 0 3 10756 1024 0.157129680
53 1 3 10757 1024 0.150662379
54 2 3 10758 1024 0.139379127
55 3 3 10759 1024 0.148088968
56 4 3 10760 1024 0.167822158
57 5 3 10761 1024 0.161270437
58 6 3 10762 1024 0.167999527
59 7 3 10763 1024 0.140177912
60 8 3 10764 1024 0.157460982
61 9 3 10765 1024 0.176383638
62 10 3 10766 1024 0.151905805
63 11 3 10767 1024 0.164912501
0 13 3 10768 1024 0.136071304
1 14 3 10769 1024 0.178657341
2 15 3 10770 1024 0.160443583
3 16 3 10771 1024 0.141964873
4 17 3 10772 1024 0.137918908
5 18 3 10773 1024 0.157541950
6 19 3 10774 1024 0.157612570
7 20 3 10775 1024 0.134660460
8 21 3 10776 1024 0.179612857
9 22 3 10777 1024 0.175646494
10 23 3 10778 1024 0.153072395
11 24 3 10779 1024 0.135873307
12 25 3 10780 1024 0.171607159
13 26 3 10781 1024 0.154918775
14 27 3 10782 1024 0.165830166
15 28 3 10783 1024 0.155443601
16 29 3 10784 1024 0.143671245
17 30 3 10785 1024 0.171736197
18 31 3 10786 1024 0.179012232
19 32 3 10787 1024 0.142186545
20 33 3 10788 1024 0.157563254
21 34 3 10789 1024 0.149179301
22 35 3 10790 1024 0.176093407
23 36 3 10791 1024 0.155412045
24 37 3 10792 1024 0.173966313
25 38 3 10793 1024 0.173201347
26 39 3 10794 1024 0.143812370
27 40 3 10795 1024 0.169500309
28 41 3 10796 1024 0.150747121
29 42 3 10797 1024 0.176712420
30 43 3 10798 1024 0.155386884
31 44 3 10799 1024 0.171027474
32 45 3 10800 1024 0.144141949
33 46 3 10801 1024 0.144927792
34 47 3 10802 1024 0.159346886
35 48 3 10803 1024 0.179945117
36 49 3 10804 1024 0.154482017
37 50 3 10805 1024 0.137429771
38 51 3 10806 1024 0.156929029
39 52 3 10807 1024 0.147256197
40 53 3 10808 1024 0.157595871
41 54 3 10809 1024 0.157171503
42 55 3 10810 1024 0.152767231
43 56 3 10811 1024 0.146088868
44 57 3 10812 1024 0.139432619
45 58 3 10813 1024 0.164874921
46 59 3 10814 1024 0.158589882
47 60 3 10815 1024 0.141678122
48 61 3 10816 1024 0.168777224
49 62 3 10817 1024 0.132182365
50 63 3 10818 1024 0.167235258
51 0 3 10819 1024 0.165261394
52 1 3 10820 1024 0.170570445
53 2 3 10821 1024 0.149303938
54 3 3 10822 1024 0.163184441
55 4 3 10823 1024 0.171037378
56 5 3 10824 1024 0.179040907
57 6 3 10825 1024 0.154766432
58 7 3 10826 1024 0.131850981
59 8 3 10827 1024 0.155114558
60 9 3 10828 1024 0.159509021
61 10 3 10829 1024 0.173485016
62 11 3 10830 1024 0.173709519
63 12 3 10831 1024 0.152015310
0 14 3 10832 1024 0.156297554
1 15 3 10833 1024 0.152846404
2 16 3 10834 1024 0.166122191
3 17 3 10835 1024 0.150498931
4 18 3 10836 1024 0.162739066
5 19 3 10837 1024 0.137718061
6 20 3 10838 1024 0.153474530
7 21 3 10839 1024 0.178460182
8 22 3 10840 1024 0.146928062
9 23 3 10841 1024 0.164635230
10 24 3 10842 1024 0.162491833
11 25 3 10843 1024 0.172588265
12 26 3 10844 1024 0.172617067
13 27 3 10845 1024 0.172967109
14 28 3 10846 1024 0.149000470
15 29 3 10847 1024 0.145833058
16 30 3 10848 1024 0.165935871
17 31 3 10849 1024 0.167970090
18 32 3 10850 1024 0.173619151
19 33 3 10851 1024 0.131794955
20 34 3 10852 1024 0.133421037
21 35 3 10853 1024 0.161558051
22 36 3 10854 1024 0.176046455
23 37 3 10855 1024 0.179871296
24 38 3 10856 1024 0.167338318
25 39 3 10857 1024 0.151698574
26 40 3 10858 1024 0.134922156
27 41 3 10859 1024 0.161687391
28 42 3 10860 1024 0.173628962
29 43 3 10861 1024 0.152183928
30 44 3 10862 1024 0.164700058
31 45 3 10863 1024 0.175171203
32 46 3 10864 1024 0.132299548
33 47 3 10865 1024 0.169807173
34 48 3 10866 1024 0.144668389
35 49 3 10867 1024 0.148742054
36 50 3 10868 1024 0.137278490
37 51 3 10869 1024 0.156558316
38 52 3 10870 1024 0.158296403
39 53 3 10871 1024 0.169625974
40 54 3 10872 1024 0.138499182
41 55 3 10873 1024 0.133948418
42 56 3 10874 1024 0.173541980
43 57 3 10875 1024 0.160985518
44 58 3 10876 1024 0.142041490
45 59 3 10877 1024 0.175641451
46 60 3 10878 1024 0.137155886
47 61 3 10879 1024 0.153057496
48 62 3 10880 1024 0.142698867
49 63 3 10881 1024 0.142766335
50 0 3 10882 1024 0.130469872
51 1 3 10883 1024 0.170231654
52 2 3 10884 1024 0.175060471
53 3 3 10885 1024 0.163880544
54 4 3 10886 1024 0.137898781
55 5 3 10887 1024 0.152086489
56 6 3 10888 1024 0.147278281
57 7 3 10889 1024 0.159378585
58 8 3 10890 1024 0.161946935
59 9 3 10891 1024 0.151215447
60 10 3 10892 1024 0.142504911
61 11 3 10893 1024 0.172265196
62 12 3 10894 1024 0.139960850
63 13 3 10895 1024 0.149234662
0 15 3 10896 1024 0.154160403
1 16 3 10897 1024 0.141860285
2 17 3 10898 1024 0.158596135
3 18 3 10899 1024 0.158740597
4 19 3 10900 1024 0.179634602
5 20 3 10901 1024 0.144761538
6 21 3 10902 1024 0.178897224
7 22 3 10903 1024 0.162911491
8 23 3 10904 1024 0.143724019
9 24 3 10905 1024 0.158296451
10 25 3 10906 1024 0.164289975
11 26 3 10907 1024 0.167233442
12 27 3 10908 1024 0.132452213
13 28 3 10909 1024 0.160320325
14 29 3 10910 1024 0.154836364
15 30 3 10911 1024 0.175207765
16 31 3 10912 1024 0.144309708
17 32 3 10913 1024 0.169943006
18 33 3 10914 1024 0.160353250
19 34 3 10915 1024 0.147616048
20 35 3 10916 1024 0.161830894
21 36 3 10917 1024 0.161044558
22 37 3 10918 1024 0.163888223
23 38 3 10919 1024 0.166046419
24 39 3 10920 1024 0.162959077
25 40 3 10921 1024 0.171916856
26 41 3 10922 1024 0.161412405
27 42 3 10923 1024 0.175170185
28 43 3 10924 1024 0.162317030
29 44 3 10925 1024 0.145446644
30 45 3 10926 1024 0.152041160
31 46 3 10927 1024 0.158978690
32 47 3 10928 1024 0.166617988
33 48 3 10929 1024 0.134506669
34 49 3 10930 1024 0.144755523
35 50 3 10931 1024 0.167374043
36 51 3 10932 1024 0.138782004
37 52 3 10933 1024 0.136607990
38 53 3 10934 1024 0.156970388
39 54 3 10935 1024 0.178574479
40 55 3 10936 1024 0.156542619
41 56 3 10937 1024 0.175674349
42 57 3 10938 1024 0.171523631
43 58 3 10939 1024 0.142848504
44 59 3 10940 1024 0.171234491
45 60 3 10941 1024 0.154092391
46 61 3 10942 1024 0.170324425
47 62 3 10943 1024 0.167327968
48 63 3 10944 1024 0.146935763
49 0 3 10945 1024 0.135758485
50 1 3 10946 1024 0.178144665
51 2 3 10947 1024 0.137037851
52 3 3 10948 1024 0.178325010
53 4 3 10949 1024 0.173007030
54 5 3 10950 1024 0.166210836
55 6 3 10951 1024 0.178997112
56 7 3 10952 1024 0.178363487
57 8 3 10953 1024 0.170229382
58 9 3 10954 1024 0.148288752
59 10 3 10955 1024 0.169534098
60 11 3 10956 1024 0.130695933
61 12 3 10957 1024 0.156828615
62 13 3 10958 1024 0.152739301
63 14 3 10959 1024 0.163641419
0 16 3 10960 1024 0.163617040
1 17 3 10961 1024 0.159228005
2 18 3 10962 1024 0.171120865
3 19 3 10963 1024 0.177014595
4 20 3 10964 1024 0.135417305
5 21 3 10965 1024 0.141691095
6 22 3 10966 1024 0.131251232
7 23 3 10967 1024 0.174211742
8 24 3 10968 1024 0.158070369
9 25 3 10969 1024 0.175762795
10 26 3 10970 1024 0.141068360
11 27 3 10971 1024 0.133160852
12 28 3 10972 1024 0.171192768
13 29 3 10973 1024 0.175469382
14 30 3 10974 1024 0.145109509
15 31 3 10975 1024 0.150414793
16 32 3 10976 1024 0.136988851
17 33 3 10977 1024 0.177313077
18 34 3 10978 1024 0.145218229
19 35 3 10979 1024 0.154631231
20 36 3 10980 1024 0.134859600
21 37 3 10981 1024 0.174362965
22 38 3 10982 1024 0.136783202
23 39 3 10983 1024 0.152682188
24 40 3 10984 1024 0.163524311
25 41 3 10985 1024 0.167157006
26 42 3 10986 1024 0.177298704
27 43 3 10987 1024 0.150956338
28 44 3 10988 1024 0.167113451
29 45 3 10989 1024 0.137726145
30 46 3 10990 1024 0.150744226
31 47 3 10991 1024 0.134951082
32 48 3 10992 1024 0.154467352
33 49 3 10993 1024 0.150405794
34 50 3 10994 1024 0.177576076
35 51 3 10995 1024 0.131635814
36 52 3 10996 1024 0.148526498
37 53 3 10997 1024 0.152169154
38 54 3 10998 1024 0.177527758
39 55 3 10999 1024 0.172772510
40 56 3 11000 1024 0.134967731
41 57 3 11001 1024 0.164284013
42 58 3 11002 1024 0.157223293
43 59 3 11003 1024 0.178892126
44 60 3 11004 1024 0.147933692
45 61 3 11005 1024 0.149906982
46 62 3 11006 1024 0.139490428
47 63 3 11007 1024 0.136107986
48 0 3 11008 1024 0.172401659
49 1 3 11009 1024 0.152735868
50 2 3 11010 1024 0.163138437
51 3 3 11011 1024 0.162085223
52 4 3 11012 1024 0.159857298
53 5 3 11013 1024 0.131067873
54 6 3 11014 1024 0.169339730
55 7 3 11015 1024 0.142178445
56 8 3 11016 1024 0.136296194
57 9 3 11017 1024 0.158228899
58 10 3 11018 1024 0.133430508
59 11 3 11019 1024 0.168257869
60 12 3 11020 1024 0.140357869
61 13 3 11021 1024 0.140797568
62 14 3 11022 1024 0.173484771
63 15 3 11023 1024 0.146427978
0 17 3 11024 1024 0.137377709
1 18 3 11025 1024 0.175026552
2 19 3 11026 1024 0.130141778
3 20 3 11027 1024 0.172920306
4 21 3 11028 1024 0.137234399
5 22 3 11029 1024 0.136499607
6 23 3 11030 1024 0.142532710
7 24 3 11031 1024 0.138724856
8 25 3 11032 1024 0.163052882
9 26 3 11033 1024 0.131289007
10 27 3 11034 1024 0.130743016
11 28 3 11035 1024 0.169499233
12 29 3 11036 1024 0.141896580
13 30 3 11037 1024 0.146188573
14 31 3 11038 1024 0.138712310
15 32 3 11039 1024 0.132619951
16 33 3 11040 1024 0.167085903
17 34 3 11041 1024 0.156304276
18 35 3 11042 1024 0.167283264
19 36 3 11043 1024 0.153812298
20 37 3 11044 1024 0.168900852
21 38 3 11045 1024 0.155661898
22 39 3 11046 1024 0.135452701
23 40 3 11047 1024 0.155191934
24 41 3 11048 1024 0.177270782
25 42 3 11049 1024 0.132168252
26 43 3 11050 1024 0.169161350
27 44 3 11051 1024 0.173349045
28 45 3 11052 1024 0.156072561
29 46 3 11053 1024 0.152902126
30 47 3 11054 1024 0.178201309
31 48 3 11055 1024 0.133041270
32 49 3 11056 1024 0.153949096
33 50 3 11057 1024 0.150080863
34 51 3 11058 1024 0.164304875
35 52 3 11059 1024 0.154513443
36 53 3 11060 1024 0.175485041
37 54 3 11061 1024 0.133674536
38 55 3 11062 1024 0.134039524
39 56 3 11063 1024 0.160414871
40 57 3 11064 1024 0.133284112
41 58 3 11065 1024 0.143750800
42 59 3 11066 1024 0.161653836
43 60 3 11067 1024 0.157417822
44 61 3 11068 1024 0.146259272
45 62 3 11069 1024 0.179731388
46 63 3 11070 1024 0.156527842
47 0 3 11071 1024 0.152685771
48 1 3 11072 1024 0.160271340
49 2 3 11073 1024 0.134958923
50 3 3 11074 1024 0.165088971
51 4 3 11075 1024 0.172639637
52 5 3 11076 1024 0.162545833
53 6 3 11077 1024 0.168448137
54 7 3 11078 1024 0.166041996
55 8 3 11079 1024 0.140751153
56 9 3 11080 1024 0.152577746
57 10 3 11081 1024 0.141424679
58 11 3 11082 1024 0.146946581
59 12 3 11083 1024 0.152674945
60 13 3 11084 1024 0.150799483
61 14 3 11085 1024 0.134754292
62 15 3 11086 1024 0.151338200
63 16 3 11087 1024 0.163255393
0 18 3 11088 1024 0.148715051
1 19 3 11089 1024 0.137631946
2 20 3 11090 1024 0.176149252
3 21 3 11091 1024 0.133356665
4 22 3 11092 1024 0.171588594
5 23 3 11093 1024 0.134661505
6 24 3 11094 1024 0.134828222
7 25 3 11095 1024 0.166939800
8 26 3 11096 1024 0.170588464
9 27 3 11097 1024 0.157818537
10 28 3 11098 1024 0.159323254
11 29 3 11099 1024 0.158079321
12 30 3 11100 1024 0.146482299
13 31 3 11101 1024 0.136111564
14 32 3 11102 1024 0.147679904
15 33 3 11103 1024 0.163267026
16 34 3 11104 1024 0.167514213
17 35 3 11105 1024 0.173404607
18 36 3 11106 1024 0.166053034
19 37 3 11107 1024 0.178419931
20 38 3 11108 1024 0.160020505
21 39 3 11109 1024 0.147582309
22 40 3 11110 1024 0.158895926
23 41 3 11111 1024 0.140636940
24 42 3 11112 1024 0.162836815
25 43 3 11113 1024 0.141212243
26 44 3 11114 1024 0.135410919
27 45 3 11115 1024 0.172268671
28 46 3 11116 1024 0.148378053
29 47 3 11117 1024 0.168130282
30 48 3 11118 1024 0.158705000
31 49 3 11119 1024 0.170361069
32 50 3 11120 1024 0.172257758
33 51 3 11121 1024 0.178727330
34 52 3 11122 1024 0.170921343
35 53 3 11123 1024 0.160678664
36 54 3 11124 1024 0.162134958
37 55 3 11125 1024 0.131312692
38 56 3 11126 1024 0.176454215
39 57 3 11127 1024 0.171473039
40 58 3 11128 1024 0.143372386
41 59 3 11129 1024 0.139020804
42 60 3 11130 1024 0.165134939
43 61 3 11131 1024 0.145449234
44 62 3 11132 1024 0.146991233
45 63 3 11133 1024 0.130305289
46 0 3 11134 1024 0.173493135
47 1 3 11135 1024 0.158316055
48 2 3 11136 1024 0.150039217
49 3 3 11137 1024 0.137093733
50 4 3 11138 1024 0.161658601
51 5 3 11139 1024 0.131532855
52 6 3 11140 1024 0.167305588
53 7 3 11141 1024 0.140756644
54 8 3 11142 1024 0.150991625
55 9 3 11143 1024 0.147044799
56 10 3 11144 1024 0.148502655
57 11 3 11145 1024 0.166079798
58 12 3 11146 1024 0.168841781
59 13 3 11147 1024 0.158379678
60 14 3 11148 1024 0.134247852
61 15 3 11149 1024 0.132630441
62 16 3 11150 1024 0.137870495
63 17 3 11151 1024 0.160891909
0 19 3 11152 1024 0.163698436
1 20 3 11153 1024 0.143605142
2 21 3 11154 1024 0.163096935
3 22 3 11155 1024 0.154283085
4 23 3 11156 1024 0.152102209
5 24 3 11157 1024 0.143658342
6 25 3 11158 1024 0.167747157
7 26 3 11159 1024 0.135690875
8 27 3 11160 1024 0.151495682
9 28 3 11161 1024 0.144162324
10 29 3 11162 1024 0.163924313
11 30 3 11163 1024 0.154331638
12 31 3 11164 1024 0.163356628
13 32 3 11165 1024 0.132270868
14 33 3 11166 1024 0.149763170
15 34 3 11167 1024 0.159966248
16 35 3 11168 1024 0.130384354
17 36 3 11169 1024 0.145070968
18 37 3 11170 1024 0.140561699
19 38 3 11171 1024 0.136861740
20 39 3 11172 1024 0.142775975
21 40 3 11173 1024 0.146406118
22 41 3 11174 1024 0.130386495
23 42 3 11175 1024 0.167350706
24 43 3 11176 1024 0.138784740
25 44 3 11177 1024 0.149010372
26 45 3 11178 1024 0.165183563
27 46 3 11179 1024 0.155013117
28 47 3 11180 1024 0.171667710
29 48 3 11181 1024 0.170310009
30 49 3 11182 1024 0.133603775
31 50 3 11183 1024 0.173088218
32 51 3 11184 1024 0.132115113
33 52 3 11185 1024 0.130937077
34 53 3 11186 1024 0.176058122
35 54 3 11187 1024 0.173105501
36 55 3 11188 1024 0.158787958
37 56 3 11189 1024 0.158669984
38 57 3 11190 1024 0.165474948
39 58 3 11191 1024 0.150884698
40 59 3 11192 1024 0.135758669
41 60 3 11193 1024 0.131042828
42 61 3 11194 1024 0.146238409
43 62 3 11195 1024 0.170066108
44 63 3 11196 1024 0.160906263
45 0 3 11197 1024 0.171601296
46 1 3 11198 1024 0.175988488
47 2 3 11199 1024 0.134406494
48 3 3 11200 1024 0.172224218
49 4 3 11201 1024 0.142165824
50 5 3 11202 1024 0.159443564
51 6 3 11203 1024 0.156198127
52 7 3 11204 1024 0.149788335
53 8 3 11205 1024 0.145513728
54 9 3 11206 1024 0.146975664
55 10 3 11207 1024 0.146653431
56 11 3 11208 1024 0.138406635
57 12 3 11209 1024 0.155524164
58 13 3 11210 1024 0.135701332
59 14 3 11211 1024 0.155497603
60 15 3 11212 1024 0.175296137
61 16 3 11213 1024 0.147468763
62 17 3 11214 1024 0.166368955
63 18 3 11215 1024 0.170947430
0 20 3 11216 1024 0.170751850
1 21 3 11217 1024 0.141813442
2 22 3 11218 1024 0.137322211
3 23 3 11219 1024 0.139863590
4 24 3 11220 1024 0.160119949
5 25 3 11221 1024 0.168010765
6 26 3 11222 1024 0.162775451
7 27 3 11223 1024 0.138857306
8 28 3 11224 1024 0.168642404
9 29 3 11225 1024 0.154705851
10 30 3 11226 1024 0.167722291
11 31 3 11227 1024 0.167993857
12 32 3 11228 1024 0.152445263
13 33 3 11229 1024 0.176207713
14 34 3 11230 1024 0.158224589
15 35 3 11231 1024 0.161764916
16 36 3 11232 1024 0.161226089
17 37 3 11233 1024 0.173212344
18 38 3 11234 1024 0.161360870
19 39 3 11235 1024 0.137547870
20 40 3 11236 1024 0.133414313
21 41 3 11237 1024 0.152110403
22 42 3 11238 1024 0.145141022
23 43 3 11239 1024 0.143733683
24 44 3 11240 1024 0.132808606
25 45 3 11241 1024 0.155366844
26 46 3 11242 1024 0.145520393
27 47 3 11243 1024 0.152595693
28 48 3 11244 1024 0.132844503
29 49 3 11245 1024 0.171584832
30 50 3 11246 1024 0.133836550
31 51 3 11247 1024 0.173212502
32 52 3 11248 1024 0.172764669
33 53 3 11249 1024 0.160750419
34 54 3 11250 1024 0.155353391
35 55 3 11251 1024 0.153135583
36 56 3 11252 1024 0.157715819
37 57 3 11253 1024 0.169590890
38 58 3 11254 1024 0.174793838
39 59 3 11255 1024 0.152486685
40 60 3 11256 1024 0.170490796
41 61 3 11257 1024 0.162591873
42 62 3 11258 1024 0.146076338
43 63 3 11259 1024 0.153781451
44 0 3 11260 1024 0.137543054
45 1 3 11261 1024 0.133093685
46 2 3 11262 1024 0.135175094
47 3 3 11263 1024 0.174956342
48 4 3 11264 1024 0.147171889
49 5 3 11265 1024 0.165715777
50 6 3 11266 1024 0.155227450
51 7 3 11267 1024 0.138627946
52 8 3 11268 1024 0.142387186
53 9 3 11269 1024 0.151887914
54 10 3 11270 1024 0.151971090
55 11 3 11271 1024 0.156137402
56 12 3 11272 1024 0.137937310
57 13 3 11273 1024 0.148642599
58 14 3 11274 1024 0.144144679
59 15 3 11275 1024 0.150438470
60 16 3 11276 1024 0.146918357
61 17 3 11277 1024 0.159894293
62 18 3 11278 1024 0.169461347
63 19 3 11279 1024 0.162365268
0 21 3 11280 1024 0.133295593
1 22 3 11281 1024 0.134725297
2 23 3 11282 1024 0.163918967
3 24 3 11283 1024 0.144207349
4 25 3 11284 1024 0.166186683
5 26 3 11285 1024 0.162828204
6 27 3 11286 1024 0.175317135
7 28 3 11287 1024 0.173663983
8 29 3 11288 1024 0.146668102
9 30 3 11289 1024 0.159136976
10 31 3 11290 1024 0.137071419
11 32 3 11291 1024 0.147491039
12 33 3 11292 1024 0.178384825
13 34 3 11293 1024 0.164923998
14 35 3 11294 1024 0.149597899
15 36 3 11295 1024 0.159752061
16 37 3 11296 1024 0.176900110
17 38 3 11297 1024 0.145479094
18 39 3 11298 1024 0.148833965
19 40 3 11299 1024 0.169583098
20 41 3 11300 1024 0.170659239
21 42 3 11301 1024 0.163505820
22 43 3 11302 1024 0.171447949
23 44 3 11303 1024 0.166938734
24 45 3 11304 1024 0.164270722
25 46 3 11305 1024 0.156319667
26 47 3 11306 1024 0.162301241
27 48 3 11307 1024 0.151170318
28 49 3 11308 1024 0.148091405
29 50 3 11309 1024 0.148129883
30 51 3 11310 1024 0.139013146
31 52 3 11311 1024 0.140709633
32 53 3 11312 1024 0.177383413
33 54 3 11313 1024 0.154313546
34 55 3 11314 1024 0.141327152
35 56 3 11315 1024 0.136878268
36 57 3 11316 1024 0.133858254
37 58 3 11317 1024 0.172221419
38 59 3 11318 1024 0.135057038
39 60 3 11319 1024 0.168543736
40 61 3 11320 1024 0.171755991
41 62 3 11321 1024 0.174184108
42 63 3 11322 1024 0.131887375
43 0 3 11323 1024 0.146838219
44 1 3 11324 1024 0.168315380
45 2 3 11325 1024 0.136552452
46 3 3 11326 1024 0.148835994
47 4 3 11327 1024 0.138112361
48 5 3 11328 1024 0.171567253
49 6 3 11329 1024 0.168554891
50 7 3 11330 1024 0.170452186
51 8 3 11331 1024 0.138276958
52 9 3 11332 1024 0.151883670
53 10 3 11333 1024 0.150542931
54 11 3 11334 1024 0.163818146
55 12 3 11335 1024 0.141876510
56 13 3 11336 1024 0.152209935
57 14 3 11337 1024 0.144246397
58 15 3 11338 1024 0.167426826
59 16 3 11339 1024 0.152446398
60 17 3 11340 1024 0.156700557
61 18 3 11341 1024 0.145473395
62 19 3 11342 1024 0.170431194
63 20 3 11343 1024 0.153450780
0 22 3 11344 1024 0.171755670
1 23 3 11345 1024 0.148392048
2 24 3 11346 1024 0.177356509
3 25 3 11347 1024 0.179221990
4 26 3 11348 1024 0.153083999
5 27 3 11349 1024 0.144088587
6 28 3 11350 1024 0.149093622
7 29 3 11351 1024 0.156372989
8 30 3 11352 1024 0.178313408
9 31 3 11353 1024 0.170844562
10 32 3 11354 1024 0.170062961
11 33 3 11355 1024 0.136919927
12 34 3 11356 1024 0.142500161
13 35 3 11357 1024 0.162058952
14 36 3 11358 1024 0.173705847
15 37 3 11359 1024 0.157727037
16 38 3 11360 1024 0.135129487
17 39 3 11361 1024 0.172294614
18 40 3 11362 1024 0.172558302
19 41 3 11363 1024 0.144253151
20 42 3 11364 1024 0.168155842
21 43 3 11365 1024 0.143639565
22 44 3 11366 1024 0.175265310
23 45 3 11367 1024 0.137367433
24 46 3 11368 1024 0.151873628
25 47 3 11369 1024 0.177320663
26 48 3 11370 1024 0.141101900
27 49 3 11371 1024 0.152556400
28 50 3 11372 1024 0.147479254
29 51 3 11373 1024 0.131333510
30 52 3 11374 1024 0.132662844
31 53 3 11375 1024 0.155100356
32 54 3 11376 1024 0.141788904
33 55 3 11377 1024 0.179726268
34 56 3 11378 1024 0.148745634
35 57 3 11379 1024 0.131409377
36 58 3 11380 1024 0.176541295
37 59 3 11381 1024 0.171958814
38 60 3 11382 1024 0.162498034
39 61 3 11383 1024 0.169569032
40 62 3 11384 1024 0.136879979
41 63 3 11385 1024 0.144343970
42 0 3 11386 1024 0.171488079
43 1 3 11387 1024 0.164803599
44 2 3 11388 1024 0.136939635
45 3 3 11389 1024 0.165276809
46 4 3 11390 1024 0.152430074
47 5 3 11391 1024 0.130262560
48 6 3 11392 1024 0.133961289
49 7 3 11393 1024 0.142796196
50 8 3 11394 1024 0.171748155
51 9 3 11395 1024 0.157440212
52 10 3 11396 1024 0.166361739
53 11 3 11397 1024 0.156388575
54 12 3 11398 1024 0.135559343
55 13 3 11399 1024 0.144405079
56 14 3 11400 1024 0.145057560
57 15 3 11401 1024 0.132387472
58 16 3 11402 1024 0.150991277
59 17 3 11403 1024 0.169694955
60 18 3 11404 1024 0.152855681
61 19 3 11405 1024 0.135542895
62 20 3 11406 1024 0.175257344
63 21 3 11407 1024 0.159836952
0 23 3 11408 1024 0.130821768
1 24 3 11409 1024 0.155768787
2 25 3 11410 1024 0.142096907
3 26 3 11411 1024 0.137178842
4 27 3 11412 1024 0.151461945
5 28 3 11413 1024 0.160740479
6 29 3 11414 1024 0.142028212
7 30 3 11415 1024 0.150828380
8 31 3 11416 1024 0.163218565
9 32 3 11417 1024 0.134280698
10 33 3 11418 1024 0.178732725
11 34 3 11419 1024 0.133383966
12 35 3 11420 1024 0.156302972
13 36 3 11421 1024 0.155366385
14 37 3 11422 1024 0.179416574
15 38 3 11423 1024 0.157707598
16 39 3 11424 1024 0.149522687
17 40 3 11425 1024 0.153506754
18 41 3 11426 1024 0.161783540
19 42 3 11427 1024 0.179051971
20 43 3 11428 1024 0.142682513
21 44 3 11429 1024 0.130812112
22 45 3 11430 1024 0.169426001
23 46 3 11431 1024 0.147240125
24 47 3 11432 1024 0.166647051
25 48 3 11433 1024 0.161412848
26 49 3 11434 1024 0.168575069
27 50 3 11435 1024 0.166759349
28 51 3 11436 1024 0.146625930
29 52 3 11437 1024 0.132216784
30 53 3 11438 1024 0.157300687
31 54 3 11439 1024 0.170675443
32 55 3 11440 1024 0.138754456
33 56 3 11441 1024 0.168957130
34 57 3 11442 1024 0.153231145
35 58 3 11443 1024 0.164769463
36 59 3 11444 1024 0.161586792
37 60 3 11445 1024 0.170574884
38 61 3 11446 1024 0.133155027
39 62 3 11447 1024 0.168809520
40 63 3 11448 1024 0.152883979
41 0 3 11449 1024 0.144672129
42 1 3 11450 1024 0.132190314
43 2 3 11451 1024 0.139973492
44 3 3 11452 1024 0.132095297
45 4 3 11453 1024 0.176668549
46 5 3 11454 1024 0.155769179
47 6 3 11455 1024 0.179456135
48 7 3 11456 1024 0.157151535
49 8 3 11457 1024 0.142665688
50 9 3 11458 1024 0.167664546
51 10 3 11459 1024 0.139555172
52 11 3 11460 1024 0.147848709
53 12 3 11461 1024 0.169042078
54 13 3 11462 1024 0.173289914
55 14 3 11463 1024 0.146596234
56 15 3 11464 1024 0.136223750
57 16 3 11465 1024 0.148400959
58 17 3 11466 1024 0.174474326
59 18 3 11467 1024 0.167165385
60 19 3 11468 1024 0.174731875
61 20 3 11469 1024 0.149332238
62 21 3 11470 1024 0.178686179
63 22 3 11471 1024 0.154810161
0 24 3 11472 1024 0.154876170
1 25 3 11473 1024 0.176215523
2 26 3 11474 1024 0.155963793
3 27 3 11475 1024 0.170057404
4 28 3 11476 1024 0.166354066
5 29 3 11477 1024 0.133946350
6 30 3 11478 1024 0.160122665
7 31 3 11479 1024 0.171117064
8 32 3 11480 1024 0.157273720
9 33 3 11481 1024 0.146060571
10 34 3 11482 1024 0.134003446
11 35 3 11483 1024 0.163045961
12 36 3 11484 1024 0.145324793
13 37 3 11485 1024 0.160131081
14 38 3 11486 1024 0.151305804
15 39 3 11487 1024 0.164488240
16 40 3 11488 1024 0.147577349
17 41 3 11489 1024 0.132117758
18 42 3 11490 1024 0.173501859
19 43 3 11491 1024 0.147627966
20 44 3 11492 1024 0.179907530
21 45 3 11493 1024 0.143727768
22 46 3 11494 1024 0.179001364
23 47 3 11495 1024 0.177395219
24 48 3 11496 1024 0.133752058
25 49 3 11497 1024 0.161875627
26 50 3 11498 1024 0.148165557
27 51 3 11499 1024 0.170054799
28 52 3 11500 1024 0.163970530
29 53 3 11501 1024 0.177639470
30 54 3 11502 1024 0.137138973
31 55 3 11503 1024 0.160378645
32 56 3 11504 1024 0.169065598
33 57 3 11505 1024 0.131739948
34 58 3 11506 1024 0.133361668
35 59 3 11507 1024 0.168925769
36 60 3 11508 1024 0.148316424
37 61 3 11509 1024 0.149142720
38 62 3 11510 1024 0.158362232
39 63 3 11511 1024 0.160254741
40 0 3 11512 1024 0.163953103
41 1 3 11513 1024 0.177441176
42 2 3 11514 1024 0.148600669
43 3 3 11515 1024 0.168154224
44 4 3 11516 1024 0.158696089
45 5 3 11517 1024 0.156472994
46 6 3 11518 1024 0.149901702
47 7 3 11519 1024 0.162478037
48 8 3 11520 1024 0.142480583
49 9 3 11521 1024 0.135672431
50 10 3 11522 1024 0.166783743
51 11 3 11523 1024 0.154952198
52 12 3 11524 1024 0.149349369
53 13 3 11525 1024 0.158083636
54 14 3 11526 1024 0.143088834
55 15 3 11527 1024 0.143014489
56 16 3 11528 1024 0.152313656
57 17 3 11529 1024 0.179818256
58 18 3 11530 1024 0.144278844
59 19 3 11531 1024 0.175823945
60 20 3 11532 1024 0.154560010
61 21 3 11533 1024 0.136131871
62 22 3 11534 1024 0.172641315
63 23 3 11535 1024 0.152602134
0 25 3 11536 1024 0.174933952
1 26 3 11537 1024 0.152255560
2 27 3 11538 1024 0.134389537
3 28 3 11539 1024 0.164096463
4 29 3 11540 1024 0.172276061
5 30 3 11541 1024 0.145979389
6 31 3 11542 1024 0.147371265
7 32 3 11543 1024 0.133246954
8 33 3 11544 1024 0.157108568
9 34 3 11545 1024 0.174566584
10 35 3 11546 1024 0.172568103
11 36 3 11547 1024 0.165590455
12 37 3 11548 1024 0.176366223
13 38 3 11549 1024 0.161885001
14 39 3 11550 1024 0.169684819
15 40 3 11551 1024 0.155437787
16 41 3 11552 1024 0.136068123
17 42 3 11553 1024 0.140049019
18 43 3 11554 1024 0.136943844
19 44 3 11555 1024 0.169518653
20 45 3 11556 1024 0.131314201
21 46 3 11557 1024 0.157701072
22 47 3 11558 1024 0.148445558
23 48 3 11559 1024 0.170183086
24 49 3 11560 1024 0.157582347
25 50 3 11561 1024 0.160597418
26 51 3 11562 1024 0.134310774
27 52 3 11563 1024 0.145464536
28 53 3 11564 1024 0.179979752
29 54 3 11565 1024 0.165943483
30 55 3 11566 1024 0.156284783
31 56 3 11567 1024 0.168458228
32 57 3 11568 1024 0.171166970
33 58 3 11569 1024 0.133687536
34 59 3 11570 1024 0.178618987
35 60 3 11571 1024 0.162116929
36 61 3 11572 1024 0.152498725
37 62 3 11573 1024 0.164005450
38 63 3 11574 1024 0.147225739
39 0 3 11575 1024 0.173898008
40 1 3 11576 1024 0.169013146
41 2 3 11577 1024 0.161989696
42 3 3 11578 1024 0.139098157
43 4 3 11579 1024 0.178313231
44 5 3 11580 1024 0.151630914
45 6 3 11581 1024 0.175535614
46 7 3 11582 1024 0.132770643
47 8 3 11583 1024 0.136208056
48 9 3 11584 1024 0.137650773
49 10 3 11585 1024 0.138232854
50 11 3 11586 1024 0.146133038
51 12 3 11587 1024 0.165466607
52 13 3 11588 1024 0.147301154
53 14 3 11589 1024 0.177045203
54 15 3 11590 1024 0.174746296
55 16 3 11591 1024 0.172296685
56 17 3 11592 1024 0.142530265
57 18 3 11593 1024 0.161752855
58 19 3 11594 1024 0.157542071
59 20 3 11595 1024 0.136258515
60 21 3 11596 1024 0.145141230
61 22 3 11597 1024 0.156673901
62 23 3 11598 1024 0.155128657
63 24 3 11599 1024 0.138431795
0 26 3 11600 1024 0.177080349
1 27 3 11601 1024 0.137709713
2 28 3 11602 1024 0.162936644
3 29 3 11603 1024 0.166031638
4 30 3 11604 1024 0.160256945
5 31 3 11605 1024 0.172126500
6 32 3 11606 1024 0.158180902
7 33 3 11607 1024 0.171261813
8 34 3 11608 1024 0.131418674
9 35 3 11609 1024 0.132273090
10 36 3 11610 1024 0.162072687
11 37 3 11611 1024 0.158838562
12 38 3 11612 1024 0.162556499
13 39 3 11613 1024 0.168347950
14 40 3 11614 1024 0.150829339
15 41 3 11615 1024 0.161949560
16 42 3 11616 1024 0.154901903
17 43 3 11617 1024 0.161358201
18 44 3 11618 1024 0.144483583
19 45 3 11619 1024 0.177832508
20 46 3 11620 1024 0.154147241
21 47 3 11621 1024 0.170234408
22 48 3 11622 1024 0.164249542
23 49 3 11623 1024 0.144871694
24 50 3 11624 1024 0.133648651
25 51 3 11625 1024 0.132995652
26 52 3 11626 1024 0.151980275
27 53 3 11627 1024 0.154212557
28 54 3 11628 1024 0.140201151
29 55 3 11629 1024 0.160333013
30 56 3 11630 1024 0.145629125
31 57 3 11631 1024 0.165918144
32 58 3 11632 1024 0.166709988
33 59 3 11633 1024 0.173038868
34 60 3 11634 1024 0.178768706
35 61 3 11635 1024 0.136538308
36 62 3 11636 1024 0.148527010
37 63 3 11637 1024 0.158082561
38 0 3 11638 1024 0.145955794
39 1 3 11639 1024 0.153323628
40 2 3 11640 1024 0.143373584
41 3 3 11641 1024 0.142395944
42 4 3 11642 1024 0.134840583
43 5 3 11643 1024 0.144510600
44 6 3 11644 1024 0.149207492
45 7 3 11645 1024 0.160768872
46 8 3 11646 1024 0.142413514
47 9 3 11647 1024 0.173265375
48 10 3 11648 1024 0.137984983
49 11 3 11649 1024 0.146371791
50 12 3 11650 1024 0.158884352
51 13 3 11651 1024 0.145635746
52 14 3 11652 1024 0.168156069
53 15 3 11653 1024 0.154913277
54 16 3 11654 1024 0.155736242
55 17 3 11655 1024 0.154937985
56 18 3 11656 1024 0.145427024
57 19 3 11657 1024 0.131158815
58 20 3 11658 1024 0.177261640
59 21 3 11659 1024 0.155272223
60 22 3 11660 1024 0.178334332
61 23 3 11661 1024 0.140757221
62 24 3 11662 1024 0.147644754
63 25 3 11663 1024 0.132527020
0 27 3 11664 1024 0.154744710
1 28 3 11665 1024 0.174116974
2 29 3 11666 1024 0.162713002
3 30 3 11667 1024 0.153529343
4 31 3 11668 1024 0.156834537
5 32 3 11669 1024 0.172358618
6 33 3 11670 1024 0.151546388
7 34 3 11671 1024 0.174122787
8 35 3 11672 1024 0.166375403
9 36 3 11673 1024 0.168192838
10 37 3 11674 1024 0.148296868
11 38 3 11675 1024 0.150029081
12 39 3 11676 1024 0.158514082
13 40 3 11677 1024 0.139732765
14 41 3 11678 1024 0.157661146
15 42 3 11679 1024 0.133676587
16 43 3 11680 1024 0.155212776
17 44 3 11681 1024 0.168220206
18 45 3 11682 1024 0.143986034
19 46 3 11683 1024 0.179454535
20 47 3 11684 1024 0.164019932
21 48 3 11685 1024 0.135940551
22 49 3 11686 1024 0.178754141
23 50 3 11687 1024 0.149695186
24 51 3 11688 1024 0.169744861
25 52 3 11689 1024 0.146954265
26 53 3 11690 1024 0.176947428
27 54 3 11691 1024 0.167748259
28 55 3 11692 1024 0.139952894
29 56 3 11693 1024 0.155456126
30 57 3 11694 1024 0.155003895
31 58 3 11695 1024 0.132265168
32 59 3 11696 1024 0.136851819
33 60 3 11697 1024 0.146652035
34 61 3 11698 1024 0.153687208
35 62 3 11699 1024 0.152849428
36 63 3 11700 1024 0.160313026
37 0 3 11701 1024 0.155775287
38 1 3 11702 1024 0.146398292
39 2 3 11703 1024 0.160653406
40 3 3 11704 1024 0.138125102
41 4 3 11705 1024 0.179530787
42 5 3 11706 1024 0.166965968
43 6 3 11707 1024 0.144961717
44 7 3 11708 1024 0.146818673
45 8 3 11709 1024 0.171414469
46 9 3 11710 1024 0.156616991
47 10 3 11711 1024 0.165436990
48 11 3 11712 1024 0.144989528
49 12 3 11713 1024 0.170787442
50 13 3 11714 1024 0.148417890
51 14 3 11715 1024 0.163690320
52 15 3 11716 1024 0.178994902
53 16 3 11717 1024 0.159185107
54 17 3 11718 1024 0.169837741
55 18 3 11719 1024 0.166266211
56 19 3 11720 1024 0.164402183
57 20 3 11721 1024 0.131332358
58 21 3 11722 1024 0.153729511
59 22 3 11723 1024 0.178353535
60 23 3 11724 1024 0.169145200
61 24 3 11725 1024 0.168808101
62 25 3 11726 1024 0.158881720
63 26 3 11727 1024 0.166070006
0 28 3 11728 1024 0.159176164
1 29 3 11729 1024 0.138525603
2 30 3 11730 1024 0.161451262
3 31 3 11731 1024 0.160986790
4 32 3 11732 1024 0.172058356
5 33 3 11733 1024 0.137388785
6 34 3 11734 1024 0.164036345
7 35 3 11735 1024 0.131578526
8 36 3 11736 1024 0.177410259
9 37 3 11737 1024 0.135494776
10 38 3 11738 1024 0.130946868
11 39 3 11739 1024 0.145684624
12 40 3 11740 1024 0.137571563
13 41 3 11741 1024 0.164525013
14 42 3 11742 1024 0.150518870
15 43 3 11743 1024 0.168748615
16 44 3 11744 1024 0.176026047
17 45 3 11745 1024 0.173640885
18 46 3 11746 1024 0.166791864
19 47 3 11747 1024 0.133114064
20 48 3 11748 1024 0.136904124
21 49 3 11749 1024 0.140367085
22 50 3 11750 1024 0.146252477
23 51 3 11751 1024 0.163111340
24 52 3 11752 1024 0.156273858
25 53 3 11753 1024 0.145687630
26 54 3 11754 1024 0.138659121
27 55 3 11755 1024 0.175606208
28 56 3 11756 1024 0.147116351
29 57 3 11757 1024 0.147714349
30 58 3 11758 1024 0.168599489
31 59 3 11759 1024 0.166046228
32 60 3 11760 1024 0.162165455
33 61 3 11761 1024 0.164665666
34 62 3 11762 1024 0.160503829
35 63 3 11763 1024 0.139613208
36 0 3 11764 1024 0.142325957
37 1 3 11765 1024 0.157904333
38 2 3 11766 1024 0.141243352
39 3 3 11767 1024 0.178645531
40 4 3 11768 1024 0.144880728
41 5 3 11769 1024 0.144450207
42 6 3 11770 1024 0.140363890
43 7 3 11771 1024 0.165249413
44 8 3 11772 1024 0.145852037
45 9 3 11773 1024 0.147440159
46 10 3 11774 1024 0.176685019
47 11 3 11775 1024 0.169770268
48 12 3 11776 1024 0.143672877
49 13 3 11777 1024 0.136093705
50 14 3 11778 1024 0.163831112
51 15 3 11779 1024 0.148984709
52 16 3 11780 1024 0.179008027
53 17 3 11781 1024 0.170918873
54 18 3 11782 1024 0.177730443
55 19 3 11783 1024 0.170230792
56 20 3 11784 1024 0.144522633
57 21 3 11785 1024 0.144381517
58 22 3 11786 1024 0.165707064
59 23 3 11787 1024 0.147318176
60 24 3 11788 1024 0.152118806
61 25 3 11789 1024 0.142822199
62 26 3 11790 1024 0.153953963
63 27 3 11791 1024 0.140103400
0 29 3 11792 1024 0.156928896
1 30 3 11793 1024 0.176651197
2 31 3 11794 1024 0.164808565
3 32 3 11795 1024 0.136863648
4 33 3 11796 1024 0.160783852
5 34 3 11797 1024 0.159341525
6 35 3 11798 1024 0.142122902
7 36 3 11799 1024 0.163491698
8 37 3 11800 1024 0.156552074
9 38 3 11801 1024 0.161897229
10 39 3 11802 1024 0.132624555
11 40 3 11803 1024 0.150665068
12 41 3 11804 1024 0.165867903
13 42 3 11805 1024 0.135027245
14 43 3 11806 1024 0.168538303
15 44 3 11807 1024 0.130259072
16 45 3 11808 1024 0.157517628
17 46 3 11809 1024 0.176454984
18 47 3 11810 1024 0.150345373
19 48 3 11811 1024 0.176751605
20 49 3 11812 1024 0.173919981
21 50 3 11813 1024 0.153872426
22 51 3 11814 1024 0.139972799
23 52 3 11815 1024 0.178195702
24 53 3 11816 1024 0.146058385
25 54 3 11817 1024 0.162294896
26 55 3 11818 1024 0.175396848
27 56 3 11819 1024 0.134473036
28 57 3 11820 1024 0.158706668
29 58 3 11821 1024 0.156757614
30 59 3 11822 1024 0.166155884
31 60 3 11823 1024 0.176833469
32 61 3 11824 1024 0.175661486
33 62 3 11825 1024 0.138753239
34 63 3 11826 1024 0.174112249
35 0 3 11827 1024 0.138789435
36 1 3 11828 1024 0.175981741
37 2 3 11829 1024 0.179858590
38 3 3 11830 1024 0.149849729
39 4 3 11831 1024 0.154769195
40 5 3 11832 1024 0.176830437
41 6 3 11833 1024 0.178106569
42 7 3 11834 1024 0.176301985
43 8 3 11835 1024 0.173837158
44 9 3 11836 1024 0.130463358
45 10 3 11837 1024 0.158398093
46 11 3 11838 1024 0.135365035
47 12 3 11839 1024 0.179149694
48 13 3 11840 1024 0.144228083
49 14 3 11841 1024 0.179454974
50 15 3 11842 1024 0.157165024
51 16 3 11843 1024 0.154695621
52 17 3 11844 1024 0.176928025
53 18 3 11845 1024 0.172552987
54 19 3 11846 1024 0.153401038
55 20 3 11847 1024 0.139640570
56 21 3 11848 1024 0.135632338
57 22 3 11849 1024 0.138124713
58 23 3 11850 1024 0.152945724
59 24 3 11851 1024 0.142863244
60 25 3 11852 1024 0.139309953
61 26 3 11853 1024 0.166830895
62 27 3 11854 1024 0.169538383
63 28 3 11855 1024 0.158389061
0 30 3 11856 1024 0.167864138
1 31 3 11857 1024 0.138774746
2 32 3 11858 1024 0.172807325
3 33 3 11859 1024 0.174852138
4 34 3 11860 1024 0.171349491
5 35 3 11861 1024 0.155764033
6 36 3 11862 1024 0.134336888
7 37 3 11863 1024 0.163462793
8 38 3 11864 1024 0.139239060
9 39 3 11865 1024 0.137030594
10 40 3 11866 1024 0.146180084
11 41 3 11867 1024 0.142402354
12 42 3 11868 1024 0.143039264
13 43 3 11869 1024 0.141776063
14 44 3 11870 1024 0.167687833
15 45 3 11871 1024 0.177701741
16 46 3 11872 1024 0.145097292
17 47 3 11873 1024 0.166144126
18 48 3 11874 1024 0.130571787
19 49 3 11875 1024 0.162684168
20 50 3 11876 1024 0.164638430
21 51 3 11877 1024 0.133106217
22 52 3 11878 1024 0.135911242
23 53 3 11879 1024 0.145340317
24 54 3 11880 1024 0.150270831
25 55 3 11881 1024 0.155126024
26 56 3 11882 1024 0.174755918
27 57 3 11883 1024 0.165177852
28 58 3 11884 1024 0.145548897
29 59 3 11885 1024 0.135870787
30 60 3 11886 1024 0.175806519
31 61 3 11887 1024 0.144751880
32 62 3 11888 1024 0.160731272
33 63 3 11889 1024 0.140956430
34 0 3 11890 1024 0.136678439
35 1 3 11891 1024 0.137659278
36 2 3 11892 1024 0.167386742
37 3 3 11893 1024 0.160286947
38 4 3 11894 1024 0.150792281
39 5 3 11895 1024 0.157461725
40 6 3 11896 1024 0.153541404
41 7 3 11897 1024 0.156875884
42 8 3 11898 1024 0.163204722
43 9 3 11899 1024 0.140920581
44 10 3 11900 1024 0.142373271
45 11 3 11901 1024 0.167736977
46 12 3 11902 1024 0.173656753
47 13 3 11903 1024 0.134093515
48 14 3 11904 1024 0.152337399
49 15 3 11905 1024 0.165188306
50 16 3 11906 1024 0.133905136
51 17 3 11907 1024 0.158208436
52 18 3 11908 1024 0.133087902
53 19 3 11909 1024 0.157382462
54 20 3 11910 1024 0.155274353
55 21 3 11911 1024 0.158635084
56 22 3 11912 1024 0.137492619
57 23 3 11913 1024 0.146405882
58 24 3 11914 1024 0.156017077
59 25 3 11915 1024 0.135812001
60 26 3 11916 1024 0.140270074
61 27 3 11917 1024 0.159157384
62 28 3 11918 1024 0.134547082
63 29 3 11919 1024 0.155518768
0 31 3 11920 1024 0.170434604
1 32 3 11921 1024 0.152671615
2 33 3 11922 1024 0.155662392
3 34 3 11923 1024 0.152839924
4 35 3 11924 1024 0.132886839
5 36 3 11925 1024 0.153118915
6 37 3 11926 1024 0.170345768
7 38 3 11927 1024 0.166164004
8 39 3 11928 1024 0.149797435
9 40 3 11929 1024 0.170822661
10 41 3 11930 1024 0.167290224
11 42 3 11931 1024 0.158915563
12 43 3 11932 1024 0.132264490
13 44 3 11933 1024 0.147226443
14 45 3 11934 1024 0.133187996
15 46 3 11935 1024 0.179706183
16 47 3 11936 1024 0.176729140
17 48 3 11937 1024 0.133450957
18 49 3 11938 1024 0.176688778
19 50 3 11939 1024 0.131586744
20 51 3 11940 1024 0.150443347
21 52 3 11941 1024 0.168448603
22 53 3 11942 1024 0.168291384
23 54 3 11943 1024 0.178916664
24 55 3 11944 1024 0.162294041
25 56 3 11945 1024 0.151018097
26 57 3 11946 1024 0.179642830
27 58 3 11947 1024 0.149123981
28 59 3 11948 1024 0.173481014
29 60 3 11949 1024 0.175338366
30 61 3 11950 1024 0.148782277
31 62 3 11951 1024 0.164136518
32 63 3 11952 1024 0.163089627
33 0 3 11953 1024 0.156965013
34 1 3 11954 1024 0.162676705
35 2 3 11955 1024 0.147388494
36 3 3 11956 1024 0.138923681
37 4 3 11957 1024 0.156862924
38 5 3 11958 1024 0.156442127
39 6 3 11959 1024 0.166392907
40 7 3 11960 1024 0.141134511
41 8 3 11961 1024 0.130173665
42 9 3 11962 1024 0.131136766
43 10 3 11963 1024 0.144918149
44 11 3 11964 1024 0.163674993
45 12 3 11965 1024 0.157222267
46 13 3 11966 1024 0.156596680
47 14 3 11967 1024 0.171168022
48 15 3 11968 1024 0.142375602
49 16 3 11969 1024 0.147307987
50 17 3 11970 1024 0.143782486
51 18 3 11971 1024 0.176870518
52 19 3 11972 1024 0.166251197
53 20 3 11973 1024 0.135642232
54 21 3 11974 1024 0.170473909
55 22 3 11975 1024 0.150962030
56 23 3 11976 1024 0.168302673
57 24 3 11977 1024 0.174187831
58 25 3 11978 1024 0.130782290
59 26 3 11979 1024 0.140304081
60 27 3 11980 1024 0.135044836
61 28 3 11981 1024 0.131678814
62 29 3 11982 1024 0.159889245
63 30 3 11983 1024 0.165164313
0 32 3 11984 1024 0.132433816
1 33 3 11985 1024 0.167027054
2 34 3 11986 1024 0.150113268
3 35 3 11987 1024 0.141716964
4 36 3 11988 1024 0.140863461
5 37 3 11989 1024 0.173186512
6 38 3 11990 1024 0.132822202
7 39 3 11991 1024 0.155194792
8 40 3 11992 1024 0.144463173
9 41 3 11993 1024 0.170789313
10 42 3 11994 1024 0.166575874
11 43 3 11995 1024 0.145945185
12 44 3 11996 1024 0.159895884
13 45 3 11997 1024 0.163626595
14 46 3 11998 1024 0.146033256
15 47 3 11999 1024 0.145088222
16 48 3 12000 1024 0.137163022
17 49 3 12001 1024 0.163010621
18 50 3 12002 1024 0.141052137
19 51 3 12003 1024 0.145025048
20 52 3 12004 1024 0.133047882
21 53 3 12005 1024 0.177426013
22 54 3 12006 1024 0.173985695
23 55 3 12007 1024 0.175578883
24 56 3 12008 1024 0.161299657
25 57 3 12009 1024 0.151360029
26 58 3 12010 1024 0.154781039
27 59 3 12011 1024 0.178614512
28 60 3 12012 1024 0.177079320
29 61 3 12013 1024 0.163567126
30 62 3 12014 1024 0.169290230
31 63 3 12015 1024 0.145936723
32 0 3 12016 1024 0.150816232
33 1 3 12017 1024 0.137460880
34 2 3 12018 1024 0.148823009
35 3 3 12019 1024 0.167720805
36 4 3 12020 1024 0.153675941
37 5 3 12021 1024 0.172467047
38 6 3 12022 1024 0.145036821
39 7 3 12023 1024 0.165378840
40 8 3 12024 1024 0.170288808
41 9 3 12025 1024 0.175737059
42 10 3 12026 1024 0.158119297
43 11 3 12027 1024 0.178389309
44 12 3 12028 1024 0.157864338
45 13 3 12029 1024 0.136704638
46 14 3 12030 1024 0.142142926
47 15 3 12031 1024 0.140166837
48 16 3 12032 1024 0.162335293
49 17 3 12033 1024 0.176111305
50 18 3 12034 1024 0.172356669
51 19 3 12035 1024 0.134623200
52 20 3 12036 1024 0.166229236
53 21 3 12037 1024 0.139524081
54 22 3 12038 1024 0.143423079
55 23 3 12039 1024 0.163683596
56 24 3 12040 1024 0.160146102
57 25 3 12041 1024 0.173681023
58 26 3 12042 1024 0.139408165
59 27 3 12043 1024 0.168084821
60 28 3 12044 1024 0.166215262
61 29 3 12045 1024 0.157942524
62 30 3 12046 1024 0.153969710
63 31 3 12047 1024 0.173473693
0 33 3 12048 1024 0.146648216
1 34 3 12049 1024 0.177850988
2 35 3 12050 1024 0.130766685
3 36 3 12051 1024 0.176857988
4 37 3 12052 1024 0.178103878
5 38 3 12053 1024 0.135865810
6 39 3 12054 1024 0.179978600
7 40 3 12055 1024 0.153946044
8 41 3 12056 1024 0.142129659
9 42 3 12057 1024 0.160220077
10 43 3 12058 1024 0.140225657
11 44 3 12059 1024 0.175756323
12 45 3 12060 1024 0.157603965
13 46 3 12061 1024 0.168775694
14 47 3 12062 1024 0.149033087
15 48 3 12063 1024 0.156682506
16 49 3 12064 1024 0.147962978
17 50 3 12065 1024 0.143078081
18 51 3 12066 1024 0.155640827
19 52 3 12067 1024 0.154863865
20 53 3 12068 1024 0.134930412
21 54 3 12069 1024 0.179065923
22 55 3 12070 1024 0.153474521
23 56 3 12071 1024 0.171986559
24 57 3 12072 1024 0.175716525
25 58 3 12073 1024 0.148535246
26 59 3 12074 1024 0.150696509
27 60 3 12075 1024 0.158126236
28 61 3 12076 1024 0.141063705
29 62 3 12077 1024 0.137296136
30 63 3 12078 1024 0.143038705
31 0 3 12079 1024 0.176737913
32 1 3 12080 1024 0.158957146
33 2 3 12081 1024 0.150878904
34 3 3 12082 1024 0.137620571
35 4 3 12083 1024 0.146493264
36 5 3 12084 1024 0.148991989
37 6 3 12085 1024 0.171668136
38 7 3 12086 1024 0.154965074
39 8 3 12087 1024 0.162730398
40 9 3 12088 1024 0.164242331
41 10 3 12089 1024 0.142866338
42 11 3 12090 1024 0.171079597
43 12 3 12091 1024 0.178325413
44 13 3 12092 1024 0.162084723
45 14 3 12093 1024 0.154529779
46 15 3 12094 1024 0.138411682
47 16 3 12095 1024 0.169748776
48 17 3 12096 1024 0.138463286
49 18 3 12097 1024 0.166015677
50 19 3 12098 1024 0.154415816
51 20 3 12099 1024 0.175844969
52 21 3 12100 1024 0.157106843
53 22 3 12101 1024 0.162090473
54 23 3 12102 1024 0.132936603
55 24 3 12103 1024 0.131691188
56 25 3 12104 1024 0.172334869
57 26 3 12105 1024 0.177259406
58 27 3 12106 1024 0.163410777
59 28 3 12107 1024 0.168216942
60 29 3 12108 1024 0.150619611
61 30 3 12109 1024 0.172127236
62 31 3 12110 1024 0.141571670
63 32 3 12111 1024 0.165358478
0 34 3 12112 1024 0.130457073
1 35 3 12113 1024 0.155286646
2 36 3 12114 1024 0.148660035
3 37 3 12115 1024 0.160891762
4 38 3 12116 1024 0.163337736
5 39 3 12117 1024 0.160825968
6 40 3 12118 1024 0.154160208
7 41 3 12119 1024 0.154392719
8 42 3 12120 1024 0.130330618
9 43 3 12121 1024 0.157582178
10 44 3 12122 1024 0.130592548
11 45 3 12123 1024 0.156470882
12 46 3 12124 1024 0.143737037
13 47 3 12125 1024 0.178873967
14 48 3 12126 1024 0.130857130
15 49 3 12127 1024 0.170657861
16 50 3 12128 1024 0.163701648
17 51 3 12129 1024 0.170308385
18 52 3 12130 1024 0.175488668
19 53 3 12131 1024 0.135350821
20 54 3 12132 1024 0.134815695
21 55 3 12133 1024 0.137444874
22 56 3 12134 1024 0.139596603
23 57 3 12135 1024 0.156322799
24 58 3 12136 1024 0.170760720
25 59 3 12137 1024 0.143366237
26 60 3 12138 1024 0.149844821
27 61 3 12139 1024 0.148652579
28 62 3 12140 1024 0.150301370
29 63 3 12141 1024 0.158250109
30 0 3 12142 1024 0.179511652
31 1 3 12143 1024 0.141292863
32 2 3 12144 1024 0.164202081
33 3 3 12145 1024 0.172393355
34 4 3 12146 1024 0.162686786
35 5 3 12147 1024 0.172910958
36 6 3 12148 1024 0.167979293
37 7 3 12149 1024 0.134675025
38 8 3 12150 1024 0.148963201
39 9 3 12151 1024 0.157635072
40 10 3 12152 1024 0.132805747
41 11 3 12153 1024 0.130472509
42 12 3 12154 1024 0.138569179
43 13 3 12155 1024 0.154992920
44 14 3 12156 1024 0.151695483
45 15 3 12157 1024 0.169218816
46 16 3 12158 1024 0.158292831
47 17 3 12159 1024 0.172898016
48 18 3 12160 1024 0.134768092
49 19 3 12161 1024 0.156407959
50 20 3 12162 1024 0.132127588
51 21 3 12163 1024 0.140570853
52 22 3 12164 1024 0.173405845
53 23 3 12165 1024 0.174377715
54 24 3 12166 1024 0.153775014
55 25 3 12167 1024 0.132328099
56 26 3 12168 1024 0.133717403
57 27 3 12169 1024 0.176279241
58 28 3 12170 1024 0.174965583
59 29 3 12171 1024 0.158175493
60 30 3 12172 1024 0.131645089
61 31 3 12173 1024 0.176438318
62 32 3 12174 1024 0.145724235
63 33 3 12175 1024 0.178073459
0 35 3 12176 1024 0.159351805
1 36 3 12177 1024 0.167612723
2 37 3 12178 1024 0.165635570
3 38 3 12179 1024 0.149914801
4 39 3 12180 1024 0.133846875
5 40 3 12181 1024 0.138122513
6 41 3 12182 1024 0.142023610
7 42 3 12183 1024 0.171732528
8 43 3 12184 1024 0.149457830
9 44 3 12185 1024 0.174826288
10 45 3 12186 1024 0.146586492
11 46 3 12187 1024 0.167780463
12 47 3 12188 1024 0.136997530
13 48 3 12189 1024 0.179423898
14 49 3 12190 1024 0.166208179
15 50 3 12191 1024 0.155039643
16 51 3 12192 1024 0.178716166
17 52 3 12193 1024 0.132684822
18 53 3 12194 1024 0.151854413
19 54 3 12195 1024 0.171933733
20 55 3 12196 1024 0.147029637
21 56 3 12197 1024 0.168450283
22 57 3 12198 1024 0.177742920
23 58 3 12199 1024 0.149835152
24 59 3 12200 1024 0.168677746
25 60 3 12201 1024 0.131481283
26 61 3 12202 1024 0.143666351
27 62 3 12203 1024 0.179629294
28 63 3 12204 1024 0.154530173
29 0 3 12205 1024 0.147790560
30 1 3 12206 1024 0.177057142
31 2 3 12207 1024 0.151592397
32 3 3 12208 1024 0.163984743
33 4 3 12209 1024 0.163033595
34 5 3 12210 1024 0.134284706
35 6 3 12211 1024 0.160930795
36 7 3 12212 1024 0.169902759
37 8 3 12213 1024 0.165655427
38 9 3 12214 1024 0.134101900
39 10 3 12215 1024 0.137711048
40 11 3 12216 1024 0.165583858
41 12 3 12217 1024 0.161695044
42 13 3 12218 1024 0.166982764
43 14 3 12219 1024 0.145833911
44 15 3 12220 1024 0.135327546
45 16 3 12221 1024 0.130259761
46 17 3 12222 1024 0.145413373
47 18 3 12223 1024 0.147995875
48 19 3 12224 1024 0.143488322
49 20 3 12225 1024 0.136625350
50 21 3 12226 1024 0.139369589
51 22 3 12227 1024 0.152442184
52 23 3 12228 1024 0.157737000
53 24 3 12229 1024 0.150402209
54 25 3 12230 1024 0.131313095
55 26 3 12231 1024 0.147695714
56 27 3 12232 1024 0.134653213
57 28 3 12233 1024 0.159902190
58 29 3 12234 1024 0.146221517
59 30 3 12235 1024 0.149261896
60 31 3 12236 1024 0.144592368
61 32 3 12237 1024 0.149389978
62 33 3 12238 1024 0.134234976
63 34 3 12239 1024 0.175056802
0 36 3 12240 1024 0.175260379
1 37 3 12241 1024 0.178908653
2 38 3 12242 1024 0.158598022
3 39 3 12243 1024 0.138479146
4 40 3 12244 1024 0.149036601
5 41 3 12245 1024 0.136942003
6 42 3 12246 1024 0.145056563
7 43 3 12247 1024 0.154656197
8 44 3 12248 1024 0.133163358
9 45 3 12249 1024 0.151733813
10 46 3 12250 1024 0.151055117
11 47 3 12251 1024 0.154211566
12 48 3 12252 1024 0.133846068
13 49 3 12253 1024 0.142584987
14 50 3 12254 1024 0.142329503
15 51 3 12255 1024 0.161251684
16 52 3 12256 1024 0.159690320
17 53 3 12257 1024 0.139777411
18 54 3 12258 1024 0.135348618
19 55 3 12259 1024 0.145232900
20 56 3 12260 1024 0.177441173
21 57 3 12261 1024 0.146610861
22 58 3 12262 1024 0.161009609
23 59 3 12263 1024 0.170203823
24 60 3 12264 1024 0.146477086
25 61 3 12265 1024 0.146736811
26 62 3 12266 1024 0.170773774
27 63 3 12267 1024 0.172975423
28 0 3 12268 1024 0.178711269
29 1 3 12269 1024 0.136806224
30 2 3 12270 1024 0.146033258
31 3 3 12271 1024 0.177363946
32 4 3 12272 1024 0.140042574
33 5 3 12273 1024 0.145709164
34 6 3 12274 1024 0.178228731
35 7 3 12275 1024 0.178436261
36 8 3 12276 1024 0.144572408
37 9 3 12277 1024 0.164747888
38 10 3 12278 1024 0.154550366
39 11 3 12279 1024 0.158793964
40 12 3 12280 1024 0.142121215
41 13 3 12281 1024 0.148802765
42 14 3 12282 1024 0.170824726
43 15 3 12283 1024 0.149646756
44 16 3 12284 1024 0.135694391
45 17 3 12285 1024 0.158192525
46 18 3 12286 1024 0.159611352
47 19 3 12287 1024 0.157281454
48 20 3 12288 1024 0.164085632
49 21 3 12289 1024 0.157504958
50 22 3 12290 1024 0.177650231
51 23 3 12291 1024 0.153081111
52 24 3 12292 1024 0.165418353
53 25 3 12293 1024 0.151922748
54 26 3 12294 1024 0.144566560
55 27 3 12295 1024 0.164641764
56 28 3 12296 1024 0.170948278
57 29 3 12297 1024 0.169782842
58 30 3 12298 1024 0.150457080
59 31 3 12299 1024 0.154965161
60 32 3 12300 1024 0.161666802
61 33 3 12301 1024 0.142101058
62 34 3 12302 1024 0.162933148
63 35 3 12303 1024 0.165761820
0 37 3 12304 1024 0.169453838
1 38 3 12305 1024 0.133698257
2 39 3 12306 1024 0.179535031
3 40 3 12307 1024 0.153961735
4 41 3 12308 1024 0.150040255
5 42 3 12309 1024 0.155330632
6 43 3 12310 1024 0.176019609
7 44 3 12311 1024 0.164585443
8 45 3 12312 1024 0.157182260
9 46 3 12313 1024 0.169536046
10 47 3 12314 1024 0.147976475
11 48 3 12315 1024 0.174775076
12 49 3 12316 1024 0.156845299
13 50 3 12317 1024 0.161909018
14 51 3 12318 1024 0.134249097
15 52 3 12319 1024 0.168447702
16 53 3 12320 1024 0.162880082
17 54 3 12321 1024 0.147750441
18 55 3 12322 1024 0.162349992
19 56 3 12323 1024 0.132214835
20 57 3 12324 1024 0.179180410
21 58 3 12325 1024 0.163873595
22 59 3 12326 1024 0.149980887
23 60 3 12327 1024 0.167634139
24 61 3 12328 1024 0.178285839
25 62 3 12329 1024 0.151522777
26 63 3 12330 1024 0.130527389
27 0 3 12331 1024 0.142936919
28 1 3 12332 1024 0.155533812
29 2 3 12333 1024 0.155939888
30 3 3 12334 1024 0.159025915
31 4 3 12335 1024 0.158761770
32 5 3 12336 1024 0.152288928
33 6 3 12337 1024 0.149556708
34 7 3 12338 1024 0.168617112
35 8 3 12339 1024 0.159429498
36 9 3 12340 1024 0.155023289
37 10 3 12341 1024 0.147248369
38 11 3 12342 1024 0.131228133
39 12 3 12343 1024 0.135227468
40 13 3 12344 1024 0.150798771
41 14 3 12345 1024 0.178086393
42 15 3 12346 1024 0.135803467
43 16 3 12347 1024 0.177033808
44 17 3 12348 1024 0.137083759
45 18 3 12349 1024 0.145594517
46 19 3 12350 1024 0.152766632
47 20 3 12351 1024 0.140343366
48 21 3 12352 1024 0.154146300
49 22 3 12353 1024 0.153808127
50 23 3 12354 1024 0.151908297
51 24 3 12355 1024 0.164838163
52 25 3 12356 1024 0.145945474
53 26 3 12357 1024 0.145013204
54 27 3 12358 1024 0.170509297
55 28 3 12359 1024 0.135754263
56 29 3 12360 1024 0.172459000
57 30 3 12361 1024 0.162398496
58 31 3 12362 1024 0.163856967
59 32 3 12363 1024 0.138217705
60 33 3 12364 1024 0.179195024
61 34 3 12365 1024 0.142195647
62 35 3 12366 1024 0.138722662
63 36 3 12367 1024 0.138006786
0 38 3 12368 1024 0.157992448
1 39 3 12369 1024 0.177923131
2 40 3 12370 1024 0.141592777
3 41 3 12371 1024 0.150252372
4 42 3 12372 1024 0.139222589
5 43 3 12373 1024 0.162023944
6 44 3 12374 1024 0.151606723
7 45 3 12375 1024 0.131459614
8 46 3 12376 1024 0.160705347
9 47 3 12377 1024 0.139866222
10 48 3 12378 1024 0.159610158
11 49 3 12379 1024 0.149441789
12 50 3 12380 1024 0.165236781
13 51 3 12381 1024 0.140289224
14 52 3 12382 1024 0.167616275
15 53 3 12383 1024 0.170436489
16 54 3 12384 1024 0.133128188
17 55 3 12385 1024 0.135087602
18 56 3 12386 1024 0.173598967
19 57 3 12387 1024 0.139347992
20 58 3 12388 1024 0.146299246
21 59 3 12389 1024 0.152877521
22 60 3 12390 1024 0.143117670
23 61 3 12391 1024 0.173131827
24 62 3 12392 1024 0.156385751
25 63 3 12393 1024 0.161955429
26 0 3 12394 1024 0.159848541
27 1 3 12395 1024 0.160565421
28 2 3 12396 1024 0.159350236
29 3 3 12397 1024 0.147396232
30 4 3 12398 1024 0.172275890
31 5 3 12399 1024 0.160868134
32 6 3 12400 1024 0.170686913
33 7 3 12401 1024 0.165299418
34 8 3 12402 1024 0.144872242
35 9 3 12403 1024 0.160724226
36 10 3 12404 1024 0.134237598
37 11 3 12405 1024 0.136697388
38 12 3 12406 1024 0.135893083
39 13 3 12407 1024 0.145269000
40 14 3 12408 1024 0.139152226
41 15 3 12409 1024 0.164671827
42 16 3 12410 1024 0.155541243
43 17 3 12411 1024 0.150911955
44 18 3 12412 1024 0.136893365
45 19 3 12413 1024 0.149185498
46 20 3 12414 1024 0.139287685
47 21 3 12415 1024 0.161775082
48 22 3 12416 1024 0.164671646
49 23 3 12417 1024 0.162263005
50 24 3 12418 1024 0.179994978
51 25 3 12419 1024 0.157745629
52 26 3 12420 1024 0.154482101
53 27 3 12421 1024 0.137014827
54 28 3 12422 1024 0.145729001
55 29 3 12423 1024 0.152550049
56 30 3 12424 1024 0.132680563
57 31 3 12425 1024 0.147951959
58 32 3 12426 1024 0.130479172
59 33 3 12427 1024 0.136826736
60 34 3 12428 1024 0.170760797
61 35 3 12429 1024 0.178191454
62 36 3 12430 1024 0.155271901
63 37 3 12431 1024 0.154748492
0 39 3 12432 1024 0.164234834
1 40 3 12433 1024 0.150781522
2 41 3 12434 1024 0.171994590
3 42 3 12435 1024 0.154434976
4 43 3 12436 1024 0.134133531
5 44 3 12437 1024 0.131543035
6 45 3 12438 1024 0.168052831
7 46 3 12439 1024 0.144604495
8 47 3 12440 1024 0.143742646
9 48 3 12441 1024 0.156880431
10 49 3 12442 1024 0.138410449
11 50 3 12443 1024 0.152866069
12 51 3 12444 1024 0.167125913
13 52 3 12445 1024 0.168295978
14 53 3 12446 1024 0.157486309
15 54 3 12447 1024 0.135660550
16 55 3 12448 1024 0.135710333
17 56 3 12449 1024 0.168755651
18 57 3 12450 1024 0.171164140
19 58 3 12451 1024 0.148343089
20 59 3 12452 1024 0.171130546
21 60 3 12453 1024 0.132080526
22 61 3 12454 1024 0.165949012
23 62 3 12455 1024 0.157317664
24 63 3 12456 1024 0.179488786
25 0 3 12457 1024 0.135120822
26 1 3 12458 1024 0.171503536
27 2 3 12459 1024 0.167567275
28 3 3 12460 1024 0.144885447
29 4 3 12461 1024 0.179965633
30 5 3 12462 1024 0.152486617
31 6 3 12463 1024 0.147428849
32 7 3 12464 1024 0.170836429
33 8 3 12465 1024 0.151953495
34 9 3 12466 1024 0.179697884
35 10 3 12467 1024 0.168781582
36 11 3 12468 1024 0.141847303
37 12 3 12469 1024 0.170535136
38 13 3 12470 1024 0.159396195
39 14 3 12471 1024 0.147531542
40 15 3 12472 1024 0.165537698
41 16 3 12473 1024 0.161638532
42 17 3 12474 1024 0.138299081
43 18 3 12475 1024 0.136961748
44 19 3 12476 1024 0.140330983
45 20 3 12477 1024 0.140347136
46 21 3 12478 1024 0.132967892
47 22 3 12479 1024 0.147540774
48 23 3 12480 1024 0.144054251
49 24 3 12481 1024 0.156938427
50 25 3 12482 1024 0.146182681
51 26 3 12483 1024 0.165202688
52 27 3 12484 1024 0.144466662
53 28 3 12485 1024 0.143367153
54 29 3 12486 1024 0.172900842
55 30 3 12487 1024 0.179274415
56 31 3 12488 1024 0.163964966
57 32 3 12489 1024 0.134761258
58 33 3 12490 1024 0.178138600
59 34 3 12491 1024 0.169284552
60 35 3 12492 1024 0.175938436
61 36 3 12493 1024 0.179624311
62 37 3 12494 1024 0.173352380
63 38 3 12495 1024 0.136344408
0 40 3 12496 1024 0.173303940
1 41 3 12497 1024 0.142483862
2 42 3 12498 1024 0.165569742
3 43 3 12499 1024 0.171424090
4 44 3 12500 1024 0.168073679
5 45 3 12501 1024 0.163811728
6 46 3 12502 1024 0.154472936
7 47 3 12503 1024 0.158871276
8 48 3 12504 1024 0.143435858
9 49 3 12505 1024 0.150711254
10 50 3 12506 1024 0.152599586
11 51 3 12507 1024 0.161681388
12 52 3 12508 1024 0.174006254
13 53 3 12509 1024 0.134654739
14 54 3 12510 1024 0.155780674
15 55 3 12511 1024 0.143911284
16 56 3 12512 1024 0.176816806
17 57 3 12513 1024 0.148453559
18 58 3 12514 1024 0.177512704
19 59 3 12515 1024 0.146364464
20 60 3 12516 1024 0.130123654
21 61 3 12517 1024 0.168706765
22 62 3 12518 1024 0.166636201
23 63 3 12519 1024 0.166546597
24 0 3 12520 1024 0.152922463
25 1 3 12521 1024 0.163207191
26 2 3 12522 1024 0.147911136
27 3 3 12523 1024 0.133166534
28 4 3 12524 1024 0.156721223
29 5 3 12525 1024 0.140891497
30 6 3 12526 1024 0.151482155
31 7 3 12527 1024 0.140592573
32 8 3 12528 1024 0.143426842
33 9 3 12529 1024 0.171417181
34 10 3 12530 1024 0.146887758
35 11 3 12531 1024 0.158896682
36 12 3 12532 1024 0.158307106
37 13 3 12533 1024 0.154266895
38 14 3 12534 1024 0.147186981
39 15 3 12535 1024 0.164127596
40 16 3 12536 1024 0.132420463
41 17 3 12537 1024 0.134978737
42 18 3 12538 1024 0.169194488
43 19 3 12539 1024 0.152979088
44 20 3 12540 1024 0.136211859
45 21 3 12541 1024 0.172882580
46 22 3 12542 1024 0.152064297
47 23 3 12543 1024 0.130033797
48 24 3 12544 1024 0.177901588
49 25 3 12545 1024 0.140115910
50 26 3 12546 1024 0.164429594
51 27 3 12547 1024 0.136595654
52 28 3 12548 1024 0.162499860
53 29 3 12549 1024 0.137948873
54 30 3 12550 1024 0.176636278
55 31 3 12551 1024 0.143700973
56 32 3 12552 1024 0.162729398
57 33 3 12553 1024 0.142519464
58 34 3 12554 1024 0.148592188
59 35 3 12555 1024 0.175190013
60 36 3 12556 1024 0.138276254
61 37 3 12557 1024 0.149817078
62 38 3 12558 1024 0.145275462
63 39 3 12559 1024 0.164972069
0 41 3 12560 1024 0.141707192
1 42 3 12561 1024 0.162774261
2 43 3 12562 1024 0.165184902
3 44 3 12563 1024 0.130054315
4 45 3 12564 1024 0.153840335
5 46 3 12565 1024 0.136634990
6 47 3 12566 1024 0.141309543
7 48 3 12567 1024 0.163999136
8 49 3 12568 1024 0.130464347
9 50 3 12569 1024 0.164779855
10 51 3 12570 1024 0.170855451
11 52 3 12571 1024 0.179407745
12 53 3 12572 1024 0.151115697
13 54 3 12573 1024 0.136608758
14 55 3 12574 1024 0.133541415
15 56 3 12575 1024 0.149153496
16 57 3 12576 1024 0.166538169
17 58 3 12577 1024 0.135121359
18 59 3 12578 1024 0.145667574
19 60 3 12579 1024 0.174049450
20 61 3 12580 1024 0.136856465
21 62 3 12581 1024 0.168673024
22 63 3 12582 1024 0.167657890
23 0 3 12583 1024 0.136657312
24 1 3 12584 1024 0.179647008
25 2 3 12585 1024 0.137142653
26 3 3 12586 1024 0.156525414
27 4 3 12587 1024 0.130423737
28 5 3 12588 1024 0.162501011
29 6 3 12589 1024 0.152004971
30 7 3 12590 1024 0.166121601
31 8 3 12591 1024 0.161404002
32 9 3 12592 1024 0.137568707
33 10 3 12593 1024 0.150585495
34 11 3 12594 1024 0.164328308
35 12 3 12595 1024 0.172998126
36 13 3 12596 1024 0.134334402
37 14 3 12597 1024 0.135023256
38 15 3 12598 1024 0.167622282
39 16 3 12599 1024 0.159478696
40 17 3 12600 1024 0.149201595
41 18 3 12601 1024 0.178162436
42 19 3 12602 1024 0.145725183
43 20 3 12603 1024 0.136991509
44 21 3 12604 1024 0.143848383
45 22 3 12605 1024 0.134212436
46 23 3 12606 1024 0.157669832
47 24 3 12607 1024 0.160000393
48 25 3 12608 1024 0.160379655
49 26 3 12609 1024 0.168948483
50 27 3 12610 1024 0.164523804
51 28 3 12611 1024 0.172394605
52 29 3 12612 1024 0.162920269
53 30 3 12613 1024 0.145082467
54 31 3 12614 1024 0.155887456
55 32 3 12615 1024 0.155476128
56 33 3 12616 1024 0.167392182
57 34 3 12617 1024 0.144777103
58 35 3 12618 1024 0.132728457
59 36 3 12619 1024 0.174895628
60 37 3 12620 1024 0.177733576
61 38 3 12621 1024 0.154744386
62 39 3 12622 1024 0.135637183
63 40 3 12623 1024 0.154979127
0 42 3 12624 1024 0.159696488
1 43 3 12625 1024 0.156414325
2 44 3 12626 1024 0.178884847
3 45 3 12627 1024 0.179344127
4 46 3 12628 1024 0.176696220
5 47 3 12629 1024 0.136599144
6 48 3 12630 1024 0.173040700
7 49 3 12631 1024 0.158419019
8 50 3 12632 1024 0.148270623
9 51 3 12633 1024 0.164147102
10 52 3 12634 1024 0.168136297
11 53 3 12635 1024 0.177722649
12 54 3 12636 1024 0.168518352
13 55 3 12637 1024 0.130834470
14 56 3 12638 1024 0.133376628
15 57 3 12639 1024 0.143109264
16 58 3 12640 1024 0.131991343
17 59 3 12641 1024 0.133023443
18 60 3 12642 1024 0.169464500
19 61 3 12643 1024 0.155330530
20 62 3 12644 1024 0.161428535
21 63 3 12645 1024 0.155052448
22 0 3 12646 1024 0.150771600
23 1 3 12647 1024 0.165090532
24 2 3 12648 1024 0.134121391
25 3 3 12649 1024 0.156828241
26 4 3 12650 1024 0.160802353
27 5 3 12651 1024 0.143873387
28 6 3 12652 1024 0.145495344
29 7 3 12653 1024 0.155565235
30 8 3 12654 1024 0.140159875
31 9 3 12655 1024 0.170403004
32 10 3 12656 1024 0.156819509
33 11 3 12657 1024 0.149536575
34 12 3 12658 1024 0.161714712
35 13 3 12659 1024 0.171726323
36 14 3 12660 1024 0.164052784
37 15 3 12661 1024 0.133305754
38 16 3 12662 1024 0.164933794
39 17 3 12663 1024 0.166497919
40 18 3 12664 1024 0.172323406
41 19 3 12665 1024 0.132895297
42 20 3 12666 1024 0.134310640
43 21 3 12667 1024 0.151724179
44 22 3 12668 1024 0.152668592
45 23 3 12669 1024 0.160441620
46 24 3 12670 1024 0.145464503
47 25 3 12671 1024 0.167084675
48 26 3 12672 1024 0.167032909
49 27 3 12673 1024 0.135972150
50 28 3 12674 1024 0.165395030
51 29 3 12675 1024 0.165074981
52 30 3 12676 1024 0.138191632
53 31 3 12677 1024 0.177650810
54 32 3 12678 1024 0.156150268
55 33 3 12679 1024 0.169149355
56 34 3 12680 1024 0.166038276
57 35 3 12681 1024 0.138348148
58 36 3 12682 1024 0.136346530
59 37 3 12683 1024 0.169056199
60 38 3 12684 1024 0.143438224
61 39 3 12685 1024 0.174320738
62 40 3 12686 1024 0.168571515
63 41 3 12687 1024 0.131467813
0 43 3 12688 1024 0.170355392
1 44 3 12689 1024 0.143599030
2 45 3 12690 1024 0.133193599
3 46 3 12691 1024 0.165616162
4 47 3 12692 1024 0.158832584
5 48 3 12693 1024 0.133853502
6 49 3 12694 1024 0.152759889
7 50 3 12695 1024 0.148006195
8 51 3 12696 1024 0.154980500
9 52 3 12697 1024 0.158344306
10 53 3 12698 1024 0.148384389
11 54 3 12699 1024 0.142755804
12 55 3 12700 1024 0.135145246
13 56 3 12701 1024 0.158695615
14 57 3 12702 1024 0.166138919
15 58 3 12703 1024 0.141420221
16 59 3 12704 1024 0.155441244
17 60 3 12705 1024 0.132201895
18 61 3 12706 1024 0.173146425
19 62 3 12707 1024 0.142227573
20 63 3 12708 1024 0.153588229
21 0 3 12709 1024 0.149148974
22 1 3 12710 1024 0.137504233
23 2 3 12711 1024 0.176558004
24 3 3 12712 1024 0.172874260
25 4 3 12713 1024 0.157643239
26 5 3 12714 1024 0.175697383
27 6 3 12715 1024 0.167033291
28 7 3 12716 1024 0.150968465
29 8 3 12717 1024 0.146090101
30 9 3 12718 1024 0.150812830
31 10 3 12719 1024 0.166014396
32 11 3 12720 1024 0.143562898
33 12 3 12721 1024 0.133894353
34 13 3 12722 1024 0.148640408
35 14 3 12723 1024 0.155102047
36 15 3 12724 1024 0.175097050
37 16 3 12725 1024 0.138967218
38 17 3 12726 1024 0.170216901
39 18 3 12727 1024 0.179070693
40 19 3 12728 1024 0.177703970
41 20 3 12729 1024 0.133446322
42 21 3 12730 1024 0.153254709
43 22 3 12731 1024 0.144115344
44 23 3 12732 1024 0.172242325
45 24 3 12733 1024 0.146365046
46 25 3 12734 1024 0.157654570
47 26 3 12735 1024 0.130398459
48 27 3 12736 1024 0.140033558
49 28 3 12737 1024 0.158190337
50 29 3 12738 1024 0.145195465
51 30 3 12739 1024 0.161135876
52 31 3 12740 1024 0.153196335
53 32 3 12741 1024 0.159584547
54 33 3 12742 1024 0.154668034
55 34 3 12743 1024 0.168630663
56 35 3 12744 1024 0.139771121
57 36 3 12745 1024 0.175022165
58 37 3 12746 1024 0.168024111
59 38 3 12747 1024 0.142256344
60 39 3 12748 1024 0.130318894
61 40 3 12749 1024 0.150501805
62 41 3 12750 1024 0.141649887
63 42 3 12751 1024 0.147321185
0 44 3 12752 1024 0.171978700
1 45 3 12753 1024 0.173859931
2 46 3 12754 1024 0.177549513
3 47 3 12755 1024 0.130073102
4 48 3 12756 1024 0.162865193
5 49 3 12757 1024 0.172450299
6 50 3 12758 1024 0.166360752
7 51 3 12759 1024 0.135197451
8 52 3 12760 1024 0.156490724
9 53 3 12761 1024 0.141908380
10 54 3 12762 1024 0.154601444
11 55 3 12763 1024 0.132994754
12 56 3 12764 1024 0.179847964
13 57 3 12765 1024 0.165582624
14 58 3 12766 1024 0.134651332
15 59 3 12767 1024 0.176063720
16 60 3 12768 1024 0.174864374
17 61 3 12769 1024 0.155987961
18 62 3 12770 1024 0.165042345
19 63 3 12771 1024 0.148624599
20 0 3 12772 1024 0.178727740
21 1 3 12773 1024 0.134245121
22 2 3 12774 1024 0.134778850
23 3 3 12775 1024 0.136675693
24 4 3 12776 1024 0.170998145
25 5 3 12777 1024 0.133741524
26 6 3 12778 1024 0.158391036
27 7 3 12779 1024 0.151749144
28 8 3 12780 1024 0.178210914
29 9 3 12781 1024 0.141838587
30 10 3 12782 1024 0.143049547
31 11 3 12783 1024 0.145750446
32 12 3 12784 1024 0.170040841
33 13 3 12785 1024 0.165036280
34 14 3 12786 1024 0.166767643
35 15 3 12787 1024 0.145902886
36 16 3 12788 1024 0.143597794
37 17 3 12789 1024 0.133734372
38 18 3 12790 1024 0.140135631
39 19 3 12791 1024 0.168996849
40 20 3 12792 1024 0.159235402
41 21 3 12793 1024 0.137770528
42 22 3 12794 1024 0.138218749
43 23 3 12795 1024 0.153302756
44 24 3 12796 1024 0.150325628
45 25 3 12797 1024 0.156796227
46 26 3 12798 1024 0.178231736
47 27 3 12799 1024 0.140381811
48 28 3 12800 1024 0.145415386
49 29 3 12801 1024 0.143250396
50 30 3 12802 1024 0.135995678
51 31 3 12803 1024 0.137880769
52 32 3 12804 1024 0.164302742
53 33 3 12805 1024 0.171319334
54 34 3 12806 1024 0.164843899
55 35 3 12807 1024 0.132016490
56 36 3 12808 1024 0.171796238
57 37 3 12809 1024 0.146389683
58 38 3 12810 1024 0.134560645
59 39 3 12811 1024 0.142410939
60 40 3 12812 1024 0.147787138
61 41 3 12813 1024 0.155672984
62 42 3 12814 1024 0.163859169
63 43 3 12815 1024 0.143008340
0 45 3 12816 1024 0.179533831
1 46 3 12817 1024 0.131554105
2 47 3 12818 1024 0.150219611
3 48 3 12819 1024 0.152610058
4 49 3 12820 1024 0.167403922
5 50 3 12821 1024 0.142492631
6 51 3 12822 1024 0.153102162
7 52 3 12823 1024 0.170194838
8 53 3 12824 1024 0.136989652
9 54 3 12825 1024 0.130597846
10 55 3 12826 1024 0.171518617
11 56 3 12827 1024 0.179128362
12 57 3 12828 1024 0.136535762
13 58 3 12829 1024 0.171183671
14 59 3 12830 1024 0.148611987
15 60 3 12831 1024 0.161514877
16 61 3 12832 1024 0.162234251
17 62 3 12833 1024 0.159116190
18 63 3 12834 1024 0.142941033
19 0 3 12835 1024 0.170637355
20 1 3 12836 1024 0.131090009
21 2 3 12837 1024 0.133223602
22 3 3 12838 1024 0.175124804
23 4 3 12839 1024 0.152171566
24 5 3 12840 1024 0.136439577
25 6 3 12841 1024 0.175253899
26 7 3 12842 1024 0.171467809
27 8 3 12843 1024 0.146577495
28 9 3 12844 1024 0.132134816
29 10 3 12845 1024 0.153049746
30 11 3 12846 1024 0.138399460
31 12 3 12847 1024 0.158694210
32 13 3 12848 1024 0.171084270
33 14 3 12849 1024 0.149749934
34 15 3 12850 1024 0.131474115
35 16 3 12851 1024 0.164160646
36 17 3 12852 1024 0.138640361
37 18 3 12853 1024 0.140735805
38 19 3 12854 1024 0.139357556
39 20 3 12855 1024 0.143992728
40 21 3 12856 1024 0.174171190
41 22 3 12857 1024 0.131732472
42 23 3 12858 1024 0.160958827
43 24 3 12859 1024 0.142289239
44 25 3 12860 1024 0.144755258
45 26 3 12861 1024 0.150599610
46 27 3 12862 1024 0.157534433
47 28 3 12863 1024 0.133048953
48 29 3 12864 1024 0.143988799
49 30 3 12865 1024 0.136861801
50 31 3 12866 1024 0.139972890
51 32 3 12867 1024 0.174232626
52 33 3 12868 1024 0.156290703
53 34 3 12869 1024 0.161537719
54 35 3 12870 1024 0.170108404
55 36 3 12871 1024 0.169742312
56 37 3 12872 1024 0.179470181
57 38 3 12873 1024 0.169095788
58 39 3 12874 1024 0.147955605
59 40 3 12875 1024 0.157225890
60 41 3 12876 1024 0.154233974
61 42 3 12877 1024 0.175633851
62 43 3 12878 1024 0.155119663
63 44 3 12879 1024 0.149419064
0 46 3 12880 1024 0.138990794
1 47 3 12881 1024 0.145943878
2 48 3 12882 1024 0.140951009
3 49 3 12883 1024 0.174788239
4 50 3 12884 1024 0.168926914
5 51 3 12885 1024 0.132929562
6 52 3 12886 1024 0.179576566
7 53 3 12887 1024 0.156471615
8 54 3 12888 1024 0.168342108
9 55 3 12889 1024 0.179980287
10 56 3 12890 1024 0.178698993
11 57 3 12891 1024 0.135006717
12 58 3 12892 1024 0.162843221
13 59 3 12893 1024 0.143326350
14 60 3 12894 1024 0.170814258
15 61 3 12895 1024 0.175862974
16 62 3 12896 1024 0.132795433
17 63 3 12897 1024 0.179819602
18 0 3 12898 1024 0.140970579
19 1 3 12899 1024 0.172325255
20 2 3 12900 1024 0.169869534
21 3 3 12901 1024 0.147740232
22 4 3 12902 1024 0.171961113
23 5 3 12903 1024 0.172261045
24 6 3 12904 1024 0.138805018
25 7 3 12905 1024 0.159625975
26 8 3 12906 1024 0.170310511
27 9 3 12907 1024 0.164881328
28 10 3 12908 1024 0.175699000
29 11 3 12909 1024 0.131410328
30 12 3 12910 1024 0.165028040
31 13 3 12911 1024 0.177377937
32 14 3 12912 1024 0.158180324
33 15 3 12913 1024 0.158155445
34 16 3 12914 1024 0.139411683
35 17 3 12915 1024 0.179400311
36 18 3 12916 1024 0.174081318
37 19 3 12917 1024 0.154611336
38 20 3 12918 1024 0.145452654
39 21 3 12919 1024 0.154521821
40 22 3 12920 1024 0.134512869
41 23 3 12921 1024 0.141631168
42 24 3 12922 1024 0.140940447
43 25 3 12923 1024 0.156322426
44 26 3 12924 1024 0.130034175
45 27 3 12925 1024 0.175894809
46 28 3 12926 1024 0.140073219
47 29 3 12927 1024 0.136524477
48 30 3 12928 1024 0.165846882
49 31 3 12929 1024 0.175939039
50 32 3 12930 1024 0.172214204
51 33 3 12931 1024 0.146179441
52 34 3 12932 1024 0.131095645
53 35 3 12933 1024 0.159330459
54 36 3 12934 1024 0.175861207
55 37 3 12935 1024 0.168718325
56 38 3 12936 1024 0.172324044
57 39 3 12937 1024 0.173033473
58 40 3 12938 1024 0.178027938
59 41 3 12939 1024 0.148679539
60 42 3 12940 1024 0.177096161
61 43 3 12941 1024 0.149779778
62 44 3 12942 1024 0.135051609
63 45 3 12943 1024 0.145088258
0 47 3 12944 1024 0.136822583
1 48 3 12945 1024 0.137875194
2 49 3 12946 1024 0.177434677
3 50 3 12947 1024 0.169592126
4 51 3 12948 1024 0.178033105
5 52 3 12949 1024 0.162459013
6 53 3 12950 1024 0.138710134
7 54 3 12951 1024 0.178437145
8 55 3 12952 1024 0.164678020
9 56 3 12953 1024 0.176442260
10 57 3 12954 1024 0.169349590
11 58 3 12955 1024 0.141161861
12 59 3 12956 1024 0.159447508
13 60 3 12957 1024 0.138767581
14 61 3 12958 1024 0.145341161
15 62 3 12959 1024 0.164424922
16 63 3 12960 1024 0.136367418
17 0 3 12961 1024 0.166441548
18 1 3 12962 1024 0.177439405
19 2 3 12963 1024 0.177434908
20 3 3 12964 1024 0.149580071
21 4 3 12965 1024 0.179714157
22 5 3 12966 1024 0.178259197
23 6 3 12967 1024 0.131619137
24 7 3 12968 1024 0.160119433
25 8 3 12969 1024 0.176051911
26 9 3 12970 1024 0.178376584
27 10 3 12971 1024 0.141044763
28 11 3 12972 1024 0.158277512
29 12 3 12973 1024 0.176834390
30 13 3 12974 1024 0.137032168
31 14 3 12975 1024 0.167267166
32 15 3 12976 1024 0.141899796
33 16 3 12977 1024 0.179118983
34 17 3 12978 1024 0.138394371
35 18 3 12979 1024 0.174266013
36 19 3 12980 1024 0.134436301
37 20 3 12981 1024 0.165448291
38 21 3 12982 1024 0.161955134
39 22 3 12983 1024 0.174332676
40 23 3 12984 1024 0.152331497
41 24 3 12985 1024 0.143260622
42 25 3 12986 1024 0.142477043
43 26 3 12987 1024 0.133389739
44 27 3 12988 1024 0.142832897
45 28 3 12989 1024 0.135401730
46 29 3 12990 1024 0.130064058
47 30 3 12991 1024 0.149296855
48 31 3 12992 1024 0.166629225
49 32 3 12993 1024 0.178455091
50 33 3 12994 1024 0.174227600
51 34 3 12995 1024 0.154654100
52 35 3 12996 1024 0.148935629
53 36 3 12997 1024 0.157301198
54 37 3 12998 1024 0.135071428
55 38 3 12999 1024 0.153974463
56 39 3 13000 1024 0.173202536
57 40 3 13001 1024 0.162548478
58 41 3 13002 1024 0.164358020
59 42 3 13003 1024 0.138132826
60 43 3 13004 1024 0.133685469
61 44 3 13005 1024 0.172288124
62 45 3 13006 1024 0.144745431
63 46 3 13007 1024 0.145935845
0 48 3 13008 1024 0.177583107
1 49 3 13009 1024 0.133710020
2 50 3 13010 1024 0.138505260
3 51 3 13011 1024 0.148772894
4 52 3 13012 1024 0.166599254
5 53 3 13013 1024 0.157352313
6 54 3 13014 1024 0.174906209
7 55 3 13015 1024 0.134655234
8 56 3 13016 1024 0.159701527
9 57 3 13017 1024 0.160682236
10 58 3 13018 1024 0.154136839
11 59 3 13019 1024 0.131549660
12 60 3 13020 1024 0.177122113
13 61 3 13021 1024 0.138249860
14 62 3 13022 1024 0.174487664
15 63 3 13023 1024 0.137855189
16 0 3 13024 1024 0.135062891
17 1 3 13025 1024 0.140277524
18 2 3 13026 1024 0.139499213
19 3 3 13027 1024 0.164859835
20 4 3 13028 1024 0.166101905
21 5 3 13029 1024 0.166498700
22 6 3 13030 1024 0.143263238
23 7 3 13031 1024 0.144076154
24 8 3 13032 1024 0.141877414
25 9 3 13033 1024 0.132481772
26 10 3 13034 1024 0.158588490
27 11 3 13035 1024 0.171992725
28 12 3 13036 1024 0.137679497
29 13 3 13037 1024 0.148041446
30 14 3 13038 1024 0.151380298
31 15 3 13039 1024 0.144727472
32 16 3 13040 1024 0.163101011
33 17 3 13041 1024 0.160010776
34 18 3 13042 1024 0.139983740
35 19 3 13043 1024 0.131286785
36 20 3 13044 1024 0.138541610
37 21 3 13045 1024 0.144590573
38 22 3 13046 1024 0.134096805
39 23 3 13047 1024 0.172188454
40 24 3 13048 1024 0.145417670
41 25 3 13049 1024 0.149873367
42 26 3 13050 1024 0.154454841
43 27 3 13051 1024 0.163052003
44 28 3 13052 1024 0.134556844
45 29 3 13053 1024 0.157206301
46 30 3 13054 1024 0.139244061
47 31 3 13055 1024 0.174274635
48 32 3 13056 1024 0.148470083
49 33 3 13057 1024 0.152288764
50 34 3 13058 1024 0.143164798
51 35 3 13059 1024 0.153252898
52 36 3 13060 1024 0.141312114
53 37 3 13061 1024 0.143428100
54 38 3 13062 1024 0.133081968
55 39 3 13063 1024 0.167611757
56 40 3 13064 1024 0.163373423
57 41 3 13065 1024 0.134285366
58 42 3 13066 1024 0.147189569
59 43 3 13067 1024 0.157072450
60 44 3 13068 1024 0.178535277
61 45 3 13069 1024 0.159486322
62 46 3 13070 1024 0.157680095
63 47 3 13071 1024 0.172039858
0 49 3 13072 1024 0.170920261
1 50 3 13073 1024 0.150931604
2 51 3 13074 1024 0.156775721
3 52 3 13075 1024 0.173344701
4 53 3 13076 1024 0.153741219
5 54 3 13077 1024 0.174082693
6 55 3 13078 1024 0.153813114
7 56 3 13079 1024 0.133947752
8 57 3 13080 1024 0.175138860
9 58 3 13081 1024 0.165715285
10 59 3 13082 1024 0.155105074
11 60 3 13083 1024 0.175022753
12 61 3 13084 1024 0.170022517
13 62 3 13085 1024 0.163876744
14 63 3 13086 1024 0.161013656
15 0 3 13087 1024 0.136014094
16 1 3 13088 1024 0.167859438
17 2 3 13089 1024 0.138643949
18 3 3 13090 1024 0.179218400
19 4 3 13091 1024 0.178608244
20 5 3 13092 1024 0.170423036
21 6 3 13093 1024 0.136309300
22 7 3 13094 1024 0.151168745
23 8 3 13095 1024 0.179413997
24 9 3 13096 1024 0.151769662
25 10 3 13097 1024 0.179863461
26 11 3 13098 1024 0.161361311
27 12 3 13099 1024 0.171705406
28 13 3 13100 1024 0.142894318
29 14 3 13101 1024 0.175540224
30 15 3 13102 1024 0.175708697
31 16 3 13103 1024 0.133350598
32 17 3 13104 1024 0.149404958
33 18 3 13105 1024 0.149867750
34 19 3 13106 1024 0.146306340
35 20 3 13107 1024 0.143810041
36 21 3 13108 1024 0.152907859
37 22 3 13109 1024 0.173673313
38 23 3 13110 1024 0.169327532
39 24 3 13111 1024 0.161152896
40 25 3 13112 1024 0.156128101
41 26 3 13113 1024 0.150979692
42 27 3 13114 1024 0.150722120
43 28 3 13115 1024 0.137409987
44 29 3 13116 1024 0.159396707
45 30 3 13117 1024 0.167918869
46 31 3 13118 1024 0.176982499
47 32 3 13119 1024 0.176246408
48 33 3 13120 1024 0.158134188
49 34 3 13121 1024 0.135049522
50 35 3 13122 1024 0.144304643
51 36 3 13123 1024 0.156781674
52 37 3 13124 1024 0.147193459
53 38 3 13125 1024 0.150544502
54 39 3 13126 1024 0.149152174
55 40 3 13127 1024 0.154279240
56 41 3 13128 1024 0.160448108
57 42 3 13129 1024 0.131873284
58 43 3 13130 1024 0.143770707
59 44 3 13131 1024 0.137192634
60 45 3 13132 1024 0.160432763
61 46 3 13133 1024 0.164683063
62 47 3 13134 1024 0.131939127
63 48 3 13135 1024 0.174478711
0 50 3 13136 1024 0.146574704
1 51 3 13137 1024 0.141878965
2 52 3 13138 1024 0.167287491
3 53 3 13139 1024 0.176041749
4 54 3 13140 1024 0.174851568
5 55 3 13141 1024 0.131011644
6 56 3 13142 1024 0.170869296
7 57 3 13143 1024 0.145152748
8 58 3 13144 1024 0.144017333
9 59 3 13145 1024 0.154580961
10 60 3 13146 1024 0.164809142
11 61 3 13147 1024 0.134910870
12 62 3 13148 1024 0.173445001
13 63 3 13149 1024 0.136719276
14 0 3 13150 1024 0.178710971
15 1 3 13151 1024 0.152155531
16 2 3 13152 1024 0.171291167
17 3 3 13153 1024 0.143470999
18 4 3 13154 1024 0.150838636
19 5 3 13155 1024 0.162277741
20 6 3 13156 1024 0.139396785
21 7 3 13157 1024 0.140569525
22 8 3 13158 1024 0.171198472
23 9 3 13159 1024 0.167047240
24 10 3 13160 1024 0.167974665
25 11 3 13161 1024 0.173359449
26 12 3 13162 1024 0.171050870
27 13 3 13163 1024 0.155763485
28 14 3 13164 1024 0.137948622
29 15 3 13165 1024 0.145556155
30 16 3 13166 1024 0.155339764
31 17 3 13167 1024 0.136782491
32 18 3 13168 1024 0.172564767
33 19 3 13169 1024 0.173966630
34 20 3 13170 1024 0.131447408
35 21 3 13171 1024 0.139638172
36 22 3 13172 1024 0.171646497
37 23 3 13173 1024 0.171848834
38 24 3 13174 1024 0.142474513
39 25 3 13175 1024 0.152822433
40 26 3 13176 1024 0.175901553
41 27 3 13177 1024 0.165231697
42 28 3 13178 1024 0.143698875
43 29 3 13179 1024 0.171175315
44 30 3 13180 1024 0.155256319
45 31 3 13181 1024 0.161770490
46 32 3 13182 1024 0.136193643
47 33 3 13183 1024 0.131528160
48 34 3 13184 1024 0.148623338
49 35 3 13185 1024 0.159702180
50 36 3 13186 1024 0.138879185
51 37 3 13187 1024 0.173524039
52 38 3 13188 1024 0.159344012
53 39 3 13189 1024 0.147487995
54 40 3 13190 1024 0.138175681
55 41 3 13191 1024 0.174724596
56 42 3 13192 1024 0.167448057
57 43 3 13193 1024 0.164442527
58 44 3 13194 1024 0.144253469
59 45 3 13195 1024 0.149328284
60 46 3 13196 1024 0.138145370
61 47 3 13197 1024 0.158612903
62 48 3 13198 1024 0.178245880
63 49 3 13199 1024 0.172855559
0 51 3 13200 1024 0.162368995
1 52 3 13201 1024 0.163884762
2 53 3 13202 1024 0.143454179
3 54 3 13203 1024 0.150475360
4 55 3 13204 1024 0.131002618
5 56 3 13205 1024 0.169015183
6 57 3 13206 1024 0.168378636
7 58 3 13207 1024 0.130444899
8 59 3 13208 1024 0.175575772
9 60 3 13209 1024 0.162368578
10 61 3 13210 1024 0.160057098
11 62 3 13211 1024 0.130423186
12 63 3 13212 1024 0.142619522
13 0 3 13213 1024 0.170254278
14 1 3 13214 1024 0.145272985
15 2 3 13215 1024 0.178351222
16 3 3 13216 1024 0.162137016
17 4 3 13217 1024 0.151190340
18 5 3 13218 1024 0.148823773
19 6 3 13219 1024 0.147435460
20 7 3 13220 1024 0.142599935
21 8 3 13221 1024 0.153334901
22 9 3 13222 1024 0.163859808
23 10 3 13223 1024 0.171215541
24 11 3 13224 1024 0.149857627
25 12 3 13225 1024 0.135115605
26 13 3 13226 1024 0.155575686
27 14 3 13227 1024 0.163117773
28 15 3 13228 1024 0.172164198
29 16 3 13229 1024 0.148711488
30 17 3 13230 1024 0.162367106
31 18 3 13231 1024 0.160452505
32 19 3 13232 1024 0.144923796
33 20 3 13233 1024 0.135405227
34 21 3 13234 1024 0.133191853
35 22 3 13235 1024 0.179418048
36 23 3 13236 1024 0.162029737
37 24 3 13237 1024 0.173074580
38 25 3 13238 1024 0.143057345
39 26 3 13239 1024 0.165554689
40 27 3 13240 1024 0.174618690
41 28 3 13241 1024 0.144939556
42 29 3 13242 1024 0.137496465
43 30 3 13243 1024 0.168273719
44 31 3 13244 1024 0.174984352
45 32 3 13245 1024 0.170271491
46 33 3 13246 1024 0.170118187
47 34 3 13247 1024 0.160001665
48 35 3 13248 1024 0.163026516
49 36 3 13249 1024 0.164037788
50 37 3 13250 1024 0.166064160
51 38 3 13251 1024 0.162770029
52 39 3 13252 1024 0.179873455
53 40 3 13253 1024 0.142971314
54 41 3 13254 1024 0.150928284
55 42 3 13255 1024 0.149413746
56 43 3 13256 1024 0.131765950
57 44 3 13257 1024 0.165403448
58 45 3 13258 1024 0.158602122
59 46 3 13259 1024 0.139495758
60 47 3 13260 1024 0.166327494
61 48 3 13261 1024 0.141118160
62 49 3 13262 1024 0.156731755
63 50 3 13263 1024 0.169244853
0 52 3 13264 1024 0.175326325
1 53 3 13265 1024 0.163593424
2 54 3 13266 1024 0.155365743
3 55 3 13267 1024 0.172270962
4 56 3 13268 1024 0.172031935
5 57 3 13269 1024 0.173824739
6 58 3 13270 1024 0.139056793
7 59 3 13271 1024 0.134880153
8 60 3 13272 1024 0.136397207
9 61 3 13273 1024 0.142932593
10 62 3 13274 1024 0.170417193
11 63 3 13275 1024 0.168145911
12 0 3 13276 1024 0.139153418
13 1 3 13277 1024 0.163985618
14 2 3 13278 1024 0.146781623
15 3 3 13279 1024 0.134464991
16 4 3 13280 1024 0.147764170
17 5 3 13281 1024 0.167210496
18 6 3 13282 1024 0.145354264
19 7 3 13283 1024 0.169404522
20 8 3 13284 1024 0.146565857
21 9 3 13285 1024 0.143027962
22 10 3 13286 1024 0.144702556
23 11 3 13287 1024 0.172560694
24 12 3 13288 1024 0.153526828
25 13 3 13289 1024 0.173319668
26 14 3 13290 1024 0.159178731
27 15 3 13291 1024 0.177215049
28 16 3 13292 1024 0.133560787
29 17 3 13293 1024 0.174471303
30 18 3 13294 1024 0.155023869
31 19 3 13295 1024 0.173374888
32 20 3 13296 1024 0.149083461
33 21 3 13297 1024 0.144917788
34 22 3 13298 1024 0.132703099
35 23 3 13299 1024 0.172711989
36 24 3 13300 1024 0.136868263
37 25 3 13301 1024 0.140014830
38 26 3 13302 1024 0.150459592
39 27 3 13303 1024 0.158470179
40 28 3 13304 1024 0.175331047
41 29 3 13305 1024 0.152878572
42 30 3 13306 1024 0.145819173
43 31 3 13307 1024 0.165783423
44 32 3 13308 1024 0.168947059
45 33 3 13309 1024 0.154379042
46 34 3 13310 1024 0.161551639
47 35 3 13311 1024 0.138841213
48 36 3 13312 1024 0.161724948
49 37 3 13313 1024 0.130235675
50 38 3 13314 1024 0.143676393
51 39 3 13315 1024 0.168059664
52 40 3 13316 1024 0.138430288
53 41 3 13317 1024 0.168224187
54 42 3 13318 1024 0.154478855
55 43 3 13319 1024 0.168178458
56 44 3 13320 1024 0.134402067
57 45 3 13321 1024 0.160723987
58 46 3 13322 1024 0.161674377
59 47 3 13323 1024 0.150169674
60 48 3 13324 1024 0.178266392
61 49 3 13325 1024 0.149165821
62 50 3 13326 1024 0.131886266
63 51 3 13327 1024 0.139970713
0 53 3 13328 1024 0.148655070
1 54 3 13329 1024 0.130703856
2 55 3 13330 1024 0.146110657
3 56 3 13331 1024 0.171661433
4 57 3 13332 1024 0.139528835
5 58 3 13333 1024 0.163837407
6 59 3 13334 1024 0.161334346
7 60 3 13335 1024 0.142441156
8 61 3 13336 1024 0.164676237
9 62 3 13337 1024 0.147217489
10 63 3 13338 1024 0.136446540
11 0 3 13339 1024 0.149177524
12 1 3 13340 1024 0.159433534
13 2 3 13341 1024 0.138351009
14 3 3 13342 1024 0.171192191
15 4 3 13343 1024 0.144910113
16 5 3 13344 1024 0.144541390
17 6 3 13345 1024 0.166391596
18 7 3 13346 1024 0.159818496
19 8 3 13347 1024 0.146891758
20 9 3 13348 1024 0.174398702
21 10 3 13349 1024 0.179773620
22 11 3 13350 1024 0.147136642
23 12 3 13351 1024 0.175069189
24 13 3 13352 1024 0.147962544
25 14 3 13353 1024 0.139421302
26 15 3 13354 1024 0.177404218
27 16 3 13355 1024 0.175910270
28 17 3 13356 1024 0.150169582
29 18 3 13357 1024 0.141420914
30 19 3 13358 1024 0.166358441
31 20 3 13359 1024 0.136560289
32 21 3 13360 1024 0.166703831
33 22 3 13361 1024 0.159484642
34 23 3 13362 1024 0.138449237
35 24 3 13363 1024 0.148329573
36 25 3 13364 1024 0.162527019
37 26 3 13365 1024 0.131868171
38 27 3 13366 1024 0.173827207
39 28 3 13367 1024 0.142789459
40 29 3 13368 1024 0.156736672
41 30 3 13369 1024 0.132429348
42 31 3 13370 1024 0.179734012
43 32 3 13371 1024 0.163098496
44 33 3 13372 1024 0.162678381
45 34 3 13373 1024 0.130987088
46 35 3 13374 1024 0.164487487
47 36 3 13375 1024 0.150838778
48 37 3 13376 1024 0.149012688
49 38 3 13377 1024 0.157364119
50 39 3 13378 1024 0.153719817
51 40 3 13379 1024 0.137656355
52 41 3 13380 1024 0.164759601
53 42 3 13381 1024 0.161515567
54 43 3 13382 1024 0.145055823
55 44 3 13383 1024 0.163083229
56 45 3 13384 1024 0.163124148
57 46 3 13385 1024 0.143498857
58 47 3 13386 1024 0.160281717
59 48 3 13387 1024 0.136858176
60 49 3 13388 1024 0.171532636
61 50 3 13389 1024 0.135245712
62 51 3 13390 1024 0.165938311
63 52 3 13391 1024 0.135886728
0 54 3 13392 1024 0.135700628
1 55 3 13393 1024 0.135313185
2 56 3 13394 1024 0.139932333
3 57 3 13395 1024 0.139987469
4 58 3 13396 1024 0.143149696
5 59 3 13397 1024 0.156157305
6 60 3 13398 1024 0.140083659
7 61 3 13399 1024 0.165171838
8 62 3 13400 1024 0.144767560
9 63 3 13401 1024 0.131970285
10 0 3 13402 1024 0.154817736
11 1 3 13403 1024 0.140384699
12 2 3 13404 1024 0.176656217
13 3 3 13405 1024 0.146530181
14 4 3 13406 1024 0.130136900
15 5 3 13407 1024 0.163581657
16 6 3 13408 1024 0.175344002
17 7 3 13409 1024 0.171761608
18 8 3 13410 1024 0.163451097
19 9 3 13411 1024 0.137457225
20 10 3 13412 1024 0.134504134
21 11 3 13413 1024 0.155585267
22 12 3 13414 1024 0.166178181
23 13 3 13415 1024 0.135064524
24 14 3 13416 1024 0.142794605
25 15 3 13417 1024 0.141558014
26 16 3 13418 1024 0.179433297
27 17 3 13419 1024 0.144801109
28 18 3 13420 1024 0.153213868
29 19 3 13421 1024 0.134990446
30 20 3 13422 1024 0.138735090
31 21 3 13423 1024 0.131972226
32 22 3 13424 1024 0.144528359
33 23 3 13425 1024 0.170079805
34 24 3 13426 1024 0.145635355
35 25 3 13427 1024 0.166927010
36 26 3 13428 1024 0.134749924
37 27 3 13429 1024 0.167910200
38 28 3 13430 1024 0.132294454
39 29 3 13431 1024 0.172599936
40 30 3 13432 1024 0.163167751
41 31 3 13433 1024 0.138525614
42 32 3 13434 1024 0.147876370
43 33 3 13435 1024 0.151885726
44 34 3 13436 1024 0.161090352
45 35 3 13437 1024 0.173923777
46 36 3 13438 1024 0.134647566
47 37 3 13439 1024 0.170748214
48 38 3 13440 1024 0.139143471
49 39 3 13441 1024 0.150038876
50 40 3 13442 1024 0.178115497
51 41 3 13443 1024 0.143591655
52 42 3 13444 1024 0.149285774
53 43 3 13445 1024 0.172533579
54 44 3 13446 1024 0.169994955
55 45 3 13447 1024 0.162442324
56 46 3 13448 1024 0.169845478
57 47 3 13449 1024 0.135652828
58 48 3 13450 1024 0.164808494
59 49 3 13451 1024 0.132932320
60 50 3 13452 1024 0.177123349
61 51 3 13453 1024 0.137969770
62 52 3 13454 1024 0.150801386
63 53 3 13455 1024 0.159537515
0 55 3 13456 1024 0.170113239
1 56 3 13457 1024 0.163919657
2 57 3 13458 1024 0.139063028
3 58 3 13459 1024 0.148987539
4 59 3 13460 1024 0.147929946
5 60 3 13461 1024 0.131440811
6 61 3 13462 1024 0.164223207
7 62 3 13463 1024 0.171926824
8 63 3 13464 1024 0.178672229
9 0 3 13465 1024 0.136532766
10 1 3 13466 1024 0.176019899
11 2 3 13467 1024 0.135646874
12 3 3 13468 1024 0.150564213
13 4 3 13469 1024 0.132298616
14 5 3 13470 1024 0.143080643
15 6 3 13471 1024 0.145711897
16 7 3 13472 1024 0.165228409
17 8 3 13473 1024 0.163896446
18 9 3 13474 1024 0.168376436
19 10 3 13475 1024 0.158832450
20 11 3 13476 1024 0.158250611
21 12 3 13477 1024 0.178894778
22 13 3 13478 1024 0.163492218
23 14 3 13479 1024 0.146915032
24 15 3 13480 1024 0.156155159
25 16 3 13481 1024 0.165029009
26 17 3 13482 1024 0.134762107
27 18 3 13483 1024 0.163085663
28 19 3 13484 1024 0.142428850
29 20 3 13485 1024 0.147287474
30 21 3 13486 1024 0.163814778
31 22 3 13487 1024 0.149243831
32 23 3 13488 1024 0.171951651
33 24 3 13489 1024 0.157917212
34 25 3 13490 1024 0.179389581
35 26 3 13491 1024 0.132728306
36 27 3 13492 1024 0.162169936
37 28 3 13493 1024 0.137846369
38 29 3 13494 1024 0.172442279
39 30 3 13495 1024 0.172593558
40 31 3 13496 1024 0.173470782
41 32 3 13497 1024 0.133743262
42 33 3 13498 1024 0.154582398
43 34 3 13499 1024 0.142044591
44 35 3 13500 1024 0.178507252
45 36 3 13501 1024 0.132517536
46 37 3 13502 1024 0.141135326
47 38 3 13503 1024 0.162165866
48 39 3 13504 1024 0.150163850
49 40 3 13505 1024 0.141750000
50 41 3 13506 1024 0.152954730
51 42 3 13507 1024 0.170063064
52 43 3 13508 1024 0.152404929
53 44 3 13509 1024 0.172829461
54 45 3 13510 1024 0.152353406
55 46 3 13511 1024 0.135935343
56 47 3 13512 1024 0.154868667
57 48 3 13513 1024 0.162668650
58 49 3 13514 1024 0.135132166
59 50 3 13515 1024 0.150616927
60 51 3 13516 1024 0.157856551
61 52 3 13517 1024 0.130008486
62 53 3 13518 1024 0.134544777
63 54 3 13519 1024 0.160210164
0 56 3 13520 1024 0.160953308
1 57 3 13521 1024 0.145229898
2 58 3 13522 1024 0.155416887
3 59 3 13523 1024 0.140342562
4 60 3 13524 1024 0.163573719
5 61 3 13525 1024 0.177517756
6 62 3 13526 1024 0.148167124
7 63 3 13527 1024 0.132713761
8 0 3 13528 1024 0.141145906
9 1 3 13529 1024 0.152722999
10 2 3 13530 1024 0.158007542
11 3 3 13531 1024 0.160987898
12 4 3 13532 1024 0.153656684
13 5 3 13533 1024 0.162858360
14 6 3 13534 1024 0.165795675
15 7 3 13535 1024 0.135701168
16 8 3 13536 1024 0.167965998
17 9 3 13537 1024 0.141087355
18 10 3 13538 1024 0.147067856
19 11 3 13539 1024 0.171494194
20 12 3 13540 1024 0.178221684
21 13 3 13541 1024 0.144599178
22 14 3 13542 1024 0.156099254
23 15 3 13543 1024 0.165104803
24 16 3 13544 1024 0.132288905
25 17 3 13545 1024 0.138207768
26 18 3 13546 1024 0.137022459
27 19 3 13547 1024 0.165842806
28 20 3 13548 1024 0.166077955
29 21 3 13549 1024 0.135348075
30 22 3 13550 1024 0.160542588
31 23 3 13551 1024 0.139377170
32 24 3 13552 1024 0.176510813
33 25 3 13553 1024 0.149644824
34 26 3 13554 1024 0.152852300
35 27 3 13555 1024 0.169071020
36 28 3 13556 1024 0.165839396
37 29 3 13557 1024 0.135388287
38 30 3 13558 1024 0.150723517
39 31 3 13559 1024 0.176331327
40 32 3 13560 1024 0.171873312
41 33 3 13561 1024 0.159440555
42 34 3 13562 1024 0.168607259
43 35 3 13563 1024 0.152525230
44 36 3 13564 1024 0.162922835
45 37 3 13565 1024 0.177809516
46 38 3 13566 1024 0.136731801
47 39 3 13567 1024 0.154941432
48 40 3 13568 1024 0.156518217
49 41 3 13569 1024 0.132428580
50 42 3 13570 1024 0.176765414
51 43 3 13571 1024 0.171940806
52 44 3 13572 1024 0.154146598
53 45 3 13573 1024 0.155416645
54 46 3 13574 1024 0.176058116
55 47 3 13575 1024 0.138860122
56 48 3 13576 1024 0.158927719
57 49 3 13577 1024 0.166524733
58 50 3 13578 1024 0.136419089
59 51 3 13579 1024 0.149370279
60 52 3 13580 1024 0.160027301
61 53 3 13581 1024 0.174134793
62 54 3 13582 1024 0.155205506
63 55 3 13583 1024 0.149233132
0 57 3 13584 1024 0.178975038
1 58 3 13585 1024 0.175795512
2 59 3 13586 1024 0.168118733
3 60 3 13587 1024 0.143679794
4 61 3 13588 1024 0.178179677
5 62 3 13589 1024 0.178524582
6 63 3 13590 1024 0.152642285
7 0 3 13591 1024 0.136668592
8 1 3 13592 1024 0.150637274
9 2 3 13593 1024 0.165000714
10 3 3 13594 1024 0.167421343
11 4 3 13595 1024 0.144945657
12 5 3 13596 1024 0.165074716
13 6 3 13597 1024 0.173035377
14 7 3 13598 1024 0.165593718
15 8 3 13599 1024 0.176775604
16 9 3 13600 1024 0.161629164
17 10 3 13601 1024 0.140044454
18 11 3 13602 1024 0.161208379
19 12 3 13603 1024 0.144528975
20 13 3 13604 1024 0.147264679
21 14 3 13605 1024 0.163618686
22 15 3 13606 1024 0.179066775
23 16 3 13607 1024 0.162504319
24 17 3 13608 1024 0.177916323
25 18 3 13609 1024 0.155194672
26 19 3 13610 1024 0.164715599
27 20 3 13611 1024 0.146119070
28 21 3 13612 1024 0.135770263
29 22 3 13613 1024 0.147611890
30 23 3 13614 1024 0.154018496
31 24 3 13615 1024 0.158531910
32 25 3 13616 1024 0.163357862
33 26 3 13617 1024 0.150873897
34 27 3 13618 1024 0.167393436
35 28 3 13619 1024 0.172069465
36 29 3 13620 1024 0.144296399
37 30 3 13621 1024 0.172365055
38 31 3 13622 1024 0.170415239
39 32 3 13623 1024 0.156136499
40 33 3 13624 1024 0.131263607
41 34 3 13625 1024 0.137266336
42 35 3 13626 1024 0.163512709
43 36 3 13627 1024 0.139995121
44 37 3 13628 1024 0.167509251
45 38 3 13629 1024 0.138046770
46 39 3 13630 1024 0.144330777
47 40 3 13631 1024 0.142528050
48 41 3 13632 1024 0.171969091
49 42 3 13633 1024 0.164529743
50 43 3 13634 1024 0.144757028
51 44 3 13635 1024 0.167679697
52 45 3 13636 1024 0.131615319
53 46 3 13637 1024 0.170701311
54 47 3 13638 1024 0.135124000
55 48 3 13639 1024 0.173401769
56 49 3 13640 1024 0.166974624
57 50 3 13641 1024 0.173242074
58 51 3 13642 1024 0.167120637
59 52 3 13643 1024 0.158063528
60 53 3 13644 1024 0.141879774
61 54 3 13645 1024 0.169215359
62 55 3 13646 1024 0.169941088
63 56 3 13647 1024 0.144381933
0 58 3 13648 1024 0.163224678
1 59 3 13649 1024 0.176324241
2 60 3 13650 1024 0.149377732
3 61 3 13651 1024 0.177835099
4 62 3 13652 1024 0.178791136
5 63 3 13653 1024 0.145632699
6 0 3 13654 1024 0.157606230
7 1 3 13655 1024 0.130648262
8 2 3 13656 1024 0.142567056
9 3 3 13657 1024 0.161028085
10 4 3 13658 1024 0.169046245
11 5 3 13659 1024 0.173505905
12 6 3 13660 1024 0.171499174
13 7 3 13661 1024 0.175574319
14 8 3 13662 1024 0.165231453
15 9 3 13663 1024 0.162381619
16 10 3 13664 1024 0.167755385
17 11 3 13665 1024 0.157330757
18 12 3 13666 1024 0.160169349
19 13 3 13667 1024 0.168807337
20 14 3 13668 1024 0.178214491
21 15 3 13669 1024 0.144708886
22 16 3 13670 1024 0.138871295
23 17 3 13671 1024 0.164132943
24 18 3 13672 1024 0.139348829
25 19 3 13673 1024 0.138689757
26 20 3 13674 1024 0.155692343
27 21 3 13675 1024 0.148859911
28 22 3 13676 1024 0.151425391
29 23 3 13677 1024 0.157829931
30 24 3 13678 1024 0.136503327
31 25 3 13679 1024 0.159199303
32 26 3 13680 1024 0.142750807
33 27 3 13681 1024 0.146528139
34 28 3 13682 1024 0.165484465
35 29 3 13683 1024 0.137740285
36 30 3 13684 1024 0.137685169
37 31 3 13685 1024 0.146131501
38 32 3 13686 1024 0.132542772
39 33 3 13687 1024 0.176619093
40 34 3 13688 1024 0.160780434
41 35 3 13689 1024 0.163094511
42 36 3 13690 1024 0.154527547
43 37 3 13691 1024 0.158633850
44 38 3 13692 1024 0.147904279
45 39 3 13693 1024 0.169201572
46 40 3 13694 1024 0.145892950
47 41 3 13695 1024 0.140998101
48 42 3 13696 1024 0.139193455
49 43 3 13697 1024 0.133408823
50 44 3 13698 1024 0.155257018
51 45 3 13699 1024 0.150796562
52 46 3 13700 1024 0.156851798
53 47 3 13701 1024 0.134597278
54 48 3 13702 1024 0.141059904
55 49 3 13703 1024 0.140667691
56 50 3 13704 1024 0.146594176
57 51 3 13705 1024 0.148039891
58 52 3 13706 1024 0.140922264
59 53 3 13707 1024 0.167632784
60 54 3 13708 1024 0.156524945
61 55 3 13709 1024 0.179831554
62 56 3 13710 1024 0.171184420
63 57 3 13711 1024 0.179056660
0 59 3 13712 1024 0.130440185
1 60 3 13713 1024 0.163446923
2 61 3 13714 1024 0.152283362
3 62 3 13715 1024 0.175224823
4 63 3 13716 1024 0.160685055
5 0 3 13717 1024 0.161056585
6 1 3 13718 1024 0.177944841
7 2 3 13719 1024 0.164127568
8 3 3 13720 1024 0.146046851
9 4 3 13721 1024 0.175796622
10 5 3 13722 1024 0.177249384
11 6 3 13723 1024 0.149293797
12 7 3 13724 1024 0.157011866
13 8 3 13725 1024 0.144141450
14 9 3 13726 1024 0.175566796
15 10 3 13727 1024 0.171105453
16 11 3 13728 1024 0.148747902
17 12 3 13729 1024 0.170140837
18 13 3 13730 1024 0.152277845
19 14 3 13731 1024 0.132192583
20 15 3 13732 1024 0.174914080
21 16 3 13733 1024 0.139625619
22 17 3 13734 1024 0.155694735
23 18 3 13735 1024 0.177410591
24 19 3 13736 1024 0.138369740
25 20 3 13737 1024 0.177813810
26 21 3 13738 1024 0.156898742
27 22 3 13739 1024 0.130366529
28 23 3 13740 1024 0.133273591
29 24 3 13741 1024 0.163516756
30 25 3 13742 1024 0.168679113
31 26 3 13743 1024 0.173247543
32 27 3 13744 1024 0.151210473
33 28 3 13745 1024 0.135196340
34 29 3 13746 1024 0.156887711
35 30 3 13747 1024 0.165137143
36 31 3 13748 1024 0.178811196
37 32 3 13749 1024 0.168760337
38 33 3 13750 1024 0.162328058
39 34 3 13751 1024 0.176987556
40 35 3 13752 1024 0.167344541
41 36 3 13753 1024 0.137687729
42 37 3 13754 1024 0.152961262
43 38 3 13755 1024 0.146585769
44 39 3 13756 1024 0.134376045
45 40 3 13757 1024 0.132713404
46 41 3 13758 1024 0.169710739
47 42 3 13759 1024 0.157904210
48 43 3 13760 1024 0.158748115
49 44 3 13761 1024 0.141382282
50 45 3 13762 1024 0.142932398
51 46 3 13763 1024 0.149401630
52 47 3 13764 1024 0.161510863
53 48 3 13765 1024 0.151651252
54 49 3 13766 1024 0.130844548
55 50 3 13767 1024 0.163664937
56 51 3 13768 1024 0.156741719
57 52 3 13769 1024 0.162071137
58 53 3 13770 1024 0.160917468
59 54 3 13771 1024 0.167798030
60 55 3 13772 1024 0.159280401
61 56 3 13773 1024 0.165044102
62 57 3 13774 1024 0.133629472
63 58 3 13775 1024 0.176402388
0 60 3 13776 1024 0.135306777
1 61 3 13777 1024 0.169344595
2 62 3 13778 1024 0.145067535
3 63 3 13779 1024 0.134325261
4 0 3 13780 1024 0.168263712
5 1 3 13781 1024 0.151883807
6 2 3 13782 1024 0.149755663
7 3 3 13783 1024 0.163036158
8 4 3 13784 1024 0.153699384
9 5 3 13785 1024 0.156673388
10 6 3 13786 1024 0.136819073
11 7 3 13787 1024 0.149549628
12 8 3 13788 1024 0.169874231
13 9 3 13789 1024 0.157286223
14 10 3 13790 1024 0.178006713
15 11 3 13791 1024 0.137203777
16 12 3 13792 1024 0.163864452
17 13 3 13793 1024 0.175708446
18 14 3 13794 1024 0.169750856
19 15 3 13795 1024 0.166466229
20 16 3 13796 1024 0.148656526
21 17 3 13797 1024 0.177473255
22 18 3 13798 1024 0.157676209
23 19 3 13799 1024 0.157753487
24 20 3 13800 1024 0.136161758
25 21 3 13801 1024 0.130251492
26 22 3 13802 1024 0.159832744
27 23 3 13803 1024 0.156857602
28 24 3 13804 1024 0.177348969
29 25 3 13805 1024 0.145234558
30 26 3 13806 1024 0.167414829
31 27 3 13807 1024 0.175177319
32 28 3 13808 1024 0.147192582
33 29 3 13809 1024 0.150632725
34 30 3 13810 1024 0.162296575
35 31 3 13811 1024 0.155627635
36 32 3 13812 1024 0.138047718
37 33 3 13813 1024 0.141039398
38 34 3 13814 1024 0.171737418
39 35 3 13815 1024 0.139716311
40 36 3 13816 1024 0.139067899
41 37 3 13817 1024 0.169983003
42 38 3 13818 1024 0.172612556
43 39 3 13819 1024 0.172569386
44 40 3 13820 1024 0.176618493
45 41 3 13821 1024 0.179715653
46 42 3 13822 1024 0.153063260
47 43 3 13823 1024 0.157483230
48 44 3 13824 1024 0.144532633
49 45 3 13825 1024 0.133368138
50 46 3 13826 1024 0.134910120
51 47 3 13827 1024 0.166279463
52 48 3 13828 1024 0.154359521
53 49 3 13829 1024 0.146542547
54 50 3 13830 1024 0.136410757
55 51 3 13831 1024 0.162773649
56 52 3 13832 1024 0.135002253
57 53 3 13833 1024 0.160975789
58 54 3 13834 1024 0.175005930
59 55 3 13835 1024 0.145889297
60 56 3 13836 1024 0.152532299
61 57 3 13837 1024 0.160817122
62 58 3 13838 1024 0.145283774
63 59 3 13839 1024 0.159208497
0 61 3 13840 1024 0.158277600
1 62 3 13841 1024 0.148224672
2 63 3 13842 1024 0.145816658
3 0 3 13843 1024 0.151415370
4 1 3 13844 1024 0.130241594
5 2 3 13845 1024 0.142308757
6 3 3 13846 1024 0.141076285
7 4 3 13847 1024 0.166990811
8 5 3 13848 1024 0.151806203
9 6 3 13849 1024 0.172005503
10 7 3 13850 1024 0.136715292
11 8 3 13851 1024 0.166648640
12 9 3 13852 1024 0.173894291
13 10 3 13853 1024 0.153142419
14 11 3 13854 1024 0.147937080
15 12 3 13855 1024 0.145273590
16 13 3 13856 1024 0.157583591
17 14 3 13857 1024 0.138788508
18 15 3 13858 1024 0.160331383
19 16 3 13859 1024 0.172089650
20 17 3 13860 1024 0.172935683
21 18 3 13861 1024 0.137000083
22 19 3 13862 1024 0.156930902
23 20 3 13863 1024 0.143161733
24 21 3 13864 1024 0.174316792
25 22 3 13865 1024 0.133823119
26 23 3 13866 1024 0.133769998
27 24 3 13867 1024 0.130931515
28 25 3 13868 1024 0.155358916
29 26 3 13869 1024 0.131559712
30 27 3 13870 1024 0.159094525
31 28 3 13871 1024 0.150256723
32 29 3 13872 1024 0.159501816
33 30 3 13873 1024 0.175315179
34 31 3 13874 1024 0.157579700
35 32 3 13875 1024 0.157173466
36 33 3 13876 1024 0.179936409
37 34 3 13877 1024 0.153605198
38 35 3 13878 1024 0.168759862
39 36 3 13879 1024 0.148290932
40 37 3 13880 1024 0.141165332
41 38 3 13881 1024 0.168607242
42 39 3 13882 1024 0.166661341
43 40 3 13883 1024 0.144549958
44 41 3 13884 1024 0.153235057
45 42 3 13885 1024 0.155520600
46 43 3 13886 1024 0.149839258
47 44 3 13887 1024 0.155108363
48 45 3 13888 1024 0.163133924
49 46 3 13889 1024 0.172399092
50 47 3 13890 1024 0.170327003
51 48 3 13891 1024 0.160701799
52 49 3 13892 1024 0.138292178
53 50 3 13893 1024 0.155706834
54 51 3 13894 1024 0.152311022
55 52 3 13895 1024 0.138957259
56 53 3 13896 1024 0.177435592
57 54 3 13897 1024 0.162970665
58 55 3 13898 1024 0.178386778
59 56 3 13899 1024 0.166795990
60 57 3 13900 1024 0.154175171
61 58 3 13901 1024 0.147939777
62 59 3 13902 1024 0.140940956
63 60 3 13903 1024 0.154382107
0 62 3 13904 1024 0.133143058
1 63 3 13905 1024 0.148471759
2 0 3 13906 1024 0.132140422
3 1 3 13907 1024 0.140338704
4 2 3 13908 1024 0.175386305
5 3 3 13909 1024 0.148062568
6 4 3 13910 1024 0.153483711
7 5 3 13911 1024 0.152732172
8 6 3 13912 1024 0.132321873
9 7 3 13913 1024 0.179029489
10 8 3 13914 1024 0.146203556
11 9 3 13915 1024 0.165186813
12 10 3 13916 1024 0.156068645
13 11 3 13917 1024 0.171482358
14 12 3 13918 1024 0.171743613
15 13 3 13919 1024 0.143165803
16 14 3 13920 1024 0.157217503
17 15 3 13921 1024 0.138692491
18 16 3 13922 1024 0.162683766
19 17 3 13923 1024 0.148264839
20 18 3 13924 1024 0.162666827
21 19 3 13925 1024 0.171773453
22 20 3 13926 1024 0.155833145
23 21 3 13927 1024 0.148816439
24 22 3 13928 1024 0.175362121
25 23 3 13929 1024 0.155818589
26 24 3 13930 1024 0.147644900
27 25 3 13931 1024 0.173385971
28 26 3 13932 1024 0.154343078
29 27 3 13933 1024 0.154105504
30 28 3 13934 1024 0.160210549
31 29 3 13935 1024 0.155091849
32 30 3 13936 1024 0.136948415
33 31 3 13937 1024 0.138280291
34 32 3 13938 1024 0.133854411
35 33 3 13939 1024 0.162173850
36 34 3 13940 1024 0.140575855
37 35 3 13941 1024 0.139345284
38 36 3 13942 1024 0.148111147
39 37 3 13943 1024 0.165865135
40 38 3 13944 1024 0.135916511
41 39 3 13945 1024 0.141517317
42 40 3 13946 1024 0.170558631
43 41 3 13947 1024 0.166012783
44 42 3 13948 1024 0.154075832
45 43 3 13949 1024 0.153940732
46 44 3 13950 1024 0.140535198
47 45 3 13951 1024 0.138062313
48 46 3 13952 1024 0.171668250
49 47 3 13953 1024 0.131122302
50 48 3 13954 1024 0.132157217
51 49 3 13955 1024 0.158674326
52 50 3 13956 1024 0.138056457
53 51 3 13957 1024 0.161477021
54 52 3 13958 1024 0.131959543
55 53 3 13959 1024 0.158613465
56 54 3 13960 1024 0.132795600
57 55 3 13961 1024 0.142912982
58 56 3 13962 1024 0.139001877
59 57 3 13963 1024 0.177911917
60 58 3 13964 1024 0.159967876
61 59 3 13965 1024 0.158180235
62 60 3 13966 1024 0.130931002
63 61 3 13967 1024 0.165977365
0 63 3 13968 1024 0.163087253
1 0 3 13969 1024 0.144172731
2 1 3 13970 1024 0.134287425
3 2 3 13971 1024 0.152460168
4 3 3 13972 1024 0.179638791
5 4 3 13973 1024 0.173365120
6 5 3 13974 1024 0.138528339
7 6 3 13975 1024 0.171518179
8 7 3 13976 1024 0.160041936
9 8 3 13977 1024 0.169730804
10 9 3 13978 1024 0.171022659
11 10 3 13979 1024 0.139094208
12 11 3 13980 1024 0.162982438
13 12 3 13981 1024 0.143226035
14 13 3 13982 1024 0.166209340
15 14 3 13983 1024 0.147133564
16 15 3 13984 1024 0.152673507
17 16 3 13985 1024 0.159529800
18 17 3 13986 1024 0.141490689
19 18 3 13987 1024 0.149273094
20 19 3 13988 1024 0.135428506
21 20 3 13989 1024 0.140117427
22 21 3 13990 1024 0.172979585
23 22 3 13991 1024 0.155217976
24 23 3 13992 1024 0.150989751
25 24 3 13993 1024 0.137478060
26 25 3 13994 1024 0.134814929
27 26 3 13995 1024 0.153793459
28 27 3 13996 1024 0.160737408
29 28 3 13997 1024 0.131951828
30 29 3 13998 1024 0.169193412
31 30 3 13999 1024 0.155166460
32 31 3 14000 1024 0.135875820
33 32 3 14001 1024 0.154112047
34 33 3 14002 1024 0.136516442
35 34 3 14003 1024 0.160173733
36 35 3 14004 1024 0.171376089
37 36 3 14005 1024 0.174848448
38 37 3 14006 1024 0.168743521
39 38 3 14007 1024 0.162461587
40 39 3 14008 1024 0.156102211
41 40 3 14009 1024 0.148518873
42 41 3 14010 1024 0.132171914
43 42 3 14011 1024 0.156490826
44 43 3 14012 1024 0.141474313
45 44 3 14013 1024 0.170115010
46 45 3 14014 1024 0.169477779
47 46 3 14015 1024 0.149061825
48 47 3 14016 1024 0.159452404
49 48 3 14017 1024 0.167069702
50 49 3 14018 1024 0.168076961
51 50 3 14019 1024 0.164835380
52 51 3 14020 1024 0.134885845
53 52 3 14021 1024 0.136694155
54 53 3 14022 1024 0.153857062
55 54 3 14023 1024 0.141625645
56 55 3 14024 1024 0.172952662
57 56 3 14025 1024 0.144163333
58 57 3 14026 1024 0.173838316
59 58 3 14027 1024 0.150432335
60 59 3 14028 1024 0.139451051
61 60 3 14029 1024 0.165457442
62 61 3 14030 1024 0.169471124
63 62 3 14031 1024 0.158899357
0 1 3 14032 1024 0.135891430
1 2 3 14033 1024 0.130359703
2 3 3 14034 1024 0.162727306
3 4 3 14035 1024 0.164388337
4 5 3 14036 1024 0.145795086
5 6 3 14037 1024 0.148113489
6 7 3 14038 1024 0.137738929
7 8 3 14039 1024 0.162578797
8 9 3 14040 1024 0.142681636
9 10 3 14041 1024 0.172748846
10 11 3 14042 1024 0.151178077
11 12 3 14043 1024 0.148282205
12 13 3 14044 1024 0.143778027
13 14 3 14045 1024 0.164030285
14 15 3 14046 1024 0.167748595
15 16 3 14047 1024 0.150661408
16 17 3 14048 1024 0.169189421
17 18 3 14049 1024 0.154123388
18 19 3 14050 1024 0.148510648
19 20 3 14051 1024 0.157745568
20 21 3 14052 1024 0.142688882
21 22 3 14053 1024 0.145332654
22 23 3 14054 1024 0.147217815
23 24 3 14055 1024 0.165274730
24 25 3 14056 1024 0.166789122
25 26 3 14057 1024 0.172749946
26 27 3 14058 1024 0.162964142
27 28 3 14059 1024 0.167390710
28 29 3 14060 1024 0.152329744
29 30 3 14061 1024 0.164965572
30 31 3 14062 1024 0.138089756
31 32 3 14063 1024 0.140722907
32 33 3 14064 1024 0.150028045
33 34 3 14065 1024 0.146921892
34 35 3 14066 1024 0.157528811
35 36 3 14067 1024 0.164852870
36 37 3 14068 1024 0.165339497
37 38 3 14069 1024 0.138036900
38 39 3 14070 1024 0.178228513
39 40 3 14071 1024 0.130264532
40 41 3 14072 1024 0.134554429
41 42 3 14073 1024 0.137266422
42 43 3 14074 1024 0.176293089
43 44 3 14075 1024 0.151768872
44 45 3 14076 1024 0.133204023
45 46 3 14077 1024 0.141088512
46 47 3 14078 1024 0.134001987
47 48 3 14079 1024 0.131887767
48 49 3 14080 1024 0.149216301
49 50 3 14081 1024 0.179222405
50 51 3 14082 1024 0.160698280
51 52 3 14083 1024 0.156050277
52 53 3 14084 1024 0.165580292
53 54 3 14085 1024 0.159873628
54 55 3 14086 1024 0.177285793
55 56 3 14087 1024 0.171011437
56 57 3 14088 1024 0.162014566
57 58 3 14089 1024 0.151948602
58 59 3 14090 1024 0.140085362
59 60 3 14091 1024 0.162844211
60 61 3 14092 1024 0.170195495
61 62 3 14093 1024 0.144300326
62 63 3 14094 1024 0.131680468
63 0 3 14095 1024 0.159975746
