16384
0 1 3 10000 1024 0.161971340
1 2 3 10001 1024 0.131250538
2 3 3 10002 1024 0.143751466
3 4 3 10003 1024 0.141160537
4 5 3 10004 1024 0.166823561
5 6 3 10005 1024 0.163834974
6 7 3 10006 1024 0.174608978
7 8 3 10007 1024 0.134346942
8 9 3 10008 1024 0.151096091
9 10 3 10009 1024 0.131489861
10 11 3 10010 1024 0.140931899
11 12 3 10011 1024 0.155267764
12 13 3 10012 1024 0.131326798
13 14 3 10013 1024 0.139941883
14 15 3 10014 1024 0.162494222
15 16 3 10015 1024 0.157247074
16 17 3 10016 1024 0.141022031
17 18 3 10017 1024 0.159463284
18 19 3 10018 1024 0.170471523
19 20 3 10019 1024 0.130324938
20 21 3 10020 1024 0.170290963
21 22 3 10021 1024 0.164906970
22 23 3 10022 1024 0.147012526
23 24 3 10023 1024 0.137773975
24 25 3 10024 1024 0.177860654
25 26 3 10025 1024 0.146829727
26 27 3 10026 1024 0.134637292
27 28 3 10027 1024 0.134835819
28 29 3 10028 1024 0.172374718
29 30 3 10029 1024 0.160186302
30 31 3 10030 1024 0.170356414
31 32 3 10031 1024 0.166486589
32 33 3 10032 1024 0.156811405
33 34 3 10033 1024 0.178655788
34 35 3 10034 1024 0.148926719
35 36 3 10035 1024 0.157602032
36 37 3 10036 1024 0.171470233
37 38 3 10037 1024 0.160925988
38 39 3 10038 1024 0.173085345
39 40 3 10039 1024 0.158867607
40 41 3 10040 1024 0.165228592
41 42 3 10041 1024 0.132291219
42 43 3 10042 1024 0.141394914
43 44 3 10043 1024 0.144469398
44 45 3 10044 1024 0.133989599
45 46 3 10045 1024 0.141639544
46 47 3 10046 1024 0.135050071
47 48 3 10047 1024 0.143898680
48 49 3 10048 1024 0.161784222
49 50 3 10049 1024 0.148241609
50 51 3 10050 1024 0.148509048
51 52 3 10051 1024 0.140475352
52 53 3 10052 1024 0.143348891
53 54 3 10053 1024 0.176832729
54 55 3 10054 1024 0.162401769
55 56 3 10055 1024 0.160456550
56 57 3 10056 1024 0.138556932
57 58 3 10057 1024 0.166456340
58 59 3 10058 1024 0.138170125
59 60 3 10059 1024 0.148972772
60 61 3 10060 1024 0.179476168
61 62 3 10061 1024 0.161999988
62 63 3 10062 1024 0.157847487
63 0 3 10063 1024 0.164230713
0 2 3 10064 1024 0.172142596
1 3 3 10065 1024 0.168799996
2 4 3 10066 1024 0.141452404
3 5 3 10067 1024 0.131605012
4 6 3 10068 1024 0.145772652
5 7 3 10069 1024 0.143387044
6 8 3 10070 1024 0.140549142
7 9 3 10071 1024 0.177145486
8 10 3 10072 1024 0.173818381
9 11 3 10073 1024 0.145733894
10 12 3 10074 1024 0.162771933
11 13 3 10075 1024 0.149781595
12 14 3 10076 1024 0.175727379
13 15 3 10077 1024 0.152942593
14 16 3 10078 1024 0.143244008
15 17 3 10079 1024 0.142331375
16 18 3 10080 1024 0.158068407
17 19 3 10081 1024 0.143137080
18 20 3 10082 1024 0.159229300
19 21 3 10083 1024 0.174891144
20 22 3 10084 1024 0.149970025
21 23 3 10085 1024 0.140966038
22 24 3 10086 1024 0.179876880
23 25 3 10087 1024 0.155476315
24 26 3 10088 1024 0.134545471
25 27 3 10089 1024 0.132355819
26 28 3 10090 1024 0.135482457
27 29 3 10091 1024 0.161372302
28 30 3 10092 1024 0.169603968
29 31 3 10093 1024 0.151107998
30 32 3 10094 1024 0.133176385
31 33 3 10095 1024 0.149080964
32 34 3 10096 1024 0.179806069
33 35 3 10097 1024 0.156455717
34 36 3 10098 1024 0.178553919
35 37 3 10099 1024 0.173038985
36 38 3 10100 1024 0.130574051
37 39 3 10101 1024 0.166036091
38 40 3 10102 1024 0.164085518
39 41 3 10103 1024 0.156848517
40 42 3 10104 1024 0.143341259
41 43 3 10105 1024 0.162048090
42 44 3 10106 1024 0.135577609
43 45 3 10107 1024 0.151738263
44 46 3 10108 1024 0.152686185
45 47 3 10109 1024 0.177690796
46 48 3 10110 1024 0.173792647
47 49 3 10111 1024 0.143169453
48 50 3 10112 1024 0.155029306
49 51 3 10113 1024 0.138932594
50 52 3 10114 1024 0.175631392
51 53 3 10115 1024 0.173525928
52 54 3 10116 1024 0.144922240
53 55 3 10117 1024 0.161947475
54 56 3 10118 1024 0.160448511
55 57 3 10119 1024 0.137641963
56 58 3 10120 1024 0.168125540
57 59 3 10121 1024 0.156968952
58 60 3 10122 1024 0.168931324
59 61 3 10123 1024 0.156517684
60 62 3 10124 1024 0.130028595
61 63 3 10125 1024 0.146207803
62 0 3 10126 1024 0.130973837
63 1 3 10127 1024 0.176454931
0 3 3 10128 1024 0.173936094
1 4 3 10129 1024 0.171583276
2 5 3 10130 1024 0.145375706
3 6 3 10131 1024 0.132896258
4 7 3 10132 1024 0.173900480
5 8 3 10133 1024 0.177347472
6 9 3 10134 1024 0.134282673
7 10 3 10135 1024 0.154299523
8 11 3 10136 1024 0.133460626
9 12 3 10137 1024 0.168030108
10 13 3 10138 1024 0.168291721
11 14 3 10139 1024 0.136419573
12 15 3 10140 1024 0.153764119
13 16 3 10141 1024 0.157490180
14 17 3 10142 1024 0.143252831
15 18 3 10143 1024 0.173621652
16 19 3 10144 1024 0.151156897
17 20 3 10145 1024 0.140589910
18 21 3 10146 1024 0.156964804
19 22 3 10147 1024 0.166496553
20 23 3 10148 1024 0.140057553
21 24 3 10149 1024 0.145585815
22 25 3 10150 1024 0.179757468
23 26 3 10151 1024 0.162493903
24 27 3 10152 1024 0.151905004
25 28 3 10153 1024 0.155878792
26 29 3 10154 1024 0.136050210
27 30 3 10155 1024 0.141234867
28 31 3 10156 1024 0.146904278
29 32 3 10157 1024 0.159415436
30 33 3 10158 1024 0.141505737
31 34 3 10159 1024 0.141010869
32 35 3 10160 1024 0.133549654
33 36 3 10161 1024 0.161555148
34 37 3 10162 1024 0.141447089
35 38 3 10163 1024 0.175271001
36 39 3 10164 1024 0.172981770
37 40 3 10165 1024 0.133542867
38 41 3 10166 1024 0.141900232
39 42 3 10167 1024 0.163448889
40 43 3 10168 1024 0.140711840
41 44 3 10169 1024 0.136615592
42 45 3 10170 1024 0.176775712
43 46 3 10171 1024 0.158552155
44 47 3 10172 1024 0.153633551
45 48 3 10173 1024 0.169230971
46 49 3 10174 1024 0.170374850
47 50 3 10175 1024 0.139520496
48 51 3 10176 1024 0.134846541
49 52 3 10177 1024 0.151552559
50 53 3 10178 1024 0.151178931
51 54 3 10179 1024 0.153351233
52 55 3 10180 1024 0.166453792
53 56 3 10181 1024 0.163668227
54 57 3 10182 1024 0.179208261
55 58 3 10183 1024 0.134920894
56 59 3 10184 1024 0.150131064
57 60 3 10185 1024 0.146965130
58 61 3 10186 1024 0.173083627
59 62 3 10187 1024 0.142432817
60 63 3 10188 1024 0.139510445
61 0 3 10189 1024 0.152430677
62 1 3 10190 1024 0.151094082
63 2 3 10191 1024 0.143927257
0 4 3 10192 1024 0.142490322
1 5 3 10193 1024 0.176163280
2 6 3 10194 1024 0.152156537
3 7 3 10195 1024 0.173067455
4 8 3 10196 1024 0.157516266
5 9 3 10197 1024 0.132529416
6 10 3 10198 1024 0.179964123
7 11 3 10199 1024 0.171801379
8 12 3 10200 1024 0.178449813
9 13 3 10201 1024 0.176318349
10 14 3 10202 1024 0.172434787
11 15 3 10203 1024 0.138315556
12 16 3 10204 1024 0.154282056
13 17 3 10205 1024 0.140687365
14 18 3 10206 1024 0.150052015
15 19 3 10207 1024 0.132931770
16 20 3 10208 1024 0.148948656
17 21 3 10209 1024 0.179265442
18 22 3 10210 1024 0.143260153
19 23 3 10211 1024 0.169203530
20 24 3 10212 1024 0.152750418
21 25 3 10213 1024 0.151150374
22 26 3 10214 1024 0.177865882
23 27 3 10215 1024 0.179771134
24 28 3 10216 1024 0.157788416
25 29 3 10217 1024 0.165920414
26 30 3 10218 1024 0.137739841
27 31 3 10219 1024 0.144835391
28 32 3 10220 1024 0.178435468
29 33 3 10221 1024 0.158959015
30 34 3 10222 1024 0.157109760
31 35 3 10223 1024 0.167398778
32 36 3 10224 1024 0.132858264
33 37 3 10225 1024 0.159208880
34 38 3 10226 1024 0.155142519
35 39 3 10227 1024 0.172635995
36 40 3 10228 1024 0.137871636
37 41 3 10229 1024 0.178038945
38 42 3 10230 1024 0.134005573
39 43 3 10231 1024 0.139291248
40 44 3 10232 1024 0.159751755
41 45 3 10233 1024 0.163760628
42 46 3 10234 1024 0.141760195
43 47 3 10235 1024 0.135994331
44 48 3 10236 1024 0.174514366
45 49 3 10237 1024 0.142310767
46 50 3 10238 1024 0.159725958
47 51 3 10239 1024 0.160969076
48 52 3 10240 1024 0.150961246
49 53 3 10241 1024 0.159183614
50 54 3 10242 1024 0.156139136
51 55 3 10243 1024 0.176735313
52 56 3 10244 1024 0.140212960
53 57 3 10245 1024 0.165809590
54 58 3 10246 1024 0.141934298
55 59 3 10247 1024 0.149789292
56 60 3 10248 1024 0.163584511
57 61 3 10249 1024 0.144999854
58 62 3 10250 1024 0.145808860
59 63 3 10251 1024 0.167593225
60 0 3 10252 1024 0.133627156
61 1 3 10253 1024 0.152914276
62 2 3 10254 1024 0.179922722
63 3 3 10255 1024 0.179804822
0 5 3 10256 1024 0.133663036
1 6 3 10257 1024 0.140657716
2 7 3 10258 1024 0.143260021
3 8 3 10259 1024 0.176662969
4 9 3 10260 1024 0.174043209
5 10 3 10261 1024 0.173963512
6 11 3 10262 1024 0.148476354
7 12 3 10263 1024 0.137887342
8 13 3 10264 1024 0.171687248
9 14 3 10265 1024 0.165176996
10 15 3 10266 1024 0.160583888
11 16 3 10267 1024 0.179361653
12 17 3 10268 1024 0.162698816
13 18 3 10269 1024 0.130391155
14 19 3 10270 1024 0.170855207
15 20 3 10271 1024 0.144968938
16 21 3 10272 1024 0.163169436
17 22 3 10273 1024 0.176946500
18 23 3 10274 1024 0.136714556
19 24 3 10275 1024 0.135771434
20 25 3 10276 1024 0.135351799
21 26 3 10277 1024 0.157661182
22 27 3 10278 1024 0.143617411
23 28 3 10279 1024 0.160241491
24 29 3 10280 1024 0.165880609
25 30 3 10281 1024 0.140179866
26 31 3 10282 1024 0.161711898
27 32 3 10283 1024 0.143199195
28 33 3 10284 1024 0.154426593
29 34 3 10285 1024 0.175266825
30 35 3 10286 1024 0.172305186
31 36 3 10287 1024 0.134614923
32 37 3 10288 1024 0.151178789
33 38 3 10289 1024 0.143834011
34 39 3 10290 1024 0.130177284
35 40 3 10291 1024 0.168555961
36 41 3 10292 1024 0.161855669
37 42 3 10293 1024 0.143097763
38 43 3 10294 1024 0.167061545
39 44 3 10295 1024 0.157584021
40 45 3 10296 1024 0.151384346
41 46 3 10297 1024 0.130483485
42 47 3 10298 1024 0.133762193
43 48 3 10299 1024 0.174155320
44 49 3 10300 1024 0.175196429
45 50 3 10301 1024 0.157279514
46 51 3 10302 1024 0.171729751
47 52 3 10303 1024 0.159125478
48 53 3 10304 1024 0.137404689
49 54 3 10305 1024 0.136372276
50 55 3 10306 1024 0.145412917
51 56 3 10307 1024 0.174949074
52 57 3 10308 1024 0.169806115
53 58 3 10309 1024 0.173035129
54 59 3 10310 1024 0.174946232
55 60 3 10311 1024 0.140503827
56 61 3 10312 1024 0.142476487
57 62 3 10313 1024 0.135139681
58 63 3 10314 1024 0.169005812
59 0 3 10315 1024 0.174206735
60 1 3 10316 1024 0.150318869
61 2 3 10317 1024 0.161033076
62 3 3 10318 1024 0.137727667
63 4 3 10319 1024 0.176494051
0 6 3 10320 1024 0.173230285
1 7 3 10321 1024 0.178810302
2 8 3 10322 1024 0.170538586
3 9 3 10323 1024 0.174070810
4 10 3 10324 1024 0.131239318
5 11 3 10325 1024 0.166828224
6 12 3 10326 1024 0.146609273
7 13 3 10327 1024 0.176540794
8 14 3 10328 1024 0.170111757
9 15 3 10329 1024 0.173203201
10 16 3 10330 1024 0.170537466
11 17 3 10331 1024 0.143340285
12 18 3 10332 1024 0.169368725
13 19 3 10333 1024 0.135404781
14 20 3 10334 1024 0.173608339
15 21 3 10335 1024 0.172929663
16 22 3 10336 1024 0.141121686
17 23 3 10337 1024 0.170829330
18 24 3 10338 1024 0.153015162
19 25 3 10339 1024 0.145259543
20 26 3 10340 1024 0.169767275
21 27 3 10341 1024 0.141379774
22 28 3 10342 1024 0.131183222
23 29 3 10343 1024 0.139656489
24 30 3 10344 1024 0.146413098
25 31 3 10345 1024 0.173217647
26 32 3 10346 1024 0.178344455
27 33 3 10347 1024 0.143956250
28 34 3 10348 1024 0.162074087
29 35 3 10349 1024 0.149983919
30 36 3 10350 1024 0.179057484
31 37 3 10351 1024 0.156810787
32 38 3 10352 1024 0.176961857
33 39 3 10353 1024 0.135767088
34 40 3 10354 1024 0.178520031
35 41 3 10355 1024 0.138928391
36 42 3 10356 1024 0.178126716
37 43 3 10357 1024 0.143273318
38 44 3 10358 1024 0.135420127
39 45 3 10359 1024 0.151728188
40 46 3 10360 1024 0.166427253
41 47 3 10361 1024 0.145683866
42 48 3 10362 1024 0.160310443
43 49 3 10363 1024 0.155571153
44 50 3 10364 1024 0.149259772
45 51 3 10365 1024 0.158829402
46 52 3 10366 1024 0.142736125
47 53 3 10367 1024 0.165439264
48 54 3 10368 1024 0.130084564
49 55 3 10369 1024 0.176278758
50 56 3 10370 1024 0.156922600
51 57 3 10371 1024 0.165971500
52 58 3 10372 1024 0.167097504
53 59 3 10373 1024 0.163531425
54 60 3 10374 1024 0.148211074
55 61 3 10375 1024 0.133498691
56 62 3 10376 1024 0.163211884
57 63 3 10377 1024 0.146510002
58 0 3 10378 1024 0.145695782
59 1 3 10379 1024 0.172400764
60 2 3 10380 1024 0.165987713
61 3 3 10381 1024 0.145016113
62 4 3 10382 1024 0.145464233
63 5 3 10383 1024 0.150419645
0 7 3 10384 1024 0.150120019
1 8 3 10385 1024 0.144782760
2 9 3 10386 1024 0.136364390
3 10 3 10387 1024 0.151022317
4 11 3 10388 1024 0.177018184
5 12 3 10389 1024 0.163865897
6 13 3 10390 1024 0.175140277
7 14 3 10391 1024 0.160775746
8 15 3 10392 1024 0.145047494
9 16 3 10393 1024 0.157396861
10 17 3 10394 1024 0.130020297
11 18 3 10395 1024 0.144345686
12 19 3 10396 1024 0.151494407
13 20 3 10397 1024 0.158999239
14 21 3 10398 1024 0.162735281
15 22 3 10399 1024 0.153249410
16 23 3 10400 1024 0.152107990
17 24 3 10401 1024 0.140685070
18 25 3 10402 1024 0.153659309
19 26 3 10403 1024 0.175059041
20 27 3 10404 1024 0.169801238
21 28 3 10405 1024 0.138484570
22 29 3 10406 1024 0.134239777
23 30 3 10407 1024 0.155772600
24 31 3 10408 1024 0.161647043
25 32 3 10409 1024 0.146759413
26 33 3 10410 1024 0.170921173
27 34 3 10411 1024 0.167556907
28 35 3 10412 1024 0.163639784
29 36 3 10413 1024 0.141232033
30 37 3 10414 1024 0.139956497
31 38 3 10415 1024 0.131221269
32 39 3 10416 1024 0.142242127
33 40 3 10417 1024 0.153756817
34 41 3 10418 1024 0.172486885
35 42 3 10419 1024 0.133641411
36 43 3 10420 1024 0.150722051
37 44 3 10421 1024 0.161488269
38 45 3 10422 1024 0.139721762
39 46 3 10423 1024 0.164817713
40 47 3 10424 1024 0.154718858
41 48 3 10425 1024 0.142199222
42 49 3 10426 1024 0.162802901
43 50 3 10427 1024 0.130277241
44 51 3 10428 1024 0.167548224
45 52 3 10429 1024 0.168502309
46 53 3 10430 1024 0.135329365
47 54 3 10431 1024 0.151257310
48 55 3 10432 1024 0.138794334
49 56 3 10433 1024 0.177898302
50 57 3 10434 1024 0.155897888
51 58 3 10435 1024 0.132510919
52 59 3 10436 1024 0.142459914
53 60 3 10437 1024 0.172416817
54 61 3 10438 1024 0.152823091
55 62 3 10439 1024 0.170070830
56 63 3 10440 1024 0.163378887
57 0 3 10441 1024 0.179394623
58 1 3 10442 1024 0.159772616
59 2 3 10443 1024 0.177501980
60 3 3 10444 1024 0.174571296
61 4 3 10445 1024 0.160632616
62 5 3 10446 1024 0.165963698
63 6 3 10447 1024 0.155238908
0 8 3 10448 1024 0.171528458
1 9 3 10449 1024 0.157393598
2 10 3 10450 1024 0.174860405
3 11 3 10451 1024 0.167182772
4 12 3 10452 1024 0.153733722
5 13 3 10453 1024 0.142959577
6 14 3 10454 1024 0.142361987
7 15 3 10455 1024 0.161883072
8 16 3 10456 1024 0.168290684
9 17 3 10457 1024 0.156064991
10 18 3 10458 1024 0.161337422
11 19 3 10459 1024 0.143729872
12 20 3 10460 1024 0.133874168
13 21 3 10461 1024 0.144286408
14 22 3 10462 1024 0.143585755
15 23 3 10463 1024 0.145985478
16 24 3 10464 1024 0.157007611
17 25 3 10465 1024 0.136918703
18 26 3 10466 1024 0.141563074
19 27 3 10467 1024 0.164697491
20 28 3 10468 1024 0.165320957
21 29 3 10469 1024 0.133211443
22 30 3 10470 1024 0.150379968
23 31 3 10471 1024 0.157130557
24 32 3 10472 1024 0.150788712
25 33 3 10473 1024 0.140341719
26 34 3 10474 1024 0.151007176
27 35 3 10475 1024 0.175241924
28 36 3 10476 1024 0.159203971
29 37 3 10477 1024 0.164776149
30 38 3 10478 1024 0.172836602
31 39 3 10479 1024 0.168279729
32 40 3 10480 1024 0.149019051
33 41 3 10481 1024 0.130294804
34 42 3 10482 1024 0.147587940
35 43 3 10483 1024 0.167673756
36 44 3 10484 1024 0.172672398
37 45 3 10485 1024 0.177671517
38 46 3 10486 1024 0.150951064
39 47 3 10487 1024 0.167375783
40 48 3 10488 1024 0.157306615
41 49 3 10489 1024 0.160162629
42 50 3 10490 1024 0.141026935
43 51 3 10491 1024 0.140971082
44 52 3 10492 1024 0.151791799
45 53 3 10493 1024 0.131451241
46 54 3 10494 1024 0.146806477
47 55 3 10495 1024 0.163957094
48 56 3 10496 1024 0.150215833
49 57 3 10497 1024 0.138252237
50 58 3 10498 1024 0.153369507
51 59 3 10499 1024 0.136381390
52 60 3 10500 1024 0.161112848
53 61 3 10501 1024 0.131348323
54 62 3 10502 1024 0.149701013
55 63 3 10503 1024 0.158219599
56 0 3 10504 1024 0.131355102
57 1 3 10505 1024 0.162137482
58 2 3 10506 1024 0.136784974
59 3 3 10507 1024 0.153084922
60 4 3 10508 1024 0.132514232
61 5 3 10509 1024 0.148955193
62 6 3 10510 1024 0.140583014
63 7 3 10511 1024 0.146342290
0 9 3 10512 1024 0.168061485
1 10 3 10513 1024 0.148956311
2 11 3 10514 1024 0.167600491
3 12 3 10515 1024 0.171596214
4 13 3 10516 1024 0.142613577
5 14 3 10517 1024 0.134095312
6 15 3 10518 1024 0.130969164
7 16 3 10519 1024 0.156970952
8 17 3 10520 1024 0.179995391
9 18 3 10521 1024 0.147498017
10 19 3 10522 1024 0.162507205
11 20 3 10523 1024 0.169061652
12 21 3 10524 1024 0.162587733
13 22 3 10525 1024 0.167711660
14 23 3 10526 1024 0.177480587
15 24 3 10527 1024 0.139968034
16 25 3 10528 1024 0.131019001
17 26 3 10529 1024 0.137619117
18 27 3 10530 1024 0.136311049
19 28 3 10531 1024 0.163472942
20 29 3 10532 1024 0.158198479
21 30 3 10533 1024 0.140898227
22 31 3 10534 1024 0.164973249
23 32 3 10535 1024 0.168344905
24 33 3 10536 1024 0.138389457
25 34 3 10537 1024 0.160362375
26 35 3 10538 1024 0.167396283
27 36 3 10539 1024 0.135726644
28 37 3 10540 1024 0.170965059
29 38 3 10541 1024 0.178236039
30 39 3 10542 1024 0.135404937
31 40 3 10543 1024 0.131283921
32 41 3 10544 1024 0.145597862
33 42 3 10545 1024 0.163867364
34 43 3 10546 1024 0.177908642
35 44 3 10547 1024 0.149832722
36 45 3 10548 1024 0.165750735
37 46 3 10549 1024 0.133799824
38 47 3 10550 1024 0.164530721
39 48 3 10551 1024 0.161362120
40 49 3 10552 1024 0.135095065
41 50 3 10553 1024 0.168624044
42 51 3 10554 1024 0.172514662
43 52 3 10555 1024 0.160020581
44 53 3 10556 1024 0.136052753
45 54 3 10557 1024 0.179192218
46 55 3 10558 1024 0.169131767
47 56 3 10559 1024 0.147360188
48 57 3 10560 1024 0.151418901
49 58 3 10561 1024 0.148528544
50 59 3 10562 1024 0.155298039
51 60 3 10563 1024 0.147061559
52 61 3 10564 1024 0.172478781
53 62 3 10565 1024 0.171116546
54 63 3 10566 1024 0.135276944
55 0 3 10567 1024 0.178039378
56 1 3 10568 1024 0.161779255
57 2 3 10569 1024 0.171435366
58 3 3 10570 1024 0.165365432
59 4 3 10571 1024 0.151774357
60 5 3 10572 1024 0.166689765
61 6 3 10573 1024 0.178273687
62 7 3 10574 1024 0.143504120
63 8 3 10575 1024 0.170409961
0 10 3 10576 1024 0.156908645
1 11 3 10577 1024 0.154174875
2 12 3 10578 1024 0.151778725
3 13 3 10579 1024 0.166551311
4 14 3 10580 1024 0.143419777
5 15 3 10581 1024 0.172585658
6 16 3 10582 1024 0.171536551
7 17 3 10583 1024 0.134333145
8 18 3 10584 1024 0.174081559
9 19 3 10585 1024 0.142193172
10 20 3 10586 1024 0.153235423
11 21 3 10587 1024 0.160516585
12 22 3 10588 1024 0.148949465
13 23 3 10589 1024 0.131435000
14 24 3 10590 1024 0.172547642
15 25 3 10591 1024 0.139091993
16 26 3 10592 1024 0.140605993
17 27 3 10593 1024 0.169891618
18 28 3 10594 1024 0.147016942
19 29 3 10595 1024 0.174015999
20 30 3 10596 1024 0.165059188
21 31 3 10597 1024 0.143813429
22 32 3 10598 1024 0.130507556
23 33 3 10599 1024 0.177403129
24 34 3 10600 1024 0.134280648
25 35 3 10601 1024 0.166003733
26 36 3 10602 1024 0.154428892
27 37 3 10603 1024 0.167908233
28 38 3 10604 1024 0.164530467
29 39 3 10605 1024 0.162295145
30 40 3 10606 1024 0.154541067
31 41 3 10607 1024 0.169646643
32 42 3 10608 1024 0.134652668
33 43 3 10609 1024 0.141079820
34 44 3 10610 1024 0.164589358
35 45 3 10611 1024 0.145310302
36 46 3 10612 1024 0.159077779
37 47 3 10613 1024 0.153663024
38 48 3 10614 1024 0.156546097
39 49 3 10615 1024 0.151275191
40 50 3 10616 1024 0.167296772
41 51 3 10617 1024 0.146539565
42 52 3 10618 1024 0.165142747
43 53 3 10619 1024 0.143545821
44 54 3 10620 1024 0.142570184
45 55 3 10621 1024 0.136032794
46 56 3 10622 1024 0.139629215
47 57 3 10623 1024 0.135977737
48 58 3 10624 1024 0.156793198
49 59 3 10625 1024 0.168109480
50 60 3 10626 1024 0.139257492
51 61 3 10627 1024 0.140819232
52 62 3 10628 1024 0.154209929
53 63 3 10629 1024 0.166229250
54 0 3 10630 1024 0.178830351
55 1 3 10631 1024 0.156231843
56 2 3 10632 1024 0.144149935
57 3 3 10633 1024 0.135026305
58 4 3 10634 1024 0.139705879
59 5 3 10635 1024 0.141374158
60 6 3 10636 1024 0.138972077
61 7 3 10637 1024 0.130707418
62 8 3 10638 1024 0.156706754
63 9 3 10639 1024 0.143715566
0 11 3 10640 1024 0.178714747
1 12 3 10641 1024 0.157667948
2 13 3 10642 1024 0.164870870
3 14 3 10643 1024 0.136313975
4 15 3 10644 1024 0.173423060
5 16 3 10645 1024 0.154543935
6 17 3 10646 1024 0.173635987
7 18 3 10647 1024 0.158703211
8 19 3 10648 1024 0.153469847
9 20 3 10649 1024 0.152023440
10 21 3 10650 1024 0.139218184
11 22 3 10651 1024 0.132568836
12 23 3 10652 1024 0.177053180
13 24 3 10653 1024 0.153886459
14 25 3 10654 1024 0.171105782
15 26 3 10655 1024 0.150035372
16 27 3 10656 1024 0.133704109
17 28 3 10657 1024 0.161472285
18 29 3 10658 1024 0.132680454
19 30 3 10659 1024 0.137459879
20 31 3 10660 1024 0.158141980
21 32 3 10661 1024 0.145191776
22 33 3 10662 1024 0.179695906
23 34 3 10663 1024 0.135922578
24 35 3 10664 1024 0.168222172
25 36 3 10665 1024 0.160315883
26 37 3 10666 1024 0.169537041
27 38 3 10667 1024 0.141284357
28 39 3 10668 1024 0.156128627
29 40 3 10669 1024 0.152525723
30 41 3 10670 1024 0.152136050
31 42 3 10671 1024 0.173008333
32 43 3 10672 1024 0.179501563
33 44 3 10673 1024 0.145269012
34 45 3 10674 1024 0.161051366
35 46 3 10675 1024 0.160481546
36 47 3 10676 1024 0.167004465
37 48 3 10677 1024 0.177379510
38 49 3 10678 1024 0.140389395
39 50 3 10679 1024 0.140551260
40 51 3 10680 1024 0.163021407
41 52 3 10681 1024 0.137852855
42 53 3 10682 1024 0.138690677
43 54 3 10683 1024 0.133753243
44 55 3 10684 1024 0.130133786
45 56 3 10685 1024 0.152525185
46 57 3 10686 1024 0.159690560
47 58 3 10687 1024 0.144562964
48 59 3 10688 1024 0.141573812
49 60 3 10689 1024 0.165347791
50 61 3 10690 1024 0.165149378
51 62 3 10691 1024 0.152701566
52 63 3 10692 1024 0.164369246
53 0 3 10693 1024 0.176195552
54 1 3 10694 1024 0.169391401
55 2 3 10695 1024 0.161252900
56 3 3 10696 1024 0.163059152
57 4 3 10697 1024 0.176683423
58 5 3 10698 1024 0.151256948
59 6 3 10699 1024 0.157228119
60 7 3 10700 1024 0.162381736
61 8 3 10701 1024 0.175420572
62 9 3 10702 1024 0.171331558
63 10 3 10703 1024 0.133570492
0 12 3 10704 1024 0.138296139
1 13 3 10705 1024 0.145380591
2 14 3 10706 1024 0.167447886
3 15 3 10707 1024 0.158460352
4 16 3 10708 1024 0.144430529
5 17 3 10709 1024 0.136217683
6 18 3 10710 1024 0.164433900
7 19 3 10711 1024 0.164986684
8 20 3 10712 1024 0.177133812
9 21 3 10713 1024 0.155023609
10 22 3 10714 1024 0.154689761
11 23 3 10715 1024 0.134022093
12 24 3 10716 1024 0.131993039
13 25 3 10717 1024 0.151601433
14 26 3 10718 1024 0.146116079
15 27 3 10719 1024 0.142518395
16 28 3 10720 1024 0.134566344
17 29 3 10721 1024 0.178095555
18 30 3 10722 1024 0.171797931
19 31 3 10723 1024 0.158759955
20 32 3 10724 1024 0.177539314
21 33 3 10725 1024 0.179978621
22 34 3 10726 1024 0.163614079
23 35 3 10727 1024 0.143475551
24 36 3 10728 1024 0.132011584
25 37 3 10729 1024 0.167813442
26 38 3 10730 1024 0.153525041
27 39 3 10731 1024 0.162575474
28 40 3 10732 1024 0.175803639
29 41 3 10733 1024 0.139074457
30 42 3 10734 1024 0.159266481
31 43 3 10735 1024 0.161739236
32 44 3 10736 1024 0.154586290
33 45 3 10737 1024 0.134562120
34 46 3 10738 1024 0.147398053
35 47 3 10739 1024 0.146665420
36 48 3 10740 1024 0.163506675
37 49 3 10741 1024 0.172886655
38 50 3 10742 1024 0.146490183
39 51 3 10743 1024 0.164683684
40 52 3 10744 1024 0.144410890
41 53 3 10745 1024 0.177259677
42 54 3 10746 1024 0.170678302
43 55 3 10747 1024 0.157504830
44 56 3 10748 1024 0.152741295
45 57 3 10749 1024 0.145725858
46 58 3 10750 1024 0.146163689
47 59 3 10751 1024 0.178509236
48 60 3 10752 1024 0.150208753
49 61 3 10753 1024 0.155729813
50 62 3 10754 1024 0.179405961
51 63 3 10755 1024 0.162883019
52 0 3 10756 1024 0.157129680
53 1 3 10757 1024 0.150662379
54 2 3 10758 1024 0.139379127
55 3 3 10759 1024 0.148088968
56 4 3 10760 1024 0.167822158
57 5 3 10761 1024 0.161270437
58 6 3 10762 1024 0.167999527
59 7 3 10763 1024 0.140177912
60 8 3 10764 1024 0.157460982
61 9 3 10765 1024 0.176383638
62 10 3 10766 1024 0.151905805
63 11 3 10767 1024 0.164912501
0 13 3 10768 1024 0.136071304
1 14 3 10769 1024 0.178657341
2 15 3 10770 1024 0.160443583
3 16 3 10771 1024 0.141964873
4 17 3 10772 1024 0.137918908
5 18 3 10773 1024 0.157541950
6 19 3 10774 1024 0.157612570
7 20 3 10775 1024 0.134660460
8 21 3 10776 1024 0.179612857
9 22 3 10777 1024 0.175646494
10 23 3 10778 1024 0.153072395
11 24 3 10779 1024 0.135873307
12 25 3 10780 1024 0.171607159
13 26 3 10781 1024 0.154918775
14 27 3 10782 1024 0.165830166
15 28 3 10783 1024 0.155443601
16 29 3 10784 1024 0.143671245
17 30 3 10785 1024 0.171736197
18 31 3 10786 1024 0.179012232
19 32 3 10787 1024 0.142186545
20 33 3 10788 1024 0.157563254
21 34 3 10789 1024 0.149179301
22 35 3 10790 1024 0.176093407
23 36 3 10791 1024 0.155412045
24 37 3 10792 1024 0.173966313
25 38 3 10793 1024 0.173201347
26 39 3 10794 1024 0.143812370
27 40 3 10795 1024 0.169500309
28 41 3 10796 1024 0.150747121
29 42 3 10797 1024 0.176712420
30 43 3 10798 1024 0.155386884
31 44 3 10799 1024 0.171027474
32 45 3 10800 1024 0.144141949
33 46 3 10801 1024 0.144927792
34 47 3 10802 1024 0.159346886
35 48 3 10803 1024 0.179945117
36 49 3 10804 1024 0.154482017
37 50 3 10805 1024 0.137429771
38 51 3 10806 1024 0.156929029
39 52 3 10807 1024 0.147256197
40 53 3 10808 1024 0.157595871
41 54 3 10809 1024 0.157171503
42 55 3 10810 1024 0.152767231
43 56 3 10811 1024 0.146088868
44 57 3 10812 1024 0.139432619
45 58 3 10813 1024 0.164874921
46 59 3 10814 1024 0.158589882
47 60 3 10815 1024 0.141678122
48 61 3 10816 1024 0.168777224
49 62 3 10817 1024 0.132182365
50 63 3 10818 1024 0.167235258
51 0 3 10819 1024 0.165261394
52 1 3 10820 1024 0.170570445
53 2 3 10821 1024 0.149303938
54 3 3 10822 1024 0.163184441
55 4 3 10823 1024 0.171037378
56 5 3 10824 1024 0.179040907
57 6 3 10825 1024 0.154766432
58 7 3 10826 1024 0.131850981
59 8 3 10827 1024 0.155114558
60 9 3 10828 1024 0.159509021
61 10 3 10829 1024 0.173485016
62 11 3 10830 1024 0.173709519
63 12 3 10831 1024 0.152015310
0 14 3 10832 1024 0.156297554
1 15 3 10833 1024 0.152846404
2 16 3 10834 1024 0.166122191
3 17 3 10835 1024 0.150498931
4 18 3 10836 1024 0.162739066
5 19 3 10837 1024 0.137718061
6 20 3 10838 1024 0.153474530
7 21 3 10839 1024 0.178460182
8 22 3 10840 1024 0.146928062
9 23 3 10841 1024 0.164635230
10 24 3 10842 1024 0.162491833
11 25 3 10843 1024 0.172588265
12 26 3 10844 1024 0.172617067
13 27 3 10845 1024 0.172967109
14 28 3 10846 1024 0.149000470
15 29 3 10847 1024 0.145833058
16 30 3 10848 1024 0.165935871
17 31 3 10849 1024 0.167970090
18 32 3 10850 1024 0.173619151
19 33 3 10851 1024 0.131794955
20 34 3 10852 1024 0.133421037
21 35 3 10853 1024 0.161558051
22 36 3 10854 1024 0.176046455
23 37 3 10855 1024 0.179871296
24 38 3 10856 1024 0.167338318
25 39 3 10857 1024 0.151698574
26 40 3 10858 1024 0.134922156
27 41 3 10859 1024 0.161687391
28 42 3 10860 1024 0.173628962
29 43 3 10861 1024 0.152183928
30 44 3 10862 1024 0.164700058
31 45 3 10863 1024 0.175171203
32 46 3 10864 1024 0.132299548
33 47 3 10865 1024 0.169807173
34 48 3 10866 1024 0.144668389
35 49 3 10867 1024 0.148742054
36 50 3 10868 1024 0.137278490
37 51 3 10869 1024 0.156558316
38 52 3 10870 1024 0.158296403
39 53 3 10871 1024 0.169625974
40 54 3 10872 1024 0.138499182
41 55 3 10873 1024 0.133948418
42 56 3 10874 1024 0.173541980
43 57 3 10875 1024 0.160985518
44 58 3 10876 1024 0.142041490
45 59 3 10877 1024 0.175641451
46 60 3 10878 1024 0.137155886
47 61 3 10879 1024 0.153057496
48 62 3 10880 1024 0.142698867
49 63 3 10881 1024 0.142766335
50 0 3 10882 1024 0.130469872
51 1 3 10883 1024 0.170231654
52 2 3 10884 1024 0.175060471
53 3 3 10885 1024 0.163880544
54 4 3 10886 1024 0.137898781
55 5 3 10887 1024 0.152086489
56 6 3 10888 1024 0.147278281
57 7 3 10889 1024 0.159378585
58 8 3 10890 1024 0.161946935
59 9 3 10891 1024 0.151215447
60 10 3 10892 1024 0.142504911
61 11 3 10893 1024 0.172265196
62 12 3 10894 1024 0.139960850
63 13 3 10895 1024 0.149234662
0 15 3 10896 1024 0.154160403
1 16 3 10897 1024 0.141860285
2 17 3 10898 1024 0.158596135
3 18 3 10899 1024 0.158740597
4 19 3 10900 1024 0.179634602
5 20 3 10901 1024 0.144761538
6 21 3 10902 1024 0.178897224
7 22 3 10903 1024 0.162911491
8 23 3 10904 1024 0.143724019
9 24 3 10905 1024 0.158296451
10 25 3 10906 1024 0.164289975
11 26 3 10907 1024 0.167233442
12 27 3 10908 1024 0.132452213
13 28 3 10909 1024 0.160320325
14 29 3 10910 1024 0.154836364
15 30 3 10911 1024 0.175207765
16 31 3 10912 1024 0.144309708
17 32 3 10913 1024 0.169943006
18 33 3 10914 1024 0.160353250
19 34 3 10915 1024 0.147616048
20 35 3 10916 1024 0.161830894
21 36 3 10917 1024 0.161044558
22 37 3 10918 1024 0.163888223
23 38 3 10919 1024 0.166046419
24 39 3 10920 1024 0.162959077
25 40 3 10921 1024 0.171916856
26 41 3 10922 1024 0.161412405
27 42 3 10923 1024 0.175170185
28 43 3 10924 1024 0.162317030
29 44 3 10925 1024 0.145446644
30 45 3 10926 1024 0.152041160
31 46 3 10927 1024 0.158978690
32 47 3 10928 1024 0.166617988
33 48 3 10929 1024 0.134506669
34 49 3 10930 1024 0.144755523
35 50 3 10931 1024 0.167374043
36 51 3 10932 1024 0.138782004
37 52 3 10933 1024 0.136607990
38 53 3 10934 1024 0.156970388
39 54 3 10935 1024 0.178574479
40 55 3 10936 1024 0.156542619
41 56 3 10937 1024 0.175674349
42 57 3 10938 1024 0.171523631
43 58 3 10939 1024 0.142848504
44 59 3 10940 1024 0.171234491
45 60 3 10941 1024 0.154092391
46 61 3 10942 1024 0.170324425
47 62 3 10943 1024 0.167327968
48 63 3 10944 1024 0.146935763
49 0 3 10945 1024 0.135758485
50 1 3 10946 1024 0.178144665
51 2 3 10947 1024 0.137037851
52 3 3 10948 1024 0.178325010
53 4 3 10949 1024 0.173007030
54 5 3 10950 1024 0.166210836
55 6 3 10951 1024 0.178997112
56 7 3 10952 1024 0.178363487
57 8 3 10953 1024 0.170229382
58 9 3 10954 1024 0.148288752
59 10 3 10955 1024 0.169534098
60 11 3 10956 1024 0.130695933
61 12 3 10957 1024 0.156828615
62 13 3 10958 1024 0.152739301
63 14 3 10959 1024 0.163641419
0 16 3 10960 1024 0.163617040
1 17 3 10961 1024 0.159228005
2 18 3 10962 1024 0.171120865
3 19 3 10963 1024 0.177014595
4 20 3 10964 1024 0.135417305
5 21 3 10965 1024 0.141691095
6 22 3 10966 1024 0.131251232
7 23 3 10967 1024 0.174211742
8 24 3 10968 1024 0.158070369
9 25 3 10969 1024 0.175762795
10 26 3 10970 1024 0.141068360
11 27 3 10971 1024 0.133160852
12 28 3 10972 1024 0.171192768
13 29 3 10973 1024 0.175469382
14 30 3 10974 1024 0.145109509
15 31 3 10975 1024 0.150414793
16 32 3 10976 1024 0.136988851
17 33 3 10977 1024 0.177313077
18 34 3 10978 1024 0.145218229
19 35 3 10979 1024 0.154631231
20 36 3 10980 1024 0.134859600
21 37 3 10981 1024 0.174362965
22 38 3 10982 1024 0.136783202
23 39 3 10983 1024 0.152682188
24 40 3 10984 1024 0.163524311
25 41 3 10985 1024 0.167157006
26 42 3 10986 1024 0.177298704
27 43 3 10987 1024 0.150956338
28 44 3 10988 1024 0.167113451
29 45 3 10989 1024 0.137726145
30 46 3 10990 1024 0.150744226
31 47 3 10991 1024 0.134951082
32 48 3 10992 1024 0.154467352
33 49 3 10993 1024 0.150405794
34 50 3 10994 1024 0.177576076
35 51 3 10995 1024 0.131635814
36 52 3 10996 1024 0.148526498
37 53 3 10997 1024 0.152169154
38 54 3 10998 1024 0.177527758
39 55 3 10999 1024 0.172772510
40 56 3 11000 1024 0.134967731
41 57 3 11001 1024 0.164284013
42 58 3 11002 1024 0.157223293
43 59 3 11003 1024 0.178892126
44 60 3 11004 1024 0.147933692
45 61 3 11005 1024 0.149906982
46 62 3 11006 1024 0.139490428
47 63 3 11007 1024 0.136107986
48 0 3 11008 1024 0.172401659
49 1 3 11009 1024 0.152735868
50 2 3 11010 1024 0.163138437
51 3 3 11011 1024 0.162085223
52 4 3 11012 1024 0.159857298
53 5 3 11013 1024 0.131067873
54 6 3 11014 1024 0.169339730
55 7 3 11015 1024 0.142178445
56 8 3 11016 1024 0.136296194
57 9 3 11017 1024 0.158228899
58 10 3 11018 1024 0.133430508
59 11 3 11019 1024 0.168257869
60 12 3 11020 1024 0.140357869
61 13 3 11021 1024 0.140797568
62 14 3 11022 1024 0.173484771
63 15 3 11023 1024 0.146427978
0 17 3 11024 1024 0.137377709
1 18 3 11025 1024 0.175026552
2 19 3 11026 1024 0.130141778
3 20 3 11027 1024 0.172920306
4 21 3 11028 1024 0.137234399
5 22 3 11029 1024 0.136499607
6 23 3 11030 1024 0.142532710
7 24 3 11031 1024 0.138724856
8 25 3 11032 1024 0.163052882
9 26 3 11033 1024 0.131289007
10 27 3 11034 1024 0.130743016
11 28 3 11035 1024 0.169499233
12 29 3 11036 1024 0.141896580
13 30 3 11037 1024 0.146188573
14 31 3 11038 1024 0.138712310
15 32 3 11039 1024 0.132619951
16 33 3 11040 1024 0.167085903
17 34 3 11041 1024 0.156304276
18 35 3 11042 1024 0.167283264
19 36 3 11043 1024 0.153812298
20 37 3 11044 1024 0.168900852
21 38 3 11045 1024 0.155661898
22 39 3 11046 1024 0.135452701
23 40 3 11047 1024 0.155191934
24 41 3 11048 1024 0.177270782
25 42 3 11049 1024 0.132168252
26 43 3 11050 1024 0.169161350
27 44 3 11051 1024 0.173349045
28 45 3 11052 1024 0.156072561
29 46 3 11053 1024 0.152902126
30 47 3 11054 1024 0.178201309
31 48 3 11055 1024 0.133041270
32 49 3 11056 1024 0.153949096
33 50 3 11057 1024 0.150080863
34 51 3 11058 1024 0.164304875
35 52 3 11059 1024 0.154513443
36 53 3 11060 1024 0.175485041
37 54 3 11061 1024 0.133674536
38 55 3 11062 1024 0.134039524
39 56 3 11063 1024 0.160414871
40 57 3 11064 1024 0.133284112
41 58 3 11065 1024 0.143750800
42 59 3 11066 1024 0.161653836
43 60 3 11067 1024 0.157417822
44 61 3 11068 1024 0.146259272
45 62 3 11069 1024 0.179731388
46 63 3 11070 1024 0.156527842
47 0 3 11071 1024 0.152685771
48 1 3 11072 1024 0.160271340
49 2 3 11073 1024 0.134958923
50 3 3 11074 1024 0.165088971
51 4 3 11075 1024 0.172639637
52 5 3 11076 1024 0.162545833
53 6 3 11077 1024 0.168448137
54 7 3 11078 1024 0.166041996
55 8 3 11079 1024 0.140751153
56 9 3 11080 1024 0.152577746
57 10 3 11081 1024 0.141424679
58 11 3 11082 1024 0.146946581
59 12 3 11083 1024 0.152674945
60 13 3 11084 1024 0.150799483
61 14 3 11085 1024 0.134754292
62 15 3 11086 1024 0.151338200
63 16 3 11087 1024 0.163255393
0 18 3 11088 1024 0.148715051
1 19 3 11089 1024 0.137631946
2 20 3 11090 1024 0.176149252
3 21 3 11091 1024 0.133356665
4 22 3 11092 1024 0.171588594
5 23 3 11093 1024 0.134661505
6 24 3 11094 1024 0.134828222
7 25 3 11095 1024 0.166939800
8 26 3 11096 1024 0.170588464
9 27 3 11097 1024 0.157818537
10 28 3 11098 1024 0.159323254
11 29 3 11099 1024 0.158079321
12 30 3 11100 1024 0.146482299
13 31 3 11101 1024 0.136111564
14 32 3 11102 1024 0.147679904
15 33 3 11103 1024 0.163267026
16 34 3 11104 1024 0.167514213
17 35 3 11105 1024 0.173404607
18 36 3 11106 1024 0.166053034
19 37 3 11107 1024 0.178419931
20 38 3 11108 1024 0.160020505
21 39 3 11109 1024 0.147582309
22 40 3 11110 1024 0.158895926
23 41 3 11111 1024 0.140636940
24 42 3 11112 1024 0.162836815
25 43 3 11113 1024 0.141212243
26 44 3 11114 1024 0.135410919
27 45 3 11115 1024 0.172268671
28 46 3 11116 1024 0.148378053
29 47 3 11117 1024 0.168130282
30 48 3 11118 1024 0.158705000
31 49 3 11119 1024 0.170361069
32 50 3 11120 1024 0.172257758
33 51 3 11121 1024 0.178727330
34 52 3 11122 1024 0.170921343
35 53 3 11123 1024 0.160678664
36 54 3 11124 1024 0.162134958
37 55 3 11125 1024 0.131312692
38 56 3 11126 1024 0.176454215
39 57 3 11127 1024 0.171473039
40 58 3 11128 1024 0.143372386
41 59 3 11129 1024 0.139020804
42 60 3 11130 1024 0.165134939
43 61 3 11131 1024 0.145449234
44 62 3 11132 1024 0.146991233
45 63 3 11133 1024 0.130305289
46 0 3 11134 1024 0.173493135
47 1 3 11135 1024 0.158316055
48 2 3 11136 1024 0.150039217
49 3 3 11137 1024 0.137093733
50 4 3 11138 1024 0.161658601
51 5 3 11139 1024 0.131532855
52 6 3 11140 1024 0.167305588
53 7 3 11141 1024 0.140756644
54 8 3 11142 1024 0.150991625
55 9 3 11143 1024 0.147044799
56 10 3 11144 1024 0.148502655
57 11 3 11145 1024 0.166079798
58 12 3 11146 1024 0.168841781
59 13 3 11147 1024 0.158379678
60 14 3 11148 1024 0.134247852
61 15 3 11149 1024 0.132630441
62 16 3 11150 1024 0.137870495
63 17 3 11151 1024 0.160891909
0 19 3 11152 1024 0.163698436
1 20 3 11153 1024 0.143605142
2 21 3 11154 1024 0.163096935
3 22 3 11155 1024 0.154283085
4 23 3 11156 1024 0.152102209
5 24 3 11157 1024 0.143658342
6 25 3 11158 1024 0.167747157
7 26 3 11159 1024 0.135690875
8 27 3 11160 1024 0.151495682
9 28 3 11161 1024 0.144162324
10 29 3 11162 1024 0.163924313
11 30 3 11163 1024 0.154331638
12 31 3 11164 1024 0.163356628
13 32 3 11165 1024 0.132270868
14 33 3 11166 1024 0.149763170
15 34 3 11167 1024 0.159966248
16 35 3 11168 1024 0.130384354
17 36 3 11169 1024 0.145070968
18 37 3 11170 1024 0.140561699
19 38 3 11171 1024 0.136861740
20 39 3 11172 1024 0.142775975
21 40 3 11173 1024 0.146406118
22 41 3 11174 1024 0.130386495
23 42 3 11175 1024 0.167350706
24 43 3 11176 1024 0.138784740
25 44 3 11177 1024 0.149010372
26 45 3 11178 1024 0.165183563
27 46 3 11179 1024 0.155013117
28 47 3 11180 1024 0.171667710
29 48 3 11181 1024 0.170310009
30 49 3 11182 1024 0.133603775
31 50 3 11183 1024 0.173088218
32 51 3 11184 1024 0.132115113
33 52 3 11185 1024 0.130937077
34 53 3 11186 1024 0.176058122
35 54 3 11187 1024 0.173105501
36 55 3 11188 1024 0.158787958
37 56 3 11189 1024 0.158669984
38 57 3 11190 1024 0.165474948
39 58 3 11191 1024 0.150884698
40 59 3 11192 1024 0.135758669
41 60 3 11193 1024 0.131042828
42 61 3 11194 1024 0.146238409
43 62 3 11195 1024 0.170066108
44 63 3 11196 1024 0.160906263
45 0 3 11197 1024 0.171601296
46 1 3 11198 1024 0.175988488
47 2 3 11199 1024 0.134406494
48 3 3 11200 1024 0.172224218
49 4 3 11201 1024 0.142165824
50 5 3 11202 1024 0.159443564
51 6 3 11203 1024 0.156198127
52 7 3 11204 1024 0.149788335
53 8 3 11205 1024 0.145513728
54 9 3 11206 1024 0.146975664
55 10 3 11207 1024 0.146653431
56 11 3 11208 1024 0.138406635
57 12 3 11209 1024 0.155524164
58 13 3 11210 1024 0.135701332
59 14 3 11211 1024 0.155497603
60 15 3 11212 1024 0.175296137
61 16 3 11213 1024 0.147468763
62 17 3 11214 1024 0.166368955
63 18 3 11215 1024 0.170947430
0 20 3 11216 1024 0.170751850
1 21 3 11217 1024 0.141813442
2 22 3 11218 1024 0.137322211
3 23 3 11219 1024 0.139863590
4 24 3 11220 1024 0.160119949
5 25 3 11221 1024 0.168010765
6 26 3 11222 1024 0.162775451
7 27 3 11223 1024 0.138857306
8 28 3 11224 1024 0.168642404
9 29 3 11225 1024 0.154705851
10 30 3 11226 1024 0.167722291
11 31 3 11227 1024 0.167993857
12 32 3 11228 1024 0.152445263
13 33 3 11229 1024 0.176207713
14 34 3 11230 1024 0.158224589
15 35 3 11231 1024 0.161764916
16 36 3 11232 1024 0.161226089
17 37 3 11233 1024 0.173212344
18 38 3 11234 1024 0.161360870
19 39 3 11235 1024 0.137547870
20 40 3 11236 1024 0.133414313
21 41 3 11237 1024 0.152110403
22 42 3 11238 1024 0.145141022
23 43 3 11239 1024 0.143733683
24 44 3 11240 1024 0.132808606
25 45 3 11241 1024 0.155366844
26 46 3 11242 1024 0.145520393
27 47 3 11243 1024 0.152595693
28 48 3 11244 1024 0.132844503
29 49 3 11245 1024 0.171584832
30 50 3 11246 1024 0.133836550
31 51 3 11247 1024 0.173212502
32 52 3 11248 1024 0.172764669
33 53 3 11249 1024 0.160750419
34 54 3 11250 1024 0.155353391
35 55 3 11251 1024 0.153135583
36 56 3 11252 1024 0.157715819
37 57 3 11253 1024 0.169590890
38 58 3 11254 1024 0.174793838
39 59 3 11255 1024 0.152486685
40 60 3 11256 1024 0.170490796
41 61 3 11257 1024 0.162591873
42 62 3 11258 1024 0.146076338
43 63 3 11259 1024 0.153781451
44 0 3 11260 1024 0.137543054
45 1 3 11261 1024 0.133093685
46 2 3 11262 1024 0.135175094
47 3 3 11263 1024 0.174956342
48 4 3 11264 1024 0.147171889
49 5 3 11265 1024 0.165715777
50 6 3 11266 1024 0.155227450
51 7 3 11267 1024 0.138627946
52 8 3 11268 1024 0.142387186
53 9 3 11269 1024 0.151887914
54 10 3 11270 1024 0.151971090
55 11 3 11271 1024 0.156137402
56 12 3 11272 1024 0.137937310
57 13 3 11273 1024 0.148642599
58 14 3 11274 1024 0.144144679
59 15 3 11275 1024 0.150438470
60 16 3 11276 1024 0.146918357
61 17 3 11277 1024 0.159894293
62 18 3 11278 1024 0.169461347
63 19 3 11279 1024 0.162365268
0 21 3 11280 1024 0.133295593
1 22 3 11281 1024 0.134725297
2 23 3 11282 1024 0.163918967
3 24 3 11283 1024 0.144207349
4 25 3 11284 1024 0.166186683
5 26 3 11285 1024 0.162828204
6 27 3 11286 1024 0.175317135
7 28 3 11287 1024 0.173663983
8 29 3 11288 1024 0.146668102
9 30 3 11289 1024 0.159136976
10 31 3 11290 1024 0.137071419
11 32 3 11291 1024 0.147491039
12 33 3 11292 1024 0.178384825
13 34 3 11293 1024 0.164923998
14 35 3 11294 1024 0.149597899
15 36 3 11295 1024 0.159752061
16 37 3 11296 1024 0.176900110
17 38 3 11297 1024 0.145479094
18 39 3 11298 1024 0.148833965
19 40 3 11299 1024 0.169583098
20 41 3 11300 1024 0.170659239
21 42 3 11301 1024 0.163505820
22 43 3 11302 1024 0.171447949
23 44 3 11303 1024 0.166938734
24 45 3 11304 1024 0.164270722
25 46 3 11305 1024 0.156319667
26 47 3 11306 1024 0.162301241
27 48 3 11307 1024 0.151170318
28 49 3 11308 1024 0.148091405
29 50 3 11309 1024 0.148129883
30 51 3 11310 1024 0.139013146
31 52 3 11311 1024 0.140709633
32 53 3 11312 1024 0.177383413
33 54 3 11313 1024 0.154313546
34 55 3 11314 1024 0.141327152
35 56 3 11315 1024 0.136878268
36 57 3 11316 1024 0.133858254
37 58 3 11317 1024 0.172221419
38 59 3 11318 1024 0.135057038
39 60 3 11319 1024 0.168543736
40 61 3 11320 1024 0.171755991
41 62 3 11321 1024 0.174184108
42 63 3 11322 1024 0.131887375
43 0 3 11323 1024 0.146838219
44 1 3 11324 1024 0.168315380
45 2 3 11325 1024 0.136552452
46 3 3 11326 1024 0.148835994
47 4 3 11327 1024 0.138112361
48 5 3 11328 1024 0.171567253
49 6 3 11329 1024 0.168554891
50 7 3 11330 1024 0.170452186
51 8 3 11331 1024 0.138276958
52 9 3 11332 1024 0.151883670
53 10 3 11333 1024 0.150542931
54 11 3 11334 1024 0.163818146
55 12 3 11335 1024 0.141876510
56 13 3 11336 1024 0.152209935
57 14 3 11337 1024 0.144246397
58 15 3 11338 1024 0.167426826
59 16 3 11339 1024 0.152446398
60 17 3 11340 1024 0.156700557
61 18 3 11341 1024 0.145473395
62 19 3 11342 1024 0.170431194
63 20 3 11343 1024 0.153450780
0 22 3 11344 1024 0.171755670
1 23 3 11345 1024 0.148392048
2 24 3 11346 1024 0.177356509
3 25 3 11347 1024 0.179221990
4 26 3 11348 1024 0.153083999
5 27 3 11349 1024 0.144088587
6 28 3 11350 1024 0.149093622
7 29 3 11351 1024 0.156372989
8 30 3 11352 1024 0.178313408
9 31 3 11353 1024 0.170844562
10 32 3 11354 1024 0.170062961
11 33 3 11355 1024 0.136919927
12 34 3 11356 1024 0.142500161
13 35 3 11357 1024 0.162058952
14 36 3 11358 1024 0.173705847
15 37 3 11359 1024 0.157727037
16 38 3 11360 1024 0.135129487
17 39 3 11361 1024 0.172294614
18 40 3 11362 1024 0.172558302
19 41 3 11363 1024 0.144253151
20 42 3 11364 1024 0.168155842
21 43 3 11365 1024 0.143639565
22 44 3 11366 1024 0.175265310
23 45 3 11367 1024 0.137367433
24 46 3 11368 1024 0.151873628
25 47 3 11369 1024 0.177320663
26 48 3 11370 1024 0.141101900
27 49 3 11371 1024 0.152556400
28 50 3 11372 1024 0.147479254
29 51 3 11373 1024 0.131333510
30 52 3 11374 1024 0.132662844
31 53 3 11375 1024 0.155100356
32 54 3 11376 1024 0.141788904
33 55 3 11377 1024 0.179726268
34 56 3 11378 1024 0.148745634
35 57 3 11379 1024 0.131409377
36 58 3 11380 1024 0.176541295
37 59 3 11381 1024 0.171958814
38 60 3 11382 1024 0.162498034
39 61 3 11383 1024 0.169569032
40 62 3 11384 1024 0.136879979
41 63 3 11385 1024 0.144343970
42 0 3 11386 1024 0.171488079
43 1 3 11387 1024 0.164803599
44 2 3 11388 1024 0.136939635
45 3 3 11389 1024 0.165276809
46 4 3 11390 1024 0.152430074
47 5 3 11391 1024 0.130262560
48 6 3 11392 1024 0.133961289
49 7 3 11393 1024 0.142796196
50 8 3 11394 1024 0.171748155
51 9 3 11395 1024 0.157440212
52 10 3 11396 1024 0.166361739
53 11 3 11397 1024 0.156388575
54 12 3 11398 1024 0.135559343
55 13 3 11399 1024 0.144405079
56 14 3 11400 1024 0.145057560
57 15 3 11401 1024 0.132387472
58 16 3 11402 1024 0.150991277
59 17 3 11403 1024 0.169694955
60 18 3 11404 1024 0.152855681
61 19 3 11405 1024 0.135542895
62 20 3 11406 1024 0.175257344
63 21 3 11407 1024 0.159836952
0 23 3 11408 1024 0.130821768
1 24 3 11409 1024 0.155768787
2 25 3 11410 1024 0.142096907
3 26 3 11411 1024 0.137178842
4 27 3 11412 1024 0.151461945
5 28 3 11413 1024 0.160740479
6 29 3 11414 1024 0.142028212
7 30 3 11415 1024 0.150828380
8 31 3 11416 1024 0.163218565
9 32 3 11417 1024 0.134280698
10 33 3 11418 1024 0.178732725
11 34 3 11419 1024 0.133383966
12 35 3 11420 1024 0.156302972
13 36 3 11421 1024 0.155366385
14 37 3 11422 1024 0.179416574
15 38 3 11423 1024 0.157707598
16 39 3 11424 1024 0.149522687
17 40 3 11425 1024 0.153506754
18 41 3 11426 1024 0.161783540
19 42 3 11427 1024 0.179051971
20 43 3 11428 1024 0.142682513
21 44 3 11429 1024 0.130812112
22 45 3 11430 1024 0.169426001
23 46 3 11431 1024 0.147240125
24 47 3 11432 1024 0.166647051
25 48 3 11433 1024 0.161412848
26 49 3 11434 1024 0.168575069
27 50 3 11435 1024 0.166759349
28 51 3 11436 1024 0.146625930
29 52 3 11437 1024 0.132216784
30 53 3 11438 1024 0.157300687
31 54 3 11439 1024 0.170675443
32 55 3 11440 1024 0.138754456
33 56 3 11441 1024 0.168957130
34 57 3 11442 1024 0.153231145
35 58 3 11443 1024 0.164769463
36 59 3 11444 1024 0.161586792
37 60 3 11445 1024 0.170574884
38 61 3 11446 1024 0.133155027
39 62 3 11447 1024 0.168809520
40 63 3 11448 1024 0.152883979
41 0 3 11449 1024 0.144672129
42 1 3 11450 1024 0.132190314
43 2 3 11451 1024 0.139973492
44 3 3 11452 1024 0.132095297
45 4 3 11453 1024 0.176668549
46 5 3 11454 1024 0.155769179
47 6 3 11455 1024 0.179456135
48 7 3 11456 1024 0.157151535
49 8 3 11457 1024 0.142665688
50 9 3 11458 1024 0.167664546
51 10 3 11459 1024 0.139555172
52 11 3 11460 1024 0.147848709
53 12 3 11461 1024 0.169042078
54 13 3 11462 1024 0.173289914
55 14 3 11463 1024 0.146596234
56 15 3 11464 1024 0.136223750
57 16 3 11465 1024 0.148400959
58 17 3 11466 1024 0.174474326
59 18 3 11467 1024 0.167165385
60 19 3 11468 1024 0.174731875
61 20 3 11469 1024 0.149332238
62 21 3 11470 1024 0.178686179
63 22 3 11471 1024 0.154810161
0 24 3 11472 1024 0.154876170
1 25 3 11473 1024 0.176215523
2 26 3 11474 1024 0.155963793
3 27 3 11475 1024 0.170057404
4 28 3 11476 1024 0.166354066
5 29 3 11477 1024 0.133946350
6 30 3 11478 1024 0.160122665
7 31 3 11479 1024 0.171117064
8 32 3 11480 1024 0.157273720
9 33 3 11481 1024 0.146060571
10 34 3 11482 1024 0.134003446
11 35 3 11483 1024 0.163045961
12 36 3 11484 1024 0.145324793
13 37 3 11485 1024 0.160131081
14 38 3 11486 1024 0.151305804
15 39 3 11487 1024 0.164488240
16 40 3 11488 1024 0.147577349
17 41 3 11489 1024 0.132117758
18 42 3 11490 1024 0.173501859
19 43 3 11491 1024 0.147627966
20 44 3 11492 1024 0.179907530
21 45 3 11493 1024 0.143727768
22 46 3 11494 1024 0.179001364
23 47 3 11495 1024 0.177395219
24 48 3 11496 1024 0.133752058
25 49 3 11497 1024 0.161875627
26 50 3 11498 1024 0.148165557
27 51 3 11499 1024 0.170054799
28 52 3 11500 1024 0.163970530
29 53 3 11501 1024 0.177639470
30 54 3 11502 1024 0.137138973
31 55 3 11503 1024 0.160378645
32 56 3 11504 1024 0.169065598
33 57 3 11505 1024 0.131739948
34 58 3 11506 1024 0.133361668
35 59 3 11507 1024 0.168925769
36 60 3 11508 1024 0.148316424
37 61 3 11509 1024 0.149142720
38 62 3 11510 1024 0.158362232
39 63 3 11511 1024 0.160254741
40 0 3 11512 1024 0.163953103
41 1 3 11513 1024 0.177441176
42 2 3 11514 1024 0.148600669
43 3 3 11515 1024 0.168154224
44 4 3 11516 1024 0.158696089
45 5 3 11517 1024 0.156472994
46 6 3 11518 1024 0.149901702
47 7 3 11519 1024 0.162478037
48 8 3 11520 1024 0.142480583
49 9 3 11521 1024 0.135672431
50 10 3 11522 1024 0.166783743
51 11 3 11523 1024 0.154952198
52 12 3 11524 1024 0.149349369
53 13 3 11525 1024 0.158083636
54 14 3 11526 1024 0.143088834
55 15 3 11527 1024 0.143014489
56 16 3 11528 1024 0.152313656
57 17 3 11529 1024 0.179818256
58 18 3 11530 1024 0.144278844
59 19 3 11531 1024 0.175823945
60 20 3 11532 1024 0.154560010
61 21 3 11533 1024 0.136131871
62 22 3 11534 1024 0.172641315
63 23 3 11535 1024 0.152602134
0 25 3 11536 1024 0.174933952
1 26 3 11537 1024 0.152255560
2 27 3 11538 1024 0.134389537
3 28 3 11539 1024 0.164096463
4 29 3 11540 1024 0.172276061
5 30 3 11541 1024 0.145979389
6 31 3 11542 1024 0.147371265
7 32 3 11543 1024 0.133246954
8 33 3 11544 1024 0.157108568
9 34 3 11545 1024 0.174566584
10 35 3 11546 1024 0.172568103
11 36 3 11547 1024 0.165590455
12 37 3 11548 1024 0.176366223
13 38 3 11549 1024 0.161885001
14 39 3 11550 1024 0.169684819
15 40 3 11551 1024 0.155437787
16 41 3 11552 1024 0.136068123
17 42 3 11553 1024 0.140049019
18 43 3 11554 1024 0.136943844
19 44 3 11555 1024 0.169518653
20 45 3 11556 1024 0.131314201
21 46 3 11557 1024 0.157701072
22 47 3 11558 1024 0.148445558
23 48 3 11559 1024 0.170183086
24 49 3 11560 1024 0.157582347
25 50 3 11561 1024 0.160597418
26 51 3 11562 1024 0.134310774
27 52 3 11563 1024 0.145464536
28 53 3 11564 1024 0.179979752
29 54 3 11565 1024 0.165943483
30 55 3 11566 1024 0.156284783
31 56 3 11567 1024 0.168458228
32 57 3 11568 1024 0.171166970
33 58 3 11569 1024 0.133687536
34 59 3 11570 1024 0.178618987
35 60 3 11571 1024 0.162116929
36 61 3 11572 1024 0.152498725
37 62 3 11573 1024 0.164005450
38 63 3 11574 1024 0.147225739
39 0 3 11575 1024 0.173898008
40 1 3 11576 1024 0.169013146
41 2 3 11577 1024 0.161989696
42 3 3 11578 1024 0.139098157
43 4 3 11579 1024 0.178313231
44 5 3 11580 1024 0.151630914
45 6 3 11581 1024 0.175535614
46 7 3 11582 1024 0.132770643
47 8 3 11583 1024 0.136208056
48 9 3 11584 1024 0.137650773
49 10 3 11585 1024 0.138232854
50 11 3 11586 1024 0.146133038
51 12 3 11587 1024 0.165466607
52 13 3 11588 1024 0.147301154
53 14 3 11589 1024 0.177045203
54 15 3 11590 1024 0.174746296
55 16 3 11591 1024 0.172296685
56 17 3 11592 1024 0.142530265
57 18 3 11593 1024 0.161752855
58 19 3 11594 1024 0.157542071
59 20 3 11595 1024 0.136258515
60 21 3 11596 1024 0.145141230
61 22 3 11597 1024 0.156673901
62 23 3 11598 1024 0.155128657
63 24 3 11599 1024 0.138431795
0 26 3 11600 1024 0.177080349
1 27 3 11601 1024 0.137709713
2 28 3 11602 1024 0.162936644
3 29 3 11603 1024 0.166031638
4 30 3 11604 1024 0.160256945
5 31 3 11605 1024 0.172126500
6 32 3 11606 1024 0.158180902
7 33 3 11607 1024 0.171261813
8 34 3 11608 1024 0.131418674
9 35 3 11609 1024 0.132273090
10 36 3 11610 1024 0.162072687
11 37 3 11611 1024 0.158838562
12 38 3 11612 1024 0.162556499
13 39 3 11613 1024 0.168347950
14 40 3 11614 1024 0.150829339
15 41 3 11615 1024 0.161949560
16 42 3 11616 1024 0.154901903
17 43 3 11617 1024 0.161358201
18 44 3 11618 1024 0.144483583
19 45 3 11619 1024 0.177832508
20 46 3 11620 1024 0.154147241
21 47 3 11621 1024 0.170234408
22 48 3 11622 1024 0.164249542
23 49 3 11623 1024 0.144871694
24 50 3 11624 1024 0.133648651
25 51 3 11625 1024 0.132995652
26 52 3 11626 1024 0.151980275
27 53 3 11627 1024 0.154212557
28 54 3 11628 1024 0.140201151
29 55 3 11629 1024 0.160333013
30 56 3 11630 1024 0.145629125
31 57 3 11631 1024 0.165918144
32 58 3 11632 1024 0.166709988
33 59 3 11633 1024 0.173038868
34 60 3 11634 1024 0.178768706
35 61 3 11635 1024 0.136538308
36 62 3 11636 1024 0.148527010
37 63 3 11637 1024 0.158082561
38 0 3 11638 1024 0.145955794
39 1 3 11639 1024 0.153323628
40 2 3 11640 1024 0.143373584
41 3 3 11641 1024 0.142395944
42 4 3 11642 1024 0.134840583
43 5 3 11643 1024 0.144510600
44 6 3 11644 1024 0.149207492
45 7 3 11645 1024 0.160768872
46 8 3 11646 1024 0.142413514
47 9 3 11647 1024 0.173265375
48 10 3 11648 1024 0.137984983
49 11 3 11649 1024 0.146371791
50 12 3 11650 1024 0.158884352
51 13 3 11651 1024 0.145635746
52 14 3 11652 1024 0.168156069
53 15 3 11653 1024 0.154913277
54 16 3 11654 1024 0.155736242
55 17 3 11655 1024 0.154937985
56 18 3 11656 1024 0.145427024
57 19 3 11657 1024 0.131158815
58 20 3 11658 1024 0.177261640
59 21 3 11659 1024 0.155272223
60 22 3 11660 1024 0.178334332
61 23 3 11661 1024 0.140757221
62 24 3 11662 1024 0.147644754
63 25 3 11663 1024 0.132527020
0 27 3 11664 1024 0.154744710
1 28 3 11665 1024 0.174116974
2 29 3 11666 1024 0.162713002
3 30 3 11667 1024 0.153529343
4 31 3 11668 1024 0.156834537
5 32 3 11669 1024 0.172358618
6 33 3 11670 1024 0.151546388
7 34 3 11671 1024 0.174122787
8 35 3 11672 1024 0.166375403
9 36 3 11673 1024 0.168192838
10 37 3 11674 1024 0.148296868
11 38 3 11675 1024 0.150029081
12 39 3 11676 1024 0.158514082
13 40 3 11677 1024 0.139732765
14 41 3 11678 1024 0.157661146
15 42 3 11679 1024 0.133676587
16 43 3 11680 1024 0.155212776
17 44 3 11681 1024 0.168220206
18 45 3 11682 1024 0.143986034
19 46 3 11683 1024 0.179454535
20 47 3 11684 1024 0.164019932
21 48 3 11685 1024 0.135940551
22 49 3 11686 1024 0.178754141
23 50 3 11687 1024 0.149695186
24 51 3 11688 1024 0.169744861
25 52 3 11689 1024 0.146954265
26 53 3 11690 1024 0.176947428
27 54 3 11691 1024 0.167748259
28 55 3 11692 1024 0.139952894
29 56 3 11693 1024 0.155456126
30 57 3 11694 1024 0.155003895
31 58 3 11695 1024 0.132265168
32 59 3 11696 1024 0.136851819
33 60 3 11697 1024 0.146652035
34 61 3 11698 1024 0.153687208
35 62 3 11699 1024 0.152849428
36 63 3 11700 1024 0.160313026
37 0 3 11701 1024 0.155775287
38 1 3 11702 1024 0.146398292
39 2 3 11703 1024 0.160653406
40 3 3 11704 1024 0.138125102
41 4 3 11705 1024 0.179530787
42 5 3 11706 1024 0.166965968
43 6 3 11707 1024 0.144961717
44 7 3 11708 1024 0.146818673
45 8 3 11709 1024 0.171414469
46 9 3 11710 1024 0.156616991
47 10 3 11711 1024 0.165436990
48 11 3 11712 1024 0.144989528
49 12 3 11713 1024 0.170787442
50 13 3 11714 1024 0.148417890
51 14 3 11715 1024 0.163690320
52 15 3 11716 1024 0.178994902
53 16 3 11717 1024 0.159185107
54 17 3 11718 1024 0.169837741
55 18 3 11719 1024 0.166266211
56 19 3 11720 1024 0.164402183
57 20 3 11721 1024 0.131332358
58 21 3 11722 1024 0.153729511
59 22 3 11723 1024 0.178353535
60 23 3 11724 1024 0.169145200
61 24 3 11725 1024 0.168808101
62 25 3 11726 1024 0.158881720
63 26 3 11727 1024 0.166070006
0 28 3 11728 1024 0.159176164
1 29 3 11729 1024 0.138525603
2 30 3 11730 1024 0.161451262
3 31 3 11731 1024 0.160986790
4 32 3 11732 1024 0.172058356
5 33 3 11733 1024 0.137388785
6 34 3 11734 1024 0.164036345
7 35 3 11735 1024 0.131578526
8 36 3 11736 1024 0.177410259
9 37 3 11737 1024 0.135494776
10 38 3 11738 1024 0.130946868
11 39 3 11739 1024 0.145684624
12 40 3 11740 1024 0.137571563
13 41 3 11741 1024 0.164525013
14 42 3 11742 1024 0.150518870
15 43 3 11743 1024 0.168748615
16 44 3 11744 1024 0.176026047
17 45 3 11745 1024 0.173640885
18 46 3 11746 1024 0.166791864
19 47 3 11747 1024 0.133114064
20 48 3 11748 1024 0.136904124
21 49 3 11749 1024 0.140367085
22 50 3 11750 1024 0.146252477
23 51 3 11751 1024 0.163111340
24 52 3 11752 1024 0.156273858
25 53 3 11753 1024 0.145687630
26 54 3 11754 1024 0.138659121
27 55 3 11755 1024 0.175606208
28 56 3 11756 1024 0.147116351
29 57 3 11757 1024 0.147714349
30 58 3 11758 1024 0.168599489
31 59 3 11759 1024 0.166046228
32 60 3 11760 1024 0.162165455
33 61 3 11761 1024 0.164665666
34 62 3 11762 1024 0.160503829
35 63 3 11763 1024 0.139613208
36 0 3 11764 1024 0.142325957
37 1 3 11765 1024 0.157904333
38 2 3 11766 1024 0.141243352
39 3 3 11767 1024 0.178645531
40 4 3 11768 1024 0.144880728
41 5 3 11769 1024 0.144450207
42 6 3 11770 1024 0.140363890
43 7 3 11771 1024 0.165249413
44 8 3 11772 1024 0.145852037
45 9 3 11773 1024 0.147440159
46 10 3 11774 1024 0.176685019
47 11 3 11775 1024 0.169770268
48 12 3 11776 1024 0.143672877
49 13 3 11777 1024 0.136093705
50 14 3 11778 1024 0.163831112
51 15 3 11779 1024 0.148984709
52 16 3 11780 1024 0.179008027
53 17 3 11781 1024 0.170918873
54 18 3 11782 1024 0.177730443
55 19 3 11783 1024 0.170230792
56 20 3 11784 1024 0.144522633
57 21 3 11785 1024 0.144381517
58 22 3 11786 1024 0.165707064
59 23 3 11787 1024 0.147318176
60 24 3 11788 1024 0.152118806
61 25 3 11789 1024 0.142822199
62 26 3 11790 1024 0.153953963
63 27 3 11791 1024 0.140103400
0 29 3 11792 1024 0.156928896
1 30 3 11793 1024 0.176651197
2 31 3 11794 1024 0.164808565
3 32 3 11795 1024 0.136863648
4 33 3 11796 1024 0.160783852
5 34 3 11797 1024 0.159341525
6 35 3 11798 1024 0.142122902
7 36 3 11799 1024 0.163491698
8 37 3 11800 1024 0.156552074
9 38 3 11801 1024 0.161897229
10 39 3 11802 1024 0.132624555
11 40 3 11803 1024 0.150665068
12 41 3 11804 1024 0.165867903
13 42 3 11805 1024 0.135027245
14 43 3 11806 1024 0.168538303
15 44 3 11807 1024 0.130259072
16 45 3 11808 1024 0.157517628
17 46 3 11809 1024 0.176454984
18 47 3 11810 1024 0.150345373
19 48 3 11811 1024 0.176751605
20 49 3 11812 1024 0.173919981
21 50 3 11813 1024 0.153872426
22 51 3 11814 1024 0.139972799
23 52 3 11815 1024 0.178195702
24 53 3 11816 1024 0.146058385
25 54 3 11817 1024 0.162294896
26 55 3 11818 1024 0.175396848
27 56 3 11819 1024 0.134473036
28 57 3 11820 1024 0.158706668
29 58 3 11821 1024 0.156757614
30 59 3 11822 1024 0.166155884
31 60 3 11823 1024 0.176833469
32 61 3 11824 1024 0.175661486
33 62 3 11825 1024 0.138753239
34 63 3 11826 1024 0.174112249
35 0 3 11827 1024 0.138789435
36 1 3 11828 1024 0.175981741
37 2 3 11829 1024 0.179858590
38 3 3 11830 1024 0.149849729
39 4 3 11831 1024 0.154769195
40 5 3 11832 1024 0.176830437
41 6 3 11833 1024 0.178106569
42 7 3 11834 1024 0.176301985
43 8 3 11835 1024 0.173837158
44 9 3 11836 1024 0.130463358
45 10 3 11837 1024 0.158398093
46 11 3 11838 1024 0.135365035
47 12 3 11839 1024 0.179149694
48 13 3 11840 1024 0.144228083
49 14 3 11841 1024 0.179454974
50 15 3 11842 1024 0.157165024
51 16 3 11843 1024 0.154695621
52 17 3 11844 1024 0.176928025
53 18 3 11845 1024 0.172552987
54 19 3 11846 1024 0.153401038
55 20 3 11847 1024 0.139640570
56 21 3 11848 1024 0.135632338
57 22 3 11849 1024 0.138124713
58 23 3 11850 1024 0.152945724
59 24 3 11851 1024 0.142863244
60 25 3 11852 1024 0.139309953
61 26 3 11853 1024 0.166830895
62 27 3 11854 1024 0.169538383
63 28 3 11855 1024 0.158389061
0 30 3 11856 1024 0.167864138
1 31 3 11857 1024 0.138774746
2 32 3 11858 1024 0.172807325
3 33 3 11859 1024 0.174852138
4 34 3 11860 1024 0.171349491
5 35 3 11861 1024 0.155764033
6 36 3 11862 1024 0.134336888
7 37 3 11863 1024 0.163462793
8 38 3 11864 1024 0.139239060
9 39 3 11865 1024 0.137030594
10 40 3 11866 1024 0.146180084
11 41 3 11867 1024 0.142402354
12 42 3 11868 1024 0.143039264
13 43 3 11869 1024 0.141776063
14 44 3 11870 1024 0.167687833
15 45 3 11871 1024 0.177701741
16 46 3 11872 1024 0.145097292
17 47 3 11873 1024 0.166144126
18 48 3 11874 1024 0.130571787
19 49 3 11875 1024 0.162684168
20 50 3 11876 1024 0.164638430
21 51 3 11877 1024 0.133106217
22 52 3 11878 1024 0.135911242
23 53 3 11879 1024 0.145340317
24 54 3 11880 1024 0.150270831
25 55 3 11881 1024 0.155126024
26 56 3 11882 1024 0.174755918
27 57 3 11883 1024 0.165177852
28 58 3 11884 1024 0.145548897
29 59 3 11885 1024 0.135870787
30 60 3 11886 1024 0.175806519
31 61 3 11887 1024 0.144751880
32 62 3 11888 1024 0.160731272
33 63 3 11889 1024 0.140956430
34 0 3 11890 1024 0.136678439
35 1 3 11891 1024 0.137659278
36 2 3 11892 1024 0.167386742
37 3 3 11893 1024 0.160286947
38 4 3 11894 1024 0.150792281
39 5 3 11895 1024 0.157461725
40 6 3 11896 1024 0.153541404
41 7 3 11897 1024 0.156875884
42 8 3 11898 1024 0.163204722
43 9 3 11899 1024 0.140920581
44 10 3 11900 1024 0.142373271
45 11 3 11901 1024 0.167736977
46 12 3 11902 1024 0.173656753
47 13 3 11903 1024 0.134093515
48 14 3 11904 1024 0.152337399
49 15 3 11905 1024 0.165188306
50 16 3 11906 1024 0.133905136
51 17 3 11907 1024 0.158208436
52 18 3 11908 1024 0.133087902
53 19 3 11909 1024 0.157382462
54 20 3 11910 1024 0.155274353
55 21 3 11911 1024 0.158635084
56 22 3 11912 1024 0.137492619
57 23 3 11913 1024 0.146405882
58 24 3 11914 1024 0.156017077
59 25 3 11915 1024 0.135812001
60 26 3 11916 1024 0.140270074
61 27 3 11917 1024 0.159157384
62 28 3 11918 1024 0.134547082
63 29 3 11919 1024 0.155518768
0 31 3 11920 1024 0.170434604
1 32 3 11921 1024 0.152671615
2 33 3 11922 1024 0.155662392
3 34 3 11923 1024 0.152839924
4 35 3 11924 1024 0.132886839
5 36 3 11925 1024 0.153118915
6 37 3 11926 1024 0.170345768
7 38 3 11927 1024 0.166164004
8 39 3 11928 1024 0.149797435
9 40 3 11929 1024 0.170822661
10 41 3 11930 1024 0.167290224
11 42 3 11931 1024 0.158915563
12 43 3 11932 1024 0.132264490
13 44 3 11933 1024 0.147226443
14 45 3 11934 1024 0.133187996
15 46 3 11935 1024 0.179706183
16 47 3 11936 1024 0.176729140
17 48 3 11937 1024 0.133450957
18 49 3 11938 1024 0.176688778
19 50 3 11939 1024 0.131586744
20 51 3 11940 1024 0.150443347
21 52 3 11941 1024 0.168448603
22 53 3 11942 1024 0.168291384
23 54 3 11943 1024 0.178916664
24 55 3 11944 1024 0.162294041
25 56 3 11945 1024 0.151018097
26 57 3 11946 1024 0.179642830
27 58 3 11947 1024 0.149123981
28 59 3 11948 1024 0.173481014
29 60 3 11949 1024 0.175338366
30 61 3 11950 1024 0.148782277
31 62 3 11951 1024 0.164136518
32 63 3 11952 1024 0.163089627
33 0 3 11953 1024 0.156965013
34 1 3 11954 1024 0.162676705
35 2 3 11955 1024 0.147388494
36 3 3 11956 1024 0.138923681
37 4 3 11957 1024 0.156862924
38 5 3 11958 1024 0.156442127
39 6 3 11959 1024 0.166392907
40 7 3 11960 1024 0.141134511
41 8 3 11961 1024 0.130173665
42 9 3 11962 1024 0.131136766
43 10 3 11963 1024 0.144918149
44 11 3 11964 1024 0.163674993
45 12 3 11965 1024 0.157222267
46 13 3 11966 1024 0.156596680
47 14 3 11967 1024 0.171168022
48 15 3 11968 1024 0.142375602
49 16 3 11969 1024 0.147307987
50 17 3 11970 1024 0.143782486
51 18 3 11971 1024 0.176870518
52 19 3 11972 1024 0.166251197
53 20 3 11973 1024 0.135642232
54 21 3 11974 1024 0.170473909
55 22 3 11975 1024 0.150962030
56 23 3 11976 1024 0.168302673
57 24 3 11977 1024 0.174187831
58 25 3 11978 1024 0.130782290
59 26 3 11979 1024 0.140304081
60 27 3 11980 1024 0.135044836
61 28 3 11981 1024 0.131678814
62 29 3 11982 1024 0.159889245
63 30 3 11983 1024 0.165164313
0 32 3 11984 1024 0.132433816
1 33 3 11985 1024 0.167027054
2 34 3 11986 1024 0.150113268
3 35 3 11987 1024 0.141716964
4 36 3 11988 1024 0.140863461
5 37 3 11989 1024 0.173186512
6 38 3 11990 1024 0.132822202
7 39 3 11991 1024 0.155194792
8 40 3 11992 1024 0.144463173
9 41 3 11993 1024 0.170789313
10 42 3 11994 1024 0.166575874
11 43 3 11995 1024 0.145945185
12 44 3 11996 1024 0.159895884
13 45 3 11997 1024 0.163626595
14 46 3 11998 1024 0.146033256
15 47 3 11999 1024 0.145088222
16 48 3 12000 1024 0.137163022
17 49 3 12001 1024 0.163010621
18 50 3 12002 1024 0.141052137
19 51 3 12003 1024 0.145025048
20 52 3 12004 1024 0.133047882
21 53 3 12005 1024 0.177426013
22 54 3 12006 1024 0.173985695
23 55 3 12007 1024 0.175578883
24 56 3 12008 1024 0.161299657
25 57 3 12009 1024 0.151360029
26 58 3 12010 1024 0.154781039
27 59 3 12011 1024 0.178614512
28 60 3 12012 1024 0.177079320
29 61 3 12013 1024 0.163567126
30 62 3 12014 1024 0.169290230
31 63 3 12015 1024 0.145936723
32 0 3 12016 1024 0.150816232
33 1 3 12017 1024 0.137460880
34 2 3 12018 1024 0.148823009
35 3 3 12019 1024 0.167720805
36 4 3 12020 1024 0.153675941
37 5 3 12021 1024 0.172467047
38 6 3 12022 1024 0.145036821
39 7 3 12023 1024 0.165378840
40 8 3 12024 1024 0.170288808
41 9 3 12025 1024 0.175737059
42 10 3 12026 1024 0.158119297
43 11 3 12027 1024 0.178389309
44 12 3 12028 1024 0.157864338
45 13 3 12029 1024 0.136704638
46 14 3 12030 1024 0.142142926
47 15 3 12031 1024 0.140166837
48 16 3 12032 1024 0.162335293
49 17 3 12033 1024 0.176111305
50 18 3 12034 1024 0.172356669
51 19 3 12035 1024 0.134623200
52 20 3 12036 1024 0.166229236
53 21 3 12037 1024 0.139524081
54 22 3 12038 1024 0.143423079
55 23 3 12039 1024 0.163683596
56 24 3 12040 1024 0.160146102
57 25 3 12041 1024 0.173681023
58 26 3 12042 1024 0.139408165
59 27 3 12043 1024 0.168084821
60 28 3 12044 1024 0.166215262
61 29 3 12045 1024 0.157942524
62 30 3 12046 1024 0.153969710
63 31 3 12047 1024 0.173473693
0 33 3 12048 1024 0.146648216
1 34 3 12049 1024 0.177850988
2 35 3 12050 1024 0.130766685
3 36 3 12051 1024 0.176857988
4 37 3 12052 1024 0.178103878
5 38 3 12053 1024 0.135865810
6 39 3 12054 1024 0.179978600
7 40 3 12055 1024 0.153946044
8 41 3 12056 1024 0.142129659
9 42 3 12057 1024 0.160220077
10 43 3 12058 1024 0.140225657
11 44 3 12059 1024 0.175756323
12 45 3 12060 1024 0.157603965
13 46 3 12061 1024 0.168775694
14 47 3 12062 1024 0.149033087
15 48 3 12063 1024 0.156682506
16 49 3 12064 1024 0.147962978
17 50 3 12065 1024 0.143078081
18 51 3 12066 1024 0.155640827
19 52 3 12067 1024 0.154863865
20 53 3 12068 1024 0.134930412
21 54 3 12069 1024 0.179065923
22 55 3 12070 1024 0.153474521
23 56 3 12071 1024 0.171986559
24 57 3 12072 1024 0.175716525
25 58 3 12073 1024 0.148535246
26 59 3 12074 1024 0.150696509
27 60 3 12075 1024 0.158126236
28 61 3 12076 1024 0.141063705
29 62 3 12077 1024 0.137296136
30 63 3 12078 1024 0.143038705
31 0 3 12079 1024 0.176737913
32 1 3 12080 1024 0.158957146
33 2 3 12081 1024 0.150878904
34 3 3 12082 1024 0.137620571
35 4 3 12083 1024 0.146493264
36 5 3 12084 1024 0.148991989
37 6 3 12085 1024 0.171668136
38 7 3 12086 1024 0.154965074
39 8 3 12087 1024 0.162730398
40 9 3 12088 1024 0.164242331
41 10 3 12089 1024 0.142866338
42 11 3 12090 1024 0.171079597
43 12 3 12091 1024 0.178325413
44 13 3 12092 1024 0.162084723
45 14 3 12093 1024 0.154529779
46 15 3 12094 1024 0.138411682
47 16 3 12095 1024 0.169748776
48 17 3 12096 1024 0.138463286
49 18 3 12097 1024 0.166015677
50 19 3 12098 1024 0.154415816
51 20 3 12099 1024 0.175844969
52 21 3 12100 1024 0.157106843
53 22 3 12101 1024 0.162090473
54 23 3 12102 1024 0.132936603
55 24 3 12103 1024 0.131691188
56 25 3 12104 1024 0.172334869
57 26 3 12105 1024 0.177259406
58 27 3 12106 1024 0.163410777
59 28 3 12107 1024 0.168216942
60 29 3 12108 1024 0.150619611
61 30 3 12109 1024 0.172127236
62 31 3 12110 1024 0.141571670
63 32 3 12111 1024 0.165358478
0 34 3 12112 1024 0.130457073
1 35 3 12113 1024 0.155286646
2 36 3 12114 1024 0.148660035
3 37 3 12115 1024 0.160891762
4 38 3 12116 1024 0.163337736
5 39 3 12117 1024 0.160825968
6 40 3 12118 1024 0.154160208
7 41 3 12119 1024 0.154392719
8 42 3 12120 1024 0.130330618
9 43 3 12121 1024 0.157582178
10 44 3 12122 1024 0.130592548
11 45 3 12123 1024 0.156470882
12 46 3 12124 1024 0.143737037
13 47 3 12125 1024 0.178873967
14 48 3 12126 1024 0.130857130
15 49 3 12127 1024 0.170657861
16 50 3 12128 1024 0.163701648
17 51 3 12129 1024 0.170308385
18 52 3 12130 1024 0.175488668
19 53 3 12131 1024 0.135350821
20 54 3 12132 1024 0.134815695
21 55 3 12133 1024 0.137444874
22 56 3 12134 1024 0.139596603
23 57 3 12135 1024 0.156322799
24 58 3 12136 1024 0.170760720
25 59 3 12137 1024 0.143366237
26 60 3 12138 1024 0.149844821
27 61 3 12139 1024 0.148652579
28 62 3 12140 1024 0.150301370
29 63 3 12141 1024 0.158250109
30 0 3 12142 1024 0.179511652
31 1 3 12143 1024 0.141292863
32 2 3 12144 1024 0.164202081
33 3 3 12145 1024 0.172393355
34 4 3 12146 1024 0.162686786
35 5 3 12147 1024 0.172910958
36 6 3 12148 1024 0.167979293
37 7 3 12149 1024 0.134675025
38 8 3 12150 1024 0.148963201
39 9 3 12151 1024 0.157635072
40 10 3 12152 1024 0.132805747
41 11 3 12153 1024 0.130472509
42 12 3 12154 1024 0.138569179
43 13 3 12155 1024 0.154992920
44 14 3 12156 1024 0.151695483
45 15 3 12157 1024 0.169218816
46 16 3 12158 1024 0.158292831
47 17 3 12159 1024 0.172898016
48 18 3 12160 1024 0.134768092
49 19 3 12161 1024 0.156407959
50 20 3 12162 1024 0.132127588
51 21 3 12163 1024 0.140570853
52 22 3 12164 1024 0.173405845
53 23 3 12165 1024 0.174377715
54 24 3 12166 1024 0.153775014
55 25 3 12167 1024 0.132328099
56 26 3 12168 1024 0.133717403
57 27 3 12169 1024 0.176279241
58 28 3 12170 1024 0.174965583
59 29 3 12171 1024 0.158175493
60 30 3 12172 1024 0.131645089
61 31 3 12173 1024 0.176438318
62 32 3 12174 1024 0.145724235
63 33 3 12175 1024 0.178073459
0 35 3 12176 1024 0.159351805
1 36 3 12177 1024 0.167612723
2 37 3 12178 1024 0.165635570
3 38 3 12179 1024 0.149914801
4 39 3 12180 1024 0.133846875
5 40 3 12181 1024 0.138122513
6 41 3 12182 1024 0.142023610
7 42 3 12183 1024 0.171732528
8 43 3 12184 1024 0.149457830
9 44 3 12185 1024 0.174826288
10 45 3 12186 1024 0.146586492
11 46 3 12187 1024 0.167780463
12 47 3 12188 1024 0.136997530
13 48 3 12189 1024 0.179423898
14 49 3 12190 1024 0.166208179
15 50 3 12191 1024 0.155039643
16 51 3 12192 1024 0.178716166
17 52 3 12193 1024 0.132684822
18 53 3 12194 1024 0.151854413
19 54 3 12195 1024 0.171933733
20 55 3 12196 1024 0.147029637
21 56 3 12197 1024 0.168450283
22 57 3 12198 1024 0.177742920
23 58 3 12199 1024 0.149835152
24 59 3 12200 1024 0.168677746
25 60 3 12201 1024 0.131481283
26 61 3 12202 1024 0.143666351
27 62 3 12203 1024 0.179629294
28 63 3 12204 1024 0.154530173
29 0 3 12205 1024 0.147790560
30 1 3 12206 1024 0.177057142
31 2 3 12207 1024 0.151592397
32 3 3 12208 1024 0.163984743
33 4 3 12209 1024 0.163033595
34 5 3 12210 1024 0.134284706
35 6 3 12211 1024 0.160930795
36 7 3 12212 1024 0.169902759
37 8 3 12213 1024 0.165655427
38 9 3 12214 1024 0.134101900
39 10 3 12215 1024 0.137711048
40 11 3 12216 1024 0.165583858
41 12 3 12217 1024 0.161695044
42 13 3 12218 1024 0.166982764
43 14 3 12219 1024 0.145833911
44 15 3 12220 1024 0.135327546
45 16 3 12221 1024 0.130259761
46 17 3 12222 1024 0.145413373
47 18 3 12223 1024 0.147995875
48 19 3 12224 1024 0.143488322
49 20 3 12225 1024 0.136625350
50 21 3 12226 1024 0.139369589
51 22 3 12227 1024 0.152442184
52 23 3 12228 1024 0.157737000
53 24 3 12229 1024 0.150402209
54 25 3 12230 1024 0.131313095
55 26 3 12231 1024 0.147695714
56 27 3 12232 1024 0.134653213
57 28 3 12233 1024 0.159902190
58 29 3 12234 1024 0.146221517
59 30 3 12235 1024 0.149261896
60 31 3 12236 1024 0.144592368
61 32 3 12237 1024 0.149389978
62 33 3 12238 1024 0.134234976
63 34 3 12239 1024 0.175056802
0 36 3 12240 1024 0.175260379
1 37 3 12241 1024 0.178908653
2 38 3 12242 1024 0.158598022
3 39 3 12243 1024 0.138479146
4 40 3 12244 1024 0.149036601
5 41 3 12245 1024 0.136942003
6 42 3 12246 1024 0.145056563
7 43 3 12247 1024 0.154656197
8 44 3 12248 1024 0.133163358
9 45 3 12249 1024 0.151733813
10 46 3 12250 1024 0.151055117
11 47 3 12251 1024 0.154211566
12 48 3 12252 1024 0.133846068
13 49 3 12253 1024 0.142584987
14 50 3 12254 1024 0.142329503
15 51 3 12255 1024 0.161251684
16 52 3 12256 1024 0.159690320
17 53 3 12257 1024 0.139777411
18 54 3 12258 1024 0.135348618
19 55 3 12259 1024 0.145232900
20 56 3 12260 1024 0.177441173
21 57 3 12261 1024 0.146610861
22 58 3 12262 1024 0.161009609
23 59 3 12263 1024 0.170203823
24 60 3 12264 1024 0.146477086
25 61 3 12265 1024 0.146736811
26 62 3 12266 1024 0.170773774
27 63 3 12267 1024 0.172975423
28 0 3 12268 1024 0.178711269
29 1 3 12269 1024 0.136806224
30 2 3 12270 1024 0.146033258
31 3 3 12271 1024 0.177363946
32 4 3 12272 1024 0.140042574
33 5 3 12273 1024 0.145709164
34 6 3 12274 1024 0.178228731
35 7 3 12275 1024 0.178436261
36 8 3 12276 1024 0.144572408
37 9 3 12277 1024 0.164747888
38 10 3 12278 1024 0.154550366
39 11 3 12279 1024 0.158793964
40 12 3 12280 1024 0.142121215
41 13 3 12281 1024 0.148802765
42 14 3 12282 1024 0.170824726
43 15 3 12283 1024 0.149646756
44 16 3 12284 1024 0.135694391
45 17 3 12285 1024 0.158192525
46 18 3 12286 1024 0.159611352
47 19 3 12287 1024 0.157281454
48 20 3 12288 1024 0.164085632
49 21 3 12289 1024 0.157504958
50 22 3 12290 1024 0.177650231
51 23 3 12291 1024 0.153081111
52 24 3 12292 1024 0.165418353
53 25 3 12293 1024 0.151922748
54 26 3 12294 1024 0.144566560
55 27 3 12295 1024 0.164641764
56 28 3 12296 1024 0.170948278
57 29 3 12297 1024 0.169782842
58 30 3 12298 1024 0.150457080
59 31 3 12299 1024 0.154965161
60 32 3 12300 1024 0.161666802
61 33 3 12301 1024 0.142101058
62 34 3 12302 1024 0.162933148
63 35 3 12303 1024 0.165761820
0 37 3 12304 1024 0.169453838
1 38 3 12305 1024 0.133698257
2 39 3 12306 1024 0.179535031
3 40 3 12307 1024 0.153961735
4 41 3 12308 1024 0.150040255
5 42 3 12309 1024 0.155330632
6 43 3 12310 1024 0.176019609
7 44 3 12311 1024 0.164585443
8 45 3 12312 1024 0.157182260
9 46 3 12313 1024 0.169536046
10 47 3 12314 1024 0.147976475
11 48 3 12315 1024 0.174775076
12 49 3 12316 1024 0.156845299
13 50 3 12317 1024 0.161909018
14 51 3 12318 1024 0.134249097
15 52 3 12319 1024 0.168447702
16 53 3 12320 1024 0.162880082
17 54 3 12321 1024 0.147750441
18 55 3 12322 1024 0.162349992
19 56 3 12323 1024 0.132214835
20 57 3 12324 1024 0.179180410
21 58 3 12325 1024 0.163873595
22 59 3 12326 1024 0.149980887
23 60 3 12327 1024 0.167634139
24 61 3 12328 1024 0.178285839
25 62 3 12329 1024 0.151522777
26 63 3 12330 1024 0.130527389
27 0 3 12331 1024 0.142936919
28 1 3 12332 1024 0.155533812
29 2 3 12333 1024 0.155939888
30 3 3 12334 1024 0.159025915
31 4 3 12335 1024 0.158761770
32 5 3 12336 1024 0.152288928
33 6 3 12337 1024 0.149556708
34 7 3 12338 1024 0.168617112
35 8 3 12339 1024 0.159429498
36 9 3 12340 1024 0.155023289
37 10 3 12341 1024 0.147248369
38 11 3 12342 1024 0.131228133
39 12 3 12343 1024 0.135227468
40 13 3 12344 1024 0.150798771
41 14 3 12345 1024 0.178086393
42 15 3 12346 1024 0.135803467
43 16 3 12347 1024 0.177033808
44 17 3 12348 1024 0.137083759
45 18 3 12349 1024 0.145594517
46 19 3 12350 1024 0.152766632
47 20 3 12351 1024 0.140343366
48 21 3 12352 1024 0.154146300
49 22 3 12353 1024 0.153808127
50 23 3 12354 1024 0.151908297
51 24 3 12355 1024 0.164838163
52 25 3 12356 1024 0.145945474
53 26 3 12357 1024 0.145013204
54 27 3 12358 1024 0.170509297
55 28 3 12359 1024 0.135754263
56 29 3 12360 1024 0.172459000
57 30 3 12361 1024 0.162398496
58 31 3 12362 1024 0.163856967
59 32 3 12363 1024 0.138217705
60 33 3 12364 1024 0.179195024
61 34 3 12365 1024 0.142195647
62 35 3 12366 1024 0.138722662
63 36 3 12367 1024 0.138006786
0 38 3 12368 1024 0.157992448
1 39 3 12369 1024 0.177923131
2 40 3 12370 1024 0.141592777
3 41 3 12371 1024 0.150252372
4 42 3 12372 1024 0.139222589
5 43 3 12373 1024 0.162023944
6 44 3 12374 1024 0.151606723
7 45 3 12375 1024 0.131459614
8 46 3 12376 1024 0.160705347
9 47 3 12377 1024 0.139866222
10 48 3 12378 1024 0.159610158
11 49 3 12379 1024 0.149441789
12 50 3 12380 1024 0.165236781
13 51 3 12381 1024 0.140289224
14 52 3 12382 1024 0.167616275
15 53 3 12383 1024 0.170436489
16 54 3 12384 1024 0.133128188
17 55 3 12385 1024 0.135087602
18 56 3 12386 1024 0.173598967
19 57 3 12387 1024 0.139347992
20 58 3 12388 1024 0.146299246
21 59 3 12389 1024 0.152877521
22 60 3 12390 1024 0.143117670
23 61 3 12391 1024 0.173131827
24 62 3 12392 1024 0.156385751
25 63 3 12393 1024 0.161955429
26 0 3 12394 1024 0.159848541
27 1 3 12395 1024 0.160565421
28 2 3 12396 1024 0.159350236
29 3 3 12397 1024 0.147396232
30 4 3 12398 1024 0.172275890
31 5 3 12399 1024 0.160868134
32 6 3 12400 1024 0.170686913
33 7 3 12401 1024 0.165299418
34 8 3 12402 1024 0.144872242
35 9 3 12403 1024 0.160724226
36 10 3 12404 1024 0.134237598
37 11 3 12405 1024 0.136697388
38 12 3 12406 1024 0.135893083
39 13 3 12407 1024 0.145269000
40 14 3 12408 1024 0.139152226
41 15 3 12409 1024 0.164671827
42 16 3 12410 1024 0.155541243
43 17 3 12411 1024 0.150911955
44 18 3 12412 1024 0.136893365
45 19 3 12413 1024 0.149185498
46 20 3 12414 1024 0.139287685
47 21 3 12415 1024 0.161775082
48 22 3 12416 1024 0.164671646
49 23 3 12417 1024 0.162263005
50 24 3 12418 1024 0.179994978
51 25 3 12419 1024 0.157745629
52 26 3 12420 1024 0.154482101
53 27 3 12421 1024 0.137014827
54 28 3 12422 1024 0.145729001
55 29 3 12423 1024 0.152550049
56 30 3 12424 1024 0.132680563
57 31 3 12425 1024 0.147951959
58 32 3 12426 1024 0.130479172
59 33 3 12427 1024 0.136826736
60 34 3 12428 1024 0.170760797
61 35 3 12429 1024 0.178191454
62 36 3 12430 1024 0.155271901
63 37 3 12431 1024 0.154748492
0 39 3 12432 1024 0.164234834
1 40 3 12433 1024 0.150781522
2 41 3 12434 1024 0.171994590
3 42 3 12435 1024 0.154434976
4 43 3 12436 1024 0.134133531
5 44 3 12437 1024 0.131543035
6 45 3 12438 1024 0.168052831
7 46 3 12439 1024 0.144604495
8 47 3 12440 1024 0.143742646
9 48 3 12441 1024 0.156880431
10 49 3 12442 1024 0.138410449
11 50 3 12443 1024 0.152866069
12 51 3 12444 1024 0.167125913
13 52 3 12445 1024 0.168295978
14 53 3 12446 1024 0.157486309
15 54 3 12447 1024 0.135660550
16 55 3 12448 1024 0.135710333
17 56 3 12449 1024 0.168755651
18 57 3 12450 1024 0.171164140
19 58 3 12451 1024 0.148343089
20 59 3 12452 1024 0.171130546
21 60 3 12453 1024 0.132080526
22 61 3 12454 1024 0.165949012
23 62 3 12455 1024 0.157317664
24 63 3 12456 1024 0.179488786
25 0 3 12457 1024 0.135120822
26 1 3 12458 1024 0.171503536
27 2 3 12459 1024 0.167567275
28 3 3 12460 1024 0.144885447
29 4 3 12461 1024 0.179965633
30 5 3 12462 1024 0.152486617
31 6 3 12463 1024 0.147428849
32 7 3 12464 1024 0.170836429
33 8 3 12465 1024 0.151953495
34 9 3 12466 1024 0.179697884
35 10 3 12467 1024 0.168781582
36 11 3 12468 1024 0.141847303
37 12 3 12469 1024 0.170535136
38 13 3 12470 1024 0.159396195
39 14 3 12471 1024 0.147531542
40 15 3 12472 1024 0.165537698
41 16 3 12473 1024 0.161638532
42 17 3 12474 1024 0.138299081
43 18 3 12475 1024 0.136961748
44 19 3 12476 1024 0.140330983
45 20 3 12477 1024 0.140347136
46 21 3 12478 1024 0.132967892
47 22 3 12479 1024 0.147540774
48 23 3 12480 1024 0.144054251
49 24 3 12481 1024 0.156938427
50 25 3 12482 1024 0.146182681
51 26 3 12483 1024 0.165202688
52 27 3 12484 1024 0.144466662
53 28 3 12485 1024 0.143367153
54 29 3 12486 1024 0.172900842
55 30 3 12487 1024 0.179274415
56 31 3 12488 1024 0.163964966
57 32 3 12489 1024 0.134761258
58 33 3 12490 1024 0.178138600
59 34 3 12491 1024 0.169284552
60 35 3 12492 1024 0.175938436
61 36 3 12493 1024 0.179624311
62 37 3 12494 1024 0.173352380
63 38 3 12495 1024 0.136344408
0 40 3 12496 1024 0.173303940
1 41 3 12497 1024 0.142483862
2 42 3 12498 1024 0.165569742
3 43 3 12499 1024 0.171424090
4 44 3 12500 1024 0.168073679
5 45 3 12501 1024 0.163811728
6 46 3 12502 1024 0.154472936
7 47 3 12503 1024 0.158871276
8 48 3 12504 1024 0.143435858
9 49 3 12505 1024 0.150711254
10 50 3 12506 1024 0.152599586
11 51 3 12507 1024 0.161681388
12 52 3 12508 1024 0.174006254
13 53 3 12509 1024 0.134654739
14 54 3 12510 1024 0.155780674
15 55 3 12511 1024 0.143911284
16 56 3 12512 1024 0.176816806
17 57 3 12513 1024 0.148453559
18 58 3 12514 1024 0.177512704
19 59 3 12515 1024 0.146364464
20 60 3 12516 1024 0.130123654
21 61 3 12517 1024 0.168706765
22 62 3 12518 1024 0.166636201
23 63 3 12519 1024 0.166546597
24 0 3 12520 1024 0.152922463
25 1 3 12521 1024 0.163207191
26 2 3 12522 1024 0.147911136
27 3 3 12523 1024 0.133166534
28 4 3 12524 1024 0.156721223
29 5 3 12525 1024 0.140891497
30 6 3 12526 1024 0.151482155
31 7 3 12527 1024 0.140592573
32 8 3 12528 1024 0.143426842
33 9 3 12529 1024 0.171417181
34 10 3 12530 1024 0.146887758
35 11 3 12531 1024 0.158896682
36 12 3 12532 1024 0.158307106
37 13 3 12533 1024 0.154266895
38 14 3 12534 1024 0.147186981
39 15 3 12535 1024 0.164127596
40 16 3 12536 1024 0.132420463
41 17 3 12537 1024 0.134978737
42 18 3 12538 1024 0.169194488
43 19 3 12539 1024 0.152979088
44 20 3 12540 1024 0.136211859
45 21 3 12541 1024 0.172882580
46 22 3 12542 1024 0.152064297
47 23 3 12543 1024 0.130033797
48 24 3 12544 1024 0.177901588
49 25 3 12545 1024 0.140115910
50 26 3 12546 1024 0.164429594
51 27 3 12547 1024 0.136595654
52 28 3 12548 1024 0.162499860
53 29 3 12549 1024 0.137948873
54 30 3 12550 1024 0.176636278
55 31 3 12551 1024 0.143700973
56 32 3 12552 1024 0.162729398
57 33 3 12553 1024 0.142519464
58 34 3 12554 1024 0.148592188
59 35 3 12555 1024 0.175190013
60 36 3 12556 1024 0.138276254
61 37 3 12557 1024 0.149817078
62 38 3 12558 1024 0.145275462
63 39 3 12559 1024 0.164972069
0 41 3 12560 1024 0.141707192
1 42 3 12561 1024 0.162774261
2 43 3 12562 1024 0.165184902
3 44 3 12563 1024 0.130054315
4 45 3 12564 1024 0.153840335
5 46 3 12565 1024 0.136634990
6 47 3 12566 1024 0.141309543
7 48 3 12567 1024 0.163999136
8 49 3 12568 1024 0.130464347
9 50 3 12569 1024 0.164779855
10 51 3 12570 1024 0.170855451
11 52 3 12571 1024 0.179407745
12 53 3 12572 1024 0.151115697
13 54 3 12573 1024 0.136608758
14 55 3 12574 1024 0.133541415
15 56 3 12575 1024 0.149153496
16 57 3 12576 1024 0.166538169
17 58 3 12577 1024 0.135121359
18 59 3 12578 1024 0.145667574
19 60 3 12579 1024 0.174049450
20 61 3 12580 1024 0.136856465
21 62 3 12581 1024 0.168673024
22 63 3 12582 1024 0.167657890
23 0 3 12583 1024 0.136657312
24 1 3 12584 1024 0.179647008
25 2 3 12585 1024 0.137142653
26 3 3 12586 1024 0.156525414
27 4 3 12587 1024 0.130423737
28 5 3 12588 1024 0.162501011
29 6 3 12589 1024 0.152004971
30 7 3 12590 1024 0.166121601
31 8 3 12591 1024 0.161404002
32 9 3 12592 1024 0.137568707
33 10 3 12593 1024 0.150585495
34 11 3 12594 1024 0.164328308
35 12 3 12595 1024 0.172998126
36 13 3 12596 1024 0.134334402
37 14 3 12597 1024 0.135023256
38 15 3 12598 1024 0.167622282
39 16 3 12599 1024 0.159478696
40 17 3 12600 1024 0.149201595
41 18 3 12601 1024 0.178162436
42 19 3 12602 1024 0.145725183
43 20 3 12603 1024 0.136991509
44 21 3 12604 1024 0.143848383
45 22 3 12605 1024 0.134212436
46 23 3 12606 1024 0.157669832
47 24 3 12607 1024 0.160000393
48 25 3 12608 1024 0.160379655
49 26 3 12609 1024 0.168948483
50 27 3 12610 1024 0.164523804
51 28 3 12611 1024 0.172394605
52 29 3 12612 1024 0.162920269
53 30 3 12613 1024 0.145082467
54 31 3 12614 1024 0.155887456
55 32 3 12615 1024 0.155476128
56 33 3 12616 1024 0.167392182
57 34 3 12617 1024 0.144777103
58 35 3 12618 1024 0.132728457
59 36 3 12619 1024 0.174895628
60 37 3 12620 1024 0.177733576
61 38 3 12621 1024 0.154744386
62 39 3 12622 1024 0.135637183
63 40 3 12623 1024 0.154979127
0 42 3 12624 1024 0.159696488
1 43 3 12625 1024 0.156414325
2 44 3 12626 1024 0.178884847
3 45 3 12627 1024 0.179344127
4 46 3 12628 1024 0.176696220
5 47 3 12629 1024 0.136599144
6 48 3 12630 1024 0.173040700
7 49 3 12631 1024 0.158419019
8 50 3 12632 1024 0.148270623
9 51 3 12633 1024 0.164147102
10 52 3 12634 1024 0.168136297
11 53 3 12635 1024 0.177722649
12 54 3 12636 1024 0.168518352
13 55 3 12637 1024 0.130834470
14 56 3 12638 1024 0.133376628
15 57 3 12639 1024 0.143109264
16 58 3 12640 1024 0.131991343
17 59 3 12641 1024 0.133023443
18 60 3 12642 1024 0.169464500
19 61 3 12643 1024 0.155330530
20 62 3 12644 1024 0.161428535
21 63 3 12645 1024 0.155052448
22 0 3 12646 1024 0.150771600
23 1 3 12647 1024 0.165090532
24 2 3 12648 1024 0.134121391
25 3 3 12649 1024 0.156828241
26 4 3 12650 1024 0.160802353
27 5 3 12651 1024 0.143873387
28 6 3 12652 1024 0.145495344
29 7 3 12653 1024 0.155565235
30 8 3 12654 1024 0.140159875
31 9 3 12655 1024 0.170403004
32 10 3 12656 1024 0.156819509
33 11 3 12657 1024 0.149536575
34 12 3 12658 1024 0.161714712
35 13 3 12659 1024 0.171726323
36 14 3 12660 1024 0.164052784
37 15 3 12661 1024 0.133305754
38 16 3 12662 1024 0.164933794
39 17 3 12663 1024 0.166497919
40 18 3 12664 1024 0.172323406
41 19 3 12665 1024 0.132895297
42 20 3 12666 1024 0.134310640
43 21 3 12667 1024 0.151724179
44 22 3 12668 1024 0.152668592
45 23 3 12669 1024 0.160441620
46 24 3 12670 1024 0.145464503
47 25 3 12671 1024 0.167084675
48 26 3 12672 1024 0.167032909
49 27 3 12673 1024 0.135972150
50 28 3 12674 1024 0.165395030
51 29 3 12675 1024 0.165074981
52 30 3 12676 1024 0.138191632
53 31 3 12677 1024 0.177650810
54 32 3 12678 1024 0.156150268
55 33 3 12679 1024 0.169149355
56 34 3 12680 1024 0.166038276
57 35 3 12681 1024 0.138348148
58 36 3 12682 1024 0.136346530
59 37 3 12683 1024 0.169056199
60 38 3 12684 1024 0.143438224
61 39 3 12685 1024 0.174320738
62 40 3 12686 1024 0.168571515
63 41 3 12687 1024 0.131467813
0 43 3 12688 1024 0.170355392
1 44 3 12689 1024 0.143599030
2 45 3 12690 1024 0.133193599
3 46 3 12691 1024 0.165616162
4 47 3 12692 1024 0.158832584
5 48 3 12693 1024 0.133853502
6 49 3 12694 1024 0.152759889
7 50 3 12695 1024 0.148006195
8 51 3 12696 1024 0.154980500
9 52 3 12697 1024 0.158344306
10 53 3 12698 1024 0.148384389
11 54 3 12699 1024 0.142755804
12 55 3 12700 1024 0.135145246
13 56 3 12701 1024 0.158695615
14 57 3 12702 1024 0.166138919
15 58 3 12703 1024 0.141420221
16 59 3 12704 1024 0.155441244
17 60 3 12705 1024 0.132201895
18 61 3 12706 1024 0.173146425
19 62 3 12707 1024 0.142227573
20 63 3 12708 1024 0.153588229
21 0 3 12709 1024 0.149148974
22 1 3 12710 1024 0.137504233
23 2 3 12711 1024 0.176558004
24 3 3 12712 1024 0.172874260
25 4 3 12713 1024 0.157643239
26 5 3 12714 1024 0.175697383
27 6 3 12715 1024 0.167033291
28 7 3 12716 1024 0.150968465
29 8 3 12717 1024 0.146090101
30 9 3 12718 1024 0.150812830
31 10 3 12719 1024 0.166014396
32 11 3 12720 1024 0.143562898
33 12 3 12721 1024 0.133894353
34 13 3 12722 1024 0.148640408
35 14 3 12723 1024 0.155102047
36 15 3 12724 1024 0.175097050
37 16 3 12725 1024 0.138967218
38 17 3 12726 1024 0.170216901
39 18 3 12727 1024 0.179070693
40 19 3 12728 1024 0.177703970
41 20 3 12729 1024 0.133446322
42 21 3 12730 1024 0.153254709
43 22 3 12731 1024 0.144115344
44 23 3 12732 1024 0.172242325
45 24 3 12733 1024 0.146365046
46 25 3 12734 1024 0.157654570
47 26 3 12735 1024 0.130398459
48 27 3 12736 1024 0.140033558
49 28 3 12737 1024 0.158190337
50 29 3 12738 1024 0.145195465
51 30 3 12739 1024 0.161135876
52 31 3 12740 1024 0.153196335
53 32 3 12741 1024 0.159584547
54 33 3 12742 1024 0.154668034
55 34 3 12743 1024 0.168630663
56 35 3 12744 1024 0.139771121
57 36 3 12745 1024 0.175022165
58 37 3 12746 1024 0.168024111
59 38 3 12747 1024 0.142256344
60 39 3 12748 1024 0.130318894
61 40 3 12749 1024 0.150501805
62 41 3 12750 1024 0.141649887
63 42 3 12751 1024 0.147321185
0 44 3 12752 1024 0.171978700
1 45 3 12753 1024 0.173859931
2 46 3 12754 1024 0.177549513
3 47 3 12755 1024 0.130073102
4 48 3 12756 1024 0.162865193
5 49 3 12757 1024 0.172450299
6 50 3 12758 1024 0.166360752
7 51 3 12759 1024 0.135197451
8 52 3 12760 1024 0.156490724
9 53 3 12761 1024 0.141908380
10 54 3 12762 1024 0.154601444
11 55 3 12763 1024 0.132994754
12 56 3 12764 1024 0.179847964
13 57 3 12765 1024 0.165582624
14 58 3 12766 1024 0.134651332
15 59 3 12767 1024 0.176063720
16 60 3 12768 1024 0.174864374
17 61 3 12769 1024 0.155987961
18 62 3 12770 1024 0.165042345
19 63 3 12771 1024 0.148624599
20 0 3 12772 1024 0.178727740
21 1 3 12773 1024 0.134245121
22 2 3 12774 1024 0.134778850
23 3 3 12775 1024 0.136675693
24 4 3 12776 1024 0.170998145
25 5 3 12777 1024 0.133741524
26 6 3 12778 1024 0.158391036
27 7 3 12779 1024 0.151749144
28 8 3 12780 1024 0.178210914
29 9 3 12781 1024 0.141838587
30 10 3 12782 1024 0.143049547
31 11 3 12783 1024 0.145750446
32 12 3 12784 1024 0.170040841
33 13 3 12785 1024 0.165036280
34 14 3 12786 1024 0.166767643
35 15 3 12787 1024 0.145902886
36 16 3 12788 1024 0.143597794
37 17 3 12789 1024 0.133734372
38 18 3 12790 1024 0.140135631
39 19 3 12791 1024 0.168996849
40 20 3 12792 1024 0.159235402
41 21 3 12793 1024 0.137770528
42 22 3 12794 1024 0.138218749
43 23 3 12795 1024 0.153302756
44 24 3 12796 1024 0.150325628
45 25 3 12797 1024 0.156796227
46 26 3 12798 1024 0.178231736
47 27 3 12799 1024 0.140381811
48 28 3 12800 1024 0.145415386
49 29 3 12801 1024 0.143250396
50 30 3 12802 1024 0.135995678
51 31 3 12803 1024 0.137880769
52 32 3 12804 1024 0.164302742
53 33 3 12805 1024 0.171319334
54 34 3 12806 1024 0.164843899
55 35 3 12807 1024 0.132016490
56 36 3 12808 1024 0.171796238
57 37 3 12809 1024 0.146389683
58 38 3 12810 1024 0.134560645
59 39 3 12811 1024 0.142410939
60 40 3 12812 1024 0.147787138
61 41 3 12813 1024 0.155672984
62 42 3 12814 1024 0.163859169
63 43 3 12815 1024 0.143008340
0 45 3 12816 1024 0.179533831
1 46 3 12817 1024 0.131554105
2 47 3 12818 1024 0.150219611
3 48 3 12819 1024 0.152610058
4 49 3 12820 1024 0.167403922
5 50 3 12821 1024 0.142492631
6 51 3 12822 1024 0.153102162
7 52 3 12823 1024 0.170194838
8 53 3 12824 1024 0.136989652
9 54 3 12825 1024 0.130597846
10 55 3 12826 1024 0.171518617
11 56 3 12827 1024 0.179128362
12 57 3 12828 1024 0.136535762
13 58 3 12829 1024 0.171183671
14 59 3 12830 1024 0.148611987
15 60 3 12831 1024 0.161514877
16 61 3 12832 1024 0.162234251
17 62 3 12833 1024 0.159116190
18 63 3 12834 1024 0.142941033
19 0 3 12835 1024 0.170637355
20 1 3 12836 1024 0.131090009
21 2 3 12837 1024 0.133223602
22 3 3 12838 1024 0.175124804
23 4 3 12839 1024 0.152171566
24 5 3 12840 1024 0.136439577
25 6 3 12841 1024 0.175253899
26 7 3 12842 1024 0.171467809
27 8 3 12843 1024 0.146577495
28 9 3 12844 1024 0.132134816
29 10 3 12845 1024 0.153049746
30 11 3 12846 1024 0.138399460
31 12 3 12847 1024 0.158694210
32 13 3 12848 1024 0.171084270
33 14 3 12849 1024 0.149749934
34 15 3 12850 1024 0.131474115
35 16 3 12851 1024 0.164160646
36 17 3 12852 1024 0.138640361
37 18 3 12853 1024 0.140735805
38 19 3 12854 1024 0.139357556
39 20 3 12855 1024 0.143992728
40 21 3 12856 1024 0.174171190
41 22 3 12857 1024 0.131732472
42 23 3 12858 1024 0.160958827
43 24 3 12859 1024 0.142289239
44 25 3 12860 1024 0.144755258
45 26 3 12861 1024 0.150599610
46 27 3 12862 1024 0.157534433
47 28 3 12863 1024 0.133048953
48 29 3 12864 1024 0.143988799
49 30 3 12865 1024 0.136861801
50 31 3 12866 1024 0.139972890
51 32 3 12867 1024 0.174232626
52 33 3 12868 1024 0.156290703
53 34 3 12869 1024 0.161537719
54 35 3 12870 1024 0.170108404
55 36 3 12871 1024 0.169742312
56 37 3 12872 1024 0.179470181
57 38 3 12873 1024 0.169095788
58 39 3 12874 1024 0.147955605
59 40 3 12875 1024 0.157225890
60 41 3 12876 1024 0.154233974
61 42 3 12877 1024 0.175633851
62 43 3 12878 1024 0.155119663
63 44 3 12879 1024 0.149419064
0 46 3 12880 1024 0.138990794
1 47 3 12881 1024 0.145943878
2 48 3 12882 1024 0.140951009
3 49 3 12883 1024 0.174788239
4 50 3 12884 1024 0.168926914
5 51 3 12885 1024 0.132929562
6 52 3 12886 1024 0.179576566
7 53 3 12887 1024 0.156471615
8 54 3 12888 1024 0.168342108
9 55 3 12889 1024 0.179980287
10 56 3 12890 1024 0.178698993
11 57 3 12891 1024 0.135006717
12 58 3 12892 1024 0.162843221
13 59 3 12893 1024 0.143326350
14 60 3 12894 1024 0.170814258
15 61 3 12895 1024 0.175862974
16 62 3 12896 1024 0.132795433
17 63 3 12897 1024 0.179819602
18 0 3 12898 1024 0.140970579
19 1 3 12899 1024 0.172325255
20 2 3 12900 1024 0.169869534
21 3 3 12901 1024 0.147740232
22 4 3 12902 1024 0.171961113
23 5 3 12903 1024 0.172261045
24 6 3 12904 1024 0.138805018
25 7 3 12905 1024 0.159625975
26 8 3 12906 1024 0.170310511
27 9 3 12907 1024 0.164881328
28 10 3 12908 1024 0.175699000
29 11 3 12909 1024 0.131410328
30 12 3 12910 1024 0.165028040
31 13 3 12911 1024 0.177377937
32 14 3 12912 1024 0.158180324
33 15 3 12913 1024 0.158155445
34 16 3 12914 1024 0.139411683
35 17 3 12915 1024 0.179400311
36 18 3 12916 1024 0.174081318
37 19 3 12917 1024 0.154611336
38 20 3 12918 1024 0.145452654
39 21 3 12919 1024 0.154521821
40 22 3 12920 1024 0.134512869
41 23 3 12921 1024 0.141631168
42 24 3 12922 1024 0.140940447
43 25 3 12923 1024 0.156322426
44 26 3 12924 1024 0.130034175
45 27 3 12925 1024 0.175894809
46 28 3 12926 1024 0.140073219
47 29 3 12927 1024 0.136524477
48 30 3 12928 1024 0.165846882
49 31 3 12929 1024 0.175939039
50 32 3 12930 1024 0.172214204
51 33 3 12931 1024 0.146179441
52 34 3 12932 1024 0.131095645
53 35 3 12933 1024 0.159330459
54 36 3 12934 1024 0.175861207
55 37 3 12935 1024 0.168718325
56 38 3 12936 1024 0.172324044
57 39 3 12937 1024 0.173033473
58 40 3 12938 1024 0.178027938
59 41 3 12939 1024 0.148679539
60 42 3 12940 1024 0.177096161
61 43 3 12941 1024 0.149779778
62 44 3 12942 1024 0.135051609
63 45 3 12943 1024 0.145088258
0 47 3 12944 1024 0.136822583
1 48 3 12945 1024 0.137875194
2 49 3 12946 1024 0.177434677
3 50 3 12947 1024 0.169592126
4 51 3 12948 1024 0.178033105
5 52 3 12949 1024 0.162459013
6 53 3 12950 1024 0.138710134
7 54 3 12951 1024 0.178437145
8 55 3 12952 1024 0.164678020
9 56 3 12953 1024 0.176442260
10 57 3 12954 1024 0.169349590
11 58 3 12955 1024 0.141161861
12 59 3 12956 1024 0.159447508
13 60 3 12957 1024 0.138767581
14 61 3 12958 1024 0.145341161
15 62 3 12959 1024 0.164424922
16 63 3 12960 1024 0.136367418
17 0 3 12961 1024 0.166441548
18 1 3 12962 1024 0.177439405
19 2 3 12963 1024 0.177434908
20 3 3 12964 1024 0.149580071
21 4 3 12965 1024 0.179714157
22 5 3 12966 1024 0.178259197
23 6 3 12967 1024 0.131619137
24 7 3 12968 1024 0.160119433
25 8 3 12969 1024 0.176051911
26 9 3 12970 1024 0.178376584
27 10 3 12971 1024 0.141044763
28 11 3 12972 1024 0.158277512
29 12 3 12973 1024 0.176834390
30 13 3 12974 1024 0.137032168
31 14 3 12975 1024 0.167267166
32 15 3 12976 1024 0.141899796
33 16 3 12977 1024 0.179118983
34 17 3 12978 1024 0.138394371
35 18 3 12979 1024 0.174266013
36 19 3 12980 1024 0.134436301
37 20 3 12981 1024 0.165448291
38 21 3 12982 1024 0.161955134
39 22 3 12983 1024 0.174332676
40 23 3 12984 1024 0.152331497
41 24 3 12985 1024 0.143260622
42 25 3 12986 1024 0.142477043
43 26 3 12987 1024 0.133389739
44 27 3 12988 1024 0.142832897
45 28 3 12989 1024 0.135401730
46 29 3 12990 1024 0.130064058
47 30 3 12991 1024 0.149296855
48 31 3 12992 1024 0.166629225
49 32 3 12993 1024 0.178455091
50 33 3 12994 1024 0.174227600
51 34 3 12995 1024 0.154654100
52 35 3 12996 1024 0.148935629
53 36 3 12997 1024 0.157301198
54 37 3 12998 1024 0.135071428
55 38 3 12999 1024 0.153974463
56 39 3 13000 1024 0.173202536
57 40 3 13001 1024 0.162548478
58 41 3 13002 1024 0.164358020
59 42 3 13003 1024 0.138132826
60 43 3 13004 1024 0.133685469
61 44 3 13005 1024 0.172288124
62 45 3 13006 1024 0.144745431
63 46 3 13007 1024 0.145935845
0 48 3 13008 1024 0.177583107
1 49 3 13009 1024 0.133710020
2 50 3 13010 1024 0.138505260
3 51 3 13011 1024 0.148772894
4 52 3 13012 1024 0.166599254
5 53 3 13013 1024 0.157352313
6 54 3 13014 1024 0.174906209
7 55 3 13015 1024 0.134655234
8 56 3 13016 1024 0.159701527
9 57 3 13017 1024 0.160682236
10 58 3 13018 1024 0.154136839
11 59 3 13019 1024 0.131549660
12 60 3 13020 1024 0.177122113
13 61 3 13021 1024 0.138249860
14 62 3 13022 1024 0.174487664
15 63 3 13023 1024 0.137855189
16 0 3 13024 1024 0.135062891
17 1 3 13025 1024 0.140277524
18 2 3 13026 1024 0.139499213
19 3 3 13027 1024 0.164859835
20 4 3 13028 1024 0.166101905
21 5 3 13029 1024 0.166498700
22 6 3 13030 1024 0.143263238
23 7 3 13031 1024 0.144076154
24 8 3 13032 1024 0.141877414
25 9 3 13033 1024 0.132481772
26 10 3 13034 1024 0.158588490
27 11 3 13035 1024 0.171992725
28 12 3 13036 1024 0.137679497
29 13 3 13037 1024 0.148041446
30 14 3 13038 1024 0.151380298
31 15 3 13039 1024 0.144727472
32 16 3 13040 1024 0.163101011
33 17 3 13041 1024 0.160010776
34 18 3 13042 1024 0.139983740
35 19 3 13043 1024 0.131286785
36 20 3 13044 1024 0.138541610
37 21 3 13045 1024 0.144590573
38 22 3 13046 1024 0.134096805
39 23 3 13047 1024 0.172188454
40 24 3 13048 1024 0.145417670
41 25 3 13049 1024 0.149873367
42 26 3 13050 1024 0.154454841
43 27 3 13051 1024 0.163052003
44 28 3 13052 1024 0.134556844
45 29 3 13053 1024 0.157206301
46 30 3 13054 1024 0.139244061
47 31 3 13055 1024 0.174274635
48 32 3 13056 1024 0.148470083
49 33 3 13057 1024 0.152288764
50 34 3 13058 1024 0.143164798
51 35 3 13059 1024 0.153252898
52 36 3 13060 1024 0.141312114
53 37 3 13061 1024 0.143428100
54 38 3 13062 1024 0.133081968
55 39 3 13063 1024 0.167611757
56 40 3 13064 1024 0.163373423
57 41 3 13065 1024 0.134285366
58 42 3 13066 1024 0.147189569
59 43 3 13067 1024 0.157072450
60 44 3 13068 1024 0.178535277
61 45 3 13069 1024 0.159486322
62 46 3 13070 1024 0.157680095
63 47 3 13071 1024 0.172039858
0 49 3 13072 1024 0.170920261
1 50 3 13073 1024 0.150931604
2 51 3 13074 1024 0.156775721
3 52 3 13075 1024 0.173344701
4 53 3 13076 1024 0.153741219
5 54 3 13077 1024 0.174082693
6 55 3 13078 1024 0.153813114
7 56 3 13079 1024 0.133947752
8 57 3 13080 1024 0.175138860
9 58 3 13081 1024 0.165715285
10 59 3 13082 1024 0.155105074
11 60 3 13083 1024 0.175022753
12 61 3 13084 1024 0.170022517
13 62 3 13085 1024 0.163876744
14 63 3 13086 1024 0.161013656
15 0 3 13087 1024 0.136014094
16 1 3 13088 1024 0.167859438
17 2 3 13089 1024 0.138643949
18 3 3 13090 1024 0.179218400
19 4 3 13091 1024 0.178608244
20 5 3 13092 1024 0.170423036
21 6 3 13093 1024 0.136309300
22 7 3 13094 1024 0.151168745
23 8 3 13095 1024 0.179413997
24 9 3 13096 1024 0.151769662
25 10 3 13097 1024 0.179863461
26 11 3 13098 1024 0.161361311
27 12 3 13099 1024 0.171705406
28 13 3 13100 1024 0.142894318
29 14 3 13101 1024 0.175540224
30 15 3 13102 1024 0.175708697
31 16 3 13103 1024 0.133350598
32 17 3 13104 1024 0.149404958
33 18 3 13105 1024 0.149867750
34 19 3 13106 1024 0.146306340
35 20 3 13107 1024 0.143810041
36 21 3 13108 1024 0.152907859
37 22 3 13109 1024 0.173673313
38 23 3 13110 1024 0.169327532
39 24 3 13111 1024 0.161152896
40 25 3 13112 1024 0.156128101
41 26 3 13113 1024 0.150979692
42 27 3 13114 1024 0.150722120
43 28 3 13115 1024 0.137409987
44 29 3 13116 1024 0.159396707
45 30 3 13117 1024 0.167918869
46 31 3 13118 1024 0.176982499
47 32 3 13119 1024 0.176246408
48 33 3 13120 1024 0.158134188
49 34 3 13121 1024 0.135049522
50 35 3 13122 1024 0.144304643
51 36 3 13123 1024 0.156781674
52 37 3 13124 1024 0.147193459
53 38 3 13125 1024 0.150544502
54 39 3 13126 1024 0.149152174
55 40 3 13127 1024 0.154279240
56 41 3 13128 1024 0.160448108
57 42 3 13129 1024 0.131873284
58 43 3 13130 1024 0.143770707
59 44 3 13131 1024 0.137192634
60 45 3 13132 1024 0.160432763
61 46 3 13133 1024 0.164683063
62 47 3 13134 1024 0.131939127
63 48 3 13135 1024 0.174478711
0 50 3 13136 1024 0.146574704
1 51 3 13137 1024 0.141878965
2 52 3 13138 1024 0.167287491
3 53 3 13139 1024 0.176041749
4 54 3 13140 1024 0.174851568
5 55 3 13141 1024 0.131011644
6 56 3 13142 1024 0.170869296
7 57 3 13143 1024 0.145152748
8 58 3 13144 1024 0.144017333
9 59 3 13145 1024 0.154580961
10 60 3 13146 1024 0.164809142
11 61 3 13147 1024 0.134910870
12 62 3 13148 1024 0.173445001
13 63 3 13149 1024 0.136719276
14 0 3 13150 1024 0.178710971
15 1 3 13151 1024 0.152155531
16 2 3 13152 1024 0.171291167
17 3 3 13153 1024 0.143470999
18 4 3 13154 1024 0.150838636
19 5 3 13155 1024 0.162277741
20 6 3 13156 1024 0.139396785
21 7 3 13157 1024 0.140569525
22 8 3 13158 1024 0.171198472
23 9 3 13159 1024 0.167047240
24 10 3 13160 1024 0.167974665
25 11 3 13161 1024 0.173359449
26 12 3 13162 1024 0.171050870
27 13 3 13163 1024 0.155763485
28 14 3 13164 1024 0.137948622
29 15 3 13165 1024 0.145556155
30 16 3 13166 1024 0.155339764
31 17 3 13167 1024 0.136782491
32 18 3 13168 1024 0.172564767
33 19 3 13169 1024 0.173966630
34 20 3 13170 1024 0.131447408
35 21 3 13171 1024 0.139638172
36 22 3 13172 1024 0.171646497
37 23 3 13173 1024 0.171848834
38 24 3 13174 1024 0.142474513
39 25 3 13175 1024 0.152822433
40 26 3 13176 1024 0.175901553
41 27 3 13177 1024 0.165231697
42 28 3 13178 1024 0.143698875
43 29 3 13179 1024 0.171175315
44 30 3 13180 1024 0.155256319
45 31 3 13181 1024 0.161770490
46 32 3 13182 1024 0.136193643
47 33 3 13183 1024 0.131528160
48 34 3 13184 1024 0.148623338
49 35 3 13185 1024 0.159702180
50 36 3 13186 1024 0.138879185
51 37 3 13187 1024 0.173524039
52 38 3 13188 1024 0.159344012
53 39 3 13189 1024 0.147487995
54 40 3 13190 1024 0.138175681
55 41 3 13191 1024 0.174724596
56 42 3 13192 1024 0.167448057
57 43 3 13193 1024 0.164442527
58 44 3 13194 1024 0.144253469
59 45 3 13195 1024 0.149328284
60 46 3 13196 1024 0.138145370
61 47 3 13197 1024 0.158612903
62 48 3 13198 1024 0.178245880
63 49 3 13199 1024 0.172855559
0 51 3 13200 1024 0.162368995
1 52 3 13201 1024 0.163884762
2 53 3 13202 1024 0.143454179
3 54 3 13203 1024 0.150475360
4 55 3 13204 1024 0.131002618
5 56 3 13205 1024 0.169015183
6 57 3 13206 1024 0.168378636
7 58 3 13207 1024 0.130444899
8 59 3 13208 1024 0.175575772
9 60 3 13209 1024 0.162368578
10 61 3 13210 1024 0.160057098
11 62 3 13211 1024 0.130423186
12 63 3 13212 1024 0.142619522
13 0 3 13213 1024 0.170254278
14 1 3 13214 1024 0.145272985
15 2 3 13215 1024 0.178351222
16 3 3 13216 1024 0.162137016
17 4 3 13217 1024 0.151190340
18 5 3 13218 1024 0.148823773
19 6 3 13219 1024 0.147435460
20 7 3 13220 1024 0.142599935
21 8 3 13221 1024 0.153334901
22 9 3 13222 1024 0.163859808
23 10 3 13223 1024 0.171215541
24 11 3 13224 1024 0.149857627
25 12 3 13225 1024 0.135115605
26 13 3 13226 1024 0.155575686
27 14 3 13227 1024 0.163117773
28 15 3 13228 1024 0.172164198
29 16 3 13229 1024 0.148711488
30 17 3 13230 1024 0.162367106
31 18 3 13231 1024 0.160452505
32 19 3 13232 1024 0.144923796
33 20 3 13233 1024 0.135405227
34 21 3 13234 1024 0.133191853
35 22 3 13235 1024 0.179418048
36 23 3 13236 1024 0.162029737
37 24 3 13237 1024 0.173074580
38 25 3 13238 1024 0.143057345
39 26 3 13239 1024 0.165554689
40 27 3 13240 1024 0.174618690
41 28 3 13241 1024 0.144939556
42 29 3 13242 1024 0.137496465
43 30 3 13243 1024 0.168273719
44 31 3 13244 1024 0.174984352
45 32 3 13245 1024 0.170271491
46 33 3 13246 1024 0.170118187
47 34 3 13247 1024 0.160001665
48 35 3 13248 1024 0.163026516
49 36 3 13249 1024 0.164037788
50 37 3 13250 1024 0.166064160
51 38 3 13251 1024 0.162770029
52 39 3 13252 1024 0.179873455
53 40 3 13253 1024 0.142971314
54 41 3 13254 1024 0.150928284
55 42 3 13255 1024 0.149413746
56 43 3 13256 1024 0.131765950
57 44 3 13257 1024 0.165403448
58 45 3 13258 1024 0.158602122
59 46 3 13259 1024 0.139495758
60 47 3 13260 1024 0.166327494
61 48 3 13261 1024 0.141118160
62 49 3 13262 1024 0.156731755
63 50 3 13263 1024 0.169244853
0 52 3 13264 1024 0.175326325
1 53 3 13265 1024 0.163593424
2 54 3 13266 1024 0.155365743
3 55 3 13267 1024 0.172270962
4 56 3 13268 1024 0.172031935
5 57 3 13269 1024 0.173824739
6 58 3 13270 1024 0.139056793
7 59 3 13271 1024 0.134880153
8 60 3 13272 1024 0.136397207
9 61 3 13273 1024 0.142932593
10 62 3 13274 1024 0.170417193
11 63 3 13275 1024 0.168145911
12 0 3 13276 1024 0.139153418
13 1 3 13277 1024 0.163985618
14 2 3 13278 1024 0.146781623
15 3 3 13279 1024 0.134464991
16 4 3 13280 1024 0.147764170
17 5 3 13281 1024 0.167210496
18 6 3 13282 1024 0.145354264
19 7 3 13283 1024 0.169404522
20 8 3 13284 1024 0.146565857
21 9 3 13285 1024 0.143027962
22 10 3 13286 1024 0.144702556
23 11 3 13287 1024 0.172560694
24 12 3 13288 1024 0.153526828
25 13 3 13289 1024 0.173319668
26 14 3 13290 1024 0.159178731
27 15 3 13291 1024 0.177215049
28 16 3 13292 1024 0.133560787
29 17 3 13293 1024 0.174471303
30 18 3 13294 1024 0.155023869
31 19 3 13295 1024 0.173374888
32 20 3 13296 1024 0.149083461
33 21 3 13297 1024 0.144917788
34 22 3 13298 1024 0.132703099
35 23 3 13299 1024 0.172711989
36 24 3 13300 1024 0.136868263
37 25 3 13301 1024 0.140014830
38 26 3 13302 1024 0.150459592
39 27 3 13303 1024 0.158470179
40 28 3 13304 1024 0.175331047
41 29 3 13305 1024 0.152878572
42 30 3 13306 1024 0.145819173
43 31 3 13307 1024 0.165783423
44 32 3 13308 1024 0.168947059
45 33 3 13309 1024 0.154379042
46 34 3 13310 1024 0.161551639
47 35 3 13311 1024 0.138841213
48 36 3 13312 1024 0.161724948
49 37 3 13313 1024 0.130235675
50 38 3 13314 1024 0.143676393
51 39 3 13315 1024 0.168059664
52 40 3 13316 1024 0.138430288
53 41 3 13317 1024 0.168224187
54 42 3 13318 1024 0.154478855
55 43 3 13319 1024 0.168178458
56 44 3 13320 1024 0.134402067
57 45 3 13321 1024 0.160723987
58 46 3 13322 1024 0.161674377
59 47 3 13323 1024 0.150169674
60 48 3 13324 1024 0.178266392
61 49 3 13325 1024 0.149165821
62 50 3 13326 1024 0.131886266
63 51 3 13327 1024 0.139970713
0 53 3 13328 1024 0.148655070
1 54 3 13329 1024 0.130703856
2 55 3 13330 1024 0.146110657
3 56 3 13331 1024 0.171661433
4 57 3 13332 1024 0.139528835
5 58 3 13333 1024 0.163837407
6 59 3 13334 1024 0.161334346
7 60 3 13335 1024 0.142441156
8 61 3 13336 1024 0.164676237
9 62 3 13337 1024 0.147217489
10 63 3 13338 1024 0.136446540
11 0 3 13339 1024 0.149177524
12 1 3 13340 1024 0.159433534
13 2 3 13341 1024 0.138351009
14 3 3 13342 1024 0.171192191
15 4 3 13343 1024 0.144910113
16 5 3 13344 1024 0.144541390
17 6 3 13345 1024 0.166391596
18 7 3 13346 1024 0.159818496
19 8 3 13347 1024 0.146891758
20 9 3 13348 1024 0.174398702
21 10 3 13349 1024 0.179773620
22 11 3 13350 1024 0.147136642
23 12 3 13351 1024 0.175069189
24 13 3 13352 1024 0.147962544
25 14 3 13353 1024 0.139421302
26 15 3 13354 1024 0.177404218
27 16 3 13355 1024 0.175910270
28 17 3 13356 1024 0.150169582
29 18 3 13357 1024 0.141420914
30 19 3 13358 1024 0.166358441
31 20 3 13359 1024 0.136560289
32 21 3 13360 1024 0.166703831
33 22 3 13361 1024 0.159484642
34 23 3 13362 1024 0.138449237
35 24 3 13363 1024 0.148329573
36 25 3 13364 1024 0.162527019
37 26 3 13365 1024 0.131868171
38 27 3 13366 1024 0.173827207
39 28 3 13367 1024 0.142789459
40 29 3 13368 1024 0.156736672
41 30 3 13369 1024 0.132429348
42 31 3 13370 1024 0.179734012
43 32 3 13371 1024 0.163098496
44 33 3 13372 1024 0.162678381
45 34 3 13373 1024 0.130987088
46 35 3 13374 1024 0.164487487
47 36 3 13375 1024 0.150838778
48 37 3 13376 1024 0.149012688
49 38 3 13377 1024 0.157364119
50 39 3 13378 1024 0.153719817
51 40 3 13379 1024 0.137656355
52 41 3 13380 1024 0.164759601
53 42 3 13381 1024 0.161515567
54 43 3 13382 1024 0.145055823
55 44 3 13383 1024 0.163083229
56 45 3 13384 1024 0.163124148
57 46 3 13385 1024 0.143498857
58 47 3 13386 1024 0.160281717
59 48 3 13387 1024 0.136858176
60 49 3 13388 1024 0.171532636
61 50 3 13389 1024 0.135245712
62 51 3 13390 1024 0.165938311
63 52 3 13391 1024 0.135886728
0 54 3 13392 1024 0.135700628
1 55 3 13393 1024 0.135313185
2 56 3 13394 1024 0.139932333
3 57 3 13395 1024 0.139987469
4 58 3 13396 1024 0.143149696
5 59 3 13397 1024 0.156157305
6 60 3 13398 1024 0.140083659
7 61 3 13399 1024 0.165171838
8 62 3 13400 1024 0.144767560
9 63 3 13401 1024 0.131970285
10 0 3 13402 1024 0.154817736
11 1 3 13403 1024 0.140384699
12 2 3 13404 1024 0.176656217
13 3 3 13405 1024 0.146530181
14 4 3 13406 1024 0.130136900
15 5 3 13407 1024 0.163581657
16 6 3 13408 1024 0.175344002
17 7 3 13409 1024 0.171761608
18 8 3 13410 1024 0.163451097
19 9 3 13411 1024 0.137457225
20 10 3 13412 1024 0.134504134
21 11 3 13413 1024 0.155585267
22 12 3 13414 1024 0.166178181
23 13 3 13415 1024 0.135064524
24 14 3 13416 1024 0.142794605
25 15 3 13417 1024 0.141558014
26 16 3 13418 1024 0.179433297
27 17 3 13419 1024 0.144801109
28 18 3 13420 1024 0.153213868
29 19 3 13421 1024 0.134990446
30 20 3 13422 1024 0.138735090
31 21 3 13423 1024 0.131972226
32 22 3 13424 1024 0.144528359
33 23 3 13425 1024 0.170079805
34 24 3 13426 1024 0.145635355
35 25 3 13427 1024 0.166927010
36 26 3 13428 1024 0.134749924
37 27 3 13429 1024 0.167910200
38 28 3 13430 1024 0.132294454
39 29 3 13431 1024 0.172599936
40 30 3 13432 1024 0.163167751
41 31 3 13433 1024 0.138525614
42 32 3 13434 1024 0.147876370
43 33 3 13435 1024 0.151885726
44 34 3 13436 1024 0.161090352
45 35 3 13437 1024 0.173923777
46 36 3 13438 1024 0.134647566
47 37 3 13439 1024 0.170748214
48 38 3 13440 1024 0.139143471
49 39 3 13441 1024 0.150038876
50 40 3 13442 1024 0.178115497
51 41 3 13443 1024 0.143591655
52 42 3 13444 1024 0.149285774
53 43 3 13445 1024 0.172533579
54 44 3 13446 1024 0.169994955
55 45 3 13447 1024 0.162442324
56 46 3 13448 1024 0.169845478
57 47 3 13449 1024 0.135652828
58 48 3 13450 1024 0.164808494
59 49 3 13451 1024 0.132932320
60 50 3 13452 1024 0.177123349
61 51 3 13453 1024 0.137969770
62 52 3 13454 1024 0.150801386
63 53 3 13455 1024 0.159537515
0 55 3 13456 1024 0.170113239
1 56 3 13457 1024 0.163919657
2 57 3 13458 1024 0.139063028
3 58 3 13459 1024 0.148987539
4 59 3 13460 1024 0.147929946
5 60 3 13461 1024 0.131440811
6 61 3 13462 1024 0.164223207
7 62 3 13463 1024 0.171926824
8 63 3 13464 1024 0.178672229
9 0 3 13465 1024 0.136532766
10 1 3 13466 1024 0.176019899
11 2 3 13467 1024 0.135646874
12 3 3 13468 1024 0.150564213
13 4 3 13469 1024 0.132298616
14 5 3 13470 1024 0.143080643
15 6 3 13471 1024 0.145711897
16 7 3 13472 1024 0.165228409
17 8 3 13473 1024 0.163896446
18 9 3 13474 1024 0.168376436
19 10 3 13475 1024 0.158832450
20 11 3 13476 1024 0.158250611
21 12 3 13477 1024 0.178894778
22 13 3 13478 1024 0.163492218
23 14 3 13479 1024 0.146915032
24 15 3 13480 1024 0.156155159
25 16 3 13481 1024 0.165029009
26 17 3 13482 1024 0.134762107
27 18 3 13483 1024 0.163085663
28 19 3 13484 1024 0.142428850
29 20 3 13485 1024 0.147287474
30 21 3 13486 1024 0.163814778
31 22 3 13487 1024 0.149243831
32 23 3 13488 1024 0.171951651
33 24 3 13489 1024 0.157917212
34 25 3 13490 1024 0.179389581
35 26 3 13491 1024 0.132728306
36 27 3 13492 1024 0.162169936
37 28 3 13493 1024 0.137846369
38 29 3 13494 1024 0.172442279
39 30 3 13495 1024 0.172593558
40 31 3 13496 1024 0.173470782
41 32 3 13497 1024 0.133743262
42 33 3 13498 1024 0.154582398
43 34 3 13499 1024 0.142044591
44 35 3 13500 1024 0.178507252
45 36 3 13501 1024 0.132517536
46 37 3 13502 1024 0.141135326
47 38 3 13503 1024 0.162165866
48 39 3 13504 1024 0.150163850
49 40 3 13505 1024 0.141750000
50 41 3 13506 1024 0.152954730
51 42 3 13507 1024 0.170063064
52 43 3 13508 1024 0.152404929
53 44 3 13509 1024 0.172829461
54 45 3 13510 1024 0.152353406
55 46 3 13511 1024 0.135935343
56 47 3 13512 1024 0.154868667
57 48 3 13513 1024 0.162668650
58 49 3 13514 1024 0.135132166
59 50 3 13515 1024 0.150616927
60 51 3 13516 1024 0.157856551
61 52 3 13517 1024 0.130008486
62 53 3 13518 1024 0.134544777
63 54 3 13519 1024 0.160210164
0 56 3 13520 1024 0.160953308
1 57 3 13521 1024 0.145229898
2 58 3 13522 1024 0.155416887
3 59 3 13523 1024 0.140342562
4 60 3 13524 1024 0.163573719
5 61 3 13525 1024 0.177517756
6 62 3 13526 1024 0.148167124
7 63 3 13527 1024 0.132713761
8 0 3 13528 1024 0.141145906
9 1 3 13529 1024 0.152722999
10 2 3 13530 1024 0.158007542
11 3 3 13531 1024 0.160987898
12 4 3 13532 1024 0.153656684
13 5 3 13533 1024 0.162858360
14 6 3 13534 1024 0.165795675
15 7 3 13535 1024 0.135701168
16 8 3 13536 1024 0.167965998
17 9 3 13537 1024 0.141087355
18 10 3 13538 1024 0.147067856
19 11 3 13539 1024 0.171494194
20 12 3 13540 1024 0.178221684
21 13 3 13541 1024 0.144599178
22 14 3 13542 1024 0.156099254
23 15 3 13543 1024 0.165104803
24 16 3 13544 1024 0.132288905
25 17 3 13545 1024 0.138207768
26 18 3 13546 1024 0.137022459
27 19 3 13547 1024 0.165842806
28 20 3 13548 1024 0.166077955
29 21 3 13549 1024 0.135348075
30 22 3 13550 1024 0.160542588
31 23 3 13551 1024 0.139377170
32 24 3 13552 1024 0.176510813
33 25 3 13553 1024 0.149644824
34 26 3 13554 1024 0.152852300
35 27 3 13555 1024 0.169071020
36 28 3 13556 1024 0.165839396
37 29 3 13557 1024 0.135388287
38 30 3 13558 1024 0.150723517
39 31 3 13559 1024 0.176331327
40 32 3 13560 1024 0.171873312
41 33 3 13561 1024 0.159440555
42 34 3 13562 1024 0.168607259
43 35 3 13563 1024 0.152525230
44 36 3 13564 1024 0.162922835
45 37 3 13565 1024 0.177809516
46 38 3 13566 1024 0.136731801
47 39 3 13567 1024 0.154941432
48 40 3 13568 1024 0.156518217
49 41 3 13569 1024 0.132428580
50 42 3 13570 1024 0.176765414
51 43 3 13571 1024 0.171940806
52 44 3 13572 1024 0.154146598
53 45 3 13573 1024 0.155416645
54 46 3 13574 1024 0.176058116
55 47 3 13575 1024 0.138860122
56 48 3 13576 1024 0.158927719
57 49 3 13577 1024 0.166524733
58 50 3 13578 1024 0.136419089
59 51 3 13579 1024 0.149370279
60 52 3 13580 1024 0.160027301
61 53 3 13581 1024 0.174134793
62 54 3 13582 1024 0.155205506
63 55 3 13583 1024 0.149233132
0 57 3 13584 1024 0.178975038
1 58 3 13585 1024 0.175795512
2 59 3 13586 1024 0.168118733
3 60 3 13587 1024 0.143679794
4 61 3 13588 1024 0.178179677
5 62 3 13589 1024 0.178524582
6 63 3 13590 1024 0.152642285
7 0 3 13591 1024 0.136668592
8 1 3 13592 1024 0.150637274
9 2 3 13593 1024 0.165000714
10 3 3 13594 1024 0.167421343
11 4 3 13595 1024 0.144945657
12 5 3 13596 1024 0.165074716
13 6 3 13597 1024 0.173035377
14 7 3 13598 1024 0.165593718
15 8 3 13599 1024 0.176775604
16 9 3 13600 1024 0.161629164
17 10 3 13601 1024 0.140044454
18 11 3 13602 1024 0.161208379
19 12 3 13603 1024 0.144528975
20 13 3 13604 1024 0.147264679
21 14 3 13605 1024 0.163618686
22 15 3 13606 1024 0.179066775
23 16 3 13607 1024 0.162504319
24 17 3 13608 1024 0.177916323
25 18 3 13609 1024 0.155194672
26 19 3 13610 1024 0.164715599
27 20 3 13611 1024 0.146119070
28 21 3 13612 1024 0.135770263
29 22 3 13613 1024 0.147611890
30 23 3 13614 1024 0.154018496
31 24 3 13615 1024 0.158531910
32 25 3 13616 1024 0.163357862
33 26 3 13617 1024 0.150873897
34 27 3 13618 1024 0.167393436
35 28 3 13619 1024 0.172069465
36 29 3 13620 1024 0.144296399
37 30 3 13621 1024 0.172365055
38 31 3 13622 1024 0.170415239
39 32 3 13623 1024 0.156136499
40 33 3 13624 1024 0.131263607
41 34 3 13625 1024 0.137266336
42 35 3 13626 1024 0.163512709
43 36 3 13627 1024 0.139995121
44 37 3 13628 1024 0.167509251
45 38 3 13629 1024 0.138046770
46 39 3 13630 1024 0.144330777
47 40 3 13631 1024 0.142528050
48 41 3 13632 1024 0.171969091
49 42 3 13633 1024 0.164529743
50 43 3 13634 1024 0.144757028
51 44 3 13635 1024 0.167679697
52 45 3 13636 1024 0.131615319
53 46 3 13637 1024 0.170701311
54 47 3 13638 1024 0.135124000
55 48 3 13639 1024 0.173401769
56 49 3 13640 1024 0.166974624
57 50 3 13641 1024 0.173242074
58 51 3 13642 1024 0.167120637
59 52 3 13643 1024 0.158063528
60 53 3 13644 1024 0.141879774
61 54 3 13645 1024 0.169215359
62 55 3 13646 1024 0.169941088
63 56 3 13647 1024 0.144381933
0 58 3 13648 1024 0.163224678
1 59 3 13649 1024 0.176324241
2 60 3 13650 1024 0.149377732
3 61 3 13651 1024 0.177835099
4 62 3 13652 1024 0.178791136
5 63 3 13653 1024 0.145632699
6 0 3 13654 1024 0.157606230
7 1 3 13655 1024 0.130648262
8 2 3 13656 1024 0.142567056
9 3 3 13657 1024 0.161028085
10 4 3 13658 1024 0.169046245
11 5 3 13659 1024 0.173505905
12 6 3 13660 1024 0.171499174
13 7 3 13661 1024 0.175574319
14 8 3 13662 1024 0.165231453
15 9 3 13663 1024 0.162381619
16 10 3 13664 1024 0.167755385
17 11 3 13665 1024 0.157330757
18 12 3 13666 1024 0.160169349
19 13 3 13667 1024 0.168807337
20 14 3 13668 1024 0.178214491
21 15 3 13669 1024 0.144708886
22 16 3 13670 1024 0.138871295
23 17 3 13671 1024 0.164132943
24 18 3 13672 1024 0.139348829
25 19 3 13673 1024 0.138689757
26 20 3 13674 1024 0.155692343
27 21 3 13675 1024 0.148859911
28 22 3 13676 1024 0.151425391
29 23 3 13677 1024 0.157829931
30 24 3 13678 1024 0.136503327
31 25 3 13679 1024 0.159199303
32 26 3 13680 1024 0.142750807
33 27 3 13681 1024 0.146528139
34 28 3 13682 1024 0.165484465
35 29 3 13683 1024 0.137740285
36 30 3 13684 1024 0.137685169
37 31 3 13685 1024 0.146131501
38 32 3 13686 1024 0.132542772
39 33 3 13687 1024 0.176619093
40 34 3 13688 1024 0.160780434
41 35 3 13689 1024 0.163094511
42 36 3 13690 1024 0.154527547
43 37 3 13691 1024 0.158633850
44 38 3 13692 1024 0.147904279
45 39 3 13693 1024 0.169201572
46 40 3 13694 1024 0.145892950
47 41 3 13695 1024 0.140998101
48 42 3 13696 1024 0.139193455
49 43 3 13697 1024 0.133408823
50 44 3 13698 1024 0.155257018
51 45 3 13699 1024 0.150796562
52 46 3 13700 1024 0.156851798
53 47 3 13701 1024 0.134597278
54 48 3 13702 1024 0.141059904
55 49 3 13703 1024 0.140667691
56 50 3 13704 1024 0.146594176
57 51 3 13705 1024 0.148039891
58 52 3 13706 1024 0.140922264
59 53 3 13707 1024 0.167632784
60 54 3 13708 1024 0.156524945
61 55 3 13709 1024 0.179831554
62 56 3 13710 1024 0.171184420
63 57 3 13711 1024 0.179056660
0 59 3 13712 1024 0.130440185
1 60 3 13713 1024 0.163446923
2 61 3 13714 1024 0.152283362
3 62 3 13715 1024 0.175224823
4 63 3 13716 1024 0.160685055
5 0 3 13717 1024 0.161056585
6 1 3 13718 1024 0.177944841
7 2 3 13719 1024 0.164127568
8 3 3 13720 1024 0.146046851
9 4 3 13721 1024 0.175796622
10 5 3 13722 1024 0.177249384
11 6 3 13723 1024 0.149293797
12 7 3 13724 1024 0.157011866
13 8 3 13725 1024 0.144141450
14 9 3 13726 1024 0.175566796
15 10 3 13727 1024 0.171105453
16 11 3 13728 1024 0.148747902
17 12 3 13729 1024 0.170140837
18 13 3 13730 1024 0.152277845
19 14 3 13731 1024 0.132192583
20 15 3 13732 1024 0.174914080
21 16 3 13733 1024 0.139625619
22 17 3 13734 1024 0.155694735
23 18 3 13735 1024 0.177410591
24 19 3 13736 1024 0.138369740
25 20 3 13737 1024 0.177813810
26 21 3 13738 1024 0.156898742
27 22 3 13739 1024 0.130366529
28 23 3 13740 1024 0.133273591
29 24 3 13741 1024 0.163516756
30 25 3 13742 1024 0.168679113
31 26 3 13743 1024 0.173247543
32 27 3 13744 1024 0.151210473
33 28 3 13745 1024 0.135196340
34 29 3 13746 1024 0.156887711
35 30 3 13747 1024 0.165137143
36 31 3 13748 1024 0.178811196
37 32 3 13749 1024 0.168760337
38 33 3 13750 1024 0.162328058
39 34 3 13751 1024 0.176987556
40 35 3 13752 1024 0.167344541
41 36 3 13753 1024 0.137687729
42 37 3 13754 1024 0.152961262
43 38 3 13755 1024 0.146585769
44 39 3 13756 1024 0.134376045
45 40 3 13757 1024 0.132713404
46 41 3 13758 1024 0.169710739
47 42 3 13759 1024 0.157904210
48 43 3 13760 1024 0.158748115
49 44 3 13761 1024 0.141382282
50 45 3 13762 1024 0.142932398
51 46 3 13763 1024 0.149401630
52 47 3 13764 1024 0.161510863
53 48 3 13765 1024 0.151651252
54 49 3 13766 1024 0.130844548
55 50 3 13767 1024 0.163664937
56 51 3 13768 1024 0.156741719
57 52 3 13769 1024 0.162071137
58 53 3 13770 1024 0.160917468
59 54 3 13771 1024 0.167798030
60 55 3 13772 1024 0.159280401
61 56 3 13773 1024 0.165044102
62 57 3 13774 1024 0.133629472
63 58 3 13775 1024 0.176402388
0 60 3 13776 1024 0.135306777
1 61 3 13777 1024 0.169344595
2 62 3 13778 1024 0.145067535
3 63 3 13779 1024 0.134325261
4 0 3 13780 1024 0.168263712
5 1 3 13781 1024 0.151883807
6 2 3 13782 1024 0.149755663
7 3 3 13783 1024 0.163036158
8 4 3 13784 1024 0.153699384
9 5 3 13785 1024 0.156673388
10 6 3 13786 1024 0.136819073
11 7 3 13787 1024 0.149549628
12 8 3 13788 1024 0.169874231
13 9 3 13789 1024 0.157286223
14 10 3 13790 1024 0.178006713
15 11 3 13791 1024 0.137203777
16 12 3 13792 1024 0.163864452
17 13 3 13793 1024 0.175708446
18 14 3 13794 1024 0.169750856
19 15 3 13795 1024 0.166466229
20 16 3 13796 1024 0.148656526
21 17 3 13797 1024 0.177473255
22 18 3 13798 1024 0.157676209
23 19 3 13799 1024 0.157753487
24 20 3 13800 1024 0.136161758
25 21 3 13801 1024 0.130251492
26 22 3 13802 1024 0.159832744
27 23 3 13803 1024 0.156857602
28 24 3 13804 1024 0.177348969
29 25 3 13805 1024 0.145234558
30 26 3 13806 1024 0.167414829
31 27 3 13807 1024 0.175177319
32 28 3 13808 1024 0.147192582
33 29 3 13809 1024 0.150632725
34 30 3 13810 1024 0.162296575
35 31 3 13811 1024 0.155627635
36 32 3 13812 1024 0.138047718
37 33 3 13813 1024 0.141039398
38 34 3 13814 1024 0.171737418
39 35 3 13815 1024 0.139716311
40 36 3 13816 1024 0.139067899
41 37 3 13817 1024 0.169983003
42 38 3 13818 1024 0.172612556
43 39 3 13819 1024 0.172569386
44 40 3 13820 1024 0.176618493
45 41 3 13821 1024 0.179715653
46 42 3 13822 1024 0.153063260
47 43 3 13823 1024 0.157483230
48 44 3 13824 1024 0.144532633
49 45 3 13825 1024 0.133368138
50 46 3 13826 1024 0.134910120
51 47 3 13827 1024 0.166279463
52 48 3 13828 1024 0.154359521
53 49 3 13829 1024 0.146542547
54 50 3 13830 1024 0.136410757
55 51 3 13831 1024 0.162773649
56 52 3 13832 1024 0.135002253
57 53 3 13833 1024 0.160975789
58 54 3 13834 1024 0.175005930
59 55 3 13835 1024 0.145889297
60 56 3 13836 1024 0.152532299
61 57 3 13837 1024 0.160817122
62 58 3 13838 1024 0.145283774
63 59 3 13839 1024 0.159208497
0 61 3 13840 1024 0.158277600
1 62 3 13841 1024 0.148224672
2 63 3 13842 1024 0.145816658
3 0 3 13843 1024 0.151415370
4 1 3 13844 1024 0.130241594
5 2 3 13845 1024 0.142308757
6 3 3 13846 1024 0.141076285
7 4 3 13847 1024 0.166990811
8 5 3 13848 1024 0.151806203
9 6 3 13849 1024 0.172005503
10 7 3 13850 1024 0.136715292
11 8 3 13851 1024 0.166648640
12 9 3 13852 1024 0.173894291
13 10 3 13853 1024 0.153142419
14 11 3 13854 1024 0.147937080
15 12 3 13855 1024 0.145273590
16 13 3 13856 1024 0.157583591
17 14 3 13857 1024 0.138788508
18 15 3 13858 1024 0.160331383
19 16 3 13859 1024 0.172089650
20 17 3 13860 1024 0.172935683
21 18 3 13861 1024 0.137000083
22 19 3 13862 1024 0.156930902
23 20 3 13863 1024 0.143161733
24 21 3 13864 1024 0.174316792
25 22 3 13865 1024 0.133823119
26 23 3 13866 1024 0.133769998
27 24 3 13867 1024 0.130931515
28 25 3 13868 1024 0.155358916
29 26 3 13869 1024 0.131559712
30 27 3 13870 1024 0.159094525
31 28 3 13871 1024 0.150256723
32 29 3 13872 1024 0.159501816
33 30 3 13873 1024 0.175315179
34 31 3 13874 1024 0.157579700
35 32 3 13875 1024 0.157173466
36 33 3 13876 1024 0.179936409
37 34 3 13877 1024 0.153605198
38 35 3 13878 1024 0.168759862
39 36 3 13879 1024 0.148290932
40 37 3 13880 1024 0.141165332
41 38 3 13881 1024 0.168607242
42 39 3 13882 1024 0.166661341
43 40 3 13883 1024 0.144549958
44 41 3 13884 1024 0.153235057
45 42 3 13885 1024 0.155520600
46 43 3 13886 1024 0.149839258
47 44 3 13887 1024 0.155108363
48 45 3 13888 1024 0.163133924
49 46 3 13889 1024 0.172399092
50 47 3 13890 1024 0.170327003
51 48 3 13891 1024 0.160701799
52 49 3 13892 1024 0.138292178
53 50 3 13893 1024 0.155706834
54 51 3 13894 1024 0.152311022
55 52 3 13895 1024 0.138957259
56 53 3 13896 1024 0.177435592
57 54 3 13897 1024 0.162970665
58 55 3 13898 1024 0.178386778
59 56 3 13899 1024 0.166795990
60 57 3 13900 1024 0.154175171
61 58 3 13901 1024 0.147939777
62 59 3 13902 1024 0.140940956
63 60 3 13903 1024 0.154382107
0 62 3 13904 1024 0.133143058
1 63 3 13905 1024 0.148471759
2 0 3 13906 1024 0.132140422
3 1 3 13907 1024 0.140338704
4 2 3 13908 1024 0.175386305
5 3 3 13909 1024 0.148062568
6 4 3 13910 1024 0.153483711
7 5 3 13911 1024 0.152732172
8 6 3 13912 1024 0.132321873
9 7 3 13913 1024 0.179029489
10 8 3 13914 1024 0.146203556
11 9 3 13915 1024 0.165186813
12 10 3 13916 1024 0.156068645
13 11 3 13917 1024 0.171482358
14 12 3 13918 1024 0.171743613
15 13 3 13919 1024 0.143165803
16 14 3 13920 1024 0.157217503
17 15 3 13921 1024 0.138692491
18 16 3 13922 1024 0.162683766
19 17 3 13923 1024 0.148264839
20 18 3 13924 1024 0.162666827
21 19 3 13925 1024 0.171773453
22 20 3 13926 1024 0.155833145
23 21 3 13927 1024 0.148816439
24 22 3 13928 1024 0.175362121
25 23 3 13929 1024 0.155818589
26 24 3 13930 1024 0.147644900
27 25 3 13931 1024 0.173385971
28 26 3 13932 1024 0.154343078
29 27 3 13933 1024 0.154105504
30 28 3 13934 1024 0.160210549
31 29 3 13935 1024 0.155091849
32 30 3 13936 1024 0.136948415
33 31 3 13937 1024 0.138280291
34 32 3 13938 1024 0.133854411
35 33 3 13939 1024 0.162173850
36 34 3 13940 1024 0.140575855
37 35 3 13941 1024 0.139345284
38 36 3 13942 1024 0.148111147
39 37 3 13943 1024 0.165865135
40 38 3 13944 1024 0.135916511
41 39 3 13945 1024 0.141517317
42 40 3 13946 1024 0.170558631
43 41 3 13947 1024 0.166012783
44 42 3 13948 1024 0.154075832
45 43 3 13949 1024 0.153940732
46 44 3 13950 1024 0.140535198
47 45 3 13951 1024 0.138062313
48 46 3 13952 1024 0.171668250
49 47 3 13953 1024 0.131122302
50 48 3 13954 1024 0.132157217
51 49 3 13955 1024 0.158674326
52 50 3 13956 1024 0.138056457
53 51 3 13957 1024 0.161477021
54 52 3 13958 1024 0.131959543
55 53 3 13959 1024 0.158613465
56 54 3 13960 1024 0.132795600
57 55 3 13961 1024 0.142912982
58 56 3 13962 1024 0.139001877
59 57 3 13963 1024 0.177911917
60 58 3 13964 1024 0.159967876
61 59 3 13965 1024 0.158180235
62 60 3 13966 1024 0.130931002
63 61 3 13967 1024 0.165977365
0 63 3 13968 1024 0.163087253
1 0 3 13969 1024 0.144172731
2 1 3 13970 1024 0.134287425
3 2 3 13971 1024 0.152460168
4 3 3 13972 1024 0.179638791
5 4 3 13973 1024 0.173365120
6 5 3 13974 1024 0.138528339
7 6 3 13975 1024 0.171518179
8 7 3 13976 1024 0.160041936
9 8 3 13977 1024 0.169730804
10 9 3 13978 1024 0.171022659
11 10 3 13979 1024 0.139094208
12 11 3 13980 1024 0.162982438
13 12 3 13981 1024 0.143226035
14 13 3 13982 1024 0.166209340
15 14 3 13983 1024 0.147133564
16 15 3 13984 1024 0.152673507
17 16 3 13985 1024 0.159529800
18 17 3 13986 1024 0.141490689
19 18 3 13987 1024 0.149273094
20 19 3 13988 1024 0.135428506
21 20 3 13989 1024 0.140117427
22 21 3 13990 1024 0.172979585
23 22 3 13991 1024 0.155217976
24 23 3 13992 1024 0.150989751
25 24 3 13993 1024 0.137478060
26 25 3 13994 1024 0.134814929
27 26 3 13995 1024 0.153793459
28 27 3 13996 1024 0.160737408
29 28 3 13997 1024 0.131951828
30 29 3 13998 1024 0.169193412
31 30 3 13999 1024 0.155166460
32 31 3 14000 1024 0.135875820
33 32 3 14001 1024 0.154112047
34 33 3 14002 1024 0.136516442
35 34 3 14003 1024 0.160173733
36 35 3 14004 1024 0.171376089
37 36 3 14005 1024 0.174848448
38 37 3 14006 1024 0.168743521
39 38 3 14007 1024 0.162461587
40 39 3 14008 1024 0.156102211
41 40 3 14009 1024 0.148518873
42 41 3 14010 1024 0.132171914
43 42 3 14011 1024 0.156490826
44 43 3 14012 1024 0.141474313
45 44 3 14013 1024 0.170115010
46 45 3 14014 1024 0.169477779
47 46 3 14015 1024 0.149061825
48 47 3 14016 1024 0.159452404
49 48 3 14017 1024 0.167069702
50 49 3 14018 1024 0.168076961
51 50 3 14019 1024 0.164835380
52 51 3 14020 1024 0.134885845
53 52 3 14021 1024 0.136694155
54 53 3 14022 1024 0.153857062
55 54 3 14023 1024 0.141625645
56 55 3 14024 1024 0.172952662
57 56 3 14025 1024 0.144163333
58 57 3 14026 1024 0.173838316
59 58 3 14027 1024 0.150432335
60 59 3 14028 1024 0.139451051
61 60 3 14029 1024 0.165457442
62 61 3 14030 1024 0.169471124
63 62 3 14031 1024 0.158899357
0 1 3 14032 1024 0.135891430
1 2 3 14033 1024 0.130359703
2 3 3 14034 1024 0.162727306
3 4 3 14035 1024 0.164388337
4 5 3 14036 1024 0.145795086
5 6 3 14037 1024 0.148113489
6 7 3 14038 1024 0.137738929
7 8 3 14039 1024 0.162578797
8 9 3 14040 1024 0.142681636
9 10 3 14041 1024 0.172748846
10 11 3 14042 1024 0.151178077
11 12 3 14043 1024 0.148282205
12 13 3 14044 1024 0.143778027
13 14 3 14045 1024 0.164030285
14 15 3 14046 1024 0.167748595
15 16 3 14047 1024 0.150661408
16 17 3 14048 1024 0.169189421
17 18 3 14049 1024 0.154123388
18 19 3 14050 1024 0.148510648
19 20 3 14051 1024 0.157745568
20 21 3 14052 1024 0.142688882
21 22 3 14053 1024 0.145332654
22 23 3 14054 1024 0.147217815
23 24 3 14055 1024 0.165274730
24 25 3 14056 1024 0.166789122
25 26 3 14057 1024 0.172749946
26 27 3 14058 1024 0.162964142
27 28 3 14059 1024 0.167390710
28 29 3 14060 1024 0.152329744
29 30 3 14061 1024 0.164965572
30 31 3 14062 1024 0.138089756
31 32 3 14063 1024 0.140722907
32 33 3 14064 1024 0.150028045
33 34 3 14065 1024 0.146921892
34 35 3 14066 1024 0.157528811
35 36 3 14067 1024 0.164852870
36 37 3 14068 1024 0.165339497
37 38 3 14069 1024 0.138036900
38 39 3 14070 1024 0.178228513
39 40 3 14071 1024 0.130264532
40 41 3 14072 1024 0.134554429
41 42 3 14073 1024 0.137266422
42 43 3 14074 1024 0.176293089
43 44 3 14075 1024 0.151768872
44 45 3 14076 1024 0.133204023
45 46 3 14077 1024 0.141088512
46 47 3 14078 1024 0.134001987
47 48 3 14079 1024 0.131887767
48 49 3 14080 1024 0.149216301
49 50 3 14081 1024 0.179222405
50 51 3 14082 1024 0.160698280
51 52 3 14083 1024 0.156050277
52 53 3 14084 1024 0.165580292
53 54 3 14085 1024 0.159873628
54 55 3 14086 1024 0.177285793
55 56 3 14087 1024 0.171011437
56 57 3 14088 1024 0.162014566
57 58 3 14089 1024 0.151948602
58 59 3 14090 1024 0.140085362
59 60 3 14091 1024 0.162844211
60 61 3 14092 1024 0.170195495
61 62 3 14093 1024 0.144300326
62 63 3 14094 1024 0.131680468
63 0 3 14095 1024 0.159975746
0 1 3 14096 1024 0.155790682
1 2 3 14097 1024 0.141583549
2 3 3 14098 1024 0.138474145
3 4 3 14099 1024 0.131803057
4 5 3 14100 1024 0.141962831
5 6 3 14101 1024 0.130014364
6 7 3 14102 1024 0.137872238
7 8 3 14103 1024 0.179840857
8 9 3 14104 1024 0.168983644
9 10 3 14105 1024 0.147656383
10 11 3 14106 1024 0.149757156
11 12 3 14107 1024 0.159304008
12 13 3 14108 1024 0.155887135
13 14 3 14109 1024 0.166846277
14 15 3 14110 1024 0.133430859
15 16 3 14111 1024 0.134508293
16 17 3 14112 1024 0.144224689
17 18 3 14113 1024 0.171488240
18 19 3 14114 1024 0.175750449
19 20 3 14115 1024 0.147404762
20 21 3 14116 1024 0.178164383
21 22 3 14117 1024 0.143825392
22 23 3 14118 1024 0.160318170
23 24 3 14119 1024 0.139726260
24 25 3 14120 1024 0.176485692
25 26 3 14121 1024 0.158745336
26 27 3 14122 1024 0.143055375
27 28 3 14123 1024 0.150356731
28 29 3 14124 1024 0.135323248
29 30 3 14125 1024 0.133619299
30 31 3 14126 1024 0.144712591
31 32 3 14127 1024 0.177350773
32 33 3 14128 1024 0.170147112
33 34 3 14129 1024 0.177835467
34 35 3 14130 1024 0.173805652
35 36 3 14131 1024 0.170657367
36 37 3 14132 1024 0.158744694
37 38 3 14133 1024 0.164709593
38 39 3 14134 1024 0.178302773
39 40 3 14135 1024 0.158158430
40 41 3 14136 1024 0.168498360
41 42 3 14137 1024 0.167873664
42 43 3 14138 1024 0.178061936
43 44 3 14139 1024 0.152942421
44 45 3 14140 1024 0.153036022
45 46 3 14141 1024 0.159341326
46 47 3 14142 1024 0.131367535
47 48 3 14143 1024 0.135813415
48 49 3 14144 1024 0.133377713
49 50 3 14145 1024 0.161683090
50 51 3 14146 1024 0.179709902
51 52 3 14147 1024 0.163845649
52 53 3 14148 1024 0.141496507
53 54 3 14149 1024 0.145786535
54 55 3 14150 1024 0.177772284
55 56 3 14151 1024 0.155825211
56 57 3 14152 1024 0.130486160
57 58 3 14153 1024 0.171608852
58 59 3 14154 1024 0.142412880
59 60 3 14155 1024 0.134650472
60 61 3 14156 1024 0.163684896
61 62 3 14157 1024 0.171053734
62 63 3 14158 1024 0.133801441
63 0 3 14159 1024 0.176569812
0 2 3 14160 1024 0.153827773
1 3 3 14161 1024 0.147676896
2 4 3 14162 1024 0.174715813
3 5 3 14163 1024 0.143453789
4 6 3 14164 1024 0.177355905
5 7 3 14165 1024 0.164155365
6 8 3 14166 1024 0.175496373
7 9 3 14167 1024 0.154949967
8 10 3 14168 1024 0.139983327
9 11 3 14169 1024 0.166771453
10 12 3 14170 1024 0.173637125
11 13 3 14171 1024 0.140338932
12 14 3 14172 1024 0.140138328
13 15 3 14173 1024 0.142484772
14 16 3 14174 1024 0.160929845
15 17 3 14175 1024 0.137799778
16 18 3 14176 1024 0.135334465
17 19 3 14177 1024 0.176009406
18 20 3 14178 1024 0.163790606
19 21 3 14179 1024 0.163171204
20 22 3 14180 1024 0.160691349
21 23 3 14181 1024 0.168212211
22 24 3 14182 1024 0.157073698
23 25 3 14183 1024 0.132113156
24 26 3 14184 1024 0.154114604
25 27 3 14185 1024 0.161033374
26 28 3 14186 1024 0.154617019
27 29 3 14187 1024 0.179268066
28 30 3 14188 1024 0.174849989
29 31 3 14189 1024 0.173438442
30 32 3 14190 1024 0.154540268
31 33 3 14191 1024 0.179219734
32 34 3 14192 1024 0.175800341
33 35 3 14193 1024 0.144013331
34 36 3 14194 1024 0.141104639
35 37 3 14195 1024 0.158833259
36 38 3 14196 1024 0.132707409
37 39 3 14197 1024 0.169963496
38 40 3 14198 1024 0.153916004
39 41 3 14199 1024 0.157038397
40 42 3 14200 1024 0.155123761
41 43 3 14201 1024 0.149685846
42 44 3 14202 1024 0.164316932
43 45 3 14203 1024 0.138740018
44 46 3 14204 1024 0.178825360
45 47 3 14205 1024 0.164912228
46 48 3 14206 1024 0.153003530
47 49 3 14207 1024 0.164460527
48 50 3 14208 1024 0.130590999
49 51 3 14209 1024 0.140537619
50 52 3 14210 1024 0.159050411
51 53 3 14211 1024 0.146271810
52 54 3 14212 1024 0.160638905
53 55 3 14213 1024 0.142985038
54 56 3 14214 1024 0.157428170
55 57 3 14215 1024 0.141856958
56 58 3 14216 1024 0.153567268
57 59 3 14217 1024 0.160654202
58 60 3 14218 1024 0.148296208
59 61 3 14219 1024 0.154938501
60 62 3 14220 1024 0.140526624
61 63 3 14221 1024 0.165035631
62 0 3 14222 1024 0.148615481
63 1 3 14223 1024 0.172716304
0 3 3 14224 1024 0.143981477
1 4 3 14225 1024 0.138994461
2 5 3 14226 1024 0.136556958
3 6 3 14227 1024 0.158794636
4 7 3 14228 1024 0.141428337
5 8 3 14229 1024 0.134993487
6 9 3 14230 1024 0.143497455
7 10 3 14231 1024 0.141790259
8 11 3 14232 1024 0.151610938
9 12 3 14233 1024 0.149044169
10 13 3 14234 1024 0.137292187
11 14 3 14235 1024 0.177957396
12 15 3 14236 1024 0.137477403
13 16 3 14237 1024 0.170283418
14 17 3 14238 1024 0.138830364
15 18 3 14239 1024 0.154979891
16 19 3 14240 1024 0.179778089
17 20 3 14241 1024 0.172469496
18 21 3 14242 1024 0.155850349
19 22 3 14243 1024 0.166028016
20 23 3 14244 1024 0.169266647
21 24 3 14245 1024 0.145001709
22 25 3 14246 1024 0.158106923
23 26 3 14247 1024 0.158391726
24 27 3 14248 1024 0.149920095
25 28 3 14249 1024 0.164527159
26 29 3 14250 1024 0.133001819
27 30 3 14251 1024 0.170690903
28 31 3 14252 1024 0.153826971
29 32 3 14253 1024 0.161493111
30 33 3 14254 1024 0.152492741
31 34 3 14255 1024 0.146732827
32 35 3 14256 1024 0.148048101
33 36 3 14257 1024 0.158017502
34 37 3 14258 1024 0.176592229
35 38 3 14259 1024 0.142885741
36 39 3 14260 1024 0.130991767
37 40 3 14261 1024 0.136061874
38 41 3 14262 1024 0.173368429
39 42 3 14263 1024 0.178155828
40 43 3 14264 1024 0.139947906
41 44 3 14265 1024 0.158794723
42 45 3 14266 1024 0.162456548
43 46 3 14267 1024 0.138726942
44 47 3 14268 1024 0.169015455
45 48 3 14269 1024 0.147755452
46 49 3 14270 1024 0.163659642
47 50 3 14271 1024 0.154374687
48 51 3 14272 1024 0.166826308
49 52 3 14273 1024 0.174481622
50 53 3 14274 1024 0.149053550
51 54 3 14275 1024 0.144326179
52 55 3 14276 1024 0.161585610
53 56 3 14277 1024 0.137242417
54 57 3 14278 1024 0.138378777
55 58 3 14279 1024 0.170385857
56 59 3 14280 1024 0.146869415
57 60 3 14281 1024 0.161563670
58 61 3 14282 1024 0.158581879
59 62 3 14283 1024 0.172445039
60 63 3 14284 1024 0.133567204
61 0 3 14285 1024 0.138099974
62 1 3 14286 1024 0.141410897
63 2 3 14287 1024 0.145843912
0 4 3 14288 1024 0.144567818
1 5 3 14289 1024 0.143373620
2 6 3 14290 1024 0.162232215
3 7 3 14291 1024 0.143562405
4 8 3 14292 1024 0.152244919
5 9 3 14293 1024 0.173140324
6 10 3 14294 1024 0.148158242
7 11 3 14295 1024 0.159345989
8 12 3 14296 1024 0.178276302
9 13 3 14297 1024 0.150699453
10 14 3 14298 1024 0.139194310
11 15 3 14299 1024 0.131155055
12 16 3 14300 1024 0.166388621
13 17 3 14301 1024 0.163101127
14 18 3 14302 1024 0.177021867
15 19 3 14303 1024 0.165034846
16 20 3 14304 1024 0.134003237
17 21 3 14305 1024 0.138345523
18 22 3 14306 1024 0.135150466
19 23 3 14307 1024 0.133189620
20 24 3 14308 1024 0.173934549
21 25 3 14309 1024 0.157421687
22 26 3 14310 1024 0.131318246
23 27 3 14311 1024 0.149850626
24 28 3 14312 1024 0.168249819
25 29 3 14313 1024 0.134162560
26 30 3 14314 1024 0.143122613
27 31 3 14315 1024 0.137763718
28 32 3 14316 1024 0.162741634
29 33 3 14317 1024 0.174273566
30 34 3 14318 1024 0.145468533
31 35 3 14319 1024 0.142369826
32 36 3 14320 1024 0.144208764
33 37 3 14321 1024 0.161324034
34 38 3 14322 1024 0.136563856
35 39 3 14323 1024 0.171925889
36 40 3 14324 1024 0.131428565
37 41 3 14325 1024 0.163177457
38 42 3 14326 1024 0.173018441
39 43 3 14327 1024 0.146260066
40 44 3 14328 1024 0.153807737
41 45 3 14329 1024 0.178749077
42 46 3 14330 1024 0.157029208
43 47 3 14331 1024 0.143620721
44 48 3 14332 1024 0.152242247
45 49 3 14333 1024 0.178477113
46 50 3 14334 1024 0.164881144
47 51 3 14335 1024 0.138851832
48 52 3 14336 1024 0.159879210
49 53 3 14337 1024 0.161552376
50 54 3 14338 1024 0.161792557
51 55 3 14339 1024 0.158199224
52 56 3 14340 1024 0.156172990
53 57 3 14341 1024 0.161976412
54 58 3 14342 1024 0.145483066
55 59 3 14343 1024 0.147358415
56 60 3 14344 1024 0.156983406
57 61 3 14345 1024 0.170235388
58 62 3 14346 1024 0.152093015
59 63 3 14347 1024 0.148289166
60 0 3 14348 1024 0.142990352
61 1 3 14349 1024 0.145178646
62 2 3 14350 1024 0.130004617
63 3 3 14351 1024 0.170768989
0 5 3 14352 1024 0.172397324
1 6 3 14353 1024 0.147194246
2 7 3 14354 1024 0.153459898
3 8 3 14355 1024 0.130415856
4 9 3 14356 1024 0.176104420
5 10 3 14357 1024 0.177347876
6 11 3 14358 1024 0.153853354
7 12 3 14359 1024 0.130456630
8 13 3 14360 1024 0.151521766
9 14 3 14361 1024 0.144646131
10 15 3 14362 1024 0.141560770
11 16 3 14363 1024 0.130360899
12 17 3 14364 1024 0.148682194
13 18 3 14365 1024 0.150586793
14 19 3 14366 1024 0.158027718
15 20 3 14367 1024 0.149737604
16 21 3 14368 1024 0.138163475
17 22 3 14369 1024 0.166855893
18 23 3 14370 1024 0.149486163
19 24 3 14371 1024 0.148917903
20 25 3 14372 1024 0.143149014
21 26 3 14373 1024 0.151111969
22 27 3 14374 1024 0.141978091
23 28 3 14375 1024 0.168226915
24 29 3 14376 1024 0.175497720
25 30 3 14377 1024 0.170378747
26 31 3 14378 1024 0.164232015
27 32 3 14379 1024 0.144233843
28 33 3 14380 1024 0.167146345
29 34 3 14381 1024 0.170440432
30 35 3 14382 1024 0.150645194
31 36 3 14383 1024 0.172674101
32 37 3 14384 1024 0.139120359
33 38 3 14385 1024 0.144479765
34 39 3 14386 1024 0.161844635
35 40 3 14387 1024 0.160886471
36 41 3 14388 1024 0.143606707
37 42 3 14389 1024 0.161137689
38 43 3 14390 1024 0.139389472
39 44 3 14391 1024 0.130969770
40 45 3 14392 1024 0.132481604
41 46 3 14393 1024 0.156748538
42 47 3 14394 1024 0.139296880
43 48 3 14395 1024 0.135113674
44 49 3 14396 1024 0.143459757
45 50 3 14397 1024 0.165759797
46 51 3 14398 1024 0.166355354
47 52 3 14399 1024 0.141640525
48 53 3 14400 1024 0.137534185
49 54 3 14401 1024 0.154678978
50 55 3 14402 1024 0.147095643
51 56 3 14403 1024 0.145578834
52 57 3 14404 1024 0.169973118
53 58 3 14405 1024 0.179898172
54 59 3 14406 1024 0.153184223
55 60 3 14407 1024 0.169571236
56 61 3 14408 1024 0.146512432
57 62 3 14409 1024 0.172177315
58 63 3 14410 1024 0.177582202
59 0 3 14411 1024 0.132801917
60 1 3 14412 1024 0.168782646
61 2 3 14413 1024 0.133569235
62 3 3 14414 1024 0.153507339
63 4 3 14415 1024 0.139609615
0 6 3 14416 1024 0.172076964
1 7 3 14417 1024 0.170862536
2 8 3 14418 1024 0.171412602
3 9 3 14419 1024 0.136098078
4 10 3 14420 1024 0.168407284
5 11 3 14421 1024 0.142448118
6 12 3 14422 1024 0.168561267
7 13 3 14423 1024 0.152148047
8 14 3 14424 1024 0.166880951
9 15 3 14425 1024 0.131675515
10 16 3 14426 1024 0.153041732
11 17 3 14427 1024 0.168549798
12 18 3 14428 1024 0.156056956
13 19 3 14429 1024 0.179105793
14 20 3 14430 1024 0.153641277
15 21 3 14431 1024 0.164072116
16 22 3 14432 1024 0.145605468
17 23 3 14433 1024 0.146153159
18 24 3 14434 1024 0.161458213
19 25 3 14435 1024 0.132109296
20 26 3 14436 1024 0.176871046
21 27 3 14437 1024 0.156046313
22 28 3 14438 1024 0.142665637
23 29 3 14439 1024 0.161926001
24 30 3 14440 1024 0.139936182
25 31 3 14441 1024 0.174375979
26 32 3 14442 1024 0.173182883
27 33 3 14443 1024 0.140889412
28 34 3 14444 1024 0.135646423
29 35 3 14445 1024 0.161645448
30 36 3 14446 1024 0.146225674
31 37 3 14447 1024 0.138368018
32 38 3 14448 1024 0.143805002
33 39 3 14449 1024 0.135982480
34 40 3 14450 1024 0.169457189
35 41 3 14451 1024 0.130446493
36 42 3 14452 1024 0.132099668
37 43 3 14453 1024 0.169173762
38 44 3 14454 1024 0.153763534
39 45 3 14455 1024 0.159810614
40 46 3 14456 1024 0.148569933
41 47 3 14457 1024 0.134473995
42 48 3 14458 1024 0.137884923
43 49 3 14459 1024 0.134570078
44 50 3 14460 1024 0.160932243
45 51 3 14461 1024 0.176542439
46 52 3 14462 1024 0.179848655
47 53 3 14463 1024 0.161256617
48 54 3 14464 1024 0.132988757
49 55 3 14465 1024 0.162228745
50 56 3 14466 1024 0.165066407
51 57 3 14467 1024 0.169573312
52 58 3 14468 1024 0.136291373
53 59 3 14469 1024 0.141633732
54 60 3 14470 1024 0.179083786
55 61 3 14471 1024 0.169428091
56 62 3 14472 1024 0.167834876
57 63 3 14473 1024 0.170276269
58 0 3 14474 1024 0.151935945
59 1 3 14475 1024 0.139648265
60 2 3 14476 1024 0.164462499
61 3 3 14477 1024 0.147908375
62 4 3 14478 1024 0.136736609
63 5 3 14479 1024 0.174933152
0 7 3 14480 1024 0.154265107
1 8 3 14481 1024 0.151875000
2 9 3 14482 1024 0.144735730
3 10 3 14483 1024 0.164851889
4 11 3 14484 1024 0.139488792
5 12 3 14485 1024 0.139331336
6 13 3 14486 1024 0.147383234
7 14 3 14487 1024 0.166620121
8 15 3 14488 1024 0.143766223
9 16 3 14489 1024 0.171567480
10 17 3 14490 1024 0.175723700
11 18 3 14491 1024 0.157726016
12 19 3 14492 1024 0.133443829
13 20 3 14493 1024 0.137751274
14 21 3 14494 1024 0.144783633
15 22 3 14495 1024 0.143167463
16 23 3 14496 1024 0.148355635
17 24 3 14497 1024 0.130035991
18 25 3 14498 1024 0.161901303
19 26 3 14499 1024 0.148952178
20 27 3 14500 1024 0.139276715
21 28 3 14501 1024 0.130935993
22 29 3 14502 1024 0.172841464
23 30 3 14503 1024 0.168800828
24 31 3 14504 1024 0.141939328
25 32 3 14505 1024 0.166050178
26 33 3 14506 1024 0.162914471
27 34 3 14507 1024 0.156947826
28 35 3 14508 1024 0.149374542
29 36 3 14509 1024 0.156203488
30 37 3 14510 1024 0.154877458
31 38 3 14511 1024 0.157573390
32 39 3 14512 1024 0.160651962
33 40 3 14513 1024 0.146130002
34 41 3 14514 1024 0.162045196
35 42 3 14515 1024 0.135523207
36 43 3 14516 1024 0.156160027
37 44 3 14517 1024 0.133333992
38 45 3 14518 1024 0.171759668
39 46 3 14519 1024 0.136488713
40 47 3 14520 1024 0.173674639
41 48 3 14521 1024 0.140103951
42 49 3 14522 1024 0.154268514
43 50 3 14523 1024 0.134937679
44 51 3 14524 1024 0.158550609
45 52 3 14525 1024 0.171814976
46 53 3 14526 1024 0.162896063
47 54 3 14527 1024 0.156291068
48 55 3 14528 1024 0.165065701
49 56 3 14529 1024 0.142796927
50 57 3 14530 1024 0.148317701
51 58 3 14531 1024 0.160297681
52 59 3 14532 1024 0.133543698
53 60 3 14533 1024 0.176510552
54 61 3 14534 1024 0.140436905
55 62 3 14535 1024 0.154570275
56 63 3 14536 1024 0.174488366
57 0 3 14537 1024 0.133997840
58 1 3 14538 1024 0.170050997
59 2 3 14539 1024 0.133035009
60 3 3 14540 1024 0.157900994
61 4 3 14541 1024 0.176912193
62 5 3 14542 1024 0.150797660
63 6 3 14543 1024 0.148453433
0 8 3 14544 1024 0.165421689
1 9 3 14545 1024 0.171182148
2 10 3 14546 1024 0.143290782
3 11 3 14547 1024 0.132032658
4 12 3 14548 1024 0.133519406
5 13 3 14549 1024 0.145195227
6 14 3 14550 1024 0.177230174
7 15 3 14551 1024 0.178029337
8 16 3 14552 1024 0.134855963
9 17 3 14553 1024 0.166258597
10 18 3 14554 1024 0.156583053
11 19 3 14555 1024 0.139473021
12 20 3 14556 1024 0.156309601
13 21 3 14557 1024 0.142438151
14 22 3 14558 1024 0.161266253
15 23 3 14559 1024 0.138944895
16 24 3 14560 1024 0.167459718
17 25 3 14561 1024 0.150759230
18 26 3 14562 1024 0.135275709
19 27 3 14563 1024 0.161931215
20 28 3 14564 1024 0.147898168
21 29 3 14565 1024 0.152936030
22 30 3 14566 1024 0.163262118
23 31 3 14567 1024 0.174141201
24 32 3 14568 1024 0.138340466
25 33 3 14569 1024 0.139019827
26 34 3 14570 1024 0.150077859
27 35 3 14571 1024 0.146875644
28 36 3 14572 1024 0.137908823
29 37 3 14573 1024 0.179921679
30 38 3 14574 1024 0.152150608
31 39 3 14575 1024 0.147616204
32 40 3 14576 1024 0.145757750
33 41 3 14577 1024 0.179573150
34 42 3 14578 1024 0.146232705
35 43 3 14579 1024 0.148585976
36 44 3 14580 1024 0.168209218
37 45 3 14581 1024 0.151529404
38 46 3 14582 1024 0.166293384
39 47 3 14583 1024 0.160420669
40 48 3 14584 1024 0.158157235
41 49 3 14585 1024 0.140696407
42 50 3 14586 1024 0.168285411
43 51 3 14587 1024 0.176307346
44 52 3 14588 1024 0.142704456
45 53 3 14589 1024 0.178082589
46 54 3 14590 1024 0.152374989
47 55 3 14591 1024 0.149854528
48 56 3 14592 1024 0.166315664
49 57 3 14593 1024 0.179147824
50 58 3 14594 1024 0.159788141
51 59 3 14595 1024 0.155880468
52 60 3 14596 1024 0.179670600
53 61 3 14597 1024 0.145092083
54 62 3 14598 1024 0.145016698
55 63 3 14599 1024 0.141094335
56 0 3 14600 1024 0.172786021
57 1 3 14601 1024 0.131085069
58 2 3 14602 1024 0.171096996
59 3 3 14603 1024 0.164485959
60 4 3 14604 1024 0.143797857
61 5 3 14605 1024 0.157683158
62 6 3 14606 1024 0.157816154
63 7 3 14607 1024 0.176296123
0 9 3 14608 1024 0.137735739
1 10 3 14609 1024 0.131886815
2 11 3 14610 1024 0.147782788
3 12 3 14611 1024 0.136920410
4 13 3 14612 1024 0.148354145
5 14 3 14613 1024 0.159107785
6 15 3 14614 1024 0.141649707
7 16 3 14615 1024 0.170553712
8 17 3 14616 1024 0.134595256
9 18 3 14617 1024 0.149989912
10 19 3 14618 1024 0.175894090
11 20 3 14619 1024 0.166713298
12 21 3 14620 1024 0.166179026
13 22 3 14621 1024 0.169645210
14 23 3 14622 1024 0.138645125
15 24 3 14623 1024 0.171285262
16 25 3 14624 1024 0.164479755
17 26 3 14625 1024 0.158811623
18 27 3 14626 1024 0.175382782
19 28 3 14627 1024 0.159761560
20 29 3 14628 1024 0.145019663
21 30 3 14629 1024 0.166539468
22 31 3 14630 1024 0.158814185
23 32 3 14631 1024 0.133923870
24 33 3 14632 1024 0.132796135
25 34 3 14633 1024 0.168545075
26 35 3 14634 1024 0.147396510
27 36 3 14635 1024 0.170857085
28 37 3 14636 1024 0.150826086
29 38 3 14637 1024 0.173391555
30 39 3 14638 1024 0.173489326
31 40 3 14639 1024 0.141335884
32 41 3 14640 1024 0.162638959
33 42 3 14641 1024 0.160115082
34 43 3 14642 1024 0.130571719
35 44 3 14643 1024 0.168870931
36 45 3 14644 1024 0.149124348
37 46 3 14645 1024 0.145239170
38 47 3 14646 1024 0.132059113
39 48 3 14647 1024 0.156996486
40 49 3 14648 1024 0.137479001
41 50 3 14649 1024 0.155120081
42 51 3 14650 1024 0.141039859
43 52 3 14651 1024 0.132525991
44 53 3 14652 1024 0.166578929
45 54 3 14653 1024 0.149644135
46 55 3 14654 1024 0.152280812
47 56 3 14655 1024 0.159756610
48 57 3 14656 1024 0.155236467
49 58 3 14657 1024 0.141104281
50 59 3 14658 1024 0.144489151
51 60 3 14659 1024 0.149716120
52 61 3 14660 1024 0.136609452
53 62 3 14661 1024 0.134127256
54 63 3 14662 1024 0.158572030
55 0 3 14663 1024 0.132465555
56 1 3 14664 1024 0.149959565
57 2 3 14665 1024 0.134253949
58 3 3 14666 1024 0.155091156
59 4 3 14667 1024 0.168691257
60 5 3 14668 1024 0.136518759
61 6 3 14669 1024 0.136743538
62 7 3 14670 1024 0.157964809
63 8 3 14671 1024 0.154393055
0 10 3 14672 1024 0.162612422
1 11 3 14673 1024 0.139804965
2 12 3 14674 1024 0.160799842
3 13 3 14675 1024 0.166783388
4 14 3 14676 1024 0.142312292
5 15 3 14677 1024 0.133582199
6 16 3 14678 1024 0.168838595
7 17 3 14679 1024 0.146170582
8 18 3 14680 1024 0.176206904
9 19 3 14681 1024 0.134479732
10 20 3 14682 1024 0.163587378
11 21 3 14683 1024 0.151177030
12 22 3 14684 1024 0.147415393
13 23 3 14685 1024 0.146036918
14 24 3 14686 1024 0.159693857
15 25 3 14687 1024 0.131210342
16 26 3 14688 1024 0.145240942
17 27 3 14689 1024 0.179382596
18 28 3 14690 1024 0.160811050
19 29 3 14691 1024 0.179507959
20 30 3 14692 1024 0.152110505
21 31 3 14693 1024 0.137290924
22 32 3 14694 1024 0.132243878
23 33 3 14695 1024 0.170908596
24 34 3 14696 1024 0.139984261
25 35 3 14697 1024 0.148691040
26 36 3 14698 1024 0.167886689
27 37 3 14699 1024 0.172638207
28 38 3 14700 1024 0.135618587
29 39 3 14701 1024 0.132726901
30 40 3 14702 1024 0.177447046
31 41 3 14703 1024 0.176336485
32 42 3 14704 1024 0.173437618
33 43 3 14705 1024 0.171006698
34 44 3 14706 1024 0.130686665
35 45 3 14707 1024 0.164689761
36 46 3 14708 1024 0.135563900
37 47 3 14709 1024 0.152503079
38 48 3 14710 1024 0.131137406
39 49 3 14711 1024 0.140450477
40 50 3 14712 1024 0.156900273
41 51 3 14713 1024 0.140190068
42 52 3 14714 1024 0.156163294
43 53 3 14715 1024 0.142932900
44 54 3 14716 1024 0.154151317
45 55 3 14717 1024 0.166496179
46 56 3 14718 1024 0.137067371
47 57 3 14719 1024 0.164937762
48 58 3 14720 1024 0.130919426
49 59 3 14721 1024 0.159150247
50 60 3 14722 1024 0.163176417
51 61 3 14723 1024 0.132174100
52 62 3 14724 1024 0.138515982
53 63 3 14725 1024 0.144200677
54 0 3 14726 1024 0.169459425
55 1 3 14727 1024 0.160898239
56 2 3 14728 1024 0.132654262
57 3 3 14729 1024 0.162737894
58 4 3 14730 1024 0.130416709
59 5 3 14731 1024 0.149432257
60 6 3 14732 1024 0.143565519
61 7 3 14733 1024 0.172604147
62 8 3 14734 1024 0.163005019
63 9 3 14735 1024 0.173214114
0 11 3 14736 1024 0.130953916
1 12 3 14737 1024 0.173370522
2 13 3 14738 1024 0.162470557
3 14 3 14739 1024 0.141558431
4 15 3 14740 1024 0.149035060
5 16 3 14741 1024 0.178830597
6 17 3 14742 1024 0.134980186
7 18 3 14743 1024 0.145772798
8 19 3 14744 1024 0.173338637
9 20 3 14745 1024 0.156578032
10 21 3 14746 1024 0.139320869
11 22 3 14747 1024 0.155032541
12 23 3 14748 1024 0.152899313
13 24 3 14749 1024 0.176317499
14 25 3 14750 1024 0.131074423
15 26 3 14751 1024 0.142369607
16 27 3 14752 1024 0.156470768
17 28 3 14753 1024 0.146678482
18 29 3 14754 1024 0.149669991
19 30 3 14755 1024 0.137850263
20 31 3 14756 1024 0.147338995
21 32 3 14757 1024 0.147595654
22 33 3 14758 1024 0.161261549
23 34 3 14759 1024 0.141810238
24 35 3 14760 1024 0.178912213
25 36 3 14761 1024 0.155062573
26 37 3 14762 1024 0.170594643
27 38 3 14763 1024 0.161289618
28 39 3 14764 1024 0.173933864
29 40 3 14765 1024 0.174520104
30 41 3 14766 1024 0.170742932
31 42 3 14767 1024 0.131473295
32 43 3 14768 1024 0.157746968
33 44 3 14769 1024 0.144009692
34 45 3 14770 1024 0.137585409
35 46 3 14771 1024 0.174858766
36 47 3 14772 1024 0.162846588
37 48 3 14773 1024 0.134389751
38 49 3 14774 1024 0.149110356
39 50 3 14775 1024 0.178030285
40 51 3 14776 1024 0.160622420
41 52 3 14777 1024 0.161276230
42 53 3 14778 1024 0.141371399
43 54 3 14779 1024 0.142018040
44 55 3 14780 1024 0.137637458
45 56 3 14781 1024 0.178526859
46 57 3 14782 1024 0.175486770
47 58 3 14783 1024 0.146464237
48 59 3 14784 1024 0.157111688
49 60 3 14785 1024 0.140337864
50 61 3 14786 1024 0.136928826
51 62 3 14787 1024 0.157067691
52 63 3 14788 1024 0.170005253
53 0 3 14789 1024 0.173129383
54 1 3 14790 1024 0.145449920
55 2 3 14791 1024 0.165256819
56 3 3 14792 1024 0.156190274
57 4 3 14793 1024 0.136762625
58 5 3 14794 1024 0.179784290
59 6 3 14795 1024 0.178788845
60 7 3 14796 1024 0.137257620
61 8 3 14797 1024 0.176651497
62 9 3 14798 1024 0.175855606
63 10 3 14799 1024 0.145874811
0 12 3 14800 1024 0.157867015
1 13 3 14801 1024 0.177430078
2 14 3 14802 1024 0.135919365
3 15 3 14803 1024 0.145879879
4 16 3 14804 1024 0.173981906
5 17 3 14805 1024 0.166353977
6 18 3 14806 1024 0.168271751
7 19 3 14807 1024 0.174006595
8 20 3 14808 1024 0.150702008
9 21 3 14809 1024 0.150562588
10 22 3 14810 1024 0.152150224
11 23 3 14811 1024 0.176688426
12 24 3 14812 1024 0.174706505
13 25 3 14813 1024 0.176662502
14 26 3 14814 1024 0.143689808
15 27 3 14815 1024 0.168955394
16 28 3 14816 1024 0.135338572
17 29 3 14817 1024 0.139237325
18 30 3 14818 1024 0.168122374
19 31 3 14819 1024 0.160599080
20 32 3 14820 1024 0.143343131
21 33 3 14821 1024 0.158352155
22 34 3 14822 1024 0.141545567
23 35 3 14823 1024 0.141609127
24 36 3 14824 1024 0.164368894
25 37 3 14825 1024 0.147963067
26 38 3 14826 1024 0.164407064
27 39 3 14827 1024 0.153830111
28 40 3 14828 1024 0.155116229
29 41 3 14829 1024 0.160235588
30 42 3 14830 1024 0.165600956
31 43 3 14831 1024 0.148697970
32 44 3 14832 1024 0.172606472
33 45 3 14833 1024 0.154572280
34 46 3 14834 1024 0.136875636
35 47 3 14835 1024 0.139662991
36 48 3 14836 1024 0.131611478
37 49 3 14837 1024 0.168226943
38 50 3 14838 1024 0.130750713
39 51 3 14839 1024 0.143492935
40 52 3 14840 1024 0.150652201
41 53 3 14841 1024 0.167118333
42 54 3 14842 1024 0.179412171
43 55 3 14843 1024 0.167888829
44 56 3 14844 1024 0.133306816
45 57 3 14845 1024 0.176355160
46 58 3 14846 1024 0.179281382
47 59 3 14847 1024 0.173356450
48 60 3 14848 1024 0.154497145
49 61 3 14849 1024 0.146244781
50 62 3 14850 1024 0.152877246
51 63 3 14851 1024 0.142339192
52 0 3 14852 1024 0.150243338
53 1 3 14853 1024 0.132091314
54 2 3 14854 1024 0.166766589
55 3 3 14855 1024 0.149018708
56 4 3 14856 1024 0.145644875
57 5 3 14857 1024 0.160575244
58 6 3 14858 1024 0.167123393
59 7 3 14859 1024 0.159690290
60 8 3 14860 1024 0.156261527
61 9 3 14861 1024 0.173789149
62 10 3 14862 1024 0.169345993
63 11 3 14863 1024 0.156032455
0 13 3 14864 1024 0.152580480
1 14 3 14865 1024 0.171350505
2 15 3 14866 1024 0.132120796
3 16 3 14867 1024 0.179791819
4 17 3 14868 1024 0.155935133
5 18 3 14869 1024 0.149780560
6 19 3 14870 1024 0.166758504
7 20 3 14871 1024 0.157885047
8 21 3 14872 1024 0.155806334
9 22 3 14873 1024 0.161532428
10 23 3 14874 1024 0.132464772
11 24 3 14875 1024 0.144558968
12 25 3 14876 1024 0.149901995
13 26 3 14877 1024 0.145227707
14 27 3 14878 1024 0.171381050
15 28 3 14879 1024 0.153067358
16 29 3 14880 1024 0.151123109
17 30 3 14881 1024 0.160656714
18 31 3 14882 1024 0.132727333
19 32 3 14883 1024 0.155848483
20 33 3 14884 1024 0.137111981
21 34 3 14885 1024 0.171494675
22 35 3 14886 1024 0.152584904
23 36 3 14887 1024 0.166132340
24 37 3 14888 1024 0.135658579
25 38 3 14889 1024 0.168936557
26 39 3 14890 1024 0.176892123
27 40 3 14891 1024 0.164805707
28 41 3 14892 1024 0.136765334
29 42 3 14893 1024 0.150677965
30 43 3 14894 1024 0.152544293
31 44 3 14895 1024 0.138943929
32 45 3 14896 1024 0.159515774
33 46 3 14897 1024 0.165631720
34 47 3 14898 1024 0.140096600
35 48 3 14899 1024 0.152734160
36 49 3 14900 1024 0.142504115
37 50 3 14901 1024 0.164585871
38 51 3 14902 1024 0.175358123
39 52 3 14903 1024 0.169824311
40 53 3 14904 1024 0.165918736
41 54 3 14905 1024 0.136177211
42 55 3 14906 1024 0.135708247
43 56 3 14907 1024 0.152469921
44 57 3 14908 1024 0.148147169
45 58 3 14909 1024 0.156190865
46 59 3 14910 1024 0.149204369
47 60 3 14911 1024 0.169553330
48 61 3 14912 1024 0.155583323
49 62 3 14913 1024 0.177487694
50 63 3 14914 1024 0.148933932
51 0 3 14915 1024 0.149030350
52 1 3 14916 1024 0.168413016
53 2 3 14917 1024 0.175612639
54 3 3 14918 1024 0.158274579
55 4 3 14919 1024 0.162976517
56 5 3 14920 1024 0.137504487
57 6 3 14921 1024 0.173440927
58 7 3 14922 1024 0.138943338
59 8 3 14923 1024 0.165602374
60 9 3 14924 1024 0.150979085
61 10 3 14925 1024 0.145475915
62 11 3 14926 1024 0.168431521
63 12 3 14927 1024 0.152312912
0 14 3 14928 1024 0.161322642
1 15 3 14929 1024 0.135877699
2 16 3 14930 1024 0.136578552
3 17 3 14931 1024 0.140142585
4 18 3 14932 1024 0.161128016
5 19 3 14933 1024 0.142655549
6 20 3 14934 1024 0.152932133
7 21 3 14935 1024 0.172770553
8 22 3 14936 1024 0.157175058
9 23 3 14937 1024 0.130287527
10 24 3 14938 1024 0.174135146
11 25 3 14939 1024 0.141893918
12 26 3 14940 1024 0.159443116
13 27 3 14941 1024 0.153785599
14 28 3 14942 1024 0.150507568
15 29 3 14943 1024 0.133970246
16 30 3 14944 1024 0.160005105
17 31 3 14945 1024 0.142235659
18 32 3 14946 1024 0.157367080
19 33 3 14947 1024 0.160988302
20 34 3 14948 1024 0.157877432
21 35 3 14949 1024 0.171262625
22 36 3 14950 1024 0.132445940
23 37 3 14951 1024 0.137412808
24 38 3 14952 1024 0.162663844
25 39 3 14953 1024 0.131836053
26 40 3 14954 1024 0.172691464
27 41 3 14955 1024 0.163349827
28 42 3 14956 1024 0.171900722
29 43 3 14957 1024 0.144922077
30 44 3 14958 1024 0.176019235
31 45 3 14959 1024 0.132451568
32 46 3 14960 1024 0.150847846
33 47 3 14961 1024 0.138912420
34 48 3 14962 1024 0.163604525
35 49 3 14963 1024 0.160554488
36 50 3 14964 1024 0.164575681
37 51 3 14965 1024 0.159748449
38 52 3 14966 1024 0.169365379
39 53 3 14967 1024 0.138870963
40 54 3 14968 1024 0.152766891
41 55 3 14969 1024 0.158948315
42 56 3 14970 1024 0.176573991
43 57 3 14971 1024 0.134656314
44 58 3 14972 1024 0.144964724
45 59 3 14973 1024 0.148428471
46 60 3 14974 1024 0.148946968
47 61 3 14975 1024 0.133383334
48 62 3 14976 1024 0.151366192
49 63 3 14977 1024 0.157523554
50 0 3 14978 1024 0.144641636
51 1 3 14979 1024 0.136727289
52 2 3 14980 1024 0.164730972
53 3 3 14981 1024 0.143720927
54 4 3 14982 1024 0.156352637
55 5 3 14983 1024 0.156232310
56 6 3 14984 1024 0.164791475
57 7 3 14985 1024 0.160602687
58 8 3 14986 1024 0.135465112
59 9 3 14987 1024 0.166486426
60 10 3 14988 1024 0.161448930
61 11 3 14989 1024 0.179359463
62 12 3 14990 1024 0.154183149
63 13 3 14991 1024 0.164432714
0 15 3 14992 1024 0.176694584
1 16 3 14993 1024 0.179313922
2 17 3 14994 1024 0.144359365
3 18 3 14995 1024 0.160442230
4 19 3 14996 1024 0.145824428
5 20 3 14997 1024 0.156269561
6 21 3 14998 1024 0.179751217
7 22 3 14999 1024 0.147692667
8 23 3 15000 1024 0.136485657
9 24 3 15001 1024 0.158131717
10 25 3 15002 1024 0.155985290
11 26 3 15003 1024 0.161592880
12 27 3 15004 1024 0.154625223
13 28 3 15005 1024 0.138995362
14 29 3 15006 1024 0.160470288
15 30 3 15007 1024 0.165429353
16 31 3 15008 1024 0.178962883
17 32 3 15009 1024 0.130079046
18 33 3 15010 1024 0.131199340
19 34 3 15011 1024 0.161273037
20 35 3 15012 1024 0.135896286
21 36 3 15013 1024 0.172403489
22 37 3 15014 1024 0.169978218
23 38 3 15015 1024 0.179949350
24 39 3 15016 1024 0.150702057
25 40 3 15017 1024 0.146689613
26 41 3 15018 1024 0.158020775
27 42 3 15019 1024 0.161875177
28 43 3 15020 1024 0.130564863
29 44 3 15021 1024 0.140059357
30 45 3 15022 1024 0.144081335
31 46 3 15023 1024 0.169509775
32 47 3 15024 1024 0.145388627
33 48 3 15025 1024 0.155334481
34 49 3 15026 1024 0.146196192
35 50 3 15027 1024 0.130306563
36 51 3 15028 1024 0.164291789
37 52 3 15029 1024 0.147068079
38 53 3 15030 1024 0.166219832
39 54 3 15031 1024 0.160799667
40 55 3 15032 1024 0.131455869
41 56 3 15033 1024 0.138781454
42 57 3 15034 1024 0.146525742
43 58 3 15035 1024 0.146896843
44 59 3 15036 1024 0.163623648
45 60 3 15037 1024 0.175808153
46 61 3 15038 1024 0.169862719
47 62 3 15039 1024 0.162282611
48 63 3 15040 1024 0.154074776
49 0 3 15041 1024 0.161360024
50 1 3 15042 1024 0.174602916
51 2 3 15043 1024 0.156848377
52 3 3 15044 1024 0.146755483
53 4 3 15045 1024 0.169199452
54 5 3 15046 1024 0.150697653
55 6 3 15047 1024 0.167129232
56 7 3 15048 1024 0.171755287
57 8 3 15049 1024 0.144967187
58 9 3 15050 1024 0.166248208
59 10 3 15051 1024 0.145775142
60 11 3 15052 1024 0.156794274
61 12 3 15053 1024 0.140413124
62 13 3 15054 1024 0.164274665
63 14 3 15055 1024 0.169976767
0 16 3 15056 1024 0.174401473
1 17 3 15057 1024 0.147679777
2 18 3 15058 1024 0.178480665
3 19 3 15059 1024 0.144023001
4 20 3 15060 1024 0.131558658
5 21 3 15061 1024 0.179180938
6 22 3 15062 1024 0.161325542
7 23 3 15063 1024 0.172120289
8 24 3 15064 1024 0.158549082
9 25 3 15065 1024 0.149478314
10 26 3 15066 1024 0.159759593
11 27 3 15067 1024 0.173229685
12 28 3 15068 1024 0.167577010
13 29 3 15069 1024 0.165263309
14 30 3 15070 1024 0.145724970
15 31 3 15071 1024 0.131581411
16 32 3 15072 1024 0.150693478
17 33 3 15073 1024 0.154852722
18 34 3 15074 1024 0.141882112
19 35 3 15075 1024 0.152595316
20 36 3 15076 1024 0.177536337
21 37 3 15077 1024 0.140806994
22 38 3 15078 1024 0.145115915
23 39 3 15079 1024 0.135611564
24 40 3 15080 1024 0.169247199
25 41 3 15081 1024 0.168889520
26 42 3 15082 1024 0.175667692
27 43 3 15083 1024 0.152188705
28 44 3 15084 1024 0.131246739
29 45 3 15085 1024 0.154133160
30 46 3 15086 1024 0.155002715
31 47 3 15087 1024 0.139510584
32 48 3 15088 1024 0.176181838
33 49 3 15089 1024 0.166622053
34 50 3 15090 1024 0.156181398
35 51 3 15091 1024 0.168776660
36 52 3 15092 1024 0.137164752
37 53 3 15093 1024 0.173589949
38 54 3 15094 1024 0.171106926
39 55 3 15095 1024 0.176901192
40 56 3 15096 1024 0.163835864
41 57 3 15097 1024 0.136635858
42 58 3 15098 1024 0.166228532
43 59 3 15099 1024 0.152968421
44 60 3 15100 1024 0.165683870
45 61 3 15101 1024 0.156117244
46 62 3 15102 1024 0.130205493
47 63 3 15103 1024 0.176616867
48 0 3 15104 1024 0.164352617
49 1 3 15105 1024 0.159714379
50 2 3 15106 1024 0.134353795
51 3 3 15107 1024 0.153343795
52 4 3 15108 1024 0.132306989
53 5 3 15109 1024 0.156028886
54 6 3 15110 1024 0.162949214
55 7 3 15111 1024 0.145624040
56 8 3 15112 1024 0.158877992
57 9 3 15113 1024 0.145607145
58 10 3 15114 1024 0.174606779
59 11 3 15115 1024 0.146044018
60 12 3 15116 1024 0.139627282
61 13 3 15117 1024 0.143832477
62 14 3 15118 1024 0.145957490
63 15 3 15119 1024 0.152055781
0 17 3 15120 1024 0.135882542
1 18 3 15121 1024 0.137466036
2 19 3 15122 1024 0.143681844
3 20 3 15123 1024 0.130762836
4 21 3 15124 1024 0.161147248
5 22 3 15125 1024 0.155703033
6 23 3 15126 1024 0.140328869
7 24 3 15127 1024 0.147515907
8 25 3 15128 1024 0.145924246
9 26 3 15129 1024 0.137077841
10 27 3 15130 1024 0.165217685
11 28 3 15131 1024 0.144163385
12 29 3 15132 1024 0.142241254
13 30 3 15133 1024 0.133562144
14 31 3 15134 1024 0.160663144
15 32 3 15135 1024 0.146936945
16 33 3 15136 1024 0.152182382
17 34 3 15137 1024 0.136503700
18 35 3 15138 1024 0.153536779
19 36 3 15139 1024 0.163774797
20 37 3 15140 1024 0.135296346
21 38 3 15141 1024 0.132689994
22 39 3 15142 1024 0.151323287
23 40 3 15143 1024 0.138949150
24 41 3 15144 1024 0.159806068
25 42 3 15145 1024 0.159637811
26 43 3 15146 1024 0.171808720
27 44 3 15147 1024 0.164968275
28 45 3 15148 1024 0.160815767
29 46 3 15149 1024 0.145622033
30 47 3 15150 1024 0.170872099
31 48 3 15151 1024 0.165644934
32 49 3 15152 1024 0.163543513
33 50 3 15153 1024 0.156674246
34 51 3 15154 1024 0.178684094
35 52 3 15155 1024 0.167787147
36 53 3 15156 1024 0.153284768
37 54 3 15157 1024 0.136589764
38 55 3 15158 1024 0.170642551
39 56 3 15159 1024 0.175984452
40 57 3 15160 1024 0.153413795
41 58 3 15161 1024 0.152779209
42 59 3 15162 1024 0.164223899
43 60 3 15163 1024 0.165510795
44 61 3 15164 1024 0.153269828
45 62 3 15165 1024 0.141584711
46 63 3 15166 1024 0.141189723
47 0 3 15167 1024 0.173054814
48 1 3 15168 1024 0.160847104
49 2 3 15169 1024 0.175643081
50 3 3 15170 1024 0.149603846
51 4 3 15171 1024 0.164980731
52 5 3 15172 1024 0.163259031
53 6 3 15173 1024 0.169438935
54 7 3 15174 1024 0.174120195
55 8 3 15175 1024 0.152664153
56 9 3 15176 1024 0.131513207
57 10 3 15177 1024 0.153766718
58 11 3 15178 1024 0.147572041
59 12 3 15179 1024 0.153062084
60 13 3 15180 1024 0.138540077
61 14 3 15181 1024 0.168397076
62 15 3 15182 1024 0.160222012
63 16 3 15183 1024 0.136369700
0 18 3 15184 1024 0.135146611
1 19 3 15185 1024 0.170877645
2 20 3 15186 1024 0.169837889
3 21 3 15187 1024 0.146293486
4 22 3 15188 1024 0.162472571
5 23 3 15189 1024 0.169621547
6 24 3 15190 1024 0.156637278
7 25 3 15191 1024 0.150040824
8 26 3 15192 1024 0.150672095
9 27 3 15193 1024 0.161043742
10 28 3 15194 1024 0.157397451
11 29 3 15195 1024 0.178694587
12 30 3 15196 1024 0.149190823
13 31 3 15197 1024 0.147035708
14 32 3 15198 1024 0.170695785
15 33 3 15199 1024 0.159548510
16 34 3 15200 1024 0.169215699
17 35 3 15201 1024 0.151767685
18 36 3 15202 1024 0.169366339
19 37 3 15203 1024 0.157226344
20 38 3 15204 1024 0.141807716
21 39 3 15205 1024 0.163130613
22 40 3 15206 1024 0.133894720
23 41 3 15207 1024 0.176543163
24 42 3 15208 1024 0.158709415
25 43 3 15209 1024 0.154331515
26 44 3 15210 1024 0.159608157
27 45 3 15211 1024 0.153145422
28 46 3 15212 1024 0.157754385
29 47 3 15213 1024 0.171101153
30 48 3 15214 1024 0.138808700
31 49 3 15215 1024 0.177794172
32 50 3 15216 1024 0.133480382
33 51 3 15217 1024 0.135437232
34 52 3 15218 1024 0.170703336
35 53 3 15219 1024 0.168567169
36 54 3 15220 1024 0.148945551
37 55 3 15221 1024 0.154714757
38 56 3 15222 1024 0.163008238
39 57 3 15223 1024 0.134526650
40 58 3 15224 1024 0.170851679
41 59 3 15225 1024 0.174363077
42 60 3 15226 1024 0.175162800
43 61 3 15227 1024 0.161806641
44 62 3 15228 1024 0.130009217
45 63 3 15229 1024 0.137336268
46 0 3 15230 1024 0.137460822
47 1 3 15231 1024 0.156562791
48 2 3 15232 1024 0.149499133
49 3 3 15233 1024 0.158896571
50 4 3 15234 1024 0.139783331
51 5 3 15235 1024 0.164075839
52 6 3 15236 1024 0.145829886
53 7 3 15237 1024 0.158513820
54 8 3 15238 1024 0.175660213
55 9 3 15239 1024 0.145227507
56 10 3 15240 1024 0.177166665
57 11 3 15241 1024 0.151736352
58 12 3 15242 1024 0.179129015
59 13 3 15243 1024 0.147213231
60 14 3 15244 1024 0.134464370
61 15 3 15245 1024 0.130405963
62 16 3 15246 1024 0.179321082
63 17 3 15247 1024 0.150209871
0 19 3 15248 1024 0.136377785
1 20 3 15249 1024 0.144709233
2 21 3 15250 1024 0.148461145
3 22 3 15251 1024 0.157444257
4 23 3 15252 1024 0.132656366
5 24 3 15253 1024 0.165167706
6 25 3 15254 1024 0.171037664
7 26 3 15255 1024 0.147962232
8 27 3 15256 1024 0.173062392
9 28 3 15257 1024 0.173283982
10 29 3 15258 1024 0.141762059
11 30 3 15259 1024 0.165111094
12 31 3 15260 1024 0.149713416
13 32 3 15261 1024 0.145906365
14 33 3 15262 1024 0.149139481
15 34 3 15263 1024 0.149078252
16 35 3 15264 1024 0.157255939
17 36 3 15265 1024 0.163124378
18 37 3 15266 1024 0.153743571
19 38 3 15267 1024 0.139411342
20 39 3 15268 1024 0.149229753
21 40 3 15269 1024 0.176224102
22 41 3 15270 1024 0.171998134
23 42 3 15271 1024 0.137713365
24 43 3 15272 1024 0.179872802
25 44 3 15273 1024 0.163503304
26 45 3 15274 1024 0.136713872
27 46 3 15275 1024 0.133587300
28 47 3 15276 1024 0.130785390
29 48 3 15277 1024 0.166066962
30 49 3 15278 1024 0.154335067
31 50 3 15279 1024 0.151836756
32 51 3 15280 1024 0.179510882
33 52 3 15281 1024 0.134233172
34 53 3 15282 1024 0.162112145
35 54 3 15283 1024 0.150792773
36 55 3 15284 1024 0.152801433
37 56 3 15285 1024 0.169446421
38 57 3 15286 1024 0.160221476
39 58 3 15287 1024 0.151285209
40 59 3 15288 1024 0.138989869
41 60 3 15289 1024 0.155470746
42 61 3 15290 1024 0.157602502
43 62 3 15291 1024 0.152502288
44 63 3 15292 1024 0.147765362
45 0 3 15293 1024 0.139289552
46 1 3 15294 1024 0.160228663
47 2 3 15295 1024 0.158896925
48 3 3 15296 1024 0.172340194
49 4 3 15297 1024 0.141837498
50 5 3 15298 1024 0.155086440
51 6 3 15299 1024 0.150541891
52 7 3 15300 1024 0.157308313
53 8 3 15301 1024 0.148348501
54 9 3 15302 1024 0.178911672
55 10 3 15303 1024 0.158407479
56 11 3 15304 1024 0.165244127
57 12 3 15305 1024 0.135658218
58 13 3 15306 1024 0.154076645
59 14 3 15307 1024 0.164524863
60 15 3 15308 1024 0.137104374
61 16 3 15309 1024 0.166564659
62 17 3 15310 1024 0.179178955
63 18 3 15311 1024 0.179183419
0 20 3 15312 1024 0.168943491
1 21 3 15313 1024 0.153246816
2 22 3 15314 1024 0.133911730
3 23 3 15315 1024 0.174495774
4 24 3 15316 1024 0.134422318
5 25 3 15317 1024 0.153622579
6 26 3 15318 1024 0.167084306
7 27 3 15319 1024 0.178020552
8 28 3 15320 1024 0.133904096
9 29 3 15321 1024 0.161684383
10 30 3 15322 1024 0.169904912
11 31 3 15323 1024 0.145624986
12 32 3 15324 1024 0.132638714
13 33 3 15325 1024 0.147177309
14 34 3 15326 1024 0.168926357
15 35 3 15327 1024 0.153443441
16 36 3 15328 1024 0.155633156
17 37 3 15329 1024 0.153461620
18 38 3 15330 1024 0.166690727
19 39 3 15331 1024 0.151050805
20 40 3 15332 1024 0.178029065
21 41 3 15333 1024 0.169911161
22 42 3 15334 1024 0.144460422
23 43 3 15335 1024 0.131766312
24 44 3 15336 1024 0.176143226
25 45 3 15337 1024 0.167471264
26 46 3 15338 1024 0.166348586
27 47 3 15339 1024 0.158185314
28 48 3 15340 1024 0.133070888
29 49 3 15341 1024 0.153658027
30 50 3 15342 1024 0.138453962
31 51 3 15343 1024 0.132580994
32 52 3 15344 1024 0.179518241
33 53 3 15345 1024 0.170444789
34 54 3 15346 1024 0.161215850
35 55 3 15347 1024 0.144340783
36 56 3 15348 1024 0.134125508
37 57 3 15349 1024 0.155279805
38 58 3 15350 1024 0.172572263
39 59 3 15351 1024 0.143892440
40 60 3 15352 1024 0.136626938
41 61 3 15353 1024 0.144048597
42 62 3 15354 1024 0.172892919
43 63 3 15355 1024 0.130710151
44 0 3 15356 1024 0.135577470
45 1 3 15357 1024 0.138730692
46 2 3 15358 1024 0.159588506
47 3 3 15359 1024 0.137556781
48 4 3 15360 1024 0.152332658
49 5 3 15361 1024 0.170392035
50 6 3 15362 1024 0.143062629
51 7 3 15363 1024 0.165038744
52 8 3 15364 1024 0.154245926
53 9 3 15365 1024 0.169968600
54 10 3 15366 1024 0.173100721
55 11 3 15367 1024 0.147142400
56 12 3 15368 1024 0.134220073
57 13 3 15369 1024 0.137253513
58 14 3 15370 1024 0.176697093
59 15 3 15371 1024 0.137707515
60 16 3 15372 1024 0.154797414
61 17 3 15373 1024 0.179679279
62 18 3 15374 1024 0.168518389
63 19 3 15375 1024 0.141897372
0 21 3 15376 1024 0.152009250
1 22 3 15377 1024 0.161878733
2 23 3 15378 1024 0.140542837
3 24 3 15379 1024 0.166718056
4 25 3 15380 1024 0.147253786
5 26 3 15381 1024 0.162113055
6 27 3 15382 1024 0.167774197
7 28 3 15383 1024 0.135799718
8 29 3 15384 1024 0.138380020
9 30 3 15385 1024 0.149937240
10 31 3 15386 1024 0.145068356
11 32 3 15387 1024 0.167307527
12 33 3 15388 1024 0.167621393
13 34 3 15389 1024 0.156626042
14 35 3 15390 1024 0.148990040
15 36 3 15391 1024 0.165280390
16 37 3 15392 1024 0.153729479
17 38 3 15393 1024 0.137257492
18 39 3 15394 1024 0.173513887
19 40 3 15395 1024 0.130593152
20 41 3 15396 1024 0.176361126
21 42 3 15397 1024 0.152441031
22 43 3 15398 1024 0.163924670
23 44 3 15399 1024 0.178088136
24 45 3 15400 1024 0.164143816
25 46 3 15401 1024 0.132050881
26 47 3 15402 1024 0.175885607
27 48 3 15403 1024 0.161871208
28 49 3 15404 1024 0.177809183
29 50 3 15405 1024 0.151589294
30 51 3 15406 1024 0.175902101
31 52 3 15407 1024 0.172917784
32 53 3 15408 1024 0.146748370
33 54 3 15409 1024 0.143354391
34 55 3 15410 1024 0.134913839
35 56 3 15411 1024 0.162717164
36 57 3 15412 1024 0.149557688
37 58 3 15413 1024 0.168657551
38 59 3 15414 1024 0.167454546
39 60 3 15415 1024 0.166715673
40 61 3 15416 1024 0.159436215
41 62 3 15417 1024 0.139746284
42 63 3 15418 1024 0.146870330
43 0 3 15419 1024 0.164513916
44 1 3 15420 1024 0.138995833
45 2 3 15421 1024 0.157380628
46 3 3 15422 1024 0.163640093
47 4 3 15423 1024 0.171584475
48 5 3 15424 1024 0.130598071
49 6 3 15425 1024 0.134884938
50 7 3 15426 1024 0.135195364
51 8 3 15427 1024 0.152297110
52 9 3 15428 1024 0.140970816
53 10 3 15429 1024 0.144164851
54 11 3 15430 1024 0.139653977
55 12 3 15431 1024 0.131185024
56 13 3 15432 1024 0.134597064
57 14 3 15433 1024 0.176925273
58 15 3 15434 1024 0.162830276
59 16 3 15435 1024 0.171772957
60 17 3 15436 1024 0.177524448
61 18 3 15437 1024 0.161904144
62 19 3 15438 1024 0.165403755
63 20 3 15439 1024 0.135998855
0 22 3 15440 1024 0.172822041
1 23 3 15441 1024 0.136495363
2 24 3 15442 1024 0.162819731
3 25 3 15443 1024 0.174994861
4 26 3 15444 1024 0.158303440
5 27 3 15445 1024 0.178358275
6 28 3 15446 1024 0.174800082
7 29 3 15447 1024 0.164782682
8 30 3 15448 1024 0.142666787
9 31 3 15449 1024 0.153347779
10 32 3 15450 1024 0.176809103
11 33 3 15451 1024 0.161939025
12 34 3 15452 1024 0.176134770
13 35 3 15453 1024 0.143819178
14 36 3 15454 1024 0.151349170
15 37 3 15455 1024 0.175169575
16 38 3 15456 1024 0.168494025
17 39 3 15457 1024 0.146170206
18 40 3 15458 1024 0.138098302
19 41 3 15459 1024 0.133699853
20 42 3 15460 1024 0.168855298
21 43 3 15461 1024 0.149139950
22 44 3 15462 1024 0.146632737
23 45 3 15463 1024 0.133002932
24 46 3 15464 1024 0.177780285
25 47 3 15465 1024 0.143233243
26 48 3 15466 1024 0.152028742
27 49 3 15467 1024 0.154586089
28 50 3 15468 1024 0.176429315
29 51 3 15469 1024 0.160515094
30 52 3 15470 1024 0.138922109
31 53 3 15471 1024 0.154602865
32 54 3 15472 1024 0.137193630
33 55 3 15473 1024 0.168435366
34 56 3 15474 1024 0.140919325
35 57 3 15475 1024 0.162166908
36 58 3 15476 1024 0.175630461
37 59 3 15477 1024 0.165770016
38 60 3 15478 1024 0.135164356
39 61 3 15479 1024 0.133645975
40 62 3 15480 1024 0.158567228
41 63 3 15481 1024 0.142529818
42 0 3 15482 1024 0.152294103
43 1 3 15483 1024 0.174825620
44 2 3 15484 1024 0.137442714
45 3 3 15485 1024 0.162016763
46 4 3 15486 1024 0.176644686
47 5 3 15487 1024 0.163230292
48 6 3 15488 1024 0.143321824
49 7 3 15489 1024 0.165002760
50 8 3 15490 1024 0.175230877
51 9 3 15491 1024 0.158732013
52 10 3 15492 1024 0.155769150
53 11 3 15493 1024 0.176995554
54 12 3 15494 1024 0.154533973
55 13 3 15495 1024 0.151802883
56 14 3 15496 1024 0.172202458
57 15 3 15497 1024 0.169046852
58 16 3 15498 1024 0.169269085
59 17 3 15499 1024 0.157006436
60 18 3 15500 1024 0.130165368
61 19 3 15501 1024 0.177707767
62 20 3 15502 1024 0.170898833
63 21 3 15503 1024 0.154103317
0 23 3 15504 1024 0.158362194
1 24 3 15505 1024 0.176752109
2 25 3 15506 1024 0.147945916
3 26 3 15507 1024 0.164091787
4 27 3 15508 1024 0.150030740
5 28 3 15509 1024 0.161613626
6 29 3 15510 1024 0.177941194
7 30 3 15511 1024 0.134533349
8 31 3 15512 1024 0.156731315
9 32 3 15513 1024 0.178046276
10 33 3 15514 1024 0.134022839
11 34 3 15515 1024 0.152981968
12 35 3 15516 1024 0.168325404
13 36 3 15517 1024 0.162389629
14 37 3 15518 1024 0.138830915
15 38 3 15519 1024 0.131966559
16 39 3 15520 1024 0.149208184
17 40 3 15521 1024 0.139550158
18 41 3 15522 1024 0.164794114
19 42 3 15523 1024 0.174823035
20 43 3 15524 1024 0.161530853
21 44 3 15525 1024 0.147963056
22 45 3 15526 1024 0.134243124
23 46 3 15527 1024 0.161639563
24 47 3 15528 1024 0.166766209
25 48 3 15529 1024 0.136997148
26 49 3 15530 1024 0.139654636
27 50 3 15531 1024 0.165986952
28 51 3 15532 1024 0.159647271
29 52 3 15533 1024 0.154461628
30 53 3 15534 1024 0.133149632
31 54 3 15535 1024 0.157027602
32 55 3 15536 1024 0.145386544
33 56 3 15537 1024 0.156697002
34 57 3 15538 1024 0.171712515
35 58 3 15539 1024 0.152465364
36 59 3 15540 1024 0.179791681
37 60 3 15541 1024 0.131852134
38 61 3 15542 1024 0.132802723
39 62 3 15543 1024 0.169388927
40 63 3 15544 1024 0.132140727
41 0 3 15545 1024 0.135909355
42 1 3 15546 1024 0.170355185
43 2 3 15547 1024 0.163365821
44 3 3 15548 1024 0.152918518
45 4 3 15549 1024 0.163903891
46 5 3 15550 1024 0.173712770
47 6 3 15551 1024 0.137447681
48 7 3 15552 1024 0.158967286
49 8 3 15553 1024 0.176240791
50 9 3 15554 1024 0.131843883
51 10 3 15555 1024 0.137079524
52 11 3 15556 1024 0.162691576
53 12 3 15557 1024 0.153560982
54 13 3 15558 1024 0.175900954
55 14 3 15559 1024 0.132290085
56 15 3 15560 1024 0.165064841
57 16 3 15561 1024 0.136526887
58 17 3 15562 1024 0.138612450
59 18 3 15563 1024 0.132497900
60 19 3 15564 1024 0.145366867
61 20 3 15565 1024 0.169684855
62 21 3 15566 1024 0.152809230
63 22 3 15567 1024 0.138534469
0 24 3 15568 1024 0.159552124
1 25 3 15569 1024 0.170890009
2 26 3 15570 1024 0.135316560
3 27 3 15571 1024 0.154857175
4 28 3 15572 1024 0.169958761
5 29 3 15573 1024 0.141028626
6 30 3 15574 1024 0.170222677
7 31 3 15575 1024 0.151310573
8 32 3 15576 1024 0.170576051
9 33 3 15577 1024 0.179109638
10 34 3 15578 1024 0.163919892
11 35 3 15579 1024 0.146211747
12 36 3 15580 1024 0.178792663
13 37 3 15581 1024 0.158798351
14 38 3 15582 1024 0.136866470
15 39 3 15583 1024 0.171821355
16 40 3 15584 1024 0.169655083
17 41 3 15585 1024 0.168211394
18 42 3 15586 1024 0.159654263
19 43 3 15587 1024 0.146775186
20 44 3 15588 1024 0.136037274
21 45 3 15589 1024 0.137061840
22 46 3 15590 1024 0.150757716
23 47 3 15591 1024 0.164814789
24 48 3 15592 1024 0.157670386
25 49 3 15593 1024 0.151933061
26 50 3 15594 1024 0.176283777
27 51 3 15595 1024 0.132034945
28 52 3 15596 1024 0.134998393
29 53 3 15597 1024 0.172368336
30 54 3 15598 1024 0.160622075
31 55 3 15599 1024 0.168883082
32 56 3 15600 1024 0.130781516
33 57 3 15601 1024 0.154348374
34 58 3 15602 1024 0.130317479
35 59 3 15603 1024 0.138970643
36 60 3 15604 1024 0.134457062
37 61 3 15605 1024 0.162587790
38 62 3 15606 1024 0.174345757
39 63 3 15607 1024 0.150811112
40 0 3 15608 1024 0.170370590
41 1 3 15609 1024 0.168628135
42 2 3 15610 1024 0.164617917
43 3 3 15611 1024 0.140308011
44 4 3 15612 1024 0.161991285
45 5 3 15613 1024 0.156154343
46 6 3 15614 1024 0.150601566
47 7 3 15615 1024 0.176904481
48 8 3 15616 1024 0.160526899
49 9 3 15617 1024 0.131881061
50 10 3 15618 1024 0.139000023
51 11 3 15619 1024 0.154994382
52 12 3 15620 1024 0.177514903
53 13 3 15621 1024 0.161359583
54 14 3 15622 1024 0.169129152
55 15 3 15623 1024 0.147392678
56 16 3 15624 1024 0.130228502
57 17 3 15625 1024 0.141781950
58 18 3 15626 1024 0.135875391
59 19 3 15627 1024 0.156509951
60 20 3 15628 1024 0.134784193
61 21 3 15629 1024 0.148095065
62 22 3 15630 1024 0.168056412
63 23 3 15631 1024 0.156986141
0 25 3 15632 1024 0.140963807
1 26 3 15633 1024 0.168516564
2 27 3 15634 1024 0.162966358
3 28 3 15635 1024 0.143821329
4 29 3 15636 1024 0.139685950
5 30 3 15637 1024 0.169830649
6 31 3 15638 1024 0.164262188
7 32 3 15639 1024 0.178428692
8 33 3 15640 1024 0.153720642
9 34 3 15641 1024 0.138816191
10 35 3 15642 1024 0.163507132
11 36 3 15643 1024 0.132155780
12 37 3 15644 1024 0.162243042
13 38 3 15645 1024 0.144253226
14 39 3 15646 1024 0.151733582
15 40 3 15647 1024 0.146714731
16 41 3 15648 1024 0.170257684
17 42 3 15649 1024 0.167920401
18 43 3 15650 1024 0.132165874
19 44 3 15651 1024 0.167020844
20 45 3 15652 1024 0.176243067
21 46 3 15653 1024 0.138794380
22 47 3 15654 1024 0.169274601
23 48 3 15655 1024 0.154253070
24 49 3 15656 1024 0.135803254
25 50 3 15657 1024 0.174753959
26 51 3 15658 1024 0.166070154
27 52 3 15659 1024 0.159635333
28 53 3 15660 1024 0.146298616
29 54 3 15661 1024 0.139937570
30 55 3 15662 1024 0.163842627
31 56 3 15663 1024 0.146284248
32 57 3 15664 1024 0.168948764
33 58 3 15665 1024 0.146306611
34 59 3 15666 1024 0.134903207
35 60 3 15667 1024 0.166887393
36 61 3 15668 1024 0.173494315
37 62 3 15669 1024 0.148776619
38 63 3 15670 1024 0.141033138
39 0 3 15671 1024 0.153549513
40 1 3 15672 1024 0.154220386
41 2 3 15673 1024 0.174524442
42 3 3 15674 1024 0.137247064
43 4 3 15675 1024 0.176394356
44 5 3 15676 1024 0.152749544
45 6 3 15677 1024 0.149366515
46 7 3 15678 1024 0.136820231
47 8 3 15679 1024 0.165991061
48 9 3 15680 1024 0.161601056
49 10 3 15681 1024 0.178777795
50 11 3 15682 1024 0.140110545
51 12 3 15683 1024 0.136360588
52 13 3 15684 1024 0.164610526
53 14 3 15685 1024 0.132982586
54 15 3 15686 1024 0.136825075
55 16 3 15687 1024 0.172582568
56 17 3 15688 1024 0.152928946
57 18 3 15689 1024 0.138560066
58 19 3 15690 1024 0.147178800
59 20 3 15691 1024 0.174320449
60 21 3 15692 1024 0.160181799
61 22 3 15693 1024 0.169477348
62 23 3 15694 1024 0.161899961
63 24 3 15695 1024 0.160576405
0 26 3 15696 1024 0.138496774
1 27 3 15697 1024 0.178506792
2 28 3 15698 1024 0.172750201
3 29 3 15699 1024 0.134323717
4 30 3 15700 1024 0.172848688
5 31 3 15701 1024 0.154460670
6 32 3 15702 1024 0.179783217
7 33 3 15703 1024 0.159579044
8 34 3 15704 1024 0.171849451
9 35 3 15705 1024 0.143958544
10 36 3 15706 1024 0.166500888
11 37 3 15707 1024 0.166808943
12 38 3 15708 1024 0.142332709
13 39 3 15709 1024 0.146364797
14 40 3 15710 1024 0.158973352
15 41 3 15711 1024 0.174591131
16 42 3 15712 1024 0.159588582
17 43 3 15713 1024 0.137448485
18 44 3 15714 1024 0.158685039
19 45 3 15715 1024 0.130253879
20 46 3 15716 1024 0.179009202
21 47 3 15717 1024 0.132002934
22 48 3 15718 1024 0.153532632
23 49 3 15719 1024 0.168430320
24 50 3 15720 1024 0.131681028
25 51 3 15721 1024 0.156556086
26 52 3 15722 1024 0.153963467
27 53 3 15723 1024 0.169900876
28 54 3 15724 1024 0.171064566
29 55 3 15725 1024 0.152622068
30 56 3 15726 1024 0.142025575
31 57 3 15727 1024 0.157924348
32 58 3 15728 1024 0.130621150
33 59 3 15729 1024 0.166589314
34 60 3 15730 1024 0.177496695
35 61 3 15731 1024 0.136635600
36 62 3 15732 1024 0.144789521
37 63 3 15733 1024 0.162382010
38 0 3 15734 1024 0.134536475
39 1 3 15735 1024 0.153989148
40 2 3 15736 1024 0.145241830
41 3 3 15737 1024 0.165165224
42 4 3 15738 1024 0.172896106
43 5 3 15739 1024 0.167364335
44 6 3 15740 1024 0.131220674
45 7 3 15741 1024 0.152742040
46 8 3 15742 1024 0.168591750
47 9 3 15743 1024 0.173709952
48 10 3 15744 1024 0.150268019
49 11 3 15745 1024 0.169492936
50 12 3 15746 1024 0.148521023
51 13 3 15747 1024 0.153214789
52 14 3 15748 1024 0.161670115
53 15 3 15749 1024 0.173019133
54 16 3 15750 1024 0.133534930
55 17 3 15751 1024 0.174671722
56 18 3 15752 1024 0.146645307
57 19 3 15753 1024 0.131635709
58 20 3 15754 1024 0.151295113
59 21 3 15755 1024 0.143489469
60 22 3 15756 1024 0.177304775
61 23 3 15757 1024 0.157121755
62 24 3 15758 1024 0.169723938
63 25 3 15759 1024 0.169384592
0 27 3 15760 1024 0.134047952
1 28 3 15761 1024 0.174042362
2 29 3 15762 1024 0.166788039
3 30 3 15763 1024 0.132740584
4 31 3 15764 1024 0.177266111
5 32 3 15765 1024 0.163732648
6 33 3 15766 1024 0.174398895
7 34 3 15767 1024 0.135548327
8 35 3 15768 1024 0.148279543
9 36 3 15769 1024 0.160956673
10 37 3 15770 1024 0.148278557
11 38 3 15771 1024 0.138763370
12 39 3 15772 1024 0.157939523
13 40 3 15773 1024 0.133350296
14 41 3 15774 1024 0.165466857
15 42 3 15775 1024 0.140235630
16 43 3 15776 1024 0.179062581
17 44 3 15777 1024 0.141931635
18 45 3 15778 1024 0.135677884
19 46 3 15779 1024 0.153924673
20 47 3 15780 1024 0.176957397
21 48 3 15781 1024 0.159005969
22 49 3 15782 1024 0.177955187
23 50 3 15783 1024 0.140489699
24 51 3 15784 1024 0.167250836
25 52 3 15785 1024 0.141271861
26 53 3 15786 1024 0.147635583
27 54 3 15787 1024 0.143367893
28 55 3 15788 1024 0.164011337
29 56 3 15789 1024 0.143857267
30 57 3 15790 1024 0.133168459
31 58 3 15791 1024 0.147261329
32 59 3 15792 1024 0.154311345
33 60 3 15793 1024 0.156334130
34 61 3 15794 1024 0.136135472
35 62 3 15795 1024 0.165491264
36 63 3 15796 1024 0.163915415
37 0 3 15797 1024 0.156642773
38 1 3 15798 1024 0.144613218
39 2 3 15799 1024 0.161047563
40 3 3 15800 1024 0.169995193
41 4 3 15801 1024 0.177268266
42 5 3 15802 1024 0.170439794
43 6 3 15803 1024 0.177043794
44 7 3 15804 1024 0.133281380
45 8 3 15805 1024 0.174595161
46 9 3 15806 1024 0.152893706
47 10 3 15807 1024 0.134008520
48 11 3 15808 1024 0.174897293
49 12 3 15809 1024 0.144418634
50 13 3 15810 1024 0.177831346
51 14 3 15811 1024 0.135468246
52 15 3 15812 1024 0.143797137
53 16 3 15813 1024 0.164854106
54 17 3 15814 1024 0.154816437
55 18 3 15815 1024 0.173749657
56 19 3 15816 1024 0.156034382
57 20 3 15817 1024 0.161363810
58 21 3 15818 1024 0.144658472
59 22 3 15819 1024 0.178478730
60 23 3 15820 1024 0.157071748
61 24 3 15821 1024 0.136601368
62 25 3 15822 1024 0.147335012
63 26 3 15823 1024 0.152193003
0 28 3 15824 1024 0.162234222
1 29 3 15825 1024 0.144575840
2 30 3 15826 1024 0.133147475
3 31 3 15827 1024 0.173589685
4 32 3 15828 1024 0.141616403
5 33 3 15829 1024 0.177372436
6 34 3 15830 1024 0.162233602
7 35 3 15831 1024 0.150584586
8 36 3 15832 1024 0.147139624
9 37 3 15833 1024 0.162302561
10 38 3 15834 1024 0.146315321
11 39 3 15835 1024 0.159667863
12 40 3 15836 1024 0.164843179
13 41 3 15837 1024 0.172095394
14 42 3 15838 1024 0.152262815
15 43 3 15839 1024 0.145204117
16 44 3 15840 1024 0.136597713
17 45 3 15841 1024 0.169467413
18 46 3 15842 1024 0.138586856
19 47 3 15843 1024 0.143000373
20 48 3 15844 1024 0.154212156
21 49 3 15845 1024 0.178536202
22 50 3 15846 1024 0.168487487
23 51 3 15847 1024 0.132365947
24 52 3 15848 1024 0.147656045
25 53 3 15849 1024 0.152796327
26 54 3 15850 1024 0.138318154
27 55 3 15851 1024 0.176206582
28 56 3 15852 1024 0.165590609
29 57 3 15853 1024 0.144262329
30 58 3 15854 1024 0.178660304
31 59 3 15855 1024 0.171966584
32 60 3 15856 1024 0.164642963
33 61 3 15857 1024 0.163317798
34 62 3 15858 1024 0.137674240
35 63 3 15859 1024 0.141895266
36 0 3 15860 1024 0.132057573
37 1 3 15861 1024 0.145831292
38 2 3 15862 1024 0.136323676
39 3 3 15863 1024 0.143020360
40 4 3 15864 1024 0.139224829
41 5 3 15865 1024 0.158124362
42 6 3 15866 1024 0.131734454
43 7 3 15867 1024 0.145847188
44 8 3 15868 1024 0.147192351
45 9 3 15869 1024 0.148645747
46 10 3 15870 1024 0.156993330
47 11 3 15871 1024 0.138129880
48 12 3 15872 1024 0.145077988
49 13 3 15873 1024 0.176021699
50 14 3 15874 1024 0.150228117
51 15 3 15875 1024 0.154970846
52 16 3 15876 1024 0.137269194
53 17 3 15877 1024 0.152902037
54 18 3 15878 1024 0.146010897
55 19 3 15879 1024 0.130214715
56 20 3 15880 1024 0.166924749
57 21 3 15881 1024 0.178780052
58 22 3 15882 1024 0.146564032
59 23 3 15883 1024 0.165272568
60 24 3 15884 1024 0.153695534
61 25 3 15885 1024 0.144491359
62 26 3 15886 1024 0.177200476
63 27 3 15887 1024 0.179034489
0 29 3 15888 1024 0.158686379
1 30 3 15889 1024 0.137354174
2 31 3 15890 1024 0.158261576
3 32 3 15891 1024 0.175344039
4 33 3 15892 1024 0.152105277
5 34 3 15893 1024 0.164457349
6 35 3 15894 1024 0.166582026
7 36 3 15895 1024 0.175008723
8 37 3 15896 1024 0.136971165
9 38 3 15897 1024 0.157548000
10 39 3 15898 1024 0.145404110
11 40 3 15899 1024 0.150081496
12 41 3 15900 1024 0.172043846
13 42 3 15901 1024 0.152298635
14 43 3 15902 1024 0.134624057
15 44 3 15903 1024 0.132751682
16 45 3 15904 1024 0.162065633
17 46 3 15905 1024 0.159171572
18 47 3 15906 1024 0.141107193
19 48 3 15907 1024 0.176783254
20 49 3 15908 1024 0.143896358
21 50 3 15909 1024 0.131127432
22 51 3 15910 1024 0.156920615
23 52 3 15911 1024 0.152272904
24 53 3 15912 1024 0.163577889
25 54 3 15913 1024 0.134368847
26 55 3 15914 1024 0.155589376
27 56 3 15915 1024 0.139722502
28 57 3 15916 1024 0.145887891
29 58 3 15917 1024 0.160253891
30 59 3 15918 1024 0.177170108
31 60 3 15919 1024 0.175422348
32 61 3 15920 1024 0.148053243
33 62 3 15921 1024 0.137397297
34 63 3 15922 1024 0.172690203
35 0 3 15923 1024 0.148481498
36 1 3 15924 1024 0.148641558
37 2 3 15925 1024 0.144232518
38 3 3 15926 1024 0.147567752
39 4 3 15927 1024 0.178876181
40 5 3 15928 1024 0.173715087
41 6 3 15929 1024 0.134379932
42 7 3 15930 1024 0.166392668
43 8 3 15931 1024 0.152211018
44 9 3 15932 1024 0.179629858
45 10 3 15933 1024 0.170184275
46 11 3 15934 1024 0.144431701
47 12 3 15935 1024 0.170283639
48 13 3 15936 1024 0.178518034
49 14 3 15937 1024 0.151191610
50 15 3 15938 1024 0.174821441
51 16 3 15939 1024 0.136978384
52 17 3 15940 1024 0.159359003
53 18 3 15941 1024 0.134303899
54 19 3 15942 1024 0.140389190
55 20 3 15943 1024 0.153730657
56 21 3 15944 1024 0.173376291
57 22 3 15945 1024 0.179331917
58 23 3 15946 1024 0.133305789
59 24 3 15947 1024 0.178004765
60 25 3 15948 1024 0.167805703
61 26 3 15949 1024 0.134422414
62 27 3 15950 1024 0.150473032
63 28 3 15951 1024 0.175720525
0 30 3 15952 1024 0.150725701
1 31 3 15953 1024 0.157790692
2 32 3 15954 1024 0.165512350
3 33 3 15955 1024 0.167762187
4 34 3 15956 1024 0.136846352
5 35 3 15957 1024 0.139300321
6 36 3 15958 1024 0.149088477
7 37 3 15959 1024 0.157693346
8 38 3 15960 1024 0.132111646
9 39 3 15961 1024 0.171312415
10 40 3 15962 1024 0.171729260
11 41 3 15963 1024 0.145195719
12 42 3 15964 1024 0.157964053
13 43 3 15965 1024 0.153172592
14 44 3 15966 1024 0.131342001
15 45 3 15967 1024 0.130122334
16 46 3 15968 1024 0.143133851
17 47 3 15969 1024 0.177801330
18 48 3 15970 1024 0.171712154
19 49 3 15971 1024 0.153627058
20 50 3 15972 1024 0.162690649
21 51 3 15973 1024 0.174634326
22 52 3 15974 1024 0.150857839
23 53 3 15975 1024 0.154594325
24 54 3 15976 1024 0.164392159
25 55 3 15977 1024 0.142237513
26 56 3 15978 1024 0.135967733
27 57 3 15979 1024 0.143860852
28 58 3 15980 1024 0.179716648
29 59 3 15981 1024 0.133336241
30 60 3 15982 1024 0.167278279
31 61 3 15983 1024 0.159053289
32 62 3 15984 1024 0.158278729
33 63 3 15985 1024 0.173417296
34 0 3 15986 1024 0.161399802
35 1 3 15987 1024 0.153802036
36 2 3 15988 1024 0.164712255
37 3 3 15989 1024 0.135979184
38 4 3 15990 1024 0.155626293
39 5 3 15991 1024 0.158763184
40 6 3 15992 1024 0.172264003
41 7 3 15993 1024 0.138142362
42 8 3 15994 1024 0.132925520
43 9 3 15995 1024 0.145984056
44 10 3 15996 1024 0.173915863
45 11 3 15997 1024 0.136774870
46 12 3 15998 1024 0.138165443
47 13 3 15999 1024 0.143633518
48 14 3 16000 1024 0.150975700
49 15 3 16001 1024 0.175605231
50 16 3 16002 1024 0.147799216
51 17 3 16003 1024 0.144492810
52 18 3 16004 1024 0.156480616
53 19 3 16005 1024 0.176815851
54 20 3 16006 1024 0.155693325
55 21 3 16007 1024 0.168322122
56 22 3 16008 1024 0.139162375
57 23 3 16009 1024 0.134725433
58 24 3 16010 1024 0.167631425
59 25 3 16011 1024 0.157185617
60 26 3 16012 1024 0.173622157
61 27 3 16013 1024 0.171341100
62 28 3 16014 1024 0.164248358
63 29 3 16015 1024 0.145053615
0 31 3 16016 1024 0.164272186
1 32 3 16017 1024 0.164417332
2 33 3 16018 1024 0.134791670
3 34 3 16019 1024 0.159002332
4 35 3 16020 1024 0.171165741
5 36 3 16021 1024 0.130644883
6 37 3 16022 1024 0.155908537
7 38 3 16023 1024 0.148650710
8 39 3 16024 1024 0.154244951
9 40 3 16025 1024 0.147015655
10 41 3 16026 1024 0.175539399
11 42 3 16027 1024 0.135120893
12 43 3 16028 1024 0.137727746
13 44 3 16029 1024 0.141055675
14 45 3 16030 1024 0.139420839
15 46 3 16031 1024 0.174852837
16 47 3 16032 1024 0.160671418
17 48 3 16033 1024 0.171570809
18 49 3 16034 1024 0.156282641
19 50 3 16035 1024 0.156604783
20 51 3 16036 1024 0.157555641
21 52 3 16037 1024 0.167815337
22 53 3 16038 1024 0.135698337
23 54 3 16039 1024 0.153024568
24 55 3 16040 1024 0.133820016
25 56 3 16041 1024 0.170942237
26 57 3 16042 1024 0.176170488
27 58 3 16043 1024 0.153975911
28 59 3 16044 1024 0.145578673
29 60 3 16045 1024 0.148128428
30 61 3 16046 1024 0.170851935
31 62 3 16047 1024 0.174486319
32 63 3 16048 1024 0.159882432
33 0 3 16049 1024 0.168179477
34 1 3 16050 1024 0.147102256
35 2 3 16051 1024 0.165494744
36 3 3 16052 1024 0.131437977
37 4 3 16053 1024 0.170728705
38 5 3 16054 1024 0.141117892
39 6 3 16055 1024 0.172840760
40 7 3 16056 1024 0.137117967
41 8 3 16057 1024 0.141328722
42 9 3 16058 1024 0.136267209
43 10 3 16059 1024 0.136510913
44 11 3 16060 1024 0.133930248
45 12 3 16061 1024 0.164540907
46 13 3 16062 1024 0.169201486
47 14 3 16063 1024 0.133886765
48 15 3 16064 1024 0.168734615
49 16 3 16065 1024 0.167866702
50 17 3 16066 1024 0.132125847
51 18 3 16067 1024 0.135390869
52 19 3 16068 1024 0.169652759
53 20 3 16069 1024 0.155673960
54 21 3 16070 1024 0.132963262
55 22 3 16071 1024 0.135946111
56 23 3 16072 1024 0.142650624
57 24 3 16073 1024 0.133312368
58 25 3 16074 1024 0.163379321
59 26 3 16075 1024 0.167727514
60 27 3 16076 1024 0.169118541
61 28 3 16077 1024 0.176004904
62 29 3 16078 1024 0.140270059
63 30 3 16079 1024 0.175058743
0 32 3 16080 1024 0.139239091
1 33 3 16081 1024 0.147576683
2 34 3 16082 1024 0.134538966
3 35 3 16083 1024 0.172293076
4 36 3 16084 1024 0.177092249
5 37 3 16085 1024 0.177439580
6 38 3 16086 1024 0.147391827
7 39 3 16087 1024 0.138027867
8 40 3 16088 1024 0.155031721
9 41 3 16089 1024 0.166427704
10 42 3 16090 1024 0.142091126
11 43 3 16091 1024 0.158511768
12 44 3 16092 1024 0.134955284
13 45 3 16093 1024 0.158906684
14 46 3 16094 1024 0.130699216
15 47 3 16095 1024 0.140849904
16 48 3 16096 1024 0.139577376
17 49 3 16097 1024 0.144092840
18 50 3 16098 1024 0.175083015
19 51 3 16099 1024 0.156856324
20 52 3 16100 1024 0.178678995
21 53 3 16101 1024 0.134934286
22 54 3 16102 1024 0.140700769
23 55 3 16103 1024 0.155209764
24 56 3 16104 1024 0.165387805
25 57 3 16105 1024 0.148323151
26 58 3 16106 1024 0.159469029
27 59 3 16107 1024 0.151983291
28 60 3 16108 1024 0.177887387
29 61 3 16109 1024 0.139042427
30 62 3 16110 1024 0.147741117
31 63 3 16111 1024 0.148980753
32 0 3 16112 1024 0.140713700
33 1 3 16113 1024 0.141377711
34 2 3 16114 1024 0.135642274
35 3 3 16115 1024 0.179230638
36 4 3 16116 1024 0.136180770
37 5 3 16117 1024 0.135515808
38 6 3 16118 1024 0.136795618
39 7 3 16119 1024 0.168113684
40 8 3 16120 1024 0.165236546
41 9 3 16121 1024 0.157856606
42 10 3 16122 1024 0.132030428
43 11 3 16123 1024 0.146405770
44 12 3 16124 1024 0.135786130
45 13 3 16125 1024 0.144180572
46 14 3 16126 1024 0.160019475
47 15 3 16127 1024 0.145600346
48 16 3 16128 1024 0.178808952
49 17 3 16129 1024 0.152197794
50 18 3 16130 1024 0.157695795
51 19 3 16131 1024 0.144529466
52 20 3 16132 1024 0.172768283
53 21 3 16133 1024 0.139439249
54 22 3 16134 1024 0.133480458
55 23 3 16135 1024 0.172052914
56 24 3 16136 1024 0.153783840
57 25 3 16137 1024 0.163956555
58 26 3 16138 1024 0.138964864
59 27 3 16139 1024 0.179936166
60 28 3 16140 1024 0.154582419
61 29 3 16141 1024 0.135258594
62 30 3 16142 1024 0.151902918
63 31 3 16143 1024 0.162927413
0 33 3 16144 1024 0.134250296
1 34 3 16145 1024 0.137168378
2 35 3 16146 1024 0.150031214
3 36 3 16147 1024 0.159527862
4 37 3 16148 1024 0.135086108
5 38 3 16149 1024 0.176264516
6 39 3 16150 1024 0.178892666
7 40 3 16151 1024 0.133235521
8 41 3 16152 1024 0.178760375
9 42 3 16153 1024 0.146931582
10 43 3 16154 1024 0.159748041
11 44 3 16155 1024 0.179533066
12 45 3 16156 1024 0.136138108
13 46 3 16157 1024 0.171905457
14 47 3 16158 1024 0.166260025
15 48 3 16159 1024 0.143925917
16 49 3 16160 1024 0.165674690
17 50 3 16161 1024 0.159095931
18 51 3 16162 1024 0.143648640
19 52 3 16163 1024 0.169474637
20 53 3 16164 1024 0.162191559
21 54 3 16165 1024 0.150011776
22 55 3 16166 1024 0.153791314
23 56 3 16167 1024 0.160158272
24 57 3 16168 1024 0.150222180
25 58 3 16169 1024 0.154226643
26 59 3 16170 1024 0.143944532
27 60 3 16171 1024 0.168399978
28 61 3 16172 1024 0.135401833
29 62 3 16173 1024 0.142534493
30 63 3 16174 1024 0.154863689
31 0 3 16175 1024 0.161418551
32 1 3 16176 1024 0.136730419
33 2 3 16177 1024 0.134980170
34 3 3 16178 1024 0.132642621
35 4 3 16179 1024 0.133411434
36 5 3 16180 1024 0.163905372
37 6 3 16181 1024 0.178603628
38 7 3 16182 1024 0.149131649
39 8 3 16183 1024 0.163960218
40 9 3 16184 1024 0.137636833
41 10 3 16185 1024 0.161098338
42 11 3 16186 1024 0.134816681
43 12 3 16187 1024 0.133825863
44 13 3 16188 1024 0.167580487
45 14 3 16189 1024 0.168378605
46 15 3 16190 1024 0.169636571
47 16 3 16191 1024 0.140096588
48 17 3 16192 1024 0.163104662
49 18 3 16193 1024 0.154512518
50 19 3 16194 1024 0.143083264
51 20 3 16195 1024 0.147180782
52 21 3 16196 1024 0.172983616
53 22 3 16197 1024 0.157331002
54 23 3 16198 1024 0.177629025
55 24 3 16199 1024 0.131579926
56 25 3 16200 1024 0.151520320
57 26 3 16201 1024 0.175746958
58 27 3 16202 1024 0.149181494
59 28 3 16203 1024 0.145727960
60 29 3 16204 1024 0.148816828
61 30 3 16205 1024 0.152982812
62 31 3 16206 1024 0.131642990
63 32 3 16207 1024 0.157833328
0 34 3 16208 1024 0.173018035
1 35 3 16209 1024 0.145152229
2 36 3 16210 1024 0.165302960
3 37 3 16211 1024 0.154573980
4 38 3 16212 1024 0.136724412
5 39 3 16213 1024 0.165786159
6 40 3 16214 1024 0.154372746
7 41 3 16215 1024 0.135469100
8 42 3 16216 1024 0.163751229
9 43 3 16217 1024 0.163003929
10 44 3 16218 1024 0.164268708
11 45 3 16219 1024 0.158610512
12 46 3 16220 1024 0.153795553
13 47 3 16221 1024 0.172717573
14 48 3 16222 1024 0.155334252
15 49 3 16223 1024 0.149569241
16 50 3 16224 1024 0.154734557
17 51 3 16225 1024 0.178543538
18 52 3 16226 1024 0.160846984
19 53 3 16227 1024 0.147638189
20 54 3 16228 1024 0.178889147
21 55 3 16229 1024 0.146024139
22 56 3 16230 1024 0.131407349
23 57 3 16231 1024 0.132255923
24 58 3 16232 1024 0.171846708
25 59 3 16233 1024 0.147443839
26 60 3 16234 1024 0.167102857
27 61 3 16235 1024 0.131344992
28 62 3 16236 1024 0.174567145
29 63 3 16237 1024 0.147062826
30 0 3 16238 1024 0.134867502
31 1 3 16239 1024 0.147257151
32 2 3 16240 1024 0.147868304
33 3 3 16241 1024 0.147563463
34 4 3 16242 1024 0.163062000
35 5 3 16243 1024 0.142380697
36 6 3 16244 1024 0.162404141
37 7 3 16245 1024 0.159626583
38 8 3 16246 1024 0.175519451
39 9 3 16247 1024 0.133275012
40 10 3 16248 1024 0.145245623
41 11 3 16249 1024 0.146879713
42 12 3 16250 1024 0.130985600
43 13 3 16251 1024 0.146305842
44 14 3 16252 1024 0.153045469
45 15 3 16253 1024 0.173168426
46 16 3 16254 1024 0.158402470
47 17 3 16255 1024 0.175070492
48 18 3 16256 1024 0.143330944
49 19 3 16257 1024 0.164797924
50 20 3 16258 1024 0.159399462
51 21 3 16259 1024 0.179288239
52 22 3 16260 1024 0.148886880
53 23 3 16261 1024 0.149515040
54 24 3 16262 1024 0.158626932
55 25 3 16263 1024 0.170416328
56 26 3 16264 1024 0.135002834
57 27 3 16265 1024 0.163755565
58 28 3 16266 1024 0.146798373
59 29 3 16267 1024 0.155138426
60 30 3 16268 1024 0.168245195
61 31 3 16269 1024 0.146976971
62 32 3 16270 1024 0.160741394
63 33 3 16271 1024 0.148166715
0 35 3 16272 1024 0.151799557
1 36 3 16273 1024 0.154847586
2 37 3 16274 1024 0.172366705
3 38 3 16275 1024 0.169357480
4 39 3 16276 1024 0.172019024
5 40 3 16277 1024 0.156791701
6 41 3 16278 1024 0.144367778
7 42 3 16279 1024 0.132376568
8 43 3 16280 1024 0.179811385
9 44 3 16281 1024 0.150101368
10 45 3 16282 1024 0.141294299
11 46 3 16283 1024 0.167144401
12 47 3 16284 1024 0.134597892
13 48 3 16285 1024 0.172209344
14 49 3 16286 1024 0.134736681
15 50 3 16287 1024 0.146841903
16 51 3 16288 1024 0.133363489
17 52 3 16289 1024 0.170059284
18 53 3 16290 1024 0.153763418
19 54 3 16291 1024 0.140486958
20 55 3 16292 1024 0.169782587
21 56 3 16293 1024 0.162576841
22 57 3 16294 1024 0.145092351
23 58 3 16295 1024 0.170206336
24 59 3 16296 1024 0.151645524
25 60 3 16297 1024 0.156997379
26 61 3 16298 1024 0.140003849
27 62 3 16299 1024 0.150115048
28 63 3 16300 1024 0.161248194
29 0 3 16301 1024 0.152661430
30 1 3 16302 1024 0.168172111
31 2 3 16303 1024 0.139030043
32 3 3 16304 1024 0.130930166
33 4 3 16305 1024 0.165166582
34 5 3 16306 1024 0.173135490
35 6 3 16307 1024 0.158842165
36 7 3 16308 1024 0.140647640
37 8 3 16309 1024 0.178105854
38 9 3 16310 1024 0.167110401
39 10 3 16311 1024 0.153364766
40 11 3 16312 1024 0.176858146
41 12 3 16313 1024 0.156635967
42 13 3 16314 1024 0.160721115
43 14 3 16315 1024 0.168455958
44 15 3 16316 1024 0.151686224
45 16 3 16317 1024 0.158305822
46 17 3 16318 1024 0.161337924
47 18 3 16319 1024 0.156113479
48 19 3 16320 1024 0.148213733
49 20 3 16321 1024 0.137387184
50 21 3 16322 1024 0.137523633
51 22 3 16323 1024 0.164265332
52 23 3 16324 1024 0.145013784
53 24 3 16325 1024 0.151769439
54 25 3 16326 1024 0.145932659
55 26 3 16327 1024 0.171510719
56 27 3 16328 1024 0.133221376
57 28 3 16329 1024 0.140177902
58 29 3 16330 1024 0.150621919
59 30 3 16331 1024 0.171185535
60 31 3 16332 1024 0.162302133
61 32 3 16333 1024 0.142822332
62 33 3 16334 1024 0.160061613
63 34 3 16335 1024 0.150293297
0 36 3 16336 1024 0.135677929
1 37 3 16337 1024 0.139595801
2 38 3 16338 1024 0.142279330
3 39 3 16339 1024 0.171361441
4 40 3 16340 1024 0.153207985
5 41 3 16341 1024 0.157991251
6 42 3 16342 1024 0.151806646
7 43 3 16343 1024 0.162346103
8 44 3 16344 1024 0.131850187
9 45 3 16345 1024 0.137967924
10 46 3 16346 1024 0.136821531
11 47 3 16347 1024 0.142919842
12 48 3 16348 1024 0.170176909
13 49 3 16349 1024 0.162933536
14 50 3 16350 1024 0.138799261
15 51 3 16351 1024 0.172626051
16 52 3 16352 1024 0.178189345
17 53 3 16353 1024 0.154292098
18 54 3 16354 1024 0.130995437
19 55 3 16355 1024 0.172979200
20 56 3 16356 1024 0.134196477
21 57 3 16357 1024 0.160079987
22 58 3 16358 1024 0.173358589
23 59 3 16359 1024 0.175028744
24 60 3 16360 1024 0.150350343
25 61 3 16361 1024 0.148171712
26 62 3 16362 1024 0.162871530
27 63 3 16363 1024 0.134515315
28 0 3 16364 1024 0.177158107
29 1 3 16365 1024 0.166211723
30 2 3 16366 1024 0.137028008
31 3 3 16367 1024 0.135596618
32 4 3 16368 1024 0.166724020
33 5 3 16369 1024 0.176646772
34 6 3 16370 1024 0.156097878
35 7 3 16371 1024 0.171449079
36 8 3 16372 1024 0.177483725
37 9 3 16373 1024 0.176577781
38 10 3 16374 1024 0.142590403
39 11 3 16375 1024 0.174228243
40 12 3 16376 1024 0.141903843
41 13 3 16377 1024 0.136113842
42 14 3 16378 1024 0.170334362
43 15 3 16379 1024 0.146464296
44 16 3 16380 1024 0.159216311
45 17 3 16381 1024 0.149497533
46 18 3 16382 1024 0.167418711
47 19 3 16383 1024 0.141796904
48 20 3 16384 1024 0.151143450
49 21 3 16385 1024 0.137213895
50 22 3 16386 1024 0.138757713
51 23 3 16387 1024 0.178496174
52 24 3 16388 1024 0.151973771
53 25 3 16389 1024 0.142715296
54 26 3 16390 1024 0.159474047
55 27 3 16391 1024 0.154517929
56 28 3 16392 1024 0.148735249
57 29 3 16393 1024 0.177435544
58 30 3 16394 1024 0.145824497
59 31 3 16395 1024 0.151189066
60 32 3 16396 1024 0.164136922
61 33 3 16397 1024 0.178165767
62 34 3 16398 1024 0.173971677
63 35 3 16399 1024 0.176848615
0 37 3 16400 1024 0.148149901
1 38 3 16401 1024 0.165783561
2 39 3 16402 1024 0.171068268
3 40 3 16403 1024 0.131053711
4 41 3 16404 1024 0.178340258
5 42 3 16405 1024 0.160290737
6 43 3 16406 1024 0.172073648
7 44 3 16407 1024 0.163111172
8 45 3 16408 1024 0.177042414
9 46 3 16409 1024 0.164534123
10 47 3 16410 1024 0.169440136
11 48 3 16411 1024 0.141983791
12 49 3 16412 1024 0.157636395
13 50 3 16413 1024 0.145463425
14 51 3 16414 1024 0.177924181
15 52 3 16415 1024 0.148142755
16 53 3 16416 1024 0.170612515
17 54 3 16417 1024 0.136102688
18 55 3 16418 1024 0.173347647
19 56 3 16419 1024 0.172882357
20 57 3 16420 1024 0.149423551
21 58 3 16421 1024 0.175489455
22 59 3 16422 1024 0.149648778
23 60 3 16423 1024 0.178899643
24 61 3 16424 1024 0.142776685
25 62 3 16425 1024 0.134512516
26 63 3 16426 1024 0.171135386
27 0 3 16427 1024 0.141773023
28 1 3 16428 1024 0.140519325
29 2 3 16429 1024 0.174512336
30 3 3 16430 1024 0.175794540
31 4 3 16431 1024 0.161567635
32 5 3 16432 1024 0.173973362
33 6 3 16433 1024 0.168337045
34 7 3 16434 1024 0.150314441
35 8 3 16435 1024 0.131694084
36 9 3 16436 1024 0.173322229
37 10 3 16437 1024 0.171159889
38 11 3 16438 1024 0.177024771
39 12 3 16439 1024 0.153554564
40 13 3 16440 1024 0.150648066
41 14 3 16441 1024 0.172058173
42 15 3 16442 1024 0.165869301
43 16 3 16443 1024 0.173838061
44 17 3 16444 1024 0.171012066
45 18 3 16445 1024 0.171220043
46 19 3 16446 1024 0.164924109
47 20 3 16447 1024 0.155316726
48 21 3 16448 1024 0.147592817
49 22 3 16449 1024 0.160105797
50 23 3 16450 1024 0.170671402
51 24 3 16451 1024 0.166889276
52 25 3 16452 1024 0.152663088
53 26 3 16453 1024 0.131367545
54 27 3 16454 1024 0.132604941
55 28 3 16455 1024 0.162079626
56 29 3 16456 1024 0.161507817
57 30 3 16457 1024 0.169550966
58 31 3 16458 1024 0.136804611
59 32 3 16459 1024 0.150033092
60 33 3 16460 1024 0.161414814
61 34 3 16461 1024 0.145686090
62 35 3 16462 1024 0.134111603
63 36 3 16463 1024 0.137891122
0 38 3 16464 1024 0.155818295
1 39 3 16465 1024 0.178483229
2 40 3 16466 1024 0.171531069
3 41 3 16467 1024 0.168158135
4 42 3 16468 1024 0.172348021
5 43 3 16469 1024 0.164287669
6 44 3 16470 1024 0.169632115
7 45 3 16471 1024 0.145969956
8 46 3 16472 1024 0.153918274
9 47 3 16473 1024 0.166758605
10 48 3 16474 1024 0.143033994
11 49 3 16475 1024 0.164373344
12 50 3 16476 1024 0.171338430
13 51 3 16477 1024 0.169976433
14 52 3 16478 1024 0.139933186
15 53 3 16479 1024 0.150724821
16 54 3 16480 1024 0.139094463
17 55 3 16481 1024 0.173819501
18 56 3 16482 1024 0.177237858
19 57 3 16483 1024 0.174217072
20 58 3 16484 1024 0.141224357
21 59 3 16485 1024 0.177405461
22 60 3 16486 1024 0.176155618
23 61 3 16487 1024 0.162355334
24 62 3 16488 1024 0.161331368
25 63 3 16489 1024 0.175342239
26 0 3 16490 1024 0.178706379
27 1 3 16491 1024 0.139913310
28 2 3 16492 1024 0.165063058
29 3 3 16493 1024 0.138437798
30 4 3 16494 1024 0.150051746
31 5 3 16495 1024 0.151445168
32 6 3 16496 1024 0.143007889
33 7 3 16497 1024 0.134453063
34 8 3 16498 1024 0.148396008
35 9 3 16499 1024 0.177362175
36 10 3 16500 1024 0.135867526
37 11 3 16501 1024 0.165929171
38 12 3 16502 1024 0.151757937
39 13 3 16503 1024 0.175999452
40 14 3 16504 1024 0.152685393
41 15 3 16505 1024 0.163680502
42 16 3 16506 1024 0.135925617
43 17 3 16507 1024 0.165678186
44 18 3 16508 1024 0.139527208
45 19 3 16509 1024 0.173096836
46 20 3 16510 1024 0.169106097
47 21 3 16511 1024 0.144398099
48 22 3 16512 1024 0.154708408
49 23 3 16513 1024 0.136509967
50 24 3 16514 1024 0.172816886
51 25 3 16515 1024 0.160004139
52 26 3 16516 1024 0.179760372
53 27 3 16517 1024 0.144148362
54 28 3 16518 1024 0.163859433
55 29 3 16519 1024 0.150916550
56 30 3 16520 1024 0.150426205
57 31 3 16521 1024 0.137297143
58 32 3 16522 1024 0.144509648
59 33 3 16523 1024 0.143089973
60 34 3 16524 1024 0.160884012
61 35 3 16525 1024 0.175366412
62 36 3 16526 1024 0.148481887
63 37 3 16527 1024 0.164213354
0 39 3 16528 1024 0.152908206
1 40 3 16529 1024 0.130516012
2 41 3 16530 1024 0.136660247
3 42 3 16531 1024 0.146162299
4 43 3 16532 1024 0.164651178
5 44 3 16533 1024 0.164342622
6 45 3 16534 1024 0.165666797
7 46 3 16535 1024 0.165422658
8 47 3 16536 1024 0.166805205
9 48 3 16537 1024 0.142811280
10 49 3 16538 1024 0.134763971
11 50 3 16539 1024 0.132937616
12 51 3 16540 1024 0.146643127
13 52 3 16541 1024 0.141742072
14 53 3 16542 1024 0.175411327
15 54 3 16543 1024 0.179836972
16 55 3 16544 1024 0.176966097
17 56 3 16545 1024 0.178360492
18 57 3 16546 1024 0.159911603
19 58 3 16547 1024 0.167412092
20 59 3 16548 1024 0.132275594
21 60 3 16549 1024 0.142682844
22 61 3 16550 1024 0.160982894
23 62 3 16551 1024 0.145125368
24 63 3 16552 1024 0.149734841
25 0 3 16553 1024 0.148545061
26 1 3 16554 1024 0.178402891
27 2 3 16555 1024 0.157978019
28 3 3 16556 1024 0.159024345
29 4 3 16557 1024 0.143014583
30 5 3 16558 1024 0.155187336
31 6 3 16559 1024 0.176516347
32 7 3 16560 1024 0.173894838
33 8 3 16561 1024 0.136595977
34 9 3 16562 1024 0.145865869
35 10 3 16563 1024 0.156521190
36 11 3 16564 1024 0.137089787
37 12 3 16565 1024 0.135842103
38 13 3 16566 1024 0.132208108
39 14 3 16567 1024 0.136393575
40 15 3 16568 1024 0.173583978
41 16 3 16569 1024 0.171740202
42 17 3 16570 1024 0.167391168
43 18 3 16571 1024 0.176311852
44 19 3 16572 1024 0.144146275
45 20 3 16573 1024 0.173846819
46 21 3 16574 1024 0.160646579
47 22 3 16575 1024 0.168078196
48 23 3 16576 1024 0.143187897
49 24 3 16577 1024 0.145650516
50 25 3 16578 1024 0.174633590
51 26 3 16579 1024 0.145777146
52 27 3 16580 1024 0.179728253
53 28 3 16581 1024 0.168183771
54 29 3 16582 1024 0.137563237
55 30 3 16583 1024 0.172651683
56 31 3 16584 1024 0.162870974
57 32 3 16585 1024 0.169911009
58 33 3 16586 1024 0.132661109
59 34 3 16587 1024 0.137431040
60 35 3 16588 1024 0.141493027
61 36 3 16589 1024 0.131793112
62 37 3 16590 1024 0.143011198
63 38 3 16591 1024 0.165298143
0 40 3 16592 1024 0.151821493
1 41 3 16593 1024 0.179760087
2 42 3 16594 1024 0.176360317
3 43 3 16595 1024 0.132039585
4 44 3 16596 1024 0.147826006
5 45 3 16597 1024 0.165451457
6 46 3 16598 1024 0.154259976
7 47 3 16599 1024 0.154649428
8 48 3 16600 1024 0.172291918
9 49 3 16601 1024 0.173343965
10 50 3 16602 1024 0.136182712
11 51 3 16603 1024 0.134678894
12 52 3 16604 1024 0.173408655
13 53 3 16605 1024 0.139032748
14 54 3 16606 1024 0.138414750
15 55 3 16607 1024 0.155436888
16 56 3 16608 1024 0.143639578
17 57 3 16609 1024 0.174544726
18 58 3 16610 1024 0.159283870
19 59 3 16611 1024 0.159177370
20 60 3 16612 1024 0.178581368
21 61 3 16613 1024 0.156300770
22 62 3 16614 1024 0.158539391
23 63 3 16615 1024 0.150820950
24 0 3 16616 1024 0.133841773
25 1 3 16617 1024 0.168412671
26 2 3 16618 1024 0.163845426
27 3 3 16619 1024 0.174368385
28 4 3 16620 1024 0.131298108
29 5 3 16621 1024 0.164065617
30 6 3 16622 1024 0.164031970
31 7 3 16623 1024 0.149708490
32 8 3 16624 1024 0.159516925
33 9 3 16625 1024 0.177560993
34 10 3 16626 1024 0.171848860
35 11 3 16627 1024 0.137688773
36 12 3 16628 1024 0.134053162
37 13 3 16629 1024 0.171534961
38 14 3 16630 1024 0.162976966
39 15 3 16631 1024 0.152702776
40 16 3 16632 1024 0.177760077
41 17 3 16633 1024 0.159710213
42 18 3 16634 1024 0.130290268
43 19 3 16635 1024 0.178488526
44 20 3 16636 1024 0.162808638
45 21 3 16637 1024 0.177544798
46 22 3 16638 1024 0.146245773
47 23 3 16639 1024 0.166577261
48 24 3 16640 1024 0.166715978
49 25 3 16641 1024 0.177870139
50 26 3 16642 1024 0.158457922
51 27 3 16643 1024 0.140568343
52 28 3 16644 1024 0.132434112
53 29 3 16645 1024 0.162182201
54 30 3 16646 1024 0.146158542
55 31 3 16647 1024 0.132776751
56 32 3 16648 1024 0.133536204
57 33 3 16649 1024 0.177595009
58 34 3 16650 1024 0.149069546
59 35 3 16651 1024 0.149942925
60 36 3 16652 1024 0.138900540
61 37 3 16653 1024 0.178252465
62 38 3 16654 1024 0.173275776
63 39 3 16655 1024 0.134459415
0 41 3 16656 1024 0.172617292
1 42 3 16657 1024 0.138147034
2 43 3 16658 1024 0.168974627
3 44 3 16659 1024 0.144246794
4 45 3 16660 1024 0.167627928
5 46 3 16661 1024 0.162703215
6 47 3 16662 1024 0.136030099
7 48 3 16663 1024 0.154542255
8 49 3 16664 1024 0.151617921
9 50 3 16665 1024 0.170317660
10 51 3 16666 1024 0.145505065
11 52 3 16667 1024 0.164248097
12 53 3 16668 1024 0.136564333
13 54 3 16669 1024 0.163276015
14 55 3 16670 1024 0.171602644
15 56 3 16671 1024 0.155632661
16 57 3 16672 1024 0.154481152
17 58 3 16673 1024 0.174270652
18 59 3 16674 1024 0.153821984
19 60 3 16675 1024 0.158152854
20 61 3 16676 1024 0.151153529
21 62 3 16677 1024 0.167824532
22 63 3 16678 1024 0.170549718
23 0 3 16679 1024 0.160693389
24 1 3 16680 1024 0.151705296
25 2 3 16681 1024 0.151300855
26 3 3 16682 1024 0.132021904
27 4 3 16683 1024 0.147087242
28 5 3 16684 1024 0.153176244
29 6 3 16685 1024 0.141211511
30 7 3 16686 1024 0.164311827
31 8 3 16687 1024 0.137753485
32 9 3 16688 1024 0.154766113
33 10 3 16689 1024 0.161477979
34 11 3 16690 1024 0.156233889
35 12 3 16691 1024 0.144535151
36 13 3 16692 1024 0.151867776
37 14 3 16693 1024 0.175360386
38 15 3 16694 1024 0.153880568
39 16 3 16695 1024 0.137430327
40 17 3 16696 1024 0.136389487
41 18 3 16697 1024 0.175145181
42 19 3 16698 1024 0.172076898
43 20 3 16699 1024 0.156154603
44 21 3 16700 1024 0.144774082
45 22 3 16701 1024 0.132386414
46 23 3 16702 1024 0.133826626
47 24 3 16703 1024 0.132254745
48 25 3 16704 1024 0.135381609
49 26 3 16705 1024 0.151245676
50 27 3 16706 1024 0.134724218
51 28 3 16707 1024 0.163042763
52 29 3 16708 1024 0.158423911
53 30 3 16709 1024 0.142669017
54 31 3 16710 1024 0.142743010
55 32 3 16711 1024 0.134088478
56 33 3 16712 1024 0.155172228
57 34 3 16713 1024 0.135696775
58 35 3 16714 1024 0.163078916
59 36 3 16715 1024 0.138977610
60 37 3 16716 1024 0.139110407
61 38 3 16717 1024 0.149647867
62 39 3 16718 1024 0.134164528
63 40 3 16719 1024 0.173837767
0 42 3 16720 1024 0.144882376
1 43 3 16721 1024 0.159360419
2 44 3 16722 1024 0.152749907
3 45 3 16723 1024 0.163512993
4 46 3 16724 1024 0.161190520
5 47 3 16725 1024 0.143253719
6 48 3 16726 1024 0.178335981
7 49 3 16727 1024 0.173567241
8 50 3 16728 1024 0.139359587
9 51 3 16729 1024 0.139254370
10 52 3 16730 1024 0.167351466
11 53 3 16731 1024 0.160202644
12 54 3 16732 1024 0.173580790
13 55 3 16733 1024 0.135316533
14 56 3 16734 1024 0.156718800
15 57 3 16735 1024 0.130292353
16 58 3 16736 1024 0.135833913
17 59 3 16737 1024 0.138586768
18 60 3 16738 1024 0.153855994
19 61 3 16739 1024 0.164590311
20 62 3 16740 1024 0.173439026
21 63 3 16741 1024 0.178290190
22 0 3 16742 1024 0.160094372
23 1 3 16743 1024 0.154336125
24 2 3 16744 1024 0.160924969
25 3 3 16745 1024 0.178696095
26 4 3 16746 1024 0.148036439
27 5 3 16747 1024 0.163690157
28 6 3 16748 1024 0.164514668
29 7 3 16749 1024 0.149749862
30 8 3 16750 1024 0.145132833
31 9 3 16751 1024 0.136254474
32 10 3 16752 1024 0.130693796
33 11 3 16753 1024 0.135595625
34 12 3 16754 1024 0.130794262
35 13 3 16755 1024 0.178526018
36 14 3 16756 1024 0.172950602
37 15 3 16757 1024 0.140461474
38 16 3 16758 1024 0.162431161
39 17 3 16759 1024 0.162486991
40 18 3 16760 1024 0.151789424
41 19 3 16761 1024 0.161302958
42 20 3 16762 1024 0.169500577
43 21 3 16763 1024 0.139545723
44 22 3 16764 1024 0.145045893
45 23 3 16765 1024 0.153171278
46 24 3 16766 1024 0.153699454
47 25 3 16767 1024 0.131090841
48 26 3 16768 1024 0.138305275
49 27 3 16769 1024 0.137621112
50 28 3 16770 1024 0.165129905
51 29 3 16771 1024 0.178193344
52 30 3 16772 1024 0.153574460
53 31 3 16773 1024 0.172989822
54 32 3 16774 1024 0.159261313
55 33 3 16775 1024 0.140066921
56 34 3 16776 1024 0.158471523
57 35 3 16777 1024 0.171691927
58 36 3 16778 1024 0.132546109
59 37 3 16779 1024 0.130393714
60 38 3 16780 1024 0.161520494
61 39 3 16781 1024 0.165654641
62 40 3 16782 1024 0.178974347
63 41 3 16783 1024 0.172430813
0 43 3 16784 1024 0.166853916
1 44 3 16785 1024 0.159791978
2 45 3 16786 1024 0.157715226
3 46 3 16787 1024 0.144538727
4 47 3 16788 1024 0.154374826
5 48 3 16789 1024 0.154305048
6 49 3 16790 1024 0.159551964
7 50 3 16791 1024 0.160574765
8 51 3 16792 1024 0.163933396
9 52 3 16793 1024 0.170834462
10 53 3 16794 1024 0.154395075
11 54 3 16795 1024 0.165714516
12 55 3 16796 1024 0.156415440
13 56 3 16797 1024 0.151100227
14 57 3 16798 1024 0.145792508
15 58 3 16799 1024 0.133175528
16 59 3 16800 1024 0.174643860
17 60 3 16801 1024 0.150856873
18 61 3 16802 1024 0.153666899
19 62 3 16803 1024 0.154739440
20 63 3 16804 1024 0.176948224
21 0 3 16805 1024 0.147338206
22 1 3 16806 1024 0.164875722
23 2 3 16807 1024 0.131040346
24 3 3 16808 1024 0.144400539
25 4 3 16809 1024 0.139610065
26 5 3 16810 1024 0.147192369
27 6 3 16811 1024 0.141605156
28 7 3 16812 1024 0.140985117
29 8 3 16813 1024 0.175453508
30 9 3 16814 1024 0.146957650
31 10 3 16815 1024 0.160105007
32 11 3 16816 1024 0.172123357
33 12 3 16817 1024 0.162847907
34 13 3 16818 1024 0.136557928
35 14 3 16819 1024 0.144669702
36 15 3 16820 1024 0.165569259
37 16 3 16821 1024 0.177990168
38 17 3 16822 1024 0.171654037
39 18 3 16823 1024 0.163655365
40 19 3 16824 1024 0.166729232
41 20 3 16825 1024 0.169798633
42 21 3 16826 1024 0.169987753
43 22 3 16827 1024 0.172226564
44 23 3 16828 1024 0.161092119
45 24 3 16829 1024 0.144122861
46 25 3 16830 1024 0.167462715
47 26 3 16831 1024 0.163352823
48 27 3 16832 1024 0.136454828
49 28 3 16833 1024 0.139974211
50 29 3 16834 1024 0.160287450
51 30 3 16835 1024 0.135045186
52 31 3 16836 1024 0.150799218
53 32 3 16837 1024 0.179688362
54 33 3 16838 1024 0.145182595
55 34 3 16839 1024 0.140471647
56 35 3 16840 1024 0.132352467
57 36 3 16841 1024 0.130906530
58 37 3 16842 1024 0.174045305
59 38 3 16843 1024 0.147852194
60 39 3 16844 1024 0.137930273
61 40 3 16845 1024 0.171397434
62 41 3 16846 1024 0.174722874
63 42 3 16847 1024 0.131598500
0 44 3 16848 1024 0.133183279
1 45 3 16849 1024 0.151531023
2 46 3 16850 1024 0.160878146
3 47 3 16851 1024 0.136034402
4 48 3 16852 1024 0.141204782
5 49 3 16853 1024 0.142891107
6 50 3 16854 1024 0.147016211
7 51 3 16855 1024 0.147762049
8 52 3 16856 1024 0.132333818
9 53 3 16857 1024 0.173885682
10 54 3 16858 1024 0.143374562
11 55 3 16859 1024 0.137558919
12 56 3 16860 1024 0.164506779
13 57 3 16861 1024 0.155769372
14 58 3 16862 1024 0.163474295
15 59 3 16863 1024 0.165320246
16 60 3 16864 1024 0.176331605
17 61 3 16865 1024 0.151891335
18 62 3 16866 1024 0.152856782
19 63 3 16867 1024 0.172079849
20 0 3 16868 1024 0.135546542
21 1 3 16869 1024 0.135294593
22 2 3 16870 1024 0.160528627
23 3 3 16871 1024 0.169107813
24 4 3 16872 1024 0.177369175
25 5 3 16873 1024 0.171180511
26 6 3 16874 1024 0.132098472
27 7 3 16875 1024 0.135270554
28 8 3 16876 1024 0.161496306
29 9 3 16877 1024 0.173543474
30 10 3 16878 1024 0.175549289
31 11 3 16879 1024 0.137851627
32 12 3 16880 1024 0.144606149
33 13 3 16881 1024 0.152075896
34 14 3 16882 1024 0.155294831
35 15 3 16883 1024 0.166627595
36 16 3 16884 1024 0.134964712
37 17 3 16885 1024 0.162354649
38 18 3 16886 1024 0.146730376
39 19 3 16887 1024 0.136888623
40 20 3 16888 1024 0.172429755
41 21 3 16889 1024 0.151955423
42 22 3 16890 1024 0.150787492
43 23 3 16891 1024 0.168451658
44 24 3 16892 1024 0.142265803
45 25 3 16893 1024 0.170457261
46 26 3 16894 1024 0.147066003
47 27 3 16895 1024 0.155251136
48 28 3 16896 1024 0.134261693
49 29 3 16897 1024 0.148621818
50 30 3 16898 1024 0.167742261
51 31 3 16899 1024 0.148032170
52 32 3 16900 1024 0.163249763
53 33 3 16901 1024 0.137580561
54 34 3 16902 1024 0.167675359
55 35 3 16903 1024 0.151086110
56 36 3 16904 1024 0.141409100
57 37 3 16905 1024 0.170088434
58 38 3 16906 1024 0.150670471
59 39 3 16907 1024 0.150465466
60 40 3 16908 1024 0.152937653
61 41 3 16909 1024 0.172619524
62 42 3 16910 1024 0.169730367
63 43 3 16911 1024 0.148088718
0 45 3 16912 1024 0.131488146
1 46 3 16913 1024 0.137279215
2 47 3 16914 1024 0.130497436
3 48 3 16915 1024 0.170312343
4 49 3 16916 1024 0.177182142
5 50 3 16917 1024 0.134238911
6 51 3 16918 1024 0.145740229
7 52 3 16919 1024 0.179097246
8 53 3 16920 1024 0.138216234
9 54 3 16921 1024 0.133073416
10 55 3 16922 1024 0.167959619
11 56 3 16923 1024 0.163008809
12 57 3 16924 1024 0.162073288
13 58 3 16925 1024 0.175125557
14 59 3 16926 1024 0.132890491
15 60 3 16927 1024 0.161580378
16 61 3 16928 1024 0.165668476
17 62 3 16929 1024 0.163018082
18 63 3 16930 1024 0.155988918
19 0 3 16931 1024 0.144786221
20 1 3 16932 1024 0.150100141
21 2 3 16933 1024 0.164043533
22 3 3 16934 1024 0.157680521
23 4 3 16935 1024 0.145216151
24 5 3 16936 1024 0.167134875
25 6 3 16937 1024 0.175461543
26 7 3 16938 1024 0.130395112
27 8 3 16939 1024 0.143989037
28 9 3 16940 1024 0.156389587
29 10 3 16941 1024 0.176022530
30 11 3 16942 1024 0.165014753
31 12 3 16943 1024 0.152309453
32 13 3 16944 1024 0.140256679
33 14 3 16945 1024 0.157221265
34 15 3 16946 1024 0.169417079
35 16 3 16947 1024 0.162601854
36 17 3 16948 1024 0.164873548
37 18 3 16949 1024 0.174383745
38 19 3 16950 1024 0.169078155
39 20 3 16951 1024 0.150225285
40 21 3 16952 1024 0.139864788
41 22 3 16953 1024 0.145076571
42 23 3 16954 1024 0.131848509
43 24 3 16955 1024 0.146724646
44 25 3 16956 1024 0.166254934
45 26 3 16957 1024 0.167002611
46 27 3 16958 1024 0.136300282
47 28 3 16959 1024 0.179596198
48 29 3 16960 1024 0.144196393
49 30 3 16961 1024 0.134640978
50 31 3 16962 1024 0.157589293
51 32 3 16963 1024 0.156066793
52 33 3 16964 1024 0.167852316
53 34 3 16965 1024 0.138001367
54 35 3 16966 1024 0.131394561
55 36 3 16967 1024 0.169829935
56 37 3 16968 1024 0.159625180
57 38 3 16969 1024 0.142066989
58 39 3 16970 1024 0.168707889
59 40 3 16971 1024 0.166325462
60 41 3 16972 1024 0.179347735
61 42 3 16973 1024 0.135522095
62 43 3 16974 1024 0.132997287
63 44 3 16975 1024 0.148648943
0 46 3 16976 1024 0.161349477
1 47 3 16977 1024 0.147723667
2 48 3 16978 1024 0.132386644
3 49 3 16979 1024 0.162548121
4 50 3 16980 1024 0.136237490
5 51 3 16981 1024 0.144898056
6 52 3 16982 1024 0.166842935
7 53 3 16983 1024 0.152657358
8 54 3 16984 1024 0.179147528
9 55 3 16985 1024 0.170269378
10 56 3 16986 1024 0.179450004
11 57 3 16987 1024 0.158279861
12 58 3 16988 1024 0.174716945
13 59 3 16989 1024 0.161387218
14 60 3 16990 1024 0.156664433
15 61 3 16991 1024 0.159777446
16 62 3 16992 1024 0.147516857
17 63 3 16993 1024 0.144226775
18 0 3 16994 1024 0.169239463
19 1 3 16995 1024 0.165742723
20 2 3 16996 1024 0.163621690
21 3 3 16997 1024 0.165717549
22 4 3 16998 1024 0.155983332
23 5 3 16999 1024 0.142381667
24 6 3 17000 1024 0.146392348
25 7 3 17001 1024 0.159118452
26 8 3 17002 1024 0.171142136
27 9 3 17003 1024 0.148063377
28 10 3 17004 1024 0.134899392
29 11 3 17005 1024 0.165582021
30 12 3 17006 1024 0.171421881
31 13 3 17007 1024 0.134097358
32 14 3 17008 1024 0.133109684
33 15 3 17009 1024 0.174425465
34 16 3 17010 1024 0.153812654
35 17 3 17011 1024 0.152308204
36 18 3 17012 1024 0.148464711
37 19 3 17013 1024 0.156312780
38 20 3 17014 1024 0.159411973
39 21 3 17015 1024 0.155947250
40 22 3 17016 1024 0.149739124
41 23 3 17017 1024 0.143184685
42 24 3 17018 1024 0.154941365
43 25 3 17019 1024 0.151171110
44 26 3 17020 1024 0.152003998
45 27 3 17021 1024 0.176551780
46 28 3 17022 1024 0.154477053
47 29 3 17023 1024 0.178663624
48 30 3 17024 1024 0.171190592
49 31 3 17025 1024 0.137217309
50 32 3 17026 1024 0.136356199
51 33 3 17027 1024 0.165557528
52 34 3 17028 1024 0.136469259
53 35 3 17029 1024 0.165226234
54 36 3 17030 1024 0.173163583
55 37 3 17031 1024 0.135902908
56 38 3 17032 1024 0.140632127
57 39 3 17033 1024 0.153667778
58 40 3 17034 1024 0.167324815
59 41 3 17035 1024 0.177203478
60 42 3 17036 1024 0.148466603
61 43 3 17037 1024 0.177591088
62 44 3 17038 1024 0.160080011
63 45 3 17039 1024 0.150430993
0 47 3 17040 1024 0.136043321
1 48 3 17041 1024 0.158588238
2 49 3 17042 1024 0.132014107
3 50 3 17043 1024 0.137665226
4 51 3 17044 1024 0.148573368
5 52 3 17045 1024 0.179551005
6 53 3 17046 1024 0.145163004
7 54 3 17047 1024 0.154296277
8 55 3 17048 1024 0.169560185
9 56 3 17049 1024 0.137106990
10 57 3 17050 1024 0.159481212
11 58 3 17051 1024 0.132432552
12 59 3 17052 1024 0.174712646
13 60 3 17053 1024 0.174452860
14 61 3 17054 1024 0.140779073
15 62 3 17055 1024 0.170956253
16 63 3 17056 1024 0.154439683
17 0 3 17057 1024 0.136116395
18 1 3 17058 1024 0.147432447
19 2 3 17059 1024 0.173521327
20 3 3 17060 1024 0.150878758
21 4 3 17061 1024 0.158652955
22 5 3 17062 1024 0.158288199
23 6 3 17063 1024 0.175014364
24 7 3 17064 1024 0.169067467
25 8 3 17065 1024 0.153761377
26 9 3 17066 1024 0.166001675
27 10 3 17067 1024 0.160285486
28 11 3 17068 1024 0.168097562
29 12 3 17069 1024 0.155238193
30 13 3 17070 1024 0.153046808
31 14 3 17071 1024 0.152496470
32 15 3 17072 1024 0.152453737
33 16 3 17073 1024 0.173317278
34 17 3 17074 1024 0.146260814
35 18 3 17075 1024 0.169990581
36 19 3 17076 1024 0.163225116
37 20 3 17077 1024 0.150481416
38 21 3 17078 1024 0.141641114
39 22 3 17079 1024 0.149769856
40 23 3 17080 1024 0.157049723
41 24 3 17081 1024 0.177903975
42 25 3 17082 1024 0.174502158
43 26 3 17083 1024 0.166795640
44 27 3 17084 1024 0.162295826
45 28 3 17085 1024 0.173297679
46 29 3 17086 1024 0.165360431
47 30 3 17087 1024 0.158599740
48 31 3 17088 1024 0.169807939
49 32 3 17089 1024 0.165369942
50 33 3 17090 1024 0.158052218
51 34 3 17091 1024 0.136189081
52 35 3 17092 1024 0.157967641
53 36 3 17093 1024 0.139621337
54 37 3 17094 1024 0.160935203
55 38 3 17095 1024 0.158842779
56 39 3 17096 1024 0.132643719
57 40 3 17097 1024 0.158512219
58 41 3 17098 1024 0.139469794
59 42 3 17099 1024 0.153791785
60 43 3 17100 1024 0.174843214
61 44 3 17101 1024 0.136014159
62 45 3 17102 1024 0.176809090
63 46 3 17103 1024 0.138987170
0 48 3 17104 1024 0.130948679
1 49 3 17105 1024 0.169337852
2 50 3 17106 1024 0.142264335
3 51 3 17107 1024 0.165280885
4 52 3 17108 1024 0.174382791
5 53 3 17109 1024 0.152211473
6 54 3 17110 1024 0.170346051
7 55 3 17111 1024 0.160342741
8 56 3 17112 1024 0.150089893
9 57 3 17113 1024 0.132249182
10 58 3 17114 1024 0.173098717
11 59 3 17115 1024 0.131163162
12 60 3 17116 1024 0.151850871
13 61 3 17117 1024 0.150746821
14 62 3 17118 1024 0.172982421
15 63 3 17119 1024 0.145869122
16 0 3 17120 1024 0.142858890
17 1 3 17121 1024 0.135732231
18 2 3 17122 1024 0.134966682
19 3 3 17123 1024 0.138407800
20 4 3 17124 1024 0.137201713
21 5 3 17125 1024 0.142777726
22 6 3 17126 1024 0.134481428
23 7 3 17127 1024 0.145339711
24 8 3 17128 1024 0.150363822
25 9 3 17129 1024 0.138459552
26 10 3 17130 1024 0.160723771
27 11 3 17131 1024 0.146264535
28 12 3 17132 1024 0.131358560
29 13 3 17133 1024 0.132925089
30 14 3 17134 1024 0.149496986
31 15 3 17135 1024 0.146002073
32 16 3 17136 1024 0.150641141
33 17 3 17137 1024 0.146210890
34 18 3 17138 1024 0.148775658
35 19 3 17139 1024 0.171387070
36 20 3 17140 1024 0.136048313
37 21 3 17141 1024 0.140127973
38 22 3 17142 1024 0.167606687
39 23 3 17143 1024 0.159301454
40 24 3 17144 1024 0.154648972
41 25 3 17145 1024 0.167619499
42 26 3 17146 1024 0.149252434
43 27 3 17147 1024 0.135754069
44 28 3 17148 1024 0.133031599
45 29 3 17149 1024 0.153241177
46 30 3 17150 1024 0.150353823
47 31 3 17151 1024 0.154208575
48 32 3 17152 1024 0.150374689
49 33 3 17153 1024 0.141687023
50 34 3 17154 1024 0.174307795
51 35 3 17155 1024 0.143457987
52 36 3 17156 1024 0.178173734
53 37 3 17157 1024 0.163754871
54 38 3 17158 1024 0.142315805
55 39 3 17159 1024 0.157735373
56 40 3 17160 1024 0.169260709
57 41 3 17161 1024 0.145230642
58 42 3 17162 1024 0.150337296
59 43 3 17163 1024 0.134195418
60 44 3 17164 1024 0.161789950
61 45 3 17165 1024 0.140172845
62 46 3 17166 1024 0.178395576
63 47 3 17167 1024 0.148665261
0 49 3 17168 1024 0.179265436
1 50 3 17169 1024 0.169101183
2 51 3 17170 1024 0.156876781
3 52 3 17171 1024 0.151187623
4 53 3 17172 1024 0.175574637
5 54 3 17173 1024 0.152587100
6 55 3 17174 1024 0.130050053
7 56 3 17175 1024 0.153232603
8 57 3 17176 1024 0.171468589
9 58 3 17177 1024 0.144462473
10 59 3 17178 1024 0.178604090
11 60 3 17179 1024 0.130027147
12 61 3 17180 1024 0.176675341
13 62 3 17181 1024 0.154109313
14 63 3 17182 1024 0.159893388
15 0 3 17183 1024 0.171974386
16 1 3 17184 1024 0.149007676
17 2 3 17185 1024 0.147570896
18 3 3 17186 1024 0.161610347
19 4 3 17187 1024 0.159257958
20 5 3 17188 1024 0.155516421
21 6 3 17189 1024 0.132274237
22 7 3 17190 1024 0.166959147
23 8 3 17191 1024 0.158154079
24 9 3 17192 1024 0.145031917
25 10 3 17193 1024 0.149765245
26 11 3 17194 1024 0.136148848
27 12 3 17195 1024 0.136982513
28 13 3 17196 1024 0.157823954
29 14 3 17197 1024 0.143972915
30 15 3 17198 1024 0.151598122
31 16 3 17199 1024 0.160522265
32 17 3 17200 1024 0.177870859
33 18 3 17201 1024 0.145915197
34 19 3 17202 1024 0.164105050
35 20 3 17203 1024 0.147131763
36 21 3 17204 1024 0.143068027
37 22 3 17205 1024 0.167634700
38 23 3 17206 1024 0.152635904
39 24 3 17207 1024 0.142296414
40 25 3 17208 1024 0.179151097
41 26 3 17209 1024 0.147081490
42 27 3 17210 1024 0.152989967
43 28 3 17211 1024 0.159975683
44 29 3 17212 1024 0.130793731
45 30 3 17213 1024 0.164592253
46 31 3 17214 1024 0.162322165
47 32 3 17215 1024 0.130102376
48 33 3 17216 1024 0.153826448
49 34 3 17217 1024 0.175072250
50 35 3 17218 1024 0.163635320
51 36 3 17219 1024 0.150658152
52 37 3 17220 1024 0.174763409
53 38 3 17221 1024 0.165164984
54 39 3 17222 1024 0.168123262
55 40 3 17223 1024 0.156906573
56 41 3 17224 1024 0.169365262
57 42 3 17225 1024 0.162454864
58 43 3 17226 1024 0.133876156
59 44 3 17227 1024 0.131547376
60 45 3 17228 1024 0.171604193
61 46 3 17229 1024 0.163580654
62 47 3 17230 1024 0.163612296
63 48 3 17231 1024 0.147649737
0 50 3 17232 1024 0.170639062
1 51 3 17233 1024 0.171373342
2 52 3 17234 1024 0.147898287
3 53 3 17235 1024 0.138859332
4 54 3 17236 1024 0.168398292
5 55 3 17237 1024 0.164851507
6 56 3 17238 1024 0.130421569
7 57 3 17239 1024 0.153134627
8 58 3 17240 1024 0.176812392
9 59 3 17241 1024 0.152228883
10 60 3 17242 1024 0.141076038
11 61 3 17243 1024 0.130989083
12 62 3 17244 1024 0.144056724
13 63 3 17245 1024 0.176069934
14 0 3 17246 1024 0.147891051
15 1 3 17247 1024 0.134498326
16 2 3 17248 1024 0.160672135
17 3 3 17249 1024 0.145158927
18 4 3 17250 1024 0.165890476
19 5 3 17251 1024 0.141712897
20 6 3 17252 1024 0.154690434
21 7 3 17253 1024 0.148149959
22 8 3 17254 1024 0.144037818
23 9 3 17255 1024 0.175225380
24 10 3 17256 1024 0.165348400
25 11 3 17257 1024 0.140454316
26 12 3 17258 1024 0.139804340
27 13 3 17259 1024 0.171056174
28 14 3 17260 1024 0.149804309
29 15 3 17261 1024 0.173495812
30 16 3 17262 1024 0.158455112
31 17 3 17263 1024 0.154700566
32 18 3 17264 1024 0.157589259
33 19 3 17265 1024 0.162991921
34 20 3 17266 1024 0.158285352
35 21 3 17267 1024 0.164119180
36 22 3 17268 1024 0.158257012
37 23 3 17269 1024 0.133268031
38 24 3 17270 1024 0.136412320
39 25 3 17271 1024 0.133252466
40 26 3 17272 1024 0.142981224
41 27 3 17273 1024 0.158495165
42 28 3 17274 1024 0.141398259
43 29 3 17275 1024 0.156153998
44 30 3 17276 1024 0.169112635
45 31 3 17277 1024 0.139592577
46 32 3 17278 1024 0.163898936
47 33 3 17279 1024 0.179597568
48 34 3 17280 1024 0.164649291
49 35 3 17281 1024 0.156647076
50 36 3 17282 1024 0.142646054
51 37 3 17283 1024 0.158005799
52 38 3 17284 1024 0.152696306
53 39 3 17285 1024 0.176894518
54 40 3 17286 1024 0.162048314
55 41 3 17287 1024 0.177153711
56 42 3 17288 1024 0.132593140
57 43 3 17289 1024 0.176937966
58 44 3 17290 1024 0.151627409
59 45 3 17291 1024 0.179755324
60 46 3 17292 1024 0.143701780
61 47 3 17293 1024 0.164008674
62 48 3 17294 1024 0.153329336
63 49 3 17295 1024 0.148073592
0 51 3 17296 1024 0.167951086
1 52 3 17297 1024 0.174190122
2 53 3 17298 1024 0.141227410
3 54 3 17299 1024 0.143896652
4 55 3 17300 1024 0.151003103
5 56 3 17301 1024 0.152443075
6 57 3 17302 1024 0.130257964
7 58 3 17303 1024 0.139730407
8 59 3 17304 1024 0.134090445
9 60 3 17305 1024 0.158590981
10 61 3 17306 1024 0.131268597
11 62 3 17307 1024 0.166872209
12 63 3 17308 1024 0.178904781
13 0 3 17309 1024 0.151191013
14 1 3 17310 1024 0.133722018
15 2 3 17311 1024 0.142499208
16 3 3 17312 1024 0.138224079
17 4 3 17313 1024 0.145540293
18 5 3 17314 1024 0.161299734
19 6 3 17315 1024 0.134836305
20 7 3 17316 1024 0.153998321
21 8 3 17317 1024 0.170402954
22 9 3 17318 1024 0.159626539
23 10 3 17319 1024 0.161314855
24 11 3 17320 1024 0.146715127
25 12 3 17321 1024 0.142520474
26 13 3 17322 1024 0.135392033
27 14 3 17323 1024 0.141917961
28 15 3 17324 1024 0.147040098
29 16 3 17325 1024 0.132721643
30 17 3 17326 1024 0.146679423
31 18 3 17327 1024 0.169705556
32 19 3 17328 1024 0.177177379
33 20 3 17329 1024 0.168787474
34 21 3 17330 1024 0.160978328
35 22 3 17331 1024 0.168204929
36 23 3 17332 1024 0.161267438
37 24 3 17333 1024 0.158946723
38 25 3 17334 1024 0.134276735
39 26 3 17335 1024 0.133034347
40 27 3 17336 1024 0.131667184
41 28 3 17337 1024 0.145663972
42 29 3 17338 1024 0.172384607
43 30 3 17339 1024 0.133251411
44 31 3 17340 1024 0.136376790
45 32 3 17341 1024 0.175955789
46 33 3 17342 1024 0.152095920
47 34 3 17343 1024 0.145073554
48 35 3 17344 1024 0.161309261
49 36 3 17345 1024 0.133289513
50 37 3 17346 1024 0.163878223
51 38 3 17347 1024 0.157962903
52 39 3 17348 1024 0.144745839
53 40 3 17349 1024 0.149072774
54 41 3 17350 1024 0.134791513
55 42 3 17351 1024 0.167598168
56 43 3 17352 1024 0.141655599
57 44 3 17353 1024 0.159978793
58 45 3 17354 1024 0.162986202
59 46 3 17355 1024 0.130530327
60 47 3 17356 1024 0.149196001
61 48 3 17357 1024 0.169758234
62 49 3 17358 1024 0.173996908
63 50 3 17359 1024 0.160961528
0 52 3 17360 1024 0.146980824
1 53 3 17361 1024 0.176879243
2 54 3 17362 1024 0.169146457
3 55 3 17363 1024 0.152703838
4 56 3 17364 1024 0.146409683
5 57 3 17365 1024 0.139624066
6 58 3 17366 1024 0.135134483
7 59 3 17367 1024 0.159758755
8 60 3 17368 1024 0.133377224
9 61 3 17369 1024 0.169470821
10 62 3 17370 1024 0.139680727
11 63 3 17371 1024 0.158660607
12 0 3 17372 1024 0.161868187
13 1 3 17373 1024 0.142814305
14 2 3 17374 1024 0.151050350
15 3 3 17375 1024 0.166231152
16 4 3 17376 1024 0.152231216
17 5 3 17377 1024 0.142157624
18 6 3 17378 1024 0.169851279
19 7 3 17379 1024 0.133024559
20 8 3 17380 1024 0.145583343
21 9 3 17381 1024 0.151792406
22 10 3 17382 1024 0.177987068
23 11 3 17383 1024 0.167718682
24 12 3 17384 1024 0.145559412
25 13 3 17385 1024 0.174261096
26 14 3 17386 1024 0.168774783
27 15 3 17387 1024 0.137370453
28 16 3 17388 1024 0.145433721
29 17 3 17389 1024 0.147145016
30 18 3 17390 1024 0.148441500
31 19 3 17391 1024 0.130404092
32 20 3 17392 1024 0.159321996
33 21 3 17393 1024 0.163915019
34 22 3 17394 1024 0.132865882
35 23 3 17395 1024 0.155355393
36 24 3 17396 1024 0.171758746
37 25 3 17397 1024 0.172935110
38 26 3 17398 1024 0.151103057
39 27 3 17399 1024 0.139770356
40 28 3 17400 1024 0.140018595
41 29 3 17401 1024 0.175425011
42 30 3 17402 1024 0.169263190
43 31 3 17403 1024 0.147077596
44 32 3 17404 1024 0.163393007
45 33 3 17405 1024 0.164739079
46 34 3 17406 1024 0.179096163
47 35 3 17407 1024 0.159988115
48 36 3 17408 1024 0.146557272
49 37 3 17409 1024 0.158920537
50 38 3 17410 1024 0.178153244
51 39 3 17411 1024 0.160805157
52 40 3 17412 1024 0.150934764
53 41 3 17413 1024 0.138113999
54 42 3 17414 1024 0.152715105
55 43 3 17415 1024 0.169459569
56 44 3 17416 1024 0.132109607
57 45 3 17417 1024 0.140970294
58 46 3 17418 1024 0.130184854
59 47 3 17419 1024 0.141151254
60 48 3 17420 1024 0.141513701
61 49 3 17421 1024 0.161196001
62 50 3 17422 1024 0.141950952
63 51 3 17423 1024 0.166729309
0 53 3 17424 1024 0.177629411
1 54 3 17425 1024 0.146575755
2 55 3 17426 1024 0.167004069
3 56 3 17427 1024 0.140265818
4 57 3 17428 1024 0.139212226
5 58 3 17429 1024 0.179493902
6 59 3 17430 1024 0.148140857
7 60 3 17431 1024 0.133686558
8 61 3 17432 1024 0.131500879
9 62 3 17433 1024 0.135759465
10 63 3 17434 1024 0.144528811
11 0 3 17435 1024 0.139720172
12 1 3 17436 1024 0.159284320
13 2 3 17437 1024 0.168276637
14 3 3 17438 1024 0.132195241
15 4 3 17439 1024 0.131484279
16 5 3 17440 1024 0.139891250
17 6 3 17441 1024 0.138707330
18 7 3 17442 1024 0.174269111
19 8 3 17443 1024 0.165941834
20 9 3 17444 1024 0.146990875
21 10 3 17445 1024 0.157725248
22 11 3 17446 1024 0.138927072
23 12 3 17447 1024 0.131074601
24 13 3 17448 1024 0.172144071
25 14 3 17449 1024 0.175532448
26 15 3 17450 1024 0.131049688
27 16 3 17451 1024 0.163872619
28 17 3 17452 1024 0.148946138
29 18 3 17453 1024 0.169370704
30 19 3 17454 1024 0.135548450
31 20 3 17455 1024 0.176805705
32 21 3 17456 1024 0.145253619
33 22 3 17457 1024 0.142007497
34 23 3 17458 1024 0.170474389
35 24 3 17459 1024 0.163045436
36 25 3 17460 1024 0.177058088
37 26 3 17461 1024 0.178855092
38 27 3 17462 1024 0.179884746
39 28 3 17463 1024 0.174083190
40 29 3 17464 1024 0.173919392
41 30 3 17465 1024 0.133268876
42 31 3 17466 1024 0.137221612
43 32 3 17467 1024 0.176207773
44 33 3 17468 1024 0.169744906
45 34 3 17469 1024 0.139584065
46 35 3 17470 1024 0.148909776
47 36 3 17471 1024 0.148712765
48 37 3 17472 1024 0.159977458
49 38 3 17473 1024 0.178849077
50 39 3 17474 1024 0.142227482
51 40 3 17475 1024 0.132309760
52 41 3 17476 1024 0.160801400
53 42 3 17477 1024 0.139455108
54 43 3 17478 1024 0.156773417
55 44 3 17479 1024 0.169479389
56 45 3 17480 1024 0.146384030
57 46 3 17481 1024 0.132662949
58 47 3 17482 1024 0.169780596
59 48 3 17483 1024 0.173642575
60 49 3 17484 1024 0.172575132
61 50 3 17485 1024 0.178419215
62 51 3 17486 1024 0.174291714
63 52 3 17487 1024 0.140461879
0 54 3 17488 1024 0.134070385
1 55 3 17489 1024 0.153533365
2 56 3 17490 1024 0.163175110
3 57 3 17491 1024 0.133243652
4 58 3 17492 1024 0.155430690
5 59 3 17493 1024 0.167565402
6 60 3 17494 1024 0.162253578
7 61 3 17495 1024 0.155457926
8 62 3 17496 1024 0.154929389
9 63 3 17497 1024 0.153213364
10 0 3 17498 1024 0.146091157
11 1 3 17499 1024 0.148693936
12 2 3 17500 1024 0.164725484
13 3 3 17501 1024 0.165782494
14 4 3 17502 1024 0.154739601
15 5 3 17503 1024 0.143416773
16 6 3 17504 1024 0.150047304
17 7 3 17505 1024 0.176059261
18 8 3 17506 1024 0.159199131
19 9 3 17507 1024 0.131830224
20 10 3 17508 1024 0.140976314
21 11 3 17509 1024 0.140150025
22 12 3 17510 1024 0.173158413
23 13 3 17511 1024 0.149794999
24 14 3 17512 1024 0.145299952
25 15 3 17513 1024 0.174435446
26 16 3 17514 1024 0.158568519
27 17 3 17515 1024 0.176774945
28 18 3 17516 1024 0.148705368
29 19 3 17517 1024 0.157527599
30 20 3 17518 1024 0.136716516
31 21 3 17519 1024 0.134201407
32 22 3 17520 1024 0.152225266
33 23 3 17521 1024 0.147578748
34 24 3 17522 1024 0.159198111
35 25 3 17523 1024 0.153262656
36 26 3 17524 1024 0.161056291
37 27 3 17525 1024 0.151305117
38 28 3 17526 1024 0.153377549
39 29 3 17527 1024 0.150447639
40 30 3 17528 1024 0.170225223
41 31 3 17529 1024 0.145851021
42 32 3 17530 1024 0.149118546
43 33 3 17531 1024 0.138978287
44 34 3 17532 1024 0.141689520
45 35 3 17533 1024 0.162267743
46 36 3 17534 1024 0.147954647
47 37 3 17535 1024 0.134120926
48 38 3 17536 1024 0.172130169
49 39 3 17537 1024 0.155639549
50 40 3 17538 1024 0.162182720
51 41 3 17539 1024 0.169293665
52 42 3 17540 1024 0.176330296
53 43 3 17541 1024 0.134920455
54 44 3 17542 1024 0.133567434
55 45 3 17543 1024 0.131914069
56 46 3 17544 1024 0.140015330
57 47 3 17545 1024 0.139832316
58 48 3 17546 1024 0.146462065
59 49 3 17547 1024 0.145135779
60 50 3 17548 1024 0.170778239
61 51 3 17549 1024 0.164176966
62 52 3 17550 1024 0.143723228
63 53 3 17551 1024 0.165282132
0 55 3 17552 1024 0.179899785
1 56 3 17553 1024 0.179920255
2 57 3 17554 1024 0.167619168
3 58 3 17555 1024 0.166991050
4 59 3 17556 1024 0.175619127
5 60 3 17557 1024 0.130426694
6 61 3 17558 1024 0.144973708
7 62 3 17559 1024 0.171115443
8 63 3 17560 1024 0.169156413
9 0 3 17561 1024 0.150190557
10 1 3 17562 1024 0.150287924
11 2 3 17563 1024 0.158997689
12 3 3 17564 1024 0.162765425
13 4 3 17565 1024 0.153600200
14 5 3 17566 1024 0.155632349
15 6 3 17567 1024 0.168058027
16 7 3 17568 1024 0.137464057
17 8 3 17569 1024 0.149875264
18 9 3 17570 1024 0.141346315
19 10 3 17571 1024 0.167456854
20 11 3 17572 1024 0.153721913
21 12 3 17573 1024 0.155791268
22 13 3 17574 1024 0.169298732
23 14 3 17575 1024 0.167881065
24 15 3 17576 1024 0.166125518
25 16 3 17577 1024 0.153070057
26 17 3 17578 1024 0.169595744
27 18 3 17579 1024 0.145653742
28 19 3 17580 1024 0.139392328
29 20 3 17581 1024 0.168506553
30 21 3 17582 1024 0.164897063
31 22 3 17583 1024 0.140479238
32 23 3 17584 1024 0.152498597
33 24 3 17585 1024 0.157922341
34 25 3 17586 1024 0.148735008
35 26 3 17587 1024 0.158875422
36 27 3 17588 1024 0.136417282
37 28 3 17589 1024 0.177167700
38 29 3 17590 1024 0.130484058
39 30 3 17591 1024 0.170520069
40 31 3 17592 1024 0.171714944
41 32 3 17593 1024 0.146991112
42 33 3 17594 1024 0.150957366
43 34 3 17595 1024 0.164288140
44 35 3 17596 1024 0.150168436
45 36 3 17597 1024 0.168932170
46 37 3 17598 1024 0.156880200
47 38 3 17599 1024 0.146303976
48 39 3 17600 1024 0.131161992
49 40 3 17601 1024 0.169267891
50 41 3 17602 1024 0.176107210
51 42 3 17603 1024 0.137684562
52 43 3 17604 1024 0.177631877
53 44 3 17605 1024 0.146512526
54 45 3 17606 1024 0.161491965
55 46 3 17607 1024 0.160150139
56 47 3 17608 1024 0.160391864
57 48 3 17609 1024 0.173347238
58 49 3 17610 1024 0.179008606
59 50 3 17611 1024 0.140210231
60 51 3 17612 1024 0.149531807
61 52 3 17613 1024 0.156724529
62 53 3 17614 1024 0.139416934
63 54 3 17615 1024 0.135431918
0 56 3 17616 1024 0.158475751
1 57 3 17617 1024 0.152576766
2 58 3 17618 1024 0.174737190
3 59 3 17619 1024 0.134662075
4 60 3 17620 1024 0.135215659
5 61 3 17621 1024 0.157645339
6 62 3 17622 1024 0.131602958
7 63 3 17623 1024 0.164451227
8 0 3 17624 1024 0.154430666
9 1 3 17625 1024 0.139334605
10 2 3 17626 1024 0.133474552
11 3 3 17627 1024 0.178149728
12 4 3 17628 1024 0.144190881
13 5 3 17629 1024 0.141651971
14 6 3 17630 1024 0.162978495
15 7 3 17631 1024 0.133498972
16 8 3 17632 1024 0.132872659
17 9 3 17633 1024 0.155926584
18 10 3 17634 1024 0.138591286
19 11 3 17635 1024 0.172985367
20 12 3 17636 1024 0.150543062
21 13 3 17637 1024 0.137851773
22 14 3 17638 1024 0.135537197
23 15 3 17639 1024 0.156822651
24 16 3 17640 1024 0.153912557
25 17 3 17641 1024 0.133438150
26 18 3 17642 1024 0.177754838
27 19 3 17643 1024 0.173284975
28 20 3 17644 1024 0.136496614
29 21 3 17645 1024 0.140283850
30 22 3 17646 1024 0.151610034
31 23 3 17647 1024 0.165483581
32 24 3 17648 1024 0.153739001
33 25 3 17649 1024 0.160185472
34 26 3 17650 1024 0.176957713
35 27 3 17651 1024 0.159374598
36 28 3 17652 1024 0.155123751
37 29 3 17653 1024 0.164241796
38 30 3 17654 1024 0.143772049
39 31 3 17655 1024 0.130372165
40 32 3 17656 1024 0.137134599
41 33 3 17657 1024 0.133198502
42 34 3 17658 1024 0.149961846
43 35 3 17659 1024 0.170378292
44 36 3 17660 1024 0.156292825
45 37 3 17661 1024 0.175515127
46 38 3 17662 1024 0.173961970
47 39 3 17663 1024 0.153010228
48 40 3 17664 1024 0.158806638
49 41 3 17665 1024 0.166864536
50 42 3 17666 1024 0.144395589
51 43 3 17667 1024 0.174049704
52 44 3 17668 1024 0.152815331
53 45 3 17669 1024 0.165015827
54 46 3 17670 1024 0.165582397
55 47 3 17671 1024 0.144872436
56 48 3 17672 1024 0.160651376
57 49 3 17673 1024 0.170499238
58 50 3 17674 1024 0.138756314
59 51 3 17675 1024 0.142456741
60 52 3 17676 1024 0.174998231
61 53 3 17677 1024 0.166662198
62 54 3 17678 1024 0.152891408
63 55 3 17679 1024 0.175541655
0 57 3 17680 1024 0.139172216
1 58 3 17681 1024 0.158430763
2 59 3 17682 1024 0.149677566
3 60 3 17683 1024 0.177284368
4 61 3 17684 1024 0.141984763
5 62 3 17685 1024 0.173526980
6 63 3 17686 1024 0.143688814
7 0 3 17687 1024 0.161404160
8 1 3 17688 1024 0.144594480
9 2 3 17689 1024 0.175814817
10 3 3 17690 1024 0.164902200
11 4 3 17691 1024 0.166120469
12 5 3 17692 1024 0.140862743
13 6 3 17693 1024 0.154674379
14 7 3 17694 1024 0.179619486
15 8 3 17695 1024 0.157641195
16 9 3 17696 1024 0.179765819
17 10 3 17697 1024 0.133826682
18 11 3 17698 1024 0.135261228
19 12 3 17699 1024 0.168326954
20 13 3 17700 1024 0.146300657
21 14 3 17701 1024 0.152546799
22 15 3 17702 1024 0.142638331
23 16 3 17703 1024 0.155303229
24 17 3 17704 1024 0.153108374
25 18 3 17705 1024 0.133659775
26 19 3 17706 1024 0.164724286
27 20 3 17707 1024 0.167486807
28 21 3 17708 1024 0.149057778
29 22 3 17709 1024 0.167297872
30 23 3 17710 1024 0.172788657
31 24 3 17711 1024 0.149833716
32 25 3 17712 1024 0.130536868
33 26 3 17713 1024 0.135734136
34 27 3 17714 1024 0.175856849
35 28 3 17715 1024 0.146355518
36 29 3 17716 1024 0.167433801
37 30 3 17717 1024 0.154237962
38 31 3 17718 1024 0.133411859
39 32 3 17719 1024 0.157421427
40 33 3 17720 1024 0.142114680
41 34 3 17721 1024 0.177500921
42 35 3 17722 1024 0.137012788
43 36 3 17723 1024 0.171021334
44 37 3 17724 1024 0.172078127
45 38 3 17725 1024 0.138529455
46 39 3 17726 1024 0.130903306
47 40 3 17727 1024 0.135025756
48 41 3 17728 1024 0.144707233
49 42 3 17729 1024 0.156732692
50 43 3 17730 1024 0.149542475
51 44 3 17731 1024 0.133879265
52 45 3 17732 1024 0.168179452
53 46 3 17733 1024 0.163869157
54 47 3 17734 1024 0.137674824
55 48 3 17735 1024 0.147904349
56 49 3 17736 1024 0.140833622
57 50 3 17737 1024 0.131722242
58 51 3 17738 1024 0.163752207
59 52 3 17739 1024 0.140808325
60 53 3 17740 1024 0.164837118
61 54 3 17741 1024 0.171825057
62 55 3 17742 1024 0.170575591
63 56 3 17743 1024 0.162050609
0 58 3 17744 1024 0.165820522
1 59 3 17745 1024 0.174850494
2 60 3 17746 1024 0.149530919
3 61 3 17747 1024 0.145416213
4 62 3 17748 1024 0.132620763
5 63 3 17749 1024 0.130233287
6 0 3 17750 1024 0.168620485
7 1 3 17751 1024 0.168355712
8 2 3 17752 1024 0.176441028
9 3 3 17753 1024 0.148732235
10 4 3 17754 1024 0.141927016
11 5 3 17755 1024 0.134569322
12 6 3 17756 1024 0.151084137
13 7 3 17757 1024 0.179464531
14 8 3 17758 1024 0.146855832
15 9 3 17759 1024 0.139607591
16 10 3 17760 1024 0.163447473
17 11 3 17761 1024 0.141028393
18 12 3 17762 1024 0.174114303
19 13 3 17763 1024 0.169846208
20 14 3 17764 1024 0.171522533
21 15 3 17765 1024 0.138394144
22 16 3 17766 1024 0.138352363
23 17 3 17767 1024 0.150784000
24 18 3 17768 1024 0.135384191
25 19 3 17769 1024 0.146357073
26 20 3 17770 1024 0.158102706
27 21 3 17771 1024 0.139477377
28 22 3 17772 1024 0.140355966
29 23 3 17773 1024 0.157085133
30 24 3 17774 1024 0.176946161
31 25 3 17775 1024 0.136040198
32 26 3 17776 1024 0.140688999
33 27 3 17777 1024 0.147828816
34 28 3 17778 1024 0.138681078
35 29 3 17779 1024 0.150106974
36 30 3 17780 1024 0.145812011
37 31 3 17781 1024 0.149459333
38 32 3 17782 1024 0.152938797
39 33 3 17783 1024 0.133300814
40 34 3 17784 1024 0.170754245
41 35 3 17785 1024 0.162497250
42 36 3 17786 1024 0.148448998
43 37 3 17787 1024 0.133366563
44 38 3 17788 1024 0.140928043
45 39 3 17789 1024 0.145076712
46 40 3 17790 1024 0.159943455
47 41 3 17791 1024 0.179155125
48 42 3 17792 1024 0.135090679
49 43 3 17793 1024 0.156809077
50 44 3 17794 1024 0.179526564
51 45 3 17795 1024 0.172523252
52 46 3 17796 1024 0.138572956
53 47 3 17797 1024 0.177951735
54 48 3 17798 1024 0.159993357
55 49 3 17799 1024 0.179070795
56 50 3 17800 1024 0.164815768
57 51 3 17801 1024 0.163895026
58 52 3 17802 1024 0.178618343
59 53 3 17803 1024 0.164686037
60 54 3 17804 1024 0.146602327
61 55 3 17805 1024 0.161767673
62 56 3 17806 1024 0.174198352
63 57 3 17807 1024 0.145898349
0 59 3 17808 1024 0.172577711
1 60 3 17809 1024 0.154106519
2 61 3 17810 1024 0.146755261
3 62 3 17811 1024 0.160426666
4 63 3 17812 1024 0.159251846
5 0 3 17813 1024 0.149118570
6 1 3 17814 1024 0.162029598
7 2 3 17815 1024 0.141621274
8 3 3 17816 1024 0.159373427
9 4 3 17817 1024 0.179419043
10 5 3 17818 1024 0.141630295
11 6 3 17819 1024 0.160817434
12 7 3 17820 1024 0.174838971
13 8 3 17821 1024 0.145442431
14 9 3 17822 1024 0.166895664
15 10 3 17823 1024 0.167862287
16 11 3 17824 1024 0.160988311
17 12 3 17825 1024 0.132996151
18 13 3 17826 1024 0.148726181
19 14 3 17827 1024 0.144830737
20 15 3 17828 1024 0.137583529
21 16 3 17829 1024 0.140219267
22 17 3 17830 1024 0.131895336
23 18 3 17831 1024 0.176170457
24 19 3 17832 1024 0.159903759
25 20 3 17833 1024 0.177293825
26 21 3 17834 1024 0.166962782
27 22 3 17835 1024 0.146434493
28 23 3 17836 1024 0.143906322
29 24 3 17837 1024 0.162180104
30 25 3 17838 1024 0.168024694
31 26 3 17839 1024 0.156043643
32 27 3 17840 1024 0.178878375
33 28 3 17841 1024 0.162402321
34 29 3 17842 1024 0.144422755
35 30 3 17843 1024 0.131184667
36 31 3 17844 1024 0.172346742
37 32 3 17845 1024 0.146563514
38 33 3 17846 1024 0.142112449
39 34 3 17847 1024 0.156965588
40 35 3 17848 1024 0.175331603
41 36 3 17849 1024 0.163250301
42 37 3 17850 1024 0.142416902
43 38 3 17851 1024 0.164367492
44 39 3 17852 1024 0.165975111
45 40 3 17853 1024 0.160403160
46 41 3 17854 1024 0.149074296
47 42 3 17855 1024 0.146081850
48 43 3 17856 1024 0.152118045
49 44 3 17857 1024 0.130302133
50 45 3 17858 1024 0.173493337
51 46 3 17859 1024 0.133499246
52 47 3 17860 1024 0.139623272
53 48 3 17861 1024 0.161718348
54 49 3 17862 1024 0.137076601
55 50 3 17863 1024 0.140211001
56 51 3 17864 1024 0.134587970
57 52 3 17865 1024 0.159631533
58 53 3 17866 1024 0.171561044
59 54 3 17867 1024 0.176590635
60 55 3 17868 1024 0.141815506
61 56 3 17869 1024 0.133908226
62 57 3 17870 1024 0.166249455
63 58 3 17871 1024 0.145573148
0 60 3 17872 1024 0.166083688
1 61 3 17873 1024 0.142246248
2 62 3 17874 1024 0.138821775
3 63 3 17875 1024 0.142448472
4 0 3 17876 1024 0.144267645
5 1 3 17877 1024 0.152413560
6 2 3 17878 1024 0.161780189
7 3 3 17879 1024 0.143593039
8 4 3 17880 1024 0.169064446
9 5 3 17881 1024 0.134000799
10 6 3 17882 1024 0.178627760
11 7 3 17883 1024 0.149912224
12 8 3 17884 1024 0.138388302
13 9 3 17885 1024 0.152068804
14 10 3 17886 1024 0.155264628
15 11 3 17887 1024 0.166746405
16 12 3 17888 1024 0.168016223
17 13 3 17889 1024 0.170980190
18 14 3 17890 1024 0.169677930
19 15 3 17891 1024 0.130990554
20 16 3 17892 1024 0.149070966
21 17 3 17893 1024 0.172702111
22 18 3 17894 1024 0.167942916
23 19 3 17895 1024 0.176076625
24 20 3 17896 1024 0.159759168
25 21 3 17897 1024 0.137639935
26 22 3 17898 1024 0.166332412
27 23 3 17899 1024 0.142864586
28 24 3 17900 1024 0.153182562
29 25 3 17901 1024 0.152680155
30 26 3 17902 1024 0.148757344
31 27 3 17903 1024 0.160301268
32 28 3 17904 1024 0.133596982
33 29 3 17905 1024 0.136832817
34 30 3 17906 1024 0.153462924
35 31 3 17907 1024 0.137736223
36 32 3 17908 1024 0.139481291
37 33 3 17909 1024 0.130641714
38 34 3 17910 1024 0.155034990
39 35 3 17911 1024 0.166267269
40 36 3 17912 1024 0.154572686
41 37 3 17913 1024 0.176284554
42 38 3 17914 1024 0.177014249
43 39 3 17915 1024 0.178524632
44 40 3 17916 1024 0.148657245
45 41 3 17917 1024 0.154477556
46 42 3 17918 1024 0.162052436
47 43 3 17919 1024 0.159415450
48 44 3 17920 1024 0.150439379
49 45 3 17921 1024 0.131941345
50 46 3 17922 1024 0.176080162
51 47 3 17923 1024 0.149241301
52 48 3 17924 1024 0.158280430
53 49 3 17925 1024 0.139711410
54 50 3 17926 1024 0.151814897
55 51 3 17927 1024 0.142762921
56 52 3 17928 1024 0.175654300
57 53 3 17929 1024 0.166112265
58 54 3 17930 1024 0.155480418
59 55 3 17931 1024 0.154431092
60 56 3 17932 1024 0.164424470
61 57 3 17933 1024 0.164822771
62 58 3 17934 1024 0.162545317
63 59 3 17935 1024 0.176325938
0 61 3 17936 1024 0.166783210
1 62 3 17937 1024 0.142117643
2 63 3 17938 1024 0.131725379
3 0 3 17939 1024 0.170656321
4 1 3 17940 1024 0.161547636
5 2 3 17941 1024 0.163821280
6 3 3 17942 1024 0.164873571
7 4 3 17943 1024 0.162266677
8 5 3 17944 1024 0.143066535
9 6 3 17945 1024 0.152773539
10 7 3 17946 1024 0.164053324
11 8 3 17947 1024 0.142714402
12 9 3 17948 1024 0.160107466
13 10 3 17949 1024 0.177588912
14 11 3 17950 1024 0.172075795
15 12 3 17951 1024 0.130616869
16 13 3 17952 1024 0.168548609
17 14 3 17953 1024 0.162219870
18 15 3 17954 1024 0.175844143
19 16 3 17955 1024 0.149883346
20 17 3 17956 1024 0.159308021
21 18 3 17957 1024 0.175049782
22 19 3 17958 1024 0.155926852
23 20 3 17959 1024 0.139441163
24 21 3 17960 1024 0.151147243
25 22 3 17961 1024 0.171487478
26 23 3 17962 1024 0.142643562
27 24 3 17963 1024 0.145110978
28 25 3 17964 1024 0.178384172
29 26 3 17965 1024 0.162924303
30 27 3 17966 1024 0.149139431
31 28 3 17967 1024 0.145398943
32 29 3 17968 1024 0.150580450
33 30 3 17969 1024 0.173820024
34 31 3 17970 1024 0.166382604
35 32 3 17971 1024 0.134443672
36 33 3 17972 1024 0.161809012
37 34 3 17973 1024 0.168834556
38 35 3 17974 1024 0.147219641
39 36 3 17975 1024 0.137135674
40 37 3 17976 1024 0.167436504
41 38 3 17977 1024 0.176500843
42 39 3 17978 1024 0.149898511
43 40 3 17979 1024 0.145405017
44 41 3 17980 1024 0.179351275
45 42 3 17981 1024 0.170819469
46 43 3 17982 1024 0.130078929
47 44 3 17983 1024 0.133492075
48 45 3 17984 1024 0.164815835
49 46 3 17985 1024 0.156248099
50 47 3 17986 1024 0.162726060
51 48 3 17987 1024 0.166652112
52 49 3 17988 1024 0.138531713
53 50 3 17989 1024 0.148732569
54 51 3 17990 1024 0.165202360
55 52 3 17991 1024 0.139901026
56 53 3 17992 1024 0.139099217
57 54 3 17993 1024 0.177424166
58 55 3 17994 1024 0.152533039
59 56 3 17995 1024 0.170718523
60 57 3 17996 1024 0.139281902
61 58 3 17997 1024 0.132949103
62 59 3 17998 1024 0.139136470
63 60 3 17999 1024 0.167958234
0 62 3 18000 1024 0.142967596
1 63 3 18001 1024 0.175113664
2 0 3 18002 1024 0.150439620
3 1 3 18003 1024 0.161341869
4 2 3 18004 1024 0.161221073
5 3 3 18005 1024 0.173418100
6 4 3 18006 1024 0.138306307
7 5 3 18007 1024 0.144656279
8 6 3 18008 1024 0.148886427
9 7 3 18009 1024 0.143838110
10 8 3 18010 1024 0.147107596
11 9 3 18011 1024 0.159282320
12 10 3 18012 1024 0.153894856
13 11 3 18013 1024 0.163640230
14 12 3 18014 1024 0.135040457
15 13 3 18015 1024 0.133052823
16 14 3 18016 1024 0.167589935
17 15 3 18017 1024 0.130361333
18 16 3 18018 1024 0.159122272
19 17 3 18019 1024 0.179380942
20 18 3 18020 1024 0.134842093
21 19 3 18021 1024 0.156116727
22 20 3 18022 1024 0.130363098
23 21 3 18023 1024 0.160149244
24 22 3 18024 1024 0.179344842
25 23 3 18025 1024 0.168068199
26 24 3 18026 1024 0.176606419
27 25 3 18027 1024 0.153661589
28 26 3 18028 1024 0.146851498
29 27 3 18029 1024 0.151472681
30 28 3 18030 1024 0.148539256
31 29 3 18031 1024 0.174507610
32 30 3 18032 1024 0.179972257
33 31 3 18033 1024 0.170842360
34 32 3 18034 1024 0.177049552
35 33 3 18035 1024 0.163253914
36 34 3 18036 1024 0.148921785
37 35 3 18037 1024 0.132862077
38 36 3 18038 1024 0.147801462
39 37 3 18039 1024 0.146512763
40 38 3 18040 1024 0.135008868
41 39 3 18041 1024 0.152845963
42 40 3 18042 1024 0.164915413
43 41 3 18043 1024 0.166261009
44 42 3 18044 1024 0.174398528
45 43 3 18045 1024 0.136943151
46 44 3 18046 1024 0.160095459
47 45 3 18047 1024 0.173450264
48 46 3 18048 1024 0.143973377
49 47 3 18049 1024 0.164963231
50 48 3 18050 1024 0.170752588
51 49 3 18051 1024 0.148421495
52 50 3 18052 1024 0.160917585
53 51 3 18053 1024 0.162943805
54 52 3 18054 1024 0.153759971
55 53 3 18055 1024 0.150656330
56 54 3 18056 1024 0.139396747
57 55 3 18057 1024 0.179309070
58 56 3 18058 1024 0.177877357
59 57 3 18059 1024 0.170630952
60 58 3 18060 1024 0.130831515
61 59 3 18061 1024 0.148010281
62 60 3 18062 1024 0.132287714
63 61 3 18063 1024 0.170377891
0 63 3 18064 1024 0.146276260
1 0 3 18065 1024 0.152215308
2 1 3 18066 1024 0.160338151
3 2 3 18067 1024 0.150008260
4 3 3 18068 1024 0.160629617
5 4 3 18069 1024 0.134068462
6 5 3 18070 1024 0.151395814
7 6 3 18071 1024 0.176574173
8 7 3 18072 1024 0.176542225
9 8 3 18073 1024 0.179343573
10 9 3 18074 1024 0.172855000
11 10 3 18075 1024 0.175260138
12 11 3 18076 1024 0.166713887
13 12 3 18077 1024 0.144693149
14 13 3 18078 1024 0.139753848
15 14 3 18079 1024 0.137158072
16 15 3 18080 1024 0.156002721
17 16 3 18081 1024 0.158594631
18 17 3 18082 1024 0.172840131
19 18 3 18083 1024 0.155231831
20 19 3 18084 1024 0.136393068
21 20 3 18085 1024 0.169841038
22 21 3 18086 1024 0.145067415
23 22 3 18087 1024 0.163653108
24 23 3 18088 1024 0.157437333
25 24 3 18089 1024 0.173739289
26 25 3 18090 1024 0.138402643
27 26 3 18091 1024 0.152314335
28 27 3 18092 1024 0.135783932
29 28 3 18093 1024 0.163132106
30 29 3 18094 1024 0.142045081
31 30 3 18095 1024 0.140582041
32 31 3 18096 1024 0.167662626
33 32 3 18097 1024 0.162987255
34 33 3 18098 1024 0.134471591
35 34 3 18099 1024 0.151744670
36 35 3 18100 1024 0.165788258
37 36 3 18101 1024 0.138011764
38 37 3 18102 1024 0.176448368
39 38 3 18103 1024 0.175132426
40 39 3 18104 1024 0.168315441
41 40 3 18105 1024 0.141018802
42 41 3 18106 1024 0.142881427
43 42 3 18107 1024 0.153815116
44 43 3 18108 1024 0.174875544
45 44 3 18109 1024 0.136154906
46 45 3 18110 1024 0.136787822
47 46 3 18111 1024 0.156727165
48 47 3 18112 1024 0.166270720
49 48 3 18113 1024 0.134522088
50 49 3 18114 1024 0.164589227
51 50 3 18115 1024 0.173597030
52 51 3 18116 1024 0.176588998
53 52 3 18117 1024 0.168316869
54 53 3 18118 1024 0.160033971
55 54 3 18119 1024 0.162199327
56 55 3 18120 1024 0.148850516
57 56 3 18121 1024 0.165872137
58 57 3 18122 1024 0.166800124
59 58 3 18123 1024 0.149082525
60 59 3 18124 1024 0.162105110
61 60 3 18125 1024 0.158094997
62 61 3 18126 1024 0.172807051
63 62 3 18127 1024 0.170422374
0 1 3 18128 1024 0.141177542
1 2 3 18129 1024 0.135784498
2 3 3 18130 1024 0.134384017
3 4 3 18131 1024 0.134456971
4 5 3 18132 1024 0.167029061
5 6 3 18133 1024 0.176860533
6 7 3 18134 1024 0.167230888
7 8 3 18135 1024 0.135805311
8 9 3 18136 1024 0.148386851
9 10 3 18137 1024 0.172666515
10 11 3 18138 1024 0.177703431
11 12 3 18139 1024 0.158845842
12 13 3 18140 1024 0.130083925
13 14 3 18141 1024 0.133094247
14 15 3 18142 1024 0.156780152
15 16 3 18143 1024 0.172355930
16 17 3 18144 1024 0.178992475
17 18 3 18145 1024 0.145982149
18 19 3 18146 1024 0.148251192
19 20 3 18147 1024 0.163965109
20 21 3 18148 1024 0.169828265
21 22 3 18149 1024 0.155987569
22 23 3 18150 1024 0.160080882
23 24 3 18151 1024 0.141107078
24 25 3 18152 1024 0.149765619
25 26 3 18153 1024 0.156914647
26 27 3 18154 1024 0.153030139
27 28 3 18155 1024 0.137235039
28 29 3 18156 1024 0.177144495
29 30 3 18157 1024 0.171860833
30 31 3 18158 1024 0.154991633
31 32 3 18159 1024 0.152789227
32 33 3 18160 1024 0.160073271
33 34 3 18161 1024 0.137293535
34 35 3 18162 1024 0.163267535
35 36 3 18163 1024 0.170064588
36 37 3 18164 1024 0.165148340
37 38 3 18165 1024 0.159944015
38 39 3 18166 1024 0.145444571
39 40 3 18167 1024 0.179516756
40 41 3 18168 1024 0.136173201
41 42 3 18169 1024 0.179842430
42 43 3 18170 1024 0.165326113
43 44 3 18171 1024 0.153914137
44 45 3 18172 1024 0.171434365
45 46 3 18173 1024 0.154751276
46 47 3 18174 1024 0.165207024
47 48 3 18175 1024 0.148835431
48 49 3 18176 1024 0.179057140
49 50 3 18177 1024 0.146657227
50 51 3 18178 1024 0.171394235
51 52 3 18179 1024 0.140530654
52 53 3 18180 1024 0.166632905
53 54 3 18181 1024 0.170520933
54 55 3 18182 1024 0.165020371
55 56 3 18183 1024 0.132628315
56 57 3 18184 1024 0.173271595
57 58 3 18185 1024 0.138951012
58 59 3 18186 1024 0.154375233
59 60 3 18187 1024 0.149590393
60 61 3 18188 1024 0.179219477
61 62 3 18189 1024 0.162962516
62 63 3 18190 1024 0.172425912
63 0 3 18191 1024 0.179553161
0 1 3 18192 1024 0.157397145
1 2 3 18193 1024 0.146870507
2 3 3 18194 1024 0.163894934
3 4 3 18195 1024 0.179515715
4 5 3 18196 1024 0.167885709
5 6 3 18197 1024 0.149553155
6 7 3 18198 1024 0.156392222
7 8 3 18199 1024 0.144151993
8 9 3 18200 1024 0.164818816
9 10 3 18201 1024 0.139754609
10 11 3 18202 1024 0.172812611
11 12 3 18203 1024 0.149688623
12 13 3 18204 1024 0.136545034
13 14 3 18205 1024 0.167613324
14 15 3 18206 1024 0.159019184
15 16 3 18207 1024 0.170253589
16 17 3 18208 1024 0.172490486
17 18 3 18209 1024 0.165479377
18 19 3 18210 1024 0.152876625
19 20 3 18211 1024 0.138184723
20 21 3 18212 1024 0.136878048
21 22 3 18213 1024 0.164797776
22 23 3 18214 1024 0.144554078
23 24 3 18215 1024 0.137241144
24 25 3 18216 1024 0.140906824
25 26 3 18217 1024 0.167419126
26 27 3 18218 1024 0.166765945
27 28 3 18219 1024 0.130456626
28 29 3 18220 1024 0.166297876
29 30 3 18221 1024 0.158784105
30 31 3 18222 1024 0.163915890
31 32 3 18223 1024 0.179424209
32 33 3 18224 1024 0.137380273
33 34 3 18225 1024 0.177519908
34 35 3 18226 1024 0.151355553
35 36 3 18227 1024 0.172083005
36 37 3 18228 1024 0.176299267
37 38 3 18229 1024 0.134802387
38 39 3 18230 1024 0.178707938
39 40 3 18231 1024 0.138981644
40 41 3 18232 1024 0.132623606
41 42 3 18233 1024 0.179013838
42 43 3 18234 1024 0.162504890
43 44 3 18235 1024 0.159669620
44 45 3 18236 1024 0.178486349
45 46 3 18237 1024 0.161348627
46 47 3 18238 1024 0.150199700
47 48 3 18239 1024 0.131699641
48 49 3 18240 1024 0.142042771
49 50 3 18241 1024 0.154431295
50 51 3 18242 1024 0.164399205
51 52 3 18243 1024 0.177727768
52 53 3 18244 1024 0.162639848
53 54 3 18245 1024 0.148768582
54 55 3 18246 1024 0.164589742
55 56 3 18247 1024 0.169766260
56 57 3 18248 1024 0.162925943
57 58 3 18249 1024 0.168886541
58 59 3 18250 1024 0.173244789
59 60 3 18251 1024 0.162515547
60 61 3 18252 1024 0.143760802
61 62 3 18253 1024 0.162659774
62 63 3 18254 1024 0.148366153
63 0 3 18255 1024 0.136000019
0 2 3 18256 1024 0.134131850
1 3 3 18257 1024 0.154460922
2 4 3 18258 1024 0.163439610
3 5 3 18259 1024 0.155487425
4 6 3 18260 1024 0.131151338
5 7 3 18261 1024 0.158649095
6 8 3 18262 1024 0.158631528
7 9 3 18263 1024 0.143686240
8 10 3 18264 1024 0.167267965
9 11 3 18265 1024 0.169717186
10 12 3 18266 1024 0.139054830
11 13 3 18267 1024 0.154209574
12 14 3 18268 1024 0.162229832
13 15 3 18269 1024 0.151682824
14 16 3 18270 1024 0.158571155
15 17 3 18271 1024 0.134972063
16 18 3 18272 1024 0.133174915
17 19 3 18273 1024 0.175444026
18 20 3 18274 1024 0.169761241
19 21 3 18275 1024 0.139244492
20 22 3 18276 1024 0.170643397
21 23 3 18277 1024 0.130987319
22 24 3 18278 1024 0.157803008
23 25 3 18279 1024 0.156820839
24 26 3 18280 1024 0.170609813
25 27 3 18281 1024 0.154428163
26 28 3 18282 1024 0.155945056
27 29 3 18283 1024 0.159236077
28 30 3 18284 1024 0.165687456
29 31 3 18285 1024 0.169503385
30 32 3 18286 1024 0.136204466
31 33 3 18287 1024 0.167649410
32 34 3 18288 1024 0.178284052
33 35 3 18289 1024 0.174880115
34 36 3 18290 1024 0.139033209
35 37 3 18291 1024 0.159955130
36 38 3 18292 1024 0.138996878
37 39 3 18293 1024 0.157736088
38 40 3 18294 1024 0.170025649
39 41 3 18295 1024 0.136152265
40 42 3 18296 1024 0.136440800
41 43 3 18297 1024 0.140311495
42 44 3 18298 1024 0.138060513
43 45 3 18299 1024 0.158124810
44 46 3 18300 1024 0.172572505
45 47 3 18301 1024 0.131750264
46 48 3 18302 1024 0.178996422
47 49 3 18303 1024 0.155307416
48 50 3 18304 1024 0.148177982
49 51 3 18305 1024 0.157221358
50 52 3 18306 1024 0.151152566
51 53 3 18307 1024 0.177261424
52 54 3 18308 1024 0.130004278
53 55 3 18309 1024 0.145029999
54 56 3 18310 1024 0.177310731
55 57 3 18311 1024 0.155972154
56 58 3 18312 1024 0.169140091
57 59 3 18313 1024 0.162957879
58 60 3 18314 1024 0.152246014
59 61 3 18315 1024 0.158853573
60 62 3 18316 1024 0.164755075
61 63 3 18317 1024 0.156133313
62 0 3 18318 1024 0.179300976
63 1 3 18319 1024 0.147605856
0 3 3 18320 1024 0.156910474
1 4 3 18321 1024 0.140491975
2 5 3 18322 1024 0.134950457
3 6 3 18323 1024 0.170988165
4 7 3 18324 1024 0.141855018
5 8 3 18325 1024 0.139403683
6 9 3 18326 1024 0.144985461
7 10 3 18327 1024 0.171631390
8 11 3 18328 1024 0.177871146
9 12 3 18329 1024 0.160107219
10 13 3 18330 1024 0.140801998
11 14 3 18331 1024 0.147953258
12 15 3 18332 1024 0.136424606
13 16 3 18333 1024 0.161115637
14 17 3 18334 1024 0.133717983
15 18 3 18335 1024 0.142748369
16 19 3 18336 1024 0.149089116
17 20 3 18337 1024 0.175182997
18 21 3 18338 1024 0.150002969
19 22 3 18339 1024 0.134162704
20 23 3 18340 1024 0.142708970
21 24 3 18341 1024 0.151267168
22 25 3 18342 1024 0.164725769
23 26 3 18343 1024 0.156795216
24 27 3 18344 1024 0.133527902
25 28 3 18345 1024 0.166633745
26 29 3 18346 1024 0.179767963
27 30 3 18347 1024 0.164840147
28 31 3 18348 1024 0.139631371
29 32 3 18349 1024 0.148607113
30 33 3 18350 1024 0.162865903
31 34 3 18351 1024 0.171025410
32 35 3 18352 1024 0.160247235
33 36 3 18353 1024 0.150984324
34 37 3 18354 1024 0.137674570
35 38 3 18355 1024 0.179622450
36 39 3 18356 1024 0.151681357
37 40 3 18357 1024 0.131295493
38 41 3 18358 1024 0.160180362
39 42 3 18359 1024 0.133876230
40 43 3 18360 1024 0.136231061
41 44 3 18361 1024 0.135499507
42 45 3 18362 1024 0.157418439
43 46 3 18363 1024 0.133297968
44 47 3 18364 1024 0.162008874
45 48 3 18365 1024 0.148140974
46 49 3 18366 1024 0.146675867
47 50 3 18367 1024 0.143662650
48 51 3 18368 1024 0.173442769
49 52 3 18369 1024 0.141288273
50 53 3 18370 1024 0.130493167
51 54 3 18371 1024 0.148857799
52 55 3 18372 1024 0.178438674
53 56 3 18373 1024 0.148931618
54 57 3 18374 1024 0.135250136
55 58 3 18375 1024 0.176281793
56 59 3 18376 1024 0.138786569
57 60 3 18377 1024 0.166416371
58 61 3 18378 1024 0.145327478
59 62 3 18379 1024 0.171067162
60 63 3 18380 1024 0.154480930
61 0 3 18381 1024 0.156448006
62 1 3 18382 1024 0.165022777
63 2 3 18383 1024 0.173269917
0 4 3 18384 1024 0.157577112
1 5 3 18385 1024 0.160373347
2 6 3 18386 1024 0.174828512
3 7 3 18387 1024 0.138537371
4 8 3 18388 1024 0.177325515
5 9 3 18389 1024 0.149478167
6 10 3 18390 1024 0.147258644
7 11 3 18391 1024 0.167064857
8 12 3 18392 1024 0.178400014
9 13 3 18393 1024 0.156584107
10 14 3 18394 1024 0.159730849
11 15 3 18395 1024 0.172481501
12 16 3 18396 1024 0.153843093
13 17 3 18397 1024 0.136378610
14 18 3 18398 1024 0.130474873
15 19 3 18399 1024 0.155678271
16 20 3 18400 1024 0.137774564
17 21 3 18401 1024 0.136318418
18 22 3 18402 1024 0.148940033
19 23 3 18403 1024 0.166771119
20 24 3 18404 1024 0.132643231
21 25 3 18405 1024 0.166270964
22 26 3 18406 1024 0.178724992
23 27 3 18407 1024 0.165375121
24 28 3 18408 1024 0.142455581
25 29 3 18409 1024 0.160435150
26 30 3 18410 1024 0.165339338
27 31 3 18411 1024 0.139155226
28 32 3 18412 1024 0.179312314
29 33 3 18413 1024 0.169923445
30 34 3 18414 1024 0.155111462
31 35 3 18415 1024 0.143791149
32 36 3 18416 1024 0.151388254
33 37 3 18417 1024 0.177083850
34 38 3 18418 1024 0.174069386
35 39 3 18419 1024 0.170701163
36 40 3 18420 1024 0.145259372
37 41 3 18421 1024 0.172896074
38 42 3 18422 1024 0.177372732
39 43 3 18423 1024 0.150325739
40 44 3 18424 1024 0.145636846
41 45 3 18425 1024 0.134507030
42 46 3 18426 1024 0.133973743
43 47 3 18427 1024 0.166497652
44 48 3 18428 1024 0.177243347
45 49 3 18429 1024 0.138255656
46 50 3 18430 1024 0.132870576
47 51 3 18431 1024 0.167170473
48 52 3 18432 1024 0.157707989
49 53 3 18433 1024 0.154642527
50 54 3 18434 1024 0.173717648
51 55 3 18435 1024 0.178108317
52 56 3 18436 1024 0.151199181
53 57 3 18437 1024 0.155434118
54 58 3 18438 1024 0.166539868
55 59 3 18439 1024 0.153982797
56 60 3 18440 1024 0.155750574
57 61 3 18441 1024 0.179897721
58 62 3 18442 1024 0.174404027
59 63 3 18443 1024 0.164894098
60 0 3 18444 1024 0.150273573
61 1 3 18445 1024 0.160814330
62 2 3 18446 1024 0.175544320
63 3 3 18447 1024 0.167295863
0 5 3 18448 1024 0.165708004
1 6 3 18449 1024 0.165129586
2 7 3 18450 1024 0.167483398
3 8 3 18451 1024 0.142211312
4 9 3 18452 1024 0.166949158
5 10 3 18453 1024 0.177543419
6 11 3 18454 1024 0.171168170
7 12 3 18455 1024 0.174016595
8 13 3 18456 1024 0.156405571
9 14 3 18457 1024 0.160459680
10 15 3 18458 1024 0.160368677
11 16 3 18459 1024 0.178232369
12 17 3 18460 1024 0.163726108
13 18 3 18461 1024 0.174096528
14 19 3 18462 1024 0.156175821
15 20 3 18463 1024 0.141253429
16 21 3 18464 1024 0.133756119
17 22 3 18465 1024 0.171970447
18 23 3 18466 1024 0.155684224
19 24 3 18467 1024 0.177624180
20 25 3 18468 1024 0.151136113
21 26 3 18469 1024 0.148954738
22 27 3 18470 1024 0.148664185
23 28 3 18471 1024 0.135661675
24 29 3 18472 1024 0.175702259
25 30 3 18473 1024 0.142488261
26 31 3 18474 1024 0.156955981
27 32 3 18475 1024 0.168320696
28 33 3 18476 1024 0.135893270
29 34 3 18477 1024 0.144958900
30 35 3 18478 1024 0.144677252
31 36 3 18479 1024 0.140653297
32 37 3 18480 1024 0.166901286
33 38 3 18481 1024 0.158442097
34 39 3 18482 1024 0.140873160
35 40 3 18483 1024 0.145240990
36 41 3 18484 1024 0.176655572
37 42 3 18485 1024 0.162148682
38 43 3 18486 1024 0.171286369
39 44 3 18487 1024 0.131771456
40 45 3 18488 1024 0.153152849
41 46 3 18489 1024 0.160887435
42 47 3 18490 1024 0.154413323
43 48 3 18491 1024 0.147787203
44 49 3 18492 1024 0.160776512
45 50 3 18493 1024 0.146427590
46 51 3 18494 1024 0.147694637
47 52 3 18495 1024 0.130257721
48 53 3 18496 1024 0.174509814
49 54 3 18497 1024 0.139307885
50 55 3 18498 1024 0.147726616
51 56 3 18499 1024 0.135066889
52 57 3 18500 1024 0.154602306
53 58 3 18501 1024 0.134237189
54 59 3 18502 1024 0.155715930
55 60 3 18503 1024 0.137685533
56 61 3 18504 1024 0.136192132
57 62 3 18505 1024 0.154370608
58 63 3 18506 1024 0.137781520
59 0 3 18507 1024 0.162831672
60 1 3 18508 1024 0.141304762
61 2 3 18509 1024 0.149767941
62 3 3 18510 1024 0.144964248
63 4 3 18511 1024 0.151417073
0 6 3 18512 1024 0.139109102
1 7 3 18513 1024 0.170577193
2 8 3 18514 1024 0.135434750
3 9 3 18515 1024 0.151928603
4 10 3 18516 1024 0.171967873
5 11 3 18517 1024 0.138091715
6 12 3 18518 1024 0.147686889
7 13 3 18519 1024 0.151698008
8 14 3 18520 1024 0.147961837
9 15 3 18521 1024 0.173525704
10 16 3 18522 1024 0.139923231
11 17 3 18523 1024 0.139478353
12 18 3 18524 1024 0.132012815
13 19 3 18525 1024 0.149727300
14 20 3 18526 1024 0.167196199
15 21 3 18527 1024 0.175049891
16 22 3 18528 1024 0.138015625
17 23 3 18529 1024 0.139949596
18 24 3 18530 1024 0.153964749
19 25 3 18531 1024 0.163262145
20 26 3 18532 1024 0.143289981
21 27 3 18533 1024 0.151054766
22 28 3 18534 1024 0.157506184
23 29 3 18535 1024 0.169991004
24 30 3 18536 1024 0.165716048
25 31 3 18537 1024 0.146244385
26 32 3 18538 1024 0.168219635
27 33 3 18539 1024 0.174088327
28 34 3 18540 1024 0.155092929
29 35 3 18541 1024 0.176178063
30 36 3 18542 1024 0.172153146
31 37 3 18543 1024 0.149442425
32 38 3 18544 1024 0.135486639
33 39 3 18545 1024 0.135393979
34 40 3 18546 1024 0.131057610
35 41 3 18547 1024 0.137777099
36 42 3 18548 1024 0.155000047
37 43 3 18549 1024 0.168369248
38 44 3 18550 1024 0.141825247
39 45 3 18551 1024 0.163915516
40 46 3 18552 1024 0.147107050
41 47 3 18553 1024 0.178821926
42 48 3 18554 1024 0.166871578
43 49 3 18555 1024 0.151716426
44 50 3 18556 1024 0.144473331
45 51 3 18557 1024 0.154296462
46 52 3 18558 1024 0.168044995
47 53 3 18559 1024 0.142387365
48 54 3 18560 1024 0.137624786
49 55 3 18561 1024 0.155561992
50 56 3 18562 1024 0.142473339
51 57 3 18563 1024 0.168336380
52 58 3 18564 1024 0.173208340
53 59 3 18565 1024 0.179712853
54 60 3 18566 1024 0.142367719
55 61 3 18567 1024 0.171030471
56 62 3 18568 1024 0.139920623
57 63 3 18569 1024 0.165323045
58 0 3 18570 1024 0.170497623
59 1 3 18571 1024 0.165057248
60 2 3 18572 1024 0.155116697
61 3 3 18573 1024 0.139059412
62 4 3 18574 1024 0.179627583
63 5 3 18575 1024 0.159559810
0 7 3 18576 1024 0.161723860
1 8 3 18577 1024 0.141469210
2 9 3 18578 1024 0.136614791
3 10 3 18579 1024 0.131918322
4 11 3 18580 1024 0.179519940
5 12 3 18581 1024 0.176454917
6 13 3 18582 1024 0.151315149
7 14 3 18583 1024 0.160823368
8 15 3 18584 1024 0.134546772
9 16 3 18585 1024 0.132547768
10 17 3 18586 1024 0.150364860
11 18 3 18587 1024 0.145322297
12 19 3 18588 1024 0.161665499
13 20 3 18589 1024 0.141571382
14 21 3 18590 1024 0.146808893
15 22 3 18591 1024 0.153959762
16 23 3 18592 1024 0.155493185
17 24 3 18593 1024 0.162193658
18 25 3 18594 1024 0.145214499
19 26 3 18595 1024 0.143462304
20 27 3 18596 1024 0.144027797
21 28 3 18597 1024 0.147551226
22 29 3 18598 1024 0.150903710
23 30 3 18599 1024 0.145992044
24 31 3 18600 1024 0.132377820
25 32 3 18601 1024 0.132044456
26 33 3 18602 1024 0.132606532
27 34 3 18603 1024 0.167237735
28 35 3 18604 1024 0.140598878
29 36 3 18605 1024 0.153602908
30 37 3 18606 1024 0.175424099
31 38 3 18607 1024 0.135038085
32 39 3 18608 1024 0.139242000
33 40 3 18609 1024 0.177416409
34 41 3 18610 1024 0.148179062
35 42 3 18611 1024 0.145217835
36 43 3 18612 1024 0.134844361
37 44 3 18613 1024 0.130683079
38 45 3 18614 1024 0.157588411
39 46 3 18615 1024 0.173098714
40 47 3 18616 1024 0.146560587
41 48 3 18617 1024 0.167064605
42 49 3 18618 1024 0.148069248
43 50 3 18619 1024 0.168940415
44 51 3 18620 1024 0.156443103
45 52 3 18621 1024 0.148579614
46 53 3 18622 1024 0.162512417
47 54 3 18623 1024 0.140501665
48 55 3 18624 1024 0.149202468
49 56 3 18625 1024 0.174359690
50 57 3 18626 1024 0.136524270
51 58 3 18627 1024 0.167129372
52 59 3 18628 1024 0.136017717
53 60 3 18629 1024 0.159328073
54 61 3 18630 1024 0.175608842
55 62 3 18631 1024 0.162717758
56 63 3 18632 1024 0.139521680
57 0 3 18633 1024 0.165233003
58 1 3 18634 1024 0.176275032
59 2 3 18635 1024 0.133743980
60 3 3 18636 1024 0.157328951
61 4 3 18637 1024 0.147144898
62 5 3 18638 1024 0.166267533
63 6 3 18639 1024 0.179482231
0 8 3 18640 1024 0.140099956
1 9 3 18641 1024 0.166038473
2 10 3 18642 1024 0.132190555
3 11 3 18643 1024 0.139585336
4 12 3 18644 1024 0.157524784
5 13 3 18645 1024 0.142626275
6 14 3 18646 1024 0.173853767
7 15 3 18647 1024 0.172671915
8 16 3 18648 1024 0.175340742
9 17 3 18649 1024 0.178756308
10 18 3 18650 1024 0.174745651
11 19 3 18651 1024 0.152424111
12 20 3 18652 1024 0.165866294
13 21 3 18653 1024 0.175542459
14 22 3 18654 1024 0.133385425
15 23 3 18655 1024 0.150950208
16 24 3 18656 1024 0.176566616
17 25 3 18657 1024 0.155193471
18 26 3 18658 1024 0.131093745
19 27 3 18659 1024 0.159957683
20 28 3 18660 1024 0.164835311
21 29 3 18661 1024 0.136446712
22 30 3 18662 1024 0.132272261
23 31 3 18663 1024 0.158308738
24 32 3 18664 1024 0.169719519
25 33 3 18665 1024 0.164690167
26 34 3 18666 1024 0.167035760
27 35 3 18667 1024 0.149874691
28 36 3 18668 1024 0.164234714
29 37 3 18669 1024 0.173512786
30 38 3 18670 1024 0.178576921
31 39 3 18671 1024 0.138275911
32 40 3 18672 1024 0.167536390
33 41 3 18673 1024 0.149207521
34 42 3 18674 1024 0.168968609
35 43 3 18675 1024 0.150042448
36 44 3 18676 1024 0.143574709
37 45 3 18677 1024 0.139203317
38 46 3 18678 1024 0.138000153
39 47 3 18679 1024 0.140890386
40 48 3 18680 1024 0.164836087
41 49 3 18681 1024 0.173957751
42 50 3 18682 1024 0.169532344
43 51 3 18683 1024 0.152772049
44 52 3 18684 1024 0.165387701
45 53 3 18685 1024 0.156253660
46 54 3 18686 1024 0.145170509
47 55 3 18687 1024 0.141016816
48 56 3 18688 1024 0.165412735
49 57 3 18689 1024 0.157607546
50 58 3 18690 1024 0.138555455
51 59 3 18691 1024 0.132280623
52 60 3 18692 1024 0.141910839
53 61 3 18693 1024 0.131954534
54 62 3 18694 1024 0.137406974
55 63 3 18695 1024 0.174180124
56 0 3 18696 1024 0.176362398
57 1 3 18697 1024 0.143521743
58 2 3 18698 1024 0.169531066
59 3 3 18699 1024 0.162120656
60 4 3 18700 1024 0.142450404
61 5 3 18701 1024 0.171170513
62 6 3 18702 1024 0.156729746
63 7 3 18703 1024 0.130069998
0 9 3 18704 1024 0.147373095
1 10 3 18705 1024 0.160257977
2 11 3 18706 1024 0.148455508
3 12 3 18707 1024 0.134162308
4 13 3 18708 1024 0.165273086
5 14 3 18709 1024 0.157463754
6 15 3 18710 1024 0.166103980
7 16 3 18711 1024 0.150417144
8 17 3 18712 1024 0.160574102
9 18 3 18713 1024 0.146231757
10 19 3 18714 1024 0.132863172
11 20 3 18715 1024 0.170796108
12 21 3 18716 1024 0.171196589
13 22 3 18717 1024 0.140963980
14 23 3 18718 1024 0.178261373
15 24 3 18719 1024 0.138836762
16 25 3 18720 1024 0.178580235
17 26 3 18721 1024 0.156869435
18 27 3 18722 1024 0.178938119
19 28 3 18723 1024 0.168909300
20 29 3 18724 1024 0.169025659
21 30 3 18725 1024 0.135322137
22 31 3 18726 1024 0.167288489
23 32 3 18727 1024 0.149099049
24 33 3 18728 1024 0.162691236
25 34 3 18729 1024 0.173501289
26 35 3 18730 1024 0.161715277
27 36 3 18731 1024 0.157543890
28 37 3 18732 1024 0.170842351
29 38 3 18733 1024 0.141031952
30 39 3 18734 1024 0.143439675
31 40 3 18735 1024 0.159083190
32 41 3 18736 1024 0.170386648
33 42 3 18737 1024 0.167644885
34 43 3 18738 1024 0.137782074
35 44 3 18739 1024 0.141586157
36 45 3 18740 1024 0.166314306
37 46 3 18741 1024 0.148432000
38 47 3 18742 1024 0.175108407
39 48 3 18743 1024 0.134684553
40 49 3 18744 1024 0.139075677
41 50 3 18745 1024 0.139251401
42 51 3 18746 1024 0.173117609
43 52 3 18747 1024 0.139442996
44 53 3 18748 1024 0.154525919
45 54 3 18749 1024 0.166474000
46 55 3 18750 1024 0.162378214
47 56 3 18751 1024 0.131052365
48 57 3 18752 1024 0.138145932
49 58 3 18753 1024 0.138886713
50 59 3 18754 1024 0.149709867
51 60 3 18755 1024 0.160391104
52 61 3 18756 1024 0.133472706
53 62 3 18757 1024 0.133602434
54 63 3 18758 1024 0.142262692
55 0 3 18759 1024 0.175456553
56 1 3 18760 1024 0.178519273
57 2 3 18761 1024 0.135011690
58 3 3 18762 1024 0.156338927
59 4 3 18763 1024 0.166338231
60 5 3 18764 1024 0.170399636
61 6 3 18765 1024 0.160164676
62 7 3 18766 1024 0.148893756
63 8 3 18767 1024 0.131035796
0 10 3 18768 1024 0.171328112
1 11 3 18769 1024 0.168172288
2 12 3 18770 1024 0.162224106
3 13 3 18771 1024 0.132187002
4 14 3 18772 1024 0.142417147
5 15 3 18773 1024 0.134179777
6 16 3 18774 1024 0.137131780
7 17 3 18775 1024 0.161369219
8 18 3 18776 1024 0.130674845
9 19 3 18777 1024 0.178318038
10 20 3 18778 1024 0.177880885
11 21 3 18779 1024 0.135316947
12 22 3 18780 1024 0.166806576
13 23 3 18781 1024 0.146919496
14 24 3 18782 1024 0.165372788
15 25 3 18783 1024 0.140116082
16 26 3 18784 1024 0.154021272
17 27 3 18785 1024 0.158142562
18 28 3 18786 1024 0.152216310
19 29 3 18787 1024 0.138157222
20 30 3 18788 1024 0.146587816
21 31 3 18789 1024 0.137725666
22 32 3 18790 1024 0.132793775
23 33 3 18791 1024 0.164602060
24 34 3 18792 1024 0.161374293
25 35 3 18793 1024 0.136153776
26 36 3 18794 1024 0.171246245
27 37 3 18795 1024 0.135140766
28 38 3 18796 1024 0.144836925
29 39 3 18797 1024 0.155577121
30 40 3 18798 1024 0.171824169
31 41 3 18799 1024 0.137091751
32 42 3 18800 1024 0.175608348
33 43 3 18801 1024 0.131200043
34 44 3 18802 1024 0.151356772
35 45 3 18803 1024 0.137368826
36 46 3 18804 1024 0.162768230
37 47 3 18805 1024 0.141294220
38 48 3 18806 1024 0.173949505
39 49 3 18807 1024 0.149237190
40 50 3 18808 1024 0.174211196
41 51 3 18809 1024 0.171139244
42 52 3 18810 1024 0.135620434
43 53 3 18811 1024 0.138477953
44 54 3 18812 1024 0.135506783
45 55 3 18813 1024 0.135086813
46 56 3 18814 1024 0.177792453
47 57 3 18815 1024 0.147865395
48 58 3 18816 1024 0.160784838
49 59 3 18817 1024 0.135917549
50 60 3 18818 1024 0.176165980
51 61 3 18819 1024 0.175993680
52 62 3 18820 1024 0.174779325
53 63 3 18821 1024 0.160225319
54 0 3 18822 1024 0.138903389
55 1 3 18823 1024 0.156524032
56 2 3 18824 1024 0.159980574
57 3 3 18825 1024 0.163971666
58 4 3 18826 1024 0.137511002
59 5 3 18827 1024 0.163363669
60 6 3 18828 1024 0.145078188
61 7 3 18829 1024 0.170878127
62 8 3 18830 1024 0.147419284
63 9 3 18831 1024 0.135196128
0 11 3 18832 1024 0.175811718
1 12 3 18833 1024 0.163086586
2 13 3 18834 1024 0.176644092
3 14 3 18835 1024 0.170535971
4 15 3 18836 1024 0.165565334
5 16 3 18837 1024 0.133818475
6 17 3 18838 1024 0.130108938
7 18 3 18839 1024 0.176654747
8 19 3 18840 1024 0.137432147
9 20 3 18841 1024 0.162792706
10 21 3 18842 1024 0.146012800
11 22 3 18843 1024 0.149529979
12 23 3 18844 1024 0.166067173
13 24 3 18845 1024 0.169277305
14 25 3 18846 1024 0.153921601
15 26 3 18847 1024 0.133365682
16 27 3 18848 1024 0.158892144
17 28 3 18849 1024 0.177979266
18 29 3 18850 1024 0.143923807
19 30 3 18851 1024 0.134522351
20 31 3 18852 1024 0.179738584
21 32 3 18853 1024 0.139093617
22 33 3 18854 1024 0.149250870
23 34 3 18855 1024 0.145965789
24 35 3 18856 1024 0.151191603
25 36 3 18857 1024 0.164671042
26 37 3 18858 1024 0.150697217
27 38 3 18859 1024 0.169675080
28 39 3 18860 1024 0.146673257
29 40 3 18861 1024 0.170107046
30 41 3 18862 1024 0.162697711
31 42 3 18863 1024 0.142295406
32 43 3 18864 1024 0.150932982
33 44 3 18865 1024 0.154855115
34 45 3 18866 1024 0.156688532
35 46 3 18867 1024 0.156623722
36 47 3 18868 1024 0.171070210
37 48 3 18869 1024 0.149231363
38 49 3 18870 1024 0.159048197
39 50 3 18871 1024 0.151092038
40 51 3 18872 1024 0.158893822
41 52 3 18873 1024 0.164674948
42 53 3 18874 1024 0.167414175
43 54 3 18875 1024 0.165154666
44 55 3 18876 1024 0.141759653
45 56 3 18877 1024 0.130143305
46 57 3 18878 1024 0.179695266
47 58 3 18879 1024 0.130857733
48 59 3 18880 1024 0.157918723
49 60 3 18881 1024 0.177880789
50 61 3 18882 1024 0.176045205
51 62 3 18883 1024 0.132978869
52 63 3 18884 1024 0.147467377
53 0 3 18885 1024 0.172437575
54 1 3 18886 1024 0.173338625
55 2 3 18887 1024 0.170950523
56 3 3 18888 1024 0.144734864
57 4 3 18889 1024 0.137207012
58 5 3 18890 1024 0.172665610
59 6 3 18891 1024 0.178590980
60 7 3 18892 1024 0.175647695
61 8 3 18893 1024 0.142124870
62 9 3 18894 1024 0.171391090
63 10 3 18895 1024 0.132793283
0 12 3 18896 1024 0.136890066
1 13 3 18897 1024 0.178102599
2 14 3 18898 1024 0.165198143
3 15 3 18899 1024 0.148873039
4 16 3 18900 1024 0.131317344
5 17 3 18901 1024 0.178245660
6 18 3 18902 1024 0.148584212
7 19 3 18903 1024 0.165070088
8 20 3 18904 1024 0.163137366
9 21 3 18905 1024 0.133688515
10 22 3 18906 1024 0.171871860
11 23 3 18907 1024 0.173523849
12 24 3 18908 1024 0.131509287
13 25 3 18909 1024 0.148262211
14 26 3 18910 1024 0.133949665
15 27 3 18911 1024 0.133853265
16 28 3 18912 1024 0.158459158
17 29 3 18913 1024 0.170685563
18 30 3 18914 1024 0.137485861
19 31 3 18915 1024 0.139121226
20 32 3 18916 1024 0.167177897
21 33 3 18917 1024 0.167405356
22 34 3 18918 1024 0.164928196
23 35 3 18919 1024 0.144975385
24 36 3 18920 1024 0.150576124
25 37 3 18921 1024 0.146866850
26 38 3 18922 1024 0.169069845
27 39 3 18923 1024 0.164762351
28 40 3 18924 1024 0.144338454
29 41 3 18925 1024 0.137794367
30 42 3 18926 1024 0.174057857
31 43 3 18927 1024 0.131605955
32 44 3 18928 1024 0.167556646
33 45 3 18929 1024 0.155164771
34 46 3 18930 1024 0.130543379
35 47 3 18931 1024 0.171634005
36 48 3 18932 1024 0.163995177
37 49 3 18933 1024 0.173798826
38 50 3 18934 1024 0.157707796
39 51 3 18935 1024 0.171475912
40 52 3 18936 1024 0.175957512
41 53 3 18937 1024 0.155093622
42 54 3 18938 1024 0.165467641
43 55 3 18939 1024 0.151183513
44 56 3 18940 1024 0.137840032
45 57 3 18941 1024 0.178656116
46 58 3 18942 1024 0.156075052
47 59 3 18943 1024 0.178896314
48 60 3 18944 1024 0.136256668
49 61 3 18945 1024 0.140593212
50 62 3 18946 1024 0.160952188
51 63 3 18947 1024 0.140945321
52 0 3 18948 1024 0.139184689
53 1 3 18949 1024 0.167299787
54 2 3 18950 1024 0.157964714
55 3 3 18951 1024 0.172085649
56 4 3 18952 1024 0.170827942
57 5 3 18953 1024 0.153421805
58 6 3 18954 1024 0.145659483
59 7 3 18955 1024 0.162094542
60 8 3 18956 1024 0.171362684
61 9 3 18957 1024 0.138241218
62 10 3 18958 1024 0.170166963
63 11 3 18959 1024 0.162332360
0 13 3 18960 1024 0.139736529
1 14 3 18961 1024 0.135420044
2 15 3 18962 1024 0.133890429
3 16 3 18963 1024 0.160159508
4 17 3 18964 1024 0.172330464
5 18 3 18965 1024 0.131402443
6 19 3 18966 1024 0.144110347
7 20 3 18967 1024 0.157078396
8 21 3 18968 1024 0.133265958
9 22 3 18969 1024 0.159855538
10 23 3 18970 1024 0.167826072
11 24 3 18971 1024 0.145456006
12 25 3 18972 1024 0.157584569
13 26 3 18973 1024 0.161919448
14 27 3 18974 1024 0.131618340
15 28 3 18975 1024 0.143458401
16 29 3 18976 1024 0.178833157
17 30 3 18977 1024 0.158239841
18 31 3 18978 1024 0.158186966
19 32 3 18979 1024 0.169511285
20 33 3 18980 1024 0.132284031
21 34 3 18981 1024 0.145729015
22 35 3 18982 1024 0.177175457
23 36 3 18983 1024 0.130423937
24 37 3 18984 1024 0.147832457
25 38 3 18985 1024 0.144120109
26 39 3 18986 1024 0.149906819
27 40 3 18987 1024 0.139744185
28 41 3 18988 1024 0.167592114
29 42 3 18989 1024 0.166284406
30 43 3 18990 1024 0.178692537
31 44 3 18991 1024 0.165132841
32 45 3 18992 1024 0.134868992
33 46 3 18993 1024 0.150364328
34 47 3 18994 1024 0.167072567
35 48 3 18995 1024 0.135050144
36 49 3 18996 1024 0.170374717
37 50 3 18997 1024 0.137509333
38 51 3 18998 1024 0.159358775
39 52 3 18999 1024 0.149105587
40 53 3 19000 1024 0.159317910
41 54 3 19001 1024 0.172601355
42 55 3 19002 1024 0.144505969
43 56 3 19003 1024 0.137576891
44 57 3 19004 1024 0.153155311
45 58 3 19005 1024 0.174260194
46 59 3 19006 1024 0.134664543
47 60 3 19007 1024 0.165923135
48 61 3 19008 1024 0.174220103
49 62 3 19009 1024 0.170373802
50 63 3 19010 1024 0.162711007
51 0 3 19011 1024 0.168441286
52 1 3 19012 1024 0.138052351
53 2 3 19013 1024 0.178183368
54 3 3 19014 1024 0.155815040
55 4 3 19015 1024 0.166436032
56 5 3 19016 1024 0.162569746
57 6 3 19017 1024 0.176511360
58 7 3 19018 1024 0.147070764
59 8 3 19019 1024 0.169267593
60 9 3 19020 1024 0.146951035
61 10 3 19021 1024 0.148015818
62 11 3 19022 1024 0.172797628
63 12 3 19023 1024 0.151545072
0 14 3 19024 1024 0.174533997
1 15 3 19025 1024 0.168708750
2 16 3 19026 1024 0.149381714
3 17 3 19027 1024 0.140441032
4 18 3 19028 1024 0.160519362
5 19 3 19029 1024 0.133749914
6 20 3 19030 1024 0.137620070
7 21 3 19031 1024 0.161389482
8 22 3 19032 1024 0.154876141
9 23 3 19033 1024 0.170236322
10 24 3 19034 1024 0.137131126
11 25 3 19035 1024 0.173522874
12 26 3 19036 1024 0.157356803
13 27 3 19037 1024 0.178447356
14 28 3 19038 1024 0.169072276
15 29 3 19039 1024 0.134358384
16 30 3 19040 1024 0.134705700
17 31 3 19041 1024 0.145685935
18 32 3 19042 1024 0.176702799
19 33 3 19043 1024 0.138073624
20 34 3 19044 1024 0.144005866
21 35 3 19045 1024 0.148166413
22 36 3 19046 1024 0.134461462
23 37 3 19047 1024 0.138959313
24 38 3 19048 1024 0.168597026
25 39 3 19049 1024 0.142897205
26 40 3 19050 1024 0.153663048
27 41 3 19051 1024 0.142801315
28 42 3 19052 1024 0.173832893
29 43 3 19053 1024 0.162514604
30 44 3 19054 1024 0.137022362
31 45 3 19055 1024 0.136198311
32 46 3 19056 1024 0.158436672
33 47 3 19057 1024 0.131979632
34 48 3 19058 1024 0.172950163
35 49 3 19059 1024 0.150046961
36 50 3 19060 1024 0.172850048
37 51 3 19061 1024 0.175857006
38 52 3 19062 1024 0.136449212
39 53 3 19063 1024 0.148336613
40 54 3 19064 1024 0.172241782
41 55 3 19065 1024 0.177602248
42 56 3 19066 1024 0.148684155
43 57 3 19067 1024 0.164110045
44 58 3 19068 1024 0.155297121
45 59 3 19069 1024 0.143141372
46 60 3 19070 1024 0.173776823
47 61 3 19071 1024 0.164127779
48 62 3 19072 1024 0.161030686
49 63 3 19073 1024 0.162193339
50 0 3 19074 1024 0.167052128
51 1 3 19075 1024 0.142240839
52 2 3 19076 1024 0.171061752
53 3 3 19077 1024 0.130397147
54 4 3 19078 1024 0.172652989
55 5 3 19079 1024 0.144533030
56 6 3 19080 1024 0.137910290
57 7 3 19081 1024 0.149964021
58 8 3 19082 1024 0.133648934
59 9 3 19083 1024 0.149411150
60 10 3 19084 1024 0.153113929
61 11 3 19085 1024 0.134675156
62 12 3 19086 1024 0.153293880
63 13 3 19087 1024 0.162124224
0 15 3 19088 1024 0.175006326
1 16 3 19089 1024 0.153242650
2 17 3 19090 1024 0.134291127
3 18 3 19091 1024 0.166588906
4 19 3 19092 1024 0.175873018
5 20 3 19093 1024 0.176124537
6 21 3 19094 1024 0.168410833
7 22 3 19095 1024 0.139973550
8 23 3 19096 1024 0.146436032
9 24 3 19097 1024 0.145864243
10 25 3 19098 1024 0.179821912
11 26 3 19099 1024 0.154314751
12 27 3 19100 1024 0.165114542
13 28 3 19101 1024 0.153810973
14 29 3 19102 1024 0.143918753
15 30 3 19103 1024 0.131914117
16 31 3 19104 1024 0.137787056
17 32 3 19105 1024 0.153498377
18 33 3 19106 1024 0.162010819
19 34 3 19107 1024 0.146009331
20 35 3 19108 1024 0.131566163
21 36 3 19109 1024 0.160053871
22 37 3 19110 1024 0.149014241
23 38 3 19111 1024 0.176822983
24 39 3 19112 1024 0.148074638
25 40 3 19113 1024 0.151505487
26 41 3 19114 1024 0.153670482
27 42 3 19115 1024 0.132703876
28 43 3 19116 1024 0.173401030
29 44 3 19117 1024 0.177632250
30 45 3 19118 1024 0.164183572
31 46 3 19119 1024 0.143492406
32 47 3 19120 1024 0.161784365
33 48 3 19121 1024 0.134179564
34 49 3 19122 1024 0.133462952
35 50 3 19123 1024 0.150253424
36 51 3 19124 1024 0.144916840
37 52 3 19125 1024 0.165610335
38 53 3 19126 1024 0.173564456
39 54 3 19127 1024 0.156238897
40 55 3 19128 1024 0.163482220
41 56 3 19129 1024 0.142972361
42 57 3 19130 1024 0.171527455
43 58 3 19131 1024 0.134622063
44 59 3 19132 1024 0.175082087
45 60 3 19133 1024 0.147100957
46 61 3 19134 1024 0.167658803
47 62 3 19135 1024 0.138226664
48 63 3 19136 1024 0.147463813
49 0 3 19137 1024 0.150955054
50 1 3 19138 1024 0.153774971
51 2 3 19139 1024 0.164441525
52 3 3 19140 1024 0.138034458
53 4 3 19141 1024 0.164834504
54 5 3 19142 1024 0.147734619
55 6 3 19143 1024 0.164645072
56 7 3 19144 1024 0.149456898
57 8 3 19145 1024 0.130496575
58 9 3 19146 1024 0.169153619
59 10 3 19147 1024 0.159856432
60 11 3 19148 1024 0.133890436
61 12 3 19149 1024 0.163398124
62 13 3 19150 1024 0.160825619
63 14 3 19151 1024 0.146186629
0 16 3 19152 1024 0.179318397
1 17 3 19153 1024 0.176948453
2 18 3 19154 1024 0.167141817
3 19 3 19155 1024 0.166835964
4 20 3 19156 1024 0.145825764
5 21 3 19157 1024 0.137525314
6 22 3 19158 1024 0.152932953
7 23 3 19159 1024 0.137374329
8 24 3 19160 1024 0.173215067
9 25 3 19161 1024 0.135680344
10 26 3 19162 1024 0.178498806
11 27 3 19163 1024 0.150319332
12 28 3 19164 1024 0.156034585
13 29 3 19165 1024 0.130183845
14 30 3 19166 1024 0.152527948
15 31 3 19167 1024 0.171625541
16 32 3 19168 1024 0.136285860
17 33 3 19169 1024 0.152466433
18 34 3 19170 1024 0.178472876
19 35 3 19171 1024 0.134872303
20 36 3 19172 1024 0.140931139
21 37 3 19173 1024 0.178951599
22 38 3 19174 1024 0.151008805
23 39 3 19175 1024 0.157304311
24 40 3 19176 1024 0.138305051
25 41 3 19177 1024 0.148877829
26 42 3 19178 1024 0.147404278
27 43 3 19179 1024 0.177618844
28 44 3 19180 1024 0.178587225
29 45 3 19181 1024 0.158841821
30 46 3 19182 1024 0.130718551
31 47 3 19183 1024 0.170688967
32 48 3 19184 1024 0.130809563
33 49 3 19185 1024 0.174832746
34 50 3 19186 1024 0.155104260
35 51 3 19187 1024 0.173387907
36 52 3 19188 1024 0.164965857
37 53 3 19189 1024 0.162445584
38 54 3 19190 1024 0.152799874
39 55 3 19191 1024 0.150519341
40 56 3 19192 1024 0.147610561
41 57 3 19193 1024 0.157123351
42 58 3 19194 1024 0.156158491
43 59 3 19195 1024 0.168254057
44 60 3 19196 1024 0.135669000
45 61 3 19197 1024 0.138790690
46 62 3 19198 1024 0.151419181
47 63 3 19199 1024 0.138844758
48 0 3 19200 1024 0.159744591
49 1 3 19201 1024 0.157138144
50 2 3 19202 1024 0.149078166
51 3 3 19203 1024 0.172254580
52 4 3 19204 1024 0.164427533
53 5 3 19205 1024 0.151874684
54 6 3 19206 1024 0.144162418
55 7 3 19207 1024 0.161018824
56 8 3 19208 1024 0.176256780
57 9 3 19209 1024 0.172849863
58 10 3 19210 1024 0.179768161
59 11 3 19211 1024 0.170296988
60 12 3 19212 1024 0.135190602
61 13 3 19213 1024 0.162481229
62 14 3 19214 1024 0.160813019
63 15 3 19215 1024 0.150563983
0 17 3 19216 1024 0.154820246
1 18 3 19217 1024 0.167586338
2 19 3 19218 1024 0.176361445
3 20 3 19219 1024 0.134985104
4 21 3 19220 1024 0.152205168
5 22 3 19221 1024 0.159061679
6 23 3 19222 1024 0.131631777
7 24 3 19223 1024 0.144495223
8 25 3 19224 1024 0.151032043
9 26 3 19225 1024 0.141143969
10 27 3 19226 1024 0.152731494
11 28 3 19227 1024 0.149053992
12 29 3 19228 1024 0.139778012
13 30 3 19229 1024 0.153478712
14 31 3 19230 1024 0.136222028
15 32 3 19231 1024 0.178380805
16 33 3 19232 1024 0.175701466
17 34 3 19233 1024 0.150646737
18 35 3 19234 1024 0.171020899
19 36 3 19235 1024 0.165191748
20 37 3 19236 1024 0.167057653
21 38 3 19237 1024 0.130380257
22 39 3 19238 1024 0.148732190
23 40 3 19239 1024 0.141196830
24 41 3 19240 1024 0.144180221
25 42 3 19241 1024 0.173980358
26 43 3 19242 1024 0.143224954
27 44 3 19243 1024 0.171924209
28 45 3 19244 1024 0.169756910
29 46 3 19245 1024 0.150735826
30 47 3 19246 1024 0.142077722
31 48 3 19247 1024 0.175009363
32 49 3 19248 1024 0.150727833
33 50 3 19249 1024 0.130776503
34 51 3 19250 1024 0.137668767
35 52 3 19251 1024 0.148720287
36 53 3 19252 1024 0.170835351
37 54 3 19253 1024 0.171001720
38 55 3 19254 1024 0.159997284
39 56 3 19255 1024 0.146754497
40 57 3 19256 1024 0.177958030
41 58 3 19257 1024 0.179641456
42 59 3 19258 1024 0.142091556
43 60 3 19259 1024 0.178674516
44 61 3 19260 1024 0.139633020
45 62 3 19261 1024 0.162221718
46 63 3 19262 1024 0.171427495
47 0 3 19263 1024 0.170066582
48 1 3 19264 1024 0.158892681
49 2 3 19265 1024 0.136443523
50 3 3 19266 1024 0.161813675
51 4 3 19267 1024 0.178867782
52 5 3 19268 1024 0.138685864
53 6 3 19269 1024 0.175208569
54 7 3 19270 1024 0.155863854
55 8 3 19271 1024 0.151870079
56 9 3 19272 1024 0.134978896
57 10 3 19273 1024 0.170058599
58 11 3 19274 1024 0.155212852
59 12 3 19275 1024 0.161572053
60 13 3 19276 1024 0.169214065
61 14 3 19277 1024 0.172151536
62 15 3 19278 1024 0.161365919
63 16 3 19279 1024 0.143011506
0 18 3 19280 1024 0.157645275
1 19 3 19281 1024 0.177435015
2 20 3 19282 1024 0.140188129
3 21 3 19283 1024 0.134663270
4 22 3 19284 1024 0.151871052
5 23 3 19285 1024 0.161444706
6 24 3 19286 1024 0.159664410
7 25 3 19287 1024 0.131390917
8 26 3 19288 1024 0.165378796
9 27 3 19289 1024 0.176029720
10 28 3 19290 1024 0.133938625
11 29 3 19291 1024 0.149120242
12 30 3 19292 1024 0.167116981
13 31 3 19293 1024 0.136527401
14 32 3 19294 1024 0.152685313
15 33 3 19295 1024 0.161575090
16 34 3 19296 1024 0.147906068
17 35 3 19297 1024 0.141986094
18 36 3 19298 1024 0.174895462
19 37 3 19299 1024 0.144846125
20 38 3 19300 1024 0.156770861
21 39 3 19301 1024 0.142262721
22 40 3 19302 1024 0.169001448
23 41 3 19303 1024 0.169302410
24 42 3 19304 1024 0.168519579
25 43 3 19305 1024 0.162962885
26 44 3 19306 1024 0.143748241
27 45 3 19307 1024 0.176748795
28 46 3 19308 1024 0.161371900
29 47 3 19309 1024 0.161919328
30 48 3 19310 1024 0.158967729
31 49 3 19311 1024 0.135170962
32 50 3 19312 1024 0.152956386
33 51 3 19313 1024 0.159794722
34 52 3 19314 1024 0.135353833
35 53 3 19315 1024 0.144123152
36 54 3 19316 1024 0.174730239
37 55 3 19317 1024 0.134638857
38 56 3 19318 1024 0.154712253
39 57 3 19319 1024 0.148069866
40 58 3 19320 1024 0.171915794
41 59 3 19321 1024 0.149540010
42 60 3 19322 1024 0.154551848
43 61 3 19323 1024 0.131097848
44 62 3 19324 1024 0.133678798
45 63 3 19325 1024 0.177960859
46 0 3 19326 1024 0.133815634
47 1 3 19327 1024 0.164366821
48 2 3 19328 1024 0.148762718
49 3 3 19329 1024 0.145679247
50 4 3 19330 1024 0.175415120
51 5 3 19331 1024 0.170427453
52 6 3 19332 1024 0.138990322
53 7 3 19333 1024 0.130507015
54 8 3 19334 1024 0.138933854
55 9 3 19335 1024 0.158364692
56 10 3 19336 1024 0.160332743
57 11 3 19337 1024 0.131572524
58 12 3 19338 1024 0.178795794
59 13 3 19339 1024 0.179686979
60 14 3 19340 1024 0.154195550
61 15 3 19341 1024 0.160700250
62 16 3 19342 1024 0.157324139
63 17 3 19343 1024 0.137919413
0 19 3 19344 1024 0.167084841
1 20 3 19345 1024 0.176329159
2 21 3 19346 1024 0.139642263
3 22 3 19347 1024 0.131477762
4 23 3 19348 1024 0.131151909
5 24 3 19349 1024 0.155587236
6 25 3 19350 1024 0.137617301
7 26 3 19351 1024 0.173343713
8 27 3 19352 1024 0.135739423
9 28 3 19353 1024 0.140847889
10 29 3 19354 1024 0.146376986
11 30 3 19355 1024 0.140988056
12 31 3 19356 1024 0.166387195
13 32 3 19357 1024 0.176992405
14 33 3 19358 1024 0.143379527
15 34 3 19359 1024 0.154078744
16 35 3 19360 1024 0.177661468
17 36 3 19361 1024 0.147427669
18 37 3 19362 1024 0.157574856
19 38 3 19363 1024 0.144716044
20 39 3 19364 1024 0.167259723
21 40 3 19365 1024 0.154790085
22 41 3 19366 1024 0.155632827
23 42 3 19367 1024 0.149997108
24 43 3 19368 1024 0.139652712
25 44 3 19369 1024 0.138647976
26 45 3 19370 1024 0.164352873
27 46 3 19371 1024 0.174365745
28 47 3 19372 1024 0.144054138
29 48 3 19373 1024 0.149641296
30 49 3 19374 1024 0.159182413
31 50 3 19375 1024 0.168322443
32 51 3 19376 1024 0.145579256
33 52 3 19377 1024 0.169704976
34 53 3 19378 1024 0.177688104
35 54 3 19379 1024 0.154391589
36 55 3 19380 1024 0.174142867
37 56 3 19381 1024 0.151186866
38 57 3 19382 1024 0.167353964
39 58 3 19383 1024 0.170794610
40 59 3 19384 1024 0.161145548
41 60 3 19385 1024 0.160364783
42 61 3 19386 1024 0.151465649
43 62 3 19387 1024 0.158357102
44 63 3 19388 1024 0.148698024
45 0 3 19389 1024 0.161634923
46 1 3 19390 1024 0.133213313
47 2 3 19391 1024 0.138362453
48 3 3 19392 1024 0.131688001
49 4 3 19393 1024 0.155567841
50 5 3 19394 1024 0.159343462
51 6 3 19395 1024 0.144673677
52 7 3 19396 1024 0.171334321
53 8 3 19397 1024 0.162254899
54 9 3 19398 1024 0.178257262
55 10 3 19399 1024 0.147612667
56 11 3 19400 1024 0.131496998
57 12 3 19401 1024 0.138995212
58 13 3 19402 1024 0.146134058
59 14 3 19403 1024 0.169544819
60 15 3 19404 1024 0.147887226
61 16 3 19405 1024 0.133632017
62 17 3 19406 1024 0.162847731
63 18 3 19407 1024 0.148598214
0 20 3 19408 1024 0.168975728
1 21 3 19409 1024 0.136115180
2 22 3 19410 1024 0.145929457
3 23 3 19411 1024 0.130545051
4 24 3 19412 1024 0.146443469
5 25 3 19413 1024 0.153268831
6 26 3 19414 1024 0.169761971
7 27 3 19415 1024 0.174937199
8 28 3 19416 1024 0.158082029
9 29 3 19417 1024 0.149279544
10 30 3 19418 1024 0.160090096
11 31 3 19419 1024 0.156363118
12 32 3 19420 1024 0.135146010
13 33 3 19421 1024 0.143902423
14 34 3 19422 1024 0.160395219
15 35 3 19423 1024 0.174168006
16 36 3 19424 1024 0.172995632
17 37 3 19425 1024 0.133741210
18 38 3 19426 1024 0.174633201
19 39 3 19427 1024 0.151087507
20 40 3 19428 1024 0.167810060
21 41 3 19429 1024 0.145889165
22 42 3 19430 1024 0.146006070
23 43 3 19431 1024 0.139856163
24 44 3 19432 1024 0.170136260
25 45 3 19433 1024 0.154932548
26 46 3 19434 1024 0.179512986
27 47 3 19435 1024 0.151061862
28 48 3 19436 1024 0.136204634
29 49 3 19437 1024 0.138556986
30 50 3 19438 1024 0.146343738
31 51 3 19439 1024 0.149142876
32 52 3 19440 1024 0.158820691
33 53 3 19441 1024 0.144251846
34 54 3 19442 1024 0.162183330
35 55 3 19443 1024 0.172805153
36 56 3 19444 1024 0.179397738
37 57 3 19445 1024 0.175582157
38 58 3 19446 1024 0.144218291
39 59 3 19447 1024 0.172082143
40 60 3 19448 1024 0.150140539
41 61 3 19449 1024 0.174791476
42 62 3 19450 1024 0.175901724
43 63 3 19451 1024 0.131956012
44 0 3 19452 1024 0.162238783
45 1 3 19453 1024 0.133472706
46 2 3 19454 1024 0.134755991
47 3 3 19455 1024 0.170125664
48 4 3 19456 1024 0.166162683
49 5 3 19457 1024 0.143733677
50 6 3 19458 1024 0.167684614
51 7 3 19459 1024 0.150017217
52 8 3 19460 1024 0.157822510
53 9 3 19461 1024 0.145658733
54 10 3 19462 1024 0.160616032
55 11 3 19463 1024 0.149666375
56 12 3 19464 1024 0.164822847
57 13 3 19465 1024 0.152729087
58 14 3 19466 1024 0.172433616
59 15 3 19467 1024 0.178357626
60 16 3 19468 1024 0.136070647
61 17 3 19469 1024 0.148695304
62 18 3 19470 1024 0.160898850
63 19 3 19471 1024 0.131464409
0 21 3 19472 1024 0.132391712
1 22 3 19473 1024 0.130519801
2 23 3 19474 1024 0.135256785
3 24 3 19475 1024 0.146142952
4 25 3 19476 1024 0.164379946
5 26 3 19477 1024 0.151784123
6 27 3 19478 1024 0.138509573
7 28 3 19479 1024 0.139557985
8 29 3 19480 1024 0.175113824
9 30 3 19481 1024 0.148443977
10 31 3 19482 1024 0.175144029
11 32 3 19483 1024 0.179478251
12 33 3 19484 1024 0.176705518
13 34 3 19485 1024 0.173400744
14 35 3 19486 1024 0.142984385
15 36 3 19487 1024 0.169247202
16 37 3 19488 1024 0.135540180
17 38 3 19489 1024 0.177357243
18 39 3 19490 1024 0.133752109
19 40 3 19491 1024 0.146466449
20 41 3 19492 1024 0.160637532
21 42 3 19493 1024 0.170624276
22 43 3 19494 1024 0.143495603
23 44 3 19495 1024 0.138516932
24 45 3 19496 1024 0.136888166
25 46 3 19497 1024 0.153034688
26 47 3 19498 1024 0.136314435
27 48 3 19499 1024 0.173094745
28 49 3 19500 1024 0.167651741
29 50 3 19501 1024 0.174389921
30 51 3 19502 1024 0.178291813
31 52 3 19503 1024 0.150664696
32 53 3 19504 1024 0.152338987
33 54 3 19505 1024 0.136118665
34 55 3 19506 1024 0.156379446
35 56 3 19507 1024 0.158894236
36 57 3 19508 1024 0.163063449
37 58 3 19509 1024 0.178817473
38 59 3 19510 1024 0.146095568
39 60 3 19511 1024 0.166543229
40 61 3 19512 1024 0.141291526
41 62 3 19513 1024 0.143190602
42 63 3 19514 1024 0.144811709
43 0 3 19515 1024 0.134139714
44 1 3 19516 1024 0.157925762
45 2 3 19517 1024 0.173643617
46 3 3 19518 1024 0.162974039
47 4 3 19519 1024 0.166763414
48 5 3 19520 1024 0.140294562
49 6 3 19521 1024 0.133900836
50 7 3 19522 1024 0.178588260
51 8 3 19523 1024 0.133013346
52 9 3 19524 1024 0.130656405
53 10 3 19525 1024 0.140806773
54 11 3 19526 1024 0.170925572
55 12 3 19527 1024 0.139395871
56 13 3 19528 1024 0.135226736
57 14 3 19529 1024 0.140433073
58 15 3 19530 1024 0.159526155
59 16 3 19531 1024 0.156382232
60 17 3 19532 1024 0.172922942
61 18 3 19533 1024 0.168024398
62 19 3 19534 1024 0.145591271
63 20 3 19535 1024 0.152701098
0 22 3 19536 1024 0.137699946
1 23 3 19537 1024 0.155225570
2 24 3 19538 1024 0.175706263
3 25 3 19539 1024 0.140939242
4 26 3 19540 1024 0.148182189
5 27 3 19541 1024 0.178753234
6 28 3 19542 1024 0.173392939
7 29 3 19543 1024 0.155673202
8 30 3 19544 1024 0.169001053
9 31 3 19545 1024 0.139397674
10 32 3 19546 1024 0.143891922
11 33 3 19547 1024 0.138209816
12 34 3 19548 1024 0.145357339
13 35 3 19549 1024 0.173491569
14 36 3 19550 1024 0.162419148
15 37 3 19551 1024 0.137364487
16 38 3 19552 1024 0.173809812
17 39 3 19553 1024 0.167251300
18 40 3 19554 1024 0.142028123
19 41 3 19555 1024 0.174704903
20 42 3 19556 1024 0.139351488
21 43 3 19557 1024 0.131429312
22 44 3 19558 1024 0.163094275
23 45 3 19559 1024 0.152632046
24 46 3 19560 1024 0.143278936
25 47 3 19561 1024 0.176346386
26 48 3 19562 1024 0.134203338
27 49 3 19563 1024 0.151573682
28 50 3 19564 1024 0.137531002
29 51 3 19565 1024 0.155109520
30 52 3 19566 1024 0.155396341
31 53 3 19567 1024 0.132657854
32 54 3 19568 1024 0.143629443
33 55 3 19569 1024 0.134890635
34 56 3 19570 1024 0.162431087
35 57 3 19571 1024 0.166600080
36 58 3 19572 1024 0.151129419
37 59 3 19573 1024 0.144700295
38 60 3 19574 1024 0.150134605
39 61 3 19575 1024 0.159702458
40 62 3 19576 1024 0.156478138
41 63 3 19577 1024 0.154680811
42 0 3 19578 1024 0.151678267
43 1 3 19579 1024 0.164058026
44 2 3 19580 1024 0.162317243
45 3 3 19581 1024 0.177948586
46 4 3 19582 1024 0.140978988
47 5 3 19583 1024 0.132656889
48 6 3 19584 1024 0.131784398
49 7 3 19585 1024 0.143308912
50 8 3 19586 1024 0.133292369
51 9 3 19587 1024 0.135051600
52 10 3 19588 1024 0.141323251
53 11 3 19589 1024 0.161011037
54 12 3 19590 1024 0.165791166
55 13 3 19591 1024 0.149595404
56 14 3 19592 1024 0.135065214
57 15 3 19593 1024 0.166696219
58 16 3 19594 1024 0.173976384
59 17 3 19595 1024 0.143413347
60 18 3 19596 1024 0.140285269
61 19 3 19597 1024 0.169286383
62 20 3 19598 1024 0.147381656
63 21 3 19599 1024 0.144399627
0 23 3 19600 1024 0.159815670
1 24 3 19601 1024 0.166694114
2 25 3 19602 1024 0.134712128
3 26 3 19603 1024 0.155162008
4 27 3 19604 1024 0.165023561
5 28 3 19605 1024 0.153837916
6 29 3 19606 1024 0.145266209
7 30 3 19607 1024 0.175333388
8 31 3 19608 1024 0.141930974
9 32 3 19609 1024 0.145755625
10 33 3 19610 1024 0.133472732
11 34 3 19611 1024 0.139367221
12 35 3 19612 1024 0.174993461
13 36 3 19613 1024 0.137091683
14 37 3 19614 1024 0.130636741
15 38 3 19615 1024 0.153730035
16 39 3 19616 1024 0.146702707
17 40 3 19617 1024 0.138875753
18 41 3 19618 1024 0.143191609
19 42 3 19619 1024 0.133848853
20 43 3 19620 1024 0.163960147
21 44 3 19621 1024 0.172654483
22 45 3 19622 1024 0.159700258
23 46 3 19623 1024 0.178477077
24 47 3 19624 1024 0.159157943
25 48 3 19625 1024 0.154415367
26 49 3 19626 1024 0.142375521
27 50 3 19627 1024 0.135469300
28 51 3 19628 1024 0.170946322
29 52 3 19629 1024 0.158363337
30 53 3 19630 1024 0.179520655
31 54 3 19631 1024 0.171767952
32 55 3 19632 1024 0.156263459
33 56 3 19633 1024 0.138365237
34 57 3 19634 1024 0.137329148
35 58 3 19635 1024 0.134695505
36 59 3 19636 1024 0.145230114
37 60 3 19637 1024 0.166809323
38 61 3 19638 1024 0.152630818
39 62 3 19639 1024 0.166740750
40 63 3 19640 1024 0.179489656
41 0 3 19641 1024 0.142866976
42 1 3 19642 1024 0.154324666
43 2 3 19643 1024 0.148214467
44 3 3 19644 1024 0.130678053
45 4 3 19645 1024 0.147631319
46 5 3 19646 1024 0.165507858
47 6 3 19647 1024 0.174568621
48 7 3 19648 1024 0.168726315
49 8 3 19649 1024 0.172847808
50 9 3 19650 1024 0.175108341
51 10 3 19651 1024 0.159787177
52 11 3 19652 1024 0.135638053
53 12 3 19653 1024 0.164289208
54 13 3 19654 1024 0.166410777
55 14 3 19655 1024 0.131036364
56 15 3 19656 1024 0.178931872
57 16 3 19657 1024 0.172813276
58 17 3 19658 1024 0.162968346
59 18 3 19659 1024 0.137081656
60 19 3 19660 1024 0.154891612
61 20 3 19661 1024 0.142218390
62 21 3 19662 1024 0.167050621
63 22 3 19663 1024 0.178664529
0 24 3 19664 1024 0.147970996
1 25 3 19665 1024 0.167218256
2 26 3 19666 1024 0.139692106
3 27 3 19667 1024 0.177740720
4 28 3 19668 1024 0.161936688
5 29 3 19669 1024 0.178272653
6 30 3 19670 1024 0.173857202
7 31 3 19671 1024 0.163940076
8 32 3 19672 1024 0.174961069
9 33 3 19673 1024 0.152463467
10 34 3 19674 1024 0.177915306
11 35 3 19675 1024 0.156345344
12 36 3 19676 1024 0.143265467
13 37 3 19677 1024 0.163953318
14 38 3 19678 1024 0.174399745
15 39 3 19679 1024 0.149551311
16 40 3 19680 1024 0.150864714
17 41 3 19681 1024 0.179697185
18 42 3 19682 1024 0.145466165
19 43 3 19683 1024 0.132054999
20 44 3 19684 1024 0.156003887
21 45 3 19685 1024 0.147163722
22 46 3 19686 1024 0.160618371
23 47 3 19687 1024 0.151672981
24 48 3 19688 1024 0.152751384
25 49 3 19689 1024 0.178407652
26 50 3 19690 1024 0.169617026
27 51 3 19691 1024 0.144420427
28 52 3 19692 1024 0.178473495
29 53 3 19693 1024 0.154946351
30 54 3 19694 1024 0.164276335
31 55 3 19695 1024 0.153315874
32 56 3 19696 1024 0.137511388
33 57 3 19697 1024 0.178333573
34 58 3 19698 1024 0.161189757
35 59 3 19699 1024 0.163216016
36 60 3 19700 1024 0.145182280
37 61 3 19701 1024 0.144412998
38 62 3 19702 1024 0.169989253
39 63 3 19703 1024 0.130779620
40 0 3 19704 1024 0.132047655
41 1 3 19705 1024 0.144150865
42 2 3 19706 1024 0.159653581
43 3 3 19707 1024 0.132659664
44 4 3 19708 1024 0.145291075
45 5 3 19709 1024 0.151516141
46 6 3 19710 1024 0.163012666
47 7 3 19711 1024 0.130032086
48 8 3 19712 1024 0.142571673
49 9 3 19713 1024 0.147510912
50 10 3 19714 1024 0.144163277
51 11 3 19715 1024 0.172950527
52 12 3 19716 1024 0.163266300
53 13 3 19717 1024 0.168444269
54 14 3 19718 1024 0.137751851
55 15 3 19719 1024 0.134300173
56 16 3 19720 1024 0.143533445
57 17 3 19721 1024 0.179795713
58 18 3 19722 1024 0.139836371
59 19 3 19723 1024 0.159261242
60 20 3 19724 1024 0.134035897
61 21 3 19725 1024 0.140942888
62 22 3 19726 1024 0.153658888
63 23 3 19727 1024 0.147731612
0 25 3 19728 1024 0.170585454
1 26 3 19729 1024 0.161852232
2 27 3 19730 1024 0.151128164
3 28 3 19731 1024 0.178345341
4 29 3 19732 1024 0.134906935
5 30 3 19733 1024 0.143063046
6 31 3 19734 1024 0.145101133
7 32 3 19735 1024 0.145536790
8 33 3 19736 1024 0.158195381
9 34 3 19737 1024 0.163946161
10 35 3 19738 1024 0.146123995
11 36 3 19739 1024 0.158908371
12 37 3 19740 1024 0.164166059
13 38 3 19741 1024 0.139975333
14 39 3 19742 1024 0.136784538
15 40 3 19743 1024 0.157714188
16 41 3 19744 1024 0.145053113
17 42 3 19745 1024 0.134279896
18 43 3 19746 1024 0.158333255
19 44 3 19747 1024 0.161415941
20 45 3 19748 1024 0.157291534
21 46 3 19749 1024 0.148798297
22 47 3 19750 1024 0.173796074
23 48 3 19751 1024 0.151844641
24 49 3 19752 1024 0.136930494
25 50 3 19753 1024 0.152095067
26 51 3 19754 1024 0.145663023
27 52 3 19755 1024 0.176743991
28 53 3 19756 1024 0.165629925
29 54 3 19757 1024 0.153418944
30 55 3 19758 1024 0.151383459
31 56 3 19759 1024 0.151025283
32 57 3 19760 1024 0.150512931
33 58 3 19761 1024 0.131383647
34 59 3 19762 1024 0.157945455
35 60 3 19763 1024 0.177874588
36 61 3 19764 1024 0.151045931
37 62 3 19765 1024 0.167792823
38 63 3 19766 1024 0.160760428
39 0 3 19767 1024 0.145119499
40 1 3 19768 1024 0.142132283
41 2 3 19769 1024 0.155610340
42 3 3 19770 1024 0.136363743
43 4 3 19771 1024 0.157163478
44 5 3 19772 1024 0.158278730
45 6 3 19773 1024 0.144667159
46 7 3 19774 1024 0.167766759
47 8 3 19775 1024 0.149632966
48 9 3 19776 1024 0.150147106
49 10 3 19777 1024 0.130297642
50 11 3 19778 1024 0.170374051
51 12 3 19779 1024 0.173745544
52 13 3 19780 1024 0.153011038
53 14 3 19781 1024 0.132717312
54 15 3 19782 1024 0.132734638
55 16 3 19783 1024 0.171494714
56 17 3 19784 1024 0.162493997
57 18 3 19785 1024 0.146674173
58 19 3 19786 1024 0.134869953
59 20 3 19787 1024 0.144528846
60 21 3 19788 1024 0.154073395
61 22 3 19789 1024 0.146565380
62 23 3 19790 1024 0.133043238
63 24 3 19791 1024 0.167023647
0 26 3 19792 1024 0.163720650
1 27 3 19793 1024 0.166968171
2 28 3 19794 1024 0.132651013
3 29 3 19795 1024 0.140253222
4 30 3 19796 1024 0.137207595
5 31 3 19797 1024 0.167021206
6 32 3 19798 1024 0.154765233
7 33 3 19799 1024 0.141177179
8 34 3 19800 1024 0.163784038
9 35 3 19801 1024 0.172612785
10 36 3 19802 1024 0.145044610
11 37 3 19803 1024 0.145544541
12 38 3 19804 1024 0.179457931
13 39 3 19805 1024 0.130322540
14 40 3 19806 1024 0.154247757
15 41 3 19807 1024 0.164388735
16 42 3 19808 1024 0.135735443
17 43 3 19809 1024 0.130001786
18 44 3 19810 1024 0.160189533
19 45 3 19811 1024 0.136051721
20 46 3 19812 1024 0.134843182
21 47 3 19813 1024 0.140214683
22 48 3 19814 1024 0.153687120
23 49 3 19815 1024 0.171636323
24 50 3 19816 1024 0.152190794
25 51 3 19817 1024 0.132782658
26 52 3 19818 1024 0.136090571
27 53 3 19819 1024 0.150227867
28 54 3 19820 1024 0.179134813
29 55 3 19821 1024 0.171013548
30 56 3 19822 1024 0.172086040
31 57 3 19823 1024 0.157335962
32 58 3 19824 1024 0.171084323
33 59 3 19825 1024 0.164066022
34 60 3 19826 1024 0.172965694
35 61 3 19827 1024 0.160857926
36 62 3 19828 1024 0.151617685
37 63 3 19829 1024 0.161809858
38 0 3 19830 1024 0.139240393
39 1 3 19831 1024 0.170927505
40 2 3 19832 1024 0.162873268
41 3 3 19833 1024 0.138538775
42 4 3 19834 1024 0.167083236
43 5 3 19835 1024 0.157334051
44 6 3 19836 1024 0.153807920
45 7 3 19837 1024 0.144501809
46 8 3 19838 1024 0.163376776
47 9 3 19839 1024 0.177954571
48 10 3 19840 1024 0.154648207
49 11 3 19841 1024 0.163384983
50 12 3 19842 1024 0.149559461
51 13 3 19843 1024 0.164882635
52 14 3 19844 1024 0.135366792
53 15 3 19845 1024 0.150844823
54 16 3 19846 1024 0.151241648
55 17 3 19847 1024 0.131398533
56 18 3 19848 1024 0.152854114
57 19 3 19849 1024 0.158210454
58 20 3 19850 1024 0.130550982
59 21 3 19851 1024 0.145138078
60 22 3 19852 1024 0.162255449
61 23 3 19853 1024 0.174661049
62 24 3 19854 1024 0.160993823
63 25 3 19855 1024 0.132131590
0 27 3 19856 1024 0.175352922
1 28 3 19857 1024 0.178139826
2 29 3 19858 1024 0.153395355
3 30 3 19859 1024 0.166153263
4 31 3 19860 1024 0.143845202
5 32 3 19861 1024 0.179087684
6 33 3 19862 1024 0.147887383
7 34 3 19863 1024 0.172791979
8 35 3 19864 1024 0.155160281
9 36 3 19865 1024 0.147441704
10 37 3 19866 1024 0.165311231
11 38 3 19867 1024 0.149531216
12 39 3 19868 1024 0.133138289
13 40 3 19869 1024 0.162795962
14 41 3 19870 1024 0.147593350
15 42 3 19871 1024 0.165960455
16 43 3 19872 1024 0.146964554
17 44 3 19873 1024 0.165759117
18 45 3 19874 1024 0.169334843
19 46 3 19875 1024 0.143917007
20 47 3 19876 1024 0.168130379
21 48 3 19877 1024 0.145146494
22 49 3 19878 1024 0.149696436
23 50 3 19879 1024 0.175808001
24 51 3 19880 1024 0.162256700
25 52 3 19881 1024 0.148826137
26 53 3 19882 1024 0.153587616
27 54 3 19883 1024 0.162948591
28 55 3 19884 1024 0.158801948
29 56 3 19885 1024 0.176370612
30 57 3 19886 1024 0.168769900
31 58 3 19887 1024 0.156271695
32 59 3 19888 1024 0.136471098
33 60 3 19889 1024 0.146203831
34 61 3 19890 1024 0.177759730
35 62 3 19891 1024 0.147404761
36 63 3 19892 1024 0.160873751
37 0 3 19893 1024 0.150188693
38 1 3 19894 1024 0.132246457
39 2 3 19895 1024 0.172601559
40 3 3 19896 1024 0.137958984
41 4 3 19897 1024 0.134827022
42 5 3 19898 1024 0.135311022
43 6 3 19899 1024 0.176711695
44 7 3 19900 1024 0.153820650
45 8 3 19901 1024 0.167995464
46 9 3 19902 1024 0.179066420
47 10 3 19903 1024 0.170427774
48 11 3 19904 1024 0.166632353
49 12 3 19905 1024 0.141830859
50 13 3 19906 1024 0.174989715
51 14 3 19907 1024 0.138699898
52 15 3 19908 1024 0.174623643
53 16 3 19909 1024 0.167790694
54 17 3 19910 1024 0.151002808
55 18 3 19911 1024 0.133218495
56 19 3 19912 1024 0.160595181
57 20 3 19913 1024 0.135723689
58 21 3 19914 1024 0.172340093
59 22 3 19915 1024 0.133644085
60 23 3 19916 1024 0.168167597
61 24 3 19917 1024 0.160326665
62 25 3 19918 1024 0.172033968
63 26 3 19919 1024 0.176177542
0 28 3 19920 1024 0.146057961
1 29 3 19921 1024 0.164936286
2 30 3 19922 1024 0.148881447
3 31 3 19923 1024 0.179443543
4 32 3 19924 1024 0.158688983
5 33 3 19925 1024 0.139986721
6 34 3 19926 1024 0.142624747
7 35 3 19927 1024 0.151875743
8 36 3 19928 1024 0.144304467
9 37 3 19929 1024 0.140059637
10 38 3 19930 1024 0.138104479
11 39 3 19931 1024 0.170691887
12 40 3 19932 1024 0.170433611
13 41 3 19933 1024 0.139614791
14 42 3 19934 1024 0.159105397
15 43 3 19935 1024 0.161455783
16 44 3 19936 1024 0.163432912
17 45 3 19937 1024 0.140176981
18 46 3 19938 1024 0.170500442
19 47 3 19939 1024 0.174664551
20 48 3 19940 1024 0.147978050
21 49 3 19941 1024 0.150401369
22 50 3 19942 1024 0.157329042
23 51 3 19943 1024 0.133598256
24 52 3 19944 1024 0.139265218
25 53 3 19945 1024 0.166498856
26 54 3 19946 1024 0.175549425
27 55 3 19947 1024 0.162111619
28 56 3 19948 1024 0.154808773
29 57 3 19949 1024 0.171620145
30 58 3 19950 1024 0.158518503
31 59 3 19951 1024 0.153686644
32 60 3 19952 1024 0.147605303
33 61 3 19953 1024 0.160923943
34 62 3 19954 1024 0.157934866
35 63 3 19955 1024 0.136893677
36 0 3 19956 1024 0.133357734
37 1 3 19957 1024 0.151375587
38 2 3 19958 1024 0.148805911
39 3 3 19959 1024 0.133543381
40 4 3 19960 1024 0.133907190
41 5 3 19961 1024 0.169119368
42 6 3 19962 1024 0.144911349
43 7 3 19963 1024 0.135896375
44 8 3 19964 1024 0.141528675
45 9 3 19965 1024 0.160074479
46 10 3 19966 1024 0.146545990
47 11 3 19967 1024 0.141201061
48 12 3 19968 1024 0.177030876
49 13 3 19969 1024 0.176113666
50 14 3 19970 1024 0.142569092
51 15 3 19971 1024 0.165163666
52 16 3 19972 1024 0.133397641
53 17 3 19973 1024 0.173573667
54 18 3 19974 1024 0.178405741
55 19 3 19975 1024 0.133738856
56 20 3 19976 1024 0.158767794
57 21 3 19977 1024 0.172659761
58 22 3 19978 1024 0.176590452
59 23 3 19979 1024 0.155002350
60 24 3 19980 1024 0.149960983
61 25 3 19981 1024 0.132832410
62 26 3 19982 1024 0.164875895
63 27 3 19983 1024 0.135543724
0 29 3 19984 1024 0.153548935
1 30 3 19985 1024 0.175869567
2 31 3 19986 1024 0.143152654
3 32 3 19987 1024 0.131498901
4 33 3 19988 1024 0.146902262
5 34 3 19989 1024 0.143044055
6 35 3 19990 1024 0.146727062
7 36 3 19991 1024 0.168236796
8 37 3 19992 1024 0.136964431
9 38 3 19993 1024 0.157354367
10 39 3 19994 1024 0.166693633
11 40 3 19995 1024 0.176208713
12 41 3 19996 1024 0.163166806
13 42 3 19997 1024 0.173913509
14 43 3 19998 1024 0.141780860
15 44 3 19999 1024 0.133645595
16 45 3 20000 1024 0.177399880
17 46 3 20001 1024 0.175216193
18 47 3 20002 1024 0.165154542
19 48 3 20003 1024 0.168278711
20 49 3 20004 1024 0.131768104
21 50 3 20005 1024 0.179052802
22 51 3 20006 1024 0.177495389
23 52 3 20007 1024 0.159907381
24 53 3 20008 1024 0.160621633
25 54 3 20009 1024 0.134029674
26 55 3 20010 1024 0.157571263
27 56 3 20011 1024 0.177330034
28 57 3 20012 1024 0.143525420
29 58 3 20013 1024 0.132087049
30 59 3 20014 1024 0.131780004
31 60 3 20015 1024 0.155380213
32 61 3 20016 1024 0.162516848
33 62 3 20017 1024 0.151575778
34 63 3 20018 1024 0.145170918
35 0 3 20019 1024 0.172491675
36 1 3 20020 1024 0.178573282
37 2 3 20021 1024 0.131072163
38 3 3 20022 1024 0.132767827
39 4 3 20023 1024 0.168680662
40 5 3 20024 1024 0.170568158
41 6 3 20025 1024 0.156709293
42 7 3 20026 1024 0.173014724
43 8 3 20027 1024 0.164097061
44 9 3 20028 1024 0.166896179
45 10 3 20029 1024 0.157624798
46 11 3 20030 1024 0.132607021
47 12 3 20031 1024 0.168284076
48 13 3 20032 1024 0.164772027
49 14 3 20033 1024 0.151485932
50 15 3 20034 1024 0.151341679
51 16 3 20035 1024 0.136888522
52 17 3 20036 1024 0.151897643
53 18 3 20037 1024 0.174857336
54 19 3 20038 1024 0.179126728
55 20 3 20039 1024 0.148385434
56 21 3 20040 1024 0.139682281
57 22 3 20041 1024 0.151826242
58 23 3 20042 1024 0.132896125
59 24 3 20043 1024 0.141601671
60 25 3 20044 1024 0.159430874
61 26 3 20045 1024 0.141356294
62 27 3 20046 1024 0.167373784
63 28 3 20047 1024 0.174416767
0 30 3 20048 1024 0.169659042
1 31 3 20049 1024 0.158402431
2 32 3 20050 1024 0.179546937
3 33 3 20051 1024 0.130744928
4 34 3 20052 1024 0.165991342
5 35 3 20053 1024 0.170631095
6 36 3 20054 1024 0.133830584
7 37 3 20055 1024 0.136335795
8 38 3 20056 1024 0.139029674
9 39 3 20057 1024 0.132185971
10 40 3 20058 1024 0.147483373
11 41 3 20059 1024 0.162760448
12 42 3 20060 1024 0.142212217
13 43 3 20061 1024 0.144620636
14 44 3 20062 1024 0.160306192
15 45 3 20063 1024 0.153935068
16 46 3 20064 1024 0.136118818
17 47 3 20065 1024 0.133840192
18 48 3 20066 1024 0.142509943
19 49 3 20067 1024 0.157182310
20 50 3 20068 1024 0.154746463
21 51 3 20069 1024 0.166760931
22 52 3 20070 1024 0.147847916
23 53 3 20071 1024 0.175755043
24 54 3 20072 1024 0.141014364
25 55 3 20073 1024 0.165656693
26 56 3 20074 1024 0.177071349
27 57 3 20075 1024 0.169010420
28 58 3 20076 1024 0.144634171
29 59 3 20077 1024 0.162682194
30 60 3 20078 1024 0.156342209
31 61 3 20079 1024 0.143376762
32 62 3 20080 1024 0.164888584
33 63 3 20081 1024 0.155172270
34 0 3 20082 1024 0.132699877
35 1 3 20083 1024 0.175021269
36 2 3 20084 1024 0.165275084
37 3 3 20085 1024 0.161093589
38 4 3 20086 1024 0.143989192
39 5 3 20087 1024 0.140177747
40 6 3 20088 1024 0.136856574
41 7 3 20089 1024 0.178796920
42 8 3 20090 1024 0.141526796
43 9 3 20091 1024 0.167095433
44 10 3 20092 1024 0.140538482
45 11 3 20093 1024 0.148619499
46 12 3 20094 1024 0.170818985
47 13 3 20095 1024 0.137098062
48 14 3 20096 1024 0.178895485
49 15 3 20097 1024 0.164917097
50 16 3 20098 1024 0.162495404
51 17 3 20099 1024 0.152688149
52 18 3 20100 1024 0.135711932
53 19 3 20101 1024 0.154945375
54 20 3 20102 1024 0.131687809
55 21 3 20103 1024 0.143898367
56 22 3 20104 1024 0.149208833
57 23 3 20105 1024 0.171358943
58 24 3 20106 1024 0.134224665
59 25 3 20107 1024 0.143954624
60 26 3 20108 1024 0.160487386
61 27 3 20109 1024 0.154767875
62 28 3 20110 1024 0.173138641
63 29 3 20111 1024 0.149233162
0 31 3 20112 1024 0.132220778
1 32 3 20113 1024 0.140286506
2 33 3 20114 1024 0.139221340
3 34 3 20115 1024 0.151554248
4 35 3 20116 1024 0.132612983
5 36 3 20117 1024 0.145257404
6 37 3 20118 1024 0.157077458
7 38 3 20119 1024 0.147390227
8 39 3 20120 1024 0.131299605
9 40 3 20121 1024 0.160436965
10 41 3 20122 1024 0.174658468
11 42 3 20123 1024 0.176134934
12 43 3 20124 1024 0.175372479
13 44 3 20125 1024 0.170512184
14 45 3 20126 1024 0.159547931
15 46 3 20127 1024 0.167862611
16 47 3 20128 1024 0.147047219
17 48 3 20129 1024 0.171461973
18 49 3 20130 1024 0.151703801
19 50 3 20131 1024 0.151377459
20 51 3 20132 1024 0.166461307
21 52 3 20133 1024 0.166770724
22 53 3 20134 1024 0.132855930
23 54 3 20135 1024 0.135460510
24 55 3 20136 1024 0.149405528
25 56 3 20137 1024 0.166064851
26 57 3 20138 1024 0.163898476
27 58 3 20139 1024 0.172925705
28 59 3 20140 1024 0.176898804
29 60 3 20141 1024 0.153175127
30 61 3 20142 1024 0.158630128
31 62 3 20143 1024 0.158415153
32 63 3 20144 1024 0.155945643
33 0 3 20145 1024 0.138127443
34 1 3 20146 1024 0.149064552
35 2 3 20147 1024 0.167281694
36 3 3 20148 1024 0.176233057
37 4 3 20149 1024 0.136593636
38 5 3 20150 1024 0.130759171
39 6 3 20151 1024 0.169979446
40 7 3 20152 1024 0.177548362
41 8 3 20153 1024 0.134276843
42 9 3 20154 1024 0.142496631
43 10 3 20155 1024 0.157140228
44 11 3 20156 1024 0.146876618
45 12 3 20157 1024 0.149730060
46 13 3 20158 1024 0.160777362
47 14 3 20159 1024 0.148084743
48 15 3 20160 1024 0.162961497
49 16 3 20161 1024 0.169121314
50 17 3 20162 1024 0.170512975
51 18 3 20163 1024 0.160399959
52 19 3 20164 1024 0.136215321
53 20 3 20165 1024 0.158422054
54 21 3 20166 1024 0.146049470
55 22 3 20167 1024 0.143225877
56 23 3 20168 1024 0.138939220
57 24 3 20169 1024 0.153136213
58 25 3 20170 1024 0.151995464
59 26 3 20171 1024 0.153321975
60 27 3 20172 1024 0.178294275
61 28 3 20173 1024 0.154010395
62 29 3 20174 1024 0.172216267
63 30 3 20175 1024 0.140892125
0 32 3 20176 1024 0.132929242
1 33 3 20177 1024 0.176941713
2 34 3 20178 1024 0.143822284
3 35 3 20179 1024 0.160516426
4 36 3 20180 1024 0.145701327
5 37 3 20181 1024 0.133202174
6 38 3 20182 1024 0.138990195
7 39 3 20183 1024 0.168298841
8 40 3 20184 1024 0.143807217
9 41 3 20185 1024 0.173452769
10 42 3 20186 1024 0.136361124
11 43 3 20187 1024 0.161516909
12 44 3 20188 1024 0.137345089
13 45 3 20189 1024 0.160897465
14 46 3 20190 1024 0.132478984
15 47 3 20191 1024 0.135722328
16 48 3 20192 1024 0.131925089
17 49 3 20193 1024 0.164222069
18 50 3 20194 1024 0.173028514
19 51 3 20195 1024 0.158994536
20 52 3 20196 1024 0.132097779
21 53 3 20197 1024 0.165867885
22 54 3 20198 1024 0.133040643
23 55 3 20199 1024 0.165727478
24 56 3 20200 1024 0.142952738
25 57 3 20201 1024 0.142872254
26 58 3 20202 1024 0.163919391
27 59 3 20203 1024 0.172874515
28 60 3 20204 1024 0.147666752
29 61 3 20205 1024 0.165915965
30 62 3 20206 1024 0.160028942
31 63 3 20207 1024 0.147486483
32 0 3 20208 1024 0.133873957
33 1 3 20209 1024 0.152190634
34 2 3 20210 1024 0.155551776
35 3 3 20211 1024 0.141848936
36 4 3 20212 1024 0.146289452
37 5 3 20213 1024 0.148567968
38 6 3 20214 1024 0.171134647
39 7 3 20215 1024 0.150798484
40 8 3 20216 1024 0.162094351
41 9 3 20217 1024 0.173792657
42 10 3 20218 1024 0.137153974
43 11 3 20219 1024 0.146327027
44 12 3 20220 1024 0.169408223
45 13 3 20221 1024 0.146749289
46 14 3 20222 1024 0.150406878
47 15 3 20223 1024 0.162598911
48 16 3 20224 1024 0.153534252
49 17 3 20225 1024 0.178675060
50 18 3 20226 1024 0.161095818
51 19 3 20227 1024 0.138015641
52 20 3 20228 1024 0.132230529
53 21 3 20229 1024 0.176515426
54 22 3 20230 1024 0.175593633
55 23 3 20231 1024 0.131276764
56 24 3 20232 1024 0.160451907
57 25 3 20233 1024 0.170401711
58 26 3 20234 1024 0.155539807
59 27 3 20235 1024 0.169043688
60 28 3 20236 1024 0.155409114
61 29 3 20237 1024 0.159074325
62 30 3 20238 1024 0.147202637
63 31 3 20239 1024 0.140743436
0 33 3 20240 1024 0.171536338
1 34 3 20241 1024 0.131629976
2 35 3 20242 1024 0.166312988
3 36 3 20243 1024 0.149054483
4 37 3 20244 1024 0.179891043
5 38 3 20245 1024 0.133922249
6 39 3 20246 1024 0.133865572
7 40 3 20247 1024 0.176775893
8 41 3 20248 1024 0.141229050
9 42 3 20249 1024 0.155174794
10 43 3 20250 1024 0.158721962
11 44 3 20251 1024 0.157411652
12 45 3 20252 1024 0.150904006
13 46 3 20253 1024 0.166652283
14 47 3 20254 1024 0.172379754
15 48 3 20255 1024 0.156387820
16 49 3 20256 1024 0.132571575
17 50 3 20257 1024 0.153616458
18 51 3 20258 1024 0.156222404
19 52 3 20259 1024 0.152050871
20 53 3 20260 1024 0.143459136
21 54 3 20261 1024 0.171800447
22 55 3 20262 1024 0.144653265
23 56 3 20263 1024 0.142201450
24 57 3 20264 1024 0.142153667
25 58 3 20265 1024 0.168382171
26 59 3 20266 1024 0.148098248
27 60 3 20267 1024 0.152791059
28 61 3 20268 1024 0.167409414
29 62 3 20269 1024 0.135770846
30 63 3 20270 1024 0.142052324
31 0 3 20271 1024 0.166639917
32 1 3 20272 1024 0.174011339
33 2 3 20273 1024 0.148094058
34 3 3 20274 1024 0.147599230
35 4 3 20275 1024 0.155282172
36 5 3 20276 1024 0.175731776
37 6 3 20277 1024 0.162666496
38 7 3 20278 1024 0.160260929
39 8 3 20279 1024 0.152448401
40 9 3 20280 1024 0.150942511
41 10 3 20281 1024 0.158467113
42 11 3 20282 1024 0.171339196
43 12 3 20283 1024 0.136264063
44 13 3 20284 1024 0.156880795
45 14 3 20285 1024 0.168822414
46 15 3 20286 1024 0.150380872
47 16 3 20287 1024 0.159237767
48 17 3 20288 1024 0.136907008
49 18 3 20289 1024 0.143013948
50 19 3 20290 1024 0.144344259
51 20 3 20291 1024 0.145692217
52 21 3 20292 1024 0.134075298
53 22 3 20293 1024 0.151051130
54 23 3 20294 1024 0.179162388
55 24 3 20295 1024 0.158800588
56 25 3 20296 1024 0.161631488
57 26 3 20297 1024 0.168632249
58 27 3 20298 1024 0.174993623
59 28 3 20299 1024 0.173820285
60 29 3 20300 1024 0.130775613
61 30 3 20301 1024 0.136039442
62 31 3 20302 1024 0.143168806
63 32 3 20303 1024 0.157728939
0 34 3 20304 1024 0.176506258
1 35 3 20305 1024 0.167142700
2 36 3 20306 1024 0.136319898
3 37 3 20307 1024 0.131703783
4 38 3 20308 1024 0.151570993
5 39 3 20309 1024 0.164502328
6 40 3 20310 1024 0.179496674
7 41 3 20311 1024 0.136618888
8 42 3 20312 1024 0.173343999
9 43 3 20313 1024 0.175931150
10 44 3 20314 1024 0.175213020
11 45 3 20315 1024 0.147718389
12 46 3 20316 1024 0.150115875
13 47 3 20317 1024 0.157847039
14 48 3 20318 1024 0.165599176
15 49 3 20319 1024 0.135951482
16 50 3 20320 1024 0.174871316
17 51 3 20321 1024 0.174917695
18 52 3 20322 1024 0.159573900
19 53 3 20323 1024 0.160831480
20 54 3 20324 1024 0.179706705
21 55 3 20325 1024 0.132261885
22 56 3 20326 1024 0.166937421
23 57 3 20327 1024 0.147747882
24 58 3 20328 1024 0.152444767
25 59 3 20329 1024 0.150443736
26 60 3 20330 1024 0.152487686
27 61 3 20331 1024 0.171740234
28 62 3 20332 1024 0.144464557
29 63 3 20333 1024 0.153855302
30 0 3 20334 1024 0.136730277
31 1 3 20335 1024 0.139172539
32 2 3 20336 1024 0.168297786
33 3 3 20337 1024 0.175817092
34 4 3 20338 1024 0.176831072
35 5 3 20339 1024 0.134189475
36 6 3 20340 1024 0.174779959
37 7 3 20341 1024 0.159677664
38 8 3 20342 1024 0.148493695
39 9 3 20343 1024 0.162470238
40 10 3 20344 1024 0.148968729
41 11 3 20345 1024 0.151929352
42 12 3 20346 1024 0.155433360
43 13 3 20347 1024 0.159404044
44 14 3 20348 1024 0.177238405
45 15 3 20349 1024 0.134844930
46 16 3 20350 1024 0.144867427
47 17 3 20351 1024 0.147055861
48 18 3 20352 1024 0.158206567
49 19 3 20353 1024 0.174865081
50 20 3 20354 1024 0.158991410
51 21 3 20355 1024 0.172203271
52 22 3 20356 1024 0.151334477
53 23 3 20357 1024 0.146140004
54 24 3 20358 1024 0.145928915
55 25 3 20359 1024 0.138920791
56 26 3 20360 1024 0.137159828
57 27 3 20361 1024 0.170699359
58 28 3 20362 1024 0.166731287
59 29 3 20363 1024 0.179460269
60 30 3 20364 1024 0.140534034
61 31 3 20365 1024 0.155956749
62 32 3 20366 1024 0.158756891
63 33 3 20367 1024 0.160773875
0 35 3 20368 1024 0.134973327
1 36 3 20369 1024 0.144239548
2 37 3 20370 1024 0.135927554
3 38 3 20371 1024 0.143692425
4 39 3 20372 1024 0.151945837
5 40 3 20373 1024 0.174267458
6 41 3 20374 1024 0.144423941
7 42 3 20375 1024 0.175884653
8 43 3 20376 1024 0.179440279
9 44 3 20377 1024 0.167673440
10 45 3 20378 1024 0.176225793
11 46 3 20379 1024 0.163321681
12 47 3 20380 1024 0.137050156
13 48 3 20381 1024 0.140342156
14 49 3 20382 1024 0.171939500
15 50 3 20383 1024 0.167743237
16 51 3 20384 1024 0.131367506
17 52 3 20385 1024 0.175127065
18 53 3 20386 1024 0.177992835
19 54 3 20387 1024 0.156991487
20 55 3 20388 1024 0.169949600
21 56 3 20389 1024 0.130333255
22 57 3 20390 1024 0.171625225
23 58 3 20391 1024 0.131288865
24 59 3 20392 1024 0.140157047
25 60 3 20393 1024 0.177090298
26 61 3 20394 1024 0.158558258
27 62 3 20395 1024 0.166604471
28 63 3 20396 1024 0.156044695
29 0 3 20397 1024 0.171551891
30 1 3 20398 1024 0.144747079
31 2 3 20399 1024 0.135480744
32 3 3 20400 1024 0.165316110
33 4 3 20401 1024 0.172237206
34 5 3 20402 1024 0.152220253
35 6 3 20403 1024 0.151613297
36 7 3 20404 1024 0.143152827
37 8 3 20405 1024 0.173225138
38 9 3 20406 1024 0.179653863
39 10 3 20407 1024 0.166581687
40 11 3 20408 1024 0.135823132
41 12 3 20409 1024 0.147686058
42 13 3 20410 1024 0.133953354
43 14 3 20411 1024 0.169666013
44 15 3 20412 1024 0.166368080
45 16 3 20413 1024 0.146355786
46 17 3 20414 1024 0.155353009
47 18 3 20415 1024 0.143805401
48 19 3 20416 1024 0.161531197
49 20 3 20417 1024 0.155642206
50 21 3 20418 1024 0.168852279
51 22 3 20419 1024 0.165340490
52 23 3 20420 1024 0.145740496
53 24 3 20421 1024 0.176236499
54 25 3 20422 1024 0.151668881
55 26 3 20423 1024 0.176618400
56 27 3 20424 1024 0.169709870
57 28 3 20425 1024 0.145876360
58 29 3 20426 1024 0.172071552
59 30 3 20427 1024 0.163056521
60 31 3 20428 1024 0.173878677
61 32 3 20429 1024 0.131781809
62 33 3 20430 1024 0.161724858
63 34 3 20431 1024 0.130398529
0 36 3 20432 1024 0.136843734
1 37 3 20433 1024 0.148810453
2 38 3 20434 1024 0.177158118
3 39 3 20435 1024 0.163667382
4 40 3 20436 1024 0.143264302
5 41 3 20437 1024 0.137571655
6 42 3 20438 1024 0.170693443
7 43 3 20439 1024 0.166678034
8 44 3 20440 1024 0.144129984
9 45 3 20441 1024 0.139928648
10 46 3 20442 1024 0.173793197
11 47 3 20443 1024 0.177541638
12 48 3 20444 1024 0.172857840
13 49 3 20445 1024 0.167472299
14 50 3 20446 1024 0.130159886
15 51 3 20447 1024 0.133363063
16 52 3 20448 1024 0.157886858
17 53 3 20449 1024 0.140427349
18 54 3 20450 1024 0.138905751
19 55 3 20451 1024 0.150907967
20 56 3 20452 1024 0.143153691
21 57 3 20453 1024 0.149014511
22 58 3 20454 1024 0.159194948
23 59 3 20455 1024 0.161885731
24 60 3 20456 1024 0.154211653
25 61 3 20457 1024 0.162847048
26 62 3 20458 1024 0.139003217
27 63 3 20459 1024 0.145005029
28 0 3 20460 1024 0.141594667
29 1 3 20461 1024 0.144605796
30 2 3 20462 1024 0.154252998
31 3 3 20463 1024 0.169837309
32 4 3 20464 1024 0.149610503
33 5 3 20465 1024 0.147856394
34 6 3 20466 1024 0.154047953
35 7 3 20467 1024 0.134826662
36 8 3 20468 1024 0.135618371
37 9 3 20469 1024 0.174044759
38 10 3 20470 1024 0.167748055
39 11 3 20471 1024 0.144363568
40 12 3 20472 1024 0.178468107
41 13 3 20473 1024 0.146269852
42 14 3 20474 1024 0.163120909
43 15 3 20475 1024 0.135790959
44 16 3 20476 1024 0.153236797
45 17 3 20477 1024 0.145945298
46 18 3 20478 1024 0.135676815
47 19 3 20479 1024 0.164848429
48 20 3 20480 1024 0.165240940
49 21 3 20481 1024 0.168684089
50 22 3 20482 1024 0.154186937
51 23 3 20483 1024 0.170236065
52 24 3 20484 1024 0.154458719
53 25 3 20485 1024 0.150600146
54 26 3 20486 1024 0.141743002
55 27 3 20487 1024 0.144546512
56 28 3 20488 1024 0.155374370
57 29 3 20489 1024 0.174490531
58 30 3 20490 1024 0.169141395
59 31 3 20491 1024 0.133040163
60 32 3 20492 1024 0.168589933
61 33 3 20493 1024 0.143080263
62 34 3 20494 1024 0.145880918
63 35 3 20495 1024 0.149568920
0 37 3 20496 1024 0.152097577
1 38 3 20497 1024 0.149933976
2 39 3 20498 1024 0.175618437
3 40 3 20499 1024 0.143415862
4 41 3 20500 1024 0.166409342
5 42 3 20501 1024 0.146992078
6 43 3 20502 1024 0.170926229
7 44 3 20503 1024 0.145425532
8 45 3 20504 1024 0.150490577
9 46 3 20505 1024 0.158625285
10 47 3 20506 1024 0.138326757
11 48 3 20507 1024 0.140310041
12 49 3 20508 1024 0.161264325
13 50 3 20509 1024 0.177393890
14 51 3 20510 1024 0.160665199
15 52 3 20511 1024 0.146484209
16 53 3 20512 1024 0.160248060
17 54 3 20513 1024 0.130995996
18 55 3 20514 1024 0.166111436
19 56 3 20515 1024 0.170120644
20 57 3 20516 1024 0.134512636
21 58 3 20517 1024 0.165236526
22 59 3 20518 1024 0.175611428
23 60 3 20519 1024 0.168342103
24 61 3 20520 1024 0.157644710
25 62 3 20521 1024 0.162746579
26 63 3 20522 1024 0.155932450
27 0 3 20523 1024 0.148104888
28 1 3 20524 1024 0.139921991
29 2 3 20525 1024 0.137849646
30 3 3 20526 1024 0.156784941
31 4 3 20527 1024 0.172986142
32 5 3 20528 1024 0.141466723
33 6 3 20529 1024 0.170064270
34 7 3 20530 1024 0.175532689
35 8 3 20531 1024 0.146575106
36 9 3 20532 1024 0.140780755
37 10 3 20533 1024 0.166666717
38 11 3 20534 1024 0.177000690
39 12 3 20535 1024 0.131803749
40 13 3 20536 1024 0.131001419
41 14 3 20537 1024 0.177017760
42 15 3 20538 1024 0.135126037
43 16 3 20539 1024 0.149896870
44 17 3 20540 1024 0.154244997
45 18 3 20541 1024 0.137847275
46 19 3 20542 1024 0.145073322
47 20 3 20543 1024 0.141500262
48 21 3 20544 1024 0.168620582
49 22 3 20545 1024 0.142365437
50 23 3 20546 1024 0.143622912
51 24 3 20547 1024 0.136182142
52 25 3 20548 1024 0.169202681
53 26 3 20549 1024 0.162763798
54 27 3 20550 1024 0.136559659
55 28 3 20551 1024 0.167026287
56 29 3 20552 1024 0.143499933
57 30 3 20553 1024 0.134245831
58 31 3 20554 1024 0.133694512
59 32 3 20555 1024 0.166105643
60 33 3 20556 1024 0.168119300
61 34 3 20557 1024 0.150769001
62 35 3 20558 1024 0.130737089
63 36 3 20559 1024 0.171512576
0 38 3 20560 1024 0.160243593
1 39 3 20561 1024 0.137592378
2 40 3 20562 1024 0.166793670
3 41 3 20563 1024 0.169631000
4 42 3 20564 1024 0.139714204
5 43 3 20565 1024 0.160284579
6 44 3 20566 1024 0.145609485
7 45 3 20567 1024 0.146186337
8 46 3 20568 1024 0.155617782
9 47 3 20569 1024 0.131171598
10 48 3 20570 1024 0.143702487
11 49 3 20571 1024 0.140133335
12 50 3 20572 1024 0.143213498
13 51 3 20573 1024 0.162802535
14 52 3 20574 1024 0.153570018
15 53 3 20575 1024 0.144561933
16 54 3 20576 1024 0.134653120
17 55 3 20577 1024 0.178344316
18 56 3 20578 1024 0.158049813
19 57 3 20579 1024 0.154167476
20 58 3 20580 1024 0.175383288
21 59 3 20581 1024 0.156660195
22 60 3 20582 1024 0.142230702
23 61 3 20583 1024 0.130860627
24 62 3 20584 1024 0.154851745
25 63 3 20585 1024 0.149682259
26 0 3 20586 1024 0.148636883
27 1 3 20587 1024 0.157329071
28 2 3 20588 1024 0.135415215
29 3 3 20589 1024 0.141203043
30 4 3 20590 1024 0.178759530
31 5 3 20591 1024 0.149867431
32 6 3 20592 1024 0.141605777
33 7 3 20593 1024 0.148491081
34 8 3 20594 1024 0.158157663
35 9 3 20595 1024 0.162140928
36 10 3 20596 1024 0.146621774
37 11 3 20597 1024 0.170484039
38 12 3 20598 1024 0.178790871
39 13 3 20599 1024 0.134769452
40 14 3 20600 1024 0.138462786
41 15 3 20601 1024 0.173241386
42 16 3 20602 1024 0.154490573
43 17 3 20603 1024 0.142498453
44 18 3 20604 1024 0.137066528
45 19 3 20605 1024 0.160824424
46 20 3 20606 1024 0.153675733
47 21 3 20607 1024 0.166151621
48 22 3 20608 1024 0.158331960
49 23 3 20609 1024 0.141621488
50 24 3 20610 1024 0.168370424
51 25 3 20611 1024 0.142601192
52 26 3 20612 1024 0.145572748
53 27 3 20613 1024 0.146893424
54 28 3 20614 1024 0.137530599
55 29 3 20615 1024 0.146072149
56 30 3 20616 1024 0.158265618
57 31 3 20617 1024 0.150326714
58 32 3 20618 1024 0.130278588
59 33 3 20619 1024 0.164519867
60 34 3 20620 1024 0.167751897
61 35 3 20621 1024 0.169734790
62 36 3 20622 1024 0.157279437
63 37 3 20623 1024 0.145650809
0 39 3 20624 1024 0.162600431
1 40 3 20625 1024 0.146091898
2 41 3 20626 1024 0.165443409
3 42 3 20627 1024 0.155721556
4 43 3 20628 1024 0.172932646
5 44 3 20629 1024 0.179637768
6 45 3 20630 1024 0.134071715
7 46 3 20631 1024 0.135252194
8 47 3 20632 1024 0.164962778
9 48 3 20633 1024 0.148784303
10 49 3 20634 1024 0.167844335
11 50 3 20635 1024 0.138104656
12 51 3 20636 1024 0.167407438
13 52 3 20637 1024 0.138309849
14 53 3 20638 1024 0.151880063
15 54 3 20639 1024 0.178595814
16 55 3 20640 1024 0.131953097
17 56 3 20641 1024 0.151209111
18 57 3 20642 1024 0.138536104
19 58 3 20643 1024 0.170157682
20 59 3 20644 1024 0.154359669
21 60 3 20645 1024 0.167449672
22 61 3 20646 1024 0.157354252
23 62 3 20647 1024 0.149970283
24 63 3 20648 1024 0.144837551
25 0 3 20649 1024 0.151773970
26 1 3 20650 1024 0.144711183
27 2 3 20651 1024 0.176098511
28 3 3 20652 1024 0.163834158
29 4 3 20653 1024 0.156124005
30 5 3 20654 1024 0.160755024
31 6 3 20655 1024 0.148581591
32 7 3 20656 1024 0.162511036
33 8 3 20657 1024 0.137075880
34 9 3 20658 1024 0.156162562
35 10 3 20659 1024 0.140223092
36 11 3 20660 1024 0.160699991
37 12 3 20661 1024 0.165723740
38 13 3 20662 1024 0.155968989
39 14 3 20663 1024 0.142561968
40 15 3 20664 1024 0.153144008
41 16 3 20665 1024 0.176810125
42 17 3 20666 1024 0.176353980
43 18 3 20667 1024 0.166006513
44 19 3 20668 1024 0.172619809
45 20 3 20669 1024 0.136766962
46 21 3 20670 1024 0.156218923
47 22 3 20671 1024 0.171470401
48 23 3 20672 1024 0.130491059
49 24 3 20673 1024 0.150815147
50 25 3 20674 1024 0.137517454
51 26 3 20675 1024 0.133352401
52 27 3 20676 1024 0.178848807
53 28 3 20677 1024 0.145592025
54 29 3 20678 1024 0.139383721
55 30 3 20679 1024 0.164702259
56 31 3 20680 1024 0.156886575
57 32 3 20681 1024 0.146551757
58 33 3 20682 1024 0.133055389
59 34 3 20683 1024 0.153434705
60 35 3 20684 1024 0.137822651
61 36 3 20685 1024 0.147522640
62 37 3 20686 1024 0.157957804
63 38 3 20687 1024 0.141301476
0 40 3 20688 1024 0.161441088
1 41 3 20689 1024 0.176393975
2 42 3 20690 1024 0.143729031
3 43 3 20691 1024 0.171037722
4 44 3 20692 1024 0.173404658
5 45 3 20693 1024 0.159223419
6 46 3 20694 1024 0.145287516
7 47 3 20695 1024 0.161225047
8 48 3 20696 1024 0.150163418
9 49 3 20697 1024 0.142737469
10 50 3 20698 1024 0.157050850
11 51 3 20699 1024 0.162968379
12 52 3 20700 1024 0.133873806
13 53 3 20701 1024 0.137621090
14 54 3 20702 1024 0.166532904
15 55 3 20703 1024 0.143999277
16 56 3 20704 1024 0.143146881
17 57 3 20705 1024 0.135116106
18 58 3 20706 1024 0.169844224
19 59 3 20707 1024 0.159365853
20 60 3 20708 1024 0.168302717
21 61 3 20709 1024 0.146508009
22 62 3 20710 1024 0.168598934
23 63 3 20711 1024 0.159608499
24 0 3 20712 1024 0.143861875
25 1 3 20713 1024 0.170364979
26 2 3 20714 1024 0.173566829
27 3 3 20715 1024 0.163424846
28 4 3 20716 1024 0.153670342
29 5 3 20717 1024 0.138404969
30 6 3 20718 1024 0.169168246
31 7 3 20719 1024 0.179454361
32 8 3 20720 1024 0.134566913
33 9 3 20721 1024 0.170167691
34 10 3 20722 1024 0.137324583
35 11 3 20723 1024 0.138240919
36 12 3 20724 1024 0.173730704
37 13 3 20725 1024 0.146166894
38 14 3 20726 1024 0.174797667
39 15 3 20727 1024 0.132609459
40 16 3 20728 1024 0.155585263
41 17 3 20729 1024 0.151984451
42 18 3 20730 1024 0.163242111
43 19 3 20731 1024 0.146354468
44 20 3 20732 1024 0.155018755
45 21 3 20733 1024 0.135864825
46 22 3 20734 1024 0.158007257
47 23 3 20735 1024 0.148865478
48 24 3 20736 1024 0.149276493
49 25 3 20737 1024 0.153723900
50 26 3 20738 1024 0.145588092
51 27 3 20739 1024 0.156099285
52 28 3 20740 1024 0.156534275
53 29 3 20741 1024 0.174164280
54 30 3 20742 1024 0.172109561
55 31 3 20743 1024 0.177768006
56 32 3 20744 1024 0.177274497
57 33 3 20745 1024 0.171680247
58 34 3 20746 1024 0.165567384
59 35 3 20747 1024 0.171993805
60 36 3 20748 1024 0.158024293
61 37 3 20749 1024 0.154504675
62 38 3 20750 1024 0.169448253
63 39 3 20751 1024 0.164268379
0 41 3 20752 1024 0.157895254
1 42 3 20753 1024 0.151770669
2 43 3 20754 1024 0.147409024
3 44 3 20755 1024 0.131264778
4 45 3 20756 1024 0.148284359
5 46 3 20757 1024 0.153303794
6 47 3 20758 1024 0.163501955
7 48 3 20759 1024 0.166424575
8 49 3 20760 1024 0.140688998
9 50 3 20761 1024 0.157989701
10 51 3 20762 1024 0.179895006
11 52 3 20763 1024 0.176970357
12 53 3 20764 1024 0.149122871
13 54 3 20765 1024 0.138950280
14 55 3 20766 1024 0.167381425
15 56 3 20767 1024 0.130533621
16 57 3 20768 1024 0.152104028
17 58 3 20769 1024 0.156300130
18 59 3 20770 1024 0.130280727
19 60 3 20771 1024 0.145519535
20 61 3 20772 1024 0.134705424
21 62 3 20773 1024 0.148443371
22 63 3 20774 1024 0.142688016
23 0 3 20775 1024 0.176078198
24 1 3 20776 1024 0.160338721
25 2 3 20777 1024 0.131676410
26 3 3 20778 1024 0.143747571
27 4 3 20779 1024 0.153936743
28 5 3 20780 1024 0.132195869
29 6 3 20781 1024 0.164774954
30 7 3 20782 1024 0.142651898
31 8 3 20783 1024 0.161263521
32 9 3 20784 1024 0.178557035
33 10 3 20785 1024 0.171166285
34 11 3 20786 1024 0.173159266
35 12 3 20787 1024 0.176378742
36 13 3 20788 1024 0.179861579
37 14 3 20789 1024 0.161612004
38 15 3 20790 1024 0.154515024
39 16 3 20791 1024 0.153672421
40 17 3 20792 1024 0.173746842
41 18 3 20793 1024 0.167529317
42 19 3 20794 1024 0.170371534
43 20 3 20795 1024 0.131909680
44 21 3 20796 1024 0.131441849
45 22 3 20797 1024 0.174713257
46 23 3 20798 1024 0.137659588
47 24 3 20799 1024 0.166809808
48 25 3 20800 1024 0.173545661
49 26 3 20801 1024 0.136582410
50 27 3 20802 1024 0.150978629
51 28 3 20803 1024 0.172290157
52 29 3 20804 1024 0.132802400
53 30 3 20805 1024 0.161873908
54 31 3 20806 1024 0.133116274
55 32 3 20807 1024 0.134873773
56 33 3 20808 1024 0.157204174
57 34 3 20809 1024 0.179170171
58 35 3 20810 1024 0.139709119
59 36 3 20811 1024 0.160700190
60 37 3 20812 1024 0.130833723
61 38 3 20813 1024 0.171863676
62 39 3 20814 1024 0.172411501
63 40 3 20815 1024 0.145824014
0 42 3 20816 1024 0.165465448
1 43 3 20817 1024 0.175286237
2 44 3 20818 1024 0.159342374
3 45 3 20819 1024 0.177215049
4 46 3 20820 1024 0.155817022
5 47 3 20821 1024 0.177027258
6 48 3 20822 1024 0.150158654
7 49 3 20823 1024 0.171885834
8 50 3 20824 1024 0.163482059
9 51 3 20825 1024 0.133247745
10 52 3 20826 1024 0.171252377
11 53 3 20827 1024 0.155076285
12 54 3 20828 1024 0.166447853
13 55 3 20829 1024 0.134198435
14 56 3 20830 1024 0.152169944
15 57 3 20831 1024 0.143776273
16 58 3 20832 1024 0.139934170
17 59 3 20833 1024 0.155273292
18 60 3 20834 1024 0.138648411
19 61 3 20835 1024 0.167341421
20 62 3 20836 1024 0.171892985
21 63 3 20837 1024 0.130161219
22 0 3 20838 1024 0.143688157
23 1 3 20839 1024 0.147534239
24 2 3 20840 1024 0.147072625
25 3 3 20841 1024 0.158408663
26 4 3 20842 1024 0.164814609
27 5 3 20843 1024 0.158309464
28 6 3 20844 1024 0.153150269
29 7 3 20845 1024 0.135813085
30 8 3 20846 1024 0.134528086
31 9 3 20847 1024 0.166477519
32 10 3 20848 1024 0.139282944
33 11 3 20849 1024 0.159557427
34 12 3 20850 1024 0.178288280
35 13 3 20851 1024 0.168336128
36 14 3 20852 1024 0.169436834
37 15 3 20853 1024 0.140876293
38 16 3 20854 1024 0.148726478
39 17 3 20855 1024 0.134063747
40 18 3 20856 1024 0.166213838
41 19 3 20857 1024 0.142336606
42 20 3 20858 1024 0.171865416
43 21 3 20859 1024 0.162115870
44 22 3 20860 1024 0.175073960
45 23 3 20861 1024 0.139554303
46 24 3 20862 1024 0.167791627
47 25 3 20863 1024 0.136636741
48 26 3 20864 1024 0.132666765
49 27 3 20865 1024 0.165295698
50 28 3 20866 1024 0.138900202
51 29 3 20867 1024 0.137021304
52 30 3 20868 1024 0.145777049
53 31 3 20869 1024 0.141298019
54 32 3 20870 1024 0.139412265
55 33 3 20871 1024 0.174178429
56 34 3 20872 1024 0.138855604
57 35 3 20873 1024 0.144746617
58 36 3 20874 1024 0.164877908
59 37 3 20875 1024 0.143227257
60 38 3 20876 1024 0.154494283
61 39 3 20877 1024 0.158934808
62 40 3 20878 1024 0.147442960
63 41 3 20879 1024 0.162091296
0 43 3 20880 1024 0.152483657
1 44 3 20881 1024 0.161551320
2 45 3 20882 1024 0.171586522
3 46 3 20883 1024 0.131836555
4 47 3 20884 1024 0.171736210
5 48 3 20885 1024 0.149284035
6 49 3 20886 1024 0.156897439
7 50 3 20887 1024 0.140533140
8 51 3 20888 1024 0.165109373
9 52 3 20889 1024 0.147346077
10 53 3 20890 1024 0.170545416
11 54 3 20891 1024 0.169813570
12 55 3 20892 1024 0.140372348
13 56 3 20893 1024 0.164982691
14 57 3 20894 1024 0.155188263
15 58 3 20895 1024 0.171492884
16 59 3 20896 1024 0.169714751
17 60 3 20897 1024 0.134537875
18 61 3 20898 1024 0.168670450
19 62 3 20899 1024 0.142910692
20 63 3 20900 1024 0.153384410
21 0 3 20901 1024 0.131572403
22 1 3 20902 1024 0.135764909
23 2 3 20903 1024 0.162916609
24 3 3 20904 1024 0.139321276
25 4 3 20905 1024 0.136990764
26 5 3 20906 1024 0.159341038
27 6 3 20907 1024 0.148614137
28 7 3 20908 1024 0.148895508
29 8 3 20909 1024 0.159419539
30 9 3 20910 1024 0.131692489
31 10 3 20911 1024 0.165064414
32 11 3 20912 1024 0.161473604
33 12 3 20913 1024 0.173466455
34 13 3 20914 1024 0.130394915
35 14 3 20915 1024 0.151070388
36 15 3 20916 1024 0.146735624
37 16 3 20917 1024 0.162394066
38 17 3 20918 1024 0.135010384
39 18 3 20919 1024 0.175657441
40 19 3 20920 1024 0.145313781
41 20 3 20921 1024 0.153342062
42 21 3 20922 1024 0.139308036
43 22 3 20923 1024 0.131087498
44 23 3 20924 1024 0.170461067
45 24 3 20925 1024 0.152822284
46 25 3 20926 1024 0.158798260
47 26 3 20927 1024 0.151748424
48 27 3 20928 1024 0.149966674
49 28 3 20929 1024 0.171704821
50 29 3 20930 1024 0.142628738
51 30 3 20931 1024 0.148660739
52 31 3 20932 1024 0.146893913
53 32 3 20933 1024 0.163927792
54 33 3 20934 1024 0.145008665
55 34 3 20935 1024 0.178538284
56 35 3 20936 1024 0.173871636
57 36 3 20937 1024 0.168158650
58 37 3 20938 1024 0.175043276
59 38 3 20939 1024 0.155348038
60 39 3 20940 1024 0.151049299
61 40 3 20941 1024 0.168703622
62 41 3 20942 1024 0.177699097
63 42 3 20943 1024 0.150037506
0 44 3 20944 1024 0.131427759
1 45 3 20945 1024 0.155610218
2 46 3 20946 1024 0.176117680
3 47 3 20947 1024 0.174329762
4 48 3 20948 1024 0.178261781
5 49 3 20949 1024 0.177142317
6 50 3 20950 1024 0.139923107
7 51 3 20951 1024 0.178621388
8 52 3 20952 1024 0.167592505
9 53 3 20953 1024 0.136494541
10 54 3 20954 1024 0.146657356
11 55 3 20955 1024 0.177995665
12 56 3 20956 1024 0.178516256
13 57 3 20957 1024 0.145463677
14 58 3 20958 1024 0.168291156
15 59 3 20959 1024 0.170074481
16 60 3 20960 1024 0.152935676
17 61 3 20961 1024 0.138267104
18 62 3 20962 1024 0.130042160
19 63 3 20963 1024 0.137374550
20 0 3 20964 1024 0.174147737
21 1 3 20965 1024 0.145064117
22 2 3 20966 1024 0.134018764
23 3 3 20967 1024 0.141809179
24 4 3 20968 1024 0.140166099
25 5 3 20969 1024 0.134508345
26 6 3 20970 1024 0.142236626
27 7 3 20971 1024 0.164235679
28 8 3 20972 1024 0.172283420
29 9 3 20973 1024 0.148712891
30 10 3 20974 1024 0.153867204
31 11 3 20975 1024 0.147235593
32 12 3 20976 1024 0.153540035
33 13 3 20977 1024 0.164339322
34 14 3 20978 1024 0.164938987
35 15 3 20979 1024 0.175641652
36 16 3 20980 1024 0.163421843
37 17 3 20981 1024 0.171567350
38 18 3 20982 1024 0.165311205
39 19 3 20983 1024 0.168152809
40 20 3 20984 1024 0.134791243
41 21 3 20985 1024 0.136425120
42 22 3 20986 1024 0.168152215
43 23 3 20987 1024 0.136676313
44 24 3 20988 1024 0.168663022
45 25 3 20989 1024 0.174901065
46 26 3 20990 1024 0.170989554
47 27 3 20991 1024 0.166518605
48 28 3 20992 1024 0.151229622
49 29 3 20993 1024 0.149692518
50 30 3 20994 1024 0.133582840
51 31 3 20995 1024 0.154415466
52 32 3 20996 1024 0.167021456
53 33 3 20997 1024 0.159321448
54 34 3 20998 1024 0.141084702
55 35 3 20999 1024 0.160426117
56 36 3 21000 1024 0.168392196
57 37 3 21001 1024 0.148456628
58 38 3 21002 1024 0.146992548
59 39 3 21003 1024 0.171161907
60 40 3 21004 1024 0.160528326
61 41 3 21005 1024 0.167584223
62 42 3 21006 1024 0.175729300
63 43 3 21007 1024 0.162278863
0 45 3 21008 1024 0.136903995
1 46 3 21009 1024 0.139398527
2 47 3 21010 1024 0.140561617
3 48 3 21011 1024 0.151770031
4 49 3 21012 1024 0.146979333
5 50 3 21013 1024 0.162702247
6 51 3 21014 1024 0.151285566
7 52 3 21015 1024 0.144248206
8 53 3 21016 1024 0.149340776
9 54 3 21017 1024 0.171063751
10 55 3 21018 1024 0.131741333
11 56 3 21019 1024 0.177925637
12 57 3 21020 1024 0.151086844
13 58 3 21021 1024 0.138177144
14 59 3 21022 1024 0.164116989
15 60 3 21023 1024 0.171711625
16 61 3 21024 1024 0.153246135
17 62 3 21025 1024 0.134132024
18 63 3 21026 1024 0.164303281
19 0 3 21027 1024 0.135070255
20 1 3 21028 1024 0.173123324
21 2 3 21029 1024 0.170177513
22 3 3 21030 1024 0.130611224
23 4 3 21031 1024 0.145951289
24 5 3 21032 1024 0.158734110
25 6 3 21033 1024 0.149199514
26 7 3 21034 1024 0.152734603
27 8 3 21035 1024 0.154306969
28 9 3 21036 1024 0.177996053
29 10 3 21037 1024 0.150085170
30 11 3 21038 1024 0.168567983
31 12 3 21039 1024 0.145147726
32 13 3 21040 1024 0.142932452
33 14 3 21041 1024 0.161705859
34 15 3 21042 1024 0.160181802
35 16 3 21043 1024 0.170120920
36 17 3 21044 1024 0.152513497
37 18 3 21045 1024 0.148641266
38 19 3 21046 1024 0.153677364
39 20 3 21047 1024 0.146753175
40 21 3 21048 1024 0.156751208
41 22 3 21049 1024 0.148243089
42 23 3 21050 1024 0.169274736
43 24 3 21051 1024 0.179036725
44 25 3 21052 1024 0.156585581
45 26 3 21053 1024 0.149173591
46 27 3 21054 1024 0.163735945
47 28 3 21055 1024 0.137519361
48 29 3 21056 1024 0.146855784
49 30 3 21057 1024 0.176708854
50 31 3 21058 1024 0.159507651
51 32 3 21059 1024 0.139880652
52 33 3 21060 1024 0.170641755
53 34 3 21061 1024 0.166381438
54 35 3 21062 1024 0.152749468
55 36 3 21063 1024 0.132427180
56 37 3 21064 1024 0.144085698
57 38 3 21065 1024 0.136077572
58 39 3 21066 1024 0.154481071
59 40 3 21067 1024 0.148355206
60 41 3 21068 1024 0.174458297
61 42 3 21069 1024 0.164319382
62 43 3 21070 1024 0.142616340
63 44 3 21071 1024 0.146873087
0 46 3 21072 1024 0.144807223
1 47 3 21073 1024 0.170958467
2 48 3 21074 1024 0.157137425
3 49 3 21075 1024 0.138936409
4 50 3 21076 1024 0.147844268
5 51 3 21077 1024 0.130875950
6 52 3 21078 1024 0.146231628
7 53 3 21079 1024 0.161799135
8 54 3 21080 1024 0.159788945
9 55 3 21081 1024 0.147862224
10 56 3 21082 1024 0.131830618
11 57 3 21083 1024 0.166934015
12 58 3 21084 1024 0.142431336
13 59 3 21085 1024 0.134202343
14 60 3 21086 1024 0.134728629
15 61 3 21087 1024 0.166339370
16 62 3 21088 1024 0.161646001
17 63 3 21089 1024 0.151555027
18 0 3 21090 1024 0.143734812
19 1 3 21091 1024 0.178592639
20 2 3 21092 1024 0.164449598
21 3 3 21093 1024 0.142205035
22 4 3 21094 1024 0.171278570
23 5 3 21095 1024 0.171745895
24 6 3 21096 1024 0.166634389
25 7 3 21097 1024 0.156177937
26 8 3 21098 1024 0.152920978
27 9 3 21099 1024 0.133826807
28 10 3 21100 1024 0.148639766
29 11 3 21101 1024 0.137337522
30 12 3 21102 1024 0.178842167
31 13 3 21103 1024 0.161890724
32 14 3 21104 1024 0.174101844
33 15 3 21105 1024 0.149095650
34 16 3 21106 1024 0.179013324
35 17 3 21107 1024 0.133938243
36 18 3 21108 1024 0.176372028
37 19 3 21109 1024 0.167463350
38 20 3 21110 1024 0.151126495
39 21 3 21111 1024 0.131119174
40 22 3 21112 1024 0.177517944
41 23 3 21113 1024 0.142842900
42 24 3 21114 1024 0.162644772
43 25 3 21115 1024 0.174146268
44 26 3 21116 1024 0.171842666
45 27 3 21117 1024 0.151671764
46 28 3 21118 1024 0.135821272
47 29 3 21119 1024 0.139582182
48 30 3 21120 1024 0.143048787
49 31 3 21121 1024 0.145160071
50 32 3 21122 1024 0.155701979
51 33 3 21123 1024 0.172712182
52 34 3 21124 1024 0.142187620
53 35 3 21125 1024 0.169947705
54 36 3 21126 1024 0.148711819
55 37 3 21127 1024 0.153645920
56 38 3 21128 1024 0.168035952
57 39 3 21129 1024 0.151847282
58 40 3 21130 1024 0.167343490
59 41 3 21131 1024 0.168915449
60 42 3 21132 1024 0.143842691
61 43 3 21133 1024 0.163571982
62 44 3 21134 1024 0.160231128
63 45 3 21135 1024 0.175487320
0 47 3 21136 1024 0.163910412
1 48 3 21137 1024 0.143633970
2 49 3 21138 1024 0.150359140
3 50 3 21139 1024 0.130935947
4 51 3 21140 1024 0.150716242
5 52 3 21141 1024 0.136488347
6 53 3 21142 1024 0.143352664
7 54 3 21143 1024 0.159953973
8 55 3 21144 1024 0.178794881
9 56 3 21145 1024 0.145907970
10 57 3 21146 1024 0.141066184
11 58 3 21147 1024 0.130903646
12 59 3 21148 1024 0.146230442
13 60 3 21149 1024 0.133186123
14 61 3 21150 1024 0.144391566
15 62 3 21151 1024 0.165601680
16 63 3 21152 1024 0.171348749
17 0 3 21153 1024 0.159395708
18 1 3 21154 1024 0.161738633
19 2 3 21155 1024 0.146437601
20 3 3 21156 1024 0.149451976
21 4 3 21157 1024 0.176493635
22 5 3 21158 1024 0.130628361
23 6 3 21159 1024 0.147029799
24 7 3 21160 1024 0.147318316
25 8 3 21161 1024 0.152219153
26 9 3 21162 1024 0.153097378
27 10 3 21163 1024 0.167128558
28 11 3 21164 1024 0.140531870
29 12 3 21165 1024 0.164886268
30 13 3 21166 1024 0.163649298
31 14 3 21167 1024 0.142784630
32 15 3 21168 1024 0.131613325
33 16 3 21169 1024 0.172614584
34 17 3 21170 1024 0.178386180
35 18 3 21171 1024 0.161569203
36 19 3 21172 1024 0.158066287
37 20 3 21173 1024 0.147264960
38 21 3 21174 1024 0.140377560
39 22 3 21175 1024 0.179243430
40 23 3 21176 1024 0.148459573
41 24 3 21177 1024 0.144591152
42 25 3 21178 1024 0.145766904
43 26 3 21179 1024 0.163725069
44 27 3 21180 1024 0.131478228
45 28 3 21181 1024 0.161243135
46 29 3 21182 1024 0.138336715
47 30 3 21183 1024 0.147581319
48 31 3 21184 1024 0.151576540
49 32 3 21185 1024 0.179791292
50 33 3 21186 1024 0.131170417
51 34 3 21187 1024 0.178667853
52 35 3 21188 1024 0.157821974
53 36 3 21189 1024 0.154537844
54 37 3 21190 1024 0.141735928
55 38 3 21191 1024 0.176058814
56 39 3 21192 1024 0.136584869
57 40 3 21193 1024 0.160356087
58 41 3 21194 1024 0.172483410
59 42 3 21195 1024 0.134848991
60 43 3 21196 1024 0.140915269
61 44 3 21197 1024 0.179606545
62 45 3 21198 1024 0.158537251
63 46 3 21199 1024 0.138931122
0 48 3 21200 1024 0.137955876
1 49 3 21201 1024 0.168876234
2 50 3 21202 1024 0.166723036
3 51 3 21203 1024 0.150055825
4 52 3 21204 1024 0.150425809
5 53 3 21205 1024 0.167564046
6 54 3 21206 1024 0.150909000
7 55 3 21207 1024 0.159962427
8 56 3 21208 1024 0.145970175
9 57 3 21209 1024 0.148158734
10 58 3 21210 1024 0.135281939
11 59 3 21211 1024 0.174237893
12 60 3 21212 1024 0.178011970
13 61 3 21213 1024 0.168087657
14 62 3 21214 1024 0.145888755
15 63 3 21215 1024 0.156781352
16 0 3 21216 1024 0.149608668
17 1 3 21217 1024 0.172952829
18 2 3 21218 1024 0.154741661
19 3 3 21219 1024 0.153195697
20 4 3 21220 1024 0.171306922
21 5 3 21221 1024 0.152472796
22 6 3 21222 1024 0.176195528
23 7 3 21223 1024 0.138881331
24 8 3 21224 1024 0.144420391
25 9 3 21225 1024 0.156633285
26 10 3 21226 1024 0.146702742
27 11 3 21227 1024 0.153201074
28 12 3 21228 1024 0.138613533
29 13 3 21229 1024 0.175364044
30 14 3 21230 1024 0.149167671
31 15 3 21231 1024 0.162655212
32 16 3 21232 1024 0.178712370
33 17 3 21233 1024 0.150514690
34 18 3 21234 1024 0.161820844
35 19 3 21235 1024 0.160943798
36 20 3 21236 1024 0.136928602
37 21 3 21237 1024 0.160996015
38 22 3 21238 1024 0.179945494
39 23 3 21239 1024 0.159978409
40 24 3 21240 1024 0.166607400
41 25 3 21241 1024 0.177274451
42 26 3 21242 1024 0.146251016
43 27 3 21243 1024 0.142497038
44 28 3 21244 1024 0.158465307
45 29 3 21245 1024 0.153595677
46 30 3 21246 1024 0.134548322
47 31 3 21247 1024 0.148514796
48 32 3 21248 1024 0.167148269
49 33 3 21249 1024 0.174175624
50 34 3 21250 1024 0.162705802
51 35 3 21251 1024 0.157602868
52 36 3 21252 1024 0.173171914
53 37 3 21253 1024 0.172515451
54 38 3 21254 1024 0.138068964
55 39 3 21255 1024 0.148453216
56 40 3 21256 1024 0.173732510
57 41 3 21257 1024 0.138760550
58 42 3 21258 1024 0.176857044
59 43 3 21259 1024 0.176069284
60 44 3 21260 1024 0.146136210
61 45 3 21261 1024 0.144649096
62 46 3 21262 1024 0.174722283
63 47 3 21263 1024 0.140350364
0 49 3 21264 1024 0.153058979
1 50 3 21265 1024 0.142252349
2 51 3 21266 1024 0.160162449
3 52 3 21267 1024 0.179485666
4 53 3 21268 1024 0.169837678
5 54 3 21269 1024 0.178640264
6 55 3 21270 1024 0.155010747
7 56 3 21271 1024 0.135557865
8 57 3 21272 1024 0.160200340
9 58 3 21273 1024 0.146562962
10 59 3 21274 1024 0.176007791
11 60 3 21275 1024 0.137963329
12 61 3 21276 1024 0.153110612
13 62 3 21277 1024 0.178123701
14 63 3 21278 1024 0.130344166
15 0 3 21279 1024 0.131616128
16 1 3 21280 1024 0.163843619
17 2 3 21281 1024 0.173353136
18 3 3 21282 1024 0.179776728
19 4 3 21283 1024 0.173108449
20 5 3 21284 1024 0.133518281
21 6 3 21285 1024 0.150854481
22 7 3 21286 1024 0.143001462
23 8 3 21287 1024 0.165798829
24 9 3 21288 1024 0.136049099
25 10 3 21289 1024 0.168829826
26 11 3 21290 1024 0.162354467
27 12 3 21291 1024 0.156708541
28 13 3 21292 1024 0.131186006
29 14 3 21293 1024 0.154040378
30 15 3 21294 1024 0.166301588
31 16 3 21295 1024 0.144648154
32 17 3 21296 1024 0.149919837
33 18 3 21297 1024 0.171115788
34 19 3 21298 1024 0.168438076
35 20 3 21299 1024 0.148168663
36 21 3 21300 1024 0.165831231
37 22 3 21301 1024 0.155577985
38 23 3 21302 1024 0.162481490
39 24 3 21303 1024 0.151429427
40 25 3 21304 1024 0.136202842
41 26 3 21305 1024 0.137299187
42 27 3 21306 1024 0.143124955
43 28 3 21307 1024 0.171261430
44 29 3 21308 1024 0.167678893
45 30 3 21309 1024 0.135589187
46 31 3 21310 1024 0.138447673
47 32 3 21311 1024 0.150644653
48 33 3 21312 1024 0.146991731
49 34 3 21313 1024 0.175648730
50 35 3 21314 1024 0.169777655
51 36 3 21315 1024 0.140504249
52 37 3 21316 1024 0.134856285
53 38 3 21317 1024 0.162101779
54 39 3 21318 1024 0.133703478
55 40 3 21319 1024 0.174959766
56 41 3 21320 1024 0.154578847
57 42 3 21321 1024 0.142236422
58 43 3 21322 1024 0.142999978
59 44 3 21323 1024 0.144764603
60 45 3 21324 1024 0.152233603
61 46 3 21325 1024 0.169368697
62 47 3 21326 1024 0.164978084
63 48 3 21327 1024 0.158411559
0 50 3 21328 1024 0.159721406
1 51 3 21329 1024 0.168066137
2 52 3 21330 1024 0.137401199
3 53 3 21331 1024 0.144421522
4 54 3 21332 1024 0.141051077
5 55 3 21333 1024 0.148542556
6 56 3 21334 1024 0.148136212
7 57 3 21335 1024 0.144560915
8 58 3 21336 1024 0.177239596
9 59 3 21337 1024 0.137915122
10 60 3 21338 1024 0.161694729
11 61 3 21339 1024 0.153764242
12 62 3 21340 1024 0.151993118
13 63 3 21341 1024 0.144743981
14 0 3 21342 1024 0.167186658
15 1 3 21343 1024 0.164754126
16 2 3 21344 1024 0.137326307
17 3 3 21345 1024 0.144616644
18 4 3 21346 1024 0.149211334
19 5 3 21347 1024 0.161838117
20 6 3 21348 1024 0.131400235
21 7 3 21349 1024 0.140583102
22 8 3 21350 1024 0.145147828
23 9 3 21351 1024 0.159211739
24 10 3 21352 1024 0.142971059
25 11 3 21353 1024 0.166056968
26 12 3 21354 1024 0.167272862
27 13 3 21355 1024 0.179805876
28 14 3 21356 1024 0.150292232
29 15 3 21357 1024 0.160923000
30 16 3 21358 1024 0.138520506
31 17 3 21359 1024 0.147210677
32 18 3 21360 1024 0.137793843
33 19 3 21361 1024 0.172630524
34 20 3 21362 1024 0.145714812
35 21 3 21363 1024 0.148718129
36 22 3 21364 1024 0.173270434
37 23 3 21365 1024 0.154262289
38 24 3 21366 1024 0.138456044
39 25 3 21367 1024 0.156261844
40 26 3 21368 1024 0.138769368
41 27 3 21369 1024 0.174856680
42 28 3 21370 1024 0.130711630
43 29 3 21371 1024 0.177347413
44 30 3 21372 1024 0.147118350
45 31 3 21373 1024 0.145465414
46 32 3 21374 1024 0.141215499
47 33 3 21375 1024 0.143915777
48 34 3 21376 1024 0.168900718
49 35 3 21377 1024 0.169463712
50 36 3 21378 1024 0.162499833
51 37 3 21379 1024 0.147825073
52 38 3 21380 1024 0.152966086
53 39 3 21381 1024 0.175635125
54 40 3 21382 1024 0.175315101
55 41 3 21383 1024 0.171998857
56 42 3 21384 1024 0.172287297
57 43 3 21385 1024 0.169154372
58 44 3 21386 1024 0.156205917
59 45 3 21387 1024 0.141418566
60 46 3 21388 1024 0.140126499
61 47 3 21389 1024 0.163212204
62 48 3 21390 1024 0.149924561
63 49 3 21391 1024 0.134942001
0 51 3 21392 1024 0.146475754
1 52 3 21393 1024 0.133359886
2 53 3 21394 1024 0.157664224
3 54 3 21395 1024 0.156737694
4 55 3 21396 1024 0.167062894
5 56 3 21397 1024 0.173630781
6 57 3 21398 1024 0.178521861
7 58 3 21399 1024 0.132798740
8 59 3 21400 1024 0.158335108
9 60 3 21401 1024 0.142398597
10 61 3 21402 1024 0.142803604
11 62 3 21403 1024 0.166971789
12 63 3 21404 1024 0.164484952
13 0 3 21405 1024 0.162540361
14 1 3 21406 1024 0.142254353
15 2 3 21407 1024 0.164481873
16 3 3 21408 1024 0.152803303
17 4 3 21409 1024 0.132011640
18 5 3 21410 1024 0.160456885
19 6 3 21411 1024 0.157598783
20 7 3 21412 1024 0.134567960
21 8 3 21413 1024 0.139500708
22 9 3 21414 1024 0.171534619
23 10 3 21415 1024 0.133183447
24 11 3 21416 1024 0.175156679
25 12 3 21417 1024 0.156127885
26 13 3 21418 1024 0.133043256
27 14 3 21419 1024 0.141379312
28 15 3 21420 1024 0.159283870
29 16 3 21421 1024 0.159063522
30 17 3 21422 1024 0.153213565
31 18 3 21423 1024 0.156846682
32 19 3 21424 1024 0.169070629
33 20 3 21425 1024 0.145942917
34 21 3 21426 1024 0.161695285
35 22 3 21427 1024 0.139821291
36 23 3 21428 1024 0.135820320
37 24 3 21429 1024 0.134169310
38 25 3 21430 1024 0.139869812
39 26 3 21431 1024 0.157118442
40 27 3 21432 1024 0.140749697
41 28 3 21433 1024 0.154361533
42 29 3 21434 1024 0.158466463
43 30 3 21435 1024 0.159085677
44 31 3 21436 1024 0.173056955
45 32 3 21437 1024 0.135576195
46 33 3 21438 1024 0.174325874
47 34 3 21439 1024 0.168869793
48 35 3 21440 1024 0.139739938
49 36 3 21441 1024 0.170288293
50 37 3 21442 1024 0.160720664
51 38 3 21443 1024 0.152812722
52 39 3 21444 1024 0.130024756
53 40 3 21445 1024 0.167728013
54 41 3 21446 1024 0.160067707
55 42 3 21447 1024 0.154630257
56 43 3 21448 1024 0.138826594
57 44 3 21449 1024 0.155364649
58 45 3 21450 1024 0.155710012
59 46 3 21451 1024 0.177571785
60 47 3 21452 1024 0.144981863
61 48 3 21453 1024 0.173363048
62 49 3 21454 1024 0.142451100
63 50 3 21455 1024 0.143764417
0 52 3 21456 1024 0.158063216
1 53 3 21457 1024 0.145440201
2 54 3 21458 1024 0.152002190
3 55 3 21459 1024 0.178861450
4 56 3 21460 1024 0.177284851
5 57 3 21461 1024 0.154379022
6 58 3 21462 1024 0.145960377
7 59 3 21463 1024 0.178717720
8 60 3 21464 1024 0.153525316
9 61 3 21465 1024 0.138156544
10 62 3 21466 1024 0.133277974
11 63 3 21467 1024 0.151600746
12 0 3 21468 1024 0.145232049
13 1 3 21469 1024 0.176264767
14 2 3 21470 1024 0.152159917
15 3 3 21471 1024 0.161894149
16 4 3 21472 1024 0.156929505
17 5 3 21473 1024 0.139132784
18 6 3 21474 1024 0.168939590
19 7 3 21475 1024 0.168142632
20 8 3 21476 1024 0.140660822
21 9 3 21477 1024 0.155088984
22 10 3 21478 1024 0.146000793
23 11 3 21479 1024 0.156519976
24 12 3 21480 1024 0.135145856
25 13 3 21481 1024 0.145003071
26 14 3 21482 1024 0.160476334
27 15 3 21483 1024 0.158550421
28 16 3 21484 1024 0.137729882
29 17 3 21485 1024 0.137819386
30 18 3 21486 1024 0.168319869
31 19 3 21487 1024 0.169290556
32 20 3 21488 1024 0.172617864
33 21 3 21489 1024 0.160506161
34 22 3 21490 1024 0.137856633
35 23 3 21491 1024 0.177835349
36 24 3 21492 1024 0.179057720
37 25 3 21493 1024 0.162674531
38 26 3 21494 1024 0.169437432
39 27 3 21495 1024 0.168987746
40 28 3 21496 1024 0.143469159
41 29 3 21497 1024 0.176642177
42 30 3 21498 1024 0.153599084
43 31 3 21499 1024 0.172811877
44 32 3 21500 1024 0.145180906
45 33 3 21501 1024 0.137249326
46 34 3 21502 1024 0.146686108
47 35 3 21503 1024 0.147696679
48 36 3 21504 1024 0.167260697
49 37 3 21505 1024 0.152485394
50 38 3 21506 1024 0.151264896
51 39 3 21507 1024 0.149677110
52 40 3 21508 1024 0.150856182
53 41 3 21509 1024 0.168111137
54 42 3 21510 1024 0.150204055
55 43 3 21511 1024 0.178433998
56 44 3 21512 1024 0.147680598
57 45 3 21513 1024 0.170268538
58 46 3 21514 1024 0.178749288
59 47 3 21515 1024 0.168352430
60 48 3 21516 1024 0.130973981
61 49 3 21517 1024 0.165216945
62 50 3 21518 1024 0.140430452
63 51 3 21519 1024 0.165833635
0 53 3 21520 1024 0.144739845
1 54 3 21521 1024 0.148673759
2 55 3 21522 1024 0.146092290
3 56 3 21523 1024 0.169545998
4 57 3 21524 1024 0.146284257
5 58 3 21525 1024 0.157998613
6 59 3 21526 1024 0.139972607
7 60 3 21527 1024 0.140748993
8 61 3 21528 1024 0.155147171
9 62 3 21529 1024 0.172820172
10 63 3 21530 1024 0.135341729
11 0 3 21531 1024 0.142156891
12 1 3 21532 1024 0.146274152
13 2 3 21533 1024 0.153984135
14 3 3 21534 1024 0.166063199
15 4 3 21535 1024 0.153493588
16 5 3 21536 1024 0.178556659
17 6 3 21537 1024 0.132299998
18 7 3 21538 1024 0.162970912
19 8 3 21539 1024 0.164390048
20 9 3 21540 1024 0.175444367
21 10 3 21541 1024 0.154352067
22 11 3 21542 1024 0.144007131
23 12 3 21543 1024 0.160335242
24 13 3 21544 1024 0.148750948
25 14 3 21545 1024 0.135071996
26 15 3 21546 1024 0.161981433
27 16 3 21547 1024 0.143802311
28 17 3 21548 1024 0.148472441
29 18 3 21549 1024 0.176180305
30 19 3 21550 1024 0.135551540
31 20 3 21551 1024 0.136714237
32 21 3 21552 1024 0.167491310
33 22 3 21553 1024 0.146227276
34 23 3 21554 1024 0.168762145
35 24 3 21555 1024 0.150688869
36 25 3 21556 1024 0.137588629
37 26 3 21557 1024 0.137520979
38 27 3 21558 1024 0.144942781
39 28 3 21559 1024 0.139999715
40 29 3 21560 1024 0.134400258
41 30 3 21561 1024 0.142261333
42 31 3 21562 1024 0.158636658
43 32 3 21563 1024 0.168139358
44 33 3 21564 1024 0.143035957
45 34 3 21565 1024 0.156551374
46 35 3 21566 1024 0.144570969
47 36 3 21567 1024 0.131092590
48 37 3 21568 1024 0.168605036
49 38 3 21569 1024 0.133400195
50 39 3 21570 1024 0.169295035
51 40 3 21571 1024 0.165570134
52 41 3 21572 1024 0.145698062
53 42 3 21573 1024 0.172671666
54 43 3 21574 1024 0.175255175
55 44 3 21575 1024 0.152292019
56 45 3 21576 1024 0.174229261
57 46 3 21577 1024 0.139207001
58 47 3 21578 1024 0.153416320
59 48 3 21579 1024 0.153040185
60 49 3 21580 1024 0.146650605
61 50 3 21581 1024 0.163883440
62 51 3 21582 1024 0.165203016
63 52 3 21583 1024 0.142767889
0 54 3 21584 1024 0.167382514
1 55 3 21585 1024 0.131156915
2 56 3 21586 1024 0.135959522
3 57 3 21587 1024 0.150538948
4 58 3 21588 1024 0.149815399
5 59 3 21589 1024 0.154317877
6 60 3 21590 1024 0.132401554
7 61 3 21591 1024 0.156419869
8 62 3 21592 1024 0.175649110
9 63 3 21593 1024 0.155613083
10 0 3 21594 1024 0.130810063
11 1 3 21595 1024 0.151860346
12 2 3 21596 1024 0.131604201
13 3 3 21597 1024 0.155210578
14 4 3 21598 1024 0.169913912
15 5 3 21599 1024 0.169506875
16 6 3 21600 1024 0.154600474
17 7 3 21601 1024 0.158740773
18 8 3 21602 1024 0.161718692
19 9 3 21603 1024 0.166721690
20 10 3 21604 1024 0.158265340
21 11 3 21605 1024 0.178711377
22 12 3 21606 1024 0.169029411
23 13 3 21607 1024 0.156588122
24 14 3 21608 1024 0.169929549
25 15 3 21609 1024 0.172314967
26 16 3 21610 1024 0.134386513
27 17 3 21611 1024 0.176124844
28 18 3 21612 1024 0.160501574
29 19 3 21613 1024 0.179647486
30 20 3 21614 1024 0.167595367
31 21 3 21615 1024 0.168355764
32 22 3 21616 1024 0.151547336
33 23 3 21617 1024 0.143843246
34 24 3 21618 1024 0.152564429
35 25 3 21619 1024 0.174027029
36 26 3 21620 1024 0.166946829
37 27 3 21621 1024 0.162522185
38 28 3 21622 1024 0.133651289
39 29 3 21623 1024 0.162391993
40 30 3 21624 1024 0.146990486
41 31 3 21625 1024 0.156385698
42 32 3 21626 1024 0.164629308
43 33 3 21627 1024 0.171010426
44 34 3 21628 1024 0.151619859
45 35 3 21629 1024 0.131074176
46 36 3 21630 1024 0.158736892
47 37 3 21631 1024 0.130317698
48 38 3 21632 1024 0.171411132
49 39 3 21633 1024 0.130943583
50 40 3 21634 1024 0.141261497
51 41 3 21635 1024 0.151357482
52 42 3 21636 1024 0.142942648
53 43 3 21637 1024 0.141144499
54 44 3 21638 1024 0.163726916
55 45 3 21639 1024 0.146330964
56 46 3 21640 1024 0.152887666
57 47 3 21641 1024 0.163270094
58 48 3 21642 1024 0.168496391
59 49 3 21643 1024 0.158721921
60 50 3 21644 1024 0.147732266
61 51 3 21645 1024 0.174015587
62 52 3 21646 1024 0.173362156
63 53 3 21647 1024 0.137630239
0 55 3 21648 1024 0.168649600
1 56 3 21649 1024 0.140307209
2 57 3 21650 1024 0.139079336
3 58 3 21651 1024 0.131311225
4 59 3 21652 1024 0.160096073
5 60 3 21653 1024 0.172234916
6 61 3 21654 1024 0.168973161
7 62 3 21655 1024 0.157003813
8 63 3 21656 1024 0.177733030
9 0 3 21657 1024 0.146373052
10 1 3 21658 1024 0.145766812
11 2 3 21659 1024 0.141505193
12 3 3 21660 1024 0.140440363
13 4 3 21661 1024 0.145146475
14 5 3 21662 1024 0.151214182
15 6 3 21663 1024 0.143553897
16 7 3 21664 1024 0.176815113
17 8 3 21665 1024 0.140861790
18 9 3 21666 1024 0.147767238
19 10 3 21667 1024 0.136865608
20 11 3 21668 1024 0.174943982
21 12 3 21669 1024 0.151982047
22 13 3 21670 1024 0.171707862
23 14 3 21671 1024 0.148755697
24 15 3 21672 1024 0.152197623
25 16 3 21673 1024 0.167197119
26 17 3 21674 1024 0.166995638
27 18 3 21675 1024 0.149020828
28 19 3 21676 1024 0.152340619
29 20 3 21677 1024 0.149958910
30 21 3 21678 1024 0.140281613
31 22 3 21679 1024 0.149025244
32 23 3 21680 1024 0.170724971
33 24 3 21681 1024 0.134642591
34 25 3 21682 1024 0.138754839
35 26 3 21683 1024 0.175664161
36 27 3 21684 1024 0.166225917
37 28 3 21685 1024 0.136085188
38 29 3 21686 1024 0.167830318
39 30 3 21687 1024 0.136017916
40 31 3 21688 1024 0.154455421
41 32 3 21689 1024 0.160242420
42 33 3 21690 1024 0.167484130
43 34 3 21691 1024 0.145843979
44 35 3 21692 1024 0.139549057
45 36 3 21693 1024 0.179257605
46 37 3 21694 1024 0.169989561
47 38 3 21695 1024 0.147992924
48 39 3 21696 1024 0.142764227
49 40 3 21697 1024 0.135599618
50 41 3 21698 1024 0.152847687
51 42 3 21699 1024 0.130362780
52 43 3 21700 1024 0.170170584
53 44 3 21701 1024 0.150015417
54 45 3 21702 1024 0.172874654
55 46 3 21703 1024 0.147734055
56 47 3 21704 1024 0.177286589
57 48 3 21705 1024 0.171826732
58 49 3 21706 1024 0.151707444
59 50 3 21707 1024 0.172390408
60 51 3 21708 1024 0.145034722
61 52 3 21709 1024 0.179985328
62 53 3 21710 1024 0.134222574
63 54 3 21711 1024 0.162179098
0 56 3 21712 1024 0.149484311
1 57 3 21713 1024 0.153568073
2 58 3 21714 1024 0.177565457
3 59 3 21715 1024 0.143735806
4 60 3 21716 1024 0.162367981
5 61 3 21717 1024 0.146163547
6 62 3 21718 1024 0.137036791
7 63 3 21719 1024 0.142449906
8 0 3 21720 1024 0.158228962
9 1 3 21721 1024 0.136397415
10 2 3 21722 1024 0.137787916
11 3 3 21723 1024 0.164753511
12 4 3 21724 1024 0.168114392
13 5 3 21725 1024 0.133059073
14 6 3 21726 1024 0.170119014
15 7 3 21727 1024 0.173317253
16 8 3 21728 1024 0.163047610
17 9 3 21729 1024 0.148585202
18 10 3 21730 1024 0.150743819
19 11 3 21731 1024 0.137874135
20 12 3 21732 1024 0.138620999
21 13 3 21733 1024 0.176814579
22 14 3 21734 1024 0.178265009
23 15 3 21735 1024 0.167098334
24 16 3 21736 1024 0.170515984
25 17 3 21737 1024 0.139080735
26 18 3 21738 1024 0.173953871
27 19 3 21739 1024 0.135469579
28 20 3 21740 1024 0.138118686
29 21 3 21741 1024 0.154877770
30 22 3 21742 1024 0.145303241
31 23 3 21743 1024 0.161265624
32 24 3 21744 1024 0.175449043
33 25 3 21745 1024 0.143259067
34 26 3 21746 1024 0.146053637
35 27 3 21747 1024 0.169163445
36 28 3 21748 1024 0.146579102
37 29 3 21749 1024 0.174441023
38 30 3 21750 1024 0.131711139
39 31 3 21751 1024 0.173601410
40 32 3 21752 1024 0.175678847
41 33 3 21753 1024 0.132324973
42 34 3 21754 1024 0.148851839
43 35 3 21755 1024 0.159925374
44 36 3 21756 1024 0.156260230
45 37 3 21757 1024 0.137908629
46 38 3 21758 1024 0.130746923
47 39 3 21759 1024 0.174859435
48 40 3 21760 1024 0.134606195
49 41 3 21761 1024 0.179409575
50 42 3 21762 1024 0.135620529
51 43 3 21763 1024 0.153784468
52 44 3 21764 1024 0.179168439
53 45 3 21765 1024 0.172807021
54 46 3 21766 1024 0.156836360
55 47 3 21767 1024 0.136720270
56 48 3 21768 1024 0.160163555
57 49 3 21769 1024 0.161842762
58 50 3 21770 1024 0.145571544
59 51 3 21771 1024 0.153474349
60 52 3 21772 1024 0.175144148
61 53 3 21773 1024 0.136409931
62 54 3 21774 1024 0.162818714
63 55 3 21775 1024 0.148279136
0 57 3 21776 1024 0.160680479
1 58 3 21777 1024 0.165815765
2 59 3 21778 1024 0.153889492
3 60 3 21779 1024 0.167435946
4 61 3 21780 1024 0.172598424
5 62 3 21781 1024 0.139814355
6 63 3 21782 1024 0.140965556
7 0 3 21783 1024 0.136490381
8 1 3 21784 1024 0.177114456
9 2 3 21785 1024 0.141277592
10 3 3 21786 1024 0.134109449
11 4 3 21787 1024 0.134739459
12 5 3 21788 1024 0.150191927
13 6 3 21789 1024 0.174345896
14 7 3 21790 1024 0.135261410
15 8 3 21791 1024 0.141311170
16 9 3 21792 1024 0.139231338
17 10 3 21793 1024 0.162968468
18 11 3 21794 1024 0.146431288
19 12 3 21795 1024 0.178697837
20 13 3 21796 1024 0.163417818
21 14 3 21797 1024 0.155995846
22 15 3 21798 1024 0.158858355
23 16 3 21799 1024 0.174179142
24 17 3 21800 1024 0.167994681
25 18 3 21801 1024 0.136585355
26 19 3 21802 1024 0.151101048
27 20 3 21803 1024 0.163060091
28 21 3 21804 1024 0.158968428
29 22 3 21805 1024 0.176731221
30 23 3 21806 1024 0.131711266
31 24 3 21807 1024 0.175300727
32 25 3 21808 1024 0.149251501
33 26 3 21809 1024 0.132400922
34 27 3 21810 1024 0.139894808
35 28 3 21811 1024 0.139108623
36 29 3 21812 1024 0.137147723
37 30 3 21813 1024 0.131705702
38 31 3 21814 1024 0.169738611
39 32 3 21815 1024 0.138094260
40 33 3 21816 1024 0.146126619
41 34 3 21817 1024 0.158604337
42 35 3 21818 1024 0.154192243
43 36 3 21819 1024 0.147195088
44 37 3 21820 1024 0.161435646
45 38 3 21821 1024 0.170849474
46 39 3 21822 1024 0.158860074
47 40 3 21823 1024 0.152605206
48 41 3 21824 1024 0.140741810
49 42 3 21825 1024 0.161065628
50 43 3 21826 1024 0.157293971
51 44 3 21827 1024 0.135890956
52 45 3 21828 1024 0.143965260
53 46 3 21829 1024 0.168425553
54 47 3 21830 1024 0.176194282
55 48 3 21831 1024 0.146862730
56 49 3 21832 1024 0.174626342
57 50 3 21833 1024 0.142764221
58 51 3 21834 1024 0.170349425
59 52 3 21835 1024 0.154367757
60 53 3 21836 1024 0.157445039
61 54 3 21837 1024 0.163162404
62 55 3 21838 1024 0.163400634
63 56 3 21839 1024 0.147118751
0 58 3 21840 1024 0.155953646
1 59 3 21841 1024 0.133155889
2 60 3 21842 1024 0.148271112
3 61 3 21843 1024 0.162114635
4 62 3 21844 1024 0.178237677
5 63 3 21845 1024 0.136311408
6 0 3 21846 1024 0.141356253
7 1 3 21847 1024 0.152871672
8 2 3 21848 1024 0.135556848
9 3 3 21849 1024 0.157523238
10 4 3 21850 1024 0.144785672
11 5 3 21851 1024 0.173665337
12 6 3 21852 1024 0.145351520
13 7 3 21853 1024 0.151808205
14 8 3 21854 1024 0.179215585
15 9 3 21855 1024 0.134148362
16 10 3 21856 1024 0.173348375
17 11 3 21857 1024 0.155236186
18 12 3 21858 1024 0.149877905
19 13 3 21859 1024 0.177062486
20 14 3 21860 1024 0.179927240
21 15 3 21861 1024 0.139743899
22 16 3 21862 1024 0.172000641
23 17 3 21863 1024 0.141092855
24 18 3 21864 1024 0.130835962
25 19 3 21865 1024 0.166670616
26 20 3 21866 1024 0.147696825
27 21 3 21867 1024 0.160046815
28 22 3 21868 1024 0.137588560
29 23 3 21869 1024 0.172996310
30 24 3 21870 1024 0.156252261
31 25 3 21871 1024 0.170012999
32 26 3 21872 1024 0.148132808
33 27 3 21873 1024 0.141521177
34 28 3 21874 1024 0.177358175
35 29 3 21875 1024 0.156543504
36 30 3 21876 1024 0.148723606
37 31 3 21877 1024 0.135006904
38 32 3 21878 1024 0.138281776
39 33 3 21879 1024 0.161715631
40 34 3 21880 1024 0.160909213
41 35 3 21881 1024 0.172161940
42 36 3 21882 1024 0.167555209
43 37 3 21883 1024 0.137602554
44 38 3 21884 1024 0.177109599
45 39 3 21885 1024 0.160483278
46 40 3 21886 1024 0.172914760
47 41 3 21887 1024 0.143921069
48 42 3 21888 1024 0.177952838
49 43 3 21889 1024 0.177444955
50 44 3 21890 1024 0.144824822
51 45 3 21891 1024 0.175047831
52 46 3 21892 1024 0.178600443
53 47 3 21893 1024 0.174687225
54 48 3 21894 1024 0.153400207
55 49 3 21895 1024 0.136805994
56 50 3 21896 1024 0.176907167
57 51 3 21897 1024 0.130017681
58 52 3 21898 1024 0.142566462
59 53 3 21899 1024 0.157787869
60 54 3 21900 1024 0.145580268
61 55 3 21901 1024 0.176152608
62 56 3 21902 1024 0.160655863
63 57 3 21903 1024 0.177963788
0 59 3 21904 1024 0.132961111
1 60 3 21905 1024 0.150518776
2 61 3 21906 1024 0.137189578
3 62 3 21907 1024 0.171122063
4 63 3 21908 1024 0.168229647
5 0 3 21909 1024 0.170349414
6 1 3 21910 1024 0.177545531
7 2 3 21911 1024 0.142123153
8 3 3 21912 1024 0.169315642
9 4 3 21913 1024 0.162304231
10 5 3 21914 1024 0.149549983
11 6 3 21915 1024 0.139668565
12 7 3 21916 1024 0.171716451
13 8 3 21917 1024 0.133526582
14 9 3 21918 1024 0.178167867
15 10 3 21919 1024 0.143810894
16 11 3 21920 1024 0.174631925
17 12 3 21921 1024 0.136173571
18 13 3 21922 1024 0.166982749
19 14 3 21923 1024 0.177217055
20 15 3 21924 1024 0.137592310
21 16 3 21925 1024 0.152169068
22 17 3 21926 1024 0.163611903
23 18 3 21927 1024 0.168029230
24 19 3 21928 1024 0.130538452
25 20 3 21929 1024 0.135864601
26 21 3 21930 1024 0.145558030
27 22 3 21931 1024 0.135130611
28 23 3 21932 1024 0.161427287
29 24 3 21933 1024 0.153555467
30 25 3 21934 1024 0.163021072
31 26 3 21935 1024 0.144941111
32 27 3 21936 1024 0.136243225
33 28 3 21937 1024 0.167145587
34 29 3 21938 1024 0.152718372
35 30 3 21939 1024 0.133520137
36 31 3 21940 1024 0.178949648
37 32 3 21941 1024 0.175525308
38 33 3 21942 1024 0.147068860
39 34 3 21943 1024 0.143605139
40 35 3 21944 1024 0.179397970
41 36 3 21945 1024 0.149075086
42 37 3 21946 1024 0.174555837
43 38 3 21947 1024 0.135641879
44 39 3 21948 1024 0.153326284
45 40 3 21949 1024 0.159248929
46 41 3 21950 1024 0.173812116
47 42 3 21951 1024 0.164571846
48 43 3 21952 1024 0.169722781
49 44 3 21953 1024 0.167922977
50 45 3 21954 1024 0.141231671
51 46 3 21955 1024 0.135152508
52 47 3 21956 1024 0.179880265
53 48 3 21957 1024 0.160165803
54 49 3 21958 1024 0.159952349
55 50 3 21959 1024 0.148127469
56 51 3 21960 1024 0.173468064
57 52 3 21961 1024 0.163245531
58 53 3 21962 1024 0.171835456
59 54 3 21963 1024 0.178162221
60 55 3 21964 1024 0.151083706
61 56 3 21965 1024 0.161902995
62 57 3 21966 1024 0.173258362
63 58 3 21967 1024 0.144010178
0 60 3 21968 1024 0.166202618
1 61 3 21969 1024 0.143793282
2 62 3 21970 1024 0.142583540
3 63 3 21971 1024 0.155391178
4 0 3 21972 1024 0.150982268
5 1 3 21973 1024 0.171814812
6 2 3 21974 1024 0.179154331
7 3 3 21975 1024 0.134154668
8 4 3 21976 1024 0.135056549
9 5 3 21977 1024 0.170299574
10 6 3 21978 1024 0.142137211
11 7 3 21979 1024 0.154748804
12 8 3 21980 1024 0.159554222
13 9 3 21981 1024 0.163281424
14 10 3 21982 1024 0.135198273
15 11 3 21983 1024 0.169046096
16 12 3 21984 1024 0.165426454
17 13 3 21985 1024 0.158033538
18 14 3 21986 1024 0.171870601
19 15 3 21987 1024 0.148791117
20 16 3 21988 1024 0.155948339
21 17 3 21989 1024 0.176262155
22 18 3 21990 1024 0.149129361
23 19 3 21991 1024 0.160083115
24 20 3 21992 1024 0.159517152
25 21 3 21993 1024 0.169679998
26 22 3 21994 1024 0.177703574
27 23 3 21995 1024 0.158781276
28 24 3 21996 1024 0.135873668
29 25 3 21997 1024 0.168201534
30 26 3 21998 1024 0.148035041
31 27 3 21999 1024 0.163630470
32 28 3 22000 1024 0.175189480
33 29 3 22001 1024 0.151091466
34 30 3 22002 1024 0.149687255
35 31 3 22003 1024 0.167215489
36 32 3 22004 1024 0.147365223
37 33 3 22005 1024 0.169406818
38 34 3 22006 1024 0.172611652
39 35 3 22007 1024 0.158667246
40 36 3 22008 1024 0.156138270
41 37 3 22009 1024 0.177009850
42 38 3 22010 1024 0.170658034
43 39 3 22011 1024 0.161405917
44 40 3 22012 1024 0.168881539
45 41 3 22013 1024 0.163453418
46 42 3 22014 1024 0.131282029
47 43 3 22015 1024 0.158346500
48 44 3 22016 1024 0.131207221
49 45 3 22017 1024 0.177297488
50 46 3 22018 1024 0.134940210
51 47 3 22019 1024 0.176033485
52 48 3 22020 1024 0.170094762
53 49 3 22021 1024 0.166452868
54 50 3 22022 1024 0.172471504
55 51 3 22023 1024 0.142675711
56 52 3 22024 1024 0.170918422
57 53 3 22025 1024 0.147202486
58 54 3 22026 1024 0.178678978
59 55 3 22027 1024 0.142435054
60 56 3 22028 1024 0.152300349
61 57 3 22029 1024 0.132389956
62 58 3 22030 1024 0.152910229
63 59 3 22031 1024 0.179548785
0 61 3 22032 1024 0.143158685
1 62 3 22033 1024 0.169682051
2 63 3 22034 1024 0.140469051
3 0 3 22035 1024 0.168540445
4 1 3 22036 1024 0.157363886
5 2 3 22037 1024 0.146094058
6 3 3 22038 1024 0.150066044
7 4 3 22039 1024 0.147426957
8 5 3 22040 1024 0.170773473
9 6 3 22041 1024 0.172235992
10 7 3 22042 1024 0.172832318
11 8 3 22043 1024 0.146688163
12 9 3 22044 1024 0.160820136
13 10 3 22045 1024 0.166992966
14 11 3 22046 1024 0.171811782
15 12 3 22047 1024 0.141378546
16 13 3 22048 1024 0.171434156
17 14 3 22049 1024 0.135064908
18 15 3 22050 1024 0.166097033
19 16 3 22051 1024 0.161972587
20 17 3 22052 1024 0.145646217
21 18 3 22053 1024 0.154859635
22 19 3 22054 1024 0.139309607
23 20 3 22055 1024 0.149134819
24 21 3 22056 1024 0.143234020
25 22 3 22057 1024 0.165369804
26 23 3 22058 1024 0.147529695
27 24 3 22059 1024 0.170294875
28 25 3 22060 1024 0.174789012
29 26 3 22061 1024 0.167738542
30 27 3 22062 1024 0.177965417
31 28 3 22063 1024 0.146137989
32 29 3 22064 1024 0.135574030
33 30 3 22065 1024 0.159092342
34 31 3 22066 1024 0.175441516
35 32 3 22067 1024 0.165011415
36 33 3 22068 1024 0.158024265
37 34 3 22069 1024 0.167838529
38 35 3 22070 1024 0.156912718
39 36 3 22071 1024 0.149898562
40 37 3 22072 1024 0.164781804
41 38 3 22073 1024 0.139930981
42 39 3 22074 1024 0.134527111
43 40 3 22075 1024 0.159898469
44 41 3 22076 1024 0.173846653
45 42 3 22077 1024 0.150231854
46 43 3 22078 1024 0.143168502
47 44 3 22079 1024 0.165794405
48 45 3 22080 1024 0.156641388
49 46 3 22081 1024 0.149837837
50 47 3 22082 1024 0.176062916
51 48 3 22083 1024 0.135181301
52 49 3 22084 1024 0.177803748
53 50 3 22085 1024 0.170728654
54 51 3 22086 1024 0.174372555
55 52 3 22087 1024 0.144695613
56 53 3 22088 1024 0.158505339
57 54 3 22089 1024 0.134110580
58 55 3 22090 1024 0.179971945
59 56 3 22091 1024 0.152126803
60 57 3 22092 1024 0.132038642
61 58 3 22093 1024 0.157399361
62 59 3 22094 1024 0.163376066
63 60 3 22095 1024 0.143689415
0 62 3 22096 1024 0.154724646
1 63 3 22097 1024 0.171662398
2 0 3 22098 1024 0.179163115
3 1 3 22099 1024 0.142267587
4 2 3 22100 1024 0.141291633
5 3 3 22101 1024 0.162394753
6 4 3 22102 1024 0.140798405
7 5 3 22103 1024 0.130620918
8 6 3 22104 1024 0.142184010
9 7 3 22105 1024 0.131038698
10 8 3 22106 1024 0.160611026
11 9 3 22107 1024 0.171896536
12 10 3 22108 1024 0.150726292
13 11 3 22109 1024 0.157561308
14 12 3 22110 1024 0.158404285
15 13 3 22111 1024 0.150616178
16 14 3 22112 1024 0.172395239
17 15 3 22113 1024 0.159044781
18 16 3 22114 1024 0.161362755
19 17 3 22115 1024 0.174430207
20 18 3 22116 1024 0.178956554
21 19 3 22117 1024 0.167339639
22 20 3 22118 1024 0.165337296
23 21 3 22119 1024 0.179095810
24 22 3 22120 1024 0.170171304
25 23 3 22121 1024 0.143177867
26 24 3 22122 1024 0.148511425
27 25 3 22123 1024 0.175002643
28 26 3 22124 1024 0.176846109
29 27 3 22125 1024 0.146007736
30 28 3 22126 1024 0.147853709
31 29 3 22127 1024 0.177904555
32 30 3 22128 1024 0.136724640
33 31 3 22129 1024 0.172997235
34 32 3 22130 1024 0.179312790
35 33 3 22131 1024 0.142344768
36 34 3 22132 1024 0.156913771
37 35 3 22133 1024 0.136438234
38 36 3 22134 1024 0.179050551
39 37 3 22135 1024 0.169210930
40 38 3 22136 1024 0.155372692
41 39 3 22137 1024 0.153786885
42 40 3 22138 1024 0.145674239
43 41 3 22139 1024 0.170362678
44 42 3 22140 1024 0.160204579
45 43 3 22141 1024 0.166005312
46 44 3 22142 1024 0.165878227
47 45 3 22143 1024 0.162248298
48 46 3 22144 1024 0.157703641
49 47 3 22145 1024 0.179253854
50 48 3 22146 1024 0.153264322
51 49 3 22147 1024 0.158712958
52 50 3 22148 1024 0.132660073
53 51 3 22149 1024 0.160940297
54 52 3 22150 1024 0.154856647
55 53 3 22151 1024 0.151809213
56 54 3 22152 1024 0.177658201
57 55 3 22153 1024 0.138567059
58 56 3 22154 1024 0.157997936
59 57 3 22155 1024 0.157949802
60 58 3 22156 1024 0.132877288
61 59 3 22157 1024 0.147380155
62 60 3 22158 1024 0.173378857
63 61 3 22159 1024 0.137394006
0 63 3 22160 1024 0.164100350
1 0 3 22161 1024 0.133270638
2 1 3 22162 1024 0.165943440
3 2 3 22163 1024 0.158487681
4 3 3 22164 1024 0.177367556
5 4 3 22165 1024 0.166388025
6 5 3 22166 1024 0.165680609
7 6 3 22167 1024 0.154540491
8 7 3 22168 1024 0.165210891
9 8 3 22169 1024 0.177137408
10 9 3 22170 1024 0.179310330
11 10 3 22171 1024 0.140760207
12 11 3 22172 1024 0.152605586
13 12 3 22173 1024 0.156919785
14 13 3 22174 1024 0.163733381
15 14 3 22175 1024 0.146526662
16 15 3 22176 1024 0.158492868
17 16 3 22177 1024 0.173798435
18 17 3 22178 1024 0.177313389
19 18 3 22179 1024 0.137211653
20 19 3 22180 1024 0.156980631
21 20 3 22181 1024 0.164066086
22 21 3 22182 1024 0.145722930
23 22 3 22183 1024 0.130338767
24 23 3 22184 1024 0.160479722
25 24 3 22185 1024 0.165605686
26 25 3 22186 1024 0.147917476
27 26 3 22187 1024 0.135984169
28 27 3 22188 1024 0.178867692
29 28 3 22189 1024 0.160692523
30 29 3 22190 1024 0.156488599
31 30 3 22191 1024 0.166519017
32 31 3 22192 1024 0.166627817
33 32 3 22193 1024 0.142439977
34 33 3 22194 1024 0.160076273
35 34 3 22195 1024 0.167941050
36 35 3 22196 1024 0.138967041
37 36 3 22197 1024 0.139061905
38 37 3 22198 1024 0.162470351
39 38 3 22199 1024 0.154748753
40 39 3 22200 1024 0.135975005
41 40 3 22201 1024 0.134455286
42 41 3 22202 1024 0.177307357
43 42 3 22203 1024 0.158700144
44 43 3 22204 1024 0.177451495
45 44 3 22205 1024 0.149372557
46 45 3 22206 1024 0.150378709
47 46 3 22207 1024 0.164820753
48 47 3 22208 1024 0.136925475
49 48 3 22209 1024 0.147164767
50 49 3 22210 1024 0.134793165
51 50 3 22211 1024 0.147757848
52 51 3 22212 1024 0.165363148
53 52 3 22213 1024 0.173953227
54 53 3 22214 1024 0.154984091
55 54 3 22215 1024 0.139228319
56 55 3 22216 1024 0.150071388
57 56 3 22217 1024 0.141332010
58 57 3 22218 1024 0.179281801
59 58 3 22219 1024 0.161650366
60 59 3 22220 1024 0.146986009
61 60 3 22221 1024 0.167590769
62 61 3 22222 1024 0.156193364
63 62 3 22223 1024 0.131020038
0 1 3 22224 1024 0.160307971
1 2 3 22225 1024 0.179100506
2 3 3 22226 1024 0.132957310
3 4 3 22227 1024 0.148657349
4 5 3 22228 1024 0.138425656
5 6 3 22229 1024 0.178179988
6 7 3 22230 1024 0.156456048
7 8 3 22231 1024 0.130233051
8 9 3 22232 1024 0.149237676
9 10 3 22233 1024 0.131382678
10 11 3 22234 1024 0.175257252
11 12 3 22235 1024 0.158168235
12 13 3 22236 1024 0.172967931
13 14 3 22237 1024 0.177785585
14 15 3 22238 1024 0.139424105
15 16 3 22239 1024 0.161043620
16 17 3 22240 1024 0.139089335
17 18 3 22241 1024 0.140918693
18 19 3 22242 1024 0.147262398
19 20 3 22243 1024 0.173604855
20 21 3 22244 1024 0.175630731
21 22 3 22245 1024 0.159985915
22 23 3 22246 1024 0.158699251
23 24 3 22247 1024 0.174571838
24 25 3 22248 1024 0.165318378
25 26 3 22249 1024 0.173983597
26 27 3 22250 1024 0.138874601
27 28 3 22251 1024 0.137442488
28 29 3 22252 1024 0.170949772
29 30 3 22253 1024 0.131517083
30 31 3 22254 1024 0.131938714
31 32 3 22255 1024 0.156879492
32 33 3 22256 1024 0.177901568
33 34 3 22257 1024 0.177035201
34 35 3 22258 1024 0.170360242
35 36 3 22259 1024 0.145583267
36 37 3 22260 1024 0.144571547
37 38 3 22261 1024 0.147452701
38 39 3 22262 1024 0.139020838
39 40 3 22263 1024 0.155924442
40 41 3 22264 1024 0.175011530
41 42 3 22265 1024 0.154882552
42 43 3 22266 1024 0.160175168
43 44 3 22267 1024 0.179867095
44 45 3 22268 1024 0.175999957
45 46 3 22269 1024 0.176890913
46 47 3 22270 1024 0.176430324
47 48 3 22271 1024 0.157399022
48 49 3 22272 1024 0.149442292
49 50 3 22273 1024 0.152396779
50 51 3 22274 1024 0.135819081
51 52 3 22275 1024 0.157723092
52 53 3 22276 1024 0.146917197
53 54 3 22277 1024 0.148284676
54 55 3 22278 1024 0.141972568
55 56 3 22279 1024 0.170879275
56 57 3 22280 1024 0.139417009
57 58 3 22281 1024 0.150214235
58 59 3 22282 1024 0.147916070
59 60 3 22283 1024 0.175830525
60 61 3 22284 1024 0.176056232
61 62 3 22285 1024 0.170545368
62 63 3 22286 1024 0.175483403
63 0 3 22287 1024 0.165381872
0 1 3 22288 1024 0.171953110
1 2 3 22289 1024 0.134939019
2 3 3 22290 1024 0.155992190
3 4 3 22291 1024 0.163175630
4 5 3 22292 1024 0.146027653
5 6 3 22293 1024 0.156366874
6 7 3 22294 1024 0.158754340
7 8 3 22295 1024 0.156596284
8 9 3 22296 1024 0.149709246
9 10 3 22297 1024 0.157319056
10 11 3 22298 1024 0.140046604
11 12 3 22299 1024 0.146015821
12 13 3 22300 1024 0.152395229
13 14 3 22301 1024 0.139902076
14 15 3 22302 1024 0.177212364
15 16 3 22303 1024 0.151315960
16 17 3 22304 1024 0.151756941
17 18 3 22305 1024 0.134119444
18 19 3 22306 1024 0.131191708
19 20 3 22307 1024 0.135215925
20 21 3 22308 1024 0.158062650
21 22 3 22309 1024 0.160483162
22 23 3 22310 1024 0.145294879
23 24 3 22311 1024 0.179614368
24 25 3 22312 1024 0.168537039
25 26 3 22313 1024 0.168542137
26 27 3 22314 1024 0.164945083
27 28 3 22315 1024 0.156377506
28 29 3 22316 1024 0.132081627
29 30 3 22317 1024 0.177338993
30 31 3 22318 1024 0.145355992
31 32 3 22319 1024 0.159373493
32 33 3 22320 1024 0.175013817
33 34 3 22321 1024 0.157139352
34 35 3 22322 1024 0.162046621
35 36 3 22323 1024 0.166962853
36 37 3 22324 1024 0.156714607
37 38 3 22325 1024 0.132360377
38 39 3 22326 1024 0.145147296
39 40 3 22327 1024 0.139411951
40 41 3 22328 1024 0.178209356
41 42 3 22329 1024 0.132621763
42 43 3 22330 1024 0.171269713
43 44 3 22331 1024 0.173685260
44 45 3 22332 1024 0.166927004
45 46 3 22333 1024 0.156199222
46 47 3 22334 1024 0.138914506
47 48 3 22335 1024 0.148541196
48 49 3 22336 1024 0.164959156
49 50 3 22337 1024 0.175533105
50 51 3 22338 1024 0.134932537
51 52 3 22339 1024 0.177498215
52 53 3 22340 1024 0.174617804
53 54 3 22341 1024 0.165620529
54 55 3 22342 1024 0.133648174
55 56 3 22343 1024 0.140180412
56 57 3 22344 1024 0.140336847
57 58 3 22345 1024 0.162021057
58 59 3 22346 1024 0.130779635
59 60 3 22347 1024 0.176104317
60 61 3 22348 1024 0.140301492
61 62 3 22349 1024 0.164469476
62 63 3 22350 1024 0.176215612
63 0 3 22351 1024 0.130236939
0 2 3 22352 1024 0.142019369
1 3 3 22353 1024 0.170681887
2 4 3 22354 1024 0.171565202
3 5 3 22355 1024 0.179220098
4 6 3 22356 1024 0.179354275
5 7 3 22357 1024 0.171328611
6 8 3 22358 1024 0.148589189
7 9 3 22359 1024 0.171889366
8 10 3 22360 1024 0.132237839
9 11 3 22361 1024 0.137083471
10 12 3 22362 1024 0.142308658
11 13 3 22363 1024 0.163426640
12 14 3 22364 1024 0.174097239
13 15 3 22365 1024 0.151142030
14 16 3 22366 1024 0.158526987
15 17 3 22367 1024 0.173187169
16 18 3 22368 1024 0.161309521
17 19 3 22369 1024 0.140243814
18 20 3 22370 1024 0.173934052
19 21 3 22371 1024 0.166831678
20 22 3 22372 1024 0.143630747
21 23 3 22373 1024 0.164514063
22 24 3 22374 1024 0.150794368
23 25 3 22375 1024 0.150681993
24 26 3 22376 1024 0.143904334
25 27 3 22377 1024 0.175053790
26 28 3 22378 1024 0.170836232
27 29 3 22379 1024 0.154410825
28 30 3 22380 1024 0.160006481
29 31 3 22381 1024 0.161326855
30 32 3 22382 1024 0.149773424
31 33 3 22383 1024 0.164800088
32 34 3 22384 1024 0.152456410
33 35 3 22385 1024 0.163148152
34 36 3 22386 1024 0.141148730
35 37 3 22387 1024 0.161879853
36 38 3 22388 1024 0.135763920
37 39 3 22389 1024 0.175110857
38 40 3 22390 1024 0.154426840
39 41 3 22391 1024 0.139167928
40 42 3 22392 1024 0.146368928
41 43 3 22393 1024 0.177175156
42 44 3 22394 1024 0.142824958
43 45 3 22395 1024 0.164045280
44 46 3 22396 1024 0.176530966
45 47 3 22397 1024 0.149910227
46 48 3 22398 1024 0.156813004
47 49 3 22399 1024 0.144235241
48 50 3 22400 1024 0.158505417
49 51 3 22401 1024 0.135424603
50 52 3 22402 1024 0.135970035
51 53 3 22403 1024 0.171143874
52 54 3 22404 1024 0.174201328
53 55 3 22405 1024 0.177510454
54 56 3 22406 1024 0.157737499
55 57 3 22407 1024 0.154898361
56 58 3 22408 1024 0.136355751
57 59 3 22409 1024 0.179777923
58 60 3 22410 1024 0.153447849
59 61 3 22411 1024 0.135467195
60 62 3 22412 1024 0.141432254
61 63 3 22413 1024 0.171654737
62 0 3 22414 1024 0.139223916
63 1 3 22415 1024 0.168127071
0 3 3 22416 1024 0.170320456
1 4 3 22417 1024 0.142087592
2 5 3 22418 1024 0.160766041
3 6 3 22419 1024 0.151905428
4 7 3 22420 1024 0.137137935
5 8 3 22421 1024 0.159850074
6 9 3 22422 1024 0.132052595
7 10 3 22423 1024 0.176680780
8 11 3 22424 1024 0.168339509
9 12 3 22425 1024 0.139448471
10 13 3 22426 1024 0.140521568
11 14 3 22427 1024 0.145896066
12 15 3 22428 1024 0.158440068
13 16 3 22429 1024 0.177429471
14 17 3 22430 1024 0.147067375
15 18 3 22431 1024 0.177520720
16 19 3 22432 1024 0.176091989
17 20 3 22433 1024 0.147505861
18 21 3 22434 1024 0.140032465
19 22 3 22435 1024 0.162206759
20 23 3 22436 1024 0.149565593
21 24 3 22437 1024 0.137654876
22 25 3 22438 1024 0.144590280
23 26 3 22439 1024 0.133182469
24 27 3 22440 1024 0.139198158
25 28 3 22441 1024 0.139716955
26 29 3 22442 1024 0.162900611
27 30 3 22443 1024 0.151943580
28 31 3 22444 1024 0.173566866
29 32 3 22445 1024 0.133469144
30 33 3 22446 1024 0.142288806
31 34 3 22447 1024 0.156427830
32 35 3 22448 1024 0.157842657
33 36 3 22449 1024 0.137168173
34 37 3 22450 1024 0.178208827
35 38 3 22451 1024 0.132835656
36 39 3 22452 1024 0.164238141
37 40 3 22453 1024 0.150496208
38 41 3 22454 1024 0.156713688
39 42 3 22455 1024 0.160929311
40 43 3 22456 1024 0.138495762
41 44 3 22457 1024 0.176640028
42 45 3 22458 1024 0.148518607
43 46 3 22459 1024 0.137174324
44 47 3 22460 1024 0.135189630
45 48 3 22461 1024 0.141683098
46 49 3 22462 1024 0.149060669
47 50 3 22463 1024 0.158135583
48 51 3 22464 1024 0.170685303
49 52 3 22465 1024 0.168434772
50 53 3 22466 1024 0.135982105
51 54 3 22467 1024 0.141225904
52 55 3 22468 1024 0.161414330
53 56 3 22469 1024 0.158181938
54 57 3 22470 1024 0.133696201
55 58 3 22471 1024 0.162443131
56 59 3 22472 1024 0.175540573
57 60 3 22473 1024 0.176860547
58 61 3 22474 1024 0.162239508
59 62 3 22475 1024 0.144123423
60 63 3 22476 1024 0.160802455
61 0 3 22477 1024 0.152483560
62 1 3 22478 1024 0.167403470
63 2 3 22479 1024 0.164144059
0 4 3 22480 1024 0.160630425
1 5 3 22481 1024 0.147257313
2 6 3 22482 1024 0.179398874
3 7 3 22483 1024 0.152749214
4 8 3 22484 1024 0.175971326
5 9 3 22485 1024 0.137656896
6 10 3 22486 1024 0.156822734
7 11 3 22487 1024 0.148006757
8 12 3 22488 1024 0.137220370
9 13 3 22489 1024 0.161854661
10 14 3 22490 1024 0.138717658
11 15 3 22491 1024 0.178368500
12 16 3 22492 1024 0.179957024
13 17 3 22493 1024 0.174096875
14 18 3 22494 1024 0.148403905
15 19 3 22495 1024 0.131046856
16 20 3 22496 1024 0.170272524
17 21 3 22497 1024 0.137199189
18 22 3 22498 1024 0.152996603
19 23 3 22499 1024 0.165534291
20 24 3 22500 1024 0.157074926
21 25 3 22501 1024 0.141349281
22 26 3 22502 1024 0.150111547
23 27 3 22503 1024 0.172006767
24 28 3 22504 1024 0.147647069
25 29 3 22505 1024 0.177094055
26 30 3 22506 1024 0.151057033
27 31 3 22507 1024 0.150886281
28 32 3 22508 1024 0.166672465
29 33 3 22509 1024 0.152194644
30 34 3 22510 1024 0.149422143
31 35 3 22511 1024 0.148178013
32 36 3 22512 1024 0.146300549
33 37 3 22513 1024 0.149944153
34 38 3 22514 1024 0.166165386
35 39 3 22515 1024 0.140295754
36 40 3 22516 1024 0.140847966
37 41 3 22517 1024 0.139548254
38 42 3 22518 1024 0.139730097
39 43 3 22519 1024 0.173680307
40 44 3 22520 1024 0.162966299
41 45 3 22521 1024 0.160943813
42 46 3 22522 1024 0.175017716
43 47 3 22523 1024 0.157410276
44 48 3 22524 1024 0.168198829
45 49 3 22525 1024 0.150410404
46 50 3 22526 1024 0.162200002
47 51 3 22527 1024 0.140675684
48 52 3 22528 1024 0.137066574
49 53 3 22529 1024 0.135432509
50 54 3 22530 1024 0.162611872
51 55 3 22531 1024 0.145016014
52 56 3 22532 1024 0.171644395
53 57 3 22533 1024 0.168728883
54 58 3 22534 1024 0.161179805
55 59 3 22535 1024 0.132544285
56 60 3 22536 1024 0.140858907
57 61 3 22537 1024 0.157584654
58 62 3 22538 1024 0.137835967
59 63 3 22539 1024 0.149214525
60 0 3 22540 1024 0.155875043
61 1 3 22541 1024 0.139015762
62 2 3 22542 1024 0.152149017
63 3 3 22543 1024 0.164698480
0 5 3 22544 1024 0.149298534
1 6 3 22545 1024 0.163349677
2 7 3 22546 1024 0.143665999
3 8 3 22547 1024 0.167298585
4 9 3 22548 1024 0.158168200
5 10 3 22549 1024 0.137792784
6 11 3 22550 1024 0.150093824
7 12 3 22551 1024 0.169092946
8 13 3 22552 1024 0.139890487
9 14 3 22553 1024 0.150564487
10 15 3 22554 1024 0.153428988
11 16 3 22555 1024 0.173401505
12 17 3 22556 1024 0.136527754
13 18 3 22557 1024 0.176562623
14 19 3 22558 1024 0.145810730
15 20 3 22559 1024 0.176651011
16 21 3 22560 1024 0.160616245
17 22 3 22561 1024 0.166765881
18 23 3 22562 1024 0.173795829
19 24 3 22563 1024 0.163809470
20 25 3 22564 1024 0.169348113
21 26 3 22565 1024 0.134287503
22 27 3 22566 1024 0.130433434
23 28 3 22567 1024 0.173112463
24 29 3 22568 1024 0.132637635
25 30 3 22569 1024 0.172630046
26 31 3 22570 1024 0.145664694
27 32 3 22571 1024 0.175090188
28 33 3 22572 1024 0.140150354
29 34 3 22573 1024 0.137530147
30 35 3 22574 1024 0.140650593
31 36 3 22575 1024 0.172033926
32 37 3 22576 1024 0.148147003
33 38 3 22577 1024 0.175462280
34 39 3 22578 1024 0.159172426
35 40 3 22579 1024 0.171412725
36 41 3 22580 1024 0.153754367
37 42 3 22581 1024 0.165180161
38 43 3 22582 1024 0.144487052
39 44 3 22583 1024 0.135074974
40 45 3 22584 1024 0.158094378
41 46 3 22585 1024 0.175040853
42 47 3 22586 1024 0.137600845
43 48 3 22587 1024 0.150759293
44 49 3 22588 1024 0.156615259
45 50 3 22589 1024 0.160914445
46 51 3 22590 1024 0.137914021
47 52 3 22591 1024 0.157616060
48 53 3 22592 1024 0.153478384
49 54 3 22593 1024 0.179165151
50 55 3 22594 1024 0.164498186
51 56 3 22595 1024 0.175182581
52 57 3 22596 1024 0.178806236
53 58 3 22597 1024 0.163193454
54 59 3 22598 1024 0.137332315
55 60 3 22599 1024 0.152245194
56 61 3 22600 1024 0.167783676
57 62 3 22601 1024 0.136779937
58 63 3 22602 1024 0.149047457
59 0 3 22603 1024 0.148968488
60 1 3 22604 1024 0.138522898
61 2 3 22605 1024 0.130997706
62 3 3 22606 1024 0.164406075
63 4 3 22607 1024 0.170897585
0 6 3 22608 1024 0.176547109
1 7 3 22609 1024 0.159244560
2 8 3 22610 1024 0.139091683
3 9 3 22611 1024 0.174699402
4 10 3 22612 1024 0.178514835
5 11 3 22613 1024 0.177330204
6 12 3 22614 1024 0.158339150
7 13 3 22615 1024 0.174280193
8 14 3 22616 1024 0.179390765
9 15 3 22617 1024 0.174324535
10 16 3 22618 1024 0.133444500
11 17 3 22619 1024 0.136747170
12 18 3 22620 1024 0.145005227
13 19 3 22621 1024 0.149680788
14 20 3 22622 1024 0.137474300
15 21 3 22623 1024 0.179644840
16 22 3 22624 1024 0.169548377
17 23 3 22625 1024 0.163445193
18 24 3 22626 1024 0.178078756
19 25 3 22627 1024 0.146034929
20 26 3 22628 1024 0.165570409
21 27 3 22629 1024 0.177438089
22 28 3 22630 1024 0.134153635
23 29 3 22631 1024 0.160140628
24 30 3 22632 1024 0.169965883
25 31 3 22633 1024 0.130797777
26 32 3 22634 1024 0.174552385
27 33 3 22635 1024 0.150886933
28 34 3 22636 1024 0.138453008
29 35 3 22637 1024 0.172562641
30 36 3 22638 1024 0.139601157
31 37 3 22639 1024 0.144012292
32 38 3 22640 1024 0.156021580
33 39 3 22641 1024 0.175796253
34 40 3 22642 1024 0.154480453
35 41 3 22643 1024 0.175290833
36 42 3 22644 1024 0.132600554
37 43 3 22645 1024 0.141940196
38 44 3 22646 1024 0.145331806
39 45 3 22647 1024 0.152446553
40 46 3 22648 1024 0.151647484
41 47 3 22649 1024 0.132022787
42 48 3 22650 1024 0.167499881
43 49 3 22651 1024 0.167988253
44 50 3 22652 1024 0.152904376
45 51 3 22653 1024 0.134012209
46 52 3 22654 1024 0.157563706
47 53 3 22655 1024 0.136532493
48 54 3 22656 1024 0.178912433
49 55 3 22657 1024 0.161208483
50 56 3 22658 1024 0.166732063
51 57 3 22659 1024 0.130960608
52 58 3 22660 1024 0.149033556
53 59 3 22661 1024 0.175226741
54 60 3 22662 1024 0.149000847
55 61 3 22663 1024 0.131799158
56 62 3 22664 1024 0.163595196
57 63 3 22665 1024 0.164842805
58 0 3 22666 1024 0.146781746
59 1 3 22667 1024 0.170157302
60 2 3 22668 1024 0.172681333
61 3 3 22669 1024 0.169206018
62 4 3 22670 1024 0.150359752
63 5 3 22671 1024 0.147106434
0 7 3 22672 1024 0.177145313
1 8 3 22673 1024 0.165955855
2 9 3 22674 1024 0.157619132
3 10 3 22675 1024 0.154441521
4 11 3 22676 1024 0.143333626
5 12 3 22677 1024 0.175667868
6 13 3 22678 1024 0.175938806
7 14 3 22679 1024 0.134239765
8 15 3 22680 1024 0.163311130
9 16 3 22681 1024 0.145930696
10 17 3 22682 1024 0.155439564
11 18 3 22683 1024 0.135676264
12 19 3 22684 1024 0.170537754
13 20 3 22685 1024 0.170311333
14 21 3 22686 1024 0.135352480
15 22 3 22687 1024 0.133720731
16 23 3 22688 1024 0.148669415
17 24 3 22689 1024 0.137700306
18 25 3 22690 1024 0.170072853
19 26 3 22691 1024 0.168943834
20 27 3 22692 1024 0.173184520
21 28 3 22693 1024 0.130482262
22 29 3 22694 1024 0.130672361
23 30 3 22695 1024 0.170349312
24 31 3 22696 1024 0.173507980
25 32 3 22697 1024 0.160873033
26 33 3 22698 1024 0.137812190
27 34 3 22699 1024 0.161306319
28 35 3 22700 1024 0.173567469
29 36 3 22701 1024 0.153038150
30 37 3 22702 1024 0.173670072
31 38 3 22703 1024 0.169306582
32 39 3 22704 1024 0.135291637
33 40 3 22705 1024 0.136098920
34 41 3 22706 1024 0.165207382
35 42 3 22707 1024 0.139976066
36 43 3 22708 1024 0.167303204
37 44 3 22709 1024 0.134057780
38 45 3 22710 1024 0.134585194
39 46 3 22711 1024 0.177569596
40 47 3 22712 1024 0.130192057
41 48 3 22713 1024 0.169579636
42 49 3 22714 1024 0.141653787
43 50 3 22715 1024 0.132499932
44 51 3 22716 1024 0.133970598
45 52 3 22717 1024 0.146020248
46 53 3 22718 1024 0.156466674
47 54 3 22719 1024 0.153802205
48 55 3 22720 1024 0.139864988
49 56 3 22721 1024 0.179396479
50 57 3 22722 1024 0.160272891
51 58 3 22723 1024 0.139303244
52 59 3 22724 1024 0.144403175
53 60 3 22725 1024 0.163807967
54 61 3 22726 1024 0.173250411
55 62 3 22727 1024 0.133063317
56 63 3 22728 1024 0.139246392
57 0 3 22729 1024 0.130315670
58 1 3 22730 1024 0.138792546
59 2 3 22731 1024 0.139886025
60 3 3 22732 1024 0.137194639
61 4 3 22733 1024 0.157099922
62 5 3 22734 1024 0.178636186
63 6 3 22735 1024 0.164998351
0 8 3 22736 1024 0.165143405
1 9 3 22737 1024 0.133788988
2 10 3 22738 1024 0.139352403
3 11 3 22739 1024 0.146070272
4 12 3 22740 1024 0.179599021
5 13 3 22741 1024 0.138121179
6 14 3 22742 1024 0.161764846
7 15 3 22743 1024 0.159615410
8 16 3 22744 1024 0.160077698
9 17 3 22745 1024 0.155332723
10 18 3 22746 1024 0.144270151
11 19 3 22747 1024 0.151326165
12 20 3 22748 1024 0.171223429
13 21 3 22749 1024 0.166772158
14 22 3 22750 1024 0.156527542
15 23 3 22751 1024 0.162742108
16 24 3 22752 1024 0.178406952
17 25 3 22753 1024 0.142583409
18 26 3 22754 1024 0.167714855
19 27 3 22755 1024 0.133232667
20 28 3 22756 1024 0.133139149
21 29 3 22757 1024 0.147211163
22 30 3 22758 1024 0.166645709
23 31 3 22759 1024 0.160992269
24 32 3 22760 1024 0.170885176
25 33 3 22761 1024 0.133997581
26 34 3 22762 1024 0.168221690
27 35 3 22763 1024 0.165805486
28 36 3 22764 1024 0.130599947
29 37 3 22765 1024 0.167213435
30 38 3 22766 1024 0.134411584
31 39 3 22767 1024 0.159406931
32 40 3 22768 1024 0.175816669
33 41 3 22769 1024 0.148073989
34 42 3 22770 1024 0.164054041
35 43 3 22771 1024 0.163909778
36 44 3 22772 1024 0.133293941
37 45 3 22773 1024 0.143121865
38 46 3 22774 1024 0.171986259
39 47 3 22775 1024 0.152539348
40 48 3 22776 1024 0.167109632
41 49 3 22777 1024 0.154022440
42 50 3 22778 1024 0.154984747
43 51 3 22779 1024 0.168170624
44 52 3 22780 1024 0.145673734
45 53 3 22781 1024 0.179954871
46 54 3 22782 1024 0.139514253
47 55 3 22783 1024 0.159361456
48 56 3 22784 1024 0.132134974
49 57 3 22785 1024 0.147644748
50 58 3 22786 1024 0.153247241
51 59 3 22787 1024 0.153082011
52 60 3 22788 1024 0.176172301
53 61 3 22789 1024 0.172324080
54 62 3 22790 1024 0.178613803
55 63 3 22791 1024 0.153181193
56 0 3 22792 1024 0.174954479
57 1 3 22793 1024 0.152608820
58 2 3 22794 1024 0.137104145
59 3 3 22795 1024 0.167527604
60 4 3 22796 1024 0.150979858
61 5 3 22797 1024 0.131223991
62 6 3 22798 1024 0.136971601
63 7 3 22799 1024 0.145836175
0 9 3 22800 1024 0.179488107
1 10 3 22801 1024 0.161609652
2 11 3 22802 1024 0.149970913
3 12 3 22803 1024 0.130697508
4 13 3 22804 1024 0.169568755
5 14 3 22805 1024 0.163088604
6 15 3 22806 1024 0.138638997
7 16 3 22807 1024 0.159646858
8 17 3 22808 1024 0.139195481
9 18 3 22809 1024 0.134742310
10 19 3 22810 1024 0.149564582
11 20 3 22811 1024 0.137494991
12 21 3 22812 1024 0.146865761
13 22 3 22813 1024 0.131084034
14 23 3 22814 1024 0.149611595
15 24 3 22815 1024 0.145176107
16 25 3 22816 1024 0.177759788
17 26 3 22817 1024 0.157466432
18 27 3 22818 1024 0.141386965
19 28 3 22819 1024 0.154326739
20 29 3 22820 1024 0.166186460
21 30 3 22821 1024 0.151642812
22 31 3 22822 1024 0.177366545
23 32 3 22823 1024 0.137991032
24 33 3 22824 1024 0.178454996
25 34 3 22825 1024 0.132988021
26 35 3 22826 1024 0.178071971
27 36 3 22827 1024 0.133345304
28 37 3 22828 1024 0.146164125
29 38 3 22829 1024 0.153835013
30 39 3 22830 1024 0.144466093
31 40 3 22831 1024 0.141757621
32 41 3 22832 1024 0.177166899
33 42 3 22833 1024 0.170181102
34 43 3 22834 1024 0.150817271
35 44 3 22835 1024 0.130648380
36 45 3 22836 1024 0.145400384
37 46 3 22837 1024 0.137930120
38 47 3 22838 1024 0.161522952
39 48 3 22839 1024 0.164202878
40 49 3 22840 1024 0.151449872
41 50 3 22841 1024 0.136092369
42 51 3 22842 1024 0.136471404
43 52 3 22843 1024 0.144094856
44 53 3 22844 1024 0.166237838
45 54 3 22845 1024 0.170356214
46 55 3 22846 1024 0.173204877
47 56 3 22847 1024 0.148478377
48 57 3 22848 1024 0.178521535
49 58 3 22849 1024 0.133156250
50 59 3 22850 1024 0.152353910
51 60 3 22851 1024 0.150850029
52 61 3 22852 1024 0.140472799
53 62 3 22853 1024 0.146310031
54 63 3 22854 1024 0.141671917
55 0 3 22855 1024 0.173593689
56 1 3 22856 1024 0.145626852
57 2 3 22857 1024 0.175786896
58 3 3 22858 1024 0.178626394
59 4 3 22859 1024 0.169340307
60 5 3 22860 1024 0.157749787
61 6 3 22861 1024 0.158860990
62 7 3 22862 1024 0.146553036
63 8 3 22863 1024 0.139718889
0 10 3 22864 1024 0.136356642
1 11 3 22865 1024 0.146091638
2 12 3 22866 1024 0.161634087
3 13 3 22867 1024 0.178556784
4 14 3 22868 1024 0.141446335
5 15 3 22869 1024 0.159641739
6 16 3 22870 1024 0.141850894
7 17 3 22871 1024 0.170982849
8 18 3 22872 1024 0.154429396
9 19 3 22873 1024 0.153487627
10 20 3 22874 1024 0.130969865
11 21 3 22875 1024 0.155548023
12 22 3 22876 1024 0.134779133
13 23 3 22877 1024 0.167509616
14 24 3 22878 1024 0.161180350
15 25 3 22879 1024 0.134065383
16 26 3 22880 1024 0.154547024
17 27 3 22881 1024 0.160129989
18 28 3 22882 1024 0.174545529
19 29 3 22883 1024 0.177913637
20 30 3 22884 1024 0.143300366
21 31 3 22885 1024 0.152474246
22 32 3 22886 1024 0.168871661
23 33 3 22887 1024 0.169564079
24 34 3 22888 1024 0.143810518
25 35 3 22889 1024 0.137154168
26 36 3 22890 1024 0.172388639
27 37 3 22891 1024 0.132951063
28 38 3 22892 1024 0.142329281
29 39 3 22893 1024 0.161653491
30 40 3 22894 1024 0.146360719
31 41 3 22895 1024 0.171241839
32 42 3 22896 1024 0.154127656
33 43 3 22897 1024 0.137306010
34 44 3 22898 1024 0.143637878
35 45 3 22899 1024 0.146001783
36 46 3 22900 1024 0.179264228
37 47 3 22901 1024 0.160238551
38 48 3 22902 1024 0.156815508
39 49 3 22903 1024 0.171206822
40 50 3 22904 1024 0.162292079
41 51 3 22905 1024 0.177886285
42 52 3 22906 1024 0.159879359
43 53 3 22907 1024 0.136018121
44 54 3 22908 1024 0.166670996
45 55 3 22909 1024 0.166774744
46 56 3 22910 1024 0.139747154
47 57 3 22911 1024 0.169942425
48 58 3 22912 1024 0.144122813
49 59 3 22913 1024 0.169535465
50 60 3 22914 1024 0.151149566
51 61 3 22915 1024 0.170929327
52 62 3 22916 1024 0.130545701
53 63 3 22917 1024 0.143049394
54 0 3 22918 1024 0.137202980
55 1 3 22919 1024 0.131264185
56 2 3 22920 1024 0.162581748
57 3 3 22921 1024 0.168118681
58 4 3 22922 1024 0.133935484
59 5 3 22923 1024 0.153246974
60 6 3 22924 1024 0.175490331
61 7 3 22925 1024 0.137380737
62 8 3 22926 1024 0.161294494
63 9 3 22927 1024 0.157763218
0 11 3 22928 1024 0.159692253
1 12 3 22929 1024 0.167923078
2 13 3 22930 1024 0.135387244
3 14 3 22931 1024 0.143677603
4 15 3 22932 1024 0.143797472
5 16 3 22933 1024 0.165314837
6 17 3 22934 1024 0.152666674
7 18 3 22935 1024 0.138145055
8 19 3 22936 1024 0.136426784
9 20 3 22937 1024 0.177805278
10 21 3 22938 1024 0.136195747
11 22 3 22939 1024 0.173386885
12 23 3 22940 1024 0.157628756
13 24 3 22941 1024 0.148441100
14 25 3 22942 1024 0.145763437
15 26 3 22943 1024 0.166025062
16 27 3 22944 1024 0.157506356
17 28 3 22945 1024 0.161444517
18 29 3 22946 1024 0.162316416
19 30 3 22947 1024 0.149776885
20 31 3 22948 1024 0.146330523
21 32 3 22949 1024 0.171803666
22 33 3 22950 1024 0.131726699
23 34 3 22951 1024 0.144145446
24 35 3 22952 1024 0.158280844
25 36 3 22953 1024 0.158426481
26 37 3 22954 1024 0.174162981
27 38 3 22955 1024 0.132792959
28 39 3 22956 1024 0.165863512
29 40 3 22957 1024 0.136593338
30 41 3 22958 1024 0.133193895
31 42 3 22959 1024 0.133394733
32 43 3 22960 1024 0.137578496
33 44 3 22961 1024 0.156139029
34 45 3 22962 1024 0.177006139
35 46 3 22963 1024 0.141750680
36 47 3 22964 1024 0.167732978
37 48 3 22965 1024 0.178615972
38 49 3 22966 1024 0.146907902
39 50 3 22967 1024 0.150632089
40 51 3 22968 1024 0.167542535
41 52 3 22969 1024 0.154622785
42 53 3 22970 1024 0.157255569
43 54 3 22971 1024 0.156233967
44 55 3 22972 1024 0.162090935
45 56 3 22973 1024 0.149799508
46 57 3 22974 1024 0.137749200
47 58 3 22975 1024 0.171142298
48 59 3 22976 1024 0.170718208
49 60 3 22977 1024 0.152424907
50 61 3 22978 1024 0.135762457
51 62 3 22979 1024 0.175571219
52 63 3 22980 1024 0.143037735
53 0 3 22981 1024 0.141963269
54 1 3 22982 1024 0.162237929
55 2 3 22983 1024 0.157884229
56 3 3 22984 1024 0.132624155
57 4 3 22985 1024 0.172144659
58 5 3 22986 1024 0.141275993
59 6 3 22987 1024 0.132119742
60 7 3 22988 1024 0.140950045
61 8 3 22989 1024 0.141633283
62 9 3 22990 1024 0.137631537
63 10 3 22991 1024 0.173524157
0 12 3 22992 1024 0.155029194
1 13 3 22993 1024 0.146147513
2 14 3 22994 1024 0.167798154
3 15 3 22995 1024 0.163513150
4 16 3 22996 1024 0.130962787
5 17 3 22997 1024 0.168276834
6 18 3 22998 1024 0.154611363
7 19 3 22999 1024 0.163482104
8 20 3 23000 1024 0.164856237
9 21 3 23001 1024 0.157501554
10 22 3 23002 1024 0.132006501
11 23 3 23003 1024 0.159483433
12 24 3 23004 1024 0.140441830
13 25 3 23005 1024 0.159136959
14 26 3 23006 1024 0.130357619
15 27 3 23007 1024 0.165091211
16 28 3 23008 1024 0.159079161
17 29 3 23009 1024 0.148405912
18 30 3 23010 1024 0.174928949
19 31 3 23011 1024 0.138208959
20 32 3 23012 1024 0.140638917
21 33 3 23013 1024 0.156811499
22 34 3 23014 1024 0.175760033
23 35 3 23015 1024 0.167212695
24 36 3 23016 1024 0.144070857
25 37 3 23017 1024 0.157813136
26 38 3 23018 1024 0.155543981
27 39 3 23019 1024 0.137993166
28 40 3 23020 1024 0.140079296
29 41 3 23021 1024 0.160380926
30 42 3 23022 1024 0.146724287
31 43 3 23023 1024 0.146352904
32 44 3 23024 1024 0.143017092
33 45 3 23025 1024 0.135958383
34 46 3 23026 1024 0.144269087
35 47 3 23027 1024 0.131440874
36 48 3 23028 1024 0.160168393
37 49 3 23029 1024 0.162570431
38 50 3 23030 1024 0.155590255
39 51 3 23031 1024 0.150284541
40 52 3 23032 1024 0.139241602
41 53 3 23033 1024 0.132083004
42 54 3 23034 1024 0.170231791
43 55 3 23035 1024 0.167140670
44 56 3 23036 1024 0.173711716
45 57 3 23037 1024 0.140007132
46 58 3 23038 1024 0.158510349
47 59 3 23039 1024 0.167363652
48 60 3 23040 1024 0.171646485
49 61 3 23041 1024 0.163710317
50 62 3 23042 1024 0.174332608
51 63 3 23043 1024 0.170893015
52 0 3 23044 1024 0.148046916
53 1 3 23045 1024 0.132718378
54 2 3 23046 1024 0.161305882
55 3 3 23047 1024 0.158342330
56 4 3 23048 1024 0.174219021
57 5 3 23049 1024 0.142616629
58 6 3 23050 1024 0.155554969
59 7 3 23051 1024 0.145495078
60 8 3 23052 1024 0.140821178
61 9 3 23053 1024 0.139045957
62 10 3 23054 1024 0.146696601
63 11 3 23055 1024 0.154979636
0 13 3 23056 1024 0.165997105
1 14 3 23057 1024 0.165998464
2 15 3 23058 1024 0.152894217
3 16 3 23059 1024 0.149537720
4 17 3 23060 1024 0.167692932
5 18 3 23061 1024 0.176040948
6 19 3 23062 1024 0.154008779
7 20 3 23063 1024 0.159837019
8 21 3 23064 1024 0.169750159
9 22 3 23065 1024 0.163351216
10 23 3 23066 1024 0.176891259
11 24 3 23067 1024 0.133883706
12 25 3 23068 1024 0.135363079
13 26 3 23069 1024 0.130013537
14 27 3 23070 1024 0.131559997
15 28 3 23071 1024 0.132501402
16 29 3 23072 1024 0.130560595
17 30 3 23073 1024 0.143711566
18 31 3 23074 1024 0.130000474
19 32 3 23075 1024 0.152253031
20 33 3 23076 1024 0.166437411
21 34 3 23077 1024 0.178060420
22 35 3 23078 1024 0.134861633
23 36 3 23079 1024 0.148402488
24 37 3 23080 1024 0.162288606
25 38 3 23081 1024 0.178547010
26 39 3 23082 1024 0.167092324
27 40 3 23083 1024 0.148641048
28 41 3 23084 1024 0.143998934
29 42 3 23085 1024 0.162681299
30 43 3 23086 1024 0.144873496
31 44 3 23087 1024 0.131749638
32 45 3 23088 1024 0.136003826
33 46 3 23089 1024 0.137091904
34 47 3 23090 1024 0.152846382
35 48 3 23091 1024 0.176612282
36 49 3 23092 1024 0.179164153
37 50 3 23093 1024 0.175728303
38 51 3 23094 1024 0.136016251
39 52 3 23095 1024 0.161835489
40 53 3 23096 1024 0.177621250
41 54 3 23097 1024 0.169638126
42 55 3 23098 1024 0.174014528
43 56 3 23099 1024 0.176602159
44 57 3 23100 1024 0.138729064
45 58 3 23101 1024 0.135629338
46 59 3 23102 1024 0.166240451
47 60 3 23103 1024 0.152762229
48 61 3 23104 1024 0.174322000
49 62 3 23105 1024 0.164745929
50 63 3 23106 1024 0.143656728
51 0 3 23107 1024 0.131127947
52 1 3 23108 1024 0.158161533
53 2 3 23109 1024 0.133164192
54 3 3 23110 1024 0.164590076
55 4 3 23111 1024 0.140773779
56 5 3 23112 1024 0.149876947
57 6 3 23113 1024 0.148871251
58 7 3 23114 1024 0.131858058
59 8 3 23115 1024 0.151624376
60 9 3 23116 1024 0.153285079
61 10 3 23117 1024 0.138751145
62 11 3 23118 1024 0.130663453
63 12 3 23119 1024 0.174870406
0 14 3 23120 1024 0.162830501
1 15 3 23121 1024 0.177971444
2 16 3 23122 1024 0.173818791
3 17 3 23123 1024 0.165495087
4 18 3 23124 1024 0.165943542
5 19 3 23125 1024 0.140134932
6 20 3 23126 1024 0.143364222
7 21 3 23127 1024 0.163562128
8 22 3 23128 1024 0.178159480
9 23 3 23129 1024 0.139403491
10 24 3 23130 1024 0.164483760
11 25 3 23131 1024 0.170517696
12 26 3 23132 1024 0.179791873
13 27 3 23133 1024 0.132206155
14 28 3 23134 1024 0.158160598
15 29 3 23135 1024 0.172849911
16 30 3 23136 1024 0.157947220
17 31 3 23137 1024 0.165147347
18 32 3 23138 1024 0.169598189
19 33 3 23139 1024 0.165778466
20 34 3 23140 1024 0.167126298
21 35 3 23141 1024 0.144325855
22 36 3 23142 1024 0.134420800
23 37 3 23143 1024 0.148364858
24 38 3 23144 1024 0.171035710
25 39 3 23145 1024 0.157229537
26 40 3 23146 1024 0.148663373
27 41 3 23147 1024 0.175091045
28 42 3 23148 1024 0.166309930
29 43 3 23149 1024 0.157038351
30 44 3 23150 1024 0.146035562
31 45 3 23151 1024 0.161965709
32 46 3 23152 1024 0.150350082
33 47 3 23153 1024 0.159010590
34 48 3 23154 1024 0.148605496
35 49 3 23155 1024 0.179175640
36 50 3 23156 1024 0.168365664
37 51 3 23157 1024 0.137381659
38 52 3 23158 1024 0.163632897
39 53 3 23159 1024 0.174471454
40 54 3 23160 1024 0.163785535
41 55 3 23161 1024 0.150391289
42 56 3 23162 1024 0.178069321
43 57 3 23163 1024 0.134322278
44 58 3 23164 1024 0.142660015
45 59 3 23165 1024 0.136882075
46 60 3 23166 1024 0.176235954
47 61 3 23167 1024 0.162273207
48 62 3 23168 1024 0.152538437
49 63 3 23169 1024 0.156960590
50 0 3 23170 1024 0.164016883
51 1 3 23171 1024 0.174487045
52 2 3 23172 1024 0.147172688
53 3 3 23173 1024 0.175914934
54 4 3 23174 1024 0.179135705
55 5 3 23175 1024 0.137252525
56 6 3 23176 1024 0.147082494
57 7 3 23177 1024 0.161634872
58 8 3 23178 1024 0.167239695
59 9 3 23179 1024 0.172554893
60 10 3 23180 1024 0.158684630
61 11 3 23181 1024 0.178861599
62 12 3 23182 1024 0.169613890
63 13 3 23183 1024 0.171234275
0 15 3 23184 1024 0.149817509
1 16 3 23185 1024 0.171172169
2 17 3 23186 1024 0.174036151
3 18 3 23187 1024 0.179525197
4 19 3 23188 1024 0.157199837
5 20 3 23189 1024 0.155978442
6 21 3 23190 1024 0.158773230
7 22 3 23191 1024 0.142735858
8 23 3 23192 1024 0.157522428
9 24 3 23193 1024 0.177114493
10 25 3 23194 1024 0.166985563
11 26 3 23195 1024 0.164200534
12 27 3 23196 1024 0.169386212
13 28 3 23197 1024 0.154459000
14 29 3 23198 1024 0.146274365
15 30 3 23199 1024 0.171823439
16 31 3 23200 1024 0.148666106
17 32 3 23201 1024 0.176846403
18 33 3 23202 1024 0.156156051
19 34 3 23203 1024 0.170968045
20 35 3 23204 1024 0.140953571
21 36 3 23205 1024 0.147556718
22 37 3 23206 1024 0.150399922
23 38 3 23207 1024 0.167578276
24 39 3 23208 1024 0.135321331
25 40 3 23209 1024 0.162023467
26 41 3 23210 1024 0.152682704
27 42 3 23211 1024 0.171717464
28 43 3 23212 1024 0.174761718
29 44 3 23213 1024 0.139416557
30 45 3 23214 1024 0.130029806
31 46 3 23215 1024 0.169679700
32 47 3 23216 1024 0.155225554
33 48 3 23217 1024 0.135390043
34 49 3 23218 1024 0.137217777
35 50 3 23219 1024 0.133610334
36 51 3 23220 1024 0.177505530
37 52 3 23221 1024 0.142091667
38 53 3 23222 1024 0.150305994
39 54 3 23223 1024 0.171261598
40 55 3 23224 1024 0.157098344
41 56 3 23225 1024 0.134829361
42 57 3 23226 1024 0.170724718
43 58 3 23227 1024 0.131175281
44 59 3 23228 1024 0.131554872
45 60 3 23229 1024 0.136053777
46 61 3 23230 1024 0.139285706
47 62 3 23231 1024 0.168803393
48 63 3 23232 1024 0.133566808
49 0 3 23233 1024 0.142671695
50 1 3 23234 1024 0.177550633
51 2 3 23235 1024 0.151095876
52 3 3 23236 1024 0.147875714
53 4 3 23237 1024 0.150150040
54 5 3 23238 1024 0.164890926
55 6 3 23239 1024 0.145010774
56 7 3 23240 1024 0.149387366
57 8 3 23241 1024 0.140422420
58 9 3 23242 1024 0.151426194
59 10 3 23243 1024 0.159484540
60 11 3 23244 1024 0.153921974
61 12 3 23245 1024 0.160740159
62 13 3 23246 1024 0.132093744
63 14 3 23247 1024 0.154566673
0 16 3 23248 1024 0.131575902
1 17 3 23249 1024 0.145981592
2 18 3 23250 1024 0.131552016
3 19 3 23251 1024 0.165031575
4 20 3 23252 1024 0.173058744
5 21 3 23253 1024 0.149187764
6 22 3 23254 1024 0.156950865
7 23 3 23255 1024 0.134900341
8 24 3 23256 1024 0.164429557
9 25 3 23257 1024 0.161011586
10 26 3 23258 1024 0.147552746
11 27 3 23259 1024 0.178568118
12 28 3 23260 1024 0.154515423
13 29 3 23261 1024 0.131366406
14 30 3 23262 1024 0.131933579
15 31 3 23263 1024 0.154372420
16 32 3 23264 1024 0.175293771
17 33 3 23265 1024 0.153743589
18 34 3 23266 1024 0.157186748
19 35 3 23267 1024 0.134148234
20 36 3 23268 1024 0.166213932
21 37 3 23269 1024 0.165780424
22 38 3 23270 1024 0.176115544
23 39 3 23271 1024 0.152734310
24 40 3 23272 1024 0.167452611
25 41 3 23273 1024 0.142068932
26 42 3 23274 1024 0.179200012
27 43 3 23275 1024 0.131717107
28 44 3 23276 1024 0.145490679
29 45 3 23277 1024 0.168858189
30 46 3 23278 1024 0.172732110
31 47 3 23279 1024 0.140827768
32 48 3 23280 1024 0.150530355
33 49 3 23281 1024 0.130514698
34 50 3 23282 1024 0.136419208
35 51 3 23283 1024 0.173135834
36 52 3 23284 1024 0.169041745
37 53 3 23285 1024 0.176776909
38 54 3 23286 1024 0.152221499
39 55 3 23287 1024 0.155103631
40 56 3 23288 1024 0.153158999
41 57 3 23289 1024 0.164856552
42 58 3 23290 1024 0.149408905
43 59 3 23291 1024 0.176249024
44 60 3 23292 1024 0.162685116
45 61 3 23293 1024 0.132435744
46 62 3 23294 1024 0.159283053
47 63 3 23295 1024 0.164910828
48 0 3 23296 1024 0.154554950
49 1 3 23297 1024 0.175113087
50 2 3 23298 1024 0.144669474
51 3 3 23299 1024 0.138137309
52 4 3 23300 1024 0.144514333
53 5 3 23301 1024 0.146570780
54 6 3 23302 1024 0.135483729
55 7 3 23303 1024 0.137739810
56 8 3 23304 1024 0.171868722
57 9 3 23305 1024 0.139956154
58 10 3 23306 1024 0.154312373
59 11 3 23307 1024 0.130284625
60 12 3 23308 1024 0.168787006
61 13 3 23309 1024 0.170340133
62 14 3 23310 1024 0.175270498
63 15 3 23311 1024 0.168623133
0 17 3 23312 1024 0.132193734
1 18 3 23313 1024 0.139133890
2 19 3 23314 1024 0.147003521
3 20 3 23315 1024 0.164151657
4 21 3 23316 1024 0.172276921
5 22 3 23317 1024 0.141436626
6 23 3 23318 1024 0.152233321
7 24 3 23319 1024 0.165039001
8 25 3 23320 1024 0.175582760
9 26 3 23321 1024 0.135076886
10 27 3 23322 1024 0.136960265
11 28 3 23323 1024 0.167017820
12 29 3 23324 1024 0.177333621
13 30 3 23325 1024 0.158138538
14 31 3 23326 1024 0.151904865
15 32 3 23327 1024 0.148333782
16 33 3 23328 1024 0.164946060
17 34 3 23329 1024 0.131026880
18 35 3 23330 1024 0.156258761
19 36 3 23331 1024 0.164690604
20 37 3 23332 1024 0.161741600
21 38 3 23333 1024 0.135316406
22 39 3 23334 1024 0.153682900
23 40 3 23335 1024 0.143945110
24 41 3 23336 1024 0.157864078
25 42 3 23337 1024 0.151112762
26 43 3 23338 1024 0.133258767
27 44 3 23339 1024 0.143138779
28 45 3 23340 1024 0.177433102
29 46 3 23341 1024 0.147882129
30 47 3 23342 1024 0.150066349
31 48 3 23343 1024 0.175963723
32 49 3 23344 1024 0.175330812
33 50 3 23345 1024 0.173776649
34 51 3 23346 1024 0.136050544
35 52 3 23347 1024 0.138099766
36 53 3 23348 1024 0.158521031
37 54 3 23349 1024 0.163232047
38 55 3 23350 1024 0.152305106
39 56 3 23351 1024 0.179826022
40 57 3 23352 1024 0.148665843
41 58 3 23353 1024 0.143150334
42 59 3 23354 1024 0.133340944
43 60 3 23355 1024 0.169499908
44 61 3 23356 1024 0.139275509
45 62 3 23357 1024 0.150662788
46 63 3 23358 1024 0.157983329
47 0 3 23359 1024 0.141612415
48 1 3 23360 1024 0.137369362
49 2 3 23361 1024 0.136660741
50 3 3 23362 1024 0.165073695
51 4 3 23363 1024 0.130559681
52 5 3 23364 1024 0.132999699
53 6 3 23365 1024 0.169404355
54 7 3 23366 1024 0.135637629
55 8 3 23367 1024 0.163295560
56 9 3 23368 1024 0.159278643
57 10 3 23369 1024 0.130442875
58 11 3 23370 1024 0.174019232
59 12 3 23371 1024 0.136853090
60 13 3 23372 1024 0.176036583
61 14 3 23373 1024 0.173029284
62 15 3 23374 1024 0.170061265
63 16 3 23375 1024 0.139433351
0 18 3 23376 1024 0.153737978
1 19 3 23377 1024 0.153936718
2 20 3 23378 1024 0.134952351
3 21 3 23379 1024 0.149392877
4 22 3 23380 1024 0.161669828
5 23 3 23381 1024 0.157070142
6 24 3 23382 1024 0.170193498
7 25 3 23383 1024 0.137305620
8 26 3 23384 1024 0.136347779
9 27 3 23385 1024 0.155493395
10 28 3 23386 1024 0.173059274
11 29 3 23387 1024 0.133399701
12 30 3 23388 1024 0.155669229
13 31 3 23389 1024 0.179368086
14 32 3 23390 1024 0.158307870
15 33 3 23391 1024 0.142353391
16 34 3 23392 1024 0.167670687
17 35 3 23393 1024 0.171988547
18 36 3 23394 1024 0.148086126
19 37 3 23395 1024 0.141267102
20 38 3 23396 1024 0.143123423
21 39 3 23397 1024 0.132983651
22 40 3 23398 1024 0.151593552
23 41 3 23399 1024 0.173533436
24 42 3 23400 1024 0.169031600
25 43 3 23401 1024 0.131383262
26 44 3 23402 1024 0.163582799
27 45 3 23403 1024 0.176538999
28 46 3 23404 1024 0.149538811
29 47 3 23405 1024 0.160321826
30 48 3 23406 1024 0.173346771
31 49 3 23407 1024 0.167430425
32 50 3 23408 1024 0.136366318
33 51 3 23409 1024 0.160744789
34 52 3 23410 1024 0.169523380
35 53 3 23411 1024 0.174437207
36 54 3 23412 1024 0.162302048
37 55 3 23413 1024 0.167771508
38 56 3 23414 1024 0.137864256
39 57 3 23415 1024 0.159948943
40 58 3 23416 1024 0.144381384
41 59 3 23417 1024 0.168654958
42 60 3 23418 1024 0.151637076
43 61 3 23419 1024 0.131545701
44 62 3 23420 1024 0.133316699
45 63 3 23421 1024 0.134242133
46 0 3 23422 1024 0.174582523
47 1 3 23423 1024 0.137278189
48 2 3 23424 1024 0.162070006
49 3 3 23425 1024 0.148476056
50 4 3 23426 1024 0.149663367
51 5 3 23427 1024 0.153225355
52 6 3 23428 1024 0.170340569
53 7 3 23429 1024 0.175855538
54 8 3 23430 1024 0.145174844
55 9 3 23431 1024 0.156764548
56 10 3 23432 1024 0.146354388
57 11 3 23433 1024 0.145407093
58 12 3 23434 1024 0.177424797
59 13 3 23435 1024 0.155571998
60 14 3 23436 1024 0.149304693
61 15 3 23437 1024 0.173557953
62 16 3 23438 1024 0.164422584
63 17 3 23439 1024 0.164762478
0 19 3 23440 1024 0.176172700
1 20 3 23441 1024 0.160260241
2 21 3 23442 1024 0.163050441
3 22 3 23443 1024 0.158699406
4 23 3 23444 1024 0.153466405
5 24 3 23445 1024 0.134549385
6 25 3 23446 1024 0.154483777
7 26 3 23447 1024 0.147120501
8 27 3 23448 1024 0.155849879
9 28 3 23449 1024 0.161568294
10 29 3 23450 1024 0.142579647
11 30 3 23451 1024 0.143410581
12 31 3 23452 1024 0.143562560
13 32 3 23453 1024 0.144447348
14 33 3 23454 1024 0.155675896
15 34 3 23455 1024 0.145652582
16 35 3 23456 1024 0.175290541
17 36 3 23457 1024 0.175360882
18 37 3 23458 1024 0.158300746
19 38 3 23459 1024 0.147425661
20 39 3 23460 1024 0.145317382
21 40 3 23461 1024 0.171286761
22 41 3 23462 1024 0.155883588
23 42 3 23463 1024 0.150576962
24 43 3 23464 1024 0.143195507
25 44 3 23465 1024 0.151192406
26 45 3 23466 1024 0.162955556
27 46 3 23467 1024 0.168415703
28 47 3 23468 1024 0.174527520
29 48 3 23469 1024 0.136963884
30 49 3 23470 1024 0.168495451
31 50 3 23471 1024 0.144750765
32 51 3 23472 1024 0.164355169
33 52 3 23473 1024 0.148074347
34 53 3 23474 1024 0.157138796
35 54 3 23475 1024 0.146057124
36 55 3 23476 1024 0.169901532
37 56 3 23477 1024 0.159087451
38 57 3 23478 1024 0.138670780
39 58 3 23479 1024 0.166229635
40 59 3 23480 1024 0.173807284
41 60 3 23481 1024 0.161929768
42 61 3 23482 1024 0.140286691
43 62 3 23483 1024 0.169497251
44 63 3 23484 1024 0.171519463
45 0 3 23485 1024 0.139153892
46 1 3 23486 1024 0.162373867
47 2 3 23487 1024 0.154847784
48 3 3 23488 1024 0.142281691
49 4 3 23489 1024 0.154217166
50 5 3 23490 1024 0.143537025
51 6 3 23491 1024 0.158409469
52 7 3 23492 1024 0.156870431
53 8 3 23493 1024 0.137316996
54 9 3 23494 1024 0.160299188
55 10 3 23495 1024 0.142626785
56 11 3 23496 1024 0.178325685
57 12 3 23497 1024 0.170655726
58 13 3 23498 1024 0.179193378
59 14 3 23499 1024 0.130163354
60 15 3 23500 1024 0.139446404
61 16 3 23501 1024 0.176706100
62 17 3 23502 1024 0.176390286
63 18 3 23503 1024 0.152738028
0 20 3 23504 1024 0.179542688
1 21 3 23505 1024 0.159179180
2 22 3 23506 1024 0.143854583
3 23 3 23507 1024 0.158372682
4 24 3 23508 1024 0.139959501
5 25 3 23509 1024 0.132549652
6 26 3 23510 1024 0.151385365
7 27 3 23511 1024 0.179084833
8 28 3 23512 1024 0.159763589
9 29 3 23513 1024 0.153818408
10 30 3 23514 1024 0.149344235
11 31 3 23515 1024 0.135972239
12 32 3 23516 1024 0.139055236
13 33 3 23517 1024 0.148066747
14 34 3 23518 1024 0.170064989
15 35 3 23519 1024 0.132725107
16 36 3 23520 1024 0.172358736
17 37 3 23521 1024 0.143867801
18 38 3 23522 1024 0.157424535
19 39 3 23523 1024 0.143420714
20 40 3 23524 1024 0.169193532
21 41 3 23525 1024 0.176287390
22 42 3 23526 1024 0.164336214
23 43 3 23527 1024 0.140244637
24 44 3 23528 1024 0.174565577
25 45 3 23529 1024 0.158328367
26 46 3 23530 1024 0.130492805
27 47 3 23531 1024 0.146880295
28 48 3 23532 1024 0.161218001
29 49 3 23533 1024 0.143858690
30 50 3 23534 1024 0.151490132
31 51 3 23535 1024 0.141524417
32 52 3 23536 1024 0.160915595
33 53 3 23537 1024 0.158530855
34 54 3 23538 1024 0.143336789
35 55 3 23539 1024 0.157630790
36 56 3 23540 1024 0.172038400
37 57 3 23541 1024 0.137585145
38 58 3 23542 1024 0.157685512
39 59 3 23543 1024 0.145835890
40 60 3 23544 1024 0.140993615
41 61 3 23545 1024 0.170285515
42 62 3 23546 1024 0.171255969
43 63 3 23547 1024 0.140157060
44 0 3 23548 1024 0.160814832
45 1 3 23549 1024 0.177723666
46 2 3 23550 1024 0.134558888
47 3 3 23551 1024 0.167022805
48 4 3 23552 1024 0.178933625
49 5 3 23553 1024 0.143486458
50 6 3 23554 1024 0.154312854
51 7 3 23555 1024 0.134784183
52 8 3 23556 1024 0.172269113
53 9 3 23557 1024 0.141048674
54 10 3 23558 1024 0.152975331
55 11 3 23559 1024 0.138282128
56 12 3 23560 1024 0.138677155
57 13 3 23561 1024 0.141017081
58 14 3 23562 1024 0.135369345
59 15 3 23563 1024 0.141938537
60 16 3 23564 1024 0.145424712
61 17 3 23565 1024 0.158981879
62 18 3 23566 1024 0.159985817
63 19 3 23567 1024 0.149335165
0 21 3 23568 1024 0.140669391
1 22 3 23569 1024 0.135018331
2 23 3 23570 1024 0.134099857
3 24 3 23571 1024 0.165621251
4 25 3 23572 1024 0.152126378
5 26 3 23573 1024 0.166958219
6 27 3 23574 1024 0.149223776
7 28 3 23575 1024 0.160752646
8 29 3 23576 1024 0.149008132
9 30 3 23577 1024 0.157063231
10 31 3 23578 1024 0.143586165
11 32 3 23579 1024 0.174090315
12 33 3 23580 1024 0.154575991
13 34 3 23581 1024 0.169479388
14 35 3 23582 1024 0.156196769
15 36 3 23583 1024 0.146104001
16 37 3 23584 1024 0.154951608
17 38 3 23585 1024 0.160781892
18 39 3 23586 1024 0.171910948
19 40 3 23587 1024 0.160327697
20 41 3 23588 1024 0.148648053
21 42 3 23589 1024 0.165172819
22 43 3 23590 1024 0.160047677
23 44 3 23591 1024 0.164946442
24 45 3 23592 1024 0.148883213
25 46 3 23593 1024 0.169403498
26 47 3 23594 1024 0.140356546
27 48 3 23595 1024 0.145710589
28 49 3 23596 1024 0.150255114
29 50 3 23597 1024 0.142438283
30 51 3 23598 1024 0.144533941
31 52 3 23599 1024 0.141544774
32 53 3 23600 1024 0.160021782
33 54 3 23601 1024 0.153485651
34 55 3 23602 1024 0.131213799
35 56 3 23603 1024 0.176763277
36 57 3 23604 1024 0.142203645
37 58 3 23605 1024 0.164879046
38 59 3 23606 1024 0.152612290
39 60 3 23607 1024 0.170005032
40 61 3 23608 1024 0.149443494
41 62 3 23609 1024 0.147259208
42 63 3 23610 1024 0.149048547
43 0 3 23611 1024 0.154547874
44 1 3 23612 1024 0.166208924
45 2 3 23613 1024 0.175459402
46 3 3 23614 1024 0.134473045
47 4 3 23615 1024 0.142746287
48 5 3 23616 1024 0.141427842
49 6 3 23617 1024 0.148329738
50 7 3 23618 1024 0.179854954
51 8 3 23619 1024 0.153926538
52 9 3 23620 1024 0.138427083
53 10 3 23621 1024 0.172682347
54 11 3 23622 1024 0.162250447
55 12 3 23623 1024 0.159955261
56 13 3 23624 1024 0.170507108
57 14 3 23625 1024 0.172295127
58 15 3 23626 1024 0.178958075
59 16 3 23627 1024 0.148228592
60 17 3 23628 1024 0.168035512
61 18 3 23629 1024 0.134498625
62 19 3 23630 1024 0.175792496
63 20 3 23631 1024 0.134618839
0 22 3 23632 1024 0.164765640
1 23 3 23633 1024 0.132503254
2 24 3 23634 1024 0.133962768
3 25 3 23635 1024 0.176600505
4 26 3 23636 1024 0.152655042
5 27 3 23637 1024 0.144657641
6 28 3 23638 1024 0.172925013
7 29 3 23639 1024 0.143925673
8 30 3 23640 1024 0.175798144
9 31 3 23641 1024 0.141454433
10 32 3 23642 1024 0.145579917
11 33 3 23643 1024 0.156025398
12 34 3 23644 1024 0.141590782
13 35 3 23645 1024 0.134613549
14 36 3 23646 1024 0.132607327
15 37 3 23647 1024 0.162731096
16 38 3 23648 1024 0.169213148
17 39 3 23649 1024 0.177691944
18 40 3 23650 1024 0.177075439
19 41 3 23651 1024 0.138797196
20 42 3 23652 1024 0.157396928
21 43 3 23653 1024 0.177100805
22 44 3 23654 1024 0.174746100
23 45 3 23655 1024 0.141812261
24 46 3 23656 1024 0.170386436
25 47 3 23657 1024 0.139769250
26 48 3 23658 1024 0.165626453
27 49 3 23659 1024 0.133369105
28 50 3 23660 1024 0.135075515
29 51 3 23661 1024 0.170864488
30 52 3 23662 1024 0.138936530
31 53 3 23663 1024 0.136206864
32 54 3 23664 1024 0.153126856
33 55 3 23665 1024 0.168043014
34 56 3 23666 1024 0.166160425
35 57 3 23667 1024 0.137635930
36 58 3 23668 1024 0.176607505
37 59 3 23669 1024 0.142282327
38 60 3 23670 1024 0.130437325
39 61 3 23671 1024 0.172770366
40 62 3 23672 1024 0.168317482
41 63 3 23673 1024 0.155662295
42 0 3 23674 1024 0.131035898
43 1 3 23675 1024 0.155225487
44 2 3 23676 1024 0.132842504
45 3 3 23677 1024 0.136747455
46 4 3 23678 1024 0.132417223
47 5 3 23679 1024 0.137795471
48 6 3 23680 1024 0.136614549
49 7 3 23681 1024 0.173084415
50 8 3 23682 1024 0.171713996
51 9 3 23683 1024 0.158693225
52 10 3 23684 1024 0.143963853
53 11 3 23685 1024 0.142289446
54 12 3 23686 1024 0.138757250
55 13 3 23687 1024 0.135493809
56 14 3 23688 1024 0.142410740
57 15 3 23689 1024 0.162006806
58 16 3 23690 1024 0.167725681
59 17 3 23691 1024 0.133353702
60 18 3 23692 1024 0.148871255
61 19 3 23693 1024 0.130028670
62 20 3 23694 1024 0.153038635
63 21 3 23695 1024 0.169941903
0 23 3 23696 1024 0.163876271
1 24 3 23697 1024 0.149750846
2 25 3 23698 1024 0.157073448
3 26 3 23699 1024 0.150194923
4 27 3 23700 1024 0.156252539
5 28 3 23701 1024 0.178105245
6 29 3 23702 1024 0.177164267
7 30 3 23703 1024 0.147696774
8 31 3 23704 1024 0.160275858
9 32 3 23705 1024 0.165917793
10 33 3 23706 1024 0.167467165
11 34 3 23707 1024 0.167581563
12 35 3 23708 1024 0.156173521
13 36 3 23709 1024 0.150383915
14 37 3 23710 1024 0.155157627
15 38 3 23711 1024 0.154986335
16 39 3 23712 1024 0.170241936
17 40 3 23713 1024 0.140344651
18 41 3 23714 1024 0.159989911
19 42 3 23715 1024 0.148375063
20 43 3 23716 1024 0.144922109
21 44 3 23717 1024 0.160219788
22 45 3 23718 1024 0.150620650
23 46 3 23719 1024 0.148797211
24 47 3 23720 1024 0.148681171
25 48 3 23721 1024 0.145727259
26 49 3 23722 1024 0.139935142
27 50 3 23723 1024 0.130802077
28 51 3 23724 1024 0.151776877
29 52 3 23725 1024 0.161922684
30 53 3 23726 1024 0.137358508
31 54 3 23727 1024 0.173259859
32 55 3 23728 1024 0.169526215
33 56 3 23729 1024 0.167461266
34 57 3 23730 1024 0.162453566
35 58 3 23731 1024 0.145098607
36 59 3 23732 1024 0.142224589
37 60 3 23733 1024 0.130818902
38 61 3 23734 1024 0.141353574
39 62 3 23735 1024 0.151951302
40 63 3 23736 1024 0.154338792
41 0 3 23737 1024 0.153317452
42 1 3 23738 1024 0.153260235
43 2 3 23739 1024 0.174119172
44 3 3 23740 1024 0.153164965
45 4 3 23741 1024 0.150790001
46 5 3 23742 1024 0.132567313
47 6 3 23743 1024 0.177386272
48 7 3 23744 1024 0.174851943
49 8 3 23745 1024 0.176137336
50 9 3 23746 1024 0.144770904
51 10 3 23747 1024 0.132655967
52 11 3 23748 1024 0.153254471
53 12 3 23749 1024 0.149327842
54 13 3 23750 1024 0.162671601
55 14 3 23751 1024 0.151669117
56 15 3 23752 1024 0.159911823
57 16 3 23753 1024 0.147738719
58 17 3 23754 1024 0.155628075
59 18 3 23755 1024 0.153855405
60 19 3 23756 1024 0.176698859
61 20 3 23757 1024 0.173431452
62 21 3 23758 1024 0.153972926
63 22 3 23759 1024 0.147624122
0 24 3 23760 1024 0.139673965
1 25 3 23761 1024 0.176099264
2 26 3 23762 1024 0.138297270
3 27 3 23763 1024 0.179604978
4 28 3 23764 1024 0.137296951
5 29 3 23765 1024 0.165555251
6 30 3 23766 1024 0.143480430
7 31 3 23767 1024 0.131234175
8 32 3 23768 1024 0.140934690
9 33 3 23769 1024 0.156054552
10 34 3 23770 1024 0.131206992
11 35 3 23771 1024 0.150170603
12 36 3 23772 1024 0.169925559
13 37 3 23773 1024 0.153014549
14 38 3 23774 1024 0.161088634
15 39 3 23775 1024 0.144246358
16 40 3 23776 1024 0.132545817
17 41 3 23777 1024 0.155849876
18 42 3 23778 1024 0.136164890
19 43 3 23779 1024 0.151919892
20 44 3 23780 1024 0.154375841
21 45 3 23781 1024 0.168181982
22 46 3 23782 1024 0.131807796
23 47 3 23783 1024 0.168965394
24 48 3 23784 1024 0.166433222
25 49 3 23785 1024 0.158317529
26 50 3 23786 1024 0.133364459
27 51 3 23787 1024 0.178406473
28 52 3 23788 1024 0.176647379
29 53 3 23789 1024 0.148896249
30 54 3 23790 1024 0.163030813
31 55 3 23791 1024 0.151993073
32 56 3 23792 1024 0.166127176
33 57 3 23793 1024 0.143355292
34 58 3 23794 1024 0.137110562
35 59 3 23795 1024 0.175749741
36 60 3 23796 1024 0.134659480
37 61 3 23797 1024 0.149194477
38 62 3 23798 1024 0.149719970
39 63 3 23799 1024 0.132094582
40 0 3 23800 1024 0.145145515
41 1 3 23801 1024 0.177677983
42 2 3 23802 1024 0.139724672
43 3 3 23803 1024 0.158464744
44 4 3 23804 1024 0.150879453
45 5 3 23805 1024 0.171296106
46 6 3 23806 1024 0.137582323
47 7 3 23807 1024 0.157352799
48 8 3 23808 1024 0.142757394
49 9 3 23809 1024 0.175803563
50 10 3 23810 1024 0.130028349
51 11 3 23811 1024 0.133311413
52 12 3 23812 1024 0.172942033
53 13 3 23813 1024 0.143275384
54 14 3 23814 1024 0.154133229
55 15 3 23815 1024 0.133304454
56 16 3 23816 1024 0.153415331
57 17 3 23817 1024 0.179059863
58 18 3 23818 1024 0.176241089
59 19 3 23819 1024 0.154674112
60 20 3 23820 1024 0.133998477
61 21 3 23821 1024 0.152980314
62 22 3 23822 1024 0.174970266
63 23 3 23823 1024 0.160839918
0 25 3 23824 1024 0.178972907
1 26 3 23825 1024 0.172529692
2 27 3 23826 1024 0.177783421
3 28 3 23827 1024 0.142904168
4 29 3 23828 1024 0.157928429
5 30 3 23829 1024 0.174458515
6 31 3 23830 1024 0.170719021
7 32 3 23831 1024 0.146529993
8 33 3 23832 1024 0.163247075
9 34 3 23833 1024 0.156335458
10 35 3 23834 1024 0.163387593
11 36 3 23835 1024 0.171767933
12 37 3 23836 1024 0.159488979
13 38 3 23837 1024 0.164130072
14 39 3 23838 1024 0.170309448
15 40 3 23839 1024 0.168914806
16 41 3 23840 1024 0.142264827
17 42 3 23841 1024 0.170746593
18 43 3 23842 1024 0.151693668
19 44 3 23843 1024 0.143609427
20 45 3 23844 1024 0.176997002
21 46 3 23845 1024 0.145028447
22 47 3 23846 1024 0.178638057
23 48 3 23847 1024 0.179565645
24 49 3 23848 1024 0.132564329
25 50 3 23849 1024 0.159584642
26 51 3 23850 1024 0.170083690
27 52 3 23851 1024 0.142882114
28 53 3 23852 1024 0.171203450
29 54 3 23853 1024 0.157750704
30 55 3 23854 1024 0.172224410
31 56 3 23855 1024 0.140947628
32 57 3 23856 1024 0.177808840
33 58 3 23857 1024 0.153217379
34 59 3 23858 1024 0.137662913
35 60 3 23859 1024 0.134929862
36 61 3 23860 1024 0.157110464
37 62 3 23861 1024 0.148149645
38 63 3 23862 1024 0.167126178
39 0 3 23863 1024 0.150964577
40 1 3 23864 1024 0.146560657
41 2 3 23865 1024 0.134056460
42 3 3 23866 1024 0.138122274
43 4 3 23867 1024 0.154058684
44 5 3 23868 1024 0.176420492
45 6 3 23869 1024 0.133316030
46 7 3 23870 1024 0.145697850
47 8 3 23871 1024 0.174465325
48 9 3 23872 1024 0.151781171
49 10 3 23873 1024 0.170753042
50 11 3 23874 1024 0.137702297
51 12 3 23875 1024 0.153658707
52 13 3 23876 1024 0.131529776
53 14 3 23877 1024 0.176879701
54 15 3 23878 1024 0.135911320
55 16 3 23879 1024 0.141784116
56 17 3 23880 1024 0.173955292
57 18 3 23881 1024 0.154593039
58 19 3 23882 1024 0.177913713
59 20 3 23883 1024 0.159421161
60 21 3 23884 1024 0.150265885
61 22 3 23885 1024 0.172472503
62 23 3 23886 1024 0.144323380
63 24 3 23887 1024 0.160528636
0 26 3 23888 1024 0.138244721
1 27 3 23889 1024 0.137959600
2 28 3 23890 1024 0.146357145
3 29 3 23891 1024 0.148842382
4 30 3 23892 1024 0.134143919
5 31 3 23893 1024 0.134104743
6 32 3 23894 1024 0.169809715
7 33 3 23895 1024 0.130424493
8 34 3 23896 1024 0.157018523
9 35 3 23897 1024 0.154632424
10 36 3 23898 1024 0.134615752
11 37 3 23899 1024 0.178503011
12 38 3 23900 1024 0.170404925
13 39 3 23901 1024 0.162398488
14 40 3 23902 1024 0.179591864
15 41 3 23903 1024 0.130104363
16 42 3 23904 1024 0.138878654
17 43 3 23905 1024 0.136674165
18 44 3 23906 1024 0.179185053
19 45 3 23907 1024 0.148338349
20 46 3 23908 1024 0.164283085
21 47 3 23909 1024 0.171337869
22 48 3 23910 1024 0.147862525
23 49 3 23911 1024 0.158599863
24 50 3 23912 1024 0.132021492
25 51 3 23913 1024 0.174643986
26 52 3 23914 1024 0.146507087
27 53 3 23915 1024 0.131947112
28 54 3 23916 1024 0.159143175
29 55 3 23917 1024 0.179409233
30 56 3 23918 1024 0.160718167
31 57 3 23919 1024 0.171071489
32 58 3 23920 1024 0.139612407
33 59 3 23921 1024 0.138496720
34 60 3 23922 1024 0.149543208
35 61 3 23923 1024 0.179674056
36 62 3 23924 1024 0.135376924
37 63 3 23925 1024 0.159668508
38 0 3 23926 1024 0.160771754
39 1 3 23927 1024 0.156304375
40 2 3 23928 1024 0.171590111
41 3 3 23929 1024 0.144222243
42 4 3 23930 1024 0.133247126
43 5 3 23931 1024 0.160308387
44 6 3 23932 1024 0.142999111
45 7 3 23933 1024 0.162173201
46 8 3 23934 1024 0.164997136
47 9 3 23935 1024 0.134806009
48 10 3 23936 1024 0.160324179
49 11 3 23937 1024 0.164451601
50 12 3 23938 1024 0.131601687
51 13 3 23939 1024 0.172607822
52 14 3 23940 1024 0.163250429
53 15 3 23941 1024 0.164745439
54 16 3 23942 1024 0.170513539
55 17 3 23943 1024 0.147937596
56 18 3 23944 1024 0.155443794
57 19 3 23945 1024 0.144682663
58 20 3 23946 1024 0.165282871
59 21 3 23947 1024 0.150054701
60 22 3 23948 1024 0.170348293
61 23 3 23949 1024 0.141756254
62 24 3 23950 1024 0.179229934
63 25 3 23951 1024 0.145466305
0 27 3 23952 1024 0.146330483
1 28 3 23953 1024 0.142034064
2 29 3 23954 1024 0.137436046
3 30 3 23955 1024 0.137760954
4 31 3 23956 1024 0.133972656
5 32 3 23957 1024 0.159384155
6 33 3 23958 1024 0.135885907
7 34 3 23959 1024 0.135383725
8 35 3 23960 1024 0.152446010
9 36 3 23961 1024 0.137466341
10 37 3 23962 1024 0.133672108
11 38 3 23963 1024 0.168518335
12 39 3 23964 1024 0.164386290
13 40 3 23965 1024 0.158963515
14 41 3 23966 1024 0.165932024
15 42 3 23967 1024 0.151766742
16 43 3 23968 1024 0.136130925
17 44 3 23969 1024 0.162215551
18 45 3 23970 1024 0.177128937
19 46 3 23971 1024 0.157606012
20 47 3 23972 1024 0.159383540
21 48 3 23973 1024 0.176871810
22 49 3 23974 1024 0.140488594
23 50 3 23975 1024 0.153661414
24 51 3 23976 1024 0.131691806
25 52 3 23977 1024 0.137826548
26 53 3 23978 1024 0.139574430
27 54 3 23979 1024 0.133302768
28 55 3 23980 1024 0.131568976
29 56 3 23981 1024 0.172653379
30 57 3 23982 1024 0.142609098
31 58 3 23983 1024 0.139328125
32 59 3 23984 1024 0.154880846
33 60 3 23985 1024 0.162916472
34 61 3 23986 1024 0.149874482
35 62 3 23987 1024 0.165457087
36 63 3 23988 1024 0.146178979
37 0 3 23989 1024 0.136645163
38 1 3 23990 1024 0.146345409
39 2 3 23991 1024 0.178334856
40 3 3 23992 1024 0.151117420
41 4 3 23993 1024 0.145739419
42 5 3 23994 1024 0.175774662
43 6 3 23995 1024 0.158328437
44 7 3 23996 1024 0.164992762
45 8 3 23997 1024 0.130371935
46 9 3 23998 1024 0.169160334
47 10 3 23999 1024 0.177714479
48 11 3 24000 1024 0.150790052
49 12 3 24001 1024 0.154344710
50 13 3 24002 1024 0.179418442
51 14 3 24003 1024 0.137408389
52 15 3 24004 1024 0.174210956
53 16 3 24005 1024 0.142001169
54 17 3 24006 1024 0.160196092
55 18 3 24007 1024 0.177853131
56 19 3 24008 1024 0.175365345
57 20 3 24009 1024 0.166039219
58 21 3 24010 1024 0.150893510
59 22 3 24011 1024 0.168542997
60 23 3 24012 1024 0.161576898
61 24 3 24013 1024 0.165568261
62 25 3 24014 1024 0.170010431
63 26 3 24015 1024 0.148651195
0 28 3 24016 1024 0.130136865
1 29 3 24017 1024 0.154139918
2 30 3 24018 1024 0.171216202
3 31 3 24019 1024 0.155053845
4 32 3 24020 1024 0.140553088
5 33 3 24021 1024 0.146625896
6 34 3 24022 1024 0.162933282
7 35 3 24023 1024 0.166827273
8 36 3 24024 1024 0.155249057
9 37 3 24025 1024 0.156543455
10 38 3 24026 1024 0.174479319
11 39 3 24027 1024 0.179681553
12 40 3 24028 1024 0.160623189
13 41 3 24029 1024 0.160611225
14 42 3 24030 1024 0.151746883
15 43 3 24031 1024 0.177490847
16 44 3 24032 1024 0.170013972
17 45 3 24033 1024 0.152747625
18 46 3 24034 1024 0.165955360
19 47 3 24035 1024 0.157356159
20 48 3 24036 1024 0.156939613
21 49 3 24037 1024 0.167788679
22 50 3 24038 1024 0.132225683
23 51 3 24039 1024 0.146630270
24 52 3 24040 1024 0.150366815
25 53 3 24041 1024 0.161352137
26 54 3 24042 1024 0.169591914
27 55 3 24043 1024 0.153725878
28 56 3 24044 1024 0.173911719
29 57 3 24045 1024 0.176452420
30 58 3 24046 1024 0.175705260
31 59 3 24047 1024 0.160438023
32 60 3 24048 1024 0.141547262
33 61 3 24049 1024 0.145758977
34 62 3 24050 1024 0.159544683
35 63 3 24051 1024 0.152463567
36 0 3 24052 1024 0.145014125
37 1 3 24053 1024 0.162602735
38 2 3 24054 1024 0.131935524
39 3 3 24055 1024 0.141473646
40 4 3 24056 1024 0.175219022
41 5 3 24057 1024 0.142707096
42 6 3 24058 1024 0.143268296
43 7 3 24059 1024 0.156537141
44 8 3 24060 1024 0.132027207
45 9 3 24061 1024 0.177600429
46 10 3 24062 1024 0.152462497
47 11 3 24063 1024 0.149849009
48 12 3 24064 1024 0.151500538
49 13 3 24065 1024 0.177931872
50 14 3 24066 1024 0.170119559
51 15 3 24067 1024 0.143681735
52 16 3 24068 1024 0.170721234
53 17 3 24069 1024 0.157327296
54 18 3 24070 1024 0.150837753
55 19 3 24071 1024 0.155087592
56 20 3 24072 1024 0.177629863
57 21 3 24073 1024 0.169731486
58 22 3 24074 1024 0.162000983
59 23 3 24075 1024 0.145310206
60 24 3 24076 1024 0.160012249
61 25 3 24077 1024 0.132559785
62 26 3 24078 1024 0.179443419
63 27 3 24079 1024 0.140670728
0 29 3 24080 1024 0.163064429
1 30 3 24081 1024 0.144377857
2 31 3 24082 1024 0.135793583
3 32 3 24083 1024 0.141741671
4 33 3 24084 1024 0.179463854
5 34 3 24085 1024 0.158037736
6 35 3 24086 1024 0.146429369
7 36 3 24087 1024 0.157253163
8 37 3 24088 1024 0.140012854
9 38 3 24089 1024 0.164254202
10 39 3 24090 1024 0.133983845
11 40 3 24091 1024 0.162342149
12 41 3 24092 1024 0.177328928
13 42 3 24093 1024 0.131034545
14 43 3 24094 1024 0.136493874
15 44 3 24095 1024 0.167470512
16 45 3 24096 1024 0.142909661
17 46 3 24097 1024 0.162872858
18 47 3 24098 1024 0.163590543
19 48 3 24099 1024 0.150778782
20 49 3 24100 1024 0.175297727
21 50 3 24101 1024 0.140204666
22 51 3 24102 1024 0.138195365
23 52 3 24103 1024 0.134880216
24 53 3 24104 1024 0.176587074
25 54 3 24105 1024 0.145474621
26 55 3 24106 1024 0.157115977
27 56 3 24107 1024 0.157434033
28 57 3 24108 1024 0.133429488
29 58 3 24109 1024 0.179140680
30 59 3 24110 1024 0.173661058
31 60 3 24111 1024 0.172651514
32 61 3 24112 1024 0.130166411
33 62 3 24113 1024 0.141977571
34 63 3 24114 1024 0.168933244
35 0 3 24115 1024 0.169721326
36 1 3 24116 1024 0.177218195
37 2 3 24117 1024 0.178257184
38 3 3 24118 1024 0.135668538
39 4 3 24119 1024 0.152564580
40 5 3 24120 1024 0.136071952
41 6 3 24121 1024 0.168299990
42 7 3 24122 1024 0.168976876
43 8 3 24123 1024 0.153264861
44 9 3 24124 1024 0.136104876
45 10 3 24125 1024 0.163399919
46 11 3 24126 1024 0.143915028
47 12 3 24127 1024 0.134163405
48 13 3 24128 1024 0.169450001
49 14 3 24129 1024 0.147662008
50 15 3 24130 1024 0.149394034
51 16 3 24131 1024 0.139465008
52 17 3 24132 1024 0.177247036
53 18 3 24133 1024 0.166265762
54 19 3 24134 1024 0.175545997
55 20 3 24135 1024 0.161017099
56 21 3 24136 1024 0.178471106
57 22 3 24137 1024 0.168324196
58 23 3 24138 1024 0.179606149
59 24 3 24139 1024 0.138114607
60 25 3 24140 1024 0.147105059
61 26 3 24141 1024 0.156104335
62 27 3 24142 1024 0.164476490
63 28 3 24143 1024 0.139708522
0 30 3 24144 1024 0.179555677
1 31 3 24145 1024 0.167865718
2 32 3 24146 1024 0.147569129
3 33 3 24147 1024 0.147009039
4 34 3 24148 1024 0.149463910
5 35 3 24149 1024 0.167837816
6 36 3 24150 1024 0.135178469
7 37 3 24151 1024 0.155620988
8 38 3 24152 1024 0.170590472
9 39 3 24153 1024 0.140617999
10 40 3 24154 1024 0.139507184
11 41 3 24155 1024 0.161874462
12 42 3 24156 1024 0.168673169
13 43 3 24157 1024 0.167386717
14 44 3 24158 1024 0.133345028
15 45 3 24159 1024 0.179651112
16 46 3 24160 1024 0.141337560
17 47 3 24161 1024 0.162851286
18 48 3 24162 1024 0.175644138
19 49 3 24163 1024 0.154718759
20 50 3 24164 1024 0.168541951
21 51 3 24165 1024 0.149363780
22 52 3 24166 1024 0.162126369
23 53 3 24167 1024 0.139955654
24 54 3 24168 1024 0.132098231
25 55 3 24169 1024 0.152645471
26 56 3 24170 1024 0.130186087
27 57 3 24171 1024 0.147771073
28 58 3 24172 1024 0.179383120
29 59 3 24173 1024 0.176696003
30 60 3 24174 1024 0.162435841
31 61 3 24175 1024 0.150776684
32 62 3 24176 1024 0.171875956
33 63 3 24177 1024 0.178479186
34 0 3 24178 1024 0.173100342
35 1 3 24179 1024 0.134261263
36 2 3 24180 1024 0.172151119
37 3 3 24181 1024 0.159732425
38 4 3 24182 1024 0.158070614
39 5 3 24183 1024 0.135824695
40 6 3 24184 1024 0.136788515
41 7 3 24185 1024 0.154717270
42 8 3 24186 1024 0.179806784
43 9 3 24187 1024 0.166295184
44 10 3 24188 1024 0.147035167
45 11 3 24189 1024 0.161247327
46 12 3 24190 1024 0.131624005
47 13 3 24191 1024 0.171761336
48 14 3 24192 1024 0.145853345
49 15 3 24193 1024 0.145602909
50 16 3 24194 1024 0.171108229
51 17 3 24195 1024 0.144672566
52 18 3 24196 1024 0.172932846
53 19 3 24197 1024 0.132745650
54 20 3 24198 1024 0.145010256
55 21 3 24199 1024 0.178203900
56 22 3 24200 1024 0.136845974
57 23 3 24201 1024 0.142914070
58 24 3 24202 1024 0.148979058
59 25 3 24203 1024 0.137651838
60 26 3 24204 1024 0.146997060
61 27 3 24205 1024 0.150601492
62 28 3 24206 1024 0.133719863
63 29 3 24207 1024 0.156548116
0 31 3 24208 1024 0.133755583
1 32 3 24209 1024 0.145419257
2 33 3 24210 1024 0.144991007
3 34 3 24211 1024 0.131136612
4 35 3 24212 1024 0.179062693
5 36 3 24213 1024 0.146387692
6 37 3 24214 1024 0.165590015
7 38 3 24215 1024 0.173475244
8 39 3 24216 1024 0.176570516
9 40 3 24217 1024 0.160145321
10 41 3 24218 1024 0.172578495
11 42 3 24219 1024 0.148126608
12 43 3 24220 1024 0.134757863
13 44 3 24221 1024 0.143209993
14 45 3 24222 1024 0.146689258
15 46 3 24223 1024 0.174420419
16 47 3 24224 1024 0.139130948
17 48 3 24225 1024 0.140615523
18 49 3 24226 1024 0.170018579
19 50 3 24227 1024 0.141575969
20 51 3 24228 1024 0.143825745
21 52 3 24229 1024 0.172073360
22 53 3 24230 1024 0.157510419
23 54 3 24231 1024 0.157065317
24 55 3 24232 1024 0.172962629
25 56 3 24233 1024 0.170578855
26 57 3 24234 1024 0.157446825
27 58 3 24235 1024 0.158868094
28 59 3 24236 1024 0.164524111
29 60 3 24237 1024 0.144860320
30 61 3 24238 1024 0.157618337
31 62 3 24239 1024 0.144877303
32 63 3 24240 1024 0.174766291
33 0 3 24241 1024 0.167615097
34 1 3 24242 1024 0.132036872
35 2 3 24243 1024 0.175941916
36 3 3 24244 1024 0.151008558
37 4 3 24245 1024 0.162894876
38 5 3 24246 1024 0.143452409
39 6 3 24247 1024 0.132602673
40 7 3 24248 1024 0.133437378
41 8 3 24249 1024 0.177449191
42 9 3 24250 1024 0.159415213
43 10 3 24251 1024 0.135341435
44 11 3 24252 1024 0.153848854
45 12 3 24253 1024 0.153461156
46 13 3 24254 1024 0.148056410
47 14 3 24255 1024 0.157098221
48 15 3 24256 1024 0.143214113
49 16 3 24257 1024 0.159542693
50 17 3 24258 1024 0.158059524
51 18 3 24259 1024 0.169705356
52 19 3 24260 1024 0.134100444
53 20 3 24261 1024 0.138418990
54 21 3 24262 1024 0.162424288
55 22 3 24263 1024 0.158450761
56 23 3 24264 1024 0.173334610
57 24 3 24265 1024 0.161541944
58 25 3 24266 1024 0.130842275
59 26 3 24267 1024 0.140920894
60 27 3 24268 1024 0.165408075
61 28 3 24269 1024 0.138468479
62 29 3 24270 1024 0.177864578
63 30 3 24271 1024 0.173191265
0 32 3 24272 1024 0.155484223
1 33 3 24273 1024 0.179482342
2 34 3 24274 1024 0.130264325
3 35 3 24275 1024 0.156148756
4 36 3 24276 1024 0.143665721
5 37 3 24277 1024 0.169733051
6 38 3 24278 1024 0.168813116
7 39 3 24279 1024 0.139377498
8 40 3 24280 1024 0.157378189
9 41 3 24281 1024 0.132968583
10 42 3 24282 1024 0.140550376
11 43 3 24283 1024 0.163344114
12 44 3 24284 1024 0.139623590
13 45 3 24285 1024 0.156389057
14 46 3 24286 1024 0.147213393
15 47 3 24287 1024 0.150226030
16 48 3 24288 1024 0.159538506
17 49 3 24289 1024 0.175537312
18 50 3 24290 1024 0.144383138
19 51 3 24291 1024 0.142451534
20 52 3 24292 1024 0.172806999
21 53 3 24293 1024 0.136232440
22 54 3 24294 1024 0.151011209
23 55 3 24295 1024 0.162416881
24 56 3 24296 1024 0.154883862
25 57 3 24297 1024 0.178890792
26 58 3 24298 1024 0.150277248
27 59 3 24299 1024 0.139558247
28 60 3 24300 1024 0.142646811
29 61 3 24301 1024 0.136409552
30 62 3 24302 1024 0.139217897
31 63 3 24303 1024 0.162041028
32 0 3 24304 1024 0.135998862
33 1 3 24305 1024 0.163551189
34 2 3 24306 1024 0.136622429
35 3 3 24307 1024 0.132010310
36 4 3 24308 1024 0.179907249
37 5 3 24309 1024 0.167244007
38 6 3 24310 1024 0.166562624
39 7 3 24311 1024 0.164203408
40 8 3 24312 1024 0.136648104
41 9 3 24313 1024 0.140906784
42 10 3 24314 1024 0.177969991
43 11 3 24315 1024 0.158728736
44 12 3 24316 1024 0.162592650
45 13 3 24317 1024 0.165861825
46 14 3 24318 1024 0.171498535
47 15 3 24319 1024 0.130687996
48 16 3 24320 1024 0.135347683
49 17 3 24321 1024 0.140316672
50 18 3 24322 1024 0.137219185
51 19 3 24323 1024 0.166215711
52 20 3 24324 1024 0.169279874
53 21 3 24325 1024 0.173440057
54 22 3 24326 1024 0.146255581
55 23 3 24327 1024 0.150556342
56 24 3 24328 1024 0.162976011
57 25 3 24329 1024 0.164015726
58 26 3 24330 1024 0.152170589
59 27 3 24331 1024 0.140077447
60 28 3 24332 1024 0.161752579
61 29 3 24333 1024 0.140339073
62 30 3 24334 1024 0.147658909
63 31 3 24335 1024 0.173497554
0 33 3 24336 1024 0.172905679
1 34 3 24337 1024 0.163115178
2 35 3 24338 1024 0.154495667
3 36 3 24339 1024 0.177457150
4 37 3 24340 1024 0.151872541
5 38 3 24341 1024 0.142605563
6 39 3 24342 1024 0.151664670
7 40 3 24343 1024 0.137930255
8 41 3 24344 1024 0.169069654
9 42 3 24345 1024 0.171684502
10 43 3 24346 1024 0.167416216
11 44 3 24347 1024 0.156214100
12 45 3 24348 1024 0.140191994
13 46 3 24349 1024 0.135520824
14 47 3 24350 1024 0.144360497
15 48 3 24351 1024 0.144172309
16 49 3 24352 1024 0.138853004
17 50 3 24353 1024 0.168452678
18 51 3 24354 1024 0.153661698
19 52 3 24355 1024 0.168131667
20 53 3 24356 1024 0.133264752
21 54 3 24357 1024 0.152721453
22 55 3 24358 1024 0.145159784
23 56 3 24359 1024 0.141215787
24 57 3 24360 1024 0.140046200
25 58 3 24361 1024 0.173192390
26 59 3 24362 1024 0.171973398
27 60 3 24363 1024 0.178175409
28 61 3 24364 1024 0.143481975
29 62 3 24365 1024 0.154017514
30 63 3 24366 1024 0.151906465
31 0 3 24367 1024 0.136674337
32 1 3 24368 1024 0.169050391
33 2 3 24369 1024 0.162261018
34 3 3 24370 1024 0.149229082
35 4 3 24371 1024 0.179324656
36 5 3 24372 1024 0.157587328
37 6 3 24373 1024 0.162094425
38 7 3 24374 1024 0.137234608
39 8 3 24375 1024 0.143383790
40 9 3 24376 1024 0.148541704
41 10 3 24377 1024 0.142740559
42 11 3 24378 1024 0.134941730
43 12 3 24379 1024 0.173100120
44 13 3 24380 1024 0.155824026
45 14 3 24381 1024 0.145510859
46 15 3 24382 1024 0.150185737
47 16 3 24383 1024 0.133148389
48 17 3 24384 1024 0.177857707
49 18 3 24385 1024 0.135355958
50 19 3 24386 1024 0.174938783
51 20 3 24387 1024 0.142604938
52 21 3 24388 1024 0.142214710
53 22 3 24389 1024 0.177883948
54 23 3 24390 1024 0.176568581
55 24 3 24391 1024 0.172792508
56 25 3 24392 1024 0.158720684
57 26 3 24393 1024 0.176221534
58 27 3 24394 1024 0.176091374
59 28 3 24395 1024 0.161375967
60 29 3 24396 1024 0.178872587
61 30 3 24397 1024 0.130168542
62 31 3 24398 1024 0.177931076
63 32 3 24399 1024 0.146368834
0 34 3 24400 1024 0.164481889
1 35 3 24401 1024 0.157693619
2 36 3 24402 1024 0.158397553
3 37 3 24403 1024 0.130073026
4 38 3 24404 1024 0.139670957
5 39 3 24405 1024 0.135423312
6 40 3 24406 1024 0.145316903
7 41 3 24407 1024 0.168208111
8 42 3 24408 1024 0.142558386
9 43 3 24409 1024 0.170229660
10 44 3 24410 1024 0.159309618
11 45 3 24411 1024 0.161442352
12 46 3 24412 1024 0.163491814
13 47 3 24413 1024 0.178032699
14 48 3 24414 1024 0.158260784
15 49 3 24415 1024 0.147844375
16 50 3 24416 1024 0.148996076
17 51 3 24417 1024 0.161230961
18 52 3 24418 1024 0.174512853
19 53 3 24419 1024 0.146235753
20 54 3 24420 1024 0.172889822
21 55 3 24421 1024 0.147844033
22 56 3 24422 1024 0.167946326
23 57 3 24423 1024 0.156624299
24 58 3 24424 1024 0.154657527
25 59 3 24425 1024 0.151541160
26 60 3 24426 1024 0.158121764
27 61 3 24427 1024 0.164486465
28 62 3 24428 1024 0.135159621
29 63 3 24429 1024 0.174796265
30 0 3 24430 1024 0.141565222
31 1 3 24431 1024 0.173327578
32 2 3 24432 1024 0.140247968
33 3 3 24433 1024 0.150617994
34 4 3 24434 1024 0.179797803
35 5 3 24435 1024 0.133630198
36 6 3 24436 1024 0.164048038
37 7 3 24437 1024 0.178796363
38 8 3 24438 1024 0.152064059
39 9 3 24439 1024 0.136786062
40 10 3 24440 1024 0.166901224
41 11 3 24441 1024 0.140923523
42 12 3 24442 1024 0.134842809
43 13 3 24443 1024 0.142822827
44 14 3 24444 1024 0.175910173
45 15 3 24445 1024 0.150456909
46 16 3 24446 1024 0.179565779
47 17 3 24447 1024 0.162150961
48 18 3 24448 1024 0.174490078
49 19 3 24449 1024 0.174655137
50 20 3 24450 1024 0.134674148
51 21 3 24451 1024 0.176178358
52 22 3 24452 1024 0.160588702
53 23 3 24453 1024 0.134675508
54 24 3 24454 1024 0.142515834
55 25 3 24455 1024 0.159916173
56 26 3 24456 1024 0.167320887
57 27 3 24457 1024 0.176913586
58 28 3 24458 1024 0.142060500
59 29 3 24459 1024 0.153800623
60 30 3 24460 1024 0.143854075
61 31 3 24461 1024 0.138351887
62 32 3 24462 1024 0.167866320
63 33 3 24463 1024 0.166433230
0 35 3 24464 1024 0.176311411
1 36 3 24465 1024 0.154477472
2 37 3 24466 1024 0.179612848
3 38 3 24467 1024 0.169786114
4 39 3 24468 1024 0.174373414
5 40 3 24469 1024 0.135004677
6 41 3 24470 1024 0.155185023
7 42 3 24471 1024 0.141466461
8 43 3 24472 1024 0.158783740
9 44 3 24473 1024 0.130004646
10 45 3 24474 1024 0.164818954
11 46 3 24475 1024 0.176732741
12 47 3 24476 1024 0.167666369
13 48 3 24477 1024 0.157814343
14 49 3 24478 1024 0.138214718
15 50 3 24479 1024 0.166945035
16 51 3 24480 1024 0.179035245
17 52 3 24481 1024 0.158585211
18 53 3 24482 1024 0.163364930
19 54 3 24483 1024 0.139627231
20 55 3 24484 1024 0.171115701
21 56 3 24485 1024 0.141710978
22 57 3 24486 1024 0.132260208
23 58 3 24487 1024 0.138969578
24 59 3 24488 1024 0.171363873
25 60 3 24489 1024 0.139882233
26 61 3 24490 1024 0.144749998
27 62 3 24491 1024 0.133063758
28 63 3 24492 1024 0.152473351
29 0 3 24493 1024 0.160932311
30 1 3 24494 1024 0.131574545
31 2 3 24495 1024 0.166287192
32 3 3 24496 1024 0.166203095
33 4 3 24497 1024 0.148332121
34 5 3 24498 1024 0.167829469
35 6 3 24499 1024 0.168054630
36 7 3 24500 1024 0.171737320
37 8 3 24501 1024 0.151591126
38 9 3 24502 1024 0.164395856
39 10 3 24503 1024 0.171680983
40 11 3 24504 1024 0.137953444
41 12 3 24505 1024 0.148904307
42 13 3 24506 1024 0.138568758
43 14 3 24507 1024 0.131756475
44 15 3 24508 1024 0.138754787
45 16 3 24509 1024 0.172145386
46 17 3 24510 1024 0.151017833
47 18 3 24511 1024 0.134241365
48 19 3 24512 1024 0.137876716
49 20 3 24513 1024 0.133660651
50 21 3 24514 1024 0.150752642
51 22 3 24515 1024 0.151730923
52 23 3 24516 1024 0.164984377
53 24 3 24517 1024 0.138309459
54 25 3 24518 1024 0.165684851
55 26 3 24519 1024 0.165686115
56 27 3 24520 1024 0.174191432
57 28 3 24521 1024 0.156543290
58 29 3 24522 1024 0.175045693
59 30 3 24523 1024 0.159584146
60 31 3 24524 1024 0.178094555
61 32 3 24525 1024 0.159281024
62 33 3 24526 1024 0.146502465
63 34 3 24527 1024 0.152652758
0 36 3 24528 1024 0.171438777
1 37 3 24529 1024 0.159713480
2 38 3 24530 1024 0.163025831
3 39 3 24531 1024 0.140779379
4 40 3 24532 1024 0.152452929
5 41 3 24533 1024 0.138606751
6 42 3 24534 1024 0.171834501
7 43 3 24535 1024 0.152253789
8 44 3 24536 1024 0.145786510
9 45 3 24537 1024 0.160314066
10 46 3 24538 1024 0.176310656
11 47 3 24539 1024 0.169915106
12 48 3 24540 1024 0.171781185
13 49 3 24541 1024 0.139813482
14 50 3 24542 1024 0.144776711
15 51 3 24543 1024 0.168627903
16 52 3 24544 1024 0.153243419
17 53 3 24545 1024 0.134551237
18 54 3 24546 1024 0.159070126
19 55 3 24547 1024 0.169830090
20 56 3 24548 1024 0.136338947
21 57 3 24549 1024 0.132689610
22 58 3 24550 1024 0.166850179
23 59 3 24551 1024 0.156677145
24 60 3 24552 1024 0.172858790
25 61 3 24553 1024 0.158003242
26 62 3 24554 1024 0.149730353
27 63 3 24555 1024 0.162482764
28 0 3 24556 1024 0.165622449
29 1 3 24557 1024 0.170835217
30 2 3 24558 1024 0.132641585
31 3 3 24559 1024 0.138989630
32 4 3 24560 1024 0.173789954
33 5 3 24561 1024 0.169947145
34 6 3 24562 1024 0.142024146
35 7 3 24563 1024 0.132537909
36 8 3 24564 1024 0.172915158
37 9 3 24565 1024 0.157183526
38 10 3 24566 1024 0.133708647
39 11 3 24567 1024 0.156950144
40 12 3 24568 1024 0.134178394
41 13 3 24569 1024 0.156253794
42 14 3 24570 1024 0.134676826
43 15 3 24571 1024 0.143057010
44 16 3 24572 1024 0.157445371
45 17 3 24573 1024 0.171405505
46 18 3 24574 1024 0.132200928
47 19 3 24575 1024 0.154525418
48 20 3 24576 1024 0.171895071
49 21 3 24577 1024 0.136985621
50 22 3 24578 1024 0.169501407
51 23 3 24579 1024 0.164938776
52 24 3 24580 1024 0.134469155
53 25 3 24581 1024 0.137391111
54 26 3 24582 1024 0.152117382
55 27 3 24583 1024 0.151106120
56 28 3 24584 1024 0.161692724
57 29 3 24585 1024 0.134007844
58 30 3 24586 1024 0.168006980
59 31 3 24587 1024 0.153044960
60 32 3 24588 1024 0.164066947
61 33 3 24589 1024 0.179637594
62 34 3 24590 1024 0.146884074
63 35 3 24591 1024 0.131655306
0 37 3 24592 1024 0.130576481
1 38 3 24593 1024 0.131366090
2 39 3 24594 1024 0.163244107
3 40 3 24595 1024 0.131210361
4 41 3 24596 1024 0.170479874
5 42 3 24597 1024 0.131517370
6 43 3 24598 1024 0.146124830
7 44 3 24599 1024 0.167877926
8 45 3 24600 1024 0.170398607
9 46 3 24601 1024 0.159292027
10 47 3 24602 1024 0.134131630
11 48 3 24603 1024 0.139521101
12 49 3 24604 1024 0.177654433
13 50 3 24605 1024 0.134913030
14 51 3 24606 1024 0.169182484
15 52 3 24607 1024 0.156951567
16 53 3 24608 1024 0.148576975
17 54 3 24609 1024 0.169373289
18 55 3 24610 1024 0.167423587
19 56 3 24611 1024 0.160243539
20 57 3 24612 1024 0.165961270
21 58 3 24613 1024 0.179420145
22 59 3 24614 1024 0.145642201
23 60 3 24615 1024 0.163608928
24 61 3 24616 1024 0.169734478
25 62 3 24617 1024 0.155201005
26 63 3 24618 1024 0.144493090
27 0 3 24619 1024 0.144606897
28 1 3 24620 1024 0.137963723
29 2 3 24621 1024 0.157288762
30 3 3 24622 1024 0.137397181
31 4 3 24623 1024 0.163407178
32 5 3 24624 1024 0.157000668
33 6 3 24625 1024 0.144359190
34 7 3 24626 1024 0.156111108
35 8 3 24627 1024 0.168399355
36 9 3 24628 1024 0.137528862
37 10 3 24629 1024 0.171217851
38 11 3 24630 1024 0.144448860
39 12 3 24631 1024 0.161082748
40 13 3 24632 1024 0.132122992
41 14 3 24633 1024 0.148972263
42 15 3 24634 1024 0.132019158
43 16 3 24635 1024 0.151734496
44 17 3 24636 1024 0.131312568
45 18 3 24637 1024 0.159960582
46 19 3 24638 1024 0.130139779
47 20 3 24639 1024 0.143064265
48 21 3 24640 1024 0.142280642
49 22 3 24641 1024 0.147267608
50 23 3 24642 1024 0.147074457
51 24 3 24643 1024 0.148073337
52 25 3 24644 1024 0.155794535
53 26 3 24645 1024 0.156501761
54 27 3 24646 1024 0.150259167
55 28 3 24647 1024 0.158150075
56 29 3 24648 1024 0.141790089
57 30 3 24649 1024 0.137463653
58 31 3 24650 1024 0.143470464
59 32 3 24651 1024 0.141392238
60 33 3 24652 1024 0.146082021
61 34 3 24653 1024 0.163066195
62 35 3 24654 1024 0.148310532
63 36 3 24655 1024 0.171078911
0 38 3 24656 1024 0.169256995
1 39 3 24657 1024 0.148766276
2 40 3 24658 1024 0.132093658
3 41 3 24659 1024 0.165714405
4 42 3 24660 1024 0.161250845
5 43 3 24661 1024 0.132651836
6 44 3 24662 1024 0.140395826
7 45 3 24663 1024 0.150509173
8 46 3 24664 1024 0.172801281
9 47 3 24665 1024 0.157913119
10 48 3 24666 1024 0.160904555
11 49 3 24667 1024 0.169326161
12 50 3 24668 1024 0.130849718
13 51 3 24669 1024 0.161219907
14 52 3 24670 1024 0.161812249
15 53 3 24671 1024 0.176929851
16 54 3 24672 1024 0.176232118
17 55 3 24673 1024 0.139238321
18 56 3 24674 1024 0.133225726
19 57 3 24675 1024 0.143390534
20 58 3 24676 1024 0.132349330
21 59 3 24677 1024 0.136120523
22 60 3 24678 1024 0.149583828
23 61 3 24679 1024 0.171744911
24 62 3 24680 1024 0.136213223
25 63 3 24681 1024 0.157789672
26 0 3 24682 1024 0.156464482
27 1 3 24683 1024 0.130248586
28 2 3 24684 1024 0.161278920
29 3 3 24685 1024 0.142933081
30 4 3 24686 1024 0.172847288
31 5 3 24687 1024 0.138872254
32 6 3 24688 1024 0.177422261
33 7 3 24689 1024 0.154922361
34 8 3 24690 1024 0.176544989
35 9 3 24691 1024 0.155783167
36 10 3 24692 1024 0.148904396
37 11 3 24693 1024 0.168192641
38 12 3 24694 1024 0.156416065
39 13 3 24695 1024 0.133208296
40 14 3 24696 1024 0.143389972
41 15 3 24697 1024 0.137743047
42 16 3 24698 1024 0.133276528
43 17 3 24699 1024 0.164832227
44 18 3 24700 1024 0.160953734
45 19 3 24701 1024 0.144757556
46 20 3 24702 1024 0.138543557
47 21 3 24703 1024 0.158571021
48 22 3 24704 1024 0.163474759
49 23 3 24705 1024 0.166527589
50 24 3 24706 1024 0.150382061
51 25 3 24707 1024 0.137929643
52 26 3 24708 1024 0.142135811
53 27 3 24709 1024 0.150989986
54 28 3 24710 1024 0.165849556
55 29 3 24711 1024 0.148412826
56 30 3 24712 1024 0.166261427
57 31 3 24713 1024 0.156416052
58 32 3 24714 1024 0.140693716
59 33 3 24715 1024 0.145479252
60 34 3 24716 1024 0.168914742
61 35 3 24717 1024 0.134108414
62 36 3 24718 1024 0.173672210
63 37 3 24719 1024 0.171101846
0 39 3 24720 1024 0.144581266
1 40 3 24721 1024 0.179110420
2 41 3 24722 1024 0.149494043
3 42 3 24723 1024 0.147733804
4 43 3 24724 1024 0.167514648
5 44 3 24725 1024 0.167882900
6 45 3 24726 1024 0.173313673
7 46 3 24727 1024 0.132115960
8 47 3 24728 1024 0.150163959
9 48 3 24729 1024 0.141453953
10 49 3 24730 1024 0.163787545
11 50 3 24731 1024 0.146996536
12 51 3 24732 1024 0.164159170
13 52 3 24733 1024 0.144691655
14 53 3 24734 1024 0.177960921
15 54 3 24735 1024 0.175571647
16 55 3 24736 1024 0.131163205
17 56 3 24737 1024 0.134230343
18 57 3 24738 1024 0.148863557
19 58 3 24739 1024 0.150559581
20 59 3 24740 1024 0.143989382
21 60 3 24741 1024 0.144530038
22 61 3 24742 1024 0.158785470
23 62 3 24743 1024 0.170736097
24 63 3 24744 1024 0.155260817
25 0 3 24745 1024 0.175902572
26 1 3 24746 1024 0.168601845
27 2 3 24747 1024 0.166539004
28 3 3 24748 1024 0.148418590
29 4 3 24749 1024 0.157804516
30 5 3 24750 1024 0.155048492
31 6 3 24751 1024 0.138922731
32 7 3 24752 1024 0.179114997
33 8 3 24753 1024 0.146577561
34 9 3 24754 1024 0.178623806
35 10 3 24755 1024 0.153284135
36 11 3 24756 1024 0.171587668
37 12 3 24757 1024 0.133076504
38 13 3 24758 1024 0.164412865
39 14 3 24759 1024 0.131877049
40 15 3 24760 1024 0.164341373
41 16 3 24761 1024 0.132876171
42 17 3 24762 1024 0.172648269
43 18 3 24763 1024 0.141940855
44 19 3 24764 1024 0.175824295
45 20 3 24765 1024 0.140446859
46 21 3 24766 1024 0.168252322
47 22 3 24767 1024 0.147753173
48 23 3 24768 1024 0.171426279
49 24 3 24769 1024 0.142885855
50 25 3 24770 1024 0.145753690
51 26 3 24771 1024 0.165443903
52 27 3 24772 1024 0.149736000
53 28 3 24773 1024 0.141093941
54 29 3 24774 1024 0.137070804
55 30 3 24775 1024 0.135108783
56 31 3 24776 1024 0.134728744
57 32 3 24777 1024 0.159992759
58 33 3 24778 1024 0.156310571
59 34 3 24779 1024 0.166062586
60 35 3 24780 1024 0.169368654
61 36 3 24781 1024 0.157218896
62 37 3 24782 1024 0.160322825
63 38 3 24783 1024 0.139930944
0 40 3 24784 1024 0.159665885
1 41 3 24785 1024 0.161543680
2 42 3 24786 1024 0.139899508
3 43 3 24787 1024 0.140839113
4 44 3 24788 1024 0.150249725
5 45 3 24789 1024 0.146151008
6 46 3 24790 1024 0.141285880
7 47 3 24791 1024 0.174119139
8 48 3 24792 1024 0.172740677
9 49 3 24793 1024 0.166168041
10 50 3 24794 1024 0.177810530
11 51 3 24795 1024 0.175906520
12 52 3 24796 1024 0.160593758
13 53 3 24797 1024 0.155244322
14 54 3 24798 1024 0.167919918
15 55 3 24799 1024 0.146372053
16 56 3 24800 1024 0.149467033
17 57 3 24801 1024 0.153085656
18 58 3 24802 1024 0.155034175
19 59 3 24803 1024 0.150359875
20 60 3 24804 1024 0.157627491
21 61 3 24805 1024 0.173200794
22 62 3 24806 1024 0.174591195
23 63 3 24807 1024 0.130533597
24 0 3 24808 1024 0.139241441
25 1 3 24809 1024 0.171017443
26 2 3 24810 1024 0.179863155
27 3 3 24811 1024 0.131469911
28 4 3 24812 1024 0.135337289
29 5 3 24813 1024 0.168931651
30 6 3 24814 1024 0.135600731
31 7 3 24815 1024 0.136395351
32 8 3 24816 1024 0.159859833
33 9 3 24817 1024 0.176216324
34 10 3 24818 1024 0.142219292
35 11 3 24819 1024 0.148864556
36 12 3 24820 1024 0.153613651
37 13 3 24821 1024 0.165141930
38 14 3 24822 1024 0.143194358
39 15 3 24823 1024 0.144182459
40 16 3 24824 1024 0.178950087
41 17 3 24825 1024 0.135985047
42 18 3 24826 1024 0.166238882
43 19 3 24827 1024 0.150775545
44 20 3 24828 1024 0.130153705
45 21 3 24829 1024 0.161052905
46 22 3 24830 1024 0.140685088
47 23 3 24831 1024 0.148395242
48 24 3 24832 1024 0.169604127
49 25 3 24833 1024 0.136696315
50 26 3 24834 1024 0.132897252
51 27 3 24835 1024 0.145561393
52 28 3 24836 1024 0.133545634
53 29 3 24837 1024 0.136158682
54 30 3 24838 1024 0.156298071
55 31 3 24839 1024 0.168593371
56 32 3 24840 1024 0.144341809
57 33 3 24841 1024 0.156961466
58 34 3 24842 1024 0.141292204
59 35 3 24843 1024 0.149850107
60 36 3 24844 1024 0.153867344
61 37 3 24845 1024 0.171903261
62 38 3 24846 1024 0.159327854
63 39 3 24847 1024 0.167826059
0 41 3 24848 1024 0.150363951
1 42 3 24849 1024 0.138530034
2 43 3 24850 1024 0.166147703
3 44 3 24851 1024 0.177080007
4 45 3 24852 1024 0.160328417
5 46 3 24853 1024 0.155292629
6 47 3 24854 1024 0.133675078
7 48 3 24855 1024 0.152564597
8 49 3 24856 1024 0.146759563
9 50 3 24857 1024 0.150913449
10 51 3 24858 1024 0.134611237
11 52 3 24859 1024 0.176688894
12 53 3 24860 1024 0.164770854
13 54 3 24861 1024 0.172863864
14 55 3 24862 1024 0.144697419
15 56 3 24863 1024 0.155984012
16 57 3 24864 1024 0.150362397
17 58 3 24865 1024 0.167357266
18 59 3 24866 1024 0.171479154
19 60 3 24867 1024 0.161523898
20 61 3 24868 1024 0.168900922
21 62 3 24869 1024 0.146874591
22 63 3 24870 1024 0.154618776
23 0 3 24871 1024 0.149774828
24 1 3 24872 1024 0.151768562
25 2 3 24873 1024 0.169536596
26 3 3 24874 1024 0.132317920
27 4 3 24875 1024 0.164684316
28 5 3 24876 1024 0.135825632
29 6 3 24877 1024 0.136439322
30 7 3 24878 1024 0.169015338
31 8 3 24879 1024 0.130898442
32 9 3 24880 1024 0.132107926
33 10 3 24881 1024 0.139646929
34 11 3 24882 1024 0.179512913
35 12 3 24883 1024 0.156012828
36 13 3 24884 1024 0.140159110
37 14 3 24885 1024 0.149529487
38 15 3 24886 1024 0.174226980
39 16 3 24887 1024 0.134418987
40 17 3 24888 1024 0.173561760
41 18 3 24889 1024 0.131363476
42 19 3 24890 1024 0.137699591
43 20 3 24891 1024 0.152781438
44 21 3 24892 1024 0.146018911
45 22 3 24893 1024 0.167258065
46 23 3 24894 1024 0.134997287
47 24 3 24895 1024 0.138775408
48 25 3 24896 1024 0.140930204
49 26 3 24897 1024 0.174874681
50 27 3 24898 1024 0.147789767
51 28 3 24899 1024 0.170869884
52 29 3 24900 1024 0.155453791
53 30 3 24901 1024 0.139170195
54 31 3 24902 1024 0.158602075
55 32 3 24903 1024 0.154269306
56 33 3 24904 1024 0.172371586
57 34 3 24905 1024 0.151223678
58 35 3 24906 1024 0.158068543
59 36 3 24907 1024 0.175120893
60 37 3 24908 1024 0.161058933
61 38 3 24909 1024 0.179195994
62 39 3 24910 1024 0.171569577
63 40 3 24911 1024 0.144520041
0 42 3 24912 1024 0.178156453
1 43 3 24913 1024 0.135791428
2 44 3 24914 1024 0.145200310
3 45 3 24915 1024 0.157726536
4 46 3 24916 1024 0.169690568
5 47 3 24917 1024 0.179257345
6 48 3 24918 1024 0.169012163
7 49 3 24919 1024 0.147130464
8 50 3 24920 1024 0.141871284
9 51 3 24921 1024 0.173141684
10 52 3 24922 1024 0.175636214
11 53 3 24923 1024 0.166832906
12 54 3 24924 1024 0.156430398
13 55 3 24925 1024 0.150372862
14 56 3 24926 1024 0.140598037
15 57 3 24927 1024 0.162256779
16 58 3 24928 1024 0.160725427
17 59 3 24929 1024 0.136206856
18 60 3 24930 1024 0.135123737
19 61 3 24931 1024 0.148528141
20 62 3 24932 1024 0.164555389
21 63 3 24933 1024 0.130902709
22 0 3 24934 1024 0.171112843
23 1 3 24935 1024 0.155369974
24 2 3 24936 1024 0.179659525
25 3 3 24937 1024 0.159042181
26 4 3 24938 1024 0.133241996
27 5 3 24939 1024 0.144467480
28 6 3 24940 1024 0.158704375
29 7 3 24941 1024 0.176748080
30 8 3 24942 1024 0.165732638
31 9 3 24943 1024 0.152655397
32 10 3 24944 1024 0.142762201
33 11 3 24945 1024 0.170366243
34 12 3 24946 1024 0.150142753
35 13 3 24947 1024 0.159892518
36 14 3 24948 1024 0.158639369
37 15 3 24949 1024 0.177129547
38 16 3 24950 1024 0.151036896
39 17 3 24951 1024 0.161224195
40 18 3 24952 1024 0.170403503
41 19 3 24953 1024 0.173479000
42 20 3 24954 1024 0.162838560
43 21 3 24955 1024 0.171514109
44 22 3 24956 1024 0.162087466
45 23 3 24957 1024 0.167974732
46 24 3 24958 1024 0.167300951
47 25 3 24959 1024 0.163795431
48 26 3 24960 1024 0.168054220
49 27 3 24961 1024 0.172710108
50 28 3 24962 1024 0.134482734
51 29 3 24963 1024 0.156110621
52 30 3 24964 1024 0.137259052
53 31 3 24965 1024 0.169176538
54 32 3 24966 1024 0.158963979
55 33 3 24967 1024 0.161838850
56 34 3 24968 1024 0.158438060
57 35 3 24969 1024 0.137346593
58 36 3 24970 1024 0.158266994
59 37 3 24971 1024 0.144720375
60 38 3 24972 1024 0.168614975
61 39 3 24973 1024 0.174366920
62 40 3 24974 1024 0.158474077
63 41 3 24975 1024 0.169614928
0 43 3 24976 1024 0.172841732
1 44 3 24977 1024 0.177664424
2 45 3 24978 1024 0.174526984
3 46 3 24979 1024 0.135417743
4 47 3 24980 1024 0.171959319
5 48 3 24981 1024 0.170353871
6 49 3 24982 1024 0.141151395
7 50 3 24983 1024 0.169026406
8 51 3 24984 1024 0.168813439
9 52 3 24985 1024 0.151493730
10 53 3 24986 1024 0.158195757
11 54 3 24987 1024 0.178031402
12 55 3 24988 1024 0.132738626
13 56 3 24989 1024 0.161110893
14 57 3 24990 1024 0.131148034
15 58 3 24991 1024 0.157895427
16 59 3 24992 1024 0.137750041
17 60 3 24993 1024 0.162011974
18 61 3 24994 1024 0.152859075
19 62 3 24995 1024 0.150885183
20 63 3 24996 1024 0.174580375
21 0 3 24997 1024 0.162096798
22 1 3 24998 1024 0.138695731
23 2 3 24999 1024 0.140795343
24 3 3 25000 1024 0.158082983
25 4 3 25001 1024 0.179734594
26 5 3 25002 1024 0.141405518
27 6 3 25003 1024 0.160336554
28 7 3 25004 1024 0.146288904
29 8 3 25005 1024 0.163127166
30 9 3 25006 1024 0.175393001
31 10 3 25007 1024 0.162509479
32 11 3 25008 1024 0.174926095
33 12 3 25009 1024 0.156010426
34 13 3 25010 1024 0.162862959
35 14 3 25011 1024 0.158057665
36 15 3 25012 1024 0.130874964
37 16 3 25013 1024 0.170938649
38 17 3 25014 1024 0.144235071
39 18 3 25015 1024 0.130153612
40 19 3 25016 1024 0.147234144
41 20 3 25017 1024 0.150373609
42 21 3 25018 1024 0.163179144
43 22 3 25019 1024 0.179079903
44 23 3 25020 1024 0.175112425
45 24 3 25021 1024 0.158313392
46 25 3 25022 1024 0.151707410
47 26 3 25023 1024 0.131496995
48 27 3 25024 1024 0.170229263
49 28 3 25025 1024 0.169203803
50 29 3 25026 1024 0.150311547
51 30 3 25027 1024 0.168155263
52 31 3 25028 1024 0.157225021
53 32 3 25029 1024 0.137330613
54 33 3 25030 1024 0.163045931
55 34 3 25031 1024 0.134674870
56 35 3 25032 1024 0.157530698
57 36 3 25033 1024 0.158645664
58 37 3 25034 1024 0.147235871
59 38 3 25035 1024 0.161517642
60 39 3 25036 1024 0.176173071
61 40 3 25037 1024 0.140831605
62 41 3 25038 1024 0.158089703
63 42 3 25039 1024 0.170437107
0 44 3 25040 1024 0.134912639
1 45 3 25041 1024 0.171530709
2 46 3 25042 1024 0.174114344
3 47 3 25043 1024 0.168324550
4 48 3 25044 1024 0.170361623
5 49 3 25045 1024 0.145684734
6 50 3 25046 1024 0.146842625
7 51 3 25047 1024 0.176191300
8 52 3 25048 1024 0.136009297
9 53 3 25049 1024 0.172165392
10 54 3 25050 1024 0.168860931
11 55 3 25051 1024 0.149933525
12 56 3 25052 1024 0.137447602
13 57 3 25053 1024 0.159380561
14 58 3 25054 1024 0.168657243
15 59 3 25055 1024 0.172488177
16 60 3 25056 1024 0.143595073
17 61 3 25057 1024 0.174949695
18 62 3 25058 1024 0.172731846
19 63 3 25059 1024 0.171626498
20 0 3 25060 1024 0.138212273
21 1 3 25061 1024 0.167616642
22 2 3 25062 1024 0.130048909
23 3 3 25063 1024 0.163385817
24 4 3 25064 1024 0.155694930
25 5 3 25065 1024 0.160019622
26 6 3 25066 1024 0.175366951
27 7 3 25067 1024 0.149464314
28 8 3 25068 1024 0.179922175
29 9 3 25069 1024 0.135839197
30 10 3 25070 1024 0.178982527
31 11 3 25071 1024 0.149359372
32 12 3 25072 1024 0.140102934
33 13 3 25073 1024 0.134060705
34 14 3 25074 1024 0.139666645
35 15 3 25075 1024 0.160594493
36 16 3 25076 1024 0.171178027
37 17 3 25077 1024 0.171166239
38 18 3 25078 1024 0.131274266
39 19 3 25079 1024 0.177267176
40 20 3 25080 1024 0.148759572
41 21 3 25081 1024 0.132799313
42 22 3 25082 1024 0.162414260
43 23 3 25083 1024 0.134005222
44 24 3 25084 1024 0.161493101
45 25 3 25085 1024 0.133658140
46 26 3 25086 1024 0.166886517
47 27 3 25087 1024 0.132716177
48 28 3 25088 1024 0.150389552
49 29 3 25089 1024 0.138859460
50 30 3 25090 1024 0.161476862
51 31 3 25091 1024 0.139794976
52 32 3 25092 1024 0.159123122
53 33 3 25093 1024 0.152165681
54 34 3 25094 1024 0.150556748
55 35 3 25095 1024 0.137182406
56 36 3 25096 1024 0.166498819
57 37 3 25097 1024 0.141025539
58 38 3 25098 1024 0.143990011
59 39 3 25099 1024 0.130840895
60 40 3 25100 1024 0.154763440
61 41 3 25101 1024 0.152134747
62 42 3 25102 1024 0.144075048
63 43 3 25103 1024 0.138115614
0 45 3 25104 1024 0.165715768
1 46 3 25105 1024 0.152451254
2 47 3 25106 1024 0.136986525
3 48 3 25107 1024 0.150160961
4 49 3 25108 1024 0.173150815
5 50 3 25109 1024 0.163569671
6 51 3 25110 1024 0.159815600
7 52 3 25111 1024 0.147227524
8 53 3 25112 1024 0.157773224
9 54 3 25113 1024 0.134603476
10 55 3 25114 1024 0.173622417
11 56 3 25115 1024 0.166249408
12 57 3 25116 1024 0.171300301
13 58 3 25117 1024 0.176141445
14 59 3 25118 1024 0.176154503
15 60 3 25119 1024 0.179099123
16 61 3 25120 1024 0.158271069
17 62 3 25121 1024 0.176624258
18 63 3 25122 1024 0.133339706
19 0 3 25123 1024 0.168886994
20 1 3 25124 1024 0.131136753
21 2 3 25125 1024 0.176828724
22 3 3 25126 1024 0.163731621
23 4 3 25127 1024 0.143139954
24 5 3 25128 1024 0.178514849
25 6 3 25129 1024 0.139921962
26 7 3 25130 1024 0.152693322
27 8 3 25131 1024 0.134459342
28 9 3 25132 1024 0.136633284
29 10 3 25133 1024 0.176569331
30 11 3 25134 1024 0.147893947
31 12 3 25135 1024 0.176530552
32 13 3 25136 1024 0.140130929
33 14 3 25137 1024 0.175790969
34 15 3 25138 1024 0.150065615
35 16 3 25139 1024 0.153359639
36 17 3 25140 1024 0.176358340
37 18 3 25141 1024 0.153212752
38 19 3 25142 1024 0.140245852
39 20 3 25143 1024 0.179805543
40 21 3 25144 1024 0.175381896
41 22 3 25145 1024 0.163901635
42 23 3 25146 1024 0.133929729
43 24 3 25147 1024 0.138169141
44 25 3 25148 1024 0.148991477
45 26 3 25149 1024 0.140943554
46 27 3 25150 1024 0.151094978
47 28 3 25151 1024 0.171258368
48 29 3 25152 1024 0.178977211
49 30 3 25153 1024 0.145887797
50 31 3 25154 1024 0.153386385
51 32 3 25155 1024 0.157305639
52 33 3 25156 1024 0.178821655
53 34 3 25157 1024 0.148799055
54 35 3 25158 1024 0.139519360
55 36 3 25159 1024 0.152374468
56 37 3 25160 1024 0.174570027
57 38 3 25161 1024 0.157259440
58 39 3 25162 1024 0.145354912
59 40 3 25163 1024 0.159627751
60 41 3 25164 1024 0.166299332
61 42 3 25165 1024 0.138434679
62 43 3 25166 1024 0.158940326
63 44 3 25167 1024 0.132389281
0 46 3 25168 1024 0.173206141
1 47 3 25169 1024 0.144700825
2 48 3 25170 1024 0.132150063
3 49 3 25171 1024 0.170873066
4 50 3 25172 1024 0.151557987
5 51 3 25173 1024 0.144238031
6 52 3 25174 1024 0.132645006
7 53 3 25175 1024 0.152586932
8 54 3 25176 1024 0.164102437
9 55 3 25177 1024 0.171600021
10 56 3 25178 1024 0.149917979
11 57 3 25179 1024 0.156709091
12 58 3 25180 1024 0.176384198
13 59 3 25181 1024 0.175252140
14 60 3 25182 1024 0.167045823
15 61 3 25183 1024 0.154982915
16 62 3 25184 1024 0.155669539
17 63 3 25185 1024 0.175758526
18 0 3 25186 1024 0.133758928
19 1 3 25187 1024 0.171697893
20 2 3 25188 1024 0.161953123
21 3 3 25189 1024 0.173909074
22 4 3 25190 1024 0.174713312
23 5 3 25191 1024 0.159449654
24 6 3 25192 1024 0.171366139
25 7 3 25193 1024 0.135116898
26 8 3 25194 1024 0.139669270
27 9 3 25195 1024 0.155971225
28 10 3 25196 1024 0.178683920
29 11 3 25197 1024 0.138580981
30 12 3 25198 1024 0.157306254
31 13 3 25199 1024 0.166727399
32 14 3 25200 1024 0.154565292
33 15 3 25201 1024 0.166561426
34 16 3 25202 1024 0.160324704
35 17 3 25203 1024 0.141693226
36 18 3 25204 1024 0.151301025
37 19 3 25205 1024 0.171316686
38 20 3 25206 1024 0.173736663
39 21 3 25207 1024 0.156967995
40 22 3 25208 1024 0.173832153
41 23 3 25209 1024 0.172403804
42 24 3 25210 1024 0.138860830
43 25 3 25211 1024 0.164076587
44 26 3 25212 1024 0.145922082
45 27 3 25213 1024 0.131457848
46 28 3 25214 1024 0.141445414
47 29 3 25215 1024 0.167513561
48 30 3 25216 1024 0.177988369
49 31 3 25217 1024 0.131145934
50 32 3 25218 1024 0.169280384
51 33 3 25219 1024 0.159430580
52 34 3 25220 1024 0.165959146
53 35 3 25221 1024 0.151434460
54 36 3 25222 1024 0.164037266
55 37 3 25223 1024 0.179723385
56 38 3 25224 1024 0.152678686
57 39 3 25225 1024 0.165005577
58 40 3 25226 1024 0.150132967
59 41 3 25227 1024 0.176909719
60 42 3 25228 1024 0.141797496
61 43 3 25229 1024 0.150254234
62 44 3 25230 1024 0.168994293
63 45 3 25231 1024 0.137327209
0 47 3 25232 1024 0.169620201
1 48 3 25233 1024 0.148254315
2 49 3 25234 1024 0.130112573
3 50 3 25235 1024 0.157031032
4 51 3 25236 1024 0.134217625
5 52 3 25237 1024 0.172034033
6 53 3 25238 1024 0.139022449
7 54 3 25239 1024 0.161458746
8 55 3 25240 1024 0.146394530
9 56 3 25241 1024 0.137960857
10 57 3 25242 1024 0.179607540
11 58 3 25243 1024 0.163937356
12 59 3 25244 1024 0.162977757
13 60 3 25245 1024 0.130741608
14 61 3 25246 1024 0.146752551
15 62 3 25247 1024 0.179443669
16 63 3 25248 1024 0.176852938
17 0 3 25249 1024 0.164337375
18 1 3 25250 1024 0.150246734
19 2 3 25251 1024 0.137517026
20 3 3 25252 1024 0.133643109
21 4 3 25253 1024 0.162565084
22 5 3 25254 1024 0.176853355
23 6 3 25255 1024 0.133637664
24 7 3 25256 1024 0.158530913
25 8 3 25257 1024 0.146369627
26 9 3 25258 1024 0.149896522
27 10 3 25259 1024 0.152836286
28 11 3 25260 1024 0.159708558
29 12 3 25261 1024 0.131971741
30 13 3 25262 1024 0.159531636
31 14 3 25263 1024 0.168628545
32 15 3 25264 1024 0.143425874
33 16 3 25265 1024 0.151498054
34 17 3 25266 1024 0.160448063
35 18 3 25267 1024 0.144440204
36 19 3 25268 1024 0.157336306
37 20 3 25269 1024 0.130808314
38 21 3 25270 1024 0.137916848
39 22 3 25271 1024 0.174608828
40 23 3 25272 1024 0.131889407
41 24 3 25273 1024 0.146544082
42 25 3 25274 1024 0.131695552
43 26 3 25275 1024 0.160258326
44 27 3 25276 1024 0.166481840
45 28 3 25277 1024 0.163115679
46 29 3 25278 1024 0.157114116
47 30 3 25279 1024 0.178750467
48 31 3 25280 1024 0.159911144
49 32 3 25281 1024 0.164570322
50 33 3 25282 1024 0.155368062
51 34 3 25283 1024 0.144593381
52 35 3 25284 1024 0.136499409
53 36 3 25285 1024 0.174124558
54 37 3 25286 1024 0.146886048
55 38 3 25287 1024 0.166771235
56 39 3 25288 1024 0.155610282
57 40 3 25289 1024 0.161475801
58 41 3 25290 1024 0.162363538
59 42 3 25291 1024 0.144178297
60 43 3 25292 1024 0.152593183
61 44 3 25293 1024 0.157284619
62 45 3 25294 1024 0.152894273
63 46 3 25295 1024 0.170512970
0 48 3 25296 1024 0.175645936
1 49 3 25297 1024 0.164764018
2 50 3 25298 1024 0.152070278
3 51 3 25299 1024 0.147846893
4 52 3 25300 1024 0.138952115
5 53 3 25301 1024 0.174759803
6 54 3 25302 1024 0.150082667
7 55 3 25303 1024 0.149524809
8 56 3 25304 1024 0.139799437
9 57 3 25305 1024 0.168455365
10 58 3 25306 1024 0.162836337
11 59 3 25307 1024 0.131310895
12 60 3 25308 1024 0.160779144
13 61 3 25309 1024 0.143745002
14 62 3 25310 1024 0.169012396
15 63 3 25311 1024 0.178176182
16 0 3 25312 1024 0.133174055
17 1 3 25313 1024 0.161390949
18 2 3 25314 1024 0.178667869
19 3 3 25315 1024 0.154744913
20 4 3 25316 1024 0.156609865
21 5 3 25317 1024 0.149223720
22 6 3 25318 1024 0.137495854
23 7 3 25319 1024 0.161182062
24 8 3 25320 1024 0.175765914
25 9 3 25321 1024 0.155290275
26 10 3 25322 1024 0.165926987
27 11 3 25323 1024 0.137695766
28 12 3 25324 1024 0.171704405
29 13 3 25325 1024 0.146005814
30 14 3 25326 1024 0.158840214
31 15 3 25327 1024 0.154695358
32 16 3 25328 1024 0.167488224
33 17 3 25329 1024 0.169526401
34 18 3 25330 1024 0.156607033
35 19 3 25331 1024 0.164078137
36 20 3 25332 1024 0.130032731
37 21 3 25333 1024 0.162177473
38 22 3 25334 1024 0.164116936
39 23 3 25335 1024 0.169620262
40 24 3 25336 1024 0.148434046
41 25 3 25337 1024 0.164775081
42 26 3 25338 1024 0.174151023
43 27 3 25339 1024 0.163178506
44 28 3 25340 1024 0.173389376
45 29 3 25341 1024 0.167778357
46 30 3 25342 1024 0.149507722
47 31 3 25343 1024 0.166384430
48 32 3 25344 1024 0.146593847
49 33 3 25345 1024 0.152831772
50 34 3 25346 1024 0.131915790
51 35 3 25347 1024 0.163650562
52 36 3 25348 1024 0.138395983
53 37 3 25349 1024 0.174988338
54 38 3 25350 1024 0.138795360
55 39 3 25351 1024 0.167323640
56 40 3 25352 1024 0.172624080
57 41 3 25353 1024 0.143416122
58 42 3 25354 1024 0.139127802
59 43 3 25355 1024 0.156179244
60 44 3 25356 1024 0.153034291
61 45 3 25357 1024 0.149703350
62 46 3 25358 1024 0.137017708
63 47 3 25359 1024 0.171323421
0 49 3 25360 1024 0.160569371
1 50 3 25361 1024 0.139284444
2 51 3 25362 1024 0.142331240
3 52 3 25363 1024 0.177581993
4 53 3 25364 1024 0.164176279
5 54 3 25365 1024 0.166968026
6 55 3 25366 1024 0.172337156
7 56 3 25367 1024 0.169476755
8 57 3 25368 1024 0.171515418
9 58 3 25369 1024 0.141109858
10 59 3 25370 1024 0.177030261
11 60 3 25371 1024 0.157309104
12 61 3 25372 1024 0.175075894
13 62 3 25373 1024 0.158629724
14 63 3 25374 1024 0.135155131
15 0 3 25375 1024 0.150245053
16 1 3 25376 1024 0.143036420
17 2 3 25377 1024 0.164223463
18 3 3 25378 1024 0.175799856
19 4 3 25379 1024 0.139330090
20 5 3 25380 1024 0.168074910
21 6 3 25381 1024 0.166121042
22 7 3 25382 1024 0.176608056
23 8 3 25383 1024 0.138894929
24 9 3 25384 1024 0.177251219
25 10 3 25385 1024 0.149453827
26 11 3 25386 1024 0.178431400
27 12 3 25387 1024 0.138592859
28 13 3 25388 1024 0.177303237
29 14 3 25389 1024 0.141082606
30 15 3 25390 1024 0.164729884
31 16 3 25391 1024 0.147166252
32 17 3 25392 1024 0.160396879
33 18 3 25393 1024 0.164321874
34 19 3 25394 1024 0.135111036
35 20 3 25395 1024 0.173022510
36 21 3 25396 1024 0.176978972
37 22 3 25397 1024 0.135310531
38 23 3 25398 1024 0.165530764
39 24 3 25399 1024 0.148461571
40 25 3 25400 1024 0.131282964
41 26 3 25401 1024 0.162291041
42 27 3 25402 1024 0.155946749
43 28 3 25403 1024 0.177812949
44 29 3 25404 1024 0.177478854
45 30 3 25405 1024 0.157934245
46 31 3 25406 1024 0.130781621
47 32 3 25407 1024 0.146022071
48 33 3 25408 1024 0.154388419
49 34 3 25409 1024 0.164005153
50 35 3 25410 1024 0.171243100
51 36 3 25411 1024 0.141210335
52 37 3 25412 1024 0.139707977
53 38 3 25413 1024 0.161406388
54 39 3 25414 1024 0.135998889
55 40 3 25415 1024 0.163771336
56 41 3 25416 1024 0.155615510
57 42 3 25417 1024 0.158848229
58 43 3 25418 1024 0.176315931
59 44 3 25419 1024 0.135659845
60 45 3 25420 1024 0.154060867
61 46 3 25421 1024 0.154212454
62 47 3 25422 1024 0.132344492
63 48 3 25423 1024 0.156077130
0 50 3 25424 1024 0.165234306
1 51 3 25425 1024 0.159098848
2 52 3 25426 1024 0.143456689
3 53 3 25427 1024 0.131884527
4 54 3 25428 1024 0.171928141
5 55 3 25429 1024 0.140509293
6 56 3 25430 1024 0.145379024
7 57 3 25431 1024 0.146262299
8 58 3 25432 1024 0.152683837
9 59 3 25433 1024 0.146338392
10 60 3 25434 1024 0.146388307
11 61 3 25435 1024 0.135361111
12 62 3 25436 1024 0.166446624
13 63 3 25437 1024 0.148305506
14 0 3 25438 1024 0.174304944
15 1 3 25439 1024 0.170876941
16 2 3 25440 1024 0.153792782
17 3 3 25441 1024 0.172293771
18 4 3 25442 1024 0.156226239
19 5 3 25443 1024 0.141907442
20 6 3 25444 1024 0.151312504
21 7 3 25445 1024 0.172577966
22 8 3 25446 1024 0.132289608
23 9 3 25447 1024 0.177990011
24 10 3 25448 1024 0.143287721
25 11 3 25449 1024 0.172330254
26 12 3 25450 1024 0.164856296
27 13 3 25451 1024 0.162165602
28 14 3 25452 1024 0.135455235
29 15 3 25453 1024 0.177519340
30 16 3 25454 1024 0.169622713
31 17 3 25455 1024 0.131759609
32 18 3 25456 1024 0.147692975
33 19 3 25457 1024 0.152831649
34 20 3 25458 1024 0.160785938
35 21 3 25459 1024 0.177398758
36 22 3 25460 1024 0.136100685
37 23 3 25461 1024 0.159586740
38 24 3 25462 1024 0.153644386
39 25 3 25463 1024 0.133007116
40 26 3 25464 1024 0.166625089
41 27 3 25465 1024 0.136581720
42 28 3 25466 1024 0.153900691
43 29 3 25467 1024 0.143584101
44 30 3 25468 1024 0.136488795
45 31 3 25469 1024 0.172235109
46 32 3 25470 1024 0.156339155
47 33 3 25471 1024 0.172822670
48 34 3 25472 1024 0.147415813
49 35 3 25473 1024 0.138139476
50 36 3 25474 1024 0.136842488
51 37 3 25475 1024 0.146544661
52 38 3 25476 1024 0.170454894
53 39 3 25477 1024 0.170469587
54 40 3 25478 1024 0.151407588
55 41 3 25479 1024 0.132918458
56 42 3 25480 1024 0.146222759
57 43 3 25481 1024 0.168646278
58 44 3 25482 1024 0.155321972
59 45 3 25483 1024 0.169614780
60 46 3 25484 1024 0.152488984
61 47 3 25485 1024 0.152110074
62 48 3 25486 1024 0.144932509
63 49 3 25487 1024 0.138379493
0 51 3 25488 1024 0.154635593
1 52 3 25489 1024 0.146894526
2 53 3 25490 1024 0.146864267
3 54 3 25491 1024 0.167040094
4 55 3 25492 1024 0.163465738
5 56 3 25493 1024 0.157067473
6 57 3 25494 1024 0.146976810
7 58 3 25495 1024 0.159416061
8 59 3 25496 1024 0.178226770
9 60 3 25497 1024 0.169830122
10 61 3 25498 1024 0.145866364
11 62 3 25499 1024 0.165633808
12 63 3 25500 1024 0.160682391
13 0 3 25501 1024 0.138888756
14 1 3 25502 1024 0.136444842
15 2 3 25503 1024 0.177900256
16 3 3 25504 1024 0.175524338
17 4 3 25505 1024 0.178381720
18 5 3 25506 1024 0.170620894
19 6 3 25507 1024 0.151405364
20 7 3 25508 1024 0.146614739
21 8 3 25509 1024 0.136806264
22 9 3 25510 1024 0.172550657
23 10 3 25511 1024 0.174124500
24 11 3 25512 1024 0.132143747
25 12 3 25513 1024 0.170081075
26 13 3 25514 1024 0.148625180
27 14 3 25515 1024 0.141478669
28 15 3 25516 1024 0.162367003
29 16 3 25517 1024 0.141604478
30 17 3 25518 1024 0.177923066
31 18 3 25519 1024 0.136556395
32 19 3 25520 1024 0.173868587
33 20 3 25521 1024 0.174154203
34 21 3 25522 1024 0.171353811
35 22 3 25523 1024 0.169965605
36 23 3 25524 1024 0.173424255
37 24 3 25525 1024 0.133462129
38 25 3 25526 1024 0.130278485
39 26 3 25527 1024 0.146996489
40 27 3 25528 1024 0.131689465
41 28 3 25529 1024 0.140204564
42 29 3 25530 1024 0.161650257
43 30 3 25531 1024 0.157777303
44 31 3 25532 1024 0.139107452
45 32 3 25533 1024 0.135018469
46 33 3 25534 1024 0.145163121
47 34 3 25535 1024 0.172556106
48 35 3 25536 1024 0.156239595
49 36 3 25537 1024 0.149153378
50 37 3 25538 1024 0.159321675
51 38 3 25539 1024 0.179755021
52 39 3 25540 1024 0.154531470
53 40 3 25541 1024 0.154979223
54 41 3 25542 1024 0.172517102
55 42 3 25543 1024 0.179523152
56 43 3 25544 1024 0.141104276
57 44 3 25545 1024 0.152450218
58 45 3 25546 1024 0.161866091
59 46 3 25547 1024 0.152053191
60 47 3 25548 1024 0.177472875
61 48 3 25549 1024 0.162157280
62 49 3 25550 1024 0.137485234
63 50 3 25551 1024 0.130318269
0 52 3 25552 1024 0.148314705
1 53 3 25553 1024 0.155765701
2 54 3 25554 1024 0.166937423
3 55 3 25555 1024 0.138385447
4 56 3 25556 1024 0.148441717
5 57 3 25557 1024 0.140457541
6 58 3 25558 1024 0.177934580
7 59 3 25559 1024 0.156291383
8 60 3 25560 1024 0.170269238
9 61 3 25561 1024 0.138643696
10 62 3 25562 1024 0.157168236
11 63 3 25563 1024 0.170817801
12 0 3 25564 1024 0.166852309
13 1 3 25565 1024 0.139521186
14 2 3 25566 1024 0.133145779
15 3 3 25567 1024 0.140009055
16 4 3 25568 1024 0.137160630
17 5 3 25569 1024 0.172058352
18 6 3 25570 1024 0.130354214
19 7 3 25571 1024 0.145243472
20 8 3 25572 1024 0.134630204
21 9 3 25573 1024 0.148857817
22 10 3 25574 1024 0.130405743
23 11 3 25575 1024 0.134492549
24 12 3 25576 1024 0.142237424
25 13 3 25577 1024 0.143119519
26 14 3 25578 1024 0.138007540
27 15 3 25579 1024 0.165877229
28 16 3 25580 1024 0.153159304
29 17 3 25581 1024 0.131211269
30 18 3 25582 1024 0.138252957
31 19 3 25583 1024 0.153583037
32 20 3 25584 1024 0.155934065
33 21 3 25585 1024 0.134354595
34 22 3 25586 1024 0.152801374
35 23 3 25587 1024 0.169346147
36 24 3 25588 1024 0.174992582
37 25 3 25589 1024 0.154003979
38 26 3 25590 1024 0.146042443
39 27 3 25591 1024 0.167341330
40 28 3 25592 1024 0.148159370
41 29 3 25593 1024 0.161386726
42 30 3 25594 1024 0.154191668
43 31 3 25595 1024 0.148945480
44 32 3 25596 1024 0.173136887
45 33 3 25597 1024 0.177106886
46 34 3 25598 1024 0.146271712
47 35 3 25599 1024 0.160930576
48 36 3 25600 1024 0.155546408
49 37 3 25601 1024 0.168775902
50 38 3 25602 1024 0.163489212
51 39 3 25603 1024 0.152678664
52 40 3 25604 1024 0.174982573
53 41 3 25605 1024 0.157689988
54 42 3 25606 1024 0.166477813
55 43 3 25607 1024 0.149624778
56 44 3 25608 1024 0.157468704
57 45 3 25609 1024 0.139082625
58 46 3 25610 1024 0.151976826
59 47 3 25611 1024 0.136046488
60 48 3 25612 1024 0.153438624
61 49 3 25613 1024 0.133166097
62 50 3 25614 1024 0.164374142
63 51 3 25615 1024 0.139916059
0 53 3 25616 1024 0.169360583
1 54 3 25617 1024 0.166415173
2 55 3 25618 1024 0.176289749
3 56 3 25619 1024 0.162769804
4 57 3 25620 1024 0.178331011
5 58 3 25621 1024 0.177834550
6 59 3 25622 1024 0.176304357
7 60 3 25623 1024 0.146291130
8 61 3 25624 1024 0.138627193
9 62 3 25625 1024 0.158832404
10 63 3 25626 1024 0.158343731
11 0 3 25627 1024 0.160740460
12 1 3 25628 1024 0.167049729
13 2 3 25629 1024 0.174077936
14 3 3 25630 1024 0.177767099
15 4 3 25631 1024 0.166640256
16 5 3 25632 1024 0.169970148
17 6 3 25633 1024 0.162862355
18 7 3 25634 1024 0.159258837
19 8 3 25635 1024 0.162017876
20 9 3 25636 1024 0.141813603
21 10 3 25637 1024 0.157532946
22 11 3 25638 1024 0.141822736
23 12 3 25639 1024 0.138328191
24 13 3 25640 1024 0.162665983
25 14 3 25641 1024 0.165123513
26 15 3 25642 1024 0.142226059
27 16 3 25643 1024 0.158880258
28 17 3 25644 1024 0.174726083
29 18 3 25645 1024 0.140159325
30 19 3 25646 1024 0.157797207
31 20 3 25647 1024 0.145403071
32 21 3 25648 1024 0.150893770
33 22 3 25649 1024 0.154455161
34 23 3 25650 1024 0.162230324
35 24 3 25651 1024 0.166855747
36 25 3 25652 1024 0.174125317
37 26 3 25653 1024 0.140943301
38 27 3 25654 1024 0.170412092
39 28 3 25655 1024 0.144492140
40 29 3 25656 1024 0.177094917
41 30 3 25657 1024 0.158552186
42 31 3 25658 1024 0.143051896
43 32 3 25659 1024 0.142694812
44 33 3 25660 1024 0.170538173
45 34 3 25661 1024 0.168746548
46 35 3 25662 1024 0.160560642
47 36 3 25663 1024 0.166251489
48 37 3 25664 1024 0.139023023
49 38 3 25665 1024 0.152341336
50 39 3 25666 1024 0.171243452
51 40 3 25667 1024 0.173030712
52 41 3 25668 1024 0.151939800
53 42 3 25669 1024 0.139339736
54 43 3 25670 1024 0.138716528
55 44 3 25671 1024 0.133494124
56 45 3 25672 1024 0.132771876
57 46 3 25673 1024 0.142324468
58 47 3 25674 1024 0.175053630
59 48 3 25675 1024 0.153425551
60 49 3 25676 1024 0.156350003
61 50 3 25677 1024 0.154885046
62 51 3 25678 1024 0.135625654
63 52 3 25679 1024 0.154516375
0 54 3 25680 1024 0.174769136
1 55 3 25681 1024 0.146343838
2 56 3 25682 1024 0.158978928
3 57 3 25683 1024 0.157915613
4 58 3 25684 1024 0.175749038
5 59 3 25685 1024 0.142151360
6 60 3 25686 1024 0.137461979
7 61 3 25687 1024 0.170616038
8 62 3 25688 1024 0.167637449
9 63 3 25689 1024 0.134927820
10 0 3 25690 1024 0.169661681
11 1 3 25691 1024 0.149856584
12 2 3 25692 1024 0.169529287
13 3 3 25693 1024 0.173148908
14 4 3 25694 1024 0.157398974
15 5 3 25695 1024 0.138663316
16 6 3 25696 1024 0.174168574
17 7 3 25697 1024 0.143265578
18 8 3 25698 1024 0.157710501
19 9 3 25699 1024 0.160328998
20 10 3 25700 1024 0.176986344
21 11 3 25701 1024 0.174241271
22 12 3 25702 1024 0.155931200
23 13 3 25703 1024 0.155295770
24 14 3 25704 1024 0.158446065
25 15 3 25705 1024 0.147465646
26 16 3 25706 1024 0.140529287
27 17 3 25707 1024 0.166999056
28 18 3 25708 1024 0.165247645
29 19 3 25709 1024 0.148609644
30 20 3 25710 1024 0.155716728
31 21 3 25711 1024 0.139232810
32 22 3 25712 1024 0.161871357
33 23 3 25713 1024 0.149717288
34 24 3 25714 1024 0.133044050
35 25 3 25715 1024 0.171892723
36 26 3 25716 1024 0.167530342
37 27 3 25717 1024 0.179877284
38 28 3 25718 1024 0.168428434
39 29 3 25719 1024 0.140099760
40 30 3 25720 1024 0.143906509
41 31 3 25721 1024 0.145105176
42 32 3 25722 1024 0.176127233
43 33 3 25723 1024 0.162270342
44 34 3 25724 1024 0.170733636
45 35 3 25725 1024 0.172759281
46 36 3 25726 1024 0.158692616
47 37 3 25727 1024 0.135474042
48 38 3 25728 1024 0.133320422
49 39 3 25729 1024 0.171759204
50 40 3 25730 1024 0.138150237
51 41 3 25731 1024 0.140502571
52 42 3 25732 1024 0.166397889
53 43 3 25733 1024 0.174926987
54 44 3 25734 1024 0.173379624
55 45 3 25735 1024 0.131142029
56 46 3 25736 1024 0.137460769
57 47 3 25737 1024 0.158859422
58 48 3 25738 1024 0.168961026
59 49 3 25739 1024 0.166488342
60 50 3 25740 1024 0.159343976
61 51 3 25741 1024 0.147412377
62 52 3 25742 1024 0.131201497
63 53 3 25743 1024 0.145139533
0 55 3 25744 1024 0.153898437
1 56 3 25745 1024 0.162687735
2 57 3 25746 1024 0.166746106
3 58 3 25747 1024 0.139642564
4 59 3 25748 1024 0.160604009
5 60 3 25749 1024 0.139816631
6 61 3 25750 1024 0.130245624
7 62 3 25751 1024 0.150779220
8 63 3 25752 1024 0.153504831
9 0 3 25753 1024 0.140520855
10 1 3 25754 1024 0.159674248
11 2 3 25755 1024 0.134646461
12 3 3 25756 1024 0.178370730
13 4 3 25757 1024 0.137259203
14 5 3 25758 1024 0.132420823
15 6 3 25759 1024 0.137546586
16 7 3 25760 1024 0.137589369
17 8 3 25761 1024 0.140362281
18 9 3 25762 1024 0.135903961
19 10 3 25763 1024 0.164339298
20 11 3 25764 1024 0.165020100
21 12 3 25765 1024 0.153017238
22 13 3 25766 1024 0.153327641
23 14 3 25767 1024 0.163009141
24 15 3 25768 1024 0.132675173
25 16 3 25769 1024 0.160291866
26 17 3 25770 1024 0.167301054
27 18 3 25771 1024 0.134461829
28 19 3 25772 1024 0.135635479
29 20 3 25773 1024 0.150134814
30 21 3 25774 1024 0.136475124
31 22 3 25775 1024 0.139035349
32 23 3 25776 1024 0.136047840
33 24 3 25777 1024 0.166083534
34 25 3 25778 1024 0.152324550
35 26 3 25779 1024 0.166149968
36 27 3 25780 1024 0.163085884
37 28 3 25781 1024 0.176276533
38 29 3 25782 1024 0.167997599
39 30 3 25783 1024 0.176620121
40 31 3 25784 1024 0.139897567
41 32 3 25785 1024 0.161148701
42 33 3 25786 1024 0.166484047
43 34 3 25787 1024 0.131851151
44 35 3 25788 1024 0.158594192
45 36 3 25789 1024 0.151572428
46 37 3 25790 1024 0.146865659
47 38 3 25791 1024 0.156807423
48 39 3 25792 1024 0.163016861
49 40 3 25793 1024 0.152767163
50 41 3 25794 1024 0.173843626
51 42 3 25795 1024 0.170562961
52 43 3 25796 1024 0.168832438
53 44 3 25797 1024 0.135181478
54 45 3 25798 1024 0.168218004
55 46 3 25799 1024 0.144102249
56 47 3 25800 1024 0.135022934
57 48 3 25801 1024 0.144222522
58 49 3 25802 1024 0.169491850
59 50 3 25803 1024 0.164152086
60 51 3 25804 1024 0.161267420
61 52 3 25805 1024 0.137030561
62 53 3 25806 1024 0.146857781
63 54 3 25807 1024 0.130437108
0 56 3 25808 1024 0.163246174
1 57 3 25809 1024 0.179099192
2 58 3 25810 1024 0.137506404
3 59 3 25811 1024 0.144335648
4 60 3 25812 1024 0.136440371
5 61 3 25813 1024 0.171999569
6 62 3 25814 1024 0.159570061
7 63 3 25815 1024 0.165031285
8 0 3 25816 1024 0.148336360
9 1 3 25817 1024 0.178383817
10 2 3 25818 1024 0.166078710
11 3 3 25819 1024 0.171982303
12 4 3 25820 1024 0.133300879
13 5 3 25821 1024 0.167105603
14 6 3 25822 1024 0.162757819
15 7 3 25823 1024 0.170268108
16 8 3 25824 1024 0.140730908
17 9 3 25825 1024 0.163347528
18 10 3 25826 1024 0.159810137
19 11 3 25827 1024 0.136410167
20 12 3 25828 1024 0.164728029
21 13 3 25829 1024 0.154827903
22 14 3 25830 1024 0.130854427
23 15 3 25831 1024 0.134858403
24 16 3 25832 1024 0.178444275
25 17 3 25833 1024 0.135932517
26 18 3 25834 1024 0.143773097
27 19 3 25835 1024 0.151193106
28 20 3 25836 1024 0.147950804
29 21 3 25837 1024 0.146331947
30 22 3 25838 1024 0.148334530
31 23 3 25839 1024 0.145347258
32 24 3 25840 1024 0.176201002
33 25 3 25841 1024 0.140600631
34 26 3 25842 1024 0.131352108
35 27 3 25843 1024 0.177075633
36 28 3 25844 1024 0.174405115
37 29 3 25845 1024 0.168926053
38 30 3 25846 1024 0.131282277
39 31 3 25847 1024 0.179505000
40 32 3 25848 1024 0.176509261
41 33 3 25849 1024 0.151122989
42 34 3 25850 1024 0.148091129
43 35 3 25851 1024 0.138097693
44 36 3 25852 1024 0.141540340
45 37 3 25853 1024 0.154742854
46 38 3 25854 1024 0.133015448
47 39 3 25855 1024 0.159953340
48 40 3 25856 1024 0.133075928
49 41 3 25857 1024 0.165942049
50 42 3 25858 1024 0.178199701
51 43 3 25859 1024 0.151561095
52 44 3 25860 1024 0.173098214
53 45 3 25861 1024 0.131119020
54 46 3 25862 1024 0.141410062
55 47 3 25863 1024 0.136324139
56 48 3 25864 1024 0.144069939
57 49 3 25865 1024 0.162504714
58 50 3 25866 1024 0.175056000
59 51 3 25867 1024 0.147119516
60 52 3 25868 1024 0.143053093
61 53 3 25869 1024 0.173202759
62 54 3 25870 1024 0.171388382
63 55 3 25871 1024 0.164222435
0 57 3 25872 1024 0.162102049
1 58 3 25873 1024 0.141091845
2 59 3 25874 1024 0.165516586
3 60 3 25875 1024 0.144272790
4 61 3 25876 1024 0.142484872
5 62 3 25877 1024 0.136234734
6 63 3 25878 1024 0.160806860
7 0 3 25879 1024 0.175399025
8 1 3 25880 1024 0.150277000
9 2 3 25881 1024 0.154819352
10 3 3 25882 1024 0.175710328
11 4 3 25883 1024 0.161991934
12 5 3 25884 1024 0.148428305
13 6 3 25885 1024 0.174652127
14 7 3 25886 1024 0.145412966
15 8 3 25887 1024 0.133244119
16 9 3 25888 1024 0.152140613
17 10 3 25889 1024 0.163853424
18 11 3 25890 1024 0.179901977
19 12 3 25891 1024 0.148598490
20 13 3 25892 1024 0.151258505
21 14 3 25893 1024 0.138624125
22 15 3 25894 1024 0.142304877
23 16 3 25895 1024 0.153978575
24 17 3 25896 1024 0.135321251
25 18 3 25897 1024 0.171838510
26 19 3 25898 1024 0.142554978
27 20 3 25899 1024 0.151709244
28 21 3 25900 1024 0.135528012
29 22 3 25901 1024 0.157747070
30 23 3 25902 1024 0.168457844
31 24 3 25903 1024 0.169862953
32 25 3 25904 1024 0.155709151
33 26 3 25905 1024 0.131936520
34 27 3 25906 1024 0.131332271
35 28 3 25907 1024 0.175573394
36 29 3 25908 1024 0.169626496
37 30 3 25909 1024 0.157692168
38 31 3 25910 1024 0.135018860
39 32 3 25911 1024 0.149931917
40 33 3 25912 1024 0.168172212
41 34 3 25913 1024 0.134499034
42 35 3 25914 1024 0.138093718
43 36 3 25915 1024 0.155813996
44 37 3 25916 1024 0.157218632
45 38 3 25917 1024 0.155842596
46 39 3 25918 1024 0.170616808
47 40 3 25919 1024 0.163509724
48 41 3 25920 1024 0.152388060
49 42 3 25921 1024 0.137406607
50 43 3 25922 1024 0.131524103
51 44 3 25923 1024 0.165989631
52 45 3 25924 1024 0.178710058
53 46 3 25925 1024 0.165215189
54 47 3 25926 1024 0.153172767
55 48 3 25927 1024 0.139774288
56 49 3 25928 1024 0.132122531
57 50 3 25929 1024 0.152648156
58 51 3 25930 1024 0.142325150
59 52 3 25931 1024 0.153097308
60 53 3 25932 1024 0.141459450
61 54 3 25933 1024 0.133985379
62 55 3 25934 1024 0.132389919
63 56 3 25935 1024 0.173511459
0 58 3 25936 1024 0.148056057
1 59 3 25937 1024 0.156534707
2 60 3 25938 1024 0.143777390
3 61 3 25939 1024 0.145011828
4 62 3 25940 1024 0.170051332
5 63 3 25941 1024 0.138749031
6 0 3 25942 1024 0.165203237
7 1 3 25943 1024 0.131239507
8 2 3 25944 1024 0.158256561
9 3 3 25945 1024 0.139086293
10 4 3 25946 1024 0.156584585
11 5 3 25947 1024 0.156406116
12 6 3 25948 1024 0.147766676
13 7 3 25949 1024 0.151295420
14 8 3 25950 1024 0.151474246
15 9 3 25951 1024 0.142688033
16 10 3 25952 1024 0.131484202
17 11 3 25953 1024 0.136024819
18 12 3 25954 1024 0.130273334
19 13 3 25955 1024 0.139948240
20 14 3 25956 1024 0.163552539
21 15 3 25957 1024 0.173608405
22 16 3 25958 1024 0.140018281
23 17 3 25959 1024 0.150128993
24 18 3 25960 1024 0.171129272
25 19 3 25961 1024 0.175972811
26 20 3 25962 1024 0.151973812
27 21 3 25963 1024 0.142711057
28 22 3 25964 1024 0.151873744
29 23 3 25965 1024 0.149681204
30 24 3 25966 1024 0.171159654
31 25 3 25967 1024 0.133946671
32 26 3 25968 1024 0.159257359
33 27 3 25969 1024 0.156230796
34 28 3 25970 1024 0.171534652
35 29 3 25971 1024 0.164973863
36 30 3 25972 1024 0.153750170
37 31 3 25973 1024 0.131604231
38 32 3 25974 1024 0.178991141
39 33 3 25975 1024 0.150149217
40 34 3 25976 1024 0.151278177
41 35 3 25977 1024 0.145530064
42 36 3 25978 1024 0.146516587
43 37 3 25979 1024 0.159465710
44 38 3 25980 1024 0.167754802
45 39 3 25981 1024 0.169755170
46 40 3 25982 1024 0.132528878
47 41 3 25983 1024 0.159425714
48 42 3 25984 1024 0.163326826
49 43 3 25985 1024 0.136216171
50 44 3 25986 1024 0.142615831
51 45 3 25987 1024 0.130982393
52 46 3 25988 1024 0.162755160
53 47 3 25989 1024 0.159278230
54 48 3 25990 1024 0.157193899
55 49 3 25991 1024 0.177073830
56 50 3 25992 1024 0.133397235
57 51 3 25993 1024 0.165745138
58 52 3 25994 1024 0.167864362
59 53 3 25995 1024 0.172896016
60 54 3 25996 1024 0.161553729
61 55 3 25997 1024 0.143477813
62 56 3 25998 1024 0.130151345
63 57 3 25999 1024 0.142464526
0 59 3 26000 1024 0.179874250
1 60 3 26001 1024 0.133288941
2 61 3 26002 1024 0.169222885
3 62 3 26003 1024 0.132114846
4 63 3 26004 1024 0.160527920
5 0 3 26005 1024 0.155091802
6 1 3 26006 1024 0.170391597
7 2 3 26007 1024 0.144881443
8 3 3 26008 1024 0.171506548
9 4 3 26009 1024 0.171085583
10 5 3 26010 1024 0.176463051
11 6 3 26011 1024 0.149750011
12 7 3 26012 1024 0.160305455
13 8 3 26013 1024 0.179484895
14 9 3 26014 1024 0.161944080
15 10 3 26015 1024 0.162401346
16 11 3 26016 1024 0.139933189
17 12 3 26017 1024 0.159515858
18 13 3 26018 1024 0.164257786
19 14 3 26019 1024 0.170683265
20 15 3 26020 1024 0.149111062
21 16 3 26021 1024 0.157827101
22 17 3 26022 1024 0.144630801
23 18 3 26023 1024 0.150544361
24 19 3 26024 1024 0.149100201
25 20 3 26025 1024 0.134978838
26 21 3 26026 1024 0.140814179
27 22 3 26027 1024 0.144332752
28 23 3 26028 1024 0.132455209
29 24 3 26029 1024 0.153994594
30 25 3 26030 1024 0.143308706
31 26 3 26031 1024 0.141664944
32 27 3 26032 1024 0.138709771
33 28 3 26033 1024 0.146115977
34 29 3 26034 1024 0.139150767
35 30 3 26035 1024 0.166848398
36 31 3 26036 1024 0.178352044
37 32 3 26037 1024 0.163486575
38 33 3 26038 1024 0.159756067
39 34 3 26039 1024 0.159143197
40 35 3 26040 1024 0.175598482
41 36 3 26041 1024 0.179783528
42 37 3 26042 1024 0.152303399
43 38 3 26043 1024 0.130733024
44 39 3 26044 1024 0.165574344
45 40 3 26045 1024 0.175553542
46 41 3 26046 1024 0.138257136
47 42 3 26047 1024 0.151539350
48 43 3 26048 1024 0.179402257
49 44 3 26049 1024 0.163016115
50 45 3 26050 1024 0.131315348
51 46 3 26051 1024 0.153363424
52 47 3 26052 1024 0.155778562
53 48 3 26053 1024 0.170990686
54 49 3 26054 1024 0.157027517
55 50 3 26055 1024 0.138576409
56 51 3 26056 1024 0.134451141
57 52 3 26057 1024 0.132746123
58 53 3 26058 1024 0.137917924
59 54 3 26059 1024 0.163267899
60 55 3 26060 1024 0.131371470
61 56 3 26061 1024 0.170162475
62 57 3 26062 1024 0.161388503
63 58 3 26063 1024 0.134753902
0 60 3 26064 1024 0.176544442
1 61 3 26065 1024 0.176825637
2 62 3 26066 1024 0.177185708
3 63 3 26067 1024 0.169959292
4 0 3 26068 1024 0.141760537
5 1 3 26069 1024 0.164217308
6 2 3 26070 1024 0.167546284
7 3 3 26071 1024 0.158578123
8 4 3 26072 1024 0.159773697
9 5 3 26073 1024 0.174247549
10 6 3 26074 1024 0.169001971
11 7 3 26075 1024 0.152429013
12 8 3 26076 1024 0.137330295
13 9 3 26077 1024 0.135597835
14 10 3 26078 1024 0.178800565
15 11 3 26079 1024 0.178125961
16 12 3 26080 1024 0.166547837
17 13 3 26081 1024 0.156875091
18 14 3 26082 1024 0.161298034
19 15 3 26083 1024 0.178229110
20 16 3 26084 1024 0.176390169
21 17 3 26085 1024 0.155410875
22 18 3 26086 1024 0.170765943
23 19 3 26087 1024 0.172570029
24 20 3 26088 1024 0.178525410
25 21 3 26089 1024 0.176403787
26 22 3 26090 1024 0.174708179
27 23 3 26091 1024 0.145205704
28 24 3 26092 1024 0.136912032
29 25 3 26093 1024 0.167891633
30 26 3 26094 1024 0.152564567
31 27 3 26095 1024 0.174008867
32 28 3 26096 1024 0.147802543
33 29 3 26097 1024 0.155657267
34 30 3 26098 1024 0.176355115
35 31 3 26099 1024 0.158554381
36 32 3 26100 1024 0.152017680
37 33 3 26101 1024 0.155342399
38 34 3 26102 1024 0.151883392
39 35 3 26103 1024 0.130576701
40 36 3 26104 1024 0.138628752
41 37 3 26105 1024 0.170593514
42 38 3 26106 1024 0.142975034
43 39 3 26107 1024 0.132341116
44 40 3 26108 1024 0.153715382
45 41 3 26109 1024 0.153663763
46 42 3 26110 1024 0.134684853
47 43 3 26111 1024 0.172129631
48 44 3 26112 1024 0.172105938
49 45 3 26113 1024 0.149012495
50 46 3 26114 1024 0.134256402
51 47 3 26115 1024 0.159784019
52 48 3 26116 1024 0.134575185
53 49 3 26117 1024 0.162397600
54 50 3 26118 1024 0.134201626
55 51 3 26119 1024 0.137891549
56 52 3 26120 1024 0.174549497
57 53 3 26121 1024 0.163717023
58 54 3 26122 1024 0.159521497
59 55 3 26123 1024 0.169573164
60 56 3 26124 1024 0.159995086
61 57 3 26125 1024 0.151173726
62 58 3 26126 1024 0.175190581
63 59 3 26127 1024 0.137521851
0 61 3 26128 1024 0.166310272
1 62 3 26129 1024 0.149605227
2 63 3 26130 1024 0.177163508
3 0 3 26131 1024 0.163513808
4 1 3 26132 1024 0.172396619
5 2 3 26133 1024 0.163229171
6 3 3 26134 1024 0.132501269
7 4 3 26135 1024 0.132156735
8 5 3 26136 1024 0.147732062
9 6 3 26137 1024 0.165669100
10 7 3 26138 1024 0.142932572
11 8 3 26139 1024 0.169523543
12 9 3 26140 1024 0.169505830
13 10 3 26141 1024 0.151176140
14 11 3 26142 1024 0.147730502
15 12 3 26143 1024 0.132201060
16 13 3 26144 1024 0.174979349
17 14 3 26145 1024 0.162116341
18 15 3 26146 1024 0.138851464
19 16 3 26147 1024 0.144205873
20 17 3 26148 1024 0.174688141
21 18 3 26149 1024 0.164546522
22 19 3 26150 1024 0.157909381
23 20 3 26151 1024 0.146665346
24 21 3 26152 1024 0.148869342
25 22 3 26153 1024 0.135350444
26 23 3 26154 1024 0.176550508
27 24 3 26155 1024 0.159051687
28 25 3 26156 1024 0.172949666
29 26 3 26157 1024 0.162931558
30 27 3 26158 1024 0.162058845
31 28 3 26159 1024 0.139086263
32 29 3 26160 1024 0.161999931
33 30 3 26161 1024 0.174238373
34 31 3 26162 1024 0.176311355
35 32 3 26163 1024 0.165100552
36 33 3 26164 1024 0.144151999
37 34 3 26165 1024 0.160491240
38 35 3 26166 1024 0.149186534
39 36 3 26167 1024 0.142432746
40 37 3 26168 1024 0.143241569
41 38 3 26169 1024 0.160590197
42 39 3 26170 1024 0.131281052
43 40 3 26171 1024 0.152652988
44 41 3 26172 1024 0.145619684
45 42 3 26173 1024 0.133237996
46 43 3 26174 1024 0.130580762
47 44 3 26175 1024 0.158041657
48 45 3 26176 1024 0.135110484
49 46 3 26177 1024 0.137116985
50 47 3 26178 1024 0.179061314
51 48 3 26179 1024 0.147778568
52 49 3 26180 1024 0.168002461
53 50 3 26181 1024 0.171275990
54 51 3 26182 1024 0.150331548
55 52 3 26183 1024 0.157130983
56 53 3 26184 1024 0.136252885
57 54 3 26185 1024 0.155126642
58 55 3 26186 1024 0.158693517
59 56 3 26187 1024 0.169467208
60 57 3 26188 1024 0.141100129
61 58 3 26189 1024 0.156731104
62 59 3 26190 1024 0.156635172
63 60 3 26191 1024 0.155090439
0 62 3 26192 1024 0.160704012
1 63 3 26193 1024 0.174016714
2 0 3 26194 1024 0.136872969
3 1 3 26195 1024 0.142926579
4 2 3 26196 1024 0.153976180
5 3 3 26197 1024 0.179529760
6 4 3 26198 1024 0.167644764
7 5 3 26199 1024 0.152258716
8 6 3 26200 1024 0.158787512
9 7 3 26201 1024 0.151245722
10 8 3 26202 1024 0.161161953
11 9 3 26203 1024 0.133170499
12 10 3 26204 1024 0.144994984
13 11 3 26205 1024 0.140722590
14 12 3 26206 1024 0.171484813
15 13 3 26207 1024 0.159324897
16 14 3 26208 1024 0.167834430
17 15 3 26209 1024 0.166238543
18 16 3 26210 1024 0.147887356
19 17 3 26211 1024 0.167774553
20 18 3 26212 1024 0.159984503
21 19 3 26213 1024 0.170743169
22 20 3 26214 1024 0.179928949
23 21 3 26215 1024 0.173656640
24 22 3 26216 1024 0.165736739
25 23 3 26217 1024 0.135398023
26 24 3 26218 1024 0.140667190
27 25 3 26219 1024 0.165985723
28 26 3 26220 1024 0.174722123
29 27 3 26221 1024 0.147086451
30 28 3 26222 1024 0.179050631
31 29 3 26223 1024 0.132189543
32 30 3 26224 1024 0.142725626
33 31 3 26225 1024 0.157814689
34 32 3 26226 1024 0.134719778
35 33 3 26227 1024 0.146622536
36 34 3 26228 1024 0.171502939
37 35 3 26229 1024 0.131096544
38 36 3 26230 1024 0.138278668
39 37 3 26231 1024 0.175321454
40 38 3 26232 1024 0.143920833
41 39 3 26233 1024 0.145104408
42 40 3 26234 1024 0.137232228
43 41 3 26235 1024 0.136228467
44 42 3 26236 1024 0.134868072
45 43 3 26237 1024 0.145894184
46 44 3 26238 1024 0.131578290
47 45 3 26239 1024 0.139662431
48 46 3 26240 1024 0.144457608
49 47 3 26241 1024 0.131412748
50 48 3 26242 1024 0.158360967
51 49 3 26243 1024 0.150103237
52 50 3 26244 1024 0.133158980
53 51 3 26245 1024 0.167780275
54 52 3 26246 1024 0.154211980
55 53 3 26247 1024 0.175577703
56 54 3 26248 1024 0.167376090
57 55 3 26249 1024 0.168619993
58 56 3 26250 1024 0.136338864
59 57 3 26251 1024 0.142934593
60 58 3 26252 1024 0.156912007
61 59 3 26253 1024 0.167650408
62 60 3 26254 1024 0.161524346
63 61 3 26255 1024 0.157335219
0 63 3 26256 1024 0.177821305
1 0 3 26257 1024 0.166474288
2 1 3 26258 1024 0.173314938
3 2 3 26259 1024 0.153086253
4 3 3 26260 1024 0.157557648
5 4 3 26261 1024 0.134844906
6 5 3 26262 1024 0.133980973
7 6 3 26263 1024 0.143543504
8 7 3 26264 1024 0.155848580
9 8 3 26265 1024 0.179763820
10 9 3 26266 1024 0.169363843
11 10 3 26267 1024 0.171986732
12 11 3 26268 1024 0.161127376
13 12 3 26269 1024 0.175955836
14 13 3 26270 1024 0.161329505
15 14 3 26271 1024 0.177359246
16 15 3 26272 1024 0.157295751
17 16 3 26273 1024 0.160823408
18 17 3 26274 1024 0.156920188
19 18 3 26275 1024 0.170238317
20 19 3 26276 1024 0.142448789
21 20 3 26277 1024 0.178762791
22 21 3 26278 1024 0.149791378
23 22 3 26279 1024 0.160927255
24 23 3 26280 1024 0.152017332
25 24 3 26281 1024 0.176515490
26 25 3 26282 1024 0.149058121
27 26 3 26283 1024 0.145617515
28 27 3 26284 1024 0.174626160
29 28 3 26285 1024 0.134514793
30 29 3 26286 1024 0.147014250
31 30 3 26287 1024 0.143060944
32 31 3 26288 1024 0.145677784
33 32 3 26289 1024 0.162995330
34 33 3 26290 1024 0.135532299
35 34 3 26291 1024 0.160684855
36 35 3 26292 1024 0.166119079
37 36 3 26293 1024 0.163976152
38 37 3 26294 1024 0.132929404
39 38 3 26295 1024 0.164372631
40 39 3 26296 1024 0.153887836
41 40 3 26297 1024 0.148065804
42 41 3 26298 1024 0.164849545
43 42 3 26299 1024 0.149074495
44 43 3 26300 1024 0.164738334
45 44 3 26301 1024 0.147563052
46 45 3 26302 1024 0.133519183
47 46 3 26303 1024 0.133930316
48 47 3 26304 1024 0.164138303
49 48 3 26305 1024 0.133093356
50 49 3 26306 1024 0.171626201
51 50 3 26307 1024 0.156890873
52 51 3 26308 1024 0.168564620
53 52 3 26309 1024 0.170375195
54 53 3 26310 1024 0.140357077
55 54 3 26311 1024 0.145719400
56 55 3 26312 1024 0.150539480
57 56 3 26313 1024 0.165467831
58 57 3 26314 1024 0.136288152
59 58 3 26315 1024 0.155733389
60 59 3 26316 1024 0.142995267
61 60 3 26317 1024 0.148619419
62 61 3 26318 1024 0.132790568
63 62 3 26319 1024 0.154275406
0 1 3 26320 1024 0.132457586
1 2 3 26321 1024 0.159705870
2 3 3 26322 1024 0.162566368
3 4 3 26323 1024 0.145056638
4 5 3 26324 1024 0.136794337
5 6 3 26325 1024 0.156517643
6 7 3 26326 1024 0.159018195
7 8 3 26327 1024 0.138946377
8 9 3 26328 1024 0.144665868
9 10 3 26329 1024 0.148816776
10 11 3 26330 1024 0.148752234
11 12 3 26331 1024 0.173259195
12 13 3 26332 1024 0.169275857
13 14 3 26333 1024 0.167028003
14 15 3 26334 1024 0.157837619
15 16 3 26335 1024 0.151745401
16 17 3 26336 1024 0.154875172
17 18 3 26337 1024 0.132500117
18 19 3 26338 1024 0.169458896
19 20 3 26339 1024 0.143106540
20 21 3 26340 1024 0.130717754
21 22 3 26341 1024 0.169525149
22 23 3 26342 1024 0.145537104
23 24 3 26343 1024 0.151179534
24 25 3 26344 1024 0.148209376
25 26 3 26345 1024 0.167813315
26 27 3 26346 1024 0.146995837
27 28 3 26347 1024 0.174623180
28 29 3 26348 1024 0.158560507
29 30 3 26349 1024 0.169125842
30 31 3 26350 1024 0.145426070
31 32 3 26351 1024 0.145946613
32 33 3 26352 1024 0.141036634
33 34 3 26353 1024 0.169062975
34 35 3 26354 1024 0.170263231
35 36 3 26355 1024 0.131444567
36 37 3 26356 1024 0.136542792
37 38 3 26357 1024 0.172851866
38 39 3 26358 1024 0.148476483
39 40 3 26359 1024 0.169946498
40 41 3 26360 1024 0.173794282
41 42 3 26361 1024 0.169163955
42 43 3 26362 1024 0.172714411
43 44 3 26363 1024 0.139216268
44 45 3 26364 1024 0.150936699
45 46 3 26365 1024 0.165029921
46 47 3 26366 1024 0.132709620
47 48 3 26367 1024 0.149824519
48 49 3 26368 1024 0.146700104
49 50 3 26369 1024 0.160412007
50 51 3 26370 1024 0.141445106
51 52 3 26371 1024 0.132684953
52 53 3 26372 1024 0.164739628
53 54 3 26373 1024 0.163763378
54 55 3 26374 1024 0.138013207
55 56 3 26375 1024 0.139336903
56 57 3 26376 1024 0.138745395
57 58 3 26377 1024 0.144705616
58 59 3 26378 1024 0.178163948
59 60 3 26379 1024 0.169909595
60 61 3 26380 1024 0.151409099
61 62 3 26381 1024 0.174067710
62 63 3 26382 1024 0.164697481
63 0 3 26383 1024 0.153697421
