5 9 20261 30288 600 2002075710 480318 960528
10 1 20775 30202 2146 2003720122 480611 960651
10 2 20776 30684 4753 2004380122 480830 960860
5 15 20260 30918 90079 2000800838 5559572 967686
2 8 20920 30593 42500 2003732856 2885774 963880
10 5 20778 30878 31369 2007251870 2505087 962989
12 6 20984 30093 1046 2009403652 480518 960563
8 6 20576 30095 6654 2009680858 480992 961012
9 0 20667 30329 6646 2010048686 480991 961011
15 5 20960 30879 21300 2010446104 1821334 962184
6 9 20686 30289 102513 2005441948 6869825 968681
14 2 20189 30685 3093 2012383690 480692 960727
4 10 20532 30290 1920 2015462012 480588 960633
9 3 20670 30258 2366 2015936536 480629 960669
2 13 20921 30331 69513 2012575902 4480632 966041
9 5 20671 30880 488 2017156972 480265 960519
9 4 20669 30087 44007 2015870346 2954738 964000
8 5 20577 30881 38831 2019505118 2747532 963586
0 11 20732 30189 96478 2017601158 5767376 968198
5 11 20262 30190 53917 2019812242 3589670 964793
12 5 20986 30883 3350 2023949654 480713 960748
3 9 20656 30291 2567 2024383706 480645 960685
0 8 20733 30595 59287 2021256770 3796802 965222
6 10 20688 30293 16427 2023979396 1648384 961794
3 12 20654 30004 119451 2016682656 9076905 970036
5 14 20263 30439 643 2027272218 480337 960531
8 6 20578 30098 5817 2027486348 480920 960945
10 5 20779 30882 111772 2020582648 8002109 969421
14 7 20192 30362 52727 2025589784 3569604 964698
6 14 20690 30440 7335 2029185854 481052 961066
0 8 20735 30596 63999 2026107534 3935551 965599
12 3 20987 30259 225 2030993408 480138 960498
5 11 20264 30192 5590 2031336778 480902 960927
3 11 20658 30193 2020 2031837778 480601 960641
10 6 20780 30099 11681 2031221150 1475494 961414
0 13 20734 30332 128220 2022927390 10826292 970737
5 12 20265 30006 2160 2033352502 480613 960652
4 13 20533 30333 28458 2032514258 2401322 962756
2 10 20924 30294 37750 2032226518 2712885 963500
11 5 20330 30884 34202 2032452370 2608814 963216
12 1 20989 30206 1854 2035118404 480583 960628
1 10 20741 30289 242214 2008728290 28767821 979857
14 2 20195 30687 3197 2038876672 480701 960735
13 6 20829 30100 91568 2036659006 5579602 967805
12 5 20990 30886 1359 2044093594 480544 960588
8 0 20579 30332 7500 2044348318 481065 961080
14 6 20197 30101 69521 2040440848 4480632 966041
5 8 20267 30598 11510 2043686996 1475417 961400
2 9 20923 30290 230220 2019431218 26846779 978897
11 0 20332 30333 2039 2046187956 480603 960643
9 6 20672 30103 41481 2043889292 2842008 963798
3 11 20660 30197 238 2047423380 480145 960499
1 12 20742 30005 216762 2024516406 24657195 977820
1 9 20745 30292 8496 2049862600 481149 961159
2 11 20925 30195 119861 2042472700 9077024 970068
6 11 20693 30199 4137 2051478762 480781 960810
8 1 20582 30210 29636 2051459574 2436015 962850
11 0 20334 30335 47392 2050515014 3381626 964271
1 15 20746 30923 55314 2050584770 3658406 964905
2 15 20927 30924 87920 2050678158 5441362 967513
5 9 20268 30294 2680 2056498300 480654 960694
6 8 20692 30599 120712 2047637796 9751535 970136
14 1 20199 30208 147148 2043700554 13764981 972251
7 11 20113 30194 196688 2036446786 21506807 976215
11 5 20336 30890 13043 2058666474 1544393 961523
14 7 20200 30366 1402 2060629360 480547 960592
4 9 20536 30293 117411 2053023712 8962474 969872
12 6 20991 30104 9032 2061512374 481197 961202
14 2 20196 30688 201769 2040250994 22151962 976621
13 5 20831 30892 15694 2061233116 1613909 961735
8 2 20584 30690 43811 2061250214 2908194 963984
4 12 20538 30010 110641 2056227594 7944837 969331
9 3 20675 30260 8898 2066195474 481726 961191
3 13 20661 30336 19763 2064981376 1752353 962061
6 13 20694 30337 11467 2066309280 1475407 961397
4 12 20539 30011 90180 2062271932 5559620 967694
4 14 20540 30444 29090 2066003426 2435751 962807
9 7 20673 30365 159063 2053642682 15686023 973205
2 10 20932 30296 6475 2069176034 480978 960998
8 3 20585 30261 21973 2068266004 1821658 962237
0 10 20739 30295 32591 2068194918 2539797 963087
13 1 20832 30212 71599 2066194998 4549877 966207
9 5 20678 30894 56 2071330624 480054 960484
9 7 20676 30367 83078 2066805774 5302551 967126
14 4 20201 30090 87523 2066724470 5441175 967481
2 10 20933 30297 326 2071773298 480186 960506
15 5 20958 30877 509163 2000816460 71490253 1001213
13 1 20833 30213 906 2072137230 480462 960552
2 15 20934 30928 6241 2073486516 480959 960979
1 14 20747 30443 203675 2052153908 22366723 976774
10 5 20783 30893 90478 2069035280 5559764 967718
9 7 20677 30368 48984 2071292070 3431323 964398
0 11 20740 30202 277 2076948676 480162 960502
10 0 20785 30337 40680 2076000240 2816654 963734
11 2 20329 30686 377464 2030461546 50315493 990677
1 10 20749 30299 8772 2080501190 481257 961181
13 6 20836 30106 4036 2080543030 480773 960802
4 8 20542 30602 7806 2081447104 481174 961104
7 13 20116 30335 248625 2052515910 29728756 980370
13 3 20835 30263 66040 2080010372 4391405 965763
11 1 20338 30215 11154 2083185734 1475242 961372
14 3 20205 30264 403 2084736304 480222 960512
7 13 20117 30339 45597 2082561674 2974821 964127
10 5 20787 30897 1258 2085753978 480535 960580
8 0 20586 30341 988 2085785508 480505 960559
4 14 20543 30447 90519 2082220894 5559816 967721
15 5 20965 30898 3997 2087363724 480765 960799
10 0 20786 30340 48835 2084533310 3431519 964386
7 13 20118 30340 27934 2086226614 2029253 962714
9 4 20680 30094 9206 2088755368 481211 961216
8 1 20581 30209 308245 2051141352 39304903 985139
11 1 20339 30216 26331 2089833956 1994356 962586
5 9 20273 30295 10411 2091056262 1440767 961312
7 12 20119 30016 71593 2088065270 4549872 966207
15 5 20966 30899 2550 2094354764 480644 960684
14 7 20208 30369 9559 2096214354 481240 961244
1 10 20751 30303 947 2096370302 480486 960555
9 0 20681 30342 1799 2097141012 480579 960623
5 12 20269 30013 200569 2075679390 22044223 976525
12 6 20995 30108 10046 2096737072 1440587 961283
4 11 20545 30205 2301 2098274704 480624 960664
6 15 20698 30930 12912 2098812096 1510211 961512
9 3 20682 30267 406 2099869676 480222 960512
2 10 20936 30304 17825 2098787136 1683178 961906
5 9 20275 30297 1785 2101031474 480578 960622
11 5 20340 30901 58966 2098286132 3777331 965197
8 7 20587 30370 37086 2100187804 2712567 963446
0 9 20744 30298 2848 2102481580 480668 960707
12 6 20994 30107 155611 2091904356 14805889 972928
10 4 20784 30091 289483 2070677432 36260020 983638
3 11 20655 30191 622336 2019824950 89567942 1010266
13 2 20837 30692 83010 2106658924 5302522 967120
8 2 20588 30694 18096 2112333070 1717427 961927
4 14 20546 30450 13219 2113544136 1544500 961537
13 2 20839 30693 95377 2109647696 5717918 968110
14 7 20193 30363 621612 2026697138 89407739 1010208
8 3 20589 30269 2003 2115799436 480600 960640
3 10 20662 30306 9228 2117618254 481213 961218
2 12 20939 30018 60 2118012298 480061 960484
6 15 20700 30932 37797 2116093498 2712908 963503
2 15 20938 30931 87981 2114444918 5441469 967518
15 4 20970 30096 2982 2119652368 480678 960718
10 6 20789 30111 7398 2119660036 481057 961071
6 15 20701 30933 52459 2117113668 3569479 964676
11 6 20345 30109 29717 2118382530 2436051 962857
3 8 20664 30605 1476 2122913376 480553 960598
3 14 20663 30452 63089 2119808540 3935114 965527
13 1 20840 30220 61575 2120639558 3866143 965406
4 13 20547 30342 158 2124448744 480102 960492
5 9 20277 30300 341 2124636410 480193 960507
15 4 20972 30097 13744 2124725780 1544729 961579
9 6 20686 30112 19477 2124644072 1752214 962038
2 14 20941 30453 22212 2125738190 1855895 962256
1 15 20743 30921 602347 2043744878 86302100 1008667
7 14 20112 30441 685722 2030734160 99653586 1015337
11 2 20335 30689 549830 2054464916 77895247 1004466
3 10 20665 30308 23310 2131190814 1890545 962344
2 12 20944 30020 2928 2134325954 480674 960714
15 0 20973 30346 12696 2133886300 1510103 961495
0 8 20737 30601 564890 2056031478 80296400 1005671
5 13 20278 30343 116028 2128478372 8905029 969762
8 5 20580 30887 608360 2050064450 87326689 1009148
13 7 20827 30361 832162 2015655114 123186511 1027052
10 3 20790 30270 162448 2123851692 15857878 973475
9 2 20687 30696 117609 2131200490 8962550 969888
2 15 20942 30934 151444 2127716772 13994046 972595
0 14 20731 30436 853340 2015472988 126550373 1028747
13 3 20842 30271 15020 2140471134 1613585 961681
3 9 20668 30302 355 2142737326 480198 960508
6 10 20705 30309 6867 2143394302 481009 961029
6 13 20703 30345 51165 2140845812 3519938 964573
4 12 20541 30015 470708 2079629408 65234508 998136
10 2 20793 30698 64011 2142638548 4322189 965600
5 15 20266 30920 767344 2034284660 112782479 1021867
5 10 20279 30310 11174 2146141076 1475254 961373
1 13 20753 30346 3557 2147894240 480729 960764
0 10 20742 30298 501881 2078910114 70197838 1000630
12 4 20993 30092 516560 2076768856 72599026 1001804
3 13 20667 30344 121970 2140185752 9797432 970237
11 4 20347 30098 28328 2148188532 2401262 962746
6 12 20707 30022 31083 2148403650 2504948 962966
0 12 20747 30024 969 2151116458 480493 960557
11 7 20346 30375 156404 2137148674 14897275 972992
12 3 20999 30272 7754 2151649058 481085 961100
2 12 20937 30017 382546 2101482430 51148377 991083
11 1 20349 30222 2188 2152330138 480615 960655
13 7 20845 30378 21341 2152248406 1821353 962187
11 0 20348 30347 32192 2151805404 2539605 963055
7 11 20125 30209 1804 2154576436 480579 960624
2 14 20946 30454 50354 2151668036 3500220 964508
15 3 20975 30273 15542 2154129886 1613837 961723
5 15 20281 30939 61992 2155233538 3866342 965439
3 14 20670 30455 30438 2158470144 2470521 962915
11 3 20344 30268 369474 2113352554 49077376 990037
5 8 20282 30609 793 2162595794 480409 960543
15 1 20968 30217 454916 2100523456 62673909 996873
9 3 20690 30274 1374 2163318150 480545 960589
9 1 20689 30224 66101 2159607194 4391434 965768
1 14 20757 30457 4980 2166581590 480964 960878
1 15 20756 30940 25653 2165475094 1960007 962532
2 15 20931 30927 684725 2068496134 99494015 1015258
5 8 20283 30610 943 2167859418 480481 960555
14 6 20211 30115 18708 2168096648 1717720 961976
0 12 20750 30025 12285 2169612036 1509911 961462
8 6 20593 30116 12931 2170405852 1510216 961514
2 10 20947 30312 6541 2171478676 480983 961003
0 15 20749 30941 52068 2168847886 3569287 964645
5 8 20276 30604 428150 2113915196 58513970 994732
11 4 20350 30099 46374 2169310202 3361824 964189
5 9 20284 30307 14679 2171403984 1579300 961654
9 1 20692 30225 19561 2171743238 1752257 962044
4 8 20551 30608 188630 2154086782 20123157 975570
3 15 20671 30943 10821 2173255900 1440959 961345
9 7 20683 30371 520540 2103013268 73239571 1002123
11 4 20352 30100 15253 2176651570 1613698 961700
0 8 20753 30612 23068 2176809778 1890425 962325
8 6 20592 30114 141969 2167104670 12804843 971837
14 7 20212 30381 916 2181725644 480469 960553
8 3 20595 30276 267 2183573568 480157 960501
12 7 20997 30374 459292 2120854258 63376892 997223
1 14 20754 30456 188533 2164223164 20123189 975562
10 5 20791 30903 406835 2129310200 55159517 993026
10 1 20794 30226 16059 2183313368 1648265 961764
14 2 20210 30697 356858 2138013824 46989575 989028
14 6 20198 30102 957646 2043181066 143200226 1037091
6 14 20708 30461 14095 2185216222 1579019 961607
8 6 20596 30117 48781 2184139696 3431220 964382
6 14 20696 30448 649348 2093768312 93861318 1012427
8 1 20597 30227 17803 2186892888 1683166 961904
5 8 20288 30614 1841 2188326670 480660 960627
14 3 20209 30266 622963 2099323324 89567993 1010317
3 12 20666 30019 422241 2131537882 57550271 994259
4 9 20549 30304 325996 2147166548 42028447 986559
14 0 20213 30350 49009 2186821216 3450650 964400
8 1 20598 30228 1509 2189978238 480556 960600
6 11 20709 30211 11300 2190016642 1475314 961384
12 0 21002 30351 10051 2194729140 1440592 961284
3 15 20675 30944 5334 2195852872 480887 960906
3 10 20674 30315 60200 2193329870 3846168 965296
1 9 20755 30306 265317 2165182096 32387125 981705
5 14 20290 30462 25049 2195677430 1959837 962483
14 3 20215 30278 8922 2197711744 481184 961193
7 10 20129 30316 36147 2195773518 2677994 963371
13 5 20849 30909 9415 2198484128 481228 961233
13 2 20850 30700 9602 2198722914 481243 961248
5 11 20291 30213 17478 2197566230 1683061 961878
0 10 20754 30317 576 2198770822 480306 960526
11 2 20355 30701 8939 2201448962 481185 961195
15 7 20978 30383 13928 2200930478 1544818 961594
13 1 20851 30229 16434 2201119494 1648391 961794
14 1 20216 30230 30914 2202304568 2470749 962953
6 11 20699 30206 726603 2099169236 106218454 1018608
2 14 20926 30442 1078350 2043262856 162572203 1046748
6 8 20710 30615 55949 2205626672 3658711 964955
9 0 20695 30353 7406 2209504082 481124 961072
0 12 20741 30014 892808 2077260112 132792255 1031904
7 8 20128 30611 294889 2173697224 37067161 984071
5 11 20292 30214 76298 2206517338 4737550 966583
12 3 20992 30262 922855 2074018660 137531879 1034308
1 15 20758 30949 546 2211497950 480289 960523
11 1 20356 30232 790 2212353924 480409 960543
0 12 20757 30030 26235 2211599460 1994315 962578
2 11 20952 30216 121 2213373452 480085 960489
0 10 20743 30300 859683 2087067884 127414511 1029254
12 2 21004 30703 8177 2217175390 481124 961134
4 12 20554 30028 209589 2197204538 23407910 977247
0 15 20748 30938 482688 2153467884 67155244 999095
0 9 20758 30309 94287 2214951372 5698182 968022
14 7 20194 30364 1235567 2033734150 187704437 1059325
11 0 20358 30354 28301 2219392440 2401380 962744
5 13 20296 30347 25774 2220581192 1959977 962541
6 8 20687 30594 1420331 2006162704 217322910 1074106
0 15 20755 30946 195695 2202705752 21218283 976135
14 0 20217 30355 57221 2221497114 3727738 965057
5 11 20293 30215 140698 2212998704 12747556 971735
7 15 20130 30948 176389 2209057514 18201965 974591
1 14 20761 30466 26533 2225486582 1994452 962602
9 5 20684 30902 845544 2104584940 125267958 1028123
4 10 20555 30321 21227 2228141548 1821298 962178
6 14 20713 30467 10115 2228950146 1440623 961289
13 4 20853 30103 31151 2228043362 2504984 962972
8 4 20603 30104 2253 2230257090 480620 960660
4 11 20557 30217 1070 2230885156 480520 960565
14 0 20218 30357 28860 2229137784 2401521 962788
3 9 20677 30310 30464 2230567220 2470533 962917
2 13 20955 30348 40801 2230817650 2816779 963744
2 14 20956 30468 2428 2233329058 480634 960674
5 9 20297 30311 22948 2232925542 1856248 962315
1 8 20762 30619 480 2235578170 480258 960518
3 8 20676 30617 134842 2224665756 11787172 971267
6 11 20714 30218 32277 2234456902 2539646 963062
15 1 20980 30234 1934 2240111122 480590 960634
13 2 20856 30706 2012 2240774898 480601 960640
13 0 20855 30358 23918 2239626116 1890833 962393
9 4 20698 30106 35691 2240457024 2643651 963335
15 2 20981 30707 9518 2243611420 481236 961241
0 14 20745 30451 849183 2118758506 125912597 1028414
5 10 20295 30319 239652 2216765220 28211044 979652
10 7 20795 30384 124591 2235510240 9980218 970447
6 15 20716 30954 10621 2244243608 1440863 961329
13 6 20857 30122 61537 2243311266 3866126 965402
15 1 20982 30235 3377 2247386620 480715 960750
3 15 20679 30955 2233 2247897604 480618 960658
9 6 20699 30123 18605 2246849792 1717672 961968
5 11 20299 30221 8883 2248384128 481185 961190
13 2 20843 30699 724133 2143569678 105897241 1018410
8 2 20604 30708 35052 2247037204 2643344 963284
12 6 21007 30124 406 2249622826 480222 960512
1 15 20763 30953 155838 2235783374 14806117 972947
6 14 20712 30463 293044 2214247628 36918141 983923
7 11 20132 30223 1131 2253048138 480525 960570
9 2 20700 30709 2131 2254154486 480610 960650
13 1 20859 30236 52902 2252784934 3569688 964712
15 5 20983 30913 22289 2255084308 1856049 962263
6 14 20717 30469 119251 2248204122 9076908 970020
12 6 21009 30125 678 2257942396 480354 960534
15 0 20985 30359 71 2258501230 480061 960485
1 15 20767 30958 3369 2259459476 480714 960749
9 0 20701 30360 3318 2260349814 480710 960745
1 12 20768 30032 2640 2260587316 480651 960691
6 9 20706 30303 794394 2144375106 117040052 1024031
5 10 20302 30323 19853 2259733040 1752463 962068
1 9 20769 30315 7631 2261438672 481075 961090
10 6 20792 30113 888743 2129956702 132155461 1031579
5 11 20300 30222 149072 2248788716 13879526 972405
9 6 20704 30126 701 2262381348 480366 960536
2 15 20950 30945 457910 2200432942 63121094 997112
7 9 20133 30314 88888 2259690298 5490813 967591
8 7 20591 30380 691422 2164799320 100614844 1015793
10 6 20797 30127 6647 2265760838 480992 961011
10 0 20796 30362 18559 2264837214 1717655 961964
1 12 20759 30031 411829 2212733388 55694135 993426
14 0 20220 30363 1864 2268030936 480584 960629
4 15 20560 30959 1618 2268522976 480564 960609
8 4 20602 30102 389031 2216908208 52268358 991602
9 0 20702 30361 116717 2260505308 8905486 969817
0 11 20761 30225 1820 2270011464 480580 960625
7 8 20131 30618 348995 2225218664 45702936 988399
9 3 20697 30280 278011 2237643920 34511682 982720
10 2 20798 30710 95940 2267993346 5718183 968155
12 6 21006 30121 365638 2225318474 48631692 989731
5 10 20303 30324 2062 2275195928 480605 960644
2 13 20958 30353 31765 2274900740 2505402 963021
8 5 20606 30916 4919 2277113898 480843 960873
2 13 20959 30354 19637 2277176030 1752293 962050
12 3 21010 30282 4334 2278833112 480797 960826
4 8 20559 30620 189379 2259459678 20257471 975630
15 3 20987 30283 5659 2280288738 480908 960932
5 8 20304 30621 62621 2276860530 3915571 965489
1 14 20771 30470 60985 2278802966 3846878 965358
9 5 20674 30889 1470477 2057865106 225325014 1078118
4 10 20562 30325 11460 2285553444 1475393 961396
15 2 20988 30714 43978 2284944200 2908271 963998
4 15 20550 30936 941731 2147474146 140637430 1035818
5 11 20305 30227 107413 2281734012 7098607 969073
12 5 21008 30914 265833 2257853692 32387486 981746
8 2 20599 30702 616634 2201672470 88612303 1009810
7 11 20138 30229 705 2290597214 480366 960536
3 13 20680 30356 58775 2287305606 3777317 965182
8 7 20608 30392 2028 2290679120 480602 960642
6 11 20715 30219 370633 2242002166 49230463 990130
14 7 20222 30386 196088 2270430074 21506825 976167
0 11 20764 30230 14772 2290651010 1579364 961661
1 11 20772 30228 118458 2284430490 9019874 969956
10 5 20802 30919 3509 2294752466 480726 960760
5 10 20306 30327 9433 2294832658 481232 961234
13 3 20861 30284 127206 2284553752 10769013 970656
12 2 21012 30715 1739 2295185742 480574 960619
2 10 20954 30320 514997 2224339940 72291914 1001679
6 8 20722 30624 1243 2296495632 480534 960579
11 7 20363 30393 1825 2296759482 480581 960626
6 12 20720 30034 154387 2283501750 14760202 972830
4 9 20563 30318 26304 2297670282 1994344 962584
15 5 20990 30920 29258 2298679422 2435828 962820
14 5 20224 30922 3456 2301132432 480728 960756
9 1 20712 30241 487 2301305482 480265 960518
10 5 20804 30923 1900 2301668866 480587 960632
12 4 21000 30101 819589 2182318742 121106448 1026047
10 1 20806 30242 7460 2304205078 481062 961076
7 10 20124 30307 1184510 2126469854 179538872 1055240
5 8 20307 30628 31067 2304348070 2504943 962965
2 13 20963 30357 1964 2307740784 480592 960637
12 7 21015 30395 33185 2305691072 2574207 963134
7 10 20142 30330 56232 2305079500 3707772 964978
8 0 20609 30367 688 2309366668 480361 960535
9 3 20713 30287 35748 2307237270 2643710 963339
4 11 20567 30232 9198 2310428986 481296 961215
13 4 20862 30113 1478 2310770844 480553 960598
9 2 20705 30713 261577 2280334166 31803595 981406
10 1 20807 30243 109780 2304299142 7887720 969262
2 11 20965 30233 1362 2312060770 480544 960588
4 11 20569 30234 2004 2312166280 480600 960640
11 0 20333 30334 1726565 2046456562 266309241 1098605
4 15 20534 30922 1741570 2044792044 268722703 1099805
4 8 20568 30629 15515 2312065388 1613825 961721
11 7 20360 30387 322865 2272257208 41543599 986309
13 1 20865 30245 5371 2314440826 480974 960909
11 3 20364 30288 2677 2316034606 480654 960694
4 9 20570 30321 27936 2314602372 2029294 962714
4 12 20571 30039 21838 2315096170 1821678 962227
0 15 20769 30962 28669 2314957578 2401425 962773
13 0 20866 30370 26004 2315665974 1994200 962560
12 2 21013 30716 183374 2299167852 19296949 975149
7 13 20143 30358 56760 2317285508 3708031 965020
8 2 20610 30718 111878 2314789020 8002108 969430
6 15 20723 30964 404 2322347980 480222 960512
1 15 20778 30965 9397 2324858688 481227 961231
1 11 20774 30235 110283 2317498086 7944749 969302
8 6 20611 30133 21699 2323949910 1821526 962215
11 5 20366 30926 380 2325926462 480210 960510
6 13 20721 30355 330950 2284097440 42757876 986956
1 14 20775 30473 110980 2319385054 7944958 969358
13 7 20863 30396 171545 2310810918 16955923 974203
1 8 20779 30630 62246 2325099924 3915391 965459
14 7 20227 30397 4610 2328730280 480819 960848
5 8 20309 30631 21980 2328935970 1821658 962238
14 2 20226 30720 101827 2324031988 6824208 968626
12 6 21018 30136 3074 2330734700 480691 960725
12 0 21019 30371 2684 2331770076 480740 960694
6 11 20718 30224 504259 2261610206 70680614 1000820
15 0 20994 30369 173404 2314853966 17798897 974352
15 0 20997 30372 12222 2332637264 1509880 961457
10 2 20811 30719 183360 2315237698 19296923 975148
1 8 20780 30632 22484 2333445572 1856043 962278
8 5 20613 30928 266 2334915084 480157 960501
1 12 20781 30040 7632 2336218884 481075 961090
15 5 20993 30924 228617 2311253804 26578543 978769
0 13 20772 30360 1491 2337464898 480554 960599
0 12 20768 30037 255336 2307225730 30842524 980906
9 6 20716 30137 22683 2336376382 1856144 962294
1 12 20773 30038 237085 2310750528 27941825 979446
0 13 20773 30361 10210 2338221652 1440671 961296
9 7 20706 30389 430376 2281265858 58831174 994910
8 7 20614 30399 27604 2338539904 2029128 962688
14 4 20229 30116 30380 2338495252 2470490 962910
4 14 20566 30471 274846 2307544046 33878733 982467
6 11 20724 30240 29866 2339253664 2436123 962869
12 5 21020 30930 15842 2341258780 1613981 961747
0 11 20770 30236 171916 2326793162 16956033 974233
8 1 20617 30246 984 2344523954 480505 960558
1 13 20783 30362 30347 2343155594 2470478 962907
12 4 21017 30112 283062 2310466504 35207107 983124
7 8 20144 30633 123600 2335951926 9888734 970368
14 0 20202 30336 1793451 2070627024 277066924 1103956
0 14 20774 30476 56122 2344031204 3707952 964969
0 12 20775 30042 5579 2347784404 480901 960926
15 6 20998 30138 7643 2349130122 481076 961091
5 10 20312 30332 14819 2348739976 1579410 961665
6 9 20726 30323 4684 2349872804 480825 960854
5 15 20280 30937 1302968 2152398186 198436134 1064717
6 10 20725 30333 51377 2348964350 3520031 964590
2 13 20970 30364 194 2352996018 480121 960495
7 14 20147 30477 31031 2352934534 2504945 962962
1 8 20784 30635 65453 2351719766 4342193 965716
7 12 20148 30043 6182 2357357076 481039 960974
10 6 20813 30135 270769 2325462312 33224757 982141
4 9 20573 30324 9755 2359130160 481255 961260
1 15 20785 30969 105986 2352665674 7007315 968958
4 12 20564 30036 444043 2298809114 61072244 996003
2 13 20971 30366 13884 2358558624 1544801 961590
8 4 20605 30108 616050 2271837334 88778936 1009764
2 15 20969 30968 130679 2349911374 10940849 970934
15 3 21001 30293 6290 2360547548 480963 960983
12 1 21022 30248 11438 2360167016 1475381 961395
13 3 20868 30291 182239 2343838520 19162623 975059
10 3 20812 30289 357853 2316616224 47149652 989108
14 0 20233 30373 2468 2363712302 480637 960677
3 14 20684 30478 14553 2363048808 1579240 961644
2 11 20928 30200 2016168 2052015098 312735767 1121773
2 8 20961 30625 470972 2299919252 65235012 998157
12 7 21023 30401 30376 2363931714 2470490 962910
15 1 20979 30233 922199 2229519710 137544810 1034255
3 8 20686 30636 2007 2366587838 480600 960640
4 14 20572 30475 219618 2342549084 24979578 978049
14 4 20230 30117 176713 2349819488 18202055 974617
13 1 20869 30249 32363 2366076468 2539779 963069
8 3 20612 30290 280682 2334258840 34838424 982934
1 8 20787 30637 49825 2366601008 3451039 964466
0 10 20779 30336 30875 2367697620 2470730 962950
0 11 20778 30244 114524 2361652782 8790899 969641
12 4 21024 30119 1791 2370044904 480578 960623
9 0 20717 30374 902 2370245626 480462 960552
15 2 21004 30723 412 2370560478 480229 960512
5 15 20315 30971 728 2372883168 480378 960538
12 7 21025 30402 14268 2371918432 1579103 961621
1 14 20789 30481 1693 2373533988 480570 960615
2 10 20922 30291 2311799 2017604224 359961617 1145423
10 0 20788 30343 1753556 2107202106 270601894 1100764
8 5 20618 30932 108816 2370641078 7830488 969185
13 6 20872 30141 2566 2378827722 480645 960685
4 15 20577 30972 75867 2375637138 4688412 966549
15 7 20971 30373 1696815 2120499102 261509258 1096225
15 1 20986 30237 813078 2264161754 120146159 1025526
7 9 20135 30316 757799 2274376220 111195033 1021103
10 3 20815 30295 1878 2386952108 480585 960630
12 1 21016 30244 559483 2308769672 79484082 1005238
5 11 20316 30246 11147 2388354826 1475242 961371
4 13 20579 30368 79647 2385859378 4826715 966851
4 10 20580 30344 3882 2390633818 480755 960790
15 4 21007 30122 22473 2389906438 1856020 962277
5 9 20317 30327 19210 2390826678 1752089 962016
1 10 20791 30346 7539 2392828294 481068 961083
12 1 21027 30253 913 2392988688 480469 960553
15 3 21006 30296 90187 2388212864 5559659 967694
10 3 20805 30285 641126 2301977330 92624281 1011770
6 15 20729 30975 18211 2393070944 1717487 961936
9 5 20719 30936 3750 2395010656 480745 960780
4 10 20581 30347 4945 2396082612 480845 960875
8 5 20619 30933 203908 2374705334 22366764 976792
5 15 20319 30976 1465 2397523616 480552 960597
8 1 20620 30254 27519 2396235294 2029049 962681
3 10 20688 30343 136640 2386817320 11901438 971411
4 15 20578 30974 168018 2382822816 16818464 973921
11 2 20371 30726 34330 2397131084 2608874 963226
15 0 21008 30375 4039 2399974494 480778 960803
12 1 21028 30255 6889 2400011208 481096 961031
2 14 20977 30485 24013 2400554234 1925003 962401
7 11 20153 30247 77501 2398425230 4757582 966680
0 13 20785 30371 28 2402773850 480042 960482
4 15 20582 30977 3895 2402887542 480756 960791
9 3 20720 30297 105716 2397391022 7007276 968937
7 9 20127 30305 1585750 2161589826 243748724 1087340
11 1 20368 30250 252619 2375224290 30343277 980689
2 13 20976 30367 203807 2385258556 22367169 976784
12 1 21029 30256 2584 2407848286 480647 960686
5 12 20320 30045 84992 2404537486 5352399 967279
13 2 20874 30728 917 2409806866 480469 960553
4 12 20585 30047 477 2409869352 480258 960518
3 11 20690 30249 101605 2404608998 6824072 968608
4 10 20587 30349 2752 2411530068 480660 960700
3 9 20692 30330 3544 2411953234 480728 960763
4 9 20586 30329 29950 2410024894 2436164 962876
15 2 21005 30725 244919 2384238048 29076409 980073
7 13 20154 30372 81642 2408808904 4896179 967011
14 3 20236 30298 51410 2411159436 3520046 964592
1 11 20792 30250 27107 2414475740 2028859 962648
3 13 20693 30373 66755 2412145392 4391746 965820
11 3 20374 30299 9439 2416296424 481315 961235
2 8 20943 30607 1856227 2129841462 287119924 1108978
7 8 20137 30622 871741 2288058380 129431319 1030219
10 0 20819 30378 848 2417180866 480438 960547
1 15 20793 30981 769 2418103378 480397 960541
12 3 21030 30300 27377 2416992854 2028982 962670
15 3 21011 30301 1158 2418696514 480527 960572
8 0 20623 30379 25258 2417219218 1959718 962500
11 2 20375 30729 2949 2419508508 480751 960715
3 13 20694 30374 22061 2418198026 1855823 962244
8 0 20624 30380 24321 2418366100 1925147 962425
15 4 21012 30125 3056 2419979466 480689 960724
2 8 20979 30642 96325 2416456392 5767304 968186
12 0 21031 30381 63605 2418487392 3935359 965568
9 0 20724 30382 1157 2422120914 480527 960572
13 2 20876 30730 35350 2420010094 2643542 963308
2 11 20980 30252 9305 2422173106 481755 961224
7 14 20152 30484 279995 2388379486 34646581 982879
15 1 21009 30257 124611 2413715086 9980370 970448
6 15 20731 30979 124662 2413927904 9980354 970452
11 4 20373 30123 151306 2410359178 13993889 972584
7 8 20141 30627 841476 2301985392 124609004 1027798
1 10 20794 30350 3135 2426470950 480696 960730
11 0 20342 30344 2065549 2107239798 320585590 1125723
14 5 20237 30939 156795 2413049064 14897639 973023
3 15 20696 30983 23360 2426679244 1890569 962348
5 12 20323 30051 14580 2428234050 1579252 961646
12 6 21032 30145 114936 2421666852 8791067 969674
3 15 20697 30984 26931 2428735842 1994644 962634
5 10 20318 30345 307413 2391644162 39146601 985073
4 12 20591 30052 709 2430353234 480373 960536
10 0 20820 30383 14697 2429696970 1579312 961655
14 5 20241 30943 1098 2431333366 480523 960567
13 4 20871 30120 424473 2374126302 57883382 994437
4 11 20592 30254 3841 2431538108 480752 960787
15 6 21013 30147 53398 2430165878 3589243 964751
5 15 20324 30985 37732 2432361438 2713044 963498
7 9 20158 30331 112065 2427325126 8059046 969445
3 9 20681 30317 943006 2295272850 140957643 1035920
5 14 20322 30490 136174 2424541824 11901156 971373
10 2 20814 30724 404651 2383570190 54672409 992852
11 6 20367 30140 501861 2368222418 70198455 1000628
9 4 20726 30128 11535 2437044362 1475429 961402
12 6 21001 30119 1594832 2193737678 245114496 1088066
2 15 20982 30987 1367 2439126650 480544 960589
4 11 20565 30231 944691 2299218626 141118800 1036055
10 2 20821 30732 1455 2440155116 480551 960596
14 5 20238 30941 203698 2418564066 22366772 976775
14 0 20242 30384 67461 2436953604 4411404 965876
5 8 20287 30613 1699440 2179387614 261986542 1096435
14 6 20234 30142 398550 2388569450 53709052 992364
10 6 20822 30148 1616 2441979076 480564 960609
15 1 21014 30259 1673 2442153640 480569 960613
5 11 20326 30255 77 2442711364 480066 960486
7 14 20156 30489 215610 2422172622 24368627 977728
7 11 20160 30257 830 2446362316 480426 960546
5 14 20327 30491 46734 2443608578 3361999 964218
6 15 20719 30960 1122461 2278565198 169615553 1050276
15 1 20962 30211 2462046 2064273278 384134272 1157443
9 6 20729 30149 26349 2447349070 1994368 962587
4 8 20537 30600 2546682 2053653828 397600037 1164214
1 15 20777 30963 879438 2320767010 130712608 1030835
6 12 20735 30053 66729 2448701198 4391734 965818
4 11 20590 30253 236497 2428823464 27807345 979399
8 5 20629 30945 10558 2455291698 1440832 961324
0 15 20788 30989 1306 2456561562 480539 960584
15 0 21017 30385 19019 2457923128 1752012 962001
8 4 20631 30130 865 2460601594 480445 960549
2 9 20986 30333 435 2461317016 480241 960514
9 1 20731 30264 684 2461689446 480361 960534
12 6 21036 30150 1232 2461875204 480533 960578
9 1 20730 30263 92153 2457396250 5628967 967852
4 12 20595 30055 165 2463194242 480109 960493
12 3 21034 30304 142231 2451798598 12861768 971858
1 11 20798 30259 29687 2462705234 2436039 962854
15 3 21018 30308 39808 2462400730 2777411 963664
3 14 20698 30494 779 2464796150 480402 960542
14 5 20244 30946 8960 2465136016 481350 961196
10 6 20823 30151 13633 2464446182 1544674 961570
8 5 20632 30947 3690 2465674720 480740 960775
2 12 20968 30041 861738 2338766048 127846410 1029419
12 3 21037 30307 91746 2462179844 5579684 967819
6 13 20737 30384 10286 2466704392 1440787 961302
7 13 20163 30383 45952 2465172556 2974989 964156
0 9 20767 30320 1098166 2302452732 165708947 1048333
7 15 20164 30990 2057 2468022398 480604 960644
11 0 20378 30386 15672 2467199006 1613902 961733
7 13 20162 30382 82408 2464229964 5282912 967072
5 11 20328 30256 225772 2443941738 26020845 978541
13 5 20881 30948 16620 2470044076 1648520 961809
15 5 21020 30949 4777 2471931170 480832 960862
12 2 21038 30737 1428 2473038798 480565 960594
4 11 20597 30261 14378 2472823332 1579156 961630
1 12 20786 30044 795168 2357981572 117171755 1024093
2 12 20989 30057 22601 2473306806 1856356 962288
11 4 20379 30131 11202 2473818258 1475282 961376
3 15 20699 30991 241 2475262926 480224 960499
12 6 21039 30152 33838 2473786696 2574601 963187
0 11 20791 30262 271 2477460446 480157 960501
14 0 20245 30388 40309 2475186082 2816481 963704
15 3 21023 30311 9454 2478044360 481231 961236
4 12 20598 30058 1993 2480083026 480623 960639
10 3 20777 30257 3024908 2007087806 474106584 1202472
15 2 21024 30738 7027 2481032878 481198 961042
3 9 20701 30334 4416 2481422054 480803 960833
15 5 21025 30951 5975 2482294150 481015 960958
5 8 20333 30648 55065 2479467484 3658362 964885
1 8 20801 30650 15584 2481737266 1613865 961726
0 15 20771 30967 1006101 2333042412 151215005 1040968
8 3 20628 30305 256786 2453582764 30996672 981022
12 2 21042 30741 21971 2482846906 1821771 962237
9 4 20679 30093 2588150 2080989638 404309140 1167532
11 1 20380 30266 76567 2480760782 4737752 966605
12 7 21040 30410 93052 2480437988 5648558 967924
5 12 20286 30026 2013704 2173927216 312257836 1121576
4 15 20593 30988 365378 2441750472 48429388 989710
2 14 20992 30496 12695 2490063656 1510182 961495
15 6 21027 30154 19626 2490177376 1752400 962050
12 3 21035 30306 266322 2459437844 32510400 981785
0 8 20790 30644 258618 2461496456 31473275 981169
15 3 20984 30281 1547666 2255675968 237559604 1084293
2 11 20994 30264 4816 2492785632 480835 960865
13 0 20864 30368 1199326 2311689490 181956194 1056426
0 15 20746 30935 2248308 2143757288 349890417 1140344
11 7 20361 30390 1340408 2289370540 204517253 1067712
8 5 20616 30931 1008268 2343432278 151368856 1041141
2 15 20990 30992 113638 2487939036 8116530 969571
14 5 20246 30952 6001 2495884160 481025 960960
4 9 20599 30338 802 2495933444 480414 960544
1 9 20802 30335 109864 2488593204 7887970 969269
14 7 20243 30408 287525 2460879626 35953251 983482
1 14 20796 30492 382835 2446268416 51151081 991106
2 12 20988 30056 242524 2468717032 28768443 979881
15 4 20995 30115 1158323 2322150232 175382606 1053145
15 0 21028 30391 18425 2498354388 1717588 961954
2 10 20997 30354 6608 2500204046 480993 961008
14 5 20247 30953 3645 2501161888 480821 960771
4 14 20601 30499 4288 2501825306 480798 960823
12 2 21041 30740 193493 2481832140 20949563 975959
7 13 20161 30380 357352 2455923834 47148260 989068
15 1 21026 30267 183917 2484700482 19297415 975193
0 14 20794 30500 3059 2503678838 480690 960724
7 8 20166 30652 24900 2503145112 1925492 962472
8 7 20636 30412 122909 2495770570 9843144 970312
4 13 20602 30388 4911 2505832238 480843 960872
5 9 20336 30340 7723 2506112476 481083 961097
5 12 20329 30054 414123 2451178152 56271065 993609
5 11 20337 30266 21230 2506246632 1821298 962178
13 4 20860 30109 1492738 2280935990 228851270 1079899
5 11 20330 30260 336934 2466073614 43781867 987434
1 15 20803 30995 6499 2509517348 481065 960999
3 15 20704 30994 22128 2509428926 1855876 962250
6 12 20740 30062 6298 2512434202 481049 960983
10 7 20827 30414 3977 2515166372 480763 960798
10 2 20828 30742 1026 2515573738 480517 960562
2 15 20993 30993 210392 2492657050 23696683 977311
6 13 20730 30370 790166 2401109656 116476766 1023693
10 4 20782 30089 2974641 2051526404 466105548 1198451
8 0 20590 30345 2470025 2133134162 385434103 1158082
9 7 20732 30409 401824 2465169616 54187520 992625
5 14 20335 30497 232545 2492597186 27115856 979083
3 14 20706 30502 50793 2516715670 3500431 964543
0 10 20763 30326 1530849 2286572024 234868405 1082947
3 10 20707 30356 3521 2521298092 480726 960761
15 1 20999 30247 1136248 2350309450 171855691 1051379
8 0 20638 30394 3722 2521801972 480743 960777
6 14 20742 30504 54569 2519114560 3638964 964845
3 8 20702 30649 323656 2481667660 41701486 986372
12 1 21044 30268 301865 2485584478 38181980 984629
4 8 20603 30654 7362 2523385686 481054 961068
1 9 20804 30341 2307 2524311570 480624 960664
5 14 20294 30465 2002645 2214639930 310507555 1120691
6 11 20744 30267 44860 2522554934 2955153 964068
11 3 20384 30314 14233 2524387994 1579084 961618
9 4 20733 30135 79833 2521294512 4826794 966866
2 9 21000 30343 7884 2527191128 481096 961110
9 5 20734 30956 84217 2522408338 5352027 967217
2 13 20999 30391 18228 2526327844 1717492 961938
15 3 21019 30309 432081 2469039648 59164407 995046
0 8 20797 30655 38686 2525797262 2747457 963574
2 9 20974 30326 988804 2380440342 148164632 1039584
5 11 20339 30269 26249 2527753378 1994372 962579
5 15 20325 30986 667871 2433361566 96691002 1013909
15 6 21032 30157 110883 2522590722 7944909 969350
3 12 20709 30065 1979 2530501646 480593 960638
5 11 20340 30270 35495 2528566308 2643615 963319
4 11 20605 30271 1285 2531672706 480538 960582
11 7 20382 30413 207134 2509053418 23139539 977050
0 11 20799 30272 3439 2531920282 480805 960755
12 7 21046 30416 3154 2532014104 480782 960732
11 6 20387 30159 23864 2533019940 1890809 962389
14 0 20250 30398 5799 2534666712 480919 960943
7 12 20168 30064 151094 2522291250 13994363 972567
0 13 20796 30389 153497 2521676898 14714222 972759
8 0 20641 30399 10117 2535847798 1440623 961289
15 6 21031 30156 183808 2518374150 19297045 975184
13 5 20886 30958 31164 2535497596 2505065 962973
1 13 20805 30392 1588 2538092584 480562 960607
15 3 21029 30312 247147 2509953418 29536514 980251
1 8 20799 30645 497120 2470047228 69561259 1000249
2 14 21003 30509 1484 2539135740 480554 960598
11 7 20388 30417 3 2539567568 480030 960480
10 5 20817 30937 981557 2396056118 147046280 1039004
15 7 21016 30407 618843 2455036592 88878636 1009987
0 12 20802 30067 790 2543440460 480409 960543
2 14 20985 30493 595486 2458832146 85248295 1008118
11 2 20390 30743 1163 2544026308 480528 960573
9 0 20736 30400 10555 2543400598 1440991 961324
12 4 21048 30140 804 2544756414 480414 960544
10 5 20832 30960 1001 2545107322 480515 960560
7 12 20170 30069 6618 2546457240 481079 961009
11 5 20391 30961 3504 2547037820 480768 960760
1 12 20806 30068 35402 2544897034 2643555 963312
0 11 20798 30268 195053 2526896596 21218210 976084
15 3 21033 30313 219448 2523550324 24980046 978035
8 4 20640 30138 174049 2531375816 17933213 974403
2 9 20991 30336 435658 2490016918 59645074 995332
10 1 20824 30265 595898 2464905246 85246641 1008151
15 2 21035 30744 2450 2549926586 480636 960676
15 6 21036 30160 6394 2549967742 480971 960991
5 15 20338 30996 228618 2524293030 26578320 978769
12 0 21050 30402 10239 2549799546 1440683 961299
0 9 20760 30312 1982061 2244652606 307305563 1119044
12 7 21051 30420 3883 2552320052 480840 960790
14 3 20251 30318 2279 2552651986 480622 960662
3 15 20713 31000 58334 2550984448 3777031 965146
13 5 20892 30964 24584 2553070460 1925399 962446
1 8 20810 30657 341 2555539824 480193 960507
12 5 21052 30963 63778 2552405246 3935550 965582
4 12 20589 30049 903827 2422105818 134556953 1032786
5 13 20343 30394 35476 2554849158 2643602 963318
9 0 20738 30403 5344 2557189816 480882 960907
14 7 20252 30421 5523 2557235282 480897 960921
15 2 21015 30735 709429 2454722752 103498249 1017234
4 14 20596 30495 633449 2469015684 91300515 1011155
0 11 20804 30274 10481 2558996268 1440796 961318
10 2 20799 30712 1842739 2277309064 284887435 1107899
0 9 20806 30346 27462 2560882208 2029025 962676
1 13 20812 30395 965 2562763820 480493 960557
11 5 20392 30967 801 2563588764 480414 960544
6 14 20746 30512 40983 2563393280 2816798 963758
6 10 20747 30362 9801 2565903952 481429 961264
0 15 20807 31002 56119 2562832358 3707719 964969
1 13 20776 30359 1610295 2319486384 247675226 1089303
2 14 21004 30513 32896 2565386672 2539941 963111
3 14 20682 30472 1633560 2317399294 251641875 1091164
2 11 20967 30239 1512617 2338396142 232054454 1081489
15 6 20996 30134 1600753 2324730976 246138201 1088540
1 10 20813 30363 65917 2566697654 4342416 965753
15 3 21022 30310 644004 2477995040 93095502 1012000
11 3 20393 30320 75072 2567003648 4688267 966485
10 6 20834 30163 11796 2570221864 1475549 961423
14 6 20253 30162 49483 2568347102 3451190 964438
8 4 20643 30142 9047 2573221870 481329 961203
0 9 20766 30319 1794695 2298111842 277204631 1104055
10 5 20835 30968 328 2574849948 480300 960506
13 0 20882 30387 714931 2471417326 104239250 1017674
0 8 20805 30658 166506 2559105916 16703998 973800
4 10 20607 30364 41595 2573441078 2842063 963807
1 8 20809 30656 213048 2553015702 24100069 977523
15 1 21038 30271 53641 2574018140 3589447 964771
2 15 21006 31005 20868 2576052048 1787003 962149
15 4 21039 30143 13487 2576484632 1544609 961558
6 15 20751 31006 124 2578376588 480090 960489
12 5 21055 30969 16357 2577707932 1648531 961788
11 6 20395 30164 36836 2576848548 2678409 963426
6 8 20750 30659 50596 2576951718 3500503 964527
13 5 20890 30959 301564 2543226582 38351692 984605
8 4 20626 30126 1025783 2427609774 154098386 1042542
13 7 20888 30418 326805 2540280492 42187632 986624
12 4 21056 30145 11036 2581432480 1475259 961362
0 8 20781 30639 1358129 2376700534 207397122 1069130
7 11 20172 30275 6181 2583754334 481124 960974
7 13 20173 30396 443 2584081204 480241 960515
14 1 20188 30204 3643401 2012088998 573106110 1251952
3 14 20716 30515 28657 2584838330 2401418 962772
0 14 20795 30505 489615 2521095236 68257960 999649
3 12 20717 30072 85236 2585967198 5371868 967298
9 4 20735 30139 432127 2532361402 59151203 995050
14 6 20255 30167 115 2591776822 480178 960489
5 14 20344 30514 164297 2575809326 16589578 973623
11 6 20385 30158 458774 2529470186 63253597 997181
12 4 21057 30146 599 2592391258 480318 960527
9 3 20740 30321 15387 2592576440 1613765 961710
2 15 21001 30997 469832 2529268474 65078278 998066
5 15 20346 31007 6501 2594355556 480985 961000
8 4 20644 30144 151293 2581065114 13993830 972583
12 7 20998 30377 2920912 2137692602 457460507 1194152
10 6 20838 30166 105257 2588653502 7006974 968900
2 14 21009 30517 9346 2595641504 481222 961227
4 11 20608 30276 12819 2595690952 1510163 961505
2 8 21010 30662 6477 2597074438 481010 960998
8 5 20646 30971 19172 2595857848 1752133 962013
0 15 20808 31008 38804 2595297830 2747550 963584
3 9 20685 30325 1529205 2364152678 234746282 1082816
0 9 20801 30344 442988 2538236336 60689439 995919
0 10 20809 30366 4705 2598513510 480891 960856
11 5 20396 30972 5047 2598667724 480859 960883
15 5 21037 30965 322313 2557609712 41543190 986265
4 10 20553 30314 2673215 2181232648 418086409 1174337
4 15 20609 31009 5397 2599200202 480887 960911
7 13 20174 30398 878 2599523344 480450 960550
1 8 20815 30660 181966 2581526298 19028495 975037
12 5 21058 30973 5024 2600761780 480857 960881
11 0 20386 30395 513579 2530355400 72122259 1001566
13 3 20896 30324 852 2603277928 480438 960548
4 10 20574 30337 1524655 2369816780 233972533 1082452
8 3 20645 30322 121579 2594388954 9797390 970206
9 5 20718 30934 1487781 2376163442 228053556 1079502
2 15 20973 30970 1517210 2371476068 232858503 1081856
11 5 20397 30975 237 2606057464 480145 960498
13 4 20897 30147 49331 2603685262 3450864 964426
5 13 20348 30399 3579 2608234154 480731 960766
12 5 21061 30976 50555 2606390524 3500744 964524
10 4 20803 30110 2016555 2298904172 312740367 1121804
5 11 20350 30277 1847 2613769092 480583 960627
14 4 20259 30148 122738 2604893640 9843061 970299
11 0 20399 30408 62853 2611114658 3915706 965508
13 0 20898 30407 80299 2610399510 4875970 966903
15 4 21040 30149 59650 2611757698 3797123 965252
5 13 20347 30397 189798 2596543432 20257966 975663
6 12 20691 30009 3629075 2046645238 570968544 1250806
10 0 20818 30376 1379634 2407594178 210774272 1070850
9 5 20743 30979 14590 2618168554 1579259 961647
0 13 20789 30381 1063513 2460038932 160171695 1045561
7 14 20150 30479 1629989 2369636312 250797306 1090879
4 13 20611 30402 7666 2622570280 481078 961093
0 14 20810 30518 201957 2602251388 22151933 976636
7 13 20177 30404 1248 2626768832 480535 960579
7 13 20178 30405 6967 2627129404 481017 961037
5 13 20352 30403 60272 2623811578 3846204 965301
7 13 20159 30377 1207751 2444995222 183238889 1057100
14 0 20261 30410 39947 2626639414 2777356 963675
11 3 20376 30302 1369759 2421361094 209133027 1070060
4 8 20612 30666 2653 2630036368 480771 960692
14 5 20260 30978 169601 2615230648 16864358 974048
4 8 20613 30667 2206 2632223224 480701 960656
2 8 21007 30661 373346 2583208698 49709684 990347
15 1 21043 30274 67390 2629563902 4411433 965871
1 8 20817 30670 9980 2633699576 481278 961278
7 15 20179 31011 90219 2628805712 5559651 967697
6 8 20753 30669 22573 2633210970 1856068 962285
4 8 20614 30668 47531 2632715030 3381776 964282
13 6 20901 30170 40353 2635695508 2816498 963708
3 9 20722 30350 272 2640423064 480162 960501
3 9 20721 30348 127457 2630257454 10769470 970676
6 14 20754 30521 3314 2640756742 480768 960745
4 8 20615 30671 88745 2636384194 5490797 967579
13 2 20907 30751 7668 2642152350 481078 961093
5 8 20354 30672 24084 2640890294 1925075 962406
13 2 20906 30750 30078 2641680196 2470441 962886
8 1 20648 30272 193654 2623341922 20949234 975972
13 0 20905 30412 80960 2639748216 4876277 966956
6 14 20755 30522 4915 2644679660 480843 960873
3 11 20723 30279 1578 2645053202 480561 960606
9 4 20745 30152 286 2646106030 480169 960502
6 13 20757 30409 9999 2646720690 481360 961279
15 7 21045 30429 41832 2645451430 2842176 963826
10 0 20841 30413 97096 2642993916 5786980 968247
12 2 21060 30747 333075 2605722672 43306580 987126
11 1 20402 30276 24520 2648831734 1925491 962441
13 1 20889 30270 762755 2540473090 111926133 1021500
5 12 20341 30066 824576 2530843956 121912057 1026446
10 7 20829 30415 893231 2520762412 132973749 1031938
3 9 20724 30352 13664 2652322916 1544693 961573
1 11 20820 30281 9541 2654405154 481508 961243
1 10 20821 30370 1171 2654750988 480528 960573
1 15 20819 31013 63939 2652342212 3935646 965595
5 13 20360 30412 25452 2654540168 1959814 962516
3 10 20715 30361 636880 2565491532 91812770 1011430
6 9 20756 30351 137377 2645371094 11947066 971470
11 6 20403 30172 6370 2657682942 480979 960989
10 7 20842 30431 28866 2656106724 2401521 962789
4 13 20619 30413 18484 2657650452 1717619 961958
3 11 20725 30282 432 2660397788 480234 960514
7 10 20183 30373 2341 2660720804 480627 960667
14 5 20256 30970 494073 2593424282 69089782 1000005
1 15 20823 31014 35804 2659883806 2643704 963344
9 1 20746 30277 106965 2655563156 7053105 969037
3 15 20726 31015 15744 2661423752 1614041 961739
3 15 20653 30919 4124571 2013380784 650209019 1290445
8 6 20653 30173 4842 2663382624 480837 960867
6 13 20759 30414 14131 2662410500 1579115 961610
7 15 20136 30961 2469220 2280218348 385288148 1158017
14 2 20266 30752 14067 2664618022 1579328 961605
7 15 20184 31016 10871 2665100312 1441068 961349
13 3 20904 30327 246379 2637500042 29382920 980190
5 15 20310 30966 2176180 2329097982 338355993 1134574
8 1 20655 30279 269 2667551628 480157 960501
1 14 20826 30526 8581 2667572142 481156 961166
5 12 20351 30074 401742 2614201434 54189934 992619
2 15 21011 31012 294000 2631508386 36915700 984000
13 1 20909 30281 3878 2669214414 480840 960790
5 13 20357 30410 201351 2648518852 22306682 976588
11 1 20405 30280 42862 2668223030 2885949 963908
6 10 20749 30365 654452 2576429450 94691731 1012836
15 6 21046 30174 11694 2669669310 1475756 961415
3 12 20727 30076 30473 2669093864 2470568 962917
11 4 20369 30121 1837842 2387741402 284097189 1107507
10 2 20846 30753 69112 2668814196 4480515 966008
7 14 20182 30523 190544 2652802956 20546219 975723
11 0 20407 30417 373 2674627028 480210 960509
9 5 20747 30983 35739 2672623534 2643675 963339
9 6 20748 30175 28004 2672949136 2401106 962720
4 10 20622 30375 51057 2672170860 3520016 964564
15 5 21047 30984 1954 2675919648 480591 960636
7 12 20187 30078 12519 2675468336 1510070 961481
9 7 20749 30434 22777 2676482326 1856164 962302
10 1 20843 30278 181899 2659916038 19028706 975031
6 13 20752 30406 382080 2629097364 51148810 991046
7 9 20189 30356 47291 2677445630 3381578 964263
6 9 20763 30358 5995 2680584736 481019 960959
8 5 20656 30986 53083 2677604624 3589220 964726
15 6 21044 30169 378071 2631873486 50456026 990725
11 7 20404 30433 165720 2665755738 16647054 973737
10 2 20837 30745 661728 2587485568 95816609 1013418
1 14 20824 30525 187772 2664354220 19908467 975501
2 9 21014 30359 49392 2682565024 3450830 964431
1 13 20744 30334 4068882 2045899716 641246250 1285990
13 5 20878 30942 1681723 2428802666 259110751 1095017
13 7 20894 30422 845221 2562738798 125284472 1028097
4 12 20625 30082 41435 2687180800 2841993 963794
9 2 20750 30755 3443 2690730068 480720 960755
11 4 20408 30158 7942 2691707660 481100 961115
5 9 20363 30357 148799 2678415702 13822502 972383
5 13 20364 30417 42879 2689830618 2885958 963910
7 11 20192 30287 27945 2690689592 2029253 962715
7 11 20190 30285 60936 2689225320 3846597 965354
13 5 20893 30966 899219 2559194512 133930976 1032417
3 11 20730 30286 61242 2689914962 3866140 965379
10 0 20854 30419 68483 2691646918 4460876 965958
1 15 20827 31018 218590 2672527818 24872326 977967
6 12 20748 30070 852313 2571261868 126395872 1028665
1 14 20829 30529 44422 2694981418 2954942 964033
8 0 20652 30414 358639 2650742896 47306700 989171
12 0 21064 30421 30424 2696173042 2470722 962913
15 4 21049 30159 20576 2696974264 1786864 962126
4 11 20618 30280 342470 2654328798 44747291 987877
10 4 20847 30156 220277 2675161178 25194917 978102
10 0 20844 30415 314350 2662325820 40203044 985628
10 5 20851 30985 227970 2677305708 26290260 978717
4 15 20628 31021 4392 2703737552 480801 960831
11 6 20409 30180 6258 2704632930 480960 960980
8 5 20594 30906 3389909 2173357864 532551394 1231672
9 7 20721 30404 1984380 2399121744 307618066 1119230
4 9 20629 30363 13227 2708163694 1544482 961538
1 15 20825 31017 341579 2666369128 44596626 987806
6 13 20761 30415 359848 2665439880 47469309 989267
0 9 20815 30365 7970 2712791166 481102 961117
10 1 20858 30283 4535 2713865810 480898 960842
7 12 20194 30083 36476 2711766580 2678353 963398
10 5 20857 30991 24893 2713843722 1925423 962471
13 5 20911 30988 230325 2690927002 26847267 978906
4 14 20630 30531 27736 2716251696 2029166 962698
7 12 20196 30084 902 2718002022 480462 960552
6 10 20758 30372 435201 2658954014 59634785 995296
12 7 21026 30403 2107062 2392891290 327217455 1129044
8 5 20659 30989 249223 2692286190 29852044 980417
2 10 21012 30368 595322 2636686544 85466688 1008105
3 12 20695 30048 1941589 2421575174 300742255 1115807
3 14 20731 30530 118597 2714236592 9020124 969967
7 14 20151 30483 2167967 2387304938 336927034 1133917
10 4 20859 30161 860 2724836468 480445 960548
10 6 20848 30176 376313 2676027578 50188240 990585
5 14 20366 30532 1039 2727407092 480518 960563
11 0 20411 30425 3193 2728588268 480960 960735
11 6 20412 30182 1902 2728758810 480587 960632
8 7 20661 30438 27350 2727597788 2029345 962668
4 10 20575 30338 2312473 2371059112 360124428 1145477
5 9 20367 30367 64189 2728224002 4322464 965615
2 10 21016 30376 48222 2730156390 3430956 964337
12 6 21067 30183 45670 2731087970 2974916 964133
0 8 20817 30683 126940 2724168682 10712160 970635
6 9 20766 30364 222013 2709451744 25463221 978241
2 11 20972 30243 2410505 2359506700 375767755 1153320
2 12 21017 30088 3634 2735041882 480906 960770
3 8 20720 30665 771135 2623137450 113428966 1022170
9 0 20755 30426 6019 2736374686 480941 960961
7 10 20201 30377 1984 2736968794 480594 960638
8 3 20663 30332 3969 2737439514 480847 960797
12 1 21066 30284 187080 2719376092 19907944 975446
8 5 20664 30995 8981 2740254130 481268 961198
1 11 20834 30290 20855 2739124736 1787038 962148
2 12 21018 30089 87542 2735960132 5441473 967483
10 2 20861 30757 42146 2738775204 2885788 963851
15 4 21051 30160 174731 2723971816 17934149 974458
8 1 20630 30262 1843026 2456870858 285044103 1107922
12 4 21068 30163 60069 2739938352 3846103 965285
14 5 20274 30997 19840 2742703954 1752389 962067
4 8 20632 30685 45093 2741640264 2974576 964087
14 0 20191 30330 4558388 2025076980 719700335 1325151
10 2 20862 30758 80601 2739960164 4876102 966928
14 6 20275 30187 7851 2744695860 481386 961108
11 7 20414 30440 2965 2744896834 480677 960717
14 6 20273 30185 53451 2742423968 3589392 964756
8 6 20662 30184 154553 2731787074 14759969 972844
12 0 21069 30428 22073 2744941640 1855828 962245
3 8 20732 30681 258446 2715959060 31304395 981155
6 13 20768 30424 75540 2742726450 4688416 966523
4 12 20631 30086 155183 2732960036 14805678 972894
2 12 21019 30090 87660 2742377758 5441297 967492
3 14 20734 30534 9847 2748889864 481518 961267
4 11 20634 30292 7697 2749045506 481421 961095
4 11 20633 30291 16141 2748868840 1648247 961771
7 13 20200 30423 161440 2735653564 15800645 973395
13 2 20912 30760 5447 2751168624 480976 960915
13 7 20913 30441 676 2751308460 480486 960534
12 5 21070 30999 598 2751458860 480318 960527
14 4 20272 30162 147310 2739132288 13765084 972264
11 4 20415 30164 1808 2752789472 480579 960624
1 13 20832 30421 317309 2712792894 40741044 985864
15 5 21055 31000 2020 2753921658 480601 960641
1 9 20831 30362 407338 2699568432 55152842 993067
7 8 20185 30676 599870 2668869642 85902878 1008469
10 2 20865 30761 15782 2753310666 1613950 961742
11 4 20417 30165 9076 2754931932 481201 961206
14 0 20276 30429 102414 2748841122 6869941 968673
10 0 20866 30431 849 2755568664 480438 960547
9 4 20757 30166 844 2755853922 480498 960547
15 2 21056 30765 761 2757156634 480397 960540
6 13 20771 30427 5343 2757703048 480882 960907
7 9 20199 30368 251010 2728745666 30098168 980560
6 11 20767 30289 201117 2737149156 22152017 976569
0 11 20823 30295 5645 2759803906 480906 960931
2 15 21020 31022 38282 2757729898 2747352 963542
1 12 20838 30094 3031 2760235816 480687 960722
14 6 20263 30171 820614 2639527442 121272606 1026129
8 1 20667 30287 492 2760861238 480265 960519
6 9 20773 30372 8120 2761423572 481204 961129
12 1 21072 30288 3170 2761663618 480745 960733
0 8 20819 30684 232541 2734883088 27290947 979083
12 1 21071 30286 83129 2758108890 5302570 967130
6 15 20711 30947 3545488 2206666570 557496917 1244119
9 2 20761 30767 520 2764276434 480277 960521
11 0 20418 30432 29604 2762333822 2435996 962848
15 6 21041 30168 1018245 2611938864 152905398 1041939
13 1 20914 30285 148096 2751527740 13822290 972327
3 10 20736 30379 91995 2760971424 5579827 967839
15 5 21058 31004 610 2767393962 480325 960528
11 2 20416 30762 156681 2753625506 14897135 973014
15 2 21053 30759 229018 2742532976 26712741 978801
9 1 20762 30289 53251 2766193260 3589171 964740
14 0 20277 30433 37372 2767253254 2712746 963469
10 5 20864 30998 191573 2749792964 20680679 975805
7 9 20188 30355 652079 2676129186 94385651 1012646
3 15 20737 31023 125039 2761163510 10037532 970483
9 6 20760 30188 115626 2763110340 8848195 969730
6 13 20776 30428 18072 2771511376 1717427 961925
7 14 20207 30536 2508 2773310904 480640 960680
3 13 20739 30429 13765 2772715444 1544741 961581
8 3 20668 30336 2829 2773784304 480716 960706
3 14 20657 30438 4736328 2026298410 748204771 1339386
7 8 20204 30686 226405 2749019056 26330075 978592
10 7 20868 30444 82490 2770207304 5282955 967079
7 14 20209 30537 812 2776147482 480421 960544
2 9 21021 30375 40524 2773884952 2816619 963721
3 8 20738 30689 93526 2772335856 5649423 967962
7 14 20186 30527 738322 2670065302 108145229 1019545
1 15 20839 31024 7397 2778609592 481142 961071
8 5 20657 30987 694949 2680067162 101110329 1016075
7 10 20202 30378 312704 2742194342 39949819 985496
9 0 20764 30435 80659 2778323416 4876225 966932
14 6 20279 30190 11884 2782364388 1475693 961430
6 10 20778 30380 1496 2784041704 480554 960599
4 15 20636 31025 73750 2781443568 4619525 966380
1 13 20840 30431 3668 2785605078 480738 960773
2 11 21022 30298 69106 2783086644 4480493 966008
1 13 20841 30432 7592 2787889402 481310 961087
13 2 20917 30766 234855 2762817162 27331018 979268
4 10 20638 30381 3262 2789732852 480706 960740
3 9 20740 30376 52754 2787078764 3569803 964700
0 11 20825 30299 1374 2790783622 480545 960589
5 8 20369 30690 9024 2791613260 481292 961201
1 8 20836 30687 290248 2755730762 36414755 983699
8 5 20651 30982 1047069 2634781772 157621518 1044245
6 14 20741 30503 1784722 2517016930 275605184 1103257
15 7 21065 30446 1619 2792552654 480564 960609
8 3 20647 30326 1205158 2610623498 182913873 1056892
2 15 21025 31027 66115 2790325628 4391441 965769
6 12 20780 30097 1558 2794657918 480559 960604
2 10 21027 30383 21728 2794763832 1821538 962218
15 3 21067 30338 13042 2795580598 1544462 961523
5 14 20285 30458 3964334 2172970922 624607290 1277626
15 0 20964 30339 4520376 2084368926 713616907 1322110
14 2 20281 30774 16201 2796628852 1648276 961776
4 11 20639 30300 29602 2796972414 2436022 962848
3 10 20741 30384 9362 2799031396 481224 961228
5 13 20272 30341 4511255 2088221214 712174867 1321380
5 8 20370 30692 30212 2798163812 2470588 962896
3 14 20703 30498 1937172 2500889662 300115347 1115453
6 11 20782 30302 40421 2798613132 2816529 963713
2 11 21028 30301 63217 2797722794 3935174 965537
7 14 20210 30540 1120 2801377046 480524 960569
12 7 21065 30437 639080 2710561532 92294568 1011606
15 0 21068 30440 43884 2800732338 2908230 963990
11 0 20423 30441 934 2803370974 480481 960554
15 4 21069 30171 14275 2802340348 1579108 961622
11 2 20422 30775 11039 2802465634 1475317 961363
11 2 20424 30776 495 2804554390 480374 960519
15 1 21070 30293 19211 2803522848 1752134 962016
0 14 20820 30533 487177 2737292400 68128657 999454
8 7 20670 30448 26146 2803721694 1994290 962571
0 8 20827 30693 58890 2802550290 3777631 965191
10 4 20873 30172 2087 2806041380 480692 960646
10 2 20874 30778 2209 2806251302 480617 960656
2 12 21029 30100 53036 2804045022 3589286 964722
2 10 21030 30385 11726 2806693256 1475518 961418
9 3 20767 30339 3635 2807720734 480736 960770
4 13 20637 30430 230940 2781679372 26847220 978955
13 4 20908 30153 1008113 2658049394 151369168 1041129
4 12 20624 30079 885011 2677800034 131678441 1031280
15 5 21071 31008 91755 2804874282 5579898 967820
10 7 20875 30449 5438 2810737692 480975 960915
10 7 20876 30450 8830 2811239276 481261 961186
4 13 20604 30390 1856440 2525181218 287141206 1108995
11 5 20353 30908 3967595 2187362382 625097372 1277887
7 8 20195 30680 672013 2715399588 97575145 1014241
8 1 20673 30296 3866 2813306272 480754 960789
0 15 20828 31030 7073 2813883412 481031 961045
4 13 20640 30435 8804 2814500004 481174 961184
14 4 20283 30173 100391 2808355070 6658669 968511
15 5 21072 31010 29606 2813075484 2435996 962848
5 10 20371 30386 110653 2808443746 7944949 969332
6 12 20784 30102 22879 2814868012 1856212 962310
9 7 20768 30451 20397 2815621484 1786832 962111
4 13 20641 30436 80064 2814603648 4876029 966885
6 11 20785 30305 8370 2821131672 481139 961149
8 5 20671 31009 166296 2804984248 16704373 973783
5 10 20331 30353 2255136 2470704722 351218658 1140890
13 2 20920 30779 11597 2821445092 1475458 961407
2 8 21032 30694 39906 2820304818 2777561 963672
0 10 20830 30389 348 2822907454 480198 960507
3 15 20746 31031 1034 2823654872 480518 960562
3 12 20747 30103 1339 2823814144 480542 960587
12 0 21078 30443 2143 2824334772 480660 960651
12 4 21079 30174 21451 2824950940 1821406 962196
10 7 20878 30453 12357 2825533684 1510067 961468
6 9 20786 30377 3585 2826583574 480732 960766
9 5 20769 31011 565 2826709310 480359 960525
2 10 21033 30388 91495 2821822328 5579745 967799
3 14 20743 30541 194264 2806831082 21083850 976021
3 12 20691 30046 2705977 2405569666 423063268 1176958
3 15 20729 31019 953576 2686177360 142533049 1036766
11 3 20427 30341 3673 2828566578 480739 960773
1 13 20847 30438 11513 2827944048 1475417 961401
7 8 20212 30696 6282 2829265312 480962 960982
9 5 20758 31003 489540 2761823356 68245765 999643
0 14 20831 30544 62807 2826845786 3915660 965504
7 15 20191 31020 942020 2690225806 140802986 1035841
15 1 21061 30292 365155 2783116130 48430446 989692
8 2 20675 30781 611 2831236014 480325 960528
14 2 20284 30782 6725 2831964116 481083 961018
3 12 20748 30105 74522 2828928318 4668534 966441
3 9 20749 30378 12274 2832363320 1510129 961461
3 15 20714 31001 1813256 2554106720 280256129 1105540
10 6 20879 30192 1387 2835026684 480546 960590
11 6 20413 30186 642160 2743192350 92775057 1011852
1 13 20790 30369 2859139 2388948498 447611422 1189211
12 5 21076 31007 344911 2792664074 45069345 988072
11 4 20430 30175 15943 2836461108 1614029 961755
11 3 20389 30316 1928424 2540419310 298664385 1114753
10 1 20880 30300 3555 2839132128 480734 960764
6 14 20777 30535 489990 2771558326 68246485 999679
1 12 20850 30106 1660 2839707314 480568 960612
11 6 20428 30191 108577 2833583464 7830960 969166
12 3 21083 30342 434 2841525978 480241 960514
8 5 20676 31013 15874 2841196490 1613998 961749
0 15 20834 31035 980 2842360738 480498 960558
1 13 20853 30442 42563 2841025784 2885805 963885
3 11 20751 30311 7163 2843533638 481208 961053
1 13 20852 30441 56841 2840993446 3708213 965027
8 6 20677 30193 21463 2844691740 1821413 962197
3 8 20752 30699 1015 2846735034 480516 960561
6 14 20789 30548 1761 2846899682 480576 960620
13 7 20922 30455 2706 2847293440 480656 960696
2 13 21024 30433 435441 2788331968 59634509 995315
6 14 20790 30549 2675 2847828504 480654 960694
6 15 20791 31036 3268 2848795860 480738 960741
9 7 20770 30454 66968 2845726190 4391849 965837
12 5 21084 31016 934 2849797024 480481 960554
10 2 20867 30764 649936 2756547762 94066610 1012474
5 8 20376 30700 18380 2849037556 1717564 961950
12 3 21085 30345 336 2852450434 480193 960506
13 0 20924 30446 78068 2848699996 4806775 966725
7 12 20215 30108 115417 2845532678 8848195 969713
1 15 20855 31037 25308 2852662088 1959742 962504
10 2 20882 30784 123581 2845285110 9888824 970366
10 7 20887 30457 1638 2854749714 480566 960611
10 0 20888 30448 2369 2854780272 480629 960669
0 9 20824 30374 598629 2770129184 85742241 1008370
3 11 20753 30313 3810 2855444236 480750 960784
3 8 20719 30663 1643674 2603478572 253153316 1091973
11 1 20429 30299 212410 2834878120 23965447 977472
6 15 20792 31038 84720 2854289180 5352267 967257
9 1 20752 30282 984411 2712389884 147540950 1039232
11 2 20432 30790 13126 2861381678 1544434 961530
6 11 20783 30303 459198 2799931424 63391305 997215
9 5 20772 31018 68814 2859703902 4460981 965985
14 1 20289 30303 4021 2864140486 480771 960801
3 13 20728 30416 1185136 2685274630 179719133 1055290
7 10 20217 30392 447 2864964018 480246 960515
13 1 20927 30302 89746 2862247014 5510679 967659
6 8 20772 30688 740534 2760928296 108637568 1019722
4 12 20635 30093 781254 2754721344 115029834 1022980
14 1 20288 30301 125533 2859859054 10037519 970522
12 4 21088 30177 3844 2869628712 480752 960787
11 3 20420 30335 683984 2770972122 99242477 1015198
2 14 21035 30547 211292 2846792024 24004837 977383
3 15 20757 31043 1016 2870408874 480516 960561
13 1 20928 30304 5710 2870556086 480912 960936
14 6 20223 30129 3679062 2292420424 578991360 1254804
5 8 20378 30701 84489 2866369784 5352440 967239
10 3 20889 30347 99756 2867857540 5856501 968460
15 6 21077 30195 1795 2874433294 480604 960623
9 5 20775 31019 6815 2875434180 481005 961025
6 11 20788 30309 279683 2841683378 34646997 982854
9 1 20776 30305 1945 2875913718 480590 960635
15 7 21076 30460 157498 2861944684 14954637 973079
8 7 20634 30411 2503272 2486947098 390717858 1160741
15 4 21078 30178 2506 2877627798 480640 960680
0 12 20837 30111 7627 2878351412 481075 961090
4 8 20647 30704 2563 2878888946 480645 960685
9 7 20773 30459 173492 2861889282 17798921 974359
15 0 21080 30451 5752 2879808518 480915 960940
5 11 20380 30317 27519 2878332924 2029099 962681
14 3 20286 30344 261818 2848701862 31804155 981425
5 13 20381 30445 23 2880850850 480042 960481
14 2 20291 30792 2819 2881455894 480665 960705
13 7 20929 30463 174 2882675060 480146 960493
13 2 20923 30785 283346 2848155284 35208112 983147
14 0 20270 30424 1042050 2727225848 157022897 1043844
8 2 20679 30793 4765 2883772700 480831 960861
2 8 21040 30705 66438 2880194922 4391653 965795
15 6 21079 30196 100736 2878799158 6659226 968538
9 7 20751 30436 1262953 2693818852 192048091 1061516
9 4 20727 30129 2812982 2445807916 440191459 1185518
11 7 20433 30461 144113 2873024220 12975948 972009
9 7 20774 30462 128922 2875315152 10826395 970793
6 14 20793 30552 15343 2884665818 1613791 961707
5 11 20382 30318 3029 2886001994 480707 960722
14 3 20290 30346 189245 2866342356 20258169 975619
10 0 20891 30453 874 2886568806 480450 960549
10 7 20886 30456 275339 2852848886 34230286 982507
9 6 20778 30197 6563 2887309606 481134 961005
14 5 20293 31021 7807 2887409878 481089 961104
7 9 20221 30381 45751 2885725702 2974965 964140
2 15 21042 31046 6444 2889389358 480975 960995
3 12 20760 30113 8264 2889675770 481131 961141
11 4 20383 30134 2436961 2510358328 379990471 1155436
11 0 20434 30452 90792 2884984420 5560001 967743
3 12 20762 30114 3867 2890151346 480761 960789
11 0 20421 30437 683851 2791966666 99242046 1015188
11 3 20435 30349 2458 2890832612 480685 960676
2 11 21031 30304 529736 2816695830 74682616 1002858
9 2 20779 30795 28308 2891241434 2401251 962744
3 8 20745 30695 516536 2821894696 72773161 1001802
3 13 20761 30446 75842 2890146698 4688603 966547
13 2 20931 30796 1168 2894655720 480528 960573
12 3 21091 30350 5089 2894791854 481032 960887
0 13 20840 30447 2957 2894976726 480681 960716
5 8 20384 30706 30986 2893443936 2470785 962958
7 10 20224 30396 1141 2895703890 480526 960571
5 12 20385 30116 1496 2896545930 480554 960599
4 8 20650 30708 1997 2897191896 480595 960639
12 3 21093 30351 2894 2897357322 480671 960711
9 4 20780 30181 47060 2895142426 3381470 964244
4 8 20648 30707 63921 2894726806 3936089 965593
12 5 21092 31022 57897 2895110590 3727955 965111
15 0 21082 30455 15224 2897314874 1613686 961697
6 14 20795 30555 81061 2894154258 4895764 966964
12 2 21089 30791 175609 2881109928 18068044 974528
15 4 21083 30182 26100 2897775638 1994248 962568
10 2 20892 30798 58061 2896683584 3776928 965124
15 6 21084 30198 911 2900027116 480512 960552
15 2 21081 30797 74536 2896500466 4668461 966442
2 8 21044 30710 1952 2901099484 480591 960636
0 9 20841 30383 3419 2901145684 480718 960753
4 8 20651 30709 58841 2899297198 3777447 965187
6 14 20796 30557 45676 2902099856 2974963 964134
6 13 20797 30449 21223 2903308634 1821353 962177
7 13 20225 30450 3760 2904914206 480746 960780
2 9 21036 30380 395630 2852814816 53134908 992130
15 3 21086 30352 26343 2904204022 1994363 962587
6 11 20704 30208 4838137 2142122168 764530235 1347530
14 7 20258 30426 1949130 2604477546 302197968 1116410
10 7 20894 30466 9917 2907069970 481438 961273
13 4 20933 30184 102316 2900897984 6869727 968665
15 7 21087 30465 31032 2906039904 2504924 962962
5 10 20389 30399 8909 2908297812 481268 961192
15 4 21088 30186 24414 2907063798 1925195 962433
2 10 20964 30331 3815372 2308950040 600764166 1265709
15 3 21089 30354 345 2909561650 480193 960507
9 1 20707 30238 3984701 2282319548 627823491 1279256
2 8 21045 30711 9691 2909792638 481817 961255
0 11 20843 30323 610 2910737216 480325 960528
7 11 20227 30322 20088 2910553058 1786631 962087
8 1 20682 30307 3122 2912800790 480695 960729
11 4 20436 30188 3945 2913134522 480760 960795
13 4 20934 30187 30587 2911323800 2470724 962926
7 10 20140 30329 3891236 2301366474 612940297 1271778
3 8 20763 30712 573 2914720852 480306 960525
13 3 20936 30355 17142 2916096072 1682867 961851
11 0 20437 30457 5676 2917577532 481168 960934
3 15 20756 31042 381954 2867418196 50991272 991036
3 15 20764 31048 14093 2917010788 1579019 961607
15 5 21090 31024 11899 2917192406 1475677 961431
4 12 20652 30117 173372 2902343678 17798812 974349
5 10 20386 30397 210330 2896579096 23697191 977306
1 15 20860 31049 10202 2918939246 1440664 961296
1 12 20854 30109 517150 2848133044 72762616 1001852
15 4 21062 30169 912473 2785222978 135998606 1033477
6 10 20794 30394 287680 2885478170 35954323 983494
13 0 20935 30456 106005 2914521808 7052628 968960
1 12 20857 30115 253088 2891546672 30496791 980727
14 5 20269 30993 1326623 2720547550 202284609 1066609
15 2 21092 30800 3575 2922361744 480736 960766
1 11 20861 30326 677 2922508116 480354 960534
0 15 20845 31050 22543 2922905174 1856051 962283
4 11 20653 30325 108171 2917130136 7830211 969133
12 7 21094 30469 1769 2925393836 480606 960621
1 14 20849 30546 612331 2837849438 88146230 1009466
12 5 21081 31012 665161 2829685670 96427666 1013692
9 5 20765 31006 912812 2790208640 136002365 1033504
12 5 21095 31025 537 2925831390 480289 960522
6 8 20803 30717 857 2926857698 480438 960548
9 4 20781 30185 218529 2903074678 24872375 977962
15 0 21063 30436 946079 2786908014 141443382 1036166
0 12 20847 30118 588 2928012108 480313 960527
0 10 20848 30402 5779 2928542420 481002 960942
14 6 20298 30200 29394 2927388540 2435895 962831
15 2 21059 30768 1038585 2773762076 156171554 1043566
14 1 20292 30306 332471 2887141990 43148348 987077
6 12 20804 30119 27096 2928356264 2028863 962647
0 8 20816 30679 1415654 2714085576 216542114 1073732
4 14 20649 30556 284308 2896219690 35453800 983224
0 9 20849 30386 38950 2928928234 2747717 963596
7 12 20208 30095 1043578 2775371542 156977182 1043966
2 11 21047 30329 2310 2932267648 480625 960664
0 8 20850 30719 3983 2932525474 480763 960798
8 7 20683 30470 48611 2929719034 3431143 964368
11 3 20439 30356 2005 2932787362 480671 960640
9 6 20693 30120 4665995 2196466744 736813169 1333759
4 11 20655 30327 96647 2927731540 5767655 968211
3 15 20765 31053 9064 2933810710 481200 961205
4 15 20657 31052 13569 2932751080 1544645 961565
1 15 20862 31051 58597 2932605864 3777156 965167
2 11 21048 30330 25328 2936127888 1959860 962506
4 8 20656 30718 112901 2930125266 8059417 969512
7 9 20231 30388 759 2938707598 480397 960540
2 10 21049 30404 2415 2939169018 480633 960673
9 4 20783 30190 15868 2938568226 1614099 961749
8 0 20674 30442 824110 2818284480 121912946 1026408
12 7 21098 30473 1747 2939941052 480575 960619
13 7 20891 30419 2532105 2546363262 395363004 1163048
10 0 20831 30396 2626287 2531517044 410418614 1170582
13 7 20919 30447 928356 2803402638 138568786 1034748
8 2 20685 30802 3230 2942232258 480865 960738
15 0 21052 30427 1322924 2741240486 201579735 1066313
8 1 20686 30310 280 2942436414 480393 960502
2 12 21050 30120 11932 2941598378 1475614 961434
14 7 20299 30471 143595 2930431206 12919295 971967
6 15 20807 31055 9760 2944124324 481346 961260
13 7 20939 30476 6600 2944154902 480988 961008
2 14 21051 30561 45192 2941662368 2974624 964095
2 11 21052 30332 23587 2943210404 1890871 962366
11 2 20441 30801 65369 2941048420 4342276 965709
0 11 20836 30316 503158 2875132644 70533295 1000732
11 4 20442 30192 1317 2945229084 480540 960585
6 14 20808 30562 623 2945681700 480459 960529
5 8 20392 30720 22177 2946321116 1856209 962254
2 15 21053 31056 2043 2948220012 480603 960643
0 10 20851 30405 31542 2947102058 2505331 963003
8 1 20687 30311 73986 2945375790 4619268 966398
15 0 21099 30461 1572 2950112810 480561 960605
9 5 20784 31030 459 2950128014 480253 960516
5 13 20387 30448 382519 2899499066 51152362 991081
14 2 20300 30803 76484 2946370052 4737764 966598
10 0 20896 30458 261257 2921004458 31803331 981380
0 10 20813 30374 1853723 2666490110 286652881 1108777
13 2 20910 30754 1804523 2674331608 278829886 1104841
0 15 20853 31057 38027 2950712692 2747315 963522
8 2 20690 30804 27516 2951817538 2029049 962681
0 8 20846 30716 260813 2923277268 31814572 981345
6 9 20798 30384 358777 2907967768 47321032 989182
11 5 20410 30992 1552070 2717559538 238462303 1084645
10 1 20897 30312 2087 2956243734 480607 960646
13 0 20941 30463 313 2956853018 480181 960505
15 5 21098 31029 109966 2949989332 7887760 969277
11 4 20444 30194 27981 2957270008 2029270 962718
10 7 20895 30467 366919 2911227770 48599322 989833
10 2 20898 30807 32591 2957854962 2539797 963087
14 1 20301 30313 93591 2957099522 5649039 967967
8 7 20680 30464 436162 2903077698 59795895 995372
8 3 20684 30357 246472 2935783684 29383006 980197
4 15 20660 31059 5802 2965460156 481004 960944
5 13 20394 30456 13821 2964427524 1544790 961585
5 13 20391 30452 308054 2927144360 39306004 985124
12 7 21102 30480 8584 2966078074 481187 961166
13 6 20937 30201 266062 2934215414 32510529 981764
13 4 20884 30132 3086185 2483404866 484053235 1207374
15 2 21003 30722 3803449 2369961956 598747981 1264755
8 0 20693 30464 4258 2968617898 480795 960820
8 7 20692 30479 57621 2965726582 3727959 965089
3 10 20767 30406 693 2969196196 480361 960535
8 4 20694 30195 6332 2969548654 481051 960986
11 0 20445 30465 3320 2971913512 480795 960745
0 13 20855 30458 4211 2972097822 480787 960816
0 15 20838 31045 618196 2883980790 88881613 1009935
2 13 21055 30460 17116 2974748236 1682837 961849
7 12 20236 30123 4090 2977462106 480786 960807
11 6 20446 30204 517 2977494674 480277 960521
3 12 20768 30122 91402 2973266754 5579876 967792
9 6 20787 30205 16839 2978938528 1648583 961827
7 11 20220 30315 730114 2873833654 106799162 1018889
0 9 20839 30382 637315 2889352950 91975963 1011465
1 13 20867 30461 8364 2981524952 481149 961149
9 0 20788 30466 18983 2980426986 1717852 961998
13 5 20943 31033 173641 2966764752 17799179 974371
6 13 20814 30462 944 2985512288 480481 960555
12 4 21103 30198 20818 2984850986 1787331 962145
9 0 20789 30467 6642 2987049248 481001 961011
6 13 20787 30440 986961 2840824568 147787813 1039436
12 6 21104 30206 46907 2985747624 3362076 964232
3 8 20766 30722 189647 2968931074 20258251 975651
10 1 20899 30314 142006 2977669096 12862336 971840
2 9 21056 30393 7551 2990409392 481074 961084
1 13 20869 30463 11881 2990336750 1475590 961430
2 11 21043 30319 658934 2896674420 95338131 1013194
15 1 21104 30318 9142 2991831380 481381 961211
10 5 20863 30996 1627572 2742326862 250375692 1090685
2 10 21057 30411 2914 2992485088 480700 960713
9 6 20708 30128 4501336 2282904306 710594857 1320586
12 3 21105 30362 29184 2991155848 2435889 962814
0 8 20857 30725 573 2993555084 480306 960525
1 10 20870 30412 591 2993604586 480313 960527
15 2 21101 30805 324834 2952417676 41871064 986466
7 8 20237 30724 34798 2991685628 2609463 963263
8 0 20698 30468 302 2994654014 480174 960504
5 11 20375 30312 1002143 2845827010 150344316 1040651
0 10 20782 30342 3901835 2381763132 614523146 1272626
0 15 20858 31062 2514 2998335162 480641 960681
4 8 20662 30726 11908 2997895080 1475602 961432
1 10 20868 30409 174819 2984759774 17933702 974465
5 13 20373 30439 1084503 2839433122 163756796 1047240
8 0 20700 30469 4107 3003498590 480778 960808
5 14 20377 30550 971585 2858695432 145355926 1038206
0 11 20860 30338 1244 3005411596 480534 960579
1 11 20872 30337 13974 3005024712 1544877 961597
8 5 20701 31038 30257 3004475462 2470430 962900
3 15 20771 31064 11783 3006171590 1475542 961422
1 14 20873 30567 63371 3005328074 3935281 965549
1 8 20874 30729 15755 3007672268 1613938 961740
6 10 20816 30410 204753 2986646232 22736578 976860
0 9 20861 30395 323 3010003598 480186 960505
4 8 20666 30730 1605 3010202910 480563 960608
0 12 20862 30131 7016 3010837632 481196 961041
4 12 20665 30130 88705 3007711566 5490694 967576
7 13 20241 30464 11543 3012318354 1475429 961403
5 11 20398 30336 173580 2996511360 17799783 974366
9 0 20792 30470 60351 3011333066 3846240 965308
4 9 20663 30394 157186 3000568220 14954769 973054
15 6 21094 30202 571338 2935596788 81312236 1006187
8 0 20660 30420 2097918 2692784532 325725316 1128313
0 8 20835 30702 988219 2870981956 148182037 1039537
13 2 20947 30811 228 3018836800 480138 960498
11 5 20451 31041 12788 3018243954 1510151 961503
3 14 20772 30568 389 3019377766 480217 960511
15 5 21106 31040 72998 3015993940 4599489 966319
12 0 21108 30471 102278 3014986236 6869689 968662
2 12 20930 30012 6055766 2063355232 959367932 1444941
7 12 20243 30133 26101 3021303844 1994248 962568
9 7 20794 30485 68260 3024508080 4460920 965940
4 15 20658 31054 630354 2939039326 90865214 1010908
1 15 20845 31029 1452891 2807826180 222451000 1076711
1 12 20835 30091 1861485 2743355032 288102519 1109398
2 13 21062 30466 761 3031082328 480397 960540
11 5 20450 31039 175977 3013539972 18068667 974558
8 5 20703 31044 9780 3031219974 481361 961262
14 3 20305 30361 400659 2977798458 54032175 992532
5 13 20403 30467 7748 3031520834 481085 961099
11 4 20453 30202 29105 3029759548 2435919 962808
2 11 21063 30342 504 3032190058 480270 960520
15 7 21109 30487 416 3032553768 480358 960513
11 1 20440 30309 662709 2938091620 95987231 1013496
5 11 20356 30278 2507778 2643344380 391271019 1161102
11 1 20454 30324 1035 3034744408 480538 960562
9 5 20722 30938 3987591 2407660220 628306638 1279487
15 6 21110 30211 13748 3034589964 1544908 961579
6 12 20820 30136 4311 3036265958 480848 960824
3 12 20769 30124 383068 2985391912 51481974 991125
8 7 20689 30478 595923 2951642920 85422516 1008153
6 11 20736 30258 3655912 2462146324 575156653 1252952
13 7 20949 30488 982 3036942220 480498 960558
7 11 20244 30341 103485 3030650372 6915506 968758
1 13 20875 30465 194884 3016943138 21084358 976070
5 15 20397 31061 427392 2980236616 58269249 994671
12 2 21082 30783 1314039 2838753040 200364686 1065603
8 0 20705 30473 2823 3039380050 480666 960705
3 11 20774 30343 424 3040984110 480234 960513
6 9 20822 30399 22264 3039654368 1856110 962261
2 15 21064 31068 18423 3040223392 1717588 961953
1 13 20878 30469 43650 3039054782 2908144 963972
8 1 20706 30325 26894 3040008234 1994627 962631
9 5 20795 31042 134290 3030233740 11787238 971223
12 7 21100 30477 641455 2950444116 92627837 1011796
11 4 20438 30189 823368 2921419384 121753776 1026349
9 4 20796 30204 35836 3040865956 2643930 963346
6 15 20823 31069 538 3044351370 480289 960523
4 13 20668 30468 106342 3037986746 7053019 968987
7 14 20245 30570 35 3044700120 480049 960482
8 0 20708 30474 3433 3046096856 480719 960754
5 12 20406 30138 21264 3047138800 1821502 962181
8 3 20709 30367 21519 3047257460 1821437 962201
9 0 20797 30475 53422 3046234632 3589435 964753
11 5 20456 31045 87792 3045391432 5441559 967503
2 8 21013 30675 2485367 2663225328 387837390 1159309
7 8 20246 30734 24304 3049390736 1925181 962424
14 3 20311 30368 3278 3051063022 480792 960742
10 5 20906 31046 97625 3046711054 5787271 968290
8 3 20672 30340 1575848 2810456008 242323416 1086547
15 2 21111 30815 125885 3042994892 10037697 970550
7 15 20247 31072 2431 3052578576 480639 960674
4 14 20670 30571 118192 3044951994 9020136 969935
8 3 20704 30366 196062 3037591972 21506968 976164
12 4 21113 30206 3186 3059947370 480700 960734
5 10 20405 30418 153815 3046418032 14715325 972785
8 7 20707 30490 178612 3042363394 18780013 974768
14 6 20214 30118 5483345 2193663592 867715714 1399147
9 5 20798 31048 433 3061410554 480234 960514
13 7 20841 30376 5840014 2137180874 924954593 1427681
14 3 20257 30325 2930535 2603996854 459083254 1194922
8 3 20711 30369 14931 3061652222 1579420 961674
5 8 20407 30740 1961 3063044104 480592 960636
4 8 20584 30641 4167393 2406473238 657139595 1293871
11 5 20458 31049 1875 3063948592 480633 960630
13 1 20950 30326 224 3063981228 480289 960497
5 12 20404 30137 181172 3045346262 19183219 974973
9 2 20771 30789 1348601 2858897016 205806201 1068368
8 5 20712 31050 19213 3064955250 1752089 962017
15 2 21107 30812 332833 3024547218 43148840 987106
7 14 20176 30519 2866674 2619376050 449004981 1189813
0 15 20867 31074 77796 3063994610 4757680 966703
2 8 21069 30741 37512 3066169860 2712886 963480
6 8 20801 30714 1001826 2919123406 150217504 1040626
1 9 20863 30387 917853 2932648778 136805960 1033908
6 8 20821 30732 260588 3039059620 31650749 981327
1 9 20880 30402 96419 3065466158 5767727 968193
4 10 20594 30352 3982914 2444544888 627510418 1279113
7 14 20249 30572 153978 3057782898 14714757 972798
8 2 20691 30808 759262 2960877710 111709701 1021220
7 11 20251 30346 82777 3067941122 5283124 967102
14 1 20315 30327 45140 3070756888 2974738 964091
4 8 20674 30737 181091 3055226002 19028895 974967
2 11 21070 30347 314 3073813246 480181 960505
3 11 20777 30348 5461 3074305928 480892 960916
15 4 21113 30208 673 3075096366 480354 960533
8 2 20714 30817 12490 3075139106 1510215 961479
12 6 21116 30216 1201 3076335300 480531 960576
4 8 20661 30723 720223 2972018986 105271719 1018097
7 8 20252 30742 106427 3070732020 7052820 968994
2 8 21071 30743 23826 3076026832 1890790 962386
14 5 20303 31035 734279 2971372022 107505240 1019222
8 2 20715 30818 503 3078796060 480270 960520
10 7 20908 30492 22705 3077954906 1856128 962296
8 4 20696 30199 636322 2990869428 91825523 1011385
15 0 21112 30477 239581 3054616838 28212182 979646
8 0 20678 30450 1444761 2862756218 221399762 1076060
7 14 20181 30520 2859836 2636905104 447641770 1189266
15 0 21074 30447 1540537 2848933284 236550386 1083722
15 7 21073 30452 1714843 2821110518 264405644 1097667
3 9 20778 30405 2089 3085603982 480607 960647
11 7 20419 30443 2039908 2769844802 316440757 1123672
3 9 20735 30371 2131227 2755423144 331158930 1130978
11 4 20457 30207 214000 3062528182 24100822 977600
5 13 20409 30471 3734 3087483334 480866 960778
14 0 20203 30338 6370219 2080714962 1009800264 1470097
3 12 20776 30139 176388 3072597950 18202448 974591
0 11 20870 30349 116925 3082814052 8905494 969834
2 8 21039 30703 1428433 2874252936 218613091 1074754
12 2 21106 30810 619828 3004327084 88995988 1010066
11 5 20337 30895 6424637 2075425818 1018445498 1474450
8 3 20717 30370 93700 3088825418 5649188 967976
11 4 20447 30197 794257 2977568808 117057996 1024020
3 9 20781 30407 3141 3094660724 480696 960731
13 2 20952 30820 76733 3091329120 4737754 966618
15 1 21105 30320 627198 3007075784 90375597 1010655
12 6 21107 30209 623600 3009256064 89734133 1010368
11 2 20461 30821 25150 3097106670 1959670 962492
7 8 20256 30746 108603 3091816984 7830450 969168
2 12 21041 30112 1417971 2882943224 216820113 1073917
0 15 20871 31075 3055 3099298878 480689 960724
0 14 20869 30574 205133 3076973040 22871592 976890
3 11 20711 30273 3546049 2542401254 557631331 1244163
2 10 21074 30427 5904 3099869272 480927 960952
12 1 21122 30330 3298 3099885588 480794 960743
6 10 20800 30401 1205322 2917706710 182911184 1056905
6 13 20829 30472 73521 3096329152 4619477 966361
4 12 20667 30132 574081 3019144776 81885847 1006406
2 10 21066 30419 380935 3050869340 50830214 990954
2 8 21075 30747 24525 3100963018 1925248 962442
11 6 20462 30221 15547 3101406084 1613842 961723
2 10 21073 30425 130798 3092441080 10940930 970943
13 6 20954 30222 2635 3103154856 480651 960690
12 2 21123 30822 3125 3106055998 480700 960730
12 4 21119 30211 127237 3096513020 10769282 970658
11 2 20463 30823 4134 3106933560 480866 960810
9 2 20806 30824 3470 3107540676 480807 960757
10 4 20890 30179 1486496 2881339630 227908643 1079399
2 10 21072 30423 197064 3087842478 21641797 976245
11 3 20357 30279 5647035 2215874110 894062266 1412242
1 14 20881 30576 996 3111409618 480505 960559
4 8 20673 30736 425808 3054210188 58013331 994544
1 13 20856 30443 1557291 2873042106 239268010 1085063
3 8 20782 30748 29424 3110264682 2435937 962833
2 11 21077 30351 40868 3111064878 2816974 963749
9 6 20805 30223 123580 3104572478 9888645 970366
0 9 20872 30408 86215 3110348322 5421305 967377
12 0 21124 30481 3619 3116108248 480734 960769
11 3 20465 30372 656 3116962736 480342 960532
3 12 20784 30145 14832 3116895702 1579490 961666
0 12 20826 30098 2042449 2802057280 316855186 1123875
1 10 20808 30359 3619320 2550871698 569393365 1250025
10 7 20910 30496 49366 3116946370 3450942 964429
12 4 21112 30205 446931 3059518276 61409123 996234
11 5 20464 31057 92926 3115599050 5629260 967914
3 11 20786 30354 949 3121713964 480486 960555
15 5 21114 31056 120640 3112733468 9751460 970131
4 11 20678 30355 673 3122961566 480354 960533
11 3 20466 30373 6684 3123028828 481080 961014
0 8 20873 30750 7013 3126349350 481111 961041
10 7 20911 30499 1104 3126503746 480523 960568
3 10 20787 30429 6796 3127033794 481003 961023
12 0 21126 30483 636 3127315722 480337 960530
10 6 20912 30225 499 3127389472 480270 960519
6 11 20831 30356 59877 3124497100 3797152 965270
1 14 20883 30577 14943 3126835346 1579478 961675
8 1 20719 30332 1566 3129461450 480560 960605
7 10 20261 30430 5701 3129475430 480911 960936
0 11 20792 30263 4119888 2481326286 649436912 1290071
10 2 20903 30813 704846 3029372402 102871060 1016867
13 2 20925 30786 1824048 2851291128 282025945 1106403
8 5 20720 31058 30961 3131091600 2470773 962956
7 14 20262 30579 5935 3134504334 481020 960954
10 6 20913 30226 28858 3132883968 2401606 962788
1 12 20884 30148 52817 3132143744 3569811 964705
13 3 20953 30371 321202 3095833306 41386072 986176
2 8 21083 30751 14788 3135855830 1579412 961663
0 8 20875 30752 6576 3136977184 481071 961006
5 15 20414 31080 43557 3134775254 2908281 963964
2 13 21080 30474 61711 3133820904 3866214 965416
14 0 20317 30479 394741 3085259424 53004462 992059
11 2 20460 30819 367870 3090717558 48744816 989909
0 9 20868 30403 500046 3070461270 70042088 1000483
8 7 20724 30503 6879 3143875066 481265 961030
8 1 20726 30333 6309 3146319822 480965 960984
8 6 20725 30230 14060 3145410998 1579007 961604
14 7 20320 30497 220065 3122417134 25194667 978085
12 7 21086 30458 1868290 2858647374 289070865 1109943
12 5 21129 31062 6367 3147762690 481059 960989
6 13 20832 30477 93236 3142991294 5648748 967938
8 4 20727 30213 32347 3146719070 2539914 963067
2 15 21078 31078 288583 3113490286 36107181 983566
6 9 20833 30410 61700 3146026470 3866203 965416
8 4 20642 30141 3833994 2548627800 603650097 1267199
13 0 20957 30484 2868 3152185326 480669 960709
5 11 20388 30321 1606459 2906101432 247124518 1088996
12 7 21125 30500 231419 3126573266 27151735 978993
7 11 20233 30334 1232753 2966899794 187240641 1059100
5 10 20416 30433 19235 3152599934 1752101 962018
8 7 20728 30504 80767 3149749614 4876181 966941
15 0 21118 30486 6502 3154478678 481065 961000
8 4 20730 30216 13790 3153832850 1544753 961583
10 1 20915 30335 73751 3151001308 4619162 966380
13 7 20955 30501 214140 3132562854 24234894 977611
5 14 20417 30580 59727 3153078604 3797073 965258
3 14 20788 30581 10445 3155681250 1440779 961315
10 5 20914 31060 131006 3146204024 10997808 970960
12 6 21131 30231 66397 3153287732 4391634 965791
4 10 20669 30415 810159 3038571628 119612437 1025292
2 15 21085 31082 8768 3157740326 481171 961181
2 8 21087 30755 784 3159156158 480475 960542
6 12 20835 30150 10862 3159080750 1440983 961348
4 10 20683 30434 10293 3159541662 1440707 961303
9 6 20714 30130 5362079 2313633000 848441081 1389446
6 11 20836 30360 9143 3161894176 481291 961211
5 12 20395 30121 1288465 2966846952 196217530 1063557
15 7 21119 30505 268 3162589626 480268 960501
12 6 21132 30234 83681 3157848212 5302837 967174
15 1 21060 30290 2458890 2780170174 383446408 1157191
8 3 20723 30374 238959 3136679310 28076794 979596
7 13 20134 30351 5646156 2271172034 893939746 1412172
1 9 20886 30413 29843 3162878520 2436111 962867
10 0 20918 30489 46051 3162677986 3361847 964164
12 1 21133 30336 8436 3168316346 481250 961154
1 10 20859 30398 1728738 2902265952 266649755 1098779
9 3 20809 30376 5142 3168535132 481036 960891
12 6 21134 30235 989 3168896046 480514 960559
1 12 20822 30075 3252825 2659124206 510647883 1220706
10 1 20920 30337 978 3169334044 480498 960558
15 2 21120 30829 2892 3169929648 480756 960711
3 9 20780 30406 563417 3090607856 80129300 1005553
0 14 20854 30564 1364642 2963133800 208371935 1069651
2 13 21079 30473 375578 3121833716 50030803 990526
10 5 20884 31015 2082318 2849186540 323321551 1127065
10 5 20921 31063 11153 3171583982 1475248 961372
6 15 20825 31070 849094 3047185138 125917426 1028407
12 5 21120 31055 530265 3098175138 75062435 1002901
12 1 21130 30334 223224 3149627924 25752329 978337
13 7 20948 30486 978636 3029136754 146780946 1038770
10 7 20919 30507 118267 3167775820 9019802 969941
4 10 20687 30437 31820 3174881676 2505389 963025
10 4 20922 30218 550 3176999484 480294 960524
7 10 20263 30431 287214 3141647262 35953705 983457
15 7 21121 30509 4879 3177961506 480840 960870
6 15 20837 31084 149666 3164730360 13880174 972453
13 3 20959 30378 3315 3179950586 480786 960745
0 10 20877 30438 2795 3180229798 480663 960703
2 11 20996 30265 4334454 2496877836 683853403 1307236
0 12 20878 30152 9501 3180818372 481260 961240
8 3 20733 30379 1879 3180820626 480585 960630
1 9 20890 30414 107389 3175524224 7098502 969071
10 3 20924 30380 112 3183646176 480085 960488
0 12 20879 30153 2712 3184723018 480657 960696
5 15 20421 31087 4655 3184822530 480822 960852
4 15 20685 31083 202821 3163075866 22259914 976705
2 8 21090 30756 5506 3185174134 481235 960920
4 9 20620 30353 3316031 2665989658 520878613 1225762
11 6 20471 30237 2944 3186435158 480675 960715
10 1 20869 30291 2591219 2782783924 404823892 1167777
9 6 20808 30227 407867 3132894948 55164069 993109
5 8 20422 30757 1939 3188674370 480625 960635
3 10 20791 30440 80189 3184671384 4876080 966895
13 3 20962 30382 25445 3187590106 1959811 962515
13 2 20963 30830 10407 3189083890 1440760 961312
14 5 20326 31066 10318 3189324138 1440786 961305
3 14 20710 30508 4142018 2537731408 653123146 1291841
4 15 20690 31088 465 3191345694 480259 960517
0 14 20783 30486 4997379 2402100408 789997371 1360270
12 2 21136 30832 640 3191725954 480337 960531
11 7 20473 30510 29994 3190289680 2436183 962879
6 12 20839 30155 57119 3189468494 3727572 965049
4 14 20689 30585 36834 3190653582 2678358 963426
8 0 20735 30491 7494 3193150094 481244 961079
4 12 20688 30154 72163 3189408730 4599266 966253
6 11 20805 30328 1712339 2930366754 264088263 1097467
11 5 20472 31065 91386 3188899540 5579734 967790
8 4 20734 30221 113912 3186888498 8116533 969592
14 7 20254 30423 3912517 2580551938 616311874 1273481
6 12 20830 30143 576772 3116378678 82209436 1006621
9 0 20811 30490 129638 3187884244 10883932 970851
7 12 20238 30126 1314999 2998690966 200366920 1065679
6 9 20840 30417 5626 3198587918 480990 960930
4 8 20692 30759 427 3198625964 480234 960514
1 12 20892 30156 17738 3198371184 1683141 961899
4 13 20558 30349 6041531 2242960512 957100492 1443802
0 14 20856 30565 1371251 2990658040 209406428 1070180
12 7 21117 30494 762636 3088574548 111926088 1021490
1 13 20844 30434 2591449 2797216998 404818852 1167795
10 1 20926 30340 1169 3201642788 480528 960573
5 14 20420 30584 182118 3183168660 19162711 975049
2 13 21091 30479 403 3202328210 480222 960512
1 15 20893 31089 43294 3201267850 2908067 963943
6 15 20841 31090 34866 3203525292 2609356 963269
8 1 20601 30231 6300384 2207908462 998613100 1464510
8 6 20697 30208 1399214 2992799562 214187229 1072417
14 3 20329 30383 7818 3206529830 481090 961105
4 14 20694 30590 15178 3205741312 1613662 961694
3 12 20792 30157 116307 3198676478 8905639 969784
12 4 21090 30180 2031375 2893498786 315188445 1122990
8 6 20737 30238 1800 3208841798 480579 960624
11 1 20474 30341 64036 3205053146 4322285 965602
4 10 20544 30301 7062463 2089849966 1120595180 1525477
5 8 20423 30762 37693 3208803458 2713057 963495
15 6 21050 30181 3165619 2715408948 496711630 1213729
9 1 20801 30328 875603 3082395610 129986847 1030528
9 6 20816 30239 12935 3211965952 1510223 961514
7 11 20274 30364 522 3213221478 480282 960521
0 15 20738 30926 7266445 2060621934 1153266863 1541795
6 13 20843 30482 37552 3213776110 2712859 963484
10 0 20927 30496 8250 3216579914 481555 961140
1 12 20894 30160 93560 3212818832 5649415 967964
7 14 20269 30587 204329 3196234380 22736344 976826
0 11 20882 30366 660 3219189888 480349 960532
14 5 20312 31047 1087933 3055704758 164027233 1047514
7 8 20272 30761 148443 3206279732 13822747 972355
2 15 21094 31095 3038 3222725038 480934 960723
5 10 20415 30432 530680 3148392474 75016202 1002934
8 7 20738 30514 657 3223570410 480342 960532
1 15 20876 31067 1292199 3027478204 196850189 1063855
4 8 20682 30753 536242 3148570834 75804652 1003379
9 6 20799 30214 1054245 3065682826 158737882 1044819
11 3 20481 30385 1796 3227617160 480578 960623
14 7 20331 30515 44716 3226395552 2955081 964057
6 10 20845 30443 21267 3227677462 1821544 962181
3 12 20770 30125 1532044 2995154324 235262977 1083043
15 5 21128 31071 1514 3231685798 480556 960601
1 11 20896 30367 58267 3229034010 3777137 965141
11 2 20475 30833 232521 3205781946 27116539 979081
14 4 20332 30223 6800 3232812900 481004 961024
5 10 20426 30444 281 3232919806 480218 960502
2 12 21095 30162 1565 3233433100 480560 960605
6 15 20846 31096 16333 3232310338 1648336 961786
3 11 20795 30368 431 3233794154 480246 960514
7 10 20216 30391 2451200 2853048462 382409904 1156576
5 12 20425 30161 141449 3223069452 12804678 971795
11 2 20476 30834 233514 3208803308 27223581 979161
10 7 20907 30491 1094760 3071003466 165317665 1048060
10 7 20929 30517 21189 3234720792 1821385 962175
12 4 21138 30224 496 3236640220 480265 960519
5 8 20427 30764 1501 3236693758 480555 960600
6 9 20828 30404 1049593 3079388438 157911334 1044447
4 12 20696 30164 3231 3238589824 480743 960738
10 6 20930 30241 63396 3236075776 3935259 965551
0 9 20880 30418 242563 3211268412 28769298 979885
11 1 20425 30295 2749647 2810009044 430113715 1180451
0 15 20859 31063 1554457 3001285084 239001285 1084836
11 2 20479 30836 160507 3224909566 15743957 973320
2 9 21068 30401 1163733 3064725578 176102094 1053578
7 13 20276 30483 716 3240405166 480373 960537
6 15 20847 31097 58877 3237186958 3777413 965190
11 4 20482 30225 59868 3237298626 3797252 965269
2 11 21096 30369 4996 3242026366 480854 960879
5 15 20428 31098 411 3243849208 480279 960512
7 15 20259 31077 884161 3112728682 131722129 1031212
1 9 20897 30419 2779 3244035190 480681 960702
1 15 20895 31093 238374 3216640296 28076734 979549
8 4 20741 30226 757 3244699360 480390 960540
8 7 20740 30518 10017 3243747192 1440769 961281
13 6 20964 30242 3 3244717472 480030 960480
1 11 20898 30370 2033 3244971668 480602 960642
2 12 21026 30096 2884249 2794009252 451722160 1191219
11 3 20484 30388 4520 3246120744 480811 960841
6 12 20848 30165 79458 3242549106 4826615 966836
7 14 20277 30592 5750 3247884500 480915 960940
12 6 21139 30243 30702 3246154110 2470670 962936
1 10 20899 30446 2035 3249009328 480603 960642
15 2 21102 30806 1911394 2955325878 295954684 1113391
6 13 20850 30485 8604 3251410706 481158 961168
10 5 20934 31074 10357 3252158582 1441197 961308
11 6 20486 30244 576 3253401776 480306 960526
5 9 20308 30322 5911106 2317574762 936324452 1433368
8 7 20743 30520 1899 3253991376 480652 960631
13 0 20967 30503 790 3254071520 480409 960543
10 2 20932 30837 67565 3250177306 4411540 965885
10 7 20933 30519 51931 3251513292 3520964 964634
13 3 20966 30390 25101 3253174980 1959679 962488
6 9 20745 30342 4623507 2525512886 730141423 1330360
8 3 20742 30387 128069 3245232700 10826604 970725
8 6 20744 30245 5768 3256168706 480921 960941
4 11 20695 30365 327097 3214548160 42346293 986647
15 0 21132 30502 112799 3249722948 8059542 969503
14 3 20333 30386 180018 3239124292 18893875 974881
11 0 20478 30495 363097 3211489900 48013979 989527
12 5 21128 31061 764577 3147334848 112312478 1021646
15 4 21048 30157 3629589 2689980232 571010737 1250847
2 13 21098 30486 20689 3259305754 1787227 962135
10 2 20935 30839 59821 3258119204 3797138 965265
5 11 20429 30372 39626 3259751474 2777204 963650
8 7 20736 30512 405797 3207883364 54832535 992943
7 14 20280 30593 14653 3261593166 1579288 961652
6 11 20851 30371 84268 3258204380 5352115 967221
4 8 20699 30766 28202 3261305342 2401202 962736
14 3 20335 30391 31800 3261692178 2505444 963024
15 6 21133 30246 62026 3260524760 3915288 965442
13 1 20969 30346 15702 3263242114 1613955 961736
2 11 21082 30357 872372 3135491718 129611471 1030269
11 2 20489 30840 9748 3265220122 481345 961259
8 0 20746 30505 69521 3261458984 4480772 966041
13 4 20958 30217 733950 3158732190 107548560 1019196
2 8 21099 30767 94399 3261595668 5698422 968031
11 6 20488 30247 29427 3265122522 2435912 962834
14 7 20271 30439 3432788 2728186220 539470022 1235103
10 5 20936 31075 47756 3264827280 3381799 964300
13 2 20970 30841 3140 3267858988 480696 960731
8 7 20747 30521 7585 3267878400 481082 961086
14 3 20330 30384 326864 3226256702 42197144 986629
11 7 20490 30522 1961 3268476970 480592 960636
1 15 20903 31105 74715 3265790684 4668587 966457
2 8 21101 30771 3144 3269990506 480696 960731
6 9 20799 30385 2278393 2917034440 354718384 1142751
1 15 20889 31085 666879 3175318596 96555751 1013830
4 14 20680 30578 938857 3133540868 140104697 1035588
14 5 20337 31076 760 3273188026 480515 960540
15 1 21126 30342 471312 3209462666 65399966 998184
3 12 20796 30168 3577 3274761830 480731 960766
1 9 20904 30421 398 3274913500 480222 960511
13 3 20972 30394 2528 3275231392 480678 960682
6 10 20812 30407 1976072 2970490318 306349711 1118565
5 13 20424 30481 468123 3212850562 64916312 997929
3 10 20797 30448 29654 3275494270 2436027 962852
10 5 20938 31077 4645 3277925440 480821 960851
13 2 20973 30842 28447 3276078112 2401352 962755
6 14 20855 30596 3775 3278375220 480805 960782
1 11 20851 30308 2802110 2840467616 438605880 1184648
11 4 20493 30230 4646 3278878164 480906 960851
14 1 20338 30347 11751 3278340790 1475530 961420
6 8 20853 30770 126708 3269207830 10712121 970616
0 11 20889 30375 96212 3274454388 5767295 968176
10 5 20928 31069 407278 3226972326 55162713 993062
0 8 20890 30772 16497 3280587966 1648420 961799
3 12 20798 30169 99474 3276743258 5856436 968437
1 14 20843 30539 3097489 2796845312 485798782 1208279
8 4 20745 30228 197296 3261272556 21641395 976263
1 14 20905 30597 50409 3280036176 3500251 964512
5 13 20431 30488 53842 3280078288 3589778 964787
10 1 20900 30315 1968009 2979392840 305096962 1117920
5 9 20430 30422 87526 3280019904 5441170 967482
0 10 20891 30449 14390 3284054384 1579239 961631
14 0 20339 30506 7059 3285392318 481112 961044
2 10 21093 30442 513969 3213891280 72123043 1001597
13 1 20838 30218 7419902 2108404820 1177656359 1554072
13 3 20971 30393 160437 3270945358 15743828 973314
0 13 20892 30489 12665 3285200520 1510091 961493
15 5 21136 31078 16866 3286073150 1648595 961829
12 4 21140 30229 189899 3267635898 20412430 975671
4 11 20700 30373 205059 3265216376 22871269 976884
8 0 20729 30485 911970 3152705686 135857311 1033437
1 11 20888 30362 786785 3172780452 115830024 1023422
14 2 20207 30691 7559582 2090010986 1200167532 1565246
15 0 21137 30507 27395 3288576260 2028989 962671
10 4 20940 30231 13405 3290605658 1544566 961552
14 3 20340 30398 26752 3290339796 1994658 962620
15 4 21057 30167 3384061 2760664198 531781606 1231204
5 13 20359 30411 4067010 2651326926 641125617 1285840
9 6 20820 30251 898 3292429208 480462 960551
8 3 20749 30400 4140 3292447998 480781 960811
2 10 21103 30450 1455 3292460308 480551 960596
15 2 21116 30827 958548 3149612136 143374221 1037163
3 8 20785 30749 1163640 3117080944 176111937 1053571
11 5 20494 31080 100124 3288159892 6658727 968489
10 0 20917 30488 921356 3158382298 137411789 1034188
0 13 20893 30491 7272 3295385536 481056 961061
9 2 20818 30838 349009 3250209018 46038769 988400
12 3 21141 30396 182001 3277236148 19162468 975040
6 12 20842 30159 613892 3209108952 88135642 1009591
2 8 21100 30768 264475 3265488810 32265999 981638
8 4 20716 30209 1386620 3086221662 211831280 1071409
15 2 21127 30835 624213 3210572540 89896468 1010417
8 1 20748 30349 126658 3289765258 10712052 970612
11 3 20496 30402 24903 3298594136 1925428 962472
1 15 20901 31104 303115 3262100422 38662444 984729
12 5 21143 31079 154330 3286380418 14760957 972826
6 11 20827 30345 1544581 3065472062 237195444 1084046
4 12 20703 30170 5175 3302459668 480869 960894
4 15 20698 31099 440999 3244171260 60609559 995759
6 8 20857 30777 1029 3304479342 480517 960562
1 9 20877 30398 1772559 3031278010 273692810 1102284
11 0 20497 30509 8886 3304906060 481181 961190
3 12 20801 30171 28019 3303280332 2401288 962721
13 5 20974 31082 14972 3304136274 1579444 961677
10 7 20942 30524 138334 3293829904 11993434 971546
13 7 20975 30525 2317 3306057108 480625 960665
3 15 20802 31107 22877 3305098584 1856310 962310
11 6 20491 30248 311855 3268967016 39792104 985428
12 7 21135 30508 911258 3172933148 135849700 1033380
9 6 20821 30252 64461 3304854760 4322405 965636
12 5 21144 31081 186336 3289571866 19801916 975386
15 2 21075 30788 2921578 2852656546 457622265 1194206
1 8 20907 30775 148523 3297916910 13822493 972361
10 2 20945 30844 2998 3311848998 480680 960719
12 7 21111 30489 1781703 3037522520 275131268 1103016
8 5 20752 31083 112558 3305253696 8059327 969484
4 14 20706 30599 41420 3311322524 2842051 963793
7 15 20279 31102 420579 3256973124 57233050 994126
12 4 21146 30234 29631 3311944274 2436008 962850
13 7 20977 30526 61 3314455406 480061 960484
3 13 20805 30496 8767 3314806916 481171 961181
4 8 20705 30778 65177 3311091568 4342377 965694
9 5 20822 31085 41401 3312625238 2842100 963792
5 15 20434 31108 96238 3310643228 5767324 968179
7 10 20284 30453 11450 3315790870 1475462 961396
4 15 20707 31109 12709 3316018220 1510199 961496
13 4 20976 30235 81176 3312670856 4895913 966974
13 7 20979 30528 6641 3317434180 481076 961011
14 1 20344 30352 4429 3317650452 481064 960834
6 14 20854 30595 329536 3275661742 42632185 986842
7 12 20157 30050 5637652 2425840854 892626178 1411492
5 15 20435 31111 570 3317994472 480301 960525
15 7 21129 30516 605694 3231989700 86862906 1008935
15 6 21138 30253 14914 3317283716 1579415 961673
6 13 20770 30425 3614999 2750598428 568601672 1249679
13 1 20980 30353 13721 3318291918 1544746 961577
0 13 20896 30497 9663 3319381152 481293 961253
14 4 20345 30236 2971 3319487262 480781 960717
15 0 21124 30492 848284 3194446362 125926295 1028342
11 3 20499 30403 641 3320152972 480337 960531
7 14 20146 30474 6203268 2339064966 982987490 1456741
4 13 20708 30498 10802 3321292994 1440952 961344
7 8 20271 30760 810090 3204215032 119610417 1025287
7 14 20222 30553 2763210 2892223330 432268682 1181536
11 1 20500 30354 20926 3322921258 1787032 962154
7 8 20268 30758 869828 3195708784 129118510 1030066
10 0 20943 30508 225901 3298652954 26233874 978552
15 7 21134 30523 404189 3271162222 54673088 992815
3 10 20807 30454 29818 3323561014 2436099 962865
6 9 20734 30332 5570992 2445105516 881784096 1406159
4 9 20709 30427 1306 3326484042 480539 960584
7 12 20285 30173 51547 3323737508 3520115 964603
15 1 21135 30348 345338 3283196636 45208159 988107
2 15 21005 31003 4826365 2565868218 762580325 1346589
6 9 20858 30428 2534 3328530398 480681 960682
1 10 20910 30456 11060 3329292864 1475201 961364
6 15 20852 31103 511794 3259355368 71805179 1001423
1 12 20911 30174 15918 3329560982 1614085 961753
10 5 20944 31084 195552 3310369772 21218502 976124
15 2 21139 30846 23003 3330978034 1890394 962320
7 15 20287 31113 3158 3333800444 480734 960732
4 11 20711 30379 660 3334217228 480425 960532
9 7 20824 30529 1299 3334487460 480663 960583
10 3 20946 30404 66424 3330657764 4391590 965793
4 13 20627 30419 4040326 2698884350 636810788 1283706
5 13 20437 30499 54152 3332135620 3638532 964812
3 10 20773 30416 1916876 3039272126 296920865 1113830
14 4 20347 30239 7153 3336042386 481042 961052
0 13 20887 30487 506374 3265633390 70938982 1000989
4 10 20712 30458 1771 3336529838 480576 960621
11 3 20492 30395 445782 3275856870 61237456 996142
0 14 20898 30602 52534 3335370244 3569777 964682
13 1 20982 30358 34706 3336936180 2609380 963256
10 7 20947 30530 34494 3337165144 2608953 963239
12 1 21148 30359 5304 3339342808 480879 960904
9 1 20825 30357 47868 3336601484 3381855 964309
6 14 20859 30601 110297 3332716330 7944703 969303
13 6 20983 30256 3860 3340255296 480754 960788
2 13 21108 30500 19397 3340051588 1752213 962031
8 3 20755 30405 84721 3336560018 5352696 967257
14 1 20346 30355 124377 3332916302 9980856 970430
14 4 20349 30241 1188 3342446004 480530 960575
4 10 20684 30435 1190012 3162451850 180519419 1055680
3 10 20806 30452 246150 3314896640 29383481 980172
11 4 20503 30242 2143 3344038732 480616 960651
9 1 20827 30360 4374 3344076674 480800 960829
0 10 20865 30417 1930420 3045938774 298930152 1114913
0 12 20818 30085 3907135 2730031596 615517217 1273050
1 8 20842 30691 3498708 2796000414 549973192 1240376
10 6 20939 30250 414057 3289998154 56443113 993604
6 13 20849 30484 667999 3249771426 96684462 1013919
0 13 20852 30455 2557227 2947415426 399371426 1165058
8 0 20757 30511 35347 3345487644 2643715 963307
9 2 20828 30848 1361 3347865524 480544 960588
11 2 20505 30849 3678 3349625556 480824 960774
1 14 20908 30598 388547 3300962972 52110999 991563
12 1 20985 30205 8383519 2021502234 1332093872 1631161
2 11 21111 30382 98531 3347787296 5836680 968362
13 4 20981 30238 219618 3328770206 24980643 978049
11 7 20477 30513 975773 3209550344 146103137 1038541
3 14 20811 30603 13606 3354547668 1544748 961568
0 15 20899 31115 6695 3355847474 481250 961015
15 2 21140 30847 115545 3347664490 8848123 969723
14 1 20350 30361 50559 3353404390 3500491 964524
15 5 21141 31088 16238 3355610402 1648414 961779
13 6 20985 30257 63144 3353560956 3935204 965531
2 14 21008 30516 4835831 2593772050 764081232 1347346
15 2 21085 30799 2916519 2901291464 456864939 1193801
15 6 21142 30258 901 3358047834 480462 960552
11 3 20504 30408 121882 3349602804 9797347 970230
0 9 20900 30431 1283 3359007980 480537 960582
15 0 21143 30514 4056 3360130718 480779 960804
13 7 20987 30531 4574 3361836940 480906 960845
0 10 20901 30461 26320 3360993304 1994462 962585
3 8 20814 30785 627 3362621616 480330 960530
7 14 20286 30600 305490 3325253926 38832251 984919
2 15 21113 31117 22076 3363377804 1855828 962246
15 3 21145 30409 1760 3365055528 480576 960620
1 8 20782 30634 6468529 2340408538 1025514381 1477962
7 10 20289 30459 176042 3347752702 18202338 974563
10 3 20949 30410 657 3366224324 480342 960532
9 5 20803 31054 1777790 3092310212 274488491 1102703
15 1 21146 30362 1001 3367595510 480515 960560
3 12 20815 30178 8627 3368118664 481250 961170
3 13 20800 30493 491851 3300836856 68508108 999828
13 3 20930 30348 3068167 2888112104 481354760 1205933
15 6 21144 30260 116721 3360893626 8905603 969817
8 5 20759 31090 17002 3368772970 1682994 961840
12 6 21152 30261 3424 3370111036 480719 960753
5 8 20441 30787 8049 3371435196 481199 961123
7 13 20291 30502 9123 3371628148 481205 961209
3 15 20755 31041 3229621 2865186168 506955723 1218849
5 14 20442 30606 1818 3373124302 480580 960625
5 10 20439 30463 76857 3368897310 4737818 966628
6 9 20866 30437 2368 3373264168 480629 960669
15 1 21147 30363 400 3373430342 480222 960512
2 11 21105 30377 513803 3301865748 72134163 1001584
8 1 20754 30356 317175 3333613368 40742361 985854
4 12 20715 30179 12588 3373906158 1510055 961487
0 8 20904 30786 107400 3368395074 7098680 969072
14 4 20219 30105 7203482 2233146528 1143195338 1536758
7 9 20293 30438 24311 3375716890 1925221 962424
15 1 21148 30364 41393 3374929560 2842107 963791
3 12 20803 30172 516414 3306965204 72603727 1001793
15 1 21150 30366 6887 3379491340 481181 961030
15 1 21149 30365 33615 3378049426 2574453 963169
7 12 20292 30180 95982 3375483224 5718205 968158
4 15 20717 31119 45380 3379436676 2974713 964110
6 9 20860 30430 227954 3356546208 26291059 978716
6 15 20867 31120 29135 3380663284 2435794 962810
5 11 20443 30386 422 3383283630 480234 960513
8 7 20760 30535 1745 3384094908 480574 960619
4 11 20704 30378 541988 3308757178 76606454 1003839
14 3 20336 30392 809412 3267048570 119652176 1025232
0 10 20844 30400 3009645 2916280210 471756220 1201251
11 5 20509 31092 22245 3386308366 1855907 962259
1 14 20919 30609 1629 3388355254 480565 960610
1 15 20814 31004 5160693 2573568918 816106168 1373335
4 8 20719 30788 545 3389395924 480289 960523
5 8 20332 30646 5781649 2474678644 915542553 1423011
12 0 21155 30518 13288 3389623778 1544551 961543
1 12 20920 30183 40753 3389476156 2816690 963740
1 12 20915 30176 283746 3357740882 35220160 983179
13 3 20989 30414 677 3392824972 480354 960534
5 11 20438 30385 243736 3364923536 28922789 979978
0 10 20906 30465 50130 3391224730 3500300 964490
11 5 20498 31086 563659 3314615616 80138611 1005572
14 2 20354 30851 13752 3393345456 1544734 961580
15 2 21154 30852 1292 3394892994 480538 960583
7 10 20295 30466 56189 3391671268 3707935 964975
4 10 20720 30467 5771 3395184274 481140 960941
10 0 20950 30516 127379 3384937066 10769432 970670
14 1 20355 30368 23863 3393868640 1890809 962389
6 15 20869 31124 4891 3395562966 480931 960871
7 12 20288 30175 436234 3336433738 59793848 995378
1 15 20921 31123 67589 3391904532 4411487 965887
10 7 20951 30537 21539 3394714656 1821645 962203
8 6 20762 30262 66405 3392148856 4391648 965792
7 11 20260 30352 1807828 3117570172 279302650 1105106
14 5 20356 31095 452 3396642764 480246 960516
6 13 20802 30451 3006026 2925988950 471276750 1200962
8 0 20763 30519 2285 3396837202 480623 960662
4 8 20701 30769 864826 3269163444 128321012 1029666
14 0 20353 30515 216969 3373891846 24658639 977837
3 12 20783 30144 1825400 3116631118 282174676 1106512
7 8 20282 30773 745979 3292434554 109246399 1020158
13 2 20991 30854 1133 3402505130 480528 960570
14 6 20359 30264 10932 3402712544 1441148 961354
8 0 20764 30520 113146 3398666036 8116585 969531
8 2 20669 30770 3981639 2781023860 627355804 1279011
10 7 20952 30540 3666 3409377154 480738 960773
8 0 20758 30513 427354 3352064862 58257087 994668
7 12 20298 30185 32445 3407939790 2539734 963075
9 2 20832 30856 560 3410106970 480413 960524
13 6 20994 30266 244 3410514500 480145 960499
14 1 20360 30371 6178 3411002128 481039 960974
13 7 20951 30493 2090407 3087089226 324547341 1127712
8 6 20658 30178 4563294 2691513322 720539389 1325543
2 9 21118 30443 53430 3409524836 3589507 964754
5 15 20447 31129 256 3413108760 480251 960500
2 11 21116 30388 97792 3408237214 5787444 968303
0 15 20909 31128 32266 3411590790 2540062 963061
2 8 20940 30606 8116160 2125007340 1289361154 1609772
8 5 20600 30911 7617365 2204969200 1209460922 1569869
14 7 20357 30538 162258 3399244636 15858236 973460
7 8 20300 30790 14711 3413741656 1579356 961656
8 3 20766 30417 4719 3415643302 480827 960857
0 14 20912 30613 6360 3415893860 481054 960988
9 7 20834 30542 1047 3415979748 480519 960563
9 1 20723 30258 6331964 2414127492 1003500068 1467037
2 12 21119 30190 743 3417388956 480385 960539
9 6 20835 30267 3530 3417626072 480727 960762
0 12 20910 30187 105254 3412395834 7007344 968900
7 11 20304 30390 8005 3419751748 481110 961120
3 15 20820 31131 58690 3416911430 3777384 965175
14 1 20306 30316 2809865 2980851936 439892731 1185269
4 9 20721 30440 219688 3396032700 24980341 978055
13 7 20993 30539 161495 3405970318 15801040 973399
7 14 20303 30614 74900 3417680334 4668703 966472
7 13 20305 30508 1391 3425163672 480546 960591
0 14 20915 30615 13459 3424646990 1544645 961556
0 9 20908 30444 158068 3410589952 15629193 973125
3 10 20790 30439 1589909 3181677218 244608537 1087672
6 8 20861 30783 499657 3356598546 69892468 1000452
2 11 21120 30391 6217 3426535676 480962 960977
7 10 20230 30403 3136824 2935520100 492073734 1211425
4 9 20702 30423 922422 3290053462 137541385 1034273
5 9 20448 30449 52969 3424232440 3569829 964717
14 5 20328 31068 1500756 3197926466 230139347 1080540
4 15 20724 31133 3567 3428249388 480736 960765
10 3 20941 30399 926164 3290759508 138255433 1034573
5 10 20450 30468 1440 3429059056 480681 960595
12 1 21157 30372 1448 3429308134 480585 960595
12 4 21156 30250 31283 3428210278 2505243 962982
13 0 20997 30523 15237 3429711718 1613693 961698
11 0 20514 30524 9789 3431446716 481518 961263
15 1 21156 30370 229382 3405791172 26872733 978830
6 15 20871 31135 12236 3431184640 1509962 961458
12 1 21158 30374 1927 3432827228 480589 960634
5 11 20311 30241 6881830 2341796420 1091632696 1511026
7 13 20299 30506 222031 3408160408 25618728 978242
4 9 20718 30439 343386 3388779148 45123798 987950
10 6 20954 30270 79093 3430019148 4826696 966807
13 6 20992 30265 249632 3405246008 29852878 980450
3 12 20823 30194 1853 3435333880 480583 960628
15 0 21131 30500 1242785 3248379172 188781237 1059902
3 8 20808 30780 739787 3329366046 108304715 1019662
7 12 20309 30195 5352 3437221988 480883 960908
2 14 21076 30575 2142678 3105667594 332938955 1131894
5 9 20445 30442 255954 3407964808 31041504 980956
3 8 20824 30792 714 3438742300 480444 960537
14 1 20363 30375 1992 3439585484 480594 960639
5 8 20453 30794 1535 3439926976 480558 960602
8 3 20765 30416 255284 3409972338 30843761 980902
9 3 20837 30418 150659 3428124280 13937465 972532
10 1 20909 30331 2175013 3104006700 338242275 1134481
4 8 20726 30795 9966 3442192594 481362 961277
0 12 20903 30177 546101 3365430660 77404595 1004168
0 8 20919 30793 60742 3439381966 3846524 965339
1 11 20928 30392 598 3443132882 480318 960527
4 9 20727 30453 14305 3442313980 1579120 961624
5 10 20455 30469 35727 3441805806 2643945 963338
11 5 20516 31097 36841 3441857070 2678562 963427
9 5 20839 31098 3581 3444138566 480816 960766
1 14 20929 30618 3806 3444238096 480794 960784
7 15 20310 31138 31961 3442410922 2505375 963036
5 14 20446 30612 266627 3412408912 32511175 981810
10 2 20885 30787 3774874 2851310538 594223014 1262469
7 9 20281 30424 1024905 3292334766 153933781 1042472
8 1 20768 30376 3775 3445939636 480832 960782
1 14 20931 30619 17429 3444893682 1682986 961874
6 9 20838 30416 1717895 3181711536 265054631 1097911
10 6 20948 30259 607395 3359732226 87173408 1009071
14 4 20364 30252 14115 3445641164 1579031 961609
15 0 21125 30493 1637513 3197263396 252081702 1091481
2 9 21122 30454 51130 3445996750 3519988 964570
5 12 20449 30191 207098 3427252274 23139181 977047
11 0 20518 30526 13323 3449663388 1544530 961545
15 1 21158 30377 5852 3450788324 481044 960948
15 0 21097 30460 3222967 2946163310 506059392 1218317
3 15 20827 31139 3535 3452672484 480733 960762
5 15 20454 31137 134369 3441540464 11786963 971229
13 5 20960 31064 1743728 3184535300 269062826 1099978
9 0 20840 30528 398 3454062850 480330 960511
14 0 20313 30478 2546352 3057072780 397617095 1164188
11 2 20517 30858 92853 3449232384 5629533 967908
9 0 20838 30525 153219 3440492418 14714806 972737
1 11 20925 30387 376011 3405724102 50189528 990560
13 4 20998 30251 128338 3445117578 10826269 970747
4 14 20623 30528 4947033 2675160808 782044022 1356242
2 11 21112 30384 660042 3361627872 95671050 1013283
7 14 20250 30573 2509462 3066523060 391694182 1161236
10 6 20955 30271 11962 3458073482 1475706 961436
14 5 20351 31089 692920 3358804082 100783397 1015913
15 2 21159 30860 119196 3451089848 9077339 970015
14 4 20361 30248 330474 3418577956 42930729 986917
8 2 20769 30861 5732 3461170158 481065 960938
1 11 20882 30353 2203262 3119884404 342606947 1136740
7 15 20315 31140 3284 3462871350 480708 960742
5 13 20458 30513 1849 3463265072 480583 960627
13 4 20986 30244 734602 3356464286 107507306 1019248
13 1 21002 30379 12208 3462742886 1509868 961456
7 8 20254 30745 2404036 3089703260 374877001 1152802
13 5 20916 31002 4463856 2760376958 704544767 1317588
2 14 21124 30623 95232 3461496662 5718051 968098
15 0 21100 30462 3295185 2950521668 517546424 1224094
12 0 21160 30530 3246 3468182692 480704 960739
0 15 20921 31141 90093 3464244484 5559645 967687
12 7 21161 30546 5313 3469498448 480885 960905
4 15 20643 31032 4081552 2826653930 643527854 1287004
11 0 20520 30531 449 3469741676 480246 960515
13 3 20961 30381 1841994 3187455570 284745702 1107839
0 14 20923 30625 960 3471909052 480493 960556
7 12 20219 30110 3805766 2873593368 599202044 1264941
4 9 20728 30457 325 3472760752 480186 960506
0 15 20924 31143 6982 3473111938 481275 961038
13 0 20965 30501 1463849 3249567222 224234311 1077587
9 2 20842 30862 118297 3465081234 9019845 969943
6 14 20873 30624 71841 3469722270 4550494 966227
6 15 20870 31134 339113 3430474066 44269154 987609
14 4 20366 30254 159371 3459349042 15686496 973229
5 8 20459 30798 4062 3475463386 480775 960804
9 7 20845 30548 35246 3473643224 2643819 963299
13 1 21003 30381 116078 3467933788 8905179 969766
6 11 20874 30396 6876 3476589278 481015 961030
15 6 21161 30272 1529 3477226310 480631 960602
15 1 21162 30382 7166 3477334842 481038 961053
15 1 21163 30383 6442 3477376876 481118 960995
11 2 20513 30857 384620 3426699974 51481923 991249
13 3 20887 30315 5944109 2536694400 941625331 1436008
14 6 20362 30268 429308 3420361716 58674755 994824
15 5 21160 31099 50115 3475749910 3500319 964489
8 7 20767 30543 393185 3427221876 52880942 991934
7 14 20313 30622 185447 3460525634 19693281 975315
13 7 20988 30533 747084 3370637474 109661899 1020246
2 13 21065 30470 2782048 3046253532 435406858 1183043
2 15 21128 31145 619 3481380638 480325 960529
7 13 20267 30478 1997101 3172800732 309895624 1120248
13 4 21000 30253 244651 3453985624 29076497 980052
7 10 20290 30462 826396 3361679052 122172380 1026591
13 1 20996 30373 403331 3429358222 54523268 992746
3 13 20821 30507 457837 3421194510 63124739 997106
0 8 20920 30797 227680 3459116910 26290162 978694
2 13 21129 30516 12818 3484194852 1510528 961505
5 9 20451 30451 423365 3429279086 57712067 994349
1 10 20933 30473 65303 3483248546 4342415 965704
10 7 20956 30549 107957 3480595706 7099059 969116
14 3 20365 30419 297307 3450746206 37522311 984264
4 9 20722 30447 471092 3422747050 65572821 998167
10 5 20957 31100 93257 3482731222 5648654 967940
4 11 20730 30397 112305 3481190658 8059297 969464
3 14 20831 30627 129371 3478392280 10883694 970829
15 7 20974 30379 8405043 2153903660 1335621525 1632883
14 1 20367 30378 248049 3460418942 29729037 980323
13 3 21004 30420 536 3490414272 480289 960522
3 15 20830 31144 174409 3473889486 17933331 974432
8 3 20751 30401 1278933 3297448694 194613428 1062794
3 15 20759 31044 3924628 2873976938 618224179 1274450
2 8 21109 30781 1012847 3343485310 152015460 1041507
0 13 20925 30517 44416 3492772784 2954937 964033
11 7 20515 30544 449264 3435080922 61886881 996421
8 2 20770 30864 6519 3496701332 481066 961001
10 0 20833 30401 6001490 2547174856 950764804 1440599
12 2 21164 30863 40183 3495270892 2816482 963694
10 6 20953 30269 504134 3427936624 70681307 1000810
9 7 20844 30547 241562 3472569320 28670268 979804
7 10 20320 30477 10631 3500265304 1440905 961330
8 3 20665 30333 4830880 2740266160 763284128 1346950
1 9 20934 30460 753 3503527548 480390 960540
12 2 21165 30865 39060 3501804896 2777039 963604
14 4 20371 30259 19769 3503139604 1752353 962061
12 5 21166 31101 640 3504855852 480337 960531
9 1 20846 30386 15860 3504107400 1613993 961748
7 14 20322 30629 4813 3505940366 480942 960865
1 8 20930 30796 450452 3444587516 62037080 996516
0 14 20927 30630 428 3506416360 480234 960514
9 4 20848 30262 902 3506577690 480521 960552
0 15 20926 31148 23903 3505663758 1890951 962392
7 11 20321 30399 31371 3505081630 2505096 962989
11 0 20522 30532 180663 3489242666 18894258 974933
14 6 20372 30274 31265 3505748418 2505059 962981
8 4 20772 30260 80393 3503390862 4876033 966911
2 15 21132 31147 92163 3503071022 5629152 967853
6 8 20862 30784 996784 3359297896 149658186 1040222
0 10 20928 30478 15541 3507835606 1613952 961723
0 10 20832 30390 4302962 2831540402 678767871 1304716
7 15 20323 31149 3327 3510073202 480711 960746
0 8 20930 30800 47682 3511160278 3381782 964294
0 11 20929 30400 52879 3511025182 3569695 964710
2 10 21131 30476 163676 3499282788 15915482 973574
7 13 20324 30520 3045 3514994096 480819 960723
5 8 20466 30802 16184 3515087286 1648271 961774
12 4 21169 30263 18472 3516969026 1717649 961957
1 9 20936 30463 9723 3518979684 481423 961257
10 2 20840 30748 5621461 2630466810 889914431 1410196
3 12 20793 30158 2029642 3205750932 314842000 1122851
1 13 20937 30523 2274 3520244012 480622 960661
3 13 20838 30522 71735 3518276684 4550197 966218
11 0 20519 30527 501634 3452866706 70204055 1000610
9 5 20754 30994 5044509 2725674174 797575071 1364040
1 13 20935 30521 106664 3516573004 7052962 969013
12 0 21171 30538 83225 3518850742 5302665 967138
3 8 20836 30803 114644 3516184852 8790893 969651
2 13 21126 30514 405252 3470178092 54833914 992900
9 2 20831 30853 831634 3402381550 123040140 1027010
8 0 20773 30537 123407 3515963136 9889328 970352
15 7 21165 30551 72182 3521335730 4599307 966254
5 13 20379 30444 4111015 2878024048 648181392 1289361
0 14 20932 30633 392 3525875782 480217 960511
13 5 21007 31104 59819 3524235784 3797056 965265
8 2 20771 30866 227122 3502677602 26290303 978649
13 4 20956 30214 2422675 3151056366 377932171 1154294
7 8 20326 30804 77375 3524322080 4757436 966670
3 10 20840 30482 35683 3529338362 2643703 963334
6 14 20879 30634 4678 3532153236 480829 960854
0 10 20897 30455 1337785 3329093508 204010666 1067502
4 8 20733 30806 32192 3533563638 2539755 963055
9 0 20852 30539 104102 3529345410 6961185 968808
0 11 20934 30404 8504 3536749134 481150 961160
3 14 20837 30632 182451 3518197462 19163208 975076
13 2 21009 30868 14081 3536630076 1579082 961606
4 15 20734 31152 1641 3539156504 480593 960611
8 7 20774 30555 60710 3536145470 3846795 965336
3 14 20842 30635 3695 3540815844 480825 960775
15 7 21170 30556 1491 3541573148 480554 960599
4 10 20735 30484 728 3542355162 480438 960538
12 1 21168 30388 241703 3514722366 28480920 979816
5 11 20465 30401 251169 3513240204 30098082 980573
3 10 20841 30483 49270 3540102028 3450770 964421
7 11 20327 30406 5595 3543120810 480902 960927
1 8 20939 30807 76301 3539070502 4737550 966584
11 1 20526 30391 471 3543792674 480253 960517
12 7 21150 30532 1203030 3361845636 182591175 1056722
12 5 21049 30962 6287035 2547796520 996715218 1463442
11 6 20467 30228 2631641 3133432382 411230279 1171011
5 10 20383 30395 4141349 2892080246 652990959 1291787
10 0 20959 30535 299993 3507434238 37775440 984479
5 12 20470 30203 50673 3543222520 3500485 964533
11 7 20527 30558 16336 3545088684 1648566 961786
9 4 20854 30266 92581 3541571674 5629510 967886
5 15 20469 31153 99837 3542498968 5856665 968466
7 15 20264 31081 2590685 3144241076 404655505 1167734
3 14 20844 30637 557 3548424194 480296 960524
6 9 20881 30467 1164 3549489242 480528 960573
11 3 20529 30425 34794 3547964328 2609139 963263
9 4 20823 30237 1486397 3322685868 227915171 1079391
11 2 20377 30734 6929959 2451360902 1099340224 1514876
13 7 21011 30557 118223 3541852568 9019959 969937
11 5 20483 31072 2003773 3240743816 310685416 1120781
11 0 20528 30540 54799 3547809174 3638892 964863
3 8 20810 30782 1322596 3350773154 201581132 1066287
15 4 21172 30268 25051 3550410206 1959622 962484
1 9 20940 30466 125084 3542951372 10037356 970486
2 11 21135 30403 212675 3529146424 23966544 977494
7 14 20270 30588 2287394 3197037230 356323591 1143471
0 13 20937 30524 2290 3553765908 480662 960663
15 4 21123 30220 2378515 3183959836 370842395 1150761
3 13 20799 30492 1665522 3298723094 256571580 1093721
15 7 21096 30475 3885154 2943415576 611994440 1271292
7 14 20273 30591 2238174 3207125152 348315398 1139533
0 10 20936 30486 48388 3552141048 3431447 964351
8 1 20776 30392 5304 3555385062 480879 960904
4 13 20736 30525 27756 3553950506 2029162 962700
6 10 20882 30485 86237 3550745326 5421453 967378
9 5 20817 31073 2023183 3242497572 313878403 1122334
5 14 20471 30638 6742 3556592300 480999 961019
9 6 20856 30279 1653 3556935408 480567 960612
0 15 20916 31132 883586 3426385508 131536293 1031166
9 5 20857 31107 3998 3557630086 480765 960799
12 6 21175 30280 6996 3559596062 481125 961039
7 9 20302 30446 973259 3415739204 145785099 1038340
0 15 20913 31130 969581 3416619276 145098017 1038046
1 11 20941 30407 70844 3557203720 4530197 966147
2 9 20995 30337 6726849 2495437062 1066840089 1498627
14 0 20375 30542 26116 3561041862 1994255 962569
7 9 20283 30425 1638818 3310985400 252409768 1091585
3 9 20845 30468 125746 3554104796 10037397 970539
0 8 20939 30808 1276 3565466994 480579 960582
15 1 21173 30393 19197 3564620382 1752149 962015
15 7 21064 30445 4913948 2790014768 776588419 1353595
3 9 20848 30471 44557 3564215930 2955012 964044
11 1 20533 30394 2895 3567372044 480953 960711
4 11 20737 30409 11568 3566878704 1475441 961405
11 4 20531 30269 64411 3564067588 4322658 965632
0 14 20786 30487 7260948 2416510292 1152326216 1541355
2 8 21138 30810 7998 3568801372 481195 961119
12 4 21118 30210 3047321 3092341586 477823987 1204265
0 12 20883 30163 2145647 3236868492 333409142 1132131
5 11 20400 30339 3544705 3015007978 557415520 1244056
10 6 20963 30282 4954 3574421236 480931 960876
2 12 21137 30206 105550 3567975852 7007346 968924
0 11 20938 30408 152814 3560702294 14668980 972705
13 0 21001 30529 812620 3456420534 120008043 1025489
2 8 21054 30721 3908087 2961029054 615889021 1273126
2 15 21139 31155 53700 3574640580 3589904 964776
1 8 20944 30811 6177 3577935128 481039 960974
10 0 20964 30544 1929 3578143280 480589 960634
1 11 20830 30288 5556390 2699294978 879523969 1404991
15 3 21169 30423 340720 3534478352 44428135 987737
11 0 20530 30541 228650 3552512770 26579127 978772
7 15 20328 31156 40247 3576571630 2816495 963699
6 13 20884 30526 54130 3576522346 3638949 964810
8 7 20781 30561 2503 3580128196 480640 960680
6 12 20880 30204 282741 3545828794 35084931 983099
8 3 20780 30429 58861 3579627234 3777342 965188
1 9 20945 30472 19803 3581819368 1752490 962064
14 6 20377 30283 32629 3581477098 2540182 963090
4 14 20725 30617 1022238 3431046414 153783446 1042259
7 12 20307 30193 1030766 3432007262 154898155 1042941
2 9 21061 30397 3561183 3027287936 560101557 1245374
8 2 20779 30874 136103 3575773778 11901108 971368
3 15 20851 31158 8200 3587430894 481198 961136
0 12 20942 30207 24721 3586322200 1925455 962457
6 15 20886 31157 38145 3587318680 2747525 963531
8 6 20786 30284 3476 3589602816 480723 960758
10 0 20965 30546 26092 3588138202 1994243 962567
7 13 20329 30528 96299 3584488824 5767402 968183
9 6 20861 30285 1559 3590051618 480560 960604
13 0 21014 30548 357 3593965036 480198 960508
11 0 20536 30547 18456 3592743364 1717745 961956
14 2 20379 30877 7377 3594044982 481284 961070
9 6 20863 30287 8216 3594301146 481324 961137
9 5 20858 31109 243725 3566640236 28923462 979978
10 0 20967 30549 8352 3595666078 481430 961148
5 10 20474 30489 29279 3593808242 2435857 962822
11 5 20538 31113 3686 3596110808 480740 960774
14 0 20370 30534 677612 3498223952 98382651 1014688
8 7 20783 30562 141705 3583840004 12805524 971816
6 13 20765 30418 5701133 2694127464 902754789 1416570
2 12 21143 30208 4166 3596548976 480803 960813
0 15 20945 31161 4663 3596954872 480982 960853
8 0 20718 30480 3106076 3110597410 487478406 1208966
7 8 20330 30816 27186 3596445016 2028893 962654
0 15 20881 31091 2482743 3211555828 387372034 1159099
0 8 20946 30817 13873 3597493646 1544794 961589
10 1 20968 30396 3473 3598564040 480779 960757
11 7 20540 30566 1478 3598784928 480553 960598
3 14 20847 30639 283419 3564158910 35207893 983153
12 6 21110 30212 3589568 3036394286 564600867 1247645
3 10 20853 30490 88515 3595870596 5490941 967561
5 12 20475 30209 11012 3599942408 1475177 961360
15 4 21174 30272 141221 3589265930 12804764 971777
13 1 21008 30390 509676 3532436576 71494208 1001254
3 9 20828 30455 974775 3458305200 145943794 1038462
14 3 20380 30432 13321 3603949066 1544643 961545
12 3 21180 30433 1905 3606036824 480587 960632
1 11 20946 30412 209367 3583330946 23408627 977229
12 2 21167 30867 668950 3509851912 97155195 1013996
14 3 20232 30292 7854906 2359694962 1247609099 1588872
0 15 20948 31163 3063 3608068652 480690 960725
6 14 20887 30642 174192 3591164718 17933675 974415
8 3 20785 30430 194097 3589251264 21239047 976007
12 5 21101 31032 4133847 2958906592 651710087 1291187
7 13 20333 30530 103621 3603795024 6915634 968769
9 6 20865 30290 1082 3610318406 480521 960566
3 14 20854 30644 4664 3610479222 480828 960853
14 3 20381 30434 12218 3609510358 1509875 961457
7 13 20334 30532 1039 3610916294 480518 960563
11 1 20541 30397 111629 3603448208 8002444 969410
6 13 20885 30527 255993 3580851238 30843531 980959
11 6 20542 30289 14383 3610278690 1579156 961630
1 14 20948 30645 18608 3610604024 1717829 961968
9 1 20866 30398 6002 3612371982 481025 960960
9 5 20813 31067 2670697 3196706500 417467548 1174135
10 4 20970 30273 8347 3614589730 481223 961147
11 2 20543 30878 16491 3614122256 1648480 961799
5 14 20477 30646 35118 3613930352 2643569 963289
3 14 20833 30628 810779 3497744426 119612232 1025342
1 15 20949 31165 17195 3615892636 1682873 961855
7 11 20338 30414 547 3618464584 480294 960523
7 14 20325 30631 709343 3517116868 103673495 1017227
5 8 20478 30818 15 3620834760 480037 960481
9 0 20867 30551 39024 3619625358 2777084 963601
0 11 20922 30395 1011638 3471238118 151857289 1041411
1 13 20950 30534 7784 3622617648 481178 961102
13 7 21015 30567 113078 3615863422 8116846 969526
12 2 21075 30772 5280215 2788865574 835335214 1382897
5 13 20440 30501 1655985 3370107616 254968589 1092958
15 0 21042 30409 6386079 2612966182 1012393281 1471366
11 1 20539 30395 241083 3597543584 28480873 979766
5 12 20479 30214 11599 3624846170 1475458 961407
3 12 20826 30197 1224970 3442601950 185953942 1058477
14 7 20384 30568 61276 3625330902 3866147 965382
1 15 20947 31162 259662 3597994242 31458310 981252
12 2 21182 30879 32580 3627620434 2539891 963086
9 6 20864 30288 216687 3605721182 24659470 977814
5 11 20472 30410 443470 3570311410 60820781 995957
9 4 20869 30275 12654 3629775972 1510129 961492
2 12 21145 30215 3845 3631597640 480752 960787
11 6 20459 30218 3497037 3082394902 549854405 1240242
6 15 20732 30980 7658242 2416275690 1215985326 1573139
8 4 20790 30276 2541 3632026842 480643 960683
8 5 20713 31051 3574029 3070326720 562210529 1246402
6 8 20890 30820 13436 3631011952 1544683 961554
15 7 21177 30569 27090 3631950896 2028892 962647
10 2 20972 30880 4914 3634080496 480843 960873
9 1 20849 30387 843377 3510190524 125027986 1027950
4 15 20744 31167 6553 3634931246 481159 961004
3 10 20860 30499 67323 3631242640 4412313 965865
3 9 20861 30475 887 3635446474 480457 960550
7 13 20311 30512 1182256 3456721544 179243967 1055060
10 4 20916 30215 3091951 3151583654 484871168 1207836
7 12 20341 30216 26516 3634729060 1994447 962601
14 3 20382 30435 227377 3610778166 26290377 978670
4 9 20743 30474 60173 3633256164 3846156 965293
11 7 20534 30560 465527 3573103160 64440636 997722
6 15 20889 31166 104406 3630820518 6961799 968832
6 13 20891 30535 2484 3637314278 480639 960678
13 7 21013 30559 581333 3554626068 83181627 1006986
8 4 20789 30274 137211 3625923784 11947028 971456
2 12 21117 30186 1493664 3409099288 229204925 1079973
4 10 20745 30501 175 3638880352 480114 960494
0 10 20951 30502 490 3640221768 480265 960519
12 3 21179 30431 345772 3596359084 45197639 988141
4 8 20732 30805 789786 3525529878 116313342 1023662
5 11 20480 30418 37136 3639617130 2712880 963450
5 14 20481 30648 20240 3640624698 1786703 962099
9 1 20870 30402 39818 3640631658 2777396 963665
8 5 20793 31119 86908 3638232272 5422006 967432
3 15 20864 31168 30451 3641323060 2470887 962916
10 7 20974 30572 962 3643314426 480493 960556
3 13 20863 30536 94798 3638107832 5698394 968063
13 7 21019 30573 3550 3643672204 480886 960764
1 9 20811 30345 6831757 2560538016 1083664875 1507020
8 4 20795 30278 684 3643754634 480401 960534
0 15 20943 31159 408225 3589055106 55316500 993138
8 3 20796 30437 2572 3643895466 480651 960685
10 5 20969 31114 315681 3604187592 40500548 985734
6 13 20893 30537 225 3644345834 480138 960498
3 11 20865 30419 28294 3643923116 2401294 962743
3 10 20862 30500 122955 3636619892 9843909 970316
14 0 20385 30552 44770 3644840848 2955350 964061
15 2 21178 30881 56251 3644369748 3708209 964980
7 10 20336 30497 252782 3617804836 30512979 980702
10 1 20975 30404 15548 3646720964 1613927 961723
14 1 20386 30405 1234 3647922136 480534 960578
4 9 20746 30476 18231 3646812150 1717492 961938
9 5 20871 31120 765 3648681254 480397 960541
15 2 21181 30882 5992 3648901956 481180 960959
4 8 20748 30822 2422 3650297298 480639 960673
9 6 20804 30220 3541655 3093807754 557119852 1243812
13 0 21020 30553 11406 3649457942 1475362 961392
2 15 21107 31112 2062514 3330864950 320148793 1125481
7 12 20342 30220 25923 3649375896 1960176 962553
14 3 20387 30438 5611 3650981300 480904 960928
15 2 21182 30883 42972 3650555098 2886002 963917
13 2 21021 30884 339 3653206142 480193 960507
2 8 21149 30823 9650 3653760426 481247 961252
0 13 20954 30542 32593 3651901218 2539881 963087
3 12 20866 30221 2003 3655345720 480600 960640
5 15 20484 31169 8209 3655656042 481302 961136
4 12 20750 30222 3938 3656658936 480760 960795
0 11 20947 30413 420363 3599964550 57233714 994109
8 3 20797 30439 8207 3656820194 481296 961136
13 4 20990 30247 1696684 3395976662 261527336 1096214
12 0 21185 30554 5311 3657577552 481135 960904
8 6 20791 30293 205610 3635416684 22871011 976928
13 1 20900 30275 6465581 2633291540 1025267736 1477726
4 10 20751 30504 48844 3656752864 3431296 964387
3 14 20850 30640 604303 3573535216 86694413 1008824
0 11 20955 30421 94888 3655032846 5698382 968071
12 7 21187 30576 5772 3660596434 481007 960941
0 10 20780 30339 8120126 2371143152 1290018354 1610090
15 5 21175 31111 491766 3593615622 68503048 999821
4 8 20752 30824 78010 3657710116 4807008 966720
14 1 20388 30406 111043 3655405310 8002237 969363
2 10 21150 30505 53412 3660435058 3589506 964752
10 7 20976 30575 116906 3655375794 8905590 969832
0 8 20956 30826 944 3663855306 480481 960555
12 4 21188 30280 25334 3663177558 1959761 962506
5 8 20485 30825 58387 3661863820 3777301 965150
8 6 20798 30294 124101 3657421280 9980151 970408
15 7 21179 30574 208479 3644418240 23273780 977158
8 4 20800 30281 14317 3666289504 1579155 961625
2 12 21151 30223 2240 3667654956 480619 960659
15 7 21115 30498 3477664 3122444938 546696835 1238693
5 15 20467 31150 970050 3525136920 145225656 1038084
13 2 21022 30885 120905 3660871552 9752036 970152
11 0 20545 30555 4198 3670600760 480956 960815
12 4 21184 30279 235983 3643762438 27440152 979358
9 7 20872 30578 19790 3669640864 1752599 962063
6 13 20894 30538 223672 3645854714 25753068 978373
12 5 21189 31121 99611 3666060508 5856779 968448
14 2 20389 30886 6240 3671864516 480969 960979
12 0 21149 30512 2083940 3349123286 323485103 1127195
6 15 20898 31172 13693 3675047900 1544705 961575
10 3 20978 30441 1496 3676275806 480609 960599
3 9 20870 30479 619 3676294330 480429 960529
0 12 20918 30192 1603572 3431478624 246638012 1088765
7 10 20319 30475 1206764 3496361908 183077865 1057021
7 15 20248 31073 3980525 3052908256 627205839 1278922
5 9 20488 30480 575 3681193516 480306 960526
0 12 20959 30225 56554 3678831116 3708276 965004
14 3 20393 30444 41626 3679793954 2842185 963810
1 15 20952 31174 27215 3680738240 2028981 962657
7 11 20312 30393 1469067 3459527866 225188806 1078005
13 4 21018 30277 348639 3639167622 45704584 988371
13 7 21023 30579 120688 3675224390 9751479 970135
0 9 20902 30433 2084788 3361342424 323652309 1127263
11 6 20470 30236 3287448 3169536916 516276451 1223475
8 2 20801 30889 60389 3682038930 3846259 965311
9 1 20874 30410 927 3686118656 480474 960554
5 12 20489 30226 28126 3684790516 2401421 962730
5 14 20457 30621 1513469 3455152540 232195922 1081557
8 1 20803 30409 19518 3685881854 1752233 962041
3 11 20871 30423 30492 3685896948 2470621 962919
3 11 20673 30210 9437268 2188142696 1500853633 1715461
11 0 20535 30543 771561 3576294540 113431993 1022204
13 5 20995 31096 1728426 3422992010 266857285 1098754
5 10 20491 30509 5860 3689565326 480924 960948
5 11 20490 30424 53347 3686598204 3589549 964747
15 7 21183 30580 143469 3677970044 12919181 971957
9 4 20841 30255 1477734 3464780886 226466220 1078698
10 7 20966 30563 701369 3589127314 102220157 1016589
14 4 20394 30284 133478 3680206016 11730647 971158
13 5 21025 31122 129756 3681097638 10883867 970860
9 4 20791 30200 4369289 3002546446 689495414 1310023
10 0 20980 30556 149 3691963354 480102 960491
3 10 20872 30510 5373 3692925448 480909 960909
4 10 20754 30506 238166 3666329892 28077146 979533
6 11 20901 30425 5318 3694343670 480965 960905
5 12 20492 30227 55100 3691817094 3658435 964888
3 10 20858 30496 558110 3616585114 79545806 1005128
8 7 20799 30577 254638 3665616258 30689661 980851
11 2 20548 30892 3052 3696229692 480694 960724
9 4 20873 30285 136121 3685120588 11901227 971369
5 15 20487 31173 201514 3675318570 22152697 976601
14 6 20395 30295 8681 3697138626 481259 961174
11 1 20547 30411 55484 3694110306 3659229 964918
4 9 20757 30484 3933 3697748662 480759 960794
14 2 20221 30711 8990924 2269421004 1429309004 1679753
1 12 20916 30181 2063485 3379176078 320287958 1125558
1 15 20938 31151 1070023 3538440294 161471393 1046081
1 12 20923 30184 1946787 3399021410 301487484 1116222
12 0 21043 30389 7665007 2483428940 1217391499 1573680
14 3 20396 30447 5920 3701586074 480928 960953
15 0 21186 30558 22199 3702665828 1856033 962255
6 8 20899 30828 177834 3686200576 18491978 974706
0 10 20776 30334 8533261 2348990628 1356146927 1643140
0 8 20961 30829 7471 3705589568 481327 961077
10 0 20983 30559 12860 3704651116 1510187 961508
6 12 20902 30229 11485 3706137444 1475405 961398
12 1 21109 30322 4328438 3024829248 682919272 1306755
3 9 20839 30464 1243360 3519570288 189076324 1059948
2 11 21147 30420 463022 3645178778 64116094 997521
2 14 21059 30569 4341416 3025282672 684992374 1307793
12 2 21114 30816 4047060 3072469894 637949480 1284244
7 14 20345 30655 102699 3703742282 6870149 968695
12 0 21194 30562 3259 3710544828 480706 960740
11 0 20381 30392 7596192 2505026542 1206129431 1568175
11 7 20550 30583 3976 3710971524 480763 960798
10 0 20984 30560 76199 3707214494 4737730 966575
2 15 21152 31175 202970 3689872502 22414436 976717
7 15 20348 31177 2432 3712070370 480634 960674
7 10 20344 30511 176585 3694570424 18203007 974606
13 2 21029 30895 32603 3710975338 2539965 963088
8 0 20804 30561 73541 3709215326 4619159 966363
6 15 20781 31028 5800558 2795291868 918760340 1424524
3 8 20874 30830 142 3713676426 480097 960491
5 12 20494 30231 24371 3715723452 1925171 962429
12 2 21177 30875 951786 3576801476 142245963 1036622
0 13 20962 30548 97318 3713329760 5787259 968265
5 14 20495 30656 8940 3718819766 481625 961195
0 9 20963 30488 29 3720583718 480318 960482
13 3 21012 30424 1179542 3543310888 178655515 1054843
12 0 21195 30563 134954 3710819558 11787737 971276
12 3 21186 30440 461868 3659207120 63800181 997429
0 12 20964 30232 4218 3722552974 480787 960817
8 5 20805 31126 2614 3723130618 480649 960689
2 9 21148 30477 511951 3651896686 71805583 1001436
15 2 21188 30896 16116 3722409536 1648235 961769
13 4 21027 30287 201722 3701987254 22152125 976617
14 5 20316 31052 4147180 3071101920 654117603 1292254
14 0 20400 30567 19975 3725554336 1752462 962078
0 12 20965 30233 9159 3726897598 481348 961212
4 15 20760 31179 19770 3726374604 1752353 962061
10 4 20962 30270 1035507 3572575218 155602939 1043320
13 1 21030 30415 7088 3728123760 481074 961047
12 5 21047 30957 7523824 2534319192 1194438539 1562385
12 5 21181 31116 811025 3609747150 119735938 1025362
4 13 20761 30549 20655 3727923364 1786984 962132
8 0 20806 30566 78582 3725000672 4807143 966766
5 13 20432 30490 2839920 3286418954 444524145 1187673
15 6 21189 30297 5287 3730698496 480878 960902
12 3 21197 30448 102876 3725036412 6870438 968710
15 6 21191 30298 4583 3731687060 480914 960846
9 7 20879 30586 15438 3731157712 1613934 961715
5 15 20486 31171 509247 3662350754 71481169 1001219
15 5 21187 31124 218954 3710307042 24872977 977996
15 1 21180 30403 623593 3645782786 89732744 1010367
0 11 20842 30320 5267600 2903269988 833261714 1381888
6 12 20868 30182 2263990 3384408682 352317353 1141599
15 2 21192 30897 50266 3733629638 3500198 964501
0 14 20966 30658 27511 3735431708 2029090 962680
4 8 20654 30715 5170561 2919858432 817725897 1374124
1 13 20957 30545 258211 3706389112 31305374 981136
6 10 20875 30471 1680730 3478824244 258966170 1094938
4 13 20723 30509 2006792 3428219888 311158497 1121023
4 13 20741 30533 857344 3614198026 127175865 1029067
1 14 20954 30653 376098 3691333728 50190363 990567
12 2 21200 30900 748 3741705332 480390 960539
0 8 20941 30812 1079725 3579730218 162742678 1046858
6 15 20908 31181 7216 3742109046 481047 961057
6 11 20906 30429 75330 3738332272 4688610 966506
1 9 20959 30490 13647 3742469432 1544686 961571
13 4 21032 30290 10013 3742602208 1440629 961281
9 2 20880 30899 105697 3739969070 7007180 968935
15 6 21117 30232 3769535 3153511452 593617476 1262042
5 9 20463 30461 1548817 3510167046 238003269 1084385
14 1 20404 30417 21375 3747323934 1821396 962190
15 1 21190 30416 175463 3731295644 18222341 974517
3 15 20876 31180 184445 3729960992 19586481 975235
1 13 20960 30551 104824 3742619584 6961316 968865
5 14 20499 30660 46068 3746338442 3361781 964165
13 7 21033 30590 34 3749698614 480049 960482
15 2 21193 30901 116904 3741973560 8905681 969832
14 6 20397 30296 372911 3701740322 49720368 990312
11 1 20553 30418 6847 3752367062 481008 961027
7 9 20350 30491 115773 3744195854 8848619 969741
11 5 20552 31130 47410 3749824700 3381639 964272
13 7 21028 30582 339247 3709028502 44268408 987619
9 1 20868 30401 883350 3622096128 131360945 1031148
11 3 20551 30449 246633 3725046708 29552982 980210
3 12 20879 30237 966 3755668726 480493 960557
5 12 20500 30236 52635 3752607352 3569652 964690
15 3 21185 30445 467814 3691504762 64768640 997905
3 11 20877 30428 222388 3730824948 25619655 978271
5 12 20411 30142 4099243 3112518756 646242051 1288419
12 2 21192 30891 468740 3694724328 65090533 997979
10 2 20990 30902 131627 3750223962 10998501 971010
12 1 21204 30419 8411 3761965212 481313 961152
10 4 20991 30292 129776 3751676826 10884149 970862
2 13 21157 30553 3000 3762508954 480685 960720
10 4 20996 30293 391 3763477432 480217 960511
4 12 20766 30239 37989 3762289028 2713480 963519
7 9 20352 30493 19593 3763697984 1752269 962047
11 1 20544 30400 962376 3621554016 144184236 1037470
8 6 20788 30291 997125 3616820344 149628029 1040250
2 11 21038 30314 5699110 2864302878 902427423 1416408
12 1 21206 30421 6316 3766575170 480965 960985
4 12 20765 30238 108559 3760673414 7830428 969164
2 15 21037 31040 5737429 2860891360 908477432 1419474
0 8 20969 30838 4819 3769326938 480988 960865
12 0 21193 30557 494134 3700560720 69255119 1000010
13 3 21034 30453 61687 3766365072 3866321 965414
2 15 21160 31183 40479 3768774016 2816577 963718
7 9 20297 30441 2352940 3405971238 366553814 1148715
12 5 21203 31133 143029 3760501120 12919191 971922
2 14 21161 30661 4075 3773313226 480776 960806
1 14 20926 30611 2360848 3406117008 367837819 1149347
12 7 21198 30584 345417 3728958096 45208731 988113
10 5 20989 31129 221756 3748878106 25330274 978220
3 15 20875 31178 378907 3723808398 50446389 990792
12 7 21199 30588 300439 3736520298 38029439 984515
15 6 21196 30307 2312 3774574856 480625 960664
12 4 21205 30294 120993 3765411552 9752489 970159
1 14 20963 30662 13587 3773804068 1544657 961566
10 6 20992 30301 216883 3751697028 24812688 977830
0 11 20972 30436 5844 3776500496 481007 960947
0 11 20970 30435 90342 3772887974 5559727 967707
0 11 20968 30434 141564 3765899550 12805211 971805
15 4 21184 30286 609866 3691458316 87491302 1009269
9 1 20877 30414 393011 3726392330 52879753 991920
1 12 20871 30127 4937558 2999016344 780388373 1355484
6 12 20913 30240 83862 3775201286 5303308 967188
15 5 21195 31134 129139 3769664870 10884130 970811
7 8 20339 30819 1058396 3623867978 159379462 1045151
1 14 20958 30657 433031 3724136902 59486516 995122
0 15 20751 30942 10144005 2170969418 1614064647 1772000
11 7 20555 30594 55776 3783413758 3659088 964942
14 1 20341 30351 3136860 3295107548 492091986 1211428
6 12 20903 30230 548246 3709579756 77729993 1004339
14 0 20399 30565 496935 3718485824 69400558 1000234
14 3 20324 30375 3961897 3163709766 624307292 1277431
7 13 20355 30557 9902 3788475952 481357 961272
5 13 20503 30556 194318 3768010144 21084220 976025
4 14 20769 30664 6732 3788656822 481088 961018
14 6 20296 30199 5471986 2923932360 865923730 1398238
6 14 20914 30663 47362 3787572000 3381614 964268
9 3 20882 30452 221834 3765691958 25330232 978226
4 13 20770 30558 442 3791005092 480241 960515
5 11 20505 30437 1302 3791301432 480539 960584
15 5 21198 31135 611 3791365160 480325 960528
14 2 20407 30905 159422 3776669162 15686878 973233
9 1 20883 30422 177861 3774236460 18337741 974708
1 9 20965 30497 27247 3790639982 2028988 962659
4 15 20768 31184 116591 3784560014 8906017 969807
15 6 21197 30308 151590 3779492758 13994234 972607
10 0 20985 30564 577085 3711936212 82383060 1006646
9 3 20884 30456 5962 3796858610 480932 960956
12 5 21208 31136 48513 3795672742 3431095 964361
3 13 20881 30560 31070 3797184406 2505226 962965
6 12 20892 30217 1059066 3640378414 159719305 1045205
12 5 21059 30974 7540286 2602976418 1197173168 1563702
11 2 20558 30906 115244 3791658606 8848500 969699
9 4 20885 30296 7111 3800069658 481045 961048
12 6 21209 30309 48049 3797923644 3430872 964323
2 14 21163 30665 10582 3800322444 1440869 961326
8 3 20807 30450 467407 3739085170 64759836 997872
14 5 20409 31137 28547 3803060422 2401395 962763
5 10 20504 30516 288783 3769498636 36107811 983582
8 1 20815 30425 583 3805218630 480306 960526
3 15 20883 31185 64597 3801381138 4323022 965647
10 0 20931 30499 3547617 3248208728 557949401 1244289
2 10 21155 30512 686828 3707191686 99835604 1015426
4 11 20774 30440 15243 3805803408 1613693 961699
13 4 21037 30297 1683 3807157926 480569 960614
13 3 21038 30457 398 3807366432 480222 960511
5 12 20510 30245 481 3808183440 480313 960518
7 10 20343 30503 1020127 3656412962 153309814 1042090
4 13 20775 30561 31192 3807661976 2505267 962975
0 14 20973 30668 6925 3810578052 481269 961034
11 0 20559 30573 77681 3806501232 4757799 966694
8 3 20812 30454 168056 3794605682 16818932 973924
3 8 20878 30834 480825 3744973886 66851496 998946
13 7 21039 30597 6000 3811872376 480945 960960
1 13 20918 30504 2720196 3387039402 425476336 1178095
1 8 20969 30841 3581 3812232482 480816 960766
9 2 20888 30908 591 3812344236 480313 960527
1 12 20964 30242 248120 3783310510 29729047 980329
5 11 20498 30430 510092 3741875274 71646256 1001287
0 9 20971 30495 318069 3773413898 40911098 985925
0 15 20863 31065 5074405 3012190352 802364586 1366432
8 0 20811 30571 237350 3786844140 27943025 979468
15 1 21122 30339 4032356 3179721352 635521897 1283068
2 8 21164 30842 25068 3813304502 1959836 962485
1 15 20967 31187 145432 3802437488 13033715 972114
1 11 20971 30443 6613 3815566934 481249 961009
0 15 20967 31182 404981 3761502368 54685997 992878
1 14 20966 30666 156467 3801350778 14897901 972997
2 10 21165 30519 31237 3815318846 2505311 962978
5 9 20511 30498 61024 3814639536 3866116 965361
0 15 20974 31190 107249 3811535210 7098381 969059
0 15 20975 31191 5775 3819805012 481002 960942
3 13 20885 30563 608 3820668812 480318 960528
11 3 20562 30458 20081 3819678186 1786624 962086
11 1 20561 30427 94002 3815865158 5698071 968000
8 6 20778 30281 1653525 3567377666 254640899 1092762
6 10 20918 30521 670 3822988392 480349 960533
13 5 21040 31139 1991 3823351138 480596 960639
2 14 21123 30620 2373097 3454564938 370097509 1150327
3 14 20867 30649 1069776 3664969732 161142087 1046062
9 0 20889 30575 5779 3825656844 481074 960942
5 8 20482 30821 1207175 3643530904 183242195 1057054
0 9 20977 30500 10241 3825377562 1440866 961299
6 14 20888 30647 1310081 3627269090 199910502 1065286
12 7 21121 30495 4611956 3099784516 728233804 1329436
10 5 21001 31140 63972 3824151014 3935784 965597
14 1 20408 30423 251200 3798238826 30098694 980576
0 14 20876 30583 4155865 3173679214 655124374 1292949
14 3 20304 30360 5410614 2972826868 856165736 1393329
0 15 20980 31193 1613 3828602706 480611 960609
0 13 20979 30565 51150 3826587316 3520059 964572
5 11 20509 30442 207485 3807716978 23294863 977078
1 9 20927 30448 2609345 3423852506 407701855 1169227
14 2 20411 30911 5019 3831356174 480883 960881
2 15 21125 31142 2328389 3469768048 362728704 1146751
12 6 21054 30161 7989045 2563524258 1269058477 1599603
7 11 20359 30446 3953 3832342514 480777 960796
12 2 21213 30912 5996 3832414418 480946 960959
7 13 20360 30566 545 3832789552 480289 960523
2 12 21170 30248 406 3832870428 480222 960512
14 6 20410 30312 206698 3810986292 23005360 977015
1 13 20972 30564 111188 3826545920 8001838 969375
9 3 20756 30334 6884694 2742152540 1092395854 1511255
2 11 21171 30447 21657 3833219184 1821666 962212
3 8 20887 30844 11342 3834687476 1475333 961387
7 15 20356 31189 239273 3807996328 28211491 979621
12 5 21212 31138 149242 3823174494 13879734 972419
4 13 20747 30539 1251782 3646857844 190283827 1060622
3 15 20888 31195 1955 3836820794 480591 960636
0 14 20982 30673 18456 3835748116 1717811 961956
15 7 21203 30604 473 3837361910 480258 960517
2 12 21167 30246 158675 3822725728 15629683 973174
4 14 20758 30654 920669 3701586028 137286191 1034133
5 9 20513 30501 4351 3838735796 480883 960828
5 12 20462 30200 2175123 3501005530 338215921 1134489
10 4 21005 30298 31001 3837090116 2504934 962960
2 15 21169 31194 119686 3832103554 9077364 970054
6 9 20900 30482 996602 3691746080 149462729 1040208
13 5 21041 31143 11404 3840335396 1475702 961392
5 10 20514 30526 1198 3841342396 480586 960575
1 13 20974 30567 13693 3842438222 1544759 961575
0 11 20981 30445 145497 3831610470 13033884 972119
14 7 20412 30602 125862 3836001186 10038106 970548
5 10 20515 30527 22068 3844576576 1856010 962245
10 3 21007 30460 9014 3848049548 481196 961201
9 5 20862 31110 1659740 3593101668 255510634 1093259
5 11 20501 30431 662341 3752982652 95983482 1013467
4 8 20778 30845 116752 3840417186 8905560 969820
7 14 20294 30607 3002799 3378988582 470565952 1200703
15 5 21204 31145 83742 3844338056 5302957 967179
7 12 20362 30251 99770 3844752036 5856663 968461
0 15 20976 31192 226891 3825196138 26155975 978631
8 7 20819 30599 210467 3827775374 23697571 977317
1 12 20976 30252 15424 3850277818 1613919 961713
1 8 20975 30846 84756 3846805460 5352530 967260
4 14 20772 30667 354240 3805774390 46669604 988819
5 15 20517 31200 2444 3851989392 480635 960675
7 11 20364 30449 8005 3851995414 481115 961120
12 5 21217 31146 686 3852498534 480361 960534
13 4 21042 30302 25888 3852146924 1960141 962551
15 2 21206 30913 20417 3853183872 1786787 962113
3 11 20859 30415 1487541 3626752320 228231249 1079483
1 10 20977 30528 1877 3854812046 480585 960630
12 4 21218 30304 20470 3855184754 1787141 962117
11 4 20557 30295 503158 3786739808 70740577 1000732
12 6 21210 30310 385268 3806424734 51630372 991301
2 11 21140 30411 1801071 3580235698 278476620 1104565
7 12 20365 30253 32261 3856794246 2539917 963060
12 3 21219 30462 4743 3858881888 480841 960859
7 15 20363 31198 123380 3850799046 9888517 970350
2 10 21177 30529 15186 3859417260 1613669 961694
2 14 21176 30675 51711 3857580940 3520218 964616
1 15 20979 31201 327 3861030026 480284 960506
1 10 20978 30530 43759 3860103174 2908187 963980
9 5 20891 31148 21188 3861559614 1821363 962175
10 7 21004 30603 231626 3836423440 26982940 979010
11 4 20565 30306 58009 3859831016 3777078 965120
13 1 21045 30431 3502 3863166168 480725 960760
9 4 20892 30307 3196 3863881204 480700 960735
0 8 20765 30623 9865846 2295063186 1569368694 1749747
12 0 21220 30577 13432 3862907684 1544586 961554
6 12 20919 30255 2784 3865739710 480753 960702
8 0 20823 30579 5367 3867284880 481095 960909
2 15 21178 31202 71486 3863345246 4550367 966198
8 4 20702 30201 5454992 3005603814 863187561 1396879
4 13 20762 30550 902265 3734719392 134403349 1032661
7 8 20366 30847 15468 3867851056 1613960 961717
5 14 20342 30510 8367657 2540169030 1329580929 1629892
14 2 20416 30916 2214 3869363122 480617 960657
10 4 21011 30308 25259 3869024674 1959725 962500
7 10 20361 30522 294911 3833980378 37079150 984072
12 3 21221 30463 61327 3867336388 3866024 965386
3 10 20868 30507 1340013 3666954152 204525990 1067681
13 5 21044 31147 152396 3856928214 14668785 972671
12 1 21163 30385 2473607 3486584020 385910093 1158368
9 7 20890 30605 204060 3850409608 22736576 976804
7 8 20367 30848 18780 3871511596 1717800 961982
11 3 20566 30464 10146 3872270332 1440643 961291
2 11 21179 30451 656 3873778932 480342 960532
15 6 21208 30316 41233 3871797954 2842045 963778
10 5 21013 31151 62233 3871092014 3915384 965458
13 4 21049 30311 15986 3874844112 1614129 961758
13 1 21050 30434 2395 3876020106 480636 960671
5 12 20506 30243 550145 3798821676 78059652 1004491
12 1 21222 30433 45925 3874164216 2974977 964154
2 8 21180 30849 34160 3875106836 2609132 963212
13 2 21051 30917 9224 3877553274 481369 961217
11 6 20569 30317 52972 3874765886 3569877 964717
10 1 21009 30430 190137 3857909530 20547135 975690
5 11 20519 30450 178015 3860664432 18624896 974721
2 15 21175 31196 288692 3843060476 36278141 983575
7 10 20369 30532 39009 3876841712 2777196 963600
13 7 21047 30607 123433 3870679818 9889697 970354
9 1 20793 30321 5438400 3020819682 860633313 1395552
9 7 20850 30553 2304802 3522977374 358866203 1144864
2 9 21106 30426 3590184 3317348016 564771903 1247694
7 14 20370 30679 6943 3881846578 481029 961035
11 0 20556 30570 674332 3784377260 98068033 1014426
14 1 20420 30435 1586 3882485128 480562 960606
3 8 20891 30850 282 3883226468 480162 960502
0 10 20988 30534 4772 3883443108 480917 960861
5 15 20520 31205 1570 3883675718 480560 960605
0 15 20984 31199 271948 3850847104 33380354 982235
8 0 20825 30580 152404 3871403366 14668948 972672
9 5 20893 31154 24623 3884730396 1925490 962449
6 9 20923 30504 50947 3883293612 3500745 964555
3 11 20893 30452 25238 3885372782 1959713 962499
5 11 20522 30454 498 3887697902 480270 960519
7 11 20372 30453 39260 3886722678 2776996 963620
11 4 20571 30312 19 3889174904 480037 960481
14 4 20369 30257 2660602 3474146292 415876889 1173328
2 8 21182 30852 6949 3889677968 481021 961035
11 6 20570 30320 38184 3888702212 2747798 963534
15 3 21210 30466 407 3891128400 480222 960512
12 6 21223 30321 9907 3891684730 481437 961272
1 9 20848 30379 6660280 2836011648 1056309922 1493302
6 10 20920 30531 174407 3874439732 17934390 974432
14 5 20417 31153 154907 3877991842 14761003 972872
9 4 20894 30313 40870 3889966976 2816745 963749
3 12 20895 30257 9982 3893794934 481794 961278
8 7 20824 30606 224833 3869843698 25887985 978466
6 12 20922 30256 148857 3881970022 13822933 972388
9 1 20896 30438 35439 3894585114 2643531 963315
7 8 20375 30854 58216 3893770590 3777057 965137
8 0 20827 30582 19521 3896743266 1752434 962041
2 8 21084 30754 4747972 3150071798 749904098 1340317
10 0 21017 30583 22177 3898767764 1855876 962254
4 13 20780 30571 7777 3900342772 481257 961102
1 9 20982 30506 6791 3900525392 481008 961023
11 4 20564 30305 337859 3857313674 43941155 987508
7 9 20376 30505 87614 3896866426 5441341 967489
10 2 21018 30919 11044 3901487976 1475189 961363
7 15 20378 31206 7519 3902795534 481071 961081
10 4 21016 30315 113284 3895786404 8116140 969542
7 11 20379 30459 1004 3903823928 480515 960560
8 0 20830 30586 782 3905237470 480402 960542
15 2 21199 30907 770351 3793868952 113281752 1022108
15 4 21211 30317 32843 3905130726 2540054 963107
8 4 20829 30316 56518 3904917826 3708114 965001
2 10 21172 30523 522234 3835009688 73710326 1002258
13 3 21055 30468 7727 3908286070 481156 961098
15 5 21176 31115 1964861 3605704004 304638776 1117668
14 1 20424 30439 53235 3907630318 3589639 964738
13 6 21054 30323 49117 3908203230 3450748 964409
10 5 21010 31150 337959 3868269164 43941452 987516
0 15 20989 31207 66875 3907875540 4391958 965830
14 1 20390 30407 1529357 3677513276 234975702 1082828
8 4 20832 30319 17498 3911439862 1683022 961879
5 9 20528 30507 3202 3912844864 480719 960736
14 0 20322 30487 4807588 3155759046 759834583 1345087
5 15 20530 31210 12313 3914286854 1509923 961465
2 14 21184 30686 364 3915908822 480205 960509
6 9 20834 30411 4854331 3149522174 767141561 1348826
7 13 20382 30573 3823 3917238298 480751 960785
6 12 20872 30196 3072462 3438023644 481849448 1206276
1 8 20981 30855 215793 3896481128 24369408 977743
0 11 20992 30462 31582 3919684914 2505205 963006
5 9 20532 30509 3145 3921859412 480696 960731
1 12 20987 30261 756 3922185626 480390 960540
6 14 20926 30683 142611 3909995052 12862256 971888
15 0 21214 30589 372 3922385076 480210 960509
5 12 20461 30199 2707527 3499474930 423402817 1177082
6 10 20927 30535 14372 3921730004 1579331 961629
2 15 21187 31214 7795 3923010456 481088 961103
11 5 20573 31158 127988 3912817258 10770014 970719
5 12 20531 30260 26039 3921702454 1994376 962563
7 15 20258 31076 5161033 3107322106 816424954 1373362
5 12 20518 30254 481324 3857130376 67220222 998985
9 3 20897 30470 202 3925145244 480126 960496
3 14 20897 30688 61274 3921965108 3866015 965381
0 9 20911 30445 3278835 3412536246 514808788 1222786
3 9 20846 30469 2357119 3560025174 367363353 1149049
3 9 20899 30510 47490 3924081262 3382012 964279
5 14 20516 30674 559557 3848393212 79487678 1005244
15 0 21215 30590 46646 3925485096 3361951 964211
8 3 20792 30436 1903550 3635802934 294887956 1112764
4 13 20776 30562 838991 3807714742 124364857 1027599
7 15 20381 31209 177639 3914149406 18337261 974691
9 3 20898 30471 10421 3931592152 1441023 961313
1 9 20988 30511 1414 3933144476 480548 960593
2 15 21190 31215 2085 3934296326 480759 960646
12 7 21225 30610 150393 3920934038 13937831 972511
4 11 20782 30463 3255 3935698588 480729 960740
12 7 21190 30581 1680440 3678576536 258964646 1094915
11 5 20578 31159 24166 3935783728 1925075 962413
4 8 20763 30833 1283419 3742459978 195422930 1063153
2 14 21189 30690 73540 3933277598 4619447 966363
13 6 21053 30322 293932 3902698244 36916397 983994
10 2 21023 30923 4611 3940046422 481043 960848
12 5 21224 31155 347589 3895747280 45454119 988287
10 0 21014 30581 463722 3877987498 64122399 997577
5 12 20535 30264 851 3942054068 480548 960548
15 1 21216 30443 15323 3941273024 1613799 961705
5 12 20527 30258 277513 3908446398 34511540 982681
7 13 20385 30575 16878 3941872370 1648659 961830
11 2 20580 30924 39701 3941737040 2777235 963656
0 9 20960 30485 1603047 3698130600 246646793 1088723
10 6 21024 30327 2035 3944873684 480603 960642
3 8 20659 30597 11950833 2042942676 1903177474 1916546
8 2 20836 30925 23940 3945219420 1890856 962395
14 7 20402 30587 1409548 3731437806 215750201 1073243
15 4 21217 30324 75073 3942641898 4688292 966485
14 4 20429 30325 22253 3945820298 1856087 962260
5 15 20534 31216 122165 3937866298 9843190 970253
15 3 21218 30473 935 3948499174 480481 960554
2 8 21188 30859 203099 3926626720 22521866 976727
11 7 20581 30614 92909 3943976248 5629453 967912
15 2 21219 30926 7925 3950209780 481260 961114
11 7 20582 30615 9253 3951318436 481400 961220
14 5 20348 31087 3892929 3339343320 613119649 1271914
13 7 21059 30616 4453 3953129440 480811 960836
1 13 20991 30577 819 3953996446 480486 960545
11 4 20575 30322 226517 3928453974 26156158 978601
7 11 20386 30465 15865 3953294344 1614124 961749
0 15 20997 31218 42009 3952096776 2885609 963840
5 9 20536 30512 81865 3950921626 4896078 967029
3 10 20903 30539 7146 3955350266 481148 961051
12 0 21147 30510 4036894 3320387790 636187900 1283431
6 13 20928 30574 268836 3923869114 32919970 981986
2 14 21191 30692 26321 3955083326 1994351 962585
6 11 20931 30466 4087 3957014320 480830 960806
4 8 20785 30863 55036 3953899964 3658274 964882
8 5 20821 31142 848566 3832380764 125756208 1028365
5 10 20533 30537 244111 3929112702 29075816 980008
5 11 20512 30448 818200 3837279338 120961801 1025936
9 6 20899 30325 184523 3938696452 19740551 975241
6 9 20896 30478 1900801 3664658600 294188804 1112544
10 7 21027 30617 107 3958791596 480078 960488
15 7 21220 30618 621 3961053640 480325 960529
11 2 20546 30887 1863117 3673474546 288278029 1109529
6 8 20925 30857 479829 3898356988 66682149 998866
10 2 21021 30920 369373 3916206048 49079964 990029
3 11 20904 30467 4048 3966331712 480784 960803
13 6 21060 30328 11310 3965939304 1475321 961384
6 8 20932 30865 56970 3963886236 3708267 965037
0 8 20998 30866 153 3967802750 480102 960492
15 4 21221 30328 77618 3963722908 4757575 966689
9 3 20900 30474 17116 3967886720 1682837 961849
1 9 20990 30513 169236 3953267132 16864574 974018
0 12 20996 30266 188154 3950068476 20124472 975532
14 4 20428 30323 252257 3940299044 30343962 980660
12 4 21127 30212 5284087 3135646404 835976110 1383206
13 7 21061 30620 27400 3970869992 2028994 962672
1 12 20992 30267 447 3972918184 480246 960515
8 2 20834 30922 335398 3929934230 43624399 987311
7 8 20349 30831 1641430 3721553190 252707359 1091794
14 4 20239 30127 9712053 2429877122 1544931819 1737444
1 13 20956 30544 1745865 3705282006 269546922 1100149
2 9 21193 30514 125517 3965926380 10037950 970521
8 5 20839 31162 105064 3969153934 7007512 968885
11 4 20584 30330 89118 3971649824 5510416 967609
9 7 20902 30621 34621 3974729442 2609022 963249
13 0 21062 30593 7844 3977355910 481182 961107
12 6 21229 30330 50503 3977038148 3500473 964520
9 6 20886 30311 1151925 3806681150 174285079 1052634
2 10 21196 30540 46864 3977959384 3362223 964229
13 3 21063 30477 553 3981643498 480294 960524
8 7 20808 30589 1577216 3739843144 242454176 1086657
10 2 20982 30894 1813675 3702135350 280267534 1105574
15 3 21223 30476 25848 3980687686 1960087 962547
12 6 21228 30329 96956 3977004352 5767808 968236
10 4 21019 30318 521131 3910182174 73375662 1002170
15 3 21222 30475 115616 3975134544 8848968 969729
10 1 20877 30298 7315133 2822777494 1161318600 1545690
10 4 21029 30329 149805 3971253544 13880727 972464
15 1 21224 30446 749 3984761200 480390 960539
12 3 21231 30479 8558 3984998768 481334 961164
12 7 21230 30622 24633 3983620738 1925394 962450
13 6 21056 30324 456694 3922678254 62999348 997015
9 4 20904 30332 372 3987057990 480210 960509
10 7 20853 30435 8170757 2689688482 1297967629 1614140
5 9 20537 30516 46101 3984583710 3361692 964168
9 3 20903 30478 59087 3984369624 3796760 965206
4 9 20787 30518 5571 3987990982 480900 960925
5 10 20539 30542 11165 3987060470 1475330 961373
11 1 20586 30448 1502 3990192492 480585 960600
13 5 21031 31128 1627766 3742058674 250384791 1090701
11 6 20554 30303 1549851 3754558596 237992208 1084468
2 11 21195 30468 208469 3969543978 23274293 977157
1 14 20993 30693 78567 3988036752 4807141 966765
11 0 20587 30596 56529 3990288716 3708128 965002
14 2 20436 30929 11871 3993906040 1475585 961429
3 14 20908 30695 80819 3991520366 4876460 966945
1 12 20994 30269 40187 3994138736 2816470 963694
7 14 20358 30671 1128754 3828744478 170589105 1050780
2 11 21156 30427 1771628 3726128056 273450857 1102210
3 12 20906 30268 182725 3982544620 19163738 975098
5 9 20538 30517 159915 3987014200 15687210 973273
15 1 21205 30429 1051156 3845325300 158166734 1044572
8 4 20782 30271 2706553 3581196886 423243116 1177004
2 13 21183 30572 690833 3908429456 100461425 1015746
14 6 20433 30331 263194 3977248946 32112772 981535
8 2 20816 30909 1291713 3816631496 196591595 1063817
14 4 20398 30288 1974988 3707461924 306036210 1118479
10 2 20960 30869 3037038 3539177358 476233184 1203443
1 13 20980 30568 961227 3871944642 144024205 1037378
7 11 20357 30444 1235476 3828676588 187723974 1059318
5 8 20521 30851 893412 3887153222 132966848 1031952
0 10 20987 30533 940836 3882396934 140496667 1035746
15 7 21209 30608 969294 3878826034 145117191 1038023
11 5 20507 31091 4110316 3377420532 648036012 1289305
14 5 20435 31164 341976 3981785784 44589239 987838
4 9 20759 30487 2009495 3715868264 311782846 1121239
2 10 21173 30524 1252824 3840451846 190442945 1060705
14 6 20419 30319 1001352 3880613984 150398503 1040588
9 7 20881 30591 1736391 3762915956 268107804 1099391
6 15 20930 31217 608512 3946511494 87335135 1009160
5 9 20496 30489 1962920 3731157052 304056735 1117513
2 11 21134 30402 3249417 3525369400 510405349 1220433
14 1 20368 30380 3632815 3464874724 571502478 1251105
12 0 21227 30591 501955 3968065662 70215309 1000636
7 14 20316 30626 3564738 3477977644 560613740 1245659
0 11 20999 30470 423492 3980923992 57715501 994359
0 11 20990 30460 873520 3910797762 129739970 1030361
13 7 20978 30527 4593076 3315240736 725356842 1327926
4 8 20756 30827 2347844 3678583136 365824443 1148307
8 1 20840 30447 445750 3984947026 61249065 996140
8 2 20695 30809 6787615 2970566116 1076624950 1503489
6 14 20921 30678 1127063 3879190322 170435470 1050645
7 12 20301 30188 4059871 3414401530 639753714 1285269
0 10 20756 30318 11580573 2210466002 1843971197 1886925
13 0 20968 30504 5050770 3261343420 798677566 1364541
3 15 20896 31211 970549 3915336534 145226831 1038123
14 0 20268 30422 8569972 2705955868 1361876904 1646077
1 14 20983 30682 1057305 3908991426 159225025 1045064
14 3 20427 30472 891966 3938749780 132561985 1031837
3 8 20902 30862 818954 3951566024 120960550 1025996
10 2 20998 30904 1978307 3772542716 306614259 1118744
8 0 20822 30578 1405020 3864724538 214943861 1072881
8 5 20721 31059 5975316 3134984552 946632826 1438505
7 11 20205 30293 8367272 2752125388 1329620678 1629861
13 0 20903 30411 9165717 2637303136 1457365826 1693737
13 3 21026 30446 2523164 3701482910 393845012 1162333
10 5 21028 31161 909506 3965690974 135531345 1033240
2 8 21192 30864 934996 3963830484 139527686 1035279
7 8 20374 30853 1410685 3890039374 215759466 1073334
3 15 20754 31039 7879418 2855940834 1251432830 1590833
4 9 20781 30508 1286328 3912870992 195885254 1063386
13 1 21057 30441 1211073 3925513008 183788622 1057365
2 12 21174 30249 1755945 3842064614 271053190 1100955
11 0 20524 30536 3857584 3507878550 607521156 1269086
4 10 20739 30491 3324400 3598527170 522177682 1226432
12 0 21137 30498 5630760 3230868580 891613734 1410940
14 6 20403 30299 2435851 3744191630 379854853 1155348
2 12 21136 30205 3648973 3556523960 574052844 1252397
10 1 20995 30420 2387551 3762883632 372167557 1151484
2 15 20957 30952 11942266 2235382324 1902113349 1915861
14 3 20325 30377 6077472 3179872192 962957863 1446677
0 12 20953 30219 3149682 3649165536 494168405 1212454
3 10 20889 30525 1970545 3840933474 305393531 1118123
12 2 21191 30888 2969650 3681399826 465500423 1198052
9 5 20875 31123 2813561 3709563772 440377607 1185564
4 14 20755 30651 3046184 3672309548 477680774 1204174
4 8 20617 30673 9501795 2642140056 1511131588 1720623
13 7 21058 30612 1436256 3934300736 219905726 1075380
10 7 21003 30601 2102743 3834063384 326545764 1128699
9 1 20668 30203 13562198 2011873678 2161240698 2045455
11 7 20579 30613 1569541 3936279964 241200368 1086043
12 3 21176 30426 3888905 3565361832 612495128 1271592
3 9 20884 30499 2317932 3818406274 360959404 1145914
1 11 20985 30461 1752195 3915416612 270493139 1100655
6 9 20883 30470 3982382 3563280790 627535725 1279070
7 10 20240 30414 7449345 3009673938 1182578356 1556427
7 12 20335 30211 3673859 3614626180 578042403 1254388
1 14 20924 30610 5020445 3400925978 793914991 1362115
6 14 20863 30605 5274452 3360814884 834351728 1382436
6 8 20824 30733 7279870 3045783874 1155400597 1542869
1 14 20943 30641 3984519 3573938992 627861152 1279241
8 6 20753 30254 5523945 3329939626 874273874 1402395
9 7 20878 30585 3042680 3729446682 477053023 1203894
7 13 20373 30570 2056868 3889078188 319168404 1125029
5 8 20433 30774 5827172 3296092454 922921578 1426653
3 15 20857 31164 3861435 3613420856 608165681 1269394
10 4 20781 30088 13754507 2033970758 2191986742 2060840
4 15 20713 31116 5514515 3355978202 872755079 1401641
1 13 20797 30378 11150789 2454476772 1775107202 1852543
5 8 20401 30731 7643067 3017050080 1213571788 1571925
2 11 21086 30359 6780572 3158607310 1075501213 1502925
0 8 20995 30861 1864297 3946617568 288647252 1109623
3 13 20835 30519 4594192 3510061994 725527257 1328015
6 11 20775 30297 9235877 2770683010 1468549853 1699350
6 11 20933 30469 1721382 3977476590 265507554 1098190
8 5 20615 30929 11977247 2340738684 1907542912 1918659
0 14 20957 30652 3639475 3675717758 572631840 1251638
13 7 20848 30382 12915159 2192100188 2057743468 1993692
12 1 21196 30412 3470244 3712179258 545568650 1238099
3 8 20775 30739 7601948 3061963338 1207129877 1568635
0 12 20914 30189 5409778 3416841234 856023644 1393262
3 10 20898 30536 2273072 3923992384 354079968 1142325
13 7 21035 30593 3276516 3768849508 514504886 1222601
5 12 20361 30077 10149992 2669316082 1614881823 1772479
6 9 20865 30435 5797931 3367854848 918140126 1424314
7 15 20383 31213 2355315 3919559034 367057319 1148905
11 4 20512 30249 5513766 3420919110 872798317 1401581
11 4 20549 30289 3734343 3709511990 587841281 1259227
5 10 20410 30426 7556474 3098355782 1199759812 1564997
2 11 21110 30381 6021578 3345928340 953992825 1442206
15 5 20991 30921 12570437 2299266248 2002430154 1966114
3 12 20669 30023 13500293 2150766508 2151343317 2040503
1 8 20961 30835 3529092 3747307076 554981821 1242807
6 8 20917 30840 3146933 3809327092 493640174 1212234
7 13 20347 30546 3870712 3706651786 609769420 1270136
6 13 20915 30559 3469383 3793221550 545404144 1238030
6 11 20895 30422 4350856 3655752560 686638669 1308548
11 0 20572 30584 2820968 3901423034 441512288 1186157
2 15 21185 31212 2734912 3916605590 427742476 1179272
2 12 21168 30247 3291128 3830338324 516814419 1223770
5 9 20413 30409 7735301 3123541308 1228434757 1579304
15 2 21207 30915 3158341 3857373420 495620166 1213147
4 10 20740 30492 4795541 3599489758 757779140 1344123
4 14 20659 30563 8843489 2956225490 1405710317 1667959
2 15 21181 31203 3090849 3878417072 484720635 1207747
10 3 20904 30365 8378718 3033156720 1331490579 1630777
0 15 20874 31079 7808964 3126762580 1240091923 1585197
2 8 21141 30813 5032062 3584974926 795668323 1363044
8 4 20837 30327 2745923 3959901436 429476224 1180153
11 5 20583 31163 2694225 3971026920 421318989 1176018
10 4 20923 30219 7646453 3179525128 1214346433 1572196
2 8 20962 30626 13148185 2300465890 2095019536 2012334
4 13 20784 30576 2961079 3944256362 464290943 1197366
3 14 20843 30636 5536189 3542487728 876349193 1403375
3 14 20900 30689 3115407 3930326704 488630782 1209712
15 4 21167 30265 5622381 3528845046 890119510 1410270
8 7 20820 30600 3781900 3829247220 595535709 1263032
4 13 20681 30476 8183480 3136543242 1300163630 1615158
0 15 20884 31100 7474443 3252787914 1186648700 1558435
1 14 20984 30685 3358496 3911801978 527802492 1229159
3 8 20700 30647 12324021 2479005502 1963113815 1946401
4 9 20626 30361 10977723 2694818094 1747472602 1838697
3 13 20817 30505 6617982 3393300092 1049388162 1489918
11 4 20343 30095 14721374 2109021892 2346854685 2138189
11 4 20406 30155 11225050 2671261162 1787140530 1858484
3 11 20789 30363 8142460 3176774558 1293590121 1611876
10 4 21006 30301 4087037 3846225164 644522637 1287442
10 6 20856 30179 11276036 2703509672 1795352120 1862562
9 4 20819 30227 7801645 3260719628 1239157444 1584611
5 14 20523 30680 3929780 3893407966 619017606 1274862
10 3 21020 30469 3847868 3913665910 605936384 1268309
13 3 21036 30455 4588613 3796363510 724579712 1327569
8 3 20818 30459 4437253 3822761642 700549181 1315460
4 14 20693 30589 8327049 3200373116 1323208031 1626643
9 3 20753 30331 11391704 2714074260 1813763427 1871816
0 13 20952 30540 5636315 3648002188 892365933 1411385
2 12 20945 30021 15072377 2141864428 2403108700 2166270
1 13 20837 30426 11231314 2757063976 1788112106 1858985
11 5 20370 30935 13536605 2394032784 2157186663 2043408
14 0 20434 30594 3643350 3981754888 573177697 1251948
4 10 20697 30445 8277941 3239903728 1315202239 1622715
11 1 20585 30445 3651351 3981667566 574712620 1252588
3 11 20882 30438 4834177 3797445244 763934591 1347214
2 13 20987 30385 13196545 2466966850 2102747459 2016203
12 3 21153 30413 7596262 3372844110 1206162504 1568180
7 12 20346 30228 5615183 3706067796 888977217 1409694
9 3 20859 30428 6442222 3577776466 1021366458 1475857
5 11 20524 30457 4476928 3895290280 706626212 1318634
1 9 20953 30481 5783202 3690065642 915891403 1423136
2 12 21088 30151 9057312 3166696174 1440085675 1685064
0 15 20907 31127 7561746 3409061144 1200541390 1565419
10 4 20810 30114 14417376 2313085174 2298235157 2113870
11 4 20568 30310 4747713 3874245858 749929739 1340297
14 4 20431 30331 4154571 3971791622 655012696 1292845
5 14 20399 30566 10259860 2999919194 1632513169 1781268
10 2 20809 30717 14599914 2310694356 2327338920 2128473
2 12 20951 30029 15310812 2211441252 2441168763 2185344
7 10 20126 30311 15647112 2158265750 2495164791 2212248
15 2 21066 30773 11811943 2794283244 1881026238 1905435
1 15 20922 31125 8081135 3396787656 1283836117 1606970
9 4 20847 30261 7453624 3504575416 1183280161 1556769
2 12 20960 30035 15018016 2296509576 2394371609 2161921
9 6 20851 30275 7361901 3528596266 1168530889 1549432
9 2 20685 30695 16166640 2123417256 2578255852 2253811
8 0 20814 30572 5700573 3804678330 902610643 1416525
10 2 21022 30921 4982461 3921441876 787651001 1359076
2 11 21067 30344 10425040 3058496360 1659092131 1794483
7 8 20278 30765 9226589 3253023310 1467090985 1698607
8 2 20625 30731 14490688 2423298480 2309865913 2119735
4 11 20764 30432 6159079 3757580802 976082771 1453206
0 14 20787 30488 14550008 2421008936 2319504570 2124480
15 5 21213 31157 5359883 3909372716 848013850 1389270
13 3 20942 30359 11253286 2966463436 1791669519 1860742
13 5 20938 31027 11480028 2935888230 1828190874 1878882
7 8 20318 30799 8163601 3488729692 1296961355 1613568
5 15 20508 31188 6243295 3805253866 989557290 1459943
11 1 20577 30442 5554210 3933036778 879245141 1404816
11 1 20362 30240 15861680 2291563204 2529416421 2229414
15 7 21201 30598 6335949 3818560784 1004277836 1467355
1 11 20902 30374 9803186 3265651066 1559437669 1744734
0 12 20950 30212 7611306 3623234122 1208478006 1569384
5 15 20507 31186 6505442 3801485694 1031630120 1480915
14 1 20430 30444 5521599 3959241888 873965932 1402207
10 2 20979 30890 7253579 3687330868 1151438736 1540766
4 10 20686 30436 10583616 3166034724 1684413534 1807169
2 9 21194 30515 5610600 3966988306 888138124 1409328
5 11 20525 30458 6083883 3898912600 963931991 1447190
11 5 20431 31014 12750435 2844941038 2031319630 1980514
14 2 20321 30826 10935941 3142144508 1740787632 1835355
4 15 20731 31146 8756043 3495322250 1391886510 1660963
10 2 20981 30893 7597486 3697467296 1206329557 1568278
8 5 20650 30981 14335994 2624947628 2285122065 2107359
2 12 21060 30134 11842921 3026835788 1885964688 1907913
7 10 20331 30493 8281378 3600954998 1315816098 1622990
3 8 20849 30809 8499988 3567375358 1350729425 1640479
7 14 20226 30558 12620386 2908322902 2010526459 1970110
10 2 20905 30814 11921657 3036991280 1898641518 1914212
12 0 21214 30576 6933400 3836535474 1100031293 1515152
11 5 20567 31152 6727977 3872823682 1067072003 1498718
7 12 20354 30241 7336364 3777611468 1164554626 1547389
11 2 20495 30843 10353630 3298531924 1647598389 1788770
9 6 20666 30094 18411491 2009523378 2937570171 2433399
7 13 20155 30375 15851537 2419430214 2527718346 2228602
0 13 20894 30494 10317410 3305948732 1641824910 1785872
10 1 20986 30413 7766993 3715307218 1233578901 1581839
0 12 20736 30007 18381918 2034713108 2932852264 2431033
4 15 20786 31219 6354006 3963166030 1007333807 1468800
7 15 20121 30929 18124607 2093843666 2891713487 2410448
3 14 20907 30694 6326150 3988504198 1002839211 1466572
14 7 20374 30554 9266383 3526926630 1473567412 1701790
6 11 20764 30284 14569749 2688555536 2322504719 2126059
12 5 21172 31105 9278368 3538564736 1475498788 1702749
7 8 20306 30791 9979884 3430892088 1587600845 1758870
0 12 20762 30033 17179190 2282300144 2740364535 2334815
10 1 20816 30252 16498458 2391264458 2631435732 2280356
3 13 20892 30569 7238150 3884123808 1148856883 1539532
9 7 20763 30442 14205075 2768980496 2264319199 2096886
1 10 20740 30288 18993065 2004998828 3030830358 2479925
8 5 20621 30940 16747618 2413049918 2671192246 2300289
13 4 21043 30303 7752301 3853209718 1231158155 1580664
11 4 20401 30151 15377241 2641736526 2451940558 2190659
13 7 20945 30483 13286809 2984391202 2117184321 2023424
0 11 20759 30220 17940038 2244600270 2862286424 2395683
13 5 20867 30927 17535453 2326944490 2797481771 2363316
15 5 21093 31026 13756440 2932651802 2192395021 2060995
1 8 20879 30738 13019194 3058479714 2074512624 2002015
1 10 20970 30518 8357931 3814004330 1328032624 1629114
12 5 21183 31117 9582907 3629335574 1524326741 1727112
15 0 20976 30349 18860237 2164769618 3009576165 2469298
9 7 20833 30541 11075502 3412917580 1763208630 1846520
10 6 20993 30304 9033721 3754845970 1436216000 1683177
8 2 20777 30872 10302627 3555940716 1639415671 1784690
11 6 20563 30314 8543915 3841317872 1357788406 1643993
2 13 21081 30475 13006073 3134988720 2072350547 2000965
10 3 20902 30363 13816436 3008422964 2202020251 2065794
3 15 20718 31010 16361095 2603035024 2609451645 2269367
8 6 20835 30326 7993211 3943616640 1269703693 1599936
0 15 20895 31110 12103400 3316130948 1927767969 1928752
9 3 20853 30422 10801257 3531936464 1719302000 1824580
4 10 20738 30488 10445617 3589661988 1662332803 1796129
11 2 20468 30825 13285024 3137572742 2117036683 2023281
14 7 20297 30468 14691589 2925068638 2342129663 2135807
11 5 20351 30905 19406942 2170353728 3096950372 2513035
15 3 21034 30317 17129900 2540948200 2732625387 2330872
5 9 20365 30360 16215457 2693528802 2586320674 2257716
11 6 20501 30255 12223620 3333444892 1947163336 1938369
10 3 20881 30343 15302655 2842628034 2440152106 2184692
5 13 20301 30350 19076669 2256776936 3044122099 2486613
7 11 20145 30238 18599495 2336414224 2967806829 2448439
11 7 20508 30534 12062896 3383991806 1921374987 1925511
10 4 20977 30282 10453057 3670664752 1663616213 1796724
15 0 21054 30430 16222113 2751091660 2587242209 2258249
10 1 21012 30432 9270002 3869701820 1474205771 1702080
7 15 20296 31122 12335428 3391682284 1964913820 1947314
2 13 20935 30338 20595292 2076613142 3287357945 2608103
11 1 20560 30426 9785093 3809208508 1556595512 1743287
11 3 20511 30415 12383343 3394644056 1972656887 1951147
8 7 20722 30502 14244626 3136669440 2270563147 2100050
4 10 20777 30520 10188064 3815347840 1621364725 1775525
11 1 20487 30345 13714399 3256218158 2185744581 2057631
1 10 20942 30487 11862544 3564961140 1889188855 1909483
5 10 20456 30470 12636139 3448024272 2013125750 1971371
6 11 20819 30340 15343131 3016804476 2446536237 2187930
0 14 20800 30507 18389305 2535181880 2934410830 2431624
11 6 20469 30229 14705902 3143395276 2344434697 2136952
5 12 20345 30071 18486744 2578969854 2949737046 2439419
7 14 20228 30559 16481608 2920697758 2628897885 2279008
9 7 20741 30425 18542713 2596686498 2958904333 2443897
2 12 21133 30202 12843607 3510085766 2046154214 1987968
13 4 21048 30309 10601425 3871505282 1687466816 1808594
3 8 20886 30843 10900516 3824521994 1735160831 1832521
8 7 20841 30623 9969339 3991658902 1586111101 1758027
10 7 20997 30592 11474230 3765527812 1827123737 1878418
7 11 20255 30350 15743097 3091173210 2510618180 2219927
7 8 20275 30763 14900573 3226902450 2375614939 2152525
6 8 20817 30727 16322544 3000113902 2603275696 2266283
11 7 20448 30482 16477127 2981579928 2628106875 2278650
7 11 20340 30416 12448997 3626969898 1982981316 1956399
7 14 20218 30551 17314700 2873146042 2762073209 2345656
3 15 20818 31126 14167981 3398252928 2258406518 2093918
9 1 20815 30343 15436668 3211629544 2461399090 2195413
14 7 20307 30484 16901113 2990002386 2695972052 2312569
9 2 20901 30928 10783289 3969968698 1716462668 1823143
3 14 20869 30650 12741126 3670974478 2029941734 1979770
6 9 20826 30400 16634490 3053892758 2653289670 2291239
4 9 20767 30496 12168038 3777013876 1938193495 1933923
1 8 20760 30616 21957588 2215867036 3505396152 2717087
6 9 20864 30434 14811589 3365011966 2361249990 2145407
0 10 20994 30538 11279218 3935519628 1795862100 1862817
6 9 20702 30301 22736672 2130908520 3630117421 2779413
12 1 21033 30260 20833480 2444296310 3325557835 2627158
13 0 20885 30397 20344900 2532868968 3247182711 2588072
12 3 21063 30329 19430715 2679380216 3101070840 2514937
1 14 20986 30687 11703051 3921786366 1863768274 1896724
3 9 20873 30486 13156641 3707643630 2096368294 2013011
1 10 20917 30464 15181030 3385400580 2420591144 2174962
15 4 21010 30124 21338635 2414374350 3406280461 2667570
4 13 20749 30541 13794694 3650468716 2198526275 2064055
7 9 20198 30366 19605096 2727740948 3128896539 2528887
5 15 20368 31026 19535836 2782690334 3117923795 2523346
8 5 20583 30891 24162424 2060423966 3858461139 2893473
4 15 20716 31118 15970782 3376722178 2546947153 2238142
14 6 20418 30318 12936664 3880506462 2061171107 1995413
7 11 20317 30398 15546546 3485695348 2478969782 2204203
12 3 21201 30451 13942949 3748428748 2222230196 2075915
3 12 20901 30265 12768901 3948125696 2034241405 1981992
1 9 20885 30412 17815191 3150078620 2842327950 2385695
5 14 20526 30681 13115491 3904834832 2089746601 2009719
