32768
0 1 3 10000 515414 0.13
1 2 3 10001 2166 0.13
2 3 3 10002 27502 0.13
3 4 3 10003 22321 0.13
4 5 3 10004 1364712 0.13
5 6 3 10005 813595 0.13
6 7 3 10006 4765387 0.13
7 8 3 10007 5085 0.13
8 9 3 10008 55058 0.13
9 10 3 10009 2230 0.13
10 11 3 10010 21863 0.13
11 12 3 10011 74312 0.13
12 13 3 10012 2187 0.13
13 14 3 10013 19767 0.13
14 15 3 10014 599075 0.13
15 16 3 10015 105613 0.13
16 17 3 10016 22044 0.13
17 18 3 10017 181598 0.13
18 19 3 10018 2282913 0.13
19 20 3 10019 2032 0.13
20 21 3 10020 2174577 0.13
21 22 3 10021 985115 0.13
22 23 3 10022 38050 0.13
23 24 3 10023 11095 0.13
24 25 3 10024 9086648 0.13
25 26 3 10025 37318 0.13
26 27 3 10026 5492 0.13
27 28 3 10027 5770 0.13
28 29 3 10028 3424830 0.13
29 30 3 10029 229808 0.13
30 31 3 10030 2213848 0.13
31 32 3 10031 1297317 0.13
32 33 3 10032 90676 0.13
33 34 3 10033 12077175 0.13
34 35 3 10034 45706 0.13
35 36 3 10035 117783 0.13
36 37 3 10036 2882139 0.13
37 38 3 10037 348158 0.13
38 39 3 10038 3851207 0.13
39 40 3 10039 161175 0.13
40 41 3 10040 1045718 0.13
41 42 3 10041 2444 0.13
42 43 3 10042 22789 0.13
43 44 3 10043 28938 0.13
44 45 3 10044 4585 0.13
45 46 3 10045 23279 0.13
46 47 3 10046 6080 0.13
47 48 3 10047 27797 0.13
48 49 3 10048 485475 0.13
49 50 3 10049 42966 0.13
50 51 3 10050 44036 0.13
51 52 3 10051 20950 0.13
52 53 3 10052 26697 0.13
53 54 3 10053 7618184 0.13
54 55 3 10054 584283 0.13
55 56 3 10055 273048 0.13
56 57 3 10056 14227 0.13
57 58 3 10057 1291267 0.13
58 59 3 10058 12680 0.13
59 60 3 10059 45891 0.13
60 61 3 10060 23015567 0.13
61 62 3 10061 519998 0.13
62 63 3 10062 126199 0.13
63 0 3 10063 876914 0.13
0 2 3 10064 3285557 0.13
1 3 3 10065 1759999 0.13
2 4 3 10066 22904 0.13
3 5 3 10067 2261 0.13
4 6 3 10068 33090 0.13
5 7 3 10069 26774 0.13
6 8 3 10070 21098 0.13
7 9 3 10071 8064979 0.13
8 10 3 10072 4291028 0.13
9 11 3 10073 32935 0.13
10 12 3 10074 643509 0.13
11 13 3 10075 49126 0.13
12 14 3 10076 6039113 0.13
13 15 3 10077 63581 0.13
14 16 3 10078 26488 0.13
15 17 3 10079 24662 0.13
16 18 3 10080 133773 0.13
17 19 3 10081 26274 0.13
18 20 3 10082 173575 0.13
19 21 3 10083 4934686 0.13
20 22 3 10084 49880 0.13
21 23 3 10085 21932 0.13
22 24 3 10086 28358404 0.13
23 25 3 10087 75275 0.13
24 26 3 10088 5363 0.13
25 27 3 10089 2461 0.13
26 28 3 10090 6771 0.13
27 29 3 10091 419568 0.13
28 30 3 10092 1920793 0.13
29 31 3 10093 55113 0.13
30 32 3 10094 3446 0.13
31 33 3 10095 46323 0.13
32 34 3 10096 27414253 0.13
33 35 3 10097 79795 0.13
34 36 3 10098 10718918 0.13
35 37 3 10099 3823391 0.13
36 38 3 10100 2057 0.13
37 39 3 10101 1207218 0.13
38 40 3 10102 853682 0.13
39 41 3 10103 91949 0.13
40 42 3 10104 26682 0.13
41 43 3 10105 527694 0.13
42 44 3 10106 6924 0.13
43 45 3 10107 58022 0.13
44 46 3 10108 62397 0.13
45 47 3 10109 8843994 0.13
46 48 3 10110 4275588 0.13
47 49 3 10111 26338 0.13
48 50 3 10112 73212 0.13
49 51 3 10113 15730 0.13
50 52 3 10114 5901988 0.13
51 53 3 10115 4115557 0.13
52 54 3 10116 29844 0.13
53 55 3 10117 511595 0.13
54 56 3 10118 271761 0.13
55 57 3 10119 10567 0.13
56 58 3 10120 1625108 0.13
57 59 3 10121 96078 0.13
58 60 3 10122 1786264 0.13
59 61 3 10123 80606 0.13
60 62 3 10124 2002 0.13
61 63 3 10125 34831 0.13
62 0 3 10126 2097 0.13
63 1 3 10127 7078472 0.13
0 3 3 10128 4361656 0.13
1 4 3 10129 2949965 0.13
2 5 3 10130 31502 0.13
3 6 3 10131 3054 0.13
4 7 3 10132 4340287 0.13
5 8 3 10133 8353531 0.13
6 9 3 10134 4995 0.13
7 10 3 10135 69843 0.13
8 11 3 10136 3844 0.13
9 12 3 10137 1606021 0.13
10 13 3 10138 1658344 0.13
11 14 3 10139 8271 0.13
12 15 3 10140 67372 0.13
13 16 3 10141 113949 0.13
14 17 3 10142 26505 0.13
15 18 3 10143 4172991 0.13
16 19 3 10144 55339 0.13
17 20 3 10145 21179 0.13
18 21 3 10146 95936 0.13
19 22 3 10147 1299310 0.13
20 23 3 10148 20115 0.13
21 24 3 10149 32343 0.13
22 25 3 10150 26766237 0.13
23 26 3 10151 599024 0.13
24 27 3 10152 58792 0.13
25 28 3 10153 77132 0.13
26 29 3 10154 7680 0.13
27 30 3 10155 22469 0.13
28 31 3 10156 37617 0.13
29 32 3 10157 179957 0.13
30 33 3 10158 23011 0.13
31 34 3 10159 22021 0.13
32 35 3 10160 3969 0.13
33 36 3 10161 448823 0.13
34 37 3 10162 22894 0.13
35 38 3 10163 5387143 0.13
36 39 3 10164 3789062 0.13
37 40 3 10165 3960 0.13
38 41 3 10166 23800 0.13
39 42 3 10167 751822 0.13
40 43 3 10168 21423 0.13
41 44 3 10169 8584 0.13
42 45 3 10170 7536731 0.13
43 46 3 10171 150359 0.13
44 47 3 10172 66770 0.13
45 48 3 10173 1846194 0.13
46 49 3 10174 2224909 0.13
47 50 3 10175 18081 0.13
48 51 3 10176 5785 0.13
49 52 3 10177 57165 0.13
50 53 3 10178 55441 0.13
51 54 3 10179 65467 0.13
52 55 3 10180 1290758 0.13
53 56 3 10181 786916 0.13
54 57 3 10182 19443474 0.13
55 58 3 10183 5889 0.13
56 59 3 10184 50604 0.13
57 60 3 10185 37860 0.13
58 61 3 10186 3850176 0.13
59 62 3 10187 24865 0.13
60 63 3 10188 18041 0.13
61 0 3 10189 61218 0.13
62 1 3 10190 55049 0.13
63 2 3 10191 27854 0.13
0 4 3 10192 24980 0.13
1 5 3 10193 6661828 0.13
2 6 3 10194 59953 0.13
3 7 3 10195 3840473 0.13
4 8 3 10196 114843 0.13
5 9 3 10197 2541 0.13
6 10 3 10198 29521645 0.13
7 11 3 10199 3080827 0.13
8 12 3 10200 9928304 0.13
9 13 3 10201 6883355 0.13
10 14 3 10202 3460872 0.13
11 15 3 10203 13262 0.13
12 16 3 10204 69763 0.13
13 17 3 10205 21374 0.13
14 18 3 10206 50240 0.13
15 19 3 10207 3104 0.13
16 20 3 10208 45794 0.13
17 21 3 10209 20205895 0.13
18 22 3 10210 26520 0.13
19 23 3 10211 1840706 0.13
20 24 3 10212 62694 0.13
21 25 3 10213 55309 0.13
22 26 3 10214 9094117 0.13
23 27 3 10215 26948459 0.13
24 28 3 10216 124174 0.13
25 29 3 10217 1184082 0.13
26 30 3 10218 10959 0.13
27 31 3 10219 29670 0.13
28 32 3 10220 9907811 0.13
29 33 3 10221 164309 0.13
30 34 3 10222 100906 0.13
31 35 3 10223 1479755 0.13
32 36 3 10224 3001 0.13
33 37 3 10225 172875 0.13
34 38 3 10226 73734 0.13
35 39 3 10227 3581596 0.13
36 40 3 10228 11486 0.13
37 41 3 10229 9341350 0.13
38 42 3 10230 4607 0.13
39 43 3 10231 17164 0.13
40 44 3 10232 191488 0.13
41 45 3 10233 801700 0.13
42 46 3 10234 23520 0.13
43 47 3 10235 7590 0.13
44 48 3 10236 4708619 0.13
45 49 3 10237 24621 0.13
46 50 3 10238 190604 0.13
47 51 3 10239 355052 0.13
48 52 3 10240 54436 0.13
49 53 3 10241 172009 0.13
50 54 3 10242 78334 0.13
51 55 3 10243 7479018 0.13
52 56 3 10244 20425 0.13
53 57 3 10245 1161918 0.13
54 58 3 10246 23868 0.13
55 59 3 10247 49157 0.13
56 60 3 10248 773521 0.13
57 61 3 10249 29999 0.13
58 62 3 10250 33235 0.13
59 63 3 10251 1518644 0.13
60 0 3 10252 4078 0.13
61 1 3 10253 63450 0.13
62 2 3 10254 28969627 0.13
63 3 3 10255 27397631 0.13
0 5 3 10256 4128 0.13
1 6 3 10257 21315 0.13
2 7 3 10258 26520 0.13
3 8 3 10259 7375669 0.13
4 9 3 10260 4425925 0.13
5 10 3 10261 4378107 0.13
6 11 3 10262 43905 0.13
7 12 3 10263 11549 0.13
8 13 3 10264 3012348 0.13
9 14 3 10265 1035399 0.13
10 15 3 10266 293422 0.13
11 16 3 10267 21488709 0.13
12 17 3 10268 631810 0.13
13 18 3 10269 2039 0.13
14 19 3 10270 2513124 0.13
15 20 3 10271 29937 0.13
16 21 3 10272 707109 0.13
17 22 3 10273 7780714 0.13
18 23 3 10274 8743 0.13
19 24 3 10275 7234 0.13
20 25 3 10276 6562 0.13
21 26 3 10277 119811 0.13
22 27 3 10278 27234 0.13
23 28 3 10279 238638 0.13
24 29 3 10280 1176121 0.13
25 30 3 10281 20359 0.13
26 31 3 10282 473903 0.13
27 32 3 10283 26398 0.13
28 33 3 10284 70430 0.13
29 34 3 10285 5381177 0.13
30 35 3 10286 3383111 0.13
31 36 3 10287 5460 0.13
32 37 3 10288 55440 0.13
33 38 3 10289 27668 0.13
34 39 3 10290 2017 0.13
35 40 3 10291 1711192 0.13
36 41 3 10292 496907 0.13
37 42 3 10293 26195 0.13
38 43 3 10294 1412309 0.13
39 44 3 10295 117166 0.13
40 45 3 10296 56389 0.13
41 46 3 10297 2048 0.13
42 47 3 10298 4267 0.13
43 48 3 10299 4493191 0.13
44 49 3 10300 5280612 0.13
45 50 3 10301 106726 0.13
46 51 3 10302 3037850 0.13
47 52 3 10303 170016 0.13
48 53 3 10304 9847 0.13
49 54 3 10305 8195 0.13
50 55 3 10306 31651 0.13
51 56 3 10307 4969444 0.13
52 57 3 10308 1961223 0.13
53 58 3 10309 3821077 0.13
54 59 3 10310 4967739 0.13
55 60 3 10311 21007 0.13
56 61 3 10312 24952 0.13
57 62 3 10313 6223 0.13
58 63 3 10314 1801162 0.13
59 0 3 10315 4524041 0.13
60 1 3 10316 51471 0.13
61 2 3 10317 365292 0.13
62 3 3 10318 10910 0.13
63 4 3 10319 7134358 0.13
0 6 3 10320 3938170 0.13
1 7 3 10321 14137355 0.13
2 8 3 10322 2323151 0.13
3 9 3 10323 4442486 0.13
4 10 3 10324 2163 0.13
5 11 3 10325 1365644 0.13
6 12 3 10326 36437 0.13
7 13 3 10327 7201134 0.13
8 14 3 10328 2067054 0.13
9 15 3 10329 3921920 0.13
10 16 3 10330 2322479 0.13
11 17 3 10331 26680 0.13
12 18 3 10332 1873745 0.13
13 19 3 10333 6647 0.13
14 20 3 10334 4165003 0.13
15 21 3 10335 3757797 0.13
16 22 3 10336 22243 0.13
17 23 3 10337 2497598 0.13
18 24 3 10338 63916 0.13
19 25 3 10339 31038 0.13
20 26 3 10340 1953454 0.13
21 27 3 10341 22759 0.13
22 28 3 10342 2148 0.13
23 29 3 10343 18625 0.13
24 30 3 10344 35652 0.13
25 31 3 10345 3930588 0.13
26 32 3 10346 9777793 0.13
27 33 3 10347 27912 0.13
28 34 3 10348 531853 0.13
29 35 3 10349 49935 0.13
30 36 3 10350 17433124 0.13
31 37 3 10351 90655 0.13
32 38 3 10352 7802652 0.13
33 39 3 10353 7227 0.13
34 40 3 10354 10267074 0.13
35 41 3 10355 15713 0.13
36 42 3 10356 9466736 0.13
37 43 3 10357 26546 0.13
38 44 3 10358 6672 0.13
39 45 3 10359 57976 0.13
40 46 3 10360 1285450 0.13
41 47 3 10361 32735 0.13
42 48 3 10362 249670 0.13
43 49 3 10363 75713 0.13
44 50 3 10364 47039 0.13
45 51 3 10365 159865 0.13
46 52 3 10366 25472 0.13
47 53 3 10367 1087852 0.13
48 54 3 10368 2008 0.13
49 55 3 10369 6826797 0.13
50 56 3 10370 94489 0.13
51 57 3 10371 1194299 0.13
52 58 3 10372 1419500 0.13
53 59 3 10373 765028 0.13
54 60 3 10374 42844 0.13
55 61 3 10375 3898 0.13
56 62 3 10376 713901 0.13
57 63 3 10377 36040 0.13
58 0 3 10378 32783 0.13
59 1 3 10379 3440458 0.13
60 2 3 10380 1197542 0.13
61 3 3 10381 30064 0.13
62 4 3 10382 31856 0.13
63 5 3 10383 51936 0.13
0 7 3 10384 50553 0.13
1 8 3 10385 29565 0.13
2 9 3 10386 8183 0.13
3 10 3 10387 54718 0.13
4 11 3 10388 7883119 0.13
5 12 3 10389 818543 0.13
6 13 3 10390 5200396 0.13
7 14 3 10391 324119 0.13
8 15 3 10392 30189 0.13
9 16 3 10393 110749 0.13
10 17 3 10394 2002 0.13
11 18 3 10395 28691 0.13
12 19 3 10396 56897 0.13
13 20 3 10397 165688 0.13
14 21 3 10398 637644 0.13
15 22 3 10399 64997 0.13
16 23 3 10400 59729 0.13
17 24 3 10401 21370 0.13
18 25 3 10402 66889 0.13
19 26 3 10403 5084344 0.13
20 27 3 10404 1960247 0.13
21 28 3 10405 13938 0.13
22 29 3 10406 4935 0.13
23 30 3 10407 76642 0.13
24 31 3 10408 463526 0.13
25 32 3 10409 37037 0.13
26 33 3 10410 2552703 0.13
27 34 3 10411 1511381 0.13
28 35 3 10412 782365 0.13
29 36 3 10413 22464 0.13
30 37 3 10414 19825 0.13
31 38 3 10415 2159 0.13
32 39 3 10416 24484 0.13
33 40 3 10417 67339 0.13
34 41 3 10418 3492130 0.13
35 42 3 10419 4097 0.13
36 43 3 10420 53332 0.13
37 44 3 10421 438123 0.13
38 45 3 10422 18887 0.13
39 46 3 10423 970834 0.13
40 47 3 10424 71779 0.13
41 48 3 10425 24398 0.13
42 49 3 10426 648464 0.13
43 50 3 10427 2027 0.13
44 51 3 10428 1509644 0.13
45 52 3 10429 1700461 0.13
46 53 3 10430 6526 0.13
47 54 3 10431 55802 0.13
48 55 3 10432 15177 0.13
49 56 3 10433 9140431 0.13
50 57 3 10434 77221 0.13
51 58 3 10435 2515 0.13
52 59 3 10436 24919 0.13
53 60 3 10437 3450090 0.13
54 61 3 10438 63029 0.13
55 62 3 10439 2042498 0.13
56 63 3 10440 740621 0.13
57 0 3 10441 21928302 0.13
58 1 3 10442 192203 0.13
59 2 3 10443 8574257 0.13
60 3 3 10444 4742777 0.13
61 4 3 10445 301218 0.13
62 5 3 10446 1192739 0.13
63 6 3 10447 74179 0.13
0 8 3 10448 2917075 0.13
1 9 3 10449 110637 0.13
2 10 3 10450 4916243 0.13
3 11 3 10451 1436554 0.13
4 12 3 10452 67232 0.13
5 13 3 10453 25919 0.13
6 14 3 10454 24723 0.13
7 15 3 10455 501291 0.13
8 16 3 10456 1658136 0.13
9 17 3 10457 77992 0.13
10 18 3 10458 413987 0.13
11 19 3 10459 27459 0.13
12 20 3 10460 4423 0.13
13 21 3 10461 28572 0.13
14 22 3 10462 27171 0.13
15 23 3 10463 33941 0.13
16 24 3 10464 97403 0.13
17 25 3 10465 9069 0.13
18 26 3 10466 23126 0.13
19 27 3 10467 951598 0.13
20 28 3 10468 1064191 0.13
21 29 3 10469 3496 0.13
22 30 3 10470 51753 0.13
23 31 3 10471 101619 0.13
24 32 3 10472 53640 0.13
25 33 3 10473 20683 0.13
26 34 3 10474 54648 0.13
27 35 3 10475 5345605 0.13
28 36 3 10476 172707 0.13
29 37 3 10477 964183 0.13
30 38 3 10478 3701960 0.13
31 39 3 10479 1655945 0.13
32 40 3 10480 46076 0.13
33 41 3 10481 2029 0.13
34 42 3 10482 40351 0.13
35 43 3 10483 1534751 0.13
36 44 3 10484 3603438 0.13
37 45 3 10485 8816452 0.13
38 46 3 10486 54389 0.13
39 47 3 10487 1475156 0.13
40 48 3 10488 107655 0.13
41 49 3 10489 226020 0.13
42 50 3 10490 22053 0.13
43 51 3 10491 21942 0.13
44 52 3 10492 58269 0.13
45 53 3 10493 2220 0.13
46 54 3 10494 37225 0.13
47 55 3 10495 833135 0.13
48 56 3 10496 50996 0.13
49 57 3 10497 13008 0.13
50 58 3 10498 65551 0.13
51 59 3 10499 8210 0.13
52 60 3 10500 378055 0.13
53 61 3 10501 2192 0.13
54 62 3 10502 48804 0.13
55 63 3 10503 138957 0.13
56 0 3 10504 2194 0.13
57 1 3 10505 541997 0.13
58 2 3 10506 8855 0.13
59 3 3 10507 64238 0.13
60 4 3 10508 2519 0.13
61 5 3 10509 45820 0.13
62 6 3 10510 21166 0.13
63 7 3 10511 35369 0.13
0 9 3 10512 1612297 0.13
1 10 3 10513 45825 0.13
2 11 3 10514 1520098 0.13
3 12 3 10515 2957728 0.13
4 13 3 10516 25227 0.13
5 14 3 10517 4733 0.13
6 15 3 10518 2096 0.13
7 16 3 10519 96146 0.13
8 17 3 10520 29938552 0.13
9 18 3 10521 39992 0.13
10 19 3 10522 601152 0.13
11 20 3 10523 1812330 0.13
12 21 3 10524 614037 0.13
13 22 3 10525 1542332 0.13
14 23 3 10526 8543695 0.13
15 24 3 10527 19872 0.13
16 25 3 10528 2105 0.13
17 26 3 10529 10476 0.13
18 27 3 10530 8097 0.13
19 28 3 10531 755670 0.13
20 29 3 10532 138233 0.13
21 30 3 10533 21796 0.13
22 31 3 10534 995719 0.13
23 32 3 10535 1668980 0.13
24 33 3 10536 13557 0.13
25 34 3 10537 257979 0.13
26 35 3 10538 1479256 0.13
27 36 3 10539 7162 0.13
28 37 3 10540 2579035 0.13
29 38 3 10541 9622912 0.13
30 39 3 10542 6647 0.13
31 40 3 10543 2175 0.13
32 41 3 10544 32391 0.13
33 42 3 10545 818778 0.13
34 43 3 10546 9155202 0.13
35 44 3 10547 49330 0.13
36 45 3 10548 1150147 0.13
37 46 3 10549 4319 0.13
38 47 3 10550 924915 0.13
39 48 3 10551 417939 0.13
40 49 3 10552 6152 0.13
41 50 3 10553 1724808 0.13
42 51 3 10554 3508797 0.13
43 52 3 10555 203292 0.13
44 53 3 10556 7684 0.13
45 54 3 10557 19229567 0.13
46 55 3 10558 1826353 0.13
47 56 3 10559 39440 0.13
48 57 3 10560 56548 0.13
49 58 3 10561 44114 0.13
50 59 3 10562 74452 0.13
51 60 3 10563 38246 0.13
52 61 3 10564 3487268 0.13
53 62 3 10565 2669927 0.13
54 63 3 10566 6443 0.13
55 0 3 10567 9341969 0.13
56 1 3 10568 484680 0.13
57 2 3 10569 2861219 0.13
58 3 3 10570 1073086 0.13
59 4 3 10571 58189 0.13
60 5 3 10572 1337953 0.13
61 6 3 10573 9676695 0.13
62 7 3 10574 27008 0.13
63 8 3 10575 2245976 0.13
0 10 3 10576 94010 0.13
1 11 3 10577 69268 0.13
2 12 3 10578 58209 0.13
3 13 3 10579 1310262 0.13
4 14 3 10580 26839 0.13
5 15 3 10581 3551394 0.13
6 16 3 10582 2921930 0.13
7 17 3 10583 5066 0.13
8 18 3 10584 4448935 0.13
9 19 3 10585 24386 0.13
10 20 3 10586 64932 0.13
11 21 3 10587 282653 0.13
12 22 3 10588 45797 0.13
13 23 3 10589 2215 0.13
14 24 3 10590 3528585 0.13
15 25 3 10591 16367 0.13
16 26 3 10592 21211 0.13
17 27 3 10593 1978323 0.13
18 28 3 10594 38067 0.13
19 29 3 10595 4409599 0.13
20 30 3 10596 1011837 0.13
21 31 3 10597 27626 0.13
22 32 3 10598 2050 0.13
23 33 3 10599 8433041 0.13
24 34 3 10600 4992 0.13
25 35 3 10601 1200746 0.13
26 36 3 10602 70441 0.13
27 37 3 10603 1581646 0.13
28 38 3 10604 924874 0.13
29 39 3 10605 567223 0.13
30 40 3 10606 70958 0.13
31 41 3 10607 1929328 0.13
32 42 3 10608 5513 0.13
33 43 3 10609 22159 0.13
34 44 3 10610 934297 0.13
35 45 3 10611 31241 0.13
36 46 3 10612 168381 0.13
37 47 3 10613 66906 0.13
38 48 3 10614 81580 0.13
39 49 3 10615 55885 0.13
40 50 3 10616 1459354 0.13
41 51 3 10617 36158 0.13
42 52 3 10618 1028549 0.13
43 53 3 10619 27091 0.13
44 54 3 10620 25140 0.13
45 55 3 10621 7652 0.13
46 56 3 10622 18516 0.13
47 57 3 10623 7564 0.13
48 58 3 10624 90052 0.13
49 59 3 10625 1621896 0.13
50 60 3 10626 17029 0.13
51 61 3 10627 21638 0.13
52 62 3 10628 69430 0.13
53 63 3 10629 1245850 0.13
54 0 3 10630 14404681 0.13
55 1 3 10631 78762 0.13
56 2 3 10632 28299 0.13
57 3 3 10633 6042 0.13
58 4 3 10634 18823 0.13
59 5 3 10635 22748 0.13
60 6 3 10636 15888 0.13
61 7 3 10637 2070 0.13
62 8 3 10638 87088 0.13
63 9 3 10639 27431 0.13
0 11 3 10640 12863287 0.13
1 12 3 10641 120043 0.13
2 13 3 10642 979339 0.13
3 14 3 10643 8102 0.13
4 15 3 10644 4053835 0.13
5 16 3 10645 70972 0.13
6 17 3 10646 4181592 0.13
7 18 3 10647 155538 0.13
8 19 3 10648 66014 0.13
9 20 3 10649 59338 0.13
10 21 3 10650 16872 0.13
11 22 3 10651 2596 0.13
12 23 3 10652 7933114 0.13
13 24 3 10653 67937 0.13
14 25 3 10654 2663469 0.13
15 26 3 10655 50163 0.13
16 27 3 10656 4185 0.13
17 28 3 10657 435565 0.13
18 29 3 10658 2752 0.13
19 30 3 10659 9935 0.13
20 31 3 10660 136296 0.13
21 32 3 10661 30767 0.13
22 33 3 10662 25945415 0.13
23 34 3 10663 7476 0.13
24 35 3 10664 1644434 0.13
25 36 3 10665 250541 0.13
26 37 3 10666 1907408 0.13
27 38 3 10667 22568 0.13
28 39 3 10668 78285 0.13
29 40 3 10669 61657 0.13
30 41 3 10670 59858 0.13
31 42 3 10671 3804999 0.13
32 43 3 10672 23354173 0.13
33 44 3 10673 31076 0.13
34 45 3 10674 368218 0.13
35 46 3 10675 277047 0.13
36 47 3 10676 1400893 0.13
37 48 3 10677 8399300 0.13
38 49 3 10678 20778 0.13
39 50 3 10679 21102 0.13
40 51 3 10680 683425 0.13
41 52 3 10681 11411 0.13
42 53 3 10682 14762 0.13
43 54 3 10683 4254 0.13
44 55 3 10684 2013 0.13
45 56 3 10685 61654 0.13
46 57 3 10686 189390 0.13
47 58 3 10687 29125 0.13
48 59 3 10688 23147 0.13
49 60 3 10689 1069558 0.13
50 61 3 10690 1029875 0.13
51 62 3 10691 62468 0.13
52 63 3 10692 899079 0.13
53 0 3 10693 6707931 0.13
54 1 3 10694 1878280 0.13
55 2 3 10695 400464 0.13
56 3 3 10696 689464 0.13
57 4 3 10697 7404889 0.13
58 5 3 10698 55801 0.13
59 6 3 10699 104964 0.13
60 7 3 10700 581077 0.13
61 8 3 10701 5600817 0.13
62 9 3 10702 2798934 0.13
63 10 3 10703 3998 0.13
0 12 3 10704 13184 0.13
1 13 3 10705 31522 0.13
2 14 3 10706 1489577 0.13
3 15 3 10707 147212 0.13
4 16 3 10708 28861 0.13
5 17 3 10709 7948 0.13
6 18 3 10710 909423 0.13
7 19 3 10711 997869 0.13
8 20 3 10712 8048302 0.13
9 21 3 10713 73185 0.13
10 22 3 10714 71645 0.13
11 23 3 10715 4630 0.13
12 24 3 10716 2364 0.13
13 25 3 10717 57391 0.13
14 26 3 10718 34464 0.13
15 27 3 10719 25036 0.13
16 28 3 10720 5392 0.13
17 29 3 10721 9422221 0.13
18 30 3 10722 3078758 0.13
19 31 3 10723 157484 0.13
20 32 3 10724 8627591 0.13
21 33 3 10725 29714944 0.13
22 34 3 10726 778252 0.13
23 35 3 10727 26951 0.13
24 36 3 10728 2369 0.13
25 37 3 10729 1562688 0.13
26 38 3 10730 66269 0.13
27 39 3 10731 612075 0.13
28 40 3 10732 6148056 0.13
29 41 3 10733 16297 0.13
30 42 3 10734 174850 0.13
31 43 3 10735 478277 0.13
32 44 3 10736 71167 0.13
33 45 3 10737 5386 0.13
34 46 3 10738 39592 0.13
35 47 3 10739 36661 0.13
36 48 3 10740 761068 0.13
37 49 3 10741 3731992 0.13
38 50 3 10742 35960 0.13
39 51 3 10743 949389 0.13
40 52 3 10744 28821 0.13
41 53 3 10745 8228109 0.13
42 54 3 10746 2406981 0.13
43 55 3 10747 114451 0.13
44 56 3 10748 62652 0.13
45 57 3 10749 32903 0.13
46 58 3 10750 34654 0.13
47 59 3 10751 10123151 0.13
48 60 3 10752 50963 0.13
49 61 3 10753 76445 0.13
50 62 3 10754 22079476 0.13
51 63 3 10755 661283 0.13
52 0 3 10756 101589 0.13
53 1 3 10757 53057 0.13
54 2 3 10758 17516 0.13
55 3 3 10759 42355 0.13
56 4 3 10760 1564431 0.13
57 5 3 10761 403269 0.13
58 6 3 10762 1599905 0.13
59 7 3 10763 20355 0.13
60 8 3 10764 112947 0.13
61 9 3 10765 6976625 0.13
62 10 3 10766 58796 0.13
63 11 3 10767 986000 0.13
0 13 3 10768 7714 0.13
1 14 3 10769 12097877 0.13
2 15 3 10770 270973 0.13
3 16 3 10771 23929 0.13
4 17 3 10772 11675 0.13
5 18 3 10773 115724 0.13
6 19 3 10774 118145 0.13
7 20 3 10775 5524 0.13
8 21 3 10776 24838092 0.13
9 22 3 10777 5923562 0.13
10 23 3 10778 64180 0.13
11 24 3 10779 7397 0.13
12 25 3 10780 2964295 0.13
13 26 3 10781 72702 0.13
14 27 3 10782 1166033 0.13
15 28 3 10783 75124 0.13
16 29 3 10784 27342 0.13
17 30 3 10785 3041718 0.13
18 31 3 10786 16829755 0.13
19 32 3 10787 24373 0.13
20 33 3 10788 116454 0.13
21 34 3 10789 46717 0.13
22 35 3 10790 6562010 0.13
23 36 3 10791 74978 0.13
24 37 3 10792 4379787 0.13
25 38 3 10793 3920808 0.13
26 39 3 10794 27624 0.13
27 40 3 10795 1900061 0.13
28 41 3 10796 53448 0.13
29 42 3 10797 7446313 0.13
30 43 3 10798 74862 0.13
31 44 3 10799 2616484 0.13
32 45 3 10800 28283 0.13
33 46 3 10801 29855 0.13
34 47 3 10802 177607 0.13
35 48 3 10803 29268222 0.13
36 49 3 10804 70686 0.13
37 50 3 10805 9887 0.13
38 51 3 10806 94709 0.13
39 52 3 10807 39024 0.13
40 53 3 10808 117572 0.13
41 54 3 10809 103022 0.13
42 55 3 10810 62771 0.13
43 56 3 10811 34355 0.13
44 57 3 10812 17730 0.13
45 58 3 10813 979987 0.13
46 59 3 10814 151653 0.13
47 60 3 10815 23356 0.13
48 61 3 10816 1755444 0.13
49 62 3 10817 2415 0.13
50 63 3 10818 1447051 0.13
51 0 3 10819 1052278 0.13
52 1 3 10820 2342267 0.13
53 2 3 10821 47215 0.13
54 3 3 10822 709510 0.13
55 4 3 10823 2622426 0.13
56 5 3 10824 17212092 0.13
57 6 3 10825 71998 0.13
58 7 3 10826 2326 0.13
59 8 3 10827 73605 0.13
60 9 3 10828 183166 0.13
61 10 3 10829 4091009 0.13
62 11 3 10830 4225711 0.13
63 12 3 10831 59301 0.13
0 14 3 10832 79065 0.13
1 15 3 10833 63137 0.13
2 16 3 10834 1224438 0.13
3 17 3 10835 52302 0.13
4 18 3 10836 638250 0.13
5 19 3 10837 10872 0.13
6 20 3 10838 66036 0.13
7 21 3 10839 9943116 0.13
8 22 3 10840 37712 0.13
9 23 3 10841 941636 0.13
10 24 3 10842 598693 0.13
11 25 3 10843 3552958 0.13
12 26 3 10844 3570240 0.13
13 27 3 10845 3780265 0.13
14 28 3 10846 46001 0.13
15 29 3 10847 33332 0.13
16 30 3 10848 1187174 0.13
17 31 3 10849 1594018 0.13
18 32 3 10850 4171490 0.13
19 33 3 10851 2311 0.13
20 34 3 10852 3789 0.13
21 35 3 10853 449288 0.13
22 36 3 10854 6494935 0.13
23 37 3 10855 28283948 0.13
24 38 3 10856 1467663 0.13
25 39 3 10857 57839 0.13
26 40 3 10858 5891 0.13
27 41 3 10859 469982 0.13
28 42 3 10860 4177376 0.13
29 43 3 10861 60079 0.13
30 44 3 10862 952009 0.13
31 45 3 10863 5244575 0.13
32 46 3 10864 2446 0.13
33 47 3 10865 1961434 0.13
34 48 3 10866 29336 0.13
35 49 3 10867 44968 0.13
36 50 3 10868 9645 0.13
37 51 3 10869 81999 0.13
38 52 3 10870 141590 0.13
39 53 3 10871 1925194 0.13
40 54 3 10872 13996 0.13
41 55 3 10873 4527 0.13
42 56 3 10874 4125187 0.13
43 57 3 10875 357682 0.13
44 58 3 10876 24082 0.13
45 59 3 10877 5916358 0.13
46 60 3 10878 9449 0.13
47 61 3 10879 64111 0.13
48 62 3 10880 25397 0.13
49 63 3 10881 25532 0.13
50 0 3 10882 2046 0.13
51 1 3 10883 2138992 0.13
52 2 3 10884 5086387 0.13
53 3 3 10885 820887 0.13
54 4 3 10886 11595 0.13
55 5 3 10887 59629 0.13
56 6 3 10888 39113 0.13
57 7 3 10889 178694 0.13
58 8 3 10890 511509 0.13
59 9 3 10891 55609 0.13
60 10 3 10892 25009 0.13
61 11 3 10893 3359117 0.13
62 12 3 10894 19843 0.13
63 13 3 10895 46938 0.13
0 15 3 10896 69201 0.13
1 16 3 10897 23720 0.13
2 17 3 10898 151867 0.13
3 18 3 10899 156820 0.13
4 19 3 10900 25128029 0.13
5 20 3 10901 29523 0.13
6 21 3 10902 15296323 0.13
7 22 3 10903 665838 0.13
8 23 3 10904 27448 0.13
9 24 3 10905 141592 0.13
10 25 3 10906 886395 0.13
11 26 3 10907 1446688 0.13
12 27 3 10908 2487 0.13
13 28 3 10909 251251 0.13
14 29 3 10910 72321 0.13
15 30 3 10911 5296806 0.13
16 31 3 10912 28619 0.13
17 32 3 10913 1988601 0.13
18 33 3 10914 256519 0.13
19 34 3 10915 40464 0.13
20 35 3 10916 492943 0.13
21 36 3 10917 367129 0.13
22 37 3 10918 822115 0.13
23 38 3 10919 1209283 0.13
24 39 3 10920 673452 0.13
25 40 3 10921 3150113 0.13
26 41 3 10922 425984 0.13
27 42 3 10923 5243121 0.13
28 43 3 10924 570724 0.13
29 44 3 10925 31786 0.13
30 45 3 10926 59420 0.13
31 46 3 10927 164983 0.13
32 47 3 10928 1323597 0.13
33 48 3 10929 5309 0.13
34 49 3 10930 29511 0.13
35 50 3 10931 1474808 0.13
36 51 3 10932 15128 0.13
37 52 3 10933 8572 0.13
38 53 3 10934 96127 0.13
39 54 3 10935 10993054 0.13
40 55 3 10936 81461 0.13
41 56 3 10937 5963355 0.13
42 57 3 10938 2914178 0.13
43 58 3 10939 25697 0.13
44 59 3 10940 2740694 0.13
45 60 3 10941 68887 0.13
46 61 3 10942 2194654 0.13
47 62 3 10943 1465593 0.13
48 63 3 10944 37743 0.13
49 0 3 10945 7213 0.13
50 1 3 10946 9492378 0.13
51 2 3 10947 9260 0.13
52 3 3 10948 9750014 0.13
53 4 3 10949 3804217 0.13
54 5 3 10950 1242167 0.13
55 6 3 10951 16628161 0.13
56 7 3 10952 9804981 0.13
57 8 3 10953 2137629 0.13
58 9 3 10954 43155 0.13
59 10 3 10955 1906819 0.13
60 11 3 10956 2069 0.13
61 12 3 10957 91266 0.13
62 13 3 10958 62642 0.13
63 14 3 10959 782627 0.13
0 16 3 10960 778726 0.13
1 17 3 10961 173531 0.13
2 18 3 10962 2672519 0.13
3 19 3 10963 7877992 0.13
4 20 3 10964 6667 0.13
5 21 3 10965 23382 0.13
6 22 3 10966 2166 0.13
7 23 3 10967 4527045 0.13
8 24 3 10968 133841 0.13
9 25 3 10969 6089707 0.13
10 26 3 10970 22136 0.13
11 27 3 10971 3425 0.13
12 28 3 10972 2715660 0.13
13 29 3 10973 5670545 0.13
14 30 3 10974 30438 0.13
15 31 3 10975 51914 0.13
16 32 3 10976 9182 0.13
17 33 3 10977 8304395 0.13
18 34 3 10978 30872 0.13
19 35 3 10979 71374 0.13
20 36 3 10980 5803 0.13
21 37 3 10981 4617779 0.13
22 38 3 10982 8853 0.13
23 39 3 10983 62379 0.13
24 40 3 10984 763889 0.13
25 41 3 10985 1431401 0.13
26 42 3 10986 8283863 0.13
27 43 3 10987 54413 0.13
28 44 3 10988 1422690 0.13
29 45 3 10989 10904 0.13
30 46 3 10990 53434 0.13
31 47 3 10991 5931 0.13
32 48 3 10992 70618 0.13
33 49 3 10993 51872 0.13
34 50 3 10994 8680108 0.13
35 51 3 10995 2269 0.13
36 52 3 10996 44105 0.13
37 53 3 10997 60011 0.13
38 54 3 10998 8611083 0.13
39 55 3 10999 3663505 0.13
40 56 3 11000 5954 0.13
41 57 3 11001 885442 0.13
42 58 3 11002 104798 0.13
43 59 3 11003 15228352 0.13
44 60 3 11004 41734 0.13
45 61 3 11005 49627 0.13
46 62 3 11006 17961 0.13
47 63 3 11007 7772 0.13
48 0 3 11008 3440995 0.13
49 1 3 11009 62627 0.13
50 2 3 11010 702149 0.13
51 3 3 11011 533635 0.13
52 4 3 11012 195107 0.13
53 5 3 11013 2118 0.13
54 6 3 11014 1867945 0.13
55 7 3 11015 24356 0.13
56 8 3 11016 8073 0.13
57 9 3 11017 139276 0.13
58 10 3 11018 3802 0.13
59 11 3 11019 1651573 0.13
60 12 3 11020 20715 0.13
61 13 3 11021 21595 0.13
62 14 3 11022 4090862 0.13
63 15 3 11023 35711 0.13
0 17 3 11024 9804 0.13
1 18 3 11025 5037931 0.13
2 19 3 11026 2014 0.13
3 20 3 11027 3752183 0.13
4 21 3 11028 9575 0.13
5 22 3 11029 8399 0.13
6 23 3 11030 25065 0.13
7 24 3 11031 14899 0.13
8 25 3 11032 688461 0.13
9 26 3 11033 2177 0.13
10 27 3 11034 2074 0.13
11 28 3 11035 1899846 0.13
12 29 3 11036 23793 0.13
13 30 3 11037 34754 0.13
14 31 3 11038 14849 0.13
15 32 3 11039 2667 0.13
16 33 3 11040 1417180 0.13
17 34 3 11041 79096 0.13
18 35 3 11042 1456652 0.13
19 36 3 11043 67595 0.13
20 37 3 11044 1780170 0.13
21 38 3 11045 76131 0.13
22 39 3 11046 6724 0.13
23 40 3 11047 73962 0.13
24 41 3 11048 8243974 0.13
25 42 3 11049 2411 0.13
26 43 3 11050 1832269 0.13
27 44 3 11051 4009427 0.13
28 45 3 11052 78027 0.13
29 46 3 11053 63394 0.13
30 47 3 11054 9573298 0.13
31 48 3 11055 3257 0.13
32 49 3 11056 68226 0.13
33 50 3 11057 50373 0.13
34 51 3 11058 888779 0.13
35 52 3 11059 70831 0.13
36 53 3 11060 5692916 0.13
37 54 3 11061 4144 0.13
38 55 3 11062 4655 0.13
39 56 3 11063 266379 0.13
40 57 3 11064 3597 0.13
41 58 3 11065 27501 0.13
42 59 3 11066 464613 0.13
43 60 3 11067 111468 0.13
44 61 3 11068 35037 0.13
45 62 3 11069 26418503 0.13
46 63 3 11070 80954 0.13
47 0 3 11071 62395 0.13
48 1 3 11072 243414 0.13
49 2 3 11073 5942 0.13
50 3 3 11074 1017794 0.13
51 4 3 11075 3583782 0.13
52 5 3 11076 607333 0.13
53 6 3 11077 1689627 0.13
54 7 3 11078 1208399 0.13
55 8 3 11079 21502 0.13
56 9 3 11080 61897 0.13
57 10 3 11081 22849 0.13
58 11 3 11082 37786 0.13
59 12 3 11083 62345 0.13
60 13 3 11084 53689 0.13
61 14 3 11085 5656 0.13
62 15 3 11086 56176 0.13
63 16 3 11087 720862 0.13
0 18 3 11088 44860 0.13
1 19 3 11089 10527 0.13
2 20 3 11090 6641788 0.13
3 21 3 11091 3699 0.13
4 22 3 11092 2953156 0.13
5 23 3 11093 5526 0.13
6 24 3 11094 5759 0.13
7 25 3 11095 1387959 0.13
8 26 3 11096 2353078 0.13
9 27 3 11097 125206 0.13
10 28 3 11098 176797 0.13
11 29 3 11099 134148 0.13
12 30 3 11100 35929 0.13
13 31 3 11101 7778 0.13
14 32 3 11102 40719 0.13
15 33 3 11103 722724 0.13
16 34 3 11104 1502842 0.13
17 35 3 11105 4042764 0.13
18 36 3 11106 1210606 0.13
19 37 3 11107 9885616 0.13
20 38 3 11108 203280 0.13
21 39 3 11109 40329 0.13
22 40 3 11110 162146 0.13
23 41 3 11111 21273 0.13
24 42 3 11112 653890 0.13
25 43 3 11113 22424 0.13
26 44 3 11114 6657 0.13
27 45 3 11115 3361202 0.13
28 46 3 11116 43512 0.13
29 47 3 11117 1626056 0.13
30 48 3 11118 155600 0.13
31 49 3 11119 2216641 0.13
32 50 3 11120 3354654 0.13
33 51 3 11121 13031068 0.13
34 52 3 11122 2552805 0.13
35 53 3 11123 308586 0.13
36 54 3 11124 541593 0.13
37 55 3 11125 2183 0.13
38 56 3 11126 7077449 0.13
39 57 3 11127 2883823 0.13
40 58 3 11128 26744 0.13
41 59 3 11129 16083 0.13
42 60 3 11130 1026987 0.13
43 61 3 11131 31796 0.13
44 62 3 11132 37964 0.13
45 63 3 11133 2030 0.13
46 0 3 11134 4095881 0.13
47 1 3 11135 142264 0.13
48 2 3 11136 50181 0.13
49 3 3 11137 9349 0.13
50 4 3 11138 465376 0.13
51 5 3 11139 2242 0.13
52 6 3 11140 1461117 0.13
53 7 3 11141 21513 0.13
54 8 3 11142 54576 0.13
55 9 3 11143 38179 0.13
56 10 3 11144 44010 0.13
57 11 3 11145 1215959 0.13
58 12 3 11146 1768356 0.13
59 13 3 11147 144446 0.13
60 14 3 11148 4946 0.13
61 15 3 11149 2682 0.13
62 16 3 11150 11481 0.13
63 17 3 11151 342705 0.13
0 19 3 11152 791749 0.13
1 20 3 11153 27210 0.13
2 21 3 11154 695509 0.13
3 22 3 11155 69768 0.13
4 23 3 11156 59702 0.13
5 24 3 11157 27316 0.13
6 25 3 11158 1549431 0.13
7 26 3 11159 7105 0.13
8 27 3 11160 56903 0.13
9 28 3 11161 28324 0.13
10 29 3 11162 827890 0.13
11 30 3 11163 69992 0.13
12 31 3 11164 737060 0.13
13 32 3 11165 2438 0.13
14 33 3 11166 49052 0.13
15 34 3 11167 198842 0.13
16 35 3 11168 2038 0.13
17 36 3 11169 30283 0.13
18 37 3 11170 21123 0.13
19 38 3 11171 8978 0.13
20 39 3 11172 25551 0.13
21 40 3 11173 35624 0.13
22 41 3 11174 2038 0.13
23 42 3 11175 1470141 0.13
24 43 3 11176 15138 0.13
25 44 3 11177 46041 0.13
26 45 3 11178 1036712 0.13
27 46 3 11179 73137 0.13
28 47 3 11180 3000626 0.13
29 48 3 11181 2186005 0.13
30 49 3 11182 4045 0.13
31 50 3 11183 3852930 0.13
32 51 3 11184 2397 0.13
33 52 3 11185 2093 0.13
34 53 3 11186 6511602 0.13
35 54 3 11187 3863300 0.13
36 55 3 11188 158444 0.13
37 56 3 11189 154399 0.13
38 57 3 11190 1094989 0.13
39 58 3 11191 54083 0.13
40 59 3 11192 7213 0.13
41 60 3 11193 2111 0.13
42 61 3 11194 34953 0.13
43 62 3 11195 2039664 0.13
44 63 3 11196 345002 0.13
45 0 3 11197 2960777 0.13
46 1 3 11198 6412125 0.13
47 2 3 11199 5169 0.13
48 3 3 11200 3334530 0.13
49 4 3 11201 24331 0.13
50 5 3 11202 180922 0.13
51 6 3 11203 78606 0.13
52 7 3 11204 49153 0.13
53 8 3 11205 32054 0.13
54 9 3 11206 37902 0.13
55 10 3 11207 36613 0.13
56 11 3 11208 13626 0.13
57 12 3 11209 75496 0.13
58 13 3 11210 7122 0.13
59 14 3 11211 75373 0.13
60 15 3 11212 5423052 0.13
61 16 3 11213 39875 0.13
62 17 3 11214 1273791 0.13
63 18 3 11215 2568458 0.13
0 20 3 11216 2451110 0.13
1 21 3 11217 23626 0.13
2 22 3 11218 9715 0.13
3 23 3 11219 19454 0.13
4 24 3 11220 219191 0.13
5 25 3 11221 1602152 0.13
6 26 3 11222 644072 0.13
7 27 3 11223 15429 0.13
8 28 3 11224 1728480 0.13
9 29 3 11225 71719 0.13
10 30 3 11226 1544458 0.13
11 31 3 11227 1598771 0.13
12 32 3 11228 61285 0.13
13 33 3 11229 6725304 0.13
14 34 3 11230 139128 0.13
15 35 3 11231 482386 0.13
16 36 3 11232 396174 0.13
17 37 3 11233 3927406 0.13
18 38 3 11234 417739 0.13
19 39 3 11235 10191 0.13
20 40 3 11236 3780 0.13
21 41 3 11237 59740 0.13
22 42 3 11238 30564 0.13
23 43 3 11239 27467 0.13
24 44 3 11240 2932 0.13
25 45 3 11241 74770 0.13
26 46 3 11242 32081 0.13
27 47 3 11243 61980 0.13
28 48 3 11244 2982 0.13
29 49 3 11245 2950898 0.13
30 50 3 11246 4371 0.13
31 51 3 11247 3927501 0.13
32 52 3 11248 3658801 0.13
33 53 3 11249 320067 0.13
34 54 3 11250 74707 0.13
35 55 3 11251 64471 0.13
36 56 3 11252 121685 0.13
37 57 3 11253 1918177 0.13
38 58 3 11254 4876302 0.13
39 59 3 11255 61477 0.13
40 60 3 11256 2294477 0.13
41 61 3 11257 614699 0.13
42 62 3 11258 34305 0.13
43 63 3 11259 67452 0.13
44 0 3 11260 10172 0.13
45 1 3 11261 3331 0.13
46 2 3 11262 6280 0.13
47 3 3 11263 4973805 0.13
48 4 3 11264 38687 0.13
49 5 3 11265 1143155 0.13
50 6 3 11266 74126 0.13
51 7 3 11267 14511 0.13
52 8 3 11268 24774 0.13
53 9 3 11269 58713 0.13
54 10 3 11270 59097 0.13
55 11 3 11271 78326 0.13
56 12 3 11272 11749 0.13
57 13 3 11273 44570 0.13
58 14 3 11274 28289 0.13
59 15 3 11275 52023 0.13
60 16 3 11276 37673 0.13
61 17 3 11277 196375 0.13
62 18 3 11278 1892269 0.13
63 19 3 11279 578442 0.13
0 21 3 11280 3613 0.13
1 22 3 11281 5615 0.13
2 23 3 11282 827034 0.13
3 24 3 11283 28414 0.13
4 25 3 11284 1237336 0.13
5 26 3 11285 652512 0.13
6 27 3 11286 5453049 0.13
7 28 3 11287 4198389 0.13
8 29 3 11288 36672 0.13
9 30 3 11289 170410 0.13
10 31 3 11290 9314 0.13
11 32 3 11291 39964 0.13
12 33 3 11292 9835464 0.13
13 34 3 11293 987839 0.13
14 35 3 11294 48391 0.13
15 36 3 11295 191499 0.13
16 37 3 11296 7714442 0.13
17 38 3 11297 31916 0.13
18 39 3 11298 45335 0.13
19 40 3 11299 1916619 0.13
20 41 3 11300 2395543 0.13
21 42 3 11301 760931 0.13
22 43 3 11302 2868769 0.13
23 44 3 11303 1387746 0.13
24 45 3 11304 883315 0.13
25 46 3 11305 79167 0.13
26 47 3 11306 568198 0.13
27 48 3 11307 55401 0.13
28 49 3 11308 42365 0.13
29 50 3 11309 42519 0.13
30 51 3 11310 16052 0.13
31 52 3 11311 21419 0.13
32 53 3 11312 8404876 0.13
33 54 3 11313 69908 0.13
34 55 3 11314 22654 0.13
35 56 3 11315 9005 0.13
36 57 3 11316 4401 0.13
37 58 3 11317 3332851 0.13
38 59 3 11318 6091 0.13
39 60 3 11319 1708747 0.13
40 61 3 11320 3053594 0.13
41 62 3 11321 4510464 0.13
42 63 3 11322 2336 0.13
43 0 3 11323 37352 0.13
44 1 3 11324 1663076 0.13
45 2 3 11325 8483 0.13
46 3 3 11326 45343 0.13
47 4 3 11327 12449 0.13
48 5 3 11328 2940351 0.13
49 6 3 11329 1710978 0.13
50 7 3 11330 2271311 0.13
51 8 3 11331 13107 0.13
52 9 3 11332 58693 0.13
53 10 3 11333 52505 0.13
54 11 3 11334 810903 0.13
55 12 3 11335 23753 0.13
56 13 3 11336 60199 0.13
57 14 3 11337 28492 0.13
58 15 3 11338 1485365 0.13
59 16 3 11339 61291 0.13
60 17 3 11340 86876 0.13
61 18 3 11341 31893 0.13
62 19 3 11342 2258716 0.13
63 20 3 11343 65926 0.13
0 22 3 11344 3053401 0.13
1 23 3 11345 43568 0.13
2 24 3 11346 8366440 0.13
3 25 3 11347 19626529 0.13
4 26 3 11348 64233 0.13
5 27 3 11349 28177 0.13
6 28 3 11350 46374 0.13
7 29 3 11351 79413 0.13
8 30 3 11352 9733439 0.13
9 31 3 11353 2506737 0.13
10 32 3 11354 2037776 0.13
11 33 3 11355 9071 0.13
12 34 3 11356 25000 0.13
13 35 3 11357 529432 0.13
14 36 3 11358 4223508 0.13
15 37 3 11359 122069 0.13
16 38 3 11360 6207 0.13
17 39 3 11361 3376768 0.13
18 40 3 11362 3534981 0.13
19 41 3 11363 28506 0.13
20 42 3 11364 1631168 0.13
21 43 3 11365 27279 0.13
22 44 3 11366 5379014 0.13
23 45 3 11367 9787 0.13
24 46 3 11368 58647 0.13
25 47 3 11369 8315233 0.13
26 48 3 11370 22203 0.13
27 49 3 11371 61798 0.13
28 50 3 11372 39917 0.13
29 51 3 11373 2188 0.13
30 52 3 11374 2727 0.13
31 53 3 11375 73540 0.13
32 54 3 11376 23577 0.13
33 55 3 11377 26350234 0.13
34 56 3 11378 44982 0.13
35 57 3 11379 2209 0.13
36 58 3 11380 7201850 0.13
37 59 3 11381 3175288 0.13
38 60 3 11382 599685 0.13
39 61 3 11383 1913806 0.13
40 62 3 11384 9007 0.13
41 63 3 11385 28687 0.13
42 0 3 11386 2892847 0.13
43 1 3 11387 968575 0.13
44 2 3 11388 9103 0.13
45 3 3 11389 1055361 0.13
46 4 3 11390 61215 0.13
47 5 3 11391 2026 0.13
48 6 3 11392 4545 0.13
49 7 3 11393 25592 0.13
50 8 3 11394 3048892 0.13
51 9 3 11395 112235 0.13
52 10 3 11396 1272347 0.13
53 11 3 11397 79485 0.13
54 12 3 11398 6894 0.13
55 13 3 11399 28810 0.13
56 14 3 11400 30230 0.13
57 15 3 11401 2469 0.13
58 16 3 11402 54575 0.13
59 17 3 11403 1938991 0.13
60 18 3 11404 63180 0.13
61 19 3 11405 6868 0.13
62 20 3 11406 5367634 0.13
63 21 3 11407 194409 0.13
0 23 3 11408 2082 0.13
1 24 3 11409 76625 0.13
2 25 3 11410 24193 0.13
3 26 3 11411 9486 0.13
4 27 3 11412 56747 0.13
5 28 3 11413 318476 0.13
6 29 3 11414 24056 0.13
7 30 3 11415 53823 0.13
8 31 3 11416 714970 0.13
9 32 3 11417 4992 0.13
10 33 3 11418 13102993 0.13
11 34 3 11419 3737 0.13
12 35 3 11420 79090 0.13
13 36 3 11421 74767 0.13
14 37 3 11422 22220990 0.13
15 38 3 11423 121403 0.13
16 39 3 11424 48090 0.13
17 40 3 11425 66185 0.13
18 41 3 11426 485366 0.13
19 42 3 11427 17359615 0.13
20 43 3 11428 25365 0.13
21 44 3 11429 2081 0.13
22 45 3 11430 1885200 0.13
23 46 3 11431 38960 0.13
24 47 3 11432 1329410 0.13
25 48 3 11433 426055 0.13
26 49 3 11434 1715013 0.13
27 50 3 11435 1351869 0.13
28 51 3 11436 36503 0.13
29 52 3 11437 2424 0.13
30 53 3 11438 107452 0.13
31 54 3 11439 2405265 0.13
32 55 3 11440 15017 0.13
33 56 3 11441 1791425 0.13
34 57 3 11442 64912 0.13
35 58 3 11443 963114 0.13
36 59 3 11444 453886 0.13
37 60 3 11445 2344930 0.13
38 61 3 11446 3417 0.13
39 62 3 11447 1761903 0.13
40 63 3 11448 63310 0.13
41 0 3 11449 29344 0.13
42 1 3 11450 2417 0.13
43 2 3 11451 19893 0.13
44 3 3 11452 2392 0.13
45 4 3 11453 7383641 0.13
46 5 3 11454 76626 0.13
47 6 3 11455 22748468 0.13
48 7 3 11456 102338 0.13
49 8 3 11457 25331 0.13
50 9 3 11458 1532909 0.13
51 10 3 11459 18220 0.13
52 11 3 11460 41394 0.13
53 12 3 11461 1808415 0.13
54 13 3 11462 3973948 0.13
55 14 3 11463 36384 0.13
56 15 3 11464 7958 0.13
57 16 3 11465 43603 0.13
58 17 3 11466 4684595 0.13
59 18 3 11467 1433077 0.13
60 19 3 11468 4839124 0.13
61 20 3 11469 47328 0.13
62 21 3 11470 12482389 0.13
63 22 3 11471 72200 0.13
0 24 3 11472 72505 0.13
1 25 3 11473 6736461 0.13
2 26 3 11474 77525 0.13
3 27 3 11475 2034442 0.13
4 28 3 11476 1270813 0.13
5 29 3 11477 4524 0.13
6 30 3 11478 219626 0.13
7 31 3 11479 2670238 0.13
8 32 3 11480 106527 0.13
9 33 3 11481 34242 0.13
10 34 3 11482 4604 0.13
11 35 3 11483 687353 0.13
12 36 3 11484 31299 0.13
13 37 3 11485 220973 0.13
14 38 3 11486 56026 0.13
15 39 3 11487 918118 0.13
16 40 3 11488 40309 0.13
17 41 3 11489 2398 0.13
18 42 3 11490 4101115 0.13
19 43 3 11491 40511 0.13
20 44 3 11492 28767065 0.13
21 45 3 11493 27455 0.13
22 46 3 11494 16684852 0.13
23 47 3 11495 8421741 0.13
24 48 3 11496 4252 0.13
25 49 3 11497 500100 0.13
26 50 3 11498 42662 0.13
27 51 3 11499 2032879 0.13
28 52 3 11500 835284 0.13
29 53 3 11501 8770671 0.13
30 54 3 11502 9422 0.13
31 55 3 11503 260583 0.13
32 56 3 11504 1813119 0.13
33 57 3 11505 2297 0.13
34 58 3 11506 3706 0.13
35 59 3 11507 1785153 0.13
36 60 3 11508 43265 0.13
37 61 3 11509 46570 0.13
38 62 3 11510 143847 0.13
39 63 3 11511 240758 0.13
40 0 3 11512 832496 0.13
41 1 3 11513 8487394 0.13
42 2 3 11514 44402 0.13
43 3 3 11515 1630844 0.13
44 4 3 11516 155294 0.13
45 5 3 11517 79875 0.13
46 6 3 11518 49606 0.13
47 7 3 11519 596485 0.13
48 8 3 11520 24961 0.13
49 9 3 11521 7075 0.13
50 10 3 11522 1356748 0.13
51 11 3 11523 72856 0.13
52 12 3 11524 47397 0.13
53 13 3 11525 134296 0.13
54 14 3 11526 26177 0.13
55 15 3 11527 26028 0.13
56 16 3 11528 60678 0.13
57 17 3 11529 27576741 0.13
58 18 3 11530 28557 0.13
59 19 3 11531 6177064 0.13
60 20 3 11532 71046 0.13
61 21 3 11533 7810 0.13
62 22 3 11534 3584788 0.13
63 23 3 11535 62009 0.13
0 25 3 11536 4960370 0.13
1 26 3 11537 60410 0.13
2 27 3 11538 5145 0.13
3 28 3 11539 855434 0.13
4 29 3 11540 3365636 0.13
5 30 3 11541 33917 0.13
6 31 3 11542 39485 0.13
7 32 3 11543 3545 0.13
8 33 3 11544 100865 0.13
9 34 3 11545 4739950 0.13
10 35 3 11546 3540861 0.13
11 36 3 11547 1118091 0.13
12 37 3 11548 6951746 0.13
13 38 3 11549 501600 0.13
14 39 3 11550 1936963 0.13
15 40 3 11551 75097 0.13
16 41 3 11552 7708 0.13
17 42 3 11553 20098 0.13
18 43 3 11554 9110 0.13
19 44 3 11555 1903730 0.13
20 45 3 11556 2183 0.13
21 46 3 11557 121179 0.13
22 47 3 11558 43782 0.13
23 48 3 11559 2109851 0.13
24 49 3 11560 117109 0.13
25 50 3 11561 295586 0.13
26 51 3 11562 5035 0.13
27 52 3 11563 31858 0.13
28 53 3 11564 29730029 0.13
29 54 3 11565 1188696 0.13
30 55 3 11566 79006 0.13
31 56 3 11567 1691645 0.13
32 57 3 11568 2700181 0.13
33 58 3 11569 4162 0.13
34 59 3 11570 11586487 0.13
35 60 3 11571 538708 0.13
36 61 3 11572 61532 0.13
37 62 3 11573 840871 0.13
38 63 3 11574 38902 0.13
39 0 3 11575 4338804 0.13
40 1 3 11576 1802629 0.13
41 2 3 11577 518351 0.13
42 3 3 11578 16392 0.13
43 4 3 11579 9733186 0.13
44 5 3 11580 57527 0.13
45 6 3 11581 5765162 0.13
46 7 3 11582 2878 0.13
47 8 3 11583 7932 0.13
48 9 3 11584 10603 0.13
49 10 3 11585 12931 0.13
50 11 3 11586 34532 0.13
51 12 3 11587 1093321 0.13
52 13 3 11588 39204 0.13
53 14 3 11589 7921718 0.13
54 15 3 11590 4847777 0.13
55 16 3 11591 3378011 0.13
56 17 3 11592 25060 0.13
57 18 3 11593 480456 0.13
58 19 3 11594 115728 0.13
59 20 3 11595 8013 0.13
60 21 3 11596 30564 0.13
61 22 3 11597 85962 0.13
62 23 3 11598 73670 0.13
63 24 3 11599 13727 0.13
0 26 3 11600 7971927 0.13
1 27 3 11601 10838 0.13
2 28 3 11602 669862 0.13
3 29 3 11603 1206327 0.13
4 30 3 11604 241111 0.13
5 31 3 11605 3275900 0.13
6 32 3 11606 137630 0.13
7 33 3 11607 2757088 0.13
8 34 3 11608 2211 0.13
9 35 3 11609 2439 0.13
10 36 3 11610 531629 0.13
11 37 3 11611 160179 0.13
12 38 3 11612 609039 0.13
13 39 3 11613 1669590 0.13
14 40 3 11614 53827 0.13
15 41 3 11615 511929 0.13
16 42 3 11616 72624 0.13
17 43 3 11617 417312 0.13
18 44 3 11618 28967 0.13
19 45 3 11619 9046440 0.13
20 46 3 11620 69141 0.13
21 47 3 11621 2140644 0.13
22 48 3 11622 879926 0.13
23 49 3 11623 29743 0.13
24 50 3 11624 4108 0.13
25 51 3 11625 3193 0.13
26 52 3 11626 59139 0.13
27 53 3 11627 69442 0.13
28 54 3 11628 20402 0.13
29 55 3 11629 253282 0.13
30 56 3 11630 32516 0.13
31 57 3 11631 1183628 0.13
32 58 3 11632 1341997 0.13
33 59 3 11633 3823320 0.13
34 60 3 11634 13582751 0.13
35 61 3 11635 8461 0.13
36 62 3 11636 44108 0.13
37 63 3 11637 134259 0.13
38 0 3 11638 33823 0.13
39 1 3 11639 65339 0.13
40 2 3 11640 26747 0.13
41 3 3 11641 24791 0.13
42 4 3 11642 5776 0.13
43 5 3 11643 29021 0.13
44 6 3 11644 46829 0.13
45 7 3 11645 323019 0.13
46 8 3 11646 24827 0.13
47 9 3 11647 3959225 0.13
48 10 3 11648 11939 0.13
49 11 3 11649 35487 0.13
50 12 3 11650 161749 0.13
51 13 3 11651 32542 0.13
52 14 3 11652 1631213 0.13
53 15 3 11653 72676 0.13
54 16 3 11654 76474 0.13
55 17 3 11655 72790 0.13
56 18 3 11656 31708 0.13
57 19 3 11657 2142 0.13
58 20 3 11658 8230914 0.13
59 21 3 11659 74333 0.13
60 22 3 11660 9763330 0.13
61 23 3 11661 21514 0.13
62 24 3 11662 40579 0.13
63 25 3 11663 2537 0.13
0 27 3 11664 71898 0.13
1 28 3 11665 4470184 0.13
2 29 3 11666 634080 0.13
3 30 3 11667 66289 0.13
4 31 3 11668 91469 0.13
5 32 3 11669 3415170 0.13
6 33 3 11670 57137 0.13
7 34 3 11671 4473671 0.13
8 35 3 11672 1275080 0.13
9 36 3 11673 1638567 0.13
10 37 3 11674 43187 0.13
11 38 3 11675 50134 0.13
12 39 3 11676 149054 0.13
13 40 3 11677 18931 0.13
14 41 3 11678 119810 0.13
15 42 3 11679 4147 0.13
16 43 3 11680 74058 0.13
17 44 3 11681 1644041 0.13
18 45 3 11682 27972 0.13
19 46 3 11683 22727133 0.13
20 47 3 11684 843189 0.13
21 48 3 11685 7504 0.13
22 49 3 11686 13388543 0.13
23 50 3 11687 48780 0.13
24 51 3 11688 1948972 0.13
25 52 3 11689 37817 0.13
26 53 3 11690 7782040 0.13
27 54 3 11691 1549651 0.13
28 55 3 11692 19811 0.13
29 56 3 11693 75182 0.13
30 57 3 11694 73094 0.13
31 58 3 11695 2437 0.13
32 59 3 11696 8962 0.13
33 60 3 11697 36608 0.13
34 61 3 11698 67017 0.13
35 62 3 11699 63151 0.13
36 63 3 11700 250084 0.13
37 0 3 11701 76655 0.13
38 1 3 11702 35593 0.13
39 2 3 11703 304544 0.13
40 3 3 11704 12500 0.13
41 4 3 11705 23743825 0.13
42 5 3 11706 1393193 0.13
43 6 3 11707 29923 0.13
44 7 3 11708 37274 0.13
45 8 3 11709 2848681 0.13
46 9 3 11710 84011 0.13
47 10 3 11711 1087398 0.13
48 11 3 11712 29979 0.13
49 12 3 11713 2472464 0.13
50 13 3 11714 43671 0.13
51 14 3 11715 790451 0.13
52 15 3 11716 16598687 0.13
53 16 3 11717 172060 0.13
54 17 3 11718 1967548 0.13
55 18 3 11719 1253242 0.13
56 19 3 11720 904349 0.13
57 20 3 11721 2188 0.13
58 21 3 11722 67213 0.13
59 22 3 11723 9790764 0.13
60 23 3 11724 1829039 0.13
61 24 3 11725 1761620 0.13
62 25 3 11726 161658 0.13
63 26 3 11727 1214001 0.13
0 28 3 11728 171754 0.13
1 29 3 11729 14102 0.13
2 30 3 11730 432201 0.13
3 31 3 11731 357886 0.13
4 32 3 11732 3235013 0.13
5 33 3 11733 9822 0.13
6 34 3 11734 845815 0.13
7 35 3 11735 2254 0.13
8 36 3 11736 8443226 0.13
9 37 3 11737 6791 0.13
10 38 3 11738 2094 0.13
11 39 3 11739 32738 0.13
12 40 3 11740 10286 0.13
13 41 3 11741 924002 0.13
14 42 3 11742 52394 0.13
15 43 3 11743 1749723 0.13
16 44 3 11744 6465782 0.13
17 45 3 11745 4184531 0.13
18 46 3 11746 1358372 0.13
19 47 3 11747 3359 0.13
20 48 3 11748 9046 0.13
21 49 3 11749 20734 0.13
22 50 3 11750 35009 0.13
23 51 3 11751 697814 0.13
24 52 3 11752 78956 0.13
25 53 3 11753 32750 0.13
26 54 3 11754 14636 0.13
27 55 3 11755 5866011 0.13
28 56 3 11756 38465 0.13
29 57 3 11757 40857 0.13
30 58 3 11758 1719897 0.13
31 59 3 11759 1209245 0.13
32 60 3 11760 546472 0.13
33 61 3 11761 946506 0.13
34 62 3 11762 280612 0.13
35 63 3 11763 18452 0.13
36 0 3 11764 24651 0.13
37 1 3 11765 128148 0.13
38 2 3 11766 22486 0.13
39 3 3 11767 11940418 0.13
40 4 3 11768 29761 0.13
41 5 3 11769 28900 0.13
42 6 3 11770 20727 0.13
43 7 3 11771 1049882 0.13
44 8 3 11772 33408 0.13
45 9 3 11773 39760 0.13
46 10 3 11774 7407169 0.13
47 11 3 11775 1954053 0.13
48 12 3 11776 27345 0.13
49 13 3 11777 7749 0.13
50 14 3 11778 812977 0.13
51 15 3 11779 45938 0.13
52 16 3 11780 16773691 0.13
53 17 3 11781 2551323 0.13
54 18 3 11782 8900633 0.13
55 19 3 11783 2138475 0.13
56 20 3 11784 29045 0.13
57 21 3 11785 28763 0.13
58 22 3 11786 1141412 0.13
59 23 3 11787 39272 0.13
60 24 3 11788 59779 0.13
61 25 3 11789 25644 0.13
62 26 3 11790 68249 0.13
63 27 3 11791 20206 0.13
0 29 3 11792 94705 0.13
1 30 3 11793 7358852 0.13
2 31 3 11794 969370 0.13
3 32 3 11795 8981 0.13
4 33 3 11796 325416 0.13
5 34 3 11797 177423 0.13
6 35 3 11798 24245 0.13
7 36 3 11799 758671 0.13
8 37 3 11800 81785 0.13
9 38 3 11801 503556 0.13
10 39 3 11802 2674 0.13
11 40 3 11803 53069 0.13
12 41 3 11804 1173580 0.13
13 42 3 11805 6043 0.13
14 43 3 11806 1707660 0.13
15 44 3 11807 2025 0.13
16 45 3 11808 114890 0.13
17 46 3 11809 7078548 0.13
18 47 3 11810 51594 0.13
19 48 3 11811 7502292 0.13
20 49 3 11812 4351988 0.13
21 50 3 11813 67872 0.13
22 51 3 11814 19891 0.13
23 52 3 11815 9565288 0.13
24 53 3 11816 34233 0.13
25 54 3 11817 567183 0.13
26 55 3 11818 5566925 0.13
27 56 3 11819 5262 0.13
28 57 3 11820 155657 0.13
29 58 3 11821 88832 0.13
30 59 3 11822 1231176 0.13
31 60 3 11823 7619241 0.13
32 61 3 11824 5944980 0.13
33 62 3 11825 15012 0.13
34 63 3 11826 4467349 0.13
35 0 3 11827 15157 0.13
36 1 3 11828 6402486 0.13
37 2 3 11829 28114535 0.13
38 3 3 11830 49398 0.13
39 4 3 11831 72011 0.13
40 5 3 11832 7614910 0.13
41 6 3 11833 9437955 0.13
42 7 3 11834 6859978 0.13
43 8 3 11835 4302295 0.13
44 9 3 11836 2046 0.13
45 10 3 11837 145077 0.13
46 11 3 11838 6584 0.13
47 12 3 11839 18662592 0.13
48 13 3 11840 28456 0.13
49 14 3 11841 22732980 0.13
50 15 3 11842 102800 0.13
51 16 3 11843 71672 0.13
52 17 3 11844 7754321 0.13
53 18 3 11845 3531792 0.13
54 19 3 11846 65697 0.13
55 20 3 11847 18562 0.13
56 21 3 11848 7011 0.13
57 22 3 11849 12498 0.13
58 23 3 11850 63595 0.13
59 24 3 11851 25726 0.13
60 25 3 11852 17239 0.13
61 26 3 11853 1366178 0.13
62 27 3 11854 1907676 0.13
63 28 3 11855 144767 0.13
0 30 3 11856 1572827 0.13
1 31 3 11857 15098 0.13
2 32 3 11858 3684395 0.13
3 33 3 11859 4911282 0.13
4 34 3 11860 2809694 0.13
5 35 3 11861 76603 0.13
6 36 3 11862 5071 0.13
7 37 3 11863 754046 0.13
8 38 3 11864 16956 0.13
9 39 3 11865 9248 0.13
10 40 3 11866 34720 0.13
11 41 3 11867 24804 0.13
12 42 3 11868 26078 0.13
13 43 3 11869 23552 0.13
14 44 3 11870 1537566 0.13
15 45 3 11871 8859630 0.13
16 46 3 11872 30389 0.13
17 47 3 11873 1228825 0.13
18 48 3 11874 2057 0.13
19 49 3 11875 629466 0.13
20 50 3 11876 942148 0.13
21 51 3 11877 3348 0.13
22 52 3 11878 7457 0.13
23 53 3 11879 31361 0.13
24 54 3 11880 51249 0.13
25 55 3 11881 73658 0.13
26 56 3 11882 4853551 0.13
27 57 3 11883 1035570 0.13
28 58 3 11884 32195 0.13
29 59 3 11885 7393 0.13
30 60 3 11886 6152170 0.13
31 61 3 11887 29503 0.13
32 62 3 11888 317003 0.13
33 63 3 11889 21912 0.13
34 0 3 11890 8685 0.13
35 1 3 11891 10637 0.13
36 2 3 11892 1477348 0.13
37 3 3 11893 245911 0.13
38 4 3 11894 53656 0.13
39 5 3 11895 112973 0.13
40 6 3 11896 66344 0.13
41 7 3 11897 92887 0.13
42 8 3 11898 712755 0.13
43 9 3 11899 21841 0.13
44 10 3 11900 24746 0.13
45 11 3 11901 1547395 0.13
46 12 3 11902 4194051 0.13
47 13 3 11903 4730 0.13
48 14 3 11904 60787 0.13
49 15 3 11905 1037661 0.13
50 16 3 11906 4467 0.13
51 17 3 11907 138574 0.13
52 18 3 11908 3323 0.13
53 19 3 11909 110255 0.13
54 20 3 11910 74343 0.13
55 21 3 11911 153202 0.13
56 22 3 11912 9988 0.13
57 23 3 11913 35623 0.13
58 24 3 11914 77771 0.13
59 25 3 11915 7299 0.13
60 26 3 11916 20540 0.13
61 27 3 11917 171110 0.13
62 28 3 11918 5365 0.13
63 29 3 11919 75471 0.13
0 31 3 11920 2260762 0.13
1 32 3 11921 62330 0.13
2 33 3 11922 76134 0.13
3 34 3 11923 63107 0.13
4 35 3 11924 3041 0.13
5 36 3 11925 64394 0.13
6 37 3 11926 2207460 0.13
7 38 3 11927 1232800 0.13
8 39 3 11928 49189 0.13
9 40 3 11929 2493596 0.13
10 41 3 11930 1458044 0.13
11 42 3 11931 162819 0.13
12 43 3 11932 2437 0.13
13 44 3 11933 38905 0.13
14 45 3 11934 3463 0.13
15 46 3 11935 26082440 0.13
16 47 3 11936 7470199 0.13
17 48 3 11937 3831 0.13
18 49 3 11938 7412540 0.13
19 50 3 11939 2256 0.13
20 51 3 11940 52046 0.13
21 52 3 11941 1689720 0.13
22 53 3 11942 1658276 0.13
23 54 3 11943 15555523 0.13
24 55 3 11944 567046 0.13
25 56 3 11945 54698 0.13
26 57 3 11946 25237732 0.13
27 58 3 11947 46495 0.13
28 59 3 11948 4088608 0.13
29 60 3 11949 5483379 0.13
30 61 3 11950 45129 0.13
31 62 3 11951 861842 0.13
32 63 3 11952 694340 0.13
33 0 3 11953 95943 0.13
34 1 3 11954 628272 0.13
35 2 3 11955 39553 0.13
36 3 3 11956 15694 0.13
37 4 3 11957 92443 0.13
38 5 3 11958 79732 0.13
39 6 3 11959 1278581 0.13
40 7 3 11960 22269 0.13
41 8 3 11961 2017 0.13
42 9 3 11962 2136 0.13
43 10 3 11963 29836 0.13
44 11 3 11964 787998 0.13
45 12 3 11965 104763 0.13
46 13 3 11966 83314 0.13
47 14 3 11967 2700813 0.13
48 15 3 11968 24751 0.13
49 16 3 11969 39231 0.13
50 17 3 11970 27564 0.13
51 18 3 11971 7672168 0.13
52 19 3 11972 1250239 0.13
53 20 3 11973 7027 0.13
54 21 3 11974 2284345 0.13
55 22 3 11975 54440 0.13
56 23 3 11976 1660534 0.13
57 24 3 11977 4512698 0.13
58 25 3 11978 2078 0.13
59 26 3 11979 20608 0.13
60 27 3 11980 6071 0.13
61 28 3 11981 2281 0.13
62 29 3 11982 196202 0.13
63 30 3 11983 1032862 0.13
0 32 3 11984 2482 0.13
1 33 3 11985 1405410 0.13
2 34 3 11986 50522 0.13
3 35 3 11987 23433 0.13
4 36 3 11988 21726 0.13
5 37 3 11989 3911907 0.13
6 38 3 11990 2951 0.13
7 39 3 11991 73975 0.13
8 40 3 11992 28926 0.13
9 41 3 11993 2473587 0.13
10 42 3 11994 1315174 0.13
11 43 3 11995 33780 0.13
12 44 3 11996 196430 0.13
13 45 3 11997 780255 0.13
14 46 3 11998 34133 0.13
15 47 3 11999 30352 0.13
16 48 3 12000 9460 0.13
17 49 3 12001 681699 0.13
18 50 3 12002 22104 0.13
19 51 3 12003 30100 0.13
20 52 3 12004 3267 0.13
21 53 3 12005 8465732 0.13
22 54 3 12006 4391416 0.13
23 55 3 12007 5826976 0.13
24 56 3 12008 407945 0.13
25 57 3 12009 56277 0.13
26 58 3 12010 72066 0.13
27 59 3 12011 11526823 0.13
28 60 3 12012 7970457 0.13
29 61 3 12013 770740 0.13
30 62 3 12014 1858045 0.13
31 63 3 12015 33746 0.13
32 0 3 12016 53767 0.13
33 1 3 12017 9937 0.13
34 2 3 12018 45292 0.13
35 3 3 12019 1544160 0.13
36 4 3 12020 66965 0.13
37 5 3 12021 3480227 0.13
38 6 3 12022 30147 0.13
39 7 3 12023 1075767 0.13
40 8 3 12024 2173284 0.13
41 9 3 12025 6052940 0.13
42 10 3 12026 135518 0.13
43 11 3 12027 9841870 0.13
44 12 3 12028 126777 0.13
45 13 3 12029 8727 0.13
46 14 3 12030 24285 0.13
47 15 3 12031 20333 0.13
48 16 3 12032 573646 0.13
49 17 3 12033 6587578 0.13
50 18 3 12034 3414001 0.13
51 19 3 12035 5472 0.13
52 20 3 12036 1245847 0.13
53 21 3 12037 18096 0.13
54 22 3 12038 26846 0.13
55 23 3 12039 789375 0.13
56 24 3 12040 223376 0.13
57 25 3 12041 4208613 0.13
58 26 3 12042 17632 0.13
59 27 3 12043 1616964 0.13
60 28 3 12044 1243052 0.13
61 29 3 12045 129457 0.13
62 30 3 12046 68321 0.13
63 31 3 12047 4084215 0.13
0 33 3 12048 36592 0.13
1 34 3 12049 9072840 0.13
2 35 3 12050 2076 0.13
3 36 3 12051 7654268 0.13
4 37 3 12052 9434111 0.13
5 38 3 12053 7385 0.13
6 39 3 12054 29714671 0.13
7 40 3 12055 68212 0.13
8 41 3 12056 24259 0.13
9 42 3 12057 235212 0.13
10 43 3 12058 20451 0.13
11 44 3 12059 6080461 0.13
12 45 3 12060 117850 0.13
13 46 3 12061 1755138 0.13
14 47 3 12062 46132 0.13
15 48 3 12063 86257 0.13
16 49 3 12064 41851 0.13
17 50 3 12065 26156 0.13
18 51 3 12066 76034 0.13
19 52 3 12067 72448 0.13
20 53 3 12068 5902 0.13
21 54 3 12069 17545637 0.13
22 55 3 12070 66036 0.13
23 56 3 12071 3191935 0.13
24 57 3 12072 6023607 0.13
25 58 3 12073 44140 0.13
26 59 3 12074 53214 0.13
27 60 3 12075 135756 0.13
28 61 3 12076 22127 0.13
29 62 3 12077 9673 0.13
30 63 3 12078 26077 0.13
31 0 3 12079 7482732 0.13
32 1 3 12080 164245 0.13
33 2 3 12081 54056 0.13
34 3 3 12082 10482 0.13
35 4 3 12083 35973 0.13
36 5 3 12084 45967 0.13
37 6 3 12085 3000881 0.13
38 7 3 12086 72915 0.13
39 8 3 12087 636863 0.13
40 9 3 12088 878772 0.13
41 10 3 12089 25732 0.13
42 11 3 12090 2647758 0.13
43 12 3 12091 9750590 0.13
44 13 3 12092 533555 0.13
45 14 3 12093 70906 0.13
46 15 3 12094 13646 0.13
47 16 3 12095 1949755 0.13
48 17 3 12096 13853 0.13
49 18 3 12097 1203135 0.13
50 19 3 12098 70380 0.13
51 20 3 12099 6207099 0.13
52 21 3 12100 100806 0.13
53 22 3 12101 534475 0.13
54 23 3 12102 3111 0.13
55 24 3 12103 2284 0.13
56 25 3 12104 3400921 0.13
57 26 3 12105 8227722 0.13
58 27 3 12106 745724 0.13
59 28 3 12107 1643388 0.13
60 29 3 12108 52859 0.13
61 30 3 12109 3276341 0.13
62 31 3 12110 23143 0.13
63 32 3 12111 1071695 0.13
0 34 3 12112 2045 0.13
1 35 3 12113 74399 0.13
2 36 3 12114 44640 0.13
3 37 3 12115 342681 0.13
4 38 3 12116 734037 0.13
5 39 3 12117 332154 0.13
6 40 3 12118 69200 0.13
7 41 3 12119 70274 0.13
8 42 3 12120 2033 0.13
9 43 3 12121 117103 0.13
10 44 3 12122 2059 0.13
11 45 3 12123 79865 0.13
12 46 3 12124 27474 0.13
13 47 3 12125 14986232 0.13
14 48 3 12126 2085 0.13
15 49 3 12127 2394716 0.13
16 50 3 12128 792263 0.13
17 51 3 12129 2185030 0.13
18 52 3 12130 5698097 0.13
19 53 3 12131 6561 0.13
20 54 3 12132 5741 0.13
21 55 3 12133 9911 0.13
22 56 3 12134 18386 0.13
23 57 3 12135 79182 0.13
24 58 3 12136 2456431 0.13
25 59 3 12137 26732 0.13
26 60 3 12138 49379 0.13
27 61 3 12139 44610 0.13
28 62 3 12140 51390 0.13
29 63 3 12141 140003 0.13
30 0 3 12142 23488687 0.13
31 1 3 12143 22585 0.13
32 2 3 12144 872333 0.13
33 3 3 12145 3436013 0.13
34 4 3 12146 629885 0.13
35 5 3 12147 3746574 0.13
36 6 3 12148 1595858 0.13
37 7 3 12149 5545 0.13
38 8 3 12150 45852 0.13
39 9 3 12151 118916 0.13
40 10 3 12152 2928 0.13
41 11 3 12153 2047 0.13
42 12 3 12154 14276 0.13
43 13 3 12155 73044 0.13
44 14 3 12156 57825 0.13
45 15 3 12157 1843763 0.13
46 16 3 12158 141468 0.13
47 17 3 12159 3738809 0.13
48 18 3 12160 5675 0.13
49 19 3 12161 79575 0.13
50 20 3 12162 2400 0.13
51 21 3 12163 21141 0.13
52 22 3 12164 4043506 0.13
53 23 3 12165 4626629 0.13
54 24 3 12166 67423 0.13
55 25 3 12167 2454 0.13
56 26 3 12168 4204 0.13
57 27 3 12169 6827486 0.13
58 28 3 12170 4979349 0.13
59 29 3 12171 137445 0.13
60 30 3 12172 2272 0.13
61 31 3 12173 7054740 0.13
62 32 3 12174 32896 0.13
63 33 3 12175 9390656 0.13
0 35 3 12176 177776 0.13
1 36 3 12177 1522544 0.13
2 37 3 12178 1127113 0.13
3 38 3 12179 49659 0.13
4 39 3 12180 4385 0.13
5 40 3 12181 12490 0.13
6 41 3 12182 24047 0.13
7 42 3 12183 3039516 0.13
8 43 3 12184 47831 0.13
9 44 3 12185 4895773 0.13
10 45 3 12186 36345 0.13
11 46 3 12187 1556092 0.13
12 47 3 12188 9196 0.13
13 48 3 12189 22318638 0.13
14 49 3 12190 1241635 0.13
15 50 3 12191 73259 0.13
16 51 3 12192 12882218 0.13
17 52 3 12193 2758 0.13
18 53 3 12194 58558 0.13
19 54 3 12195 3160239 0.13
20 55 3 12196 38118 0.13
21 56 3 12197 1690056 0.13
22 57 3 12198 8918456 0.13
23 58 3 12199 49340 0.13
24 59 3 12200 1735549 0.13
25 60 3 12201 2228 0.13
26 61 3 12202 27332 0.13
27 62 3 12203 25057252 0.13
28 63 3 12204 70908 0.13
29 0 3 12205 41162 0.13
30 1 3 12206 7938774 0.13
31 2 3 12207 57349 0.13
32 3 3 12208 837558 0.13
33 4 3 12209 685375 0.13
34 5 3 12210 4998 0.13
35 6 3 12211 348927 0.13
36 7 3 12212 1980551 0.13
37 8 3 12213 1131085 0.13
38 9 3 12214 4742 0.13
39 10 3 12215 10844 0.13
40 11 3 12216 1116771 0.13
41 12 3 12217 471207 0.13
42 13 3 12218 1396552 0.13
43 14 3 12219 33335 0.13
44 15 3 12220 6524 0.13
45 16 3 12221 2025 0.13
46 17 3 12222 31653 0.13
47 18 3 12223 41983 0.13
48 19 3 12224 26976 0.13
49 20 3 12225 8600 0.13
50 21 3 12226 17478 0.13
51 22 3 12227 61271 0.13
52 23 3 12228 122411 0.13
53 24 3 12229 51856 0.13
54 25 3 12230 2183 0.13
55 26 3 12231 40782 0.13
56 27 3 12232 5514 0.13
57 28 3 12233 196646 0.13
58 29 3 12234 34886 0.13
59 30 3 12235 47047 0.13
60 31 3 12236 29184 0.13
61 32 3 12237 47559 0.13
62 33 3 12238 4928 0.13
63 34 3 12239 5081146 0.13
0 36 3 12240 5371969 0.13
1 37 3 12241 15448709 0.13
2 38 3 12242 151932 0.13
3 39 3 12243 13916 0.13
4 40 3 12244 46146 0.13
5 41 3 12245 9107 0.13
6 42 3 12246 30226 0.13
7 43 3 12247 71490 0.13
8 44 3 12248 3428 0.13
9 45 3 12249 58002 0.13
10 46 3 12250 54869 0.13
11 47 3 12251 69437 0.13
12 48 3 12252 4384 0.13
13 49 3 12253 25169 0.13
14 50 3 12254 24659 0.13
15 51 3 12255 400269 0.13
16 52 3 12256 189382 0.13
17 53 3 12257 19109 0.13
18 54 3 12258 6557 0.13
19 55 3 12259 30931 0.13
20 56 3 12260 8487390 0.13
21 57 3 12261 36443 0.13
22 58 3 12262 361537 0.13
23 59 3 12263 2122293 0.13
24 60 3 12264 35908 0.13
25 61 3 12265 36947 0.13
26 62 3 12266 2464264 0.13
27 63 3 12267 3785254 0.13
28 0 3 12268 12816917 0.13
29 1 3 12269 8889 0.13
30 2 3 12270 34133 0.13
31 3 3 12271 8377065 0.13
32 4 3 12272 20085 0.13
33 5 3 12273 32836 0.13
34 6 3 12274 9612473 0.13
35 7 3 12275 9908944 0.13
36 8 3 12276 29144 0.13
37 9 3 12277 959662 0.13
38 10 3 12278 71001 0.13
39 11 3 12279 158650 0.13
40 12 3 12280 24242 0.13
41 13 3 12281 45211 0.13
42 14 3 12282 2494835 0.13
43 15 3 12283 48587 0.13
44 16 3 12284 7111 0.13
45 17 3 12285 138029 0.13
46 18 3 12286 186674 0.13
47 19 3 12287 106792 0.13
48 20 3 12288 853701 0.13
49 21 3 12289 114455 0.13
50 22 3 12290 8786043 0.13
51 23 3 12291 64220 0.13
52 24 3 12292 1083670 0.13
53 25 3 12293 58874 0.13
54 26 3 12294 29133 0.13
55 27 3 12295 942682 0.13
56 28 3 12296 2568967 0.13
57 29 3 12297 1956568 0.13
58 30 3 12298 52109 0.13
59 31 3 12299 72916 0.13
60 32 3 12300 466688 0.13
61 33 3 12301 24202 0.13
62 34 3 12302 669303 0.13
63 35 3 12303 1152363 0.13
0 37 3 12304 1890767 0.13
1 38 3 12305 4177 0.13
2 39 3 12306 23800409 0.13
3 40 3 12307 68284 0.13
4 41 3 12308 50185 0.13
5 42 3 12309 74602 0.13
6 43 3 12310 6456584 0.13
7 44 3 12311 933670 0.13
8 45 3 12312 103391 0.13
9 46 3 12313 1907209 0.13
10 47 3 12314 41905 0.13
11 48 3 12315 4865045 0.13
12 49 3 12316 91838 0.13
13 50 3 12317 505442 0.13
14 51 3 12318 4948 0.13
15 52 3 12319 1689540 0.13
16 53 3 12320 660813 0.13
17 54 3 12321 41001 0.13
18 55 3 12322 575998 0.13
19 56 3 12323 2423 0.13
20 57 3 12324 19072137 0.13
21 58 3 12325 819775 0.13
22 59 3 12326 49923 0.13
23 60 3 12327 1526827 0.13
24 61 3 12328 9694055 0.13
25 62 3 12329 57028 0.13
26 63 3 12330 2052 0.13
27 0 3 12331 25873 0.13
28 1 3 12332 75540 0.13
29 2 3 12333 77414 0.13
30 3 3 12334 166602 0.13
31 4 3 12335 157546 0.13
32 5 3 12336 60564 0.13
33 6 3 12337 48226 0.13
34 7 3 12338 1723422 0.13
35 8 3 12339 180439 0.13
36 9 3 12340 73184 0.13
37 10 3 12341 38993 0.13
38 11 3 12342 2160 0.13
39 12 3 12343 6363 0.13
40 13 3 12344 53686 0.13
41 14 3 12345 9409133 0.13
42 15 3 12346 7285 0.13
43 16 3 12347 7905439 0.13
44 17 3 12348 9334 0.13
45 18 3 12349 32378 0.13
46 19 3 12350 62769 0.13
47 20 3 12351 20686 0.13
48 21 3 12352 69136 0.13
49 22 3 12353 67575 0.13
50 23 3 12354 58807 0.13
51 24 3 12355 974106 0.13
52 25 3 12356 33781 0.13
53 26 3 12357 30052 0.13
54 27 3 12358 2305578 0.13
55 28 3 12359 7206 0.13
56 29 3 12360 3475400 0.13
57 30 3 12361 583759 0.13
58 31 3 12362 817114 0.13
59 32 3 12363 12870 0.13
60 33 3 12364 19266980 0.13
61 34 3 12365 24391 0.13
62 35 3 12366 14890 0.13
63 36 3 12367 12027 0.13
0 38 3 12368 131169 0.13
1 39 3 12369 9175901 0.13
2 40 3 12370 23185 0.13
3 41 3 12371 51164 0.13
4 42 3 12372 16890 0.13
5 43 3 12373 523831 0.13
6 44 3 12374 57415 0.13
7 45 3 12375 2222 0.13
8 46 3 12376 312855 0.13
9 47 3 12377 19464 0.13
10 48 3 12378 186633 0.13
11 49 3 12379 47767 0.13
12 50 3 12380 1047356 0.13
13 51 3 12381 20578 0.13
14 52 3 12382 1523254 0.13
15 53 3 12383 2261893 0.13
16 54 3 12384 3379 0.13
17 55 3 12385 6140 0.13
18 56 3 12386 4159379 0.13
19 57 3 12387 17391 0.13
20 58 3 12388 35196 0.13
21 59 3 12389 63280 0.13
22 60 3 12390 26235 0.13
23 61 3 12391 3879096 0.13
24 62 3 12392 79472 0.13
25 63 3 12393 512868 0.13
26 0 3 12394 194807 0.13
27 1 3 12395 290467 0.13
28 2 3 12396 177722 0.13
29 3 3 12397 39584 0.13
30 4 3 12398 3365534 0.13
31 5 3 12399 338901 0.13
32 6 3 12400 2412147 0.13
33 7 3 12401 1059883 0.13
34 8 3 12402 29744 0.13
35 9 3 12403 315876 0.13
36 10 3 12404 4932 0.13
37 11 3 12405 8715 0.13
38 12 3 12406 7428 0.13
39 13 3 12407 31076 0.13
40 14 3 12408 16608 0.13
41 15 3 12409 947492 0.13
42 16 3 12410 75574 0.13
43 17 3 12411 54209 0.13
44 18 3 12412 9029 0.13
45 19 3 12413 46741 0.13
46 20 3 12414 17150 0.13
47 21 3 12415 484013 0.13
48 22 3 12416 947463 0.13
49 23 3 12417 562080 0.13
50 24 3 12418 29933035 0.13
51 25 3 12419 122707 0.13
52 26 3 12420 70686 0.13
53 27 3 12421 9223 0.13
54 28 3 12422 32916 0.13
55 29 3 12423 61769 0.13
56 30 3 12424 2752 0.13
57 31 3 12425 41807 0.13
58 32 3 12426 2047 0.13
59 33 3 12427 8922 0.13
60 34 3 12428 2456478 0.13
61 35 3 12429 9559220 0.13
62 36 3 12430 74331 0.13
63 37 3 12431 71916 0.13
0 39 3 12432 877573 0.13
1 40 3 12433 53607 0.13
2 41 3 12434 3196754 0.13
3 42 3 12435 70469 0.13
4 43 3 12436 4786 0.13
5 44 3 12437 2244 0.13
6 45 3 12438 1610566 0.13
7 46 3 12439 29208 0.13
8 47 3 12440 27485 0.13
9 48 3 12441 93043 0.13
10 49 3 12442 13641 0.13
11 50 3 12443 63228 0.13
12 51 3 12444 1425182 0.13
13 52 3 12445 1659195 0.13
14 53 3 12446 113816 0.13
15 54 3 12447 7056 0.13
16 55 3 12448 7136 0.13
17 56 3 12449 1751130 0.13
18 57 3 12450 2698484 0.13
19 58 3 12451 43372 0.13
20 59 3 12452 2678327 0.13
21 60 3 12453 2388 0.13
22 61 3 12454 1189802 0.13
23 62 3 12455 108034 0.13
24 63 3 12456 23183818 0.13
25 0 3 12457 6193 0.13
26 1 3 12458 2902121 0.13
27 2 3 12459 1513454 0.13
28 3 3 12460 29770 0.13
29 4 3 12461 29541779 0.13
30 5 3 12462 61476 0.13
31 6 3 12463 39715 0.13
32 7 3 12464 2501857 0.13
33 8 3 12465 59016 0.13
34 9 3 12466 25971789 0.13
35 10 3 12467 1756316 0.13
36 11 3 12468 23694 0.13
37 12 3 12469 2321081 0.13
38 13 3 12470 179298 0.13
39 14 3 12471 40126 0.13
40 15 3 12472 1107539 0.13
41 16 3 12473 462165 0.13
42 17 3 12474 13196 0.13
43 18 3 12475 9138 0.13
44 19 3 12476 20661 0.13
45 20 3 12477 20694 0.13
46 21 3 12478 3155 0.13
47 22 3 12479 40163 0.13
48 23 3 12480 28108 0.13
49 24 3 12481 95031 0.13
50 25 3 12482 34730 0.13
51 26 3 12483 1040537 0.13
52 27 3 12484 28933 0.13
53 28 3 12485 26734 0.13
54 29 3 12486 3740505 0.13
55 30 3 12487 20325534 0.13
56 31 3 12488 834394 0.13
57 32 3 12489 5665 0.13
58 33 3 12490 9483713 0.13
59 34 3 12491 1856910 0.13
60 35 3 12492 6340622 0.13
61 36 3 12493 24990817 0.13
62 37 3 12494 4011427 0.13
63 38 3 12495 8151 0.13
0 40 3 12496 3982363 0.13
1 41 3 12497 24967 0.13
2 42 3 12498 1113948 0.13
3 43 3 12499 2854454 0.13
4 44 3 12500 1614735 0.13
5 45 3 12501 809876 0.13
6 46 3 12502 70644 0.13
7 47 3 12503 161300 0.13
8 48 3 12504 26871 0.13
9 49 3 12505 53282 0.13
10 50 3 12506 61998 0.13
11 51 3 12507 469022 0.13
12 52 3 12508 4403752 0.13
13 53 3 12509 5516 0.13
14 54 3 12510 76680 0.13
15 55 3 12511 27822 0.13
16 56 3 12512 7595436 0.13
17 57 3 12513 43814 0.13
18 58 3 12514 8589577 0.13
19 59 3 12515 35457 0.13
20 60 3 12516 2012 0.13
21 61 3 12517 1741352 0.13
22 62 3 12518 1327240 0.13
23 63 3 12519 1309319 0.13
24 0 3 12520 63488 0.13
25 1 3 12521 713150 0.13
26 2 3 12522 41644 0.13
27 3 3 12523 3433 0.13
28 4 3 12524 87584 0.13
29 5 3 12525 21782 0.13
30 6 3 12526 56840 0.13
31 7 3 12527 21185 0.13
32 8 3 12528 26853 0.13
33 9 3 12529 2850308 0.13
34 10 3 12530 37551 0.13
35 11 3 12531 162171 0.13
36 12 3 12532 141957 0.13
37 13 3 12533 69693 0.13
38 14 3 12534 38747 0.13
39 15 3 12535 860415 0.13
40 16 3 12536 2478 0.13
41 17 3 12537 5970 0.13
42 18 3 12538 1838897 0.13
43 19 3 12539 63749 0.13
44 20 3 12540 7938 0.13
45 21 3 12541 3729547 0.13
46 22 3 12542 59527 0.13
47 23 3 12543 2003 0.13
48 24 3 12544 9145126 0.13
49 25 3 12545 20231 0.13
50 26 3 12546 908735 0.13
51 27 3 12547 8553 0.13
52 28 3 12548 599977 0.13
53 29 3 12549 11795 0.13
54 30 3 12550 7337540 0.13
55 31 3 12551 27401 0.13
56 32 3 12552 636703 0.13
57 33 3 12553 25038 0.13
58 34 3 12554 44368 0.13
59 35 3 12555 5271447 0.13
60 36 3 12556 13105 0.13
61 37 3 12557 49268 0.13
62 38 3 12558 31101 0.13
63 39 3 12559 995530 0.13
0 41 3 12560 23414 0.13
1 42 3 12561 643881 0.13
2 43 3 12562 1036980 0.13
3 44 3 12563 2005 0.13
4 45 3 12564 67724 0.13
5 46 3 12565 8615 0.13
6 47 3 12566 22619 0.13
7 48 3 12567 839861 0.13
8 49 3 12568 2046 0.13
9 50 3 12569 964776 0.13
10 51 3 12570 2513270 0.13
11 52 3 12571 22103272 0.13
12 53 3 12572 55149 0.13
13 54 3 12573 8574 0.13
14 55 3 12574 3957 0.13
15 56 3 12575 46613 0.13
16 57 3 12576 1307633 0.13
17 58 3 12577 6194 0.13
18 59 3 12578 32670 0.13
19 60 3 12579 4429669 0.13
20 61 3 12580 8970 0.13
21 62 3 12581 1734604 0.13
22 63 3 12582 1531578 0.13
23 0 3 12583 8651 0.13
24 1 3 12584 25293436 0.13
25 2 3 12585 9428 0.13
26 3 3 12586 80871 0.13
27 4 3 12587 2042 0.13
28 5 3 12588 600161 0.13
29 6 3 12589 59253 0.13
30 7 3 12590 1224320 0.13
31 8 3 12591 424640 0.13
32 9 3 12592 10274 0.13
33 10 3 12593 52702 0.13
34 11 3 12594 892529 0.13
35 12 3 12595 3798875 0.13
36 13 3 12596 5068 0.13
37 14 3 12597 6037 0.13
38 15 3 12598 1524456 0.13
39 16 3 12599 182126 0.13
40 17 3 12600 46806 0.13
41 18 3 12601 9517765 0.13
42 19 3 12602 32900 0.13
43 20 3 12603 9186 0.13
44 21 3 12604 27696 0.13
45 22 3 12605 4897 0.13
46 23 3 12606 120108 0.13
47 24 3 12607 200062 0.13
48 25 3 12608 260744 0.13
49 26 3 12609 1789696 0.13
50 27 3 12610 923808 0.13
51 28 3 12611 3436763 0.13
52 29 3 12612 667242 0.13
53 30 3 12613 30329 0.13
54 31 3 12614 77172 0.13
55 32 3 12615 75274 0.13
56 33 3 12616 1478436 0.13
57 34 3 12617 29554 0.13
58 35 3 12618 2819 0.13
59 36 3 12619 4937376 0.13
60 37 3 12620 8905107 0.13
61 38 3 12621 71897 0.13
62 39 3 12622 7019 0.13
63 40 3 12623 72980 0.13
0 42 3 12624 189593 0.13
1 43 3 12625 79604 0.13
2 44 3 12626 15131298 0.13
3 45 3 12627 21255021 0.13
4 46 3 12628 7423171 0.13
5 47 3 12629 8558 0.13
6 48 3 12630 3824420 0.13
7 49 3 12631 145794 0.13
8 50 3 12632 43082 0.13
9 51 3 12633 863536 0.13
10 52 3 12634 1627259 0.13
11 53 3 12635 8889498 0.13
12 54 3 12636 1703670 0.13
13 55 3 12637 2083 0.13
14 56 3 12638 3727 0.13
15 57 3 12639 26218 0.13
16 58 3 12640 2364 0.13
17 59 3 12641 3232 0.13
18 60 3 12642 1892899 0.13
19 61 3 12643 74602 0.13
20 62 3 12644 428565 0.13
21 63 3 12645 73318 0.13
22 0 3 12646 53561 0.13
23 1 3 12647 1018106 0.13
24 2 3 12648 4769 0.13
25 3 3 12649 91253 0.13
26 4 3 12650 328376 0.13
27 5 3 12651 27746 0.13
28 6 3 12652 31981 0.13
29 7 3 12653 75685 0.13
30 8 3 12654 20319 0.13
31 9 3 12655 2241802 0.13
32 10 3 12656 90954 0.13
33 11 3 12657 48146 0.13
34 12 3 12658 474353 0.13
35 13 3 12659 3035794 0.13
36 14 3 12660 848445 0.13
37 15 3 12661 3628 0.13
38 16 3 12662 989407 0.13
39 17 3 12663 1299583 0.13
40 18 3 12664 3394043 0.13
41 19 3 12665 3053 0.13
42 20 3 12666 5034 0.13
43 21 3 12667 57957 0.13
44 22 3 12668 62316 0.13
45 23 3 12669 270659 0.13
46 24 3 12670 31858 0.13
47 25 3 12671 1416935 0.13
48 26 3 12672 1406581 0.13
49 27 3 12673 7555 0.13
50 28 3 12674 1079006 0.13
51 29 3 12675 1014996 0.13
52 30 3 12676 12766 0.13
53 31 3 12677 8786871 0.13
54 32 3 12678 78385 0.13
55 33 3 12679 1829871 0.13
56 34 3 12680 1207655 0.13
57 35 3 12681 13392 0.13
58 36 3 12682 8154 0.13
59 37 3 12683 1811239 0.13
60 38 3 12684 26876 0.13
61 39 3 12685 4592442 0.13
62 40 3 12686 1714302 0.13
63 41 3 12687 2224 0.13
0 43 3 12688 2213235 0.13
1 44 3 12689 27198 0.13
2 45 3 12690 3471 0.13
3 46 3 12691 1123232 0.13
4 47 3 12692 159974 0.13
5 48 3 12693 4394 0.13
6 49 3 12694 62737 0.13
7 50 3 12695 42024 0.13
8 51 3 12696 72986 0.13
9 52 3 12697 143233 0.13
10 53 3 12698 43537 0.13
11 54 3 12699 25511 0.13
12 55 3 12700 6232 0.13
13 56 3 12701 155278 0.13
14 57 3 12702 1227783 0.13
15 58 3 12703 22840 0.13
16 59 3 12704 75113 0.13
17 60 3 12705 2420 0.13
18 61 3 12706 3887854 0.13
19 62 3 12707 24455 0.13
20 63 3 12708 66561 0.13
21 0 3 12709 46595 0.13
22 1 3 12710 10016 0.13
23 2 3 12711 7225719 0.13
24 3 3 12712 3724555 0.13
25 4 3 12713 119196 0.13
26 5 3 12714 5996262 0.13
27 6 3 12715 1406658 0.13
28 7 3 12716 54469 0.13
29 8 3 12717 34360 0.13
30 9 3 12718 53751 0.13
31 10 3 12719 1202879 0.13
32 11 3 12720 27125 0.13
33 12 3 12721 4452 0.13
34 13 3 12722 44561 0.13
35 14 3 12723 73547 0.13
36 15 3 12724 5138643 0.13
37 16 3 12725 15868 0.13
38 17 3 12726 2130140 0.13
39 18 3 12727 17609242 0.13
40 19 3 12728 8862814 0.13
41 20 3 12729 3824 0.13
42 21 3 12730 65021 0.13
43 22 3 12731 28230 0.13
44 23 3 12732 3345395 0.13
45 24 3 12733 35460 0.13
46 25 3 12734 119585 0.13
47 26 3 12735 2039 0.13
48 27 3 12736 20067 0.13
49 28 3 12737 137954 0.13
50 29 3 12738 30781 0.13
51 30 3 12739 381740 0.13
52 31 3 12740 64752 0.13
53 32 3 12741 185755 0.13
54 33 3 12742 71544 0.13
55 34 3 12743 1726132 0.13
56 35 3 12744 19084 0.13
57 36 3 12745 5031664 0.13
58 37 3 12746 1604822 0.13
59 38 3 12747 24512 0.13
60 39 3 12748 2031 0.13
61 40 3 12749 52316 0.13
62 41 3 12750 23299 0.13
63 42 3 12751 39284 0.13
0 44 3 12752 3187220 0.13
1 45 3 12753 4315958 0.13
2 46 3 12754 8642161 0.13
3 47 3 12755 2007 0.13
4 48 3 12756 658430 0.13
5 49 3 12757 3470179 0.13
6 50 3 12758 1272150 0.13
7 51 3 12759 6315 0.13
8 52 3 12760 79957 0.13
9 53 3 12761 23816 0.13
10 54 3 12762 71237 0.13
11 55 3 12763 3192 0.13
12 56 3 12764 27972846 0.13
13 57 3 12765 1116524 0.13
14 58 3 12766 5511 0.13
15 59 3 12767 6519600 0.13
16 60 3 12768 4918624 0.13
17 61 3 12769 77636 0.13
18 62 3 12770 1008469 0.13
19 63 3 12771 44498 0.13
20 0 3 12772 13036526 0.13
21 1 3 12773 4943 0.13
22 2 3 12774 5690 0.13
23 3 3 12775 8681 0.13
24 4 3 12776 2598886 0.13
25 5 3 12777 4238 0.13
26 6 3 12778 144835 0.13
27 7 3 12779 58072 0.13
28 8 3 12780 9587019 0.13
29 9 3 12781 23677 0.13
30 10 3 12782 26099 0.13
31 11 3 12783 33001 0.13
32 12 3 12784 2024504 0.13
33 13 3 12785 1007256 0.13
34 14 3 12786 1353528 0.13
35 15 3 12787 33611 0.13
36 16 3 12788 27195 0.13
37 17 3 12789 4228 0.13
38 18 3 12790 20271 0.13
39 19 3 12791 1799369 0.13
40 20 3 12792 173785 0.13
41 21 3 12793 11082 0.13
42 22 3 12794 12874 0.13
43 23 3 12795 65243 0.13
44 24 3 12796 51502 0.13
45 25 3 12797 90156 0.13
46 26 3 12798 9616765 0.13
47 27 3 12799 20763 0.13
48 28 3 12800 31661 0.13
49 29 3 12801 26500 0.13
50 30 3 12802 7593 0.13
51 31 3 12803 11523 0.13
52 32 3 12804 888438 0.13
53 33 3 12805 2791600 0.13
54 34 3 12806 975023 0.13
55 35 3 12807 2371 0.13
56 36 3 12808 3077742 0.13
57 37 3 12809 35558 0.13
58 38 3 12810 5384 0.13
59 39 3 12811 24821 0.13
60 40 3 12812 41148 0.13
61 41 3 12813 76183 0.13
62 42 3 12814 817467 0.13
63 43 3 12815 26016 0.13
0 45 3 12816 23784413 0.13
1 46 3 12817 2247 0.13
2 47 3 12818 51013 0.13
3 48 3 12819 62046 0.13
4 49 3 12820 1480784 0.13
5 50 3 12821 24985 0.13
6 51 3 12822 64317 0.13
7 52 3 12823 2116902 0.13
8 53 3 12824 9183 0.13
9 54 3 12825 2059 0.13
10 55 3 12826 2911169 0.13
11 56 3 12827 18378158 0.13
12 57 3 12828 8457 0.13
13 58 3 12829 2710202 0.13
14 59 3 12830 44447 0.13
15 60 3 12831 442380 0.13
16 61 3 12832 557480 0.13
17 62 3 12833 169697 0.13
18 63 3 12834 25882 0.13
19 0 3 12835 2382412 0.13
20 1 3 12836 2124 0.13
21 2 3 12837 3513 0.13
22 3 3 12838 5178291 0.13
23 4 3 12839 60022 0.13
24 5 3 12840 8303 0.13
25 6 3 12841 5362712 0.13
26 7 3 12842 2880685 0.13
27 8 3 12843 36309 0.13
28 9 3 12844 2402 0.13
29 10 3 12845 64075 0.13
30 11 3 12846 13597 0.13
31 12 3 12847 155230 0.13
32 13 3 12848 2650562 0.13
33 14 3 12849 48999 0.13
34 15 3 12850 2226 0.13
35 16 3 12851 865703 0.13
36 17 3 12852 14561 0.13
37 18 3 12853 21471 0.13
38 19 3 12854 17430 0.13
39 20 3 12855 27985 0.13
40 21 3 12856 4502713 0.13
41 22 3 12857 2295 0.13
42 23 3 12858 353412 0.13
43 24 3 12859 24578 0.13
44 25 3 12860 29510 0.13
45 26 3 12861 52767 0.13
46 27 3 12862 115466 0.13
47 28 3 12863 3268 0.13
48 29 3 12864 27977 0.13
49 30 3 12865 8978 0.13
50 31 3 12866 19891 0.13
51 32 3 12867 4539575 0.13
52 33 3 12868 79034 0.13
53 34 3 12869 446035 0.13
54 35 3 12870 2065042 0.13
55 36 3 12871 1948462 0.13
56 37 3 12872 22935743 0.13
57 38 3 12873 1819157 0.13
58 39 3 12874 41822 0.13
59 40 3 12875 104887 0.13
60 41 3 12876 69541 0.13
61 42 3 12877 5905501 0.13
62 43 3 12878 73629 0.13
63 44 3 12879 47676 0.13
0 46 3 12880 15963 0.13
1 47 3 12881 33775 0.13
2 48 3 12882 21902 0.13
3 49 3 12883 4872943 0.13
4 50 3 12884 1785382 0.13
5 51 3 12885 3101 0.13
6 52 3 12886 24354215 0.13
7 53 3 12887 79868 0.13
8 54 3 12888 1668421 0.13
9 55 3 12889 29737164 0.13
10 56 3 12890 12653241 0.13
11 57 3 12891 6010 0.13
12 58 3 12892 654915 0.13
13 59 3 12893 26652 0.13
14 60 3 12894 2488554 0.13
15 61 3 12895 6232820 0.13
16 62 3 12896 2913 0.13
17 63 3 12897 27594699 0.13
18 0 3 12898 21941 0.13
19 1 3 12899 3395152 0.13
20 2 3 12900 1973906 0.13
21 3 3 12901 40960 0.13
22 4 3 12902 3176667 0.13
23 5 3 12903 3356627 0.13
24 6 3 12904 15220 0.13
25 7 3 12905 187176 0.13
26 8 3 12906 2186306 0.13
27 9 3 12907 981012 0.13
28 10 3 12908 5998571 0.13
29 11 3 12909 2209 0.13
30 12 3 12910 1005608 0.13
31 13 3 12911 8397052 0.13
32 14 3 12912 137611 0.13
33 15 3 12913 136758 0.13
34 16 3 12914 17646 0.13
35 17 3 12915 22004140 0.13
36 18 3 12916 4448790 0.13
37 19 3 12917 71283 0.13
38 20 3 12918 31810 0.13
39 21 3 12919 70869 0.13
40 22 3 12920 5318 0.13
41 23 3 12921 23262 0.13
42 24 3 12922 21880 0.13
43 25 3 12923 79180 0.13
44 26 3 12924 2003 0.13
45 27 3 12925 6278298 0.13
46 28 3 12926 20146 0.13
47 29 3 12927 8439 0.13
48 30 3 12928 1169376 0.13
49 31 3 12929 6341484 0.13
50 32 3 12930 3328522 0.13
51 33 3 12931 34717 0.13
52 34 3 12932 2125 0.13
53 35 3 12933 177044 0.13
54 36 3 12934 6230296 0.13
55 37 3 12935 1743664 0.13
56 38 3 12936 3394426 0.13
57 39 3 12937 3820083 0.13
58 40 3 12938 9325625 0.13
59 41 3 12939 44718 0.13
60 42 3 12940 7994515 0.13
61 43 3 12941 49119 0.13
62 44 3 12942 6082 0.13
63 45 3 12943 30353 0.13
0 47 3 12944 8916 0.13
1 48 3 12945 11500 0.13
2 49 3 12946 8478109 0.13
3 50 3 12947 1918425 0.13
4 51 3 12948 9333007 0.13
5 52 3 12949 593442 0.13
6 53 3 12950 14840 0.13
7 54 3 12951 9910206 0.13
8 55 3 12952 948483 0.13
9 56 3 12953 7060372 0.13
10 57 3 12954 1869917 0.13
11 58 3 12955 22323 0.13
12 59 3 12956 181057 0.13
13 60 3 12957 15070 0.13
14 61 3 12958 31364 0.13
15 62 3 12959 907987 0.13
16 63 3 12960 8187 0.13
17 0 3 12961 1288309 0.13
18 1 3 12962 8484864 0.13
19 2 3 12963 8478439 0.13
20 3 3 12964 48320 0.13
21 4 3 12965 26188753 0.13
22 5 3 12966 9655995 0.13
23 6 3 12967 2265 0.13
24 7 3 12968 219109 0.13
25 8 3 12969 6502729 0.13
26 9 3 12970 9823691 0.13
27 10 3 12971 22089 0.13
28 11 3 12972 140943 0.13
29 12 3 12973 7620556 0.13
30 13 3 12974 9251 0.13
31 14 3 12975 1453433 0.13
32 15 3 12976 23799 0.13
33 16 3 12977 18253103 0.13
34 17 3 12978 13577 0.13
35 18 3 12979 4559607 0.13
36 19 3 12980 5210 0.13
37 20 3 12981 1089658 0.13
38 21 3 12982 512821 0.13
39 22 3 12983 4599605 0.13
40 23 3 12984 60760 0.13
41 24 3 12985 26521 0.13
42 25 3 12986 24954 0.13
43 26 3 12987 3745 0.13
44 27 3 12988 25665 0.13
45 28 3 12989 6642 0.13
46 29 3 12990 2006 0.13
47 30 3 12991 47187 0.13
48 31 3 12992 1325844 0.13
49 32 3 12993 9935844 0.13
50 33 3 12994 4536559 0.13
51 34 3 12995 71480 0.13
52 35 3 12996 45742 0.13
53 36 3 12997 107469 0.13
54 37 3 12998 6114 0.13
55 38 3 12999 68343 0.13
56 39 3 13000 3921521 0.13
57 40 3 13001 607756 0.13
58 41 3 13002 897283 0.13
59 42 3 13003 12531 0.13
60 43 3 13004 4159 0.13
61 44 3 13005 3372874 0.13
62 45 3 13006 29490 0.13
63 46 3 13007 33743 0.13
0 48 3 13008 8690152 0.13
1 49 3 13009 4194 0.13
2 50 3 13010 14021 0.13
3 51 3 13011 45091 0.13
4 52 3 13012 1319850 0.13
5 53 3 13013 109222 0.13
6 54 3 13014 4943725 0.13
7 55 3 13015 5517 0.13
8 56 3 13016 189766 0.13
9 57 3 13017 309157 0.13
10 58 3 13018 69093 0.13
11 59 3 13019 2246 0.13
12 60 3 13020 8031589 0.13
13 61 3 13021 12999 0.13
14 62 3 13022 4692598 0.13
15 63 3 13023 11420 0.13
16 0 3 13024 6100 0.13
17 1 3 13025 20555 0.13
18 2 3 13026 17996 0.13
19 3 3 13027 977573 0.13
20 4 3 13028 1220381 0.13
21 5 3 13029 1299740 0.13
22 6 3 13030 26526 0.13
23 7 3 13031 28152 0.13
24 8 3 13032 23754 0.13
25 9 3 13033 2495 0.13
26 10 3 13034 151605 0.13
27 11 3 13035 3195635 0.13
28 12 3 13036 10717 0.13
29 13 3 13037 42165 0.13
30 14 3 13038 56370 0.13
31 15 3 13039 29454 0.13
32 16 3 13040 696161 0.13
33 17 3 13041 201724 0.13
34 18 3 13042 19934 0.13
35 19 3 13043 2176 0.13
36 20 3 13044 14166 0.13
37 21 3 13045 29181 0.13
38 22 3 13046 4735 0.13
39 23 3 13047 3313072 0.13
40 24 3 13048 31670 0.13
41 25 3 13049 49493 0.13
42 26 3 13050 70560 0.13
43 27 3 13051 688320 0.13
44 28 3 13052 5379 0.13
45 29 3 13053 104216 0.13
46 30 3 13054 16976 0.13
47 31 3 13055 4564780 0.13
48 32 3 13056 43880 0.13
49 33 3 13057 60563 0.13
50 34 3 13058 26329 0.13
51 35 3 13059 65013 0.13
52 36 3 13060 22624 0.13
53 37 3 13061 26856 0.13
54 38 3 13062 3314 0.13
55 39 3 13063 1522351 0.13
56 40 3 13064 739747 0.13
57 41 3 13065 4999 0.13
58 42 3 13066 38758 0.13
59 43 3 13067 99626 0.13
60 44 3 13068 10470358 0.13
61 45 3 13069 182388 0.13
62 46 3 13070 120460 0.13
63 47 3 13071 3223914 0.13
0 49 3 13072 2552156 0.13
1 50 3 13073 54299 0.13
2 51 3 13074 89453 0.13
3 52 3 13075 4006820 0.13
4 53 3 13076 67267 0.13
5 54 3 13077 4449616 0.13
6 55 3 13078 67598 0.13
7 56 3 13079 4526 0.13
8 57 3 13080 5198371 0.13
9 58 3 13081 1143056 0.13
10 59 3 13082 73561 0.13
11 60 3 13083 5032504 0.13
12 61 3 13084 2013510 0.13
13 62 3 13085 820279 0.13
14 63 3 13086 362184 0.13
15 0 3 13087 7622 0.13
16 1 3 13088 1571887 0.13
17 2 3 13089 14575 0.13
18 3 3 13090 19578660 0.13
19 4 3 13091 11443252 0.13
20 5 3 13092 2253821 0.13
21 6 3 13093 8094 0.13
22 7 3 13094 55394 0.13
23 8 3 13095 22186624 0.13
24 9 3 13096 58167 0.13
25 10 3 13097 28179484 0.13
26 11 3 13098 417809 0.13
27 12 3 13099 3023243 0.13
28 13 3 13100 25788 0.13
29 14 3 13101 5771748 0.13
30 15 3 13102 6012424 0.13
31 16 3 13103 3690 0.13
32 17 3 13104 47619 0.13
33 18 3 13105 49470 0.13
34 19 3 13106 35225 0.13
35 20 3 13107 27620 0.13
36 21 3 13108 63420 0.13
37 22 3 13109 4203987 0.13
38 23 3 13110 1865506 0.13
39 24 3 13111 384463 0.13
40 25 3 13112 78283 0.13
41 26 3 13113 54521 0.13
42 27 3 13114 53332 0.13
43 28 3 13115 9855 0.13
44 29 3 13116 179315 0.13
45 30 3 13117 1583773 0.13
46 31 3 13118 7832141 0.13
47 32 3 13119 6780583 0.13
48 33 3 13120 136029 0.13
49 34 3 13121 6079 0.13
50 35 3 13122 28609 0.13
51 36 3 13123 89657 0.13
52 37 3 13124 38773 0.13
53 38 3 13125 52513 0.13
54 39 3 13126 46608 0.13
55 40 3 13127 69750 0.13
56 41 3 13128 271697 0.13
57 42 3 13129 2332 0.13
58 43 3 13130 27541 0.13
59 44 3 13131 9508 0.13
60 45 3 13132 269242 0.13
61 46 3 13133 949290 0.13
62 47 3 13134 2350 0.13
63 48 3 13135 4687226 0.13
0 50 3 13136 36298 0.13
1 51 3 13137 23757 0.13
2 52 3 13138 1457498 0.13
3 53 3 13139 6488213 0.13
4 54 3 13140 4910940 0.13
5 55 3 13141 2103 0.13
6 56 3 13142 2521577 0.13
7 57 3 13143 30610 0.13
8 58 3 13144 28034 0.13
9 59 3 13145 71142 0.13
10 60 3 13146 969462 0.13
11 61 3 13147 5875 0.13
12 62 3 13148 4067000 0.13
13 63 3 13149 8750 0.13
14 0 3 13150 12812949 0.13
15 1 3 13151 59948 0.13
16 2 3 13152 2774699 0.13
17 3 3 13153 26941 0.13
18 4 3 13154 53870 0.13
19 5 3 13155 564438 0.13
20 6 3 13156 17587 0.13
21 7 3 13157 21139 0.13
22 8 3 13158 2719083 0.13
23 9 3 13159 1409447 0.13
24 10 3 13160 1594932 0.13
25 11 3 13161 4015669 0.13
26 12 3 13162 2630521 0.13
27 13 3 13163 76600 0.13
28 14 3 13164 11794 0.13
29 15 3 13165 32224 0.13
30 16 3 13166 74645 0.13
31 17 3 13167 8851 0.13
32 18 3 13168 3538860 0.13
33 19 3 13169 4379977 0.13
34 20 3 13170 2219 0.13
35 21 3 13171 18552 0.13
36 22 3 13172 2987897 0.13
37 23 3 13173 3109300 0.13
38 24 3 13174 24949 0.13
39 25 3 13175 63026 0.13
40 26 3 13176 6287933 0.13
41 27 3 13177 1046339 0.13
42 28 3 13178 27397 0.13
43 29 3 13179 2705188 0.13
44 30 3 13180 74259 0.13
45 31 3 13181 483278 0.13
46 32 3 13182 7909 0.13
47 33 3 13183 2240 0.13
48 34 3 13184 44493 0.13
49 35 3 13185 189789 0.13
50 36 3 13186 15516 0.13
51 37 3 13187 4114423 0.13
52 38 3 13188 177508 0.13
53 39 3 13189 39951 0.13
54 40 3 13190 12702 0.13
55 41 3 13191 4834757 0.13
56 42 3 13192 1489611 0.13
57 43 3 13193 910804 0.13
58 44 3 13194 28506 0.13
59 45 3 13195 47313 0.13
60 46 3 13196 12581 0.13
61 47 3 13197 152442 0.13
62 48 3 13198 9636972 0.13
63 49 3 13199 3713335 0.13
0 51 3 13200 579039 0.13
1 52 3 13201 821561 0.13
2 53 3 13202 26908 0.13
3 54 3 13203 52193 0.13
4 55 3 13204 2100 0.13
5 56 3 13205 1803036 0.13
6 57 3 13206 1675727 0.13
7 58 3 13207 2044 0.13
8 59 3 13208 5822531 0.13
9 60 3 13209 578972 0.13
10 61 3 13210 209135 0.13
11 62 3 13211 2042 0.13
12 63 3 13212 25239 0.13
13 0 3 13213 2152567 0.13
14 1 3 13214 31091 0.13
15 2 3 13215 9787460 0.13
16 3 3 13216 541922 0.13
17 4 3 13217 55493 0.13
18 5 3 13218 45295 0.13
19 6 3 13219 39741 0.13
20 7 3 13220 25199 0.13
21 8 3 13221 65391 0.13
22 9 3 13222 817569 0.13
23 10 3 13223 2729324 0.13
24 11 3 13224 49430 0.13
25 12 3 13225 6184 0.13
26 13 3 13226 75733 0.13
27 14 3 13227 698843 0.13
28 15 3 13228 3298518 0.13
29 16 3 13229 44845 0.13
30 17 3 13230 578736 0.13
31 18 3 13231 272400 0.13
32 19 3 13232 29847 0.13
33 20 3 13233 6648 0.13
34 21 3 13234 3468 0.13
35 22 3 13235 22240643 0.13
36 23 3 13236 524757 0.13
37 24 3 13237 3844748 0.13
38 25 3 13238 26114 0.13
39 26 3 13239 1110937 0.13
40 27 3 13240 4771213 0.13
41 28 3 13241 29879 0.13
42 29 3 13242 9994 0.13
43 30 3 13243 1654743 0.13
44 31 3 13244 4990611 0.13
45 32 3 13245 2162894 0.13
46 33 3 13246 2070912 0.13
47 34 3 13247 200266 0.13
48 35 3 13248 684242 0.13
49 36 3 13249 846046 0.13
50 37 3 13250 1212831 0.13
51 38 3 13251 643204 0.13
52 39 3 13252 28312733 0.13
53 40 3 13253 25942 0.13
54 41 3 13254 54284 0.13
55 42 3 13255 47654 0.13
56 43 3 13256 2304 0.13
57 44 3 13257 1080689 0.13
58 45 3 13258 152072 0.13
59 46 3 13259 17983 0.13
60 47 3 13260 1265498 0.13
61 48 3 13261 22236 0.13
62 49 3 13262 87945 0.13
63 50 3 13263 1848970 0.13
0 52 3 13264 5466178 0.13
1 53 3 13265 774947 0.13
2 54 3 13266 74764 0.13
3 55 3 13267 3362577 0.13
4 56 3 13268 3219160 0.13
5 57 3 13269 4294843 0.13
6 58 3 13270 16227 0.13
7 59 3 13271 5832 0.13
8 60 3 13272 8235 0.13
9 61 3 13273 25865 0.13
10 62 3 13274 2250316 0.13
11 63 3 13275 1629182 0.13
12 0 3 13276 16613 0.13
13 1 3 13277 837698 0.13
14 2 3 13278 37126 0.13
15 3 3 13279 5250 0.13
16 4 3 13280 41056 0.13
17 5 3 13281 1442099 0.13
18 6 3 13282 31417 0.13
19 7 3 13283 1880904 0.13
20 8 3 13284 36263 0.13
21 9 3 13285 26055 0.13
22 10 3 13286 29405 0.13
23 11 3 13287 3536416 0.13
24 12 3 13288 66277 0.13
25 13 3 13289 3991801 0.13
26 14 3 13290 171842 0.13
27 15 3 13291 8164356 0.13
28 16 3 13292 3985 0.13
29 17 3 13293 4682781 0.13
30 18 3 13294 73187 0.13
31 19 3 13295 4024932 0.13
32 20 3 13296 46333 0.13
33 21 3 13297 29835 0.13
34 22 3 13298 2784 0.13
35 23 3 13299 3627193 0.13
36 24 3 13300 8989 0.13
37 25 3 13301 20029 0.13
38 26 3 13302 52121 0.13
39 27 3 13303 147549 0.13
40 28 3 13304 5472923 0.13
41 29 3 13305 63285 0.13
42 30 3 13306 33276 0.13
43 31 3 13307 1156684 0.13
44 32 3 13308 1789411 0.13
45 33 3 13309 70210 0.13
46 34 3 13310 448262 0.13
47 35 3 13311 15364 0.13
48 36 3 13312 475991 0.13
49 37 3 13313 2023 0.13
50 38 3 13314 27352 0.13
51 39 3 13315 1611932 0.13
52 40 3 13316 13721 0.13
53 41 3 13317 1644837 0.13
54 42 3 13318 70671 0.13
55 43 3 13319 1635691 0.13
56 44 3 13320 5162 0.13
57 45 3 13321 315837 0.13
58 46 3 13322 467900 0.13
59 47 3 13323 50783 0.13
60 48 3 13324 9666274 0.13
61 49 3 13325 46663 0.13
62 50 3 13326 2336 0.13
63 51 3 13327 19882 0.13
0 53 3 13328 44620 0.13
1 54 3 13329 2070 0.13
2 55 3 13330 34442 0.13
3 56 3 13331 2996859 0.13
4 57 3 13332 18115 0.13
5 58 3 13333 813985 0.13
6 59 3 13334 413495 0.13
7 60 3 13335 24882 0.13
8 61 3 13336 948197 0.13
9 62 3 13337 38869 0.13
10 63 3 13338 8314 0.13
11 0 3 13339 46710 0.13
12 1 3 13340 180578 0.13
13 2 3 13341 13404 0.13
14 3 3 13342 2715314 0.13
15 4 3 13343 29820 0.13
16 5 3 13344 29082 0.13
17 6 3 13345 1278319 0.13
18 7 3 13346 193777 0.13
19 8 3 13347 37567 0.13
20 9 3 13348 4639221 0.13
21 10 3 13349 26981606 0.13
22 11 3 13350 38546 0.13
23 12 3 13351 5098841 0.13
24 13 3 13352 41850 0.13
25 14 3 13353 17685 0.13
26 15 3 13354 8434596 0.13
27 16 3 13355 6300386 0.13
28 17 3 13356 50782 0.13
29 18 3 13357 22841 0.13
30 19 3 13358 1271688 0.13
31 20 3 13359 8496 0.13
32 21 3 13360 1340766 0.13
33 22 3 13361 182330 0.13
34 23 3 13362 13796 0.13
35 24 3 13363 43318 0.13
36 25 3 13364 604323 0.13
37 26 3 13365 2331 0.13
38 27 3 13366 4296324 0.13
39 28 3 13367 25578 0.13
40 29 3 13368 88114 0.13
41 30 3 13369 2481 0.13
42 31 3 13370 26453489 0.13
43 32 3 13371 695759 0.13
44 33 3 13372 628540 0.13
45 34 3 13373 2098 0.13
46 35 3 13374 917997 0.13
47 36 3 13375 53871 0.13
48 37 3 13376 46050 0.13
49 38 3 13377 109626 0.13
50 39 3 13378 67168 0.13
51 40 3 13379 10625 0.13
52 41 3 13380 961536 0.13
53 42 3 13381 442490 0.13
54 43 3 13382 30223 0.13
55 44 3 13383 693316 0.13
56 45 3 13384 699863 0.13
57 46 3 13385 26997 0.13
58 47 3 13386 245074 0.13
59 48 3 13387 8973 0.13
60 49 3 13388 2919581 0.13
61 50 3 13389 6393 0.13
62 51 3 13390 1187662 0.13
63 52 3 13391 7418 0.13
0 54 3 13392 7121 0.13
1 55 3 13393 6501 0.13
2 56 3 13394 19729 0.13
3 57 3 13395 19949 0.13
4 58 3 13396 26299 0.13
5 59 3 13397 78418 0.13
6 60 3 13398 20167 0.13
7 61 3 13399 1034367 0.13
8 62 3 13400 29535 0.13
9 63 3 13401 2358 0.13
10 0 3 13402 72235 0.13
11 1 3 13403 20769 0.13
12 2 3 13404 7366024 0.13
13 3 3 13405 36120 0.13
14 4 3 13406 2013 0.13
15 5 3 13407 773065 0.13
16 6 3 13408 5491431 0.13
17 7 3 13409 3056964 0.13
18 8 3 13410 752175 0.13
19 9 3 13411 9931 0.13
20 10 3 13412 5305 0.13
21 11 3 13413 75778 0.13
22 12 3 13414 1235636 0.13
23 13 3 13415 6103 0.13
24 14 3 13416 25589 0.13
25 15 3 13417 23116 0.13
26 16 3 13418 22443953 0.13
27 17 3 13419 29602 0.13
28 18 3 13420 64833 0.13
29 19 3 13421 5986 0.13
30 20 3 13422 14940 0.13
31 21 3 13423 2359 0.13
32 22 3 13424 29056 0.13
33 23 3 13425 2047883 0.13
34 24 3 13426 32541 0.13
35 25 3 13427 1385401 0.13
36 26 3 13428 5649 0.13
37 27 3 13429 1582040 0.13
38 28 3 13430 2445 0.13
39 29 3 13431 3559961 0.13
40 30 3 13432 706840 0.13
41 31 3 13433 14102 0.13
42 32 3 13434 41505 0.13
43 33 3 13435 58703 0.13
44 34 3 13436 374456 0.13
45 35 3 13437 4354266 0.13
46 36 3 13438 5506 0.13
47 37 3 13439 2448928 0.13
48 38 3 13440 16573 0.13
49 39 3 13441 50179 0.13
50 40 3 13442 9450709 0.13
51 41 3 13443 27183 0.13
52 42 3 13444 47143 0.13
53 43 3 13445 3520147 0.13
54 44 3 13446 1998990 0.13
55 45 3 13447 590771 0.13
56 46 3 13448 1969095 0.13
57 47 3 13449 7044 0.13
58 48 3 13450 969358 0.13
59 49 3 13451 3105 0.13
60 50 3 13452 8033356 0.13
61 51 3 13453 11879 0.13
62 52 3 13454 53698 0.13
63 53 3 13455 184143 0.13
0 55 3 13456 2067943 0.13
1 56 3 13457 827145 0.13
2 57 3 13458 16252 0.13
3 58 3 13459 45950 0.13
4 59 3 13460 41719 0.13
5 60 3 13461 2217 0.13
6 61 3 13462 875713 0.13
7 62 3 13463 3156094 0.13
8 63 3 13464 12296386 0.13
9 0 3 13465 8452 0.13
10 1 3 13466 6456998 0.13
11 2 3 13467 7034 0.13
12 3 3 13468 52604 0.13
13 4 3 13469 2446 0.13
14 5 3 13470 26161 0.13
15 6 3 13471 32847 0.13
16 7 3 13472 1045681 0.13
17 8 3 13473 823431 0.13
18 9 3 13474 1675287 0.13
19 10 3 13475 159969 0.13
20 11 3 13476 140020 0.13
21 12 3 13477 15263705 0.13
22 13 3 13478 758754 0.13
23 14 3 13479 37660 0.13
24 15 3 13480 78408 0.13
25 16 3 13481 1005801 0.13
26 17 3 13482 5666 0.13
27 18 3 13483 693706 0.13
28 19 3 13484 24857 0.13
29 20 3 13485 39149 0.13
30 21 3 13486 810364 0.13
31 22 3 13487 46975 0.13
32 23 3 13488 3170990 0.13
33 24 3 13489 128590 0.13
34 25 3 13490 21861083 0.13
35 26 3 13491 2819 0.13
36 27 3 13492 547189 0.13
37 28 3 13493 11385 0.13
38 29 3 13494 3465367 0.13
39 30 3 13495 3556134 0.13
40 31 3 13496 4082469 0.13
41 32 3 13497 4240 0.13
42 33 3 13498 71149 0.13
43 34 3 13499 24089 0.13
44 35 3 13500 10096699 0.13
45 36 3 13501 2524 0.13
46 37 3 13502 22270 0.13
47 38 3 13503 546538 0.13
48 39 3 13504 50756 0.13
49 40 3 13505 23499 0.13
50 41 3 13506 63637 0.13
51 42 3 13507 2037838 0.13
52 43 3 13508 61099 0.13
53 44 3 13509 3697676 0.13
54 45 3 13510 60861 0.13
55 46 3 13511 7496 0.13
56 47 3 13512 72470 0.13
57 48 3 13513 626984 0.13
58 49 3 13514 6211 0.13
59 50 3 13515 52847 0.13
60 51 3 13516 126510 0.13
61 52 3 13517 2000 0.13
62 53 3 13518 5362 0.13
63 54 3 13519 233626 0.13
0 56 3 13520 352529 0.13
1 57 3 13521 30919 0.13
2 58 3 13522 75001 0.13
3 59 3 13523 20685 0.13
4 60 3 13524 771794 0.13
5 61 3 13525 8596794 0.13
6 62 3 13526 42668 0.13
7 63 3 13527 2799 0.13
8 0 3 13528 22291 0.13
9 1 3 13529 62567 0.13
10 2 3 13530 131687 0.13
11 3 3 13531 358063 0.13
12 4 3 13532 66877 0.13
13 5 3 13533 657337 0.13
14 6 3 13534 1159135 0.13
15 7 3 13535 7121 0.13
16 8 3 13536 1593199 0.13
17 9 3 13537 22174 0.13
18 10 3 13538 38271 0.13
19 11 3 13539 2896516 0.13
20 12 3 13540 9602405 0.13
21 13 3 13541 29198 0.13
22 14 3 13542 78150 0.13
23 15 3 13543 1020960 0.13
24 16 3 13544 2443 0.13
25 17 3 13545 12831 0.13
26 18 3 13546 9235 0.13
27 19 3 13547 1168561 0.13
28 20 3 13548 1215590 0.13
29 21 3 13549 6556 0.13
30 22 3 13550 286814 0.13
31 23 3 13551 17508 0.13
32 24 3 13552 7158304 0.13
33 25 3 13553 48579 0.13
34 26 3 13554 63164 0.13
35 27 3 13555 1814204 0.13
36 28 3 13556 1167879 0.13
37 29 3 13557 6621 0.13
38 30 3 13558 53339 0.13
39 31 3 13559 6901895 0.13
40 32 3 13560 3123987 0.13
41 33 3 13561 180819 0.13
42 34 3 13562 1721451 0.13
43 35 3 13563 61654 0.13
44 36 3 13564 667653 0.13
45 37 3 13565 9013594 0.13
46 38 3 13566 8770 0.13
47 39 3 13567 72806 0.13
48 40 3 13568 80624 0.13
49 41 3 13569 2480 0.13
50 42 3 13570 7522020 0.13
51 43 3 13571 3164483 0.13
52 44 3 13572 69138 0.13
53 45 3 13573 74999 0.13
54 46 3 13574 6511593 0.13
55 47 3 13575 15440 0.13
56 48 3 13576 163236 0.13
57 49 3 13577 1304946 0.13
58 50 3 13578 8270 0.13
59 51 3 13579 47481 0.13
60 52 3 13580 204368 0.13
61 53 3 13581 4480875 0.13
62 54 3 13582 74025 0.13
63 55 3 13583 46932 0.13
0 57 3 13584 16333840 0.13
1 58 3 13585 6136445 0.13
2 59 3 13586 1623746 0.13
3 60 3 13587 27359 0.13
4 61 3 13588 9542395 0.13
5 62 3 13589 10327766 0.13
6 63 3 13590 62195 0.13
7 0 3 13591 8669 0.13
8 1 3 13592 52941 0.13
9 2 3 13593 1000142 0.13
10 3 3 13594 1484268 0.13
11 4 3 13595 29891 0.13
12 5 3 13596 1014943 0.13
13 6 3 13597 3821226 0.13
14 7 3 13598 1118743 0.13
15 8 3 13599 7536576 0.13
16 9 3 13600 460666 0.13
17 10 3 13601 20088 0.13
18 11 3 13602 393340 0.13
19 12 3 13603 29057 0.13
20 13 3 13604 39058 0.13
21 14 3 13605 778989 0.13
22 15 3 13606 17556997 0.13
23 16 3 13607 600691 0.13
24 17 3 13608 9166175 0.13
25 18 3 13609 73975 0.13
26 19 3 13610 954495 0.13
27 20 3 13611 34476 0.13
28 21 3 13612 7232 0.13
29 22 3 13613 40447 0.13
30 23 3 13614 68546 0.13
31 24 3 13615 149665 0.13
32 25 3 13616 737257 0.13
33 26 3 13617 54033 0.13
34 27 3 13618 1478687 0.13
35 28 3 13619 3241679 0.13
36 29 3 13620 28592 0.13
37 30 3 13621 3419032 0.13
38 31 3 13622 2249143 0.13
39 32 3 13623 78322 0.13
40 33 3 13624 2170 0.13
41 34 3 13625 9626 0.13
42 35 3 13626 762033 0.13
43 36 3 13627 19980 0.13
44 37 3 13628 1501850 0.13
45 38 3 13629 12187 0.13
46 39 3 13630 28661 0.13
47 40 3 13631 25056 0.13
48 41 3 13632 3181454 0.13
49 42 3 13633 924758 0.13
50 43 3 13634 29514 0.13
51 44 3 13635 1535939 0.13
52 45 3 13636 2264 0.13
53 46 3 13637 2420786 0.13
54 47 3 13638 6198 0.13
55 48 3 13639 4041061 0.13
56 49 3 13640 1394924 0.13
57 50 3 13641 3945244 0.13
58 51 3 13642 1424127 0.13
59 52 3 13643 133606 0.13
60 53 3 13644 23759 0.13
61 54 3 13645 1843071 0.13
62 55 3 13646 1988217 0.13
63 56 3 13647 28763 0.13
0 58 3 13648 715948 0.13
1 59 3 13649 6891772 0.13
2 60 3 13650 47510 0.13
3 61 3 13651 9050140 0.13
4 62 3 13652 13881814 0.13
5 63 3 13653 32530 0.13
6 0 3 13654 117927 0.13
7 1 3 13655 2064 0.13
8 2 3 13656 25134 0.13
9 3 3 13657 364493 0.13
10 4 3 13658 1809248 0.13
11 5 3 13659 4103542 0.13
12 6 3 13660 2899504 0.13
13 7 3 13661 5820455 0.13
14 8 3 13662 1046290 0.13
15 9 3 13663 581059 0.13
16 10 3 13664 1551077 0.13
17 11 3 13665 108483 0.13
18 12 3 13666 227095 0.13
19 13 3 13667 1761467 0.13
20 14 3 13668 9592130 0.13
21 15 3 13669 29417 0.13
22 16 3 13670 15485 0.13
23 17 3 13671 861270 0.13
24 18 3 13672 17395 0.13
25 19 3 13673 14759 0.13
26 20 3 13674 76272 0.13
27 21 3 13675 45439 0.13
28 22 3 13676 56578 0.13
29 23 3 13677 125597 0.13
30 24 3 13678 8405 0.13
31 25 3 13679 172547 0.13
32 26 3 13680 25501 0.13
33 27 3 13681 36112 0.13
34 28 3 13682 1096892 0.13
35 29 3 13683 10961 0.13
36 30 3 13684 10740 0.13
37 31 3 13685 34526 0.13
38 32 3 13686 2559 0.13
39 33 3 13687 7312990 0.13
40 34 3 13688 324869 0.13
41 35 3 13689 695121 0.13
42 36 3 13690 70896 0.13
43 37 3 13691 153160 0.13
44 38 3 13692 41617 0.13
45 39 3 13693 1840314 0.13
46 40 3 13694 33571 0.13
47 41 3 13695 21996 0.13
48 42 3 13696 16773 0.13
49 43 3 13697 3772 0.13
50 44 3 13698 74263 0.13
51 45 3 13699 53676 0.13
52 46 3 13700 92061 0.13
53 47 3 13701 5436 0.13
54 48 3 13702 22119 0.13
55 49 3 13703 21335 0.13
56 50 3 13704 36376 0.13
57 51 3 13705 42159 0.13
58 52 3 13706 21844 0.13
59 53 3 13707 1526556 0.13
60 54 3 13708 80855 0.13
61 55 3 13709 27754055 0.13
62 56 3 13710 2710652 0.13
63 57 3 13711 17422131 0.13
0 59 3 13712 2044 0.13
1 60 3 13713 751507 0.13
2 61 3 13714 60538 0.13
3 62 3 13715 5321175 0.13
4 63 3 13716 309608 0.13
5 0 3 13717 369053 0.13
6 1 3 13718 9206915 0.13
7 2 3 13719 860410 0.13
8 3 3 13720 34187 0.13
9 4 3 13721 6138030 0.13
10 5 3 13722 8213405 0.13
11 6 3 13723 47175 0.13
12 7 3 13724 97549 0.13
13 8 3 13725 28282 0.13
14 9 3 13726 5809709 0.13
15 10 3 13727 2663271 0.13
16 11 3 13728 44991 0.13
17 12 3 13729 2084502 0.13
18 13 3 13730 60513 0.13
19 14 3 13731 2418 0.13
20 15 3 13732 4948448 0.13
21 16 3 13733 18502 0.13
22 17 3 13734 76283 0.13
23 18 3 13735 8443701 0.13
24 19 3 13736 13478 0.13
25 20 3 13737 9019729 0.13
26 21 3 13738 93671 0.13
27 22 3 13739 2036 0.13
28 23 3 13740 3583 0.13
29 24 3 13741 762681 0.13
30 25 3 13742 1735822 0.13
31 26 3 13743 3948525 0.13
32 27 3 13744 55586 0.13
33 28 3 13745 6314 0.13
34 29 3 13746 93292 0.13
35 30 3 13747 1027428 0.13
36 31 3 13748 14149280 0.13
37 32 3 13749 1752067 0.13
38 33 3 13750 572489 0.13
39 34 3 13751 7839365 0.13
40 35 3 13752 1468908 0.13
41 36 3 13753 10750 0.13
42 37 3 13754 63667 0.13
43 38 3 13755 36343 0.13
44 39 3 13756 5126 0.13
45 40 3 13757 2798 0.13
46 41 3 13758 1942147 0.13
47 42 3 13759 128144 0.13
48 43 3 13760 157078 0.13
49 44 3 13761 22764 0.13
50 45 3 13762 25864 0.13
51 46 3 13763 47606 0.13
52 47 3 13764 441738 0.13
53 48 3 13765 57621 0.13
54 49 3 13766 2084 0.13
55 50 3 13767 786389 0.13
56 51 3 13768 88287 0.13
57 52 3 13769 531381 0.13
58 53 3 13770 346794 0.13
59 54 3 13771 1559605 0.13
60 55 3 13772 175328 0.13
61 56 3 13773 1008820 0.13
62 57 3 13774 4081 0.13
63 58 3 13775 7003410 0.13
0 60 3 13776 6490 0.13
1 61 3 13777 1868918 0.13
2 62 3 13778 30270 0.13
3 63 3 13779 5055 0.13
4 0 3 13780 1652742 0.13
5 1 3 13781 58694 0.13
6 2 3 13782 49022 0.13
7 3 3 13783 685785 0.13
8 4 3 13784 67074 0.13
9 5 3 13785 85944 0.13
10 6 3 13786 8910 0.13
11 7 3 13787 48198 0.13
12 8 3 13788 1974846 0.13
13 9 3 13789 106956 0.13
14 10 3 13790 9295304 0.13
15 11 3 13791 9526 0.13
16 12 3 13792 818312 0.13
17 13 3 13793 6012065 0.13
18 14 3 13794 1950171 0.13
19 15 3 13795 1293245 0.13
20 16 3 13796 44626 0.13
21 17 3 13797 8533221 0.13
22 18 3 13798 120327 0.13
23 19 3 13799 122976 0.13
24 20 3 13800 7858 0.13
25 21 3 13801 2025 0.13
26 22 3 13802 194265 0.13
27 23 3 13803 92260 0.13
28 24 3 13804 8355670 0.13
29 25 3 13805 30938 0.13
30 26 3 13806 1482965 0.13
31 27 3 13807 5253312 0.13
32 28 3 13808 38770 0.13
33 29 3 13809 52920 0.13
34 30 3 13810 567452 0.13
35 31 3 13811 75973 0.13
36 32 3 13812 12190 0.13
37 33 3 13813 22078 0.13
38 34 3 13814 3042451 0.13
39 35 3 13815 18865 0.13
40 36 3 13816 16271 0.13
41 37 3 13817 1996600 0.13
42 38 3 13818 3567533 0.13
43 39 3 13819 3541631 0.13
44 40 3 13820 7312133 0.13
45 41 3 13821 26208700 0.13
46 42 3 13822 64138 0.13
47 43 3 13823 113710 0.13
48 44 3 13824 29065 0.13
49 45 3 13825 3715 0.13
50 46 3 13826 5874 0.13
51 47 3 13827 1255892 0.13
52 48 3 13828 70120 0.13
53 49 3 13829 36170 0.13
54 50 3 13830 8257 0.13
55 51 3 13831 643783 0.13
56 52 3 13832 6003 0.13
57 53 3 13833 356126 0.13
58 54 3 13834 5008470 0.13
59 55 3 13835 33557 0.13
60 56 3 13836 61687 0.13
61 57 3 13837 330739 0.13
62 58 3 13838 31135 0.13
63 59 3 13839 172862 0.13
0 61 3 13840 140946 0.13
1 62 3 13841 42898 0.13
2 63 3 13842 33266 0.13
3 0 3 13843 56532 0.13
4 1 3 13844 2024 0.13
5 2 3 13845 24617 0.13
6 3 3 13846 22152 0.13
7 4 3 13847 1398162 0.13
8 5 3 13848 58336 0.13
9 6 3 13849 3203301 0.13
10 7 3 13850 8744 0.13
11 8 3 13851 1329727 0.13
12 9 3 13852 4336574 0.13
13 10 3 13853 64503 0.13
14 11 3 13854 41748 0.13
15 12 3 13855 31094 0.13
16 13 3 13856 117151 0.13
17 14 3 13857 15154 0.13
18 15 3 13858 253021 0.13
19 16 3 13859 3253789 0.13
20 17 3 13860 3761409 0.13
21 18 3 13861 9200 0.13
22 19 3 13862 94773 0.13
23 20 3 13863 26323 0.13
24 21 3 13864 4590074 0.13
25 22 3 13865 4352 0.13
26 23 3 13866 4277 0.13
27 24 3 13867 2093 0.13
28 25 3 13868 74733 0.13
29 26 3 13869 2249 0.13
30 27 3 13870 168955 0.13
31 28 3 13871 51184 0.13
32 29 3 13872 182919 0.13
33 30 3 13873 5450255 0.13
34 31 3 13874 117018 0.13
35 32 3 13875 103090 0.13
36 33 3 13876 29152116 0.13
37 34 3 13877 66639 0.13
38 35 3 13878 1751972 0.13
39 36 3 13879 43163 0.13
40 37 3 13880 22330 0.13
41 38 3 13881 1721448 0.13
42 39 3 13882 1332268 0.13
43 40 3 13883 29099 0.13
44 41 3 13884 64931 0.13
45 42 3 13885 75479 0.13
46 43 3 13886 49357 0.13
47 44 3 13887 73577 0.13
48 45 3 13888 701427 0.13
49 46 3 13889 3439455 0.13
50 47 3 13890 2196201 0.13
51 48 3 13891 312287 0.13
52 49 3 13892 13168 0.13
53 50 3 13893 76339 0.13
54 51 3 13894 60666 0.13
55 52 3 13895 15829 0.13
56 53 3 13896 8479416 0.13
57 54 3 13897 675306 0.13
58 55 3 13898 9838254 0.13
59 56 3 13899 1359198 0.13
60 57 3 13900 69270 0.13
61 58 3 13901 41759 0.13
62 59 3 13902 21881 0.13
63 60 3 13903 70225 0.13
0 62 3 13904 3400 0.13
1 63 3 13905 43887 0.13
2 0 3 13906 2404 0.13
3 1 3 13907 20677 0.13
4 2 3 13908 5551863 0.13
5 3 3 13909 42250 0.13
6 4 3 13910 66078 0.13
7 5 3 13911 62610 0.13
8 6 3 13912 2452 0.13
9 7 3 13913 17059854 0.13
10 8 3 13914 34814 0.13
11 9 3 13915 1037362 0.13
12 10 3 13916 78009 0.13
13 11 3 13917 2889414 0.13
14 12 3 13918 3046167 0.13
15 13 3 13919 26331 0.13
16 14 3 13920 104600 0.13
17 15 3 13921 14769 0.13
18 16 3 13922 629402 0.13
19 17 3 13923 43059 0.13
20 18 3 13924 626692 0.13
21 19 3 13925 3064072 0.13
22 20 3 13926 76922 0.13
23 21 3 13927 45265 0.13
24 22 3 13928 5517316 0.13
25 23 3 13929 76855 0.13
26 24 3 13930 40579 0.13
27 25 3 13931 4031582 0.13
28 26 3 13932 70044 0.13
29 27 3 13933 68948 0.13
30 28 3 13934 233687 0.13
31 29 3 13935 73500 0.13
32 30 3 13936 9117 0.13
33 31 3 13937 13121 0.13
34 32 3 13938 4396 0.13
35 33 3 13939 547816 0.13
36 34 3 13940 21151 0.13
37 35 3 13941 17381 0.13
38 36 3 13942 42444 0.13
39 37 3 13943 1173027 0.13
40 38 3 13944 7466 0.13
41 39 3 13945 23034 0.13
42 40 3 13946 2335178 0.13
43 41 3 13947 1202556 0.13
44 42 3 13948 68811 0.13
45 43 3 13949 68187 0.13
46 44 3 13950 21070 0.13
47 45 3 13951 12249 0.13
48 46 3 13952 3000949 0.13
49 47 3 13953 2132 0.13
50 48 3 13954 2408 0.13
51 49 3 13955 154548 0.13
52 50 3 13956 12225 0.13
53 51 3 13957 436323 0.13
54 52 3 13958 2355 0.13
55 53 3 13959 152461 0.13
56 54 3 13960 2913 0.13
57 55 3 13961 25825 0.13
58 56 3 13962 16007 0.13
59 57 3 13963 9159881 0.13
60 58 3 13964 198898 0.13
61 59 3 13965 137608 0.13
62 60 3 13966 2093 0.13
63 61 3 13967 1195472 0.13
0 63 3 13968 693960 0.13
1 0 3 13969 28345 0.13
2 1 3 13970 5002 0.13
3 2 3 13971 61354 0.13
4 3 3 13972 25183882 0.13
5 4 3 13973 4019071 0.13
6 5 3 13974 14113 0.13
7 6 3 13975 2910907 0.13
8 7 3 13976 206709 0.13
9 8 3 13977 1946160 0.13
10 9 3 13978 2613595 0.13
11 10 3 13979 16376 0.13
12 11 3 13980 677190 0.13
13 12 3 13981 26452 0.13
14 13 3 13982 1241867 0.13
15 14 3 13983 38534 0.13
16 15 3 13984 62339 0.13
17 16 3 13985 183878 0.13
18 17 3 13986 22981 0.13
19 18 3 13987 47092 0.13
20 19 3 13988 6685 0.13
21 20 3 13989 20234 0.13
22 21 3 13990 3787750 0.13
23 22 3 13991 74082 0.13
24 23 3 13992 54568 0.13
25 24 3 13993 9964 0.13
26 25 3 13994 5740 0.13
27 26 3 13995 67508 0.13
28 27 3 13996 317985 0.13
29 28 3 13997 2353 0.13
30 29 3 13998 1838682 0.13
31 30 3 13999 73845 0.13
32 31 3 14000 7401 0.13
33 32 3 14001 68978 0.13
34 33 3 14002 8426 0.13
35 34 3 14003 227797 0.13
36 35 3 14004 2825653 0.13
37 36 3 14005 4909068 0.13
38 37 3 14006 1748704 0.13
39 38 3 14007 593853 0.13
40 39 3 14008 78164 0.13
41 40 3 14009 44075 0.13
42 41 3 14010 2412 0.13
43 42 3 14011 79957 0.13
44 43 3 14012 22948 0.13
45 44 3 14013 2069005 0.13
46 45 3 14014 1895555 0.13
47 46 3 14015 46247 0.13
48 47 3 14016 181225 0.13
49 48 3 14017 1413940 0.13
50 49 3 14018 1615392 0.13
51 50 3 14019 973660 0.13
52 51 3 14020 5840 0.13
53 52 3 14021 8710 0.13
54 53 3 14022 67801 0.13
55 54 3 14023 23251 0.13
56 55 3 14024 3771597 0.13
57 56 3 14025 28326 0.13
58 57 3 14026 4302989 0.13
59 58 3 14027 51995 0.13
60 59 3 14028 17804 0.13
61 60 3 14029 1091488 0.13
62 61 3 14030 1894224 0.13
63 62 3 14031 162263 0.13
0 1 3 14032 7426 0.13
1 2 3 14033 2035 0.13
2 3 3 14034 636368 0.13
3 4 3 14035 902133 0.13
4 5 3 14036 33180 0.13
5 6 3 14037 42453 0.13
6 7 3 14038 10955 0.13
7 8 3 14039 612607 0.13
8 9 3 14040 25363 0.13
9 10 3 14041 3649307 0.13
10 11 3 14042 55437 0.13
11 12 3 14043 43128 0.13
12 13 3 14044 27556 0.13
13 14 3 14045 844845 0.13
14 15 3 14046 1549719 0.13
15 16 3 14047 53052 0.13
16 17 3 14048 1837884 0.13
17 18 3 14049 69031 0.13
18 19 3 14050 44042 0.13
19 20 3 14051 122705 0.13
20 21 3 14052 25377 0.13
21 22 3 14053 31330 0.13
22 23 3 14054 38871 0.13
23 24 3 14055 1054946 0.13
24 25 3 14056 1357824 0.13
25 26 3 14057 3649967 0.13
26 27 3 14058 674262 0.13
27 28 3 14059 1478141 0.13
28 29 3 14060 60752 0.13
29 30 3 14061 994491 0.13
30 31 3 14062 12359 0.13
31 32 3 14063 21445 0.13
32 33 3 14064 50129 0.13
33 34 3 14065 37687 0.13
34 35 3 14066 115273 0.13
35 36 3 14067 976459 0.13
36 37 3 14068 1067899 0.13
37 38 3 14069 12147 0.13
38 39 3 14070 9612160 0.13
39 40 3 14071 2026 0.13
40 41 3 14072 5376 0.13
41 42 3 14073 9626 0.13
42 43 3 14074 6847270 0.13
43 44 3 14075 58164 0.13
44 45 3 14076 3485 0.13
45 46 3 14077 22177 0.13
46 47 3 14078 4602 0.13
47 48 3 14079 2336 0.13
48 49 3 14080 46865 0.13
49 50 3 14081 19632067 0.13
50 51 3 14082 311724 0.13
51 52 3 14083 77924 0.13
52 53 3 14084 1116058 0.13
53 54 3 14085 195667 0.13
54 55 3 14086 8265418 0.13
55 56 3 14087 2606862 0.13
56 57 3 14088 522330 0.13
57 58 3 14089 58993 0.13
58 59 3 14090 20170 0.13
59 60 3 14091 655073 0.13
60 61 3 14092 2117297 0.13
61 62 3 14093 28600 0.13
62 63 3 14094 2281 0.13
63 0 3 14095 199168 0.13
0 1 3 14096 76726 0.13
1 2 3 14097 23167 0.13
2 3 3 14098 13896 0.13
3 4 3 14099 2314 0.13
4 5 3 14100 23925 0.13
5 6 3 14101 2001 0.13
6 7 3 14102 11488 0.13
7 8 3 14103 27878095 0.13
8 9 3 14104 1796728 0.13
9 10 3 14105 40625 0.13
10 11 3 14106 49028 0.13
11 12 3 14107 176137 0.13
12 13 3 14108 77171 0.13
13 14 3 14109 1369255 0.13
14 15 3 14110 3803 0.13
15 16 3 14111 5311 0.13
16 17 3 14112 28449 0.13
17 18 3 14113 2892944 0.13
18 19 3 14114 6072069 0.13
19 20 3 14115 39619 0.13
20 21 3 14116 9520547 0.13
21 22 3 14117 27650 0.13
22 23 3 14118 250907 0.13
23 24 3 14119 18905 0.13
24 25 3 14120 7122417 0.13
25 26 3 14121 156982 0.13
26 27 3 14122 26110 0.13
27 28 3 14123 51646 0.13
28 29 3 14124 6517 0.13
29 30 3 14125 4067 0.13
30 31 3 14126 29425 0.13
31 32 3 14127 8358247 0.13
32 33 3 14128 2088267 0.13
33 34 3 14129 9050667 0.13
34 35 3 14130 4283391 0.13
35 36 3 14131 2394420 0.13
36 37 3 14132 156960 0.13
37 38 3 14133 953534 0.13
38 39 3 14134 9718246 0.13
39 40 3 14135 136860 0.13
40 41 3 14136 1699671 0.13
41 42 3 14137 1574732 0.13
42 43 3 14138 9374194 0.13
43 44 3 14139 63580 0.13
44 45 3 14140 64012 0.13
45 46 3 14141 177416 0.13
46 47 3 14142 2198 0.13
47 48 3 14143 7301 0.13
48 49 3 14144 3728 0.13
49 50 3 14145 469294 0.13
50 51 3 14146 26132022 0.13
51 52 3 14147 815303 0.13
52 53 3 14148 22993 0.13
53 54 3 14149 33146 0.13
54 55 3 14150 8960406 0.13
55 56 3 14151 76885 0.13
56 57 3 14152 2048 0.13
57 58 3 14153 2965311 0.13
58 59 3 14154 24825 0.13
59 60 3 14155 5510 0.13
60 61 3 14156 789583 0.13
61 62 3 14157 2632240 0.13
62 63 3 14158 4322 0.13
63 0 3 14159 7242588 0.13
0 2 3 14160 67666 0.13
1 3 3 14161 40707 0.13
2 4 3 14162 4829487 0.13
3 5 3 14163 26907 0.13
4 6 3 14164 8365579 0.13
5 7 3 14165 864858 0.13
6 8 3 14166 5709104 0.13
7 9 3 14167 72846 0.13
8 10 3 14168 19933 0.13
9 11 3 14169 1354290 0.13
10 12 3 14170 4182274 0.13
11 13 3 14171 20677 0.13
12 14 3 14172 20276 0.13
13 15 3 14173 24969 0.13
14 16 3 14174 348775 0.13
15 17 3 14175 11199 0.13
16 18 3 14176 6535 0.13
17 19 3 14177 6442009 0.13
18 20 3 14178 806496 0.13
19 21 3 14179 707392 0.13
20 22 3 14180 310615 0.13
21 23 3 14181 1642442 0.13
22 24 3 14182 99669 0.13
23 25 3 14183 2396 0.13
24 26 3 14184 68990 0.13
25 27 3 14185 365339 0.13
26 28 3 14186 71309 0.13
27 29 3 14187 20240886 0.13
28 30 3 14188 4909993 0.13
29 31 3 14189 4063065 0.13
30 32 3 14190 70955 0.13
31 33 3 14191 19596455 0.13
32 34 3 14192 6143344 0.13
33 35 3 14193 28026 0.13
34 36 3 14194 22209 0.13
35 37 3 14195 159997 0.13
36 38 3 14196 2790 0.13
37 39 3 14197 1992699 0.13
38 40 3 14198 68073 0.13
39 41 3 14199 98459 0.13
40 42 3 14200 73648 0.13
41 43 3 14201 48743 0.13
42 44 3 14202 890709 0.13
43 45 3 14203 14960 0.13
44 46 3 14204 14338130 0.13
45 47 3 14205 985956 0.13
46 48 3 14206 63862 0.13
47 49 3 14207 913684 0.13
48 50 3 14208 2059 0.13
49 51 3 14209 21075 0.13
50 52 3 14210 167442 0.13
51 53 3 14211 35087 0.13
52 54 3 14212 302224 0.13
53 55 3 14213 25970 0.13
54 56 3 14214 111822 0.13
55 57 3 14215 23713 0.13
56 58 3 14216 66464 0.13
57 59 3 14217 304672 0.13
58 60 3 14218 43184 0.13
59 61 3 14219 72793 0.13
60 62 3 14220 21053 0.13
61 63 3 14221 1007126 0.13
62 0 3 14222 44461 0.13
63 1 3 14223 3629782 0.13
0 3 3 14224 27962 0.13
1 4 3 14225 15977 0.13
2 5 3 14226 8491 0.13
3 6 3 14227 158673 0.13
4 7 3 14228 22856 0.13
5 8 3 14229 5990 0.13
6 9 3 14230 26994 0.13
7 10 3 14231 23580 0.13
8 11 3 14232 57435 0.13
9 12 3 14233 46176 0.13
10 13 3 14234 9667 0.13
11 14 3 14235 9224851 0.13
12 15 3 14236 9963 0.13
13 16 3 14237 2170050 0.13
14 17 3 14238 15321 0.13
15 18 3 14239 72984 0.13
16 19 3 14240 27041180 0.13
17 20 3 14241 3481697 0.13
18 21 3 14242 77001 0.13
19 22 3 14243 1205603 0.13
20 23 3 14244 1853329 0.13
21 24 3 14245 30006 0.13
22 25 3 14246 135094 0.13
23 26 3 14247 144859 0.13
24 27 3 14248 49680 0.13
25 28 3 14249 924345 0.13
26 29 3 14250 3202 0.13
27 30 3 14251 2414542 0.13
28 31 3 14252 67662 0.13
29 32 3 14253 438897 0.13
30 33 3 14254 61504 0.13
31 34 3 14255 36931 0.13
32 35 3 14256 42192 0.13
33 36 3 14257 132028 0.13
34 37 3 14258 7274612 0.13
35 38 3 14259 25771 0.13
36 39 3 14260 2099 0.13
37 40 3 14261 7698 0.13
38 41 3 14262 4021057 0.13
39 42 3 14263 9508325 0.13
40 43 3 14264 19791 0.13
41 44 3 14265 158676 0.13
42 45 3 14266 593047 0.13
43 46 3 14267 14907 0.13
44 47 3 14268 1803090 0.13
45 48 3 14269 41021 0.13
46 49 3 14270 785542 0.13
47 50 3 14271 70190 0.13
48 51 3 14272 1365261 0.13
49 52 3 14273 4688973 0.13
50 53 3 14274 46214 0.13
51 54 3 14275 28652 0.13
52 55 3 14276 453697 0.13
53 56 3 14277 9587 0.13
54 57 3 14278 13515 0.13
55 58 3 14279 2231514 0.13
56 59 3 14280 37477 0.13
57 60 3 14281 450187 0.13
58 61 3 14282 151378 0.13
59 62 3 14283 3467023 0.13
60 63 3 14284 3994 0.13
61 0 3 14285 12399 0.13
62 1 3 14286 22821 0.13
63 2 3 14287 33375 0.13
0 4 3 14288 29135 0.13
1 5 3 14289 26747 0.13
2 6 3 14290 557154 0.13
3 7 3 14291 27124 0.13
4 8 3 14292 60361 0.13
5 9 3 14293 3884194 0.13
6 10 3 14294 42632 0.13
7 11 3 14295 177576 0.13
8 12 3 14296 9680430 0.13
9 13 3 14297 53228 0.13
10 14 3 14298 16777 0.13
11 15 3 14299 2141 0.13
12 16 3 14300 1277724 0.13
13 17 3 14301 696180 0.13
14 18 3 14302 7888381 0.13
15 19 3 14303 1006969 0.13
16 20 3 14304 4604 0.13
17 21 3 14305 13382 0.13
18 22 3 14306 6240 0.13
19 23 3 14307 3465 0.13
20 24 3 14308 4360729 0.13
21 25 3 14309 111600 0.13
22 26 3 14310 2184 0.13
23 27 3 14311 49402 0.13
24 28 3 14312 1649963 0.13
25 29 3 14313 4827 0.13
26 30 3 14314 26245 0.13
27 31 3 14315 11054 0.13
28 32 3 14316 638661 0.13
29 33 3 14317 4564139 0.13
30 34 3 14318 31874 0.13
31 35 3 14319 24739 0.13
32 36 3 14320 28417 0.13
33 37 3 14321 411845 0.13
34 38 3 14322 8502 0.13
35 39 3 14323 3155533 0.13
36 40 3 14324 2214 0.13
37 41 3 14325 708393 0.13
38 42 3 14326 3811064 0.13
39 43 3 14327 35040 0.13
40 44 3 14328 67574 0.13
41 45 3 14329 13321030 0.13
42 46 3 14330 98144 0.13
43 47 3 14331 27241 0.13
44 48 3 14332 60348 0.13
45 49 3 14333 9967304 0.13
46 50 3 14334 980983 0.13
47 51 3 14335 15407 0.13
48 52 3 14336 195858 0.13
49 53 3 14337 448380 0.13
50 54 3 14338 486809 0.13
51 55 3 14339 138259 0.13
52 56 3 14340 78490 0.13
53 57 3 14341 516225 0.13
54 58 3 14342 31932 0.13
55 59 3 14343 39433 0.13
56 60 3 14344 96573 0.13
57 61 3 14345 2141232 0.13
58 62 3 14346 59660 0.13
59 63 3 14347 43156 0.13
60 0 3 14348 25980 0.13
61 1 3 14349 30714 0.13
62 2 3 14350 2000 0.13
63 3 3 14351 2461393 0.13
0 5 3 14352 3438394 0.13
1 6 3 14353 38776 0.13
2 7 3 14354 65968 0.13
3 8 3 14355 2041 0.13
4 9 3 14356 6577742 0.13
5 10 3 14357 8354107 0.13
6 11 3 14358 67784 0.13
7 12 3 14359 2045 0.13
8 13 3 14360 57023 0.13
9 14 3 14361 29292 0.13
10 15 3 14362 23121 0.13
11 16 3 14363 2036 0.13
12 17 3 14364 44728 0.13
13 18 3 14365 52708 0.13
14 19 3 14366 132378 0.13
15 20 3 14367 48950 0.13
16 21 3 14368 12653 0.13
17 22 3 14369 1371178 0.13
18 23 3 14370 47944 0.13
19 24 3 14371 45671 0.13
20 25 3 14372 26298 0.13
21 26 3 14373 55132 0.13
22 27 3 14374 23956 0.13
23 28 3 14375 1645382 0.13
24 29 3 14376 5711028 0.13
25 30 3 14377 2227248 0.13
26 31 3 14378 877122 0.13
27 32 3 14379 28467 0.13
28 33 3 14380 1429268 0.13
29 34 3 14381 2264259 0.13
30 35 3 14382 52977 0.13
31 36 3 14383 3604460 0.13
32 37 3 14384 16481 0.13
33 38 3 14385 28959 0.13
34 39 3 14386 495141 0.13
35 40 3 14387 341835 0.13
36 41 3 14388 27213 0.13
37 42 3 14389 382030 0.13
38 43 3 14390 17557 0.13
39 44 3 14391 2096 0.13
40 45 3 14392 2495 0.13
41 46 3 14393 88521 0.13
42 47 3 14394 17187 0.13
43 48 3 14395 6181 0.13
44 49 3 14396 26919 0.13
45 50 3 14397 1151959 0.13
46 51 3 14398 1271070 0.13
47 52 3 14399 23281 0.13
48 53 3 14400 10136 0.13
49 54 3 14401 71595 0.13
50 55 3 14402 38382 0.13
51 56 3 14403 32315 0.13
52 57 3 14404 1994623 0.13
53 58 3 14405 28642297 0.13
54 59 3 14406 64696 0.13
55 60 3 14407 1914247 0.13
56 61 3 14408 36049 0.13
57 62 3 14409 3306388 0.13
58 63 3 14410 8688860 0.13
59 0 3 14411 2922 0.13
60 1 3 14412 1756529 0.13
61 2 3 14413 3996 0.13
62 3 3 14414 66187 0.13
63 4 3 14415 18438 0.13
0 6 3 14416 3246178 0.13
1 7 3 14417 2517521 0.13
2 8 3 14418 2847561 0.13
3 9 3 14419 7756 0.13
4 10 3 14420 1681456 0.13
5 11 3 14421 24896 0.13
6 12 3 14422 1712253 0.13
7 13 3 14423 59914 0.13
8 14 3 14424 1376190 0.13
9 15 3 14425 2280 0.13
10 16 3 14426 64038 0.13
11 17 3 14427 1709959 0.13
12 18 3 14428 77955 0.13
13 19 3 14429 18077234 0.13
14 20 3 14430 66805 0.13
15 21 3 14431 851538 0.13
16 22 3 14432 32421 0.13
17 23 3 14433 34612 0.13
18 24 3 14434 433314 0.13
19 25 3 14435 2395 0.13
20 26 3 14436 7672923 0.13
21 27 3 14437 77906 0.13
22 28 3 14438 25331 0.13
23 29 3 14439 508160 0.13
24 30 3 14440 19744 0.13
25 31 3 14441 4625587 0.13
26 32 3 14442 3909729 0.13
27 33 3 14443 21778 0.13
28 34 3 14444 7034 0.13
29 35 3 14445 463271 0.13
30 36 3 14446 34902 0.13
31 37 3 14447 13472 0.13
32 38 3 14448 27610 0.13
33 39 3 14449 7571 0.13
34 40 3 14450 1891437 0.13
35 41 3 14451 2044 0.13
36 42 3 14452 2393 0.13
37 43 3 14453 1834752 0.13
38 44 3 14454 67370 0.13
39 45 3 14455 193506 0.13
40 46 3 14456 44279 0.13
41 47 3 14457 5263 0.13
42 48 3 14458 11539 0.13
43 49 3 14459 5398 0.13
44 50 3 14460 349158 0.13
45 51 3 14461 7203484 0.13
46 52 3 14462 27982068 0.13
47 53 3 14463 401058 0.13
48 54 3 14464 3184 0.13
49 55 3 14465 556599 0.13
50 56 3 14466 1013281 0.13
51 57 3 14467 1914662 0.13
52 58 3 14468 8066 0.13
53 59 3 14469 23267 0.13
54 60 3 14470 17783807 0.13
55 61 3 14471 1885618 0.13
56 62 3 14472 1566975 0.13
57 63 3 14473 2165761 0.13
58 0 3 14474 58935 0.13
59 1 3 14475 18593 0.13
60 2 3 14476 913999 0.13
61 3 3 14477 41633 0.13
62 4 3 14478 8778 0.13
63 5 3 14479 4959891 0.13
0 7 3 14480 69685 0.13
1 8 3 14481 58653 0.13
2 9 3 14482 29471 0.13
3 10 3 14483 976302 0.13
4 11 3 14484 17955 0.13
5 12 3 14485 17325 0.13
6 13 3 14486 39532 0.13
7 14 3 14487 1324024 0.13
8 15 3 14488 27532 0.13
9 16 3 14489 2940487 0.13
10 17 3 14490 6033857 0.13
11 18 3 14491 122034 0.13
12 19 3 14492 3821 0.13
13 20 3 14493 11005 0.13
14 21 3 14494 29567 0.13
15 22 3 14495 26334 0.13
16 23 3 14496 43422 0.13
17 24 3 14497 2003 0.13
18 25 3 14498 504208 0.13
19 26 3 14499 45808 0.13
20 27 3 14500 17106 0.13
21 28 3 14501 2093 0.13
22 29 3 14502 3704878 0.13
23 30 3 14503 1760165 0.13
24 31 3 14504 23878 0.13
25 32 3 14505 1210035 0.13
26 33 3 14506 666315 0.13
27 34 3 14507 95354 0.13
28 35 3 14508 47498 0.13
29 36 3 14509 78631 0.13
30 37 3 14510 72511 0.13
31 38 3 14511 116801 0.13
32 39 3 14512 304313 0.13
33 40 3 14513 34520 0.13
34 41 3 14514 527231 0.13
35 42 3 14515 6837 0.13
36 43 3 14516 78430 0.13
37 44 3 14517 3667 0.13
38 45 3 14518 3055800 0.13
39 46 3 14519 8381 0.13
40 47 3 14520 4204783 0.13
41 48 3 14521 20207 0.13
42 49 3 14522 69700 0.13
43 50 3 14523 5912 0.13
44 51 3 14524 150306 0.13
45 52 3 14525 3088985 0.13
46 53 3 14526 663370 0.13
47 54 3 14527 79035 0.13
48 55 3 14528 1013140 0.13
49 56 3 14529 25593 0.13
50 57 3 14530 43270 0.13
51 58 3 14531 247628 0.13
52 59 3 14532 3961 0.13
53 60 3 14533 7157931 0.13
54 61 3 14534 20873 0.13
55 62 3 14535 71093 0.13
56 63 3 14536 4693019 0.13
57 0 3 14537 4596 0.13
58 1 3 14538 2030598 0.13
59 2 3 14539 3249 0.13
60 3 3 14540 128034 0.13
61 4 3 14541 7731704 0.13
62 5 3 14542 53681 0.13
63 6 3 14543 43813 0.13
0 8 3 14544 1084337 0.13
1 9 3 14545 2709288 0.13
2 10 3 14546 26581 0.13
3 11 3 14547 2375 0.13
4 12 3 14548 3927 0.13
5 13 3 14549 30780 0.13
6 14 3 14550 8185963 0.13
7 15 3 14551 9327624 0.13
8 16 3 14552 5798 0.13
9 17 3 14553 1251719 0.13
10 18 3 14554 82847 0.13
11 19 3 14555 17892 0.13
12 20 3 14556 79121 0.13
13 21 3 14557 24876 0.13
14 22 3 14558 402600 0.13
15 23 3 14559 15779 0.13
16 24 3 14560 1491943 0.13
17 25 3 14561 53504 0.13
18 26 3 14562 6441 0.13
19 27 3 14563 508994 0.13
20 28 3 14564 41592 0.13
21 29 3 14565 63550 0.13
22 30 3 14566 721938 0.13
23 31 3 14567 4484720 0.13
24 32 3 14568 13361 0.13
25 33 3 14569 16079 0.13
26 34 3 14570 50359 0.13
27 35 3 14571 37502 0.13
28 36 3 14572 11635 0.13
29 37 3 14573 28955714 0.13
30 38 3 14574 59925 0.13
31 39 3 14575 40464 0.13
32 40 3 14576 33030 0.13
33 41 3 14577 24308660 0.13
34 42 3 14578 34930 0.13
35 43 3 14579 44343 0.13
36 44 3 14580 1641843 0.13
37 45 3 14581 57058 0.13
38 46 3 14582 1258676 0.13
39 47 3 14583 267306 0.13
40 48 3 14584 136819 0.13
41 49 3 14585 21392 0.13
42 50 3 14586 1657082 0.13
43 51 3 14587 6867637 0.13
44 52 3 14588 25408 0.13
45 53 3 14589 9403698 0.13
46 54 3 14590 60961 0.13
47 55 3 14591 49418 0.13
48 56 3 14592 1263132 0.13
49 57 3 14593 18637647 0.13
50 58 3 14594 192736 0.13
51 59 3 14595 77140 0.13
52 60 3 14596 25608006 0.13
53 61 3 14597 30368 0.13
54 62 3 14598 30066 0.13
55 63 3 14599 22188 0.13
56 0 3 14600 3671612 0.13
57 1 3 14601 2122 0.13
58 2 3 14602 2658197 0.13
59 3 3 14603 917753 0.13
60 4 3 14604 27595 0.13
61 5 3 14605 120565 0.13
62 6 3 14606 125125 0.13
63 7 3 14607 6851603 0.13
0 9 3 14608 10942 0.13
1 10 3 14609 2336 0.13
2 11 3 14610 41131 0.13
3 12 3 14611 9072 0.13
4 13 3 14612 43416 0.13
5 14 3 14613 169409 0.13
6 15 3 14614 23299 0.13
7 16 3 14615 2332227 0.13
8 17 3 14616 5433 0.13
9 18 3 14617 49959 0.13
10 19 3 14618 6277271 0.13
11 20 3 14619 1342659 0.13
12 21 3 14620 1235805 0.13
13 22 3 14621 1929041 0.13
14 23 3 14622 14580 0.13
15 24 3 14623 2771157 0.13
16 25 3 14624 916760 0.13
17 26 3 14625 159255 0.13
18 27 3 14626 5546831 0.13
19 28 3 14627 191824 0.13
20 29 3 14628 30078 0.13
21 30 3 14629 1307893 0.13
22 31 3 14630 159343 0.13
23 32 3 14631 4493 0.13
24 33 3 14632 2914 0.13
25 34 3 14633 1709015 0.13
26 35 3 14634 39586 0.13
27 36 3 14635 2514251 0.13
28 37 3 14636 53812 0.13
29 38 3 14637 4034932 0.13
30 39 3 14638 4093595 0.13
31 40 3 14639 22671 0.13
32 41 3 14640 622233 0.13
33 42 3 14641 218413 0.13
34 43 3 14642 2057 0.13
35 44 3 14643 1774186 0.13
36 45 3 14644 46497 0.13
37 46 3 14645 30956 0.13
38 47 3 14646 2382 0.13
39 48 3 14647 97022 0.13
40 49 3 14648 9966 0.13
41 50 3 14649 73631 0.13
42 51 3 14650 22079 0.13
43 52 3 14651 2536 0.13
44 53 3 14652 1315785 0.13
45 54 3 14653 48576 0.13
46 55 3 14654 60526 0.13
47 56 3 14655 191655 0.13
48 57 3 14656 74168 0.13
49 58 3 14657 22208 0.13
50 59 3 14658 28978 0.13
51 60 3 14659 48864 0.13
52 61 3 14660 8575 0.13
53 62 3 14661 4778 0.13
54 63 3 14662 151041 0.13
55 0 3 14663 2490 0.13
56 1 3 14664 49838 0.13
57 2 3 14665 4955 0.13
58 3 3 14666 73497 0.13
59 4 3 14667 1738251 0.13
60 5 3 14668 8430 0.13
61 6 3 14669 8789 0.13
62 7 3 14670 130222 0.13
63 8 3 14671 70275 0.13
0 10 3 14672 617987 0.13
1 11 3 14673 19219 0.13
2 12 3 14674 327974 0.13
3 13 3 14675 1356677 0.13
4 14 3 14676 24624 0.13
5 15 3 14677 4015 0.13
6 16 3 14678 1767718 0.13
7 17 3 14679 34682 0.13
8 18 3 14680 6724148 0.13
9 19 3 14681 5271 0.13
10 20 3 14682 773980 0.13
11 21 3 14683 55432 0.13
12 22 3 14684 39661 0.13
13 23 3 14685 34147 0.13
14 24 3 14686 189503 0.13
15 25 3 14687 2156 0.13
16 26 3 14688 30963 0.13
17 27 3 14689 21767944 0.13
18 28 3 14690 329767 0.13
19 29 3 14691 23439454 0.13
20 30 3 14692 59740 0.13
21 31 3 14693 9665 0.13
22 32 3 14694 2431 0.13
23 33 3 14695 2545157 0.13
24 34 3 14696 19937 0.13
25 35 3 14697 44764 0.13
26 36 3 14698 1577337 0.13
27 37 3 14699 3582924 0.13
28 38 3 14700 6989 0.13
29 39 3 14701 2817 0.13
30 40 3 14702 8495779 0.13
31 41 3 14703 6909263 0.13
32 42 3 14704 4062570 0.13
33 43 3 14705 2604018 0.13
34 44 3 14706 2068 0.13
35 45 3 14707 950361 0.13
36 46 3 14708 6902 0.13
37 47 3 14709 61552 0.13
38 48 3 14710 2136 0.13
39 49 3 14711 20900 0.13
40 50 3 14712 93723 0.13
41 51 3 14713 20380 0.13
42 52 3 14714 78445 0.13
43 53 3 14715 25865 0.13
44 54 3 14716 69159 0.13
45 55 3 14717 1299235 0.13
46 56 3 14718 9307 0.13
47 57 3 14719 990041 0.13
48 58 3 14720 2091 0.13
49 59 3 14721 170865 0.13
50 60 3 14722 708226 0.13
51 61 3 14723 2413 0.13
52 62 3 14724 14063 0.13
53 63 3 14725 28401 0.13
54 0 3 14726 1891884 0.13
55 1 3 14727 343718 0.13
56 2 3 14728 2715 0.13
57 3 3 14729 638062 0.13
58 4 3 14730 2041 0.13
59 5 3 14731 47729 0.13
60 6 3 14732 27131 0.13
61 7 3 14733 3562488 0.13
62 8 3 14734 680802 0.13
63 9 3 14735 3928468 0.13
0 11 3 14736 2095 0.13
1 12 3 14737 4022313 0.13
2 13 3 14738 595289 0.13
3 14 3 14739 23116 0.13
4 15 3 14740 46140 0.13
5 16 3 14741 14407959 0.13
6 17 3 14742 5972 0.13
7 18 3 14743 33091 0.13
8 19 3 14744 4003182 0.13
9 20 3 14745 82675 0.13
10 21 3 14746 17283 0.13
11 22 3 14747 73227 0.13
12 23 3 14748 63381 0.13
13 24 3 14749 6882140 0.13
14 25 3 14750 2119 0.13
15 26 3 14751 24739 0.13
16 27 3 14752 79865 0.13
17 28 3 14753 36713 0.13
18 29 3 14754 48679 0.13
19 30 3 14755 11401 0.13
20 31 3 14756 39355 0.13
21 32 3 14757 40382 0.13
22 33 3 14758 401847 0.13
23 34 3 14759 23620 0.13
24 35 3 14760 15496178 0.13
25 36 3 14761 73365 0.13
26 37 3 14762 2356785 0.13
27 38 3 14763 406338 0.13
28 39 3 14764 4360318 0.13
29 40 3 14765 4712062 0.13
30 41 3 14766 2445759 0.13
31 42 3 14767 2226 0.13
32 43 3 14768 122753 0.13
33 44 3 14769 28019 0.13
34 45 3 14770 10341 0.13
35 46 3 14771 4915259 0.13
36 47 3 14772 655454 0.13
37 48 3 14773 5145 0.13
38 49 3 14774 46441 0.13
39 50 3 14775 9328978 0.13
40 51 3 14776 299587 0.13
41 52 3 14777 404196 0.13
42 53 3 14778 22742 0.13
43 54 3 14779 24036 0.13
44 55 3 14780 10549 0.13
45 56 3 14781 10358115 0.13
46 57 3 14782 5695385 0.13
47 58 3 14783 35856 0.13
48 59 3 14784 100972 0.13
49 60 3 14785 20675 0.13
50 61 3 14786 9086 0.13
51 62 3 14787 99463 0.13
52 63 3 14788 2003151 0.13
53 0 3 14789 3877629 0.13
54 1 3 14790 31799 0.13
55 2 3 14791 1051363 0.13
56 3 3 14792 78570 0.13
57 4 3 14793 8820 0.13
58 5 3 14794 27123866 0.13
59 6 3 14795 13851272 0.13
60 7 3 14796 9612 0.13
61 8 3 14797 7359281 0.13
62 9 3 14798 6222294 0.13
63 10 3 14799 33499 0.13
0 12 3 14800 126869 0.13
1 13 3 14801 8471540 0.13
2 14 3 14802 7470 0.13
3 15 3 14803 33519 0.13
4 16 3 14804 4389143 0.13
5 17 3 14805 1270795 0.13
6 18 3 14806 1654350 0.13
7 19 3 14807 4403957 0.13
8 20 3 14808 53240 0.13
9 21 3 14809 52596 0.13
10 22 3 14810 59924 0.13
11 23 3 14811 7412037 0.13
12 24 3 14812 4823902 0.13
13 25 3 14813 7375002 0.13
14 26 3 14814 27379 0.13
15 27 3 14815 1791078 0.13
16 28 3 14816 6541 0.13
17 29 3 14817 16949 0.13
18 30 3 14818 1624474 0.13
19 31 3 14819 295852 0.13
20 32 3 14820 26686 0.13
21 33 3 14821 143502 0.13
22 34 3 14822 23091 0.13
23 35 3 14823 23218 0.13
24 36 3 14824 899023 0.13
25 37 3 14825 41852 0.13
26 38 3 14826 905130 0.13
27 39 3 14827 67677 0.13
28 40 3 14828 73613 0.13
29 41 3 14829 237694 0.13
30 42 3 14830 1120191 0.13
31 43 3 14831 44791 0.13
32 44 3 14832 3563882 0.13
33 45 3 14833 71102 0.13
34 46 3 14834 9001 0.13
35 47 3 14835 18651 0.13
36 48 3 14836 2263 0.13
37 49 3 14837 1645388 0.13
38 50 3 14838 2075 0.13
39 51 3 14839 26985 0.13
40 52 3 14840 53010 0.13
41 53 3 14841 1423666 0.13
42 54 3 14842 22162278 0.13
43 55 3 14843 1577765 0.13
44 56 3 14844 3629 0.13
45 57 3 14845 6935943 0.13
46 58 3 14846 20418426 0.13
47 59 3 14847 4013870 0.13
48 60 3 14848 70756 0.13
49 61 3 14849 34979 0.13
50 62 3 14850 63279 0.13
51 63 3 14851 24678 0.13
52 0 3 14852 51123 0.13
53 1 3 14853 2391 0.13
54 2 3 14854 1353317 0.13
55 3 3 14855 46074 0.13
56 4 3 14856 32579 0.13
57 5 3 14857 292038 0.13
58 6 3 14858 1424678 0.13
59 7 3 14859 189381 0.13
60 8 3 14860 78899 0.13
61 9 3 14861 4273489 0.13
62 10 3 14862 1869198 0.13
63 11 3 14863 77842 0.13
0 13 3 14864 61909 0.13
1 14 3 14865 2810303 0.13
2 15 3 14866 2398 0.13
3 16 3 14867 27224247 0.13
4 17 3 14868 77392 0.13
5 18 3 14869 49122 0.13
6 19 3 14870 1351700 0.13
7 20 3 14871 127487 0.13
8 21 3 14872 76798 0.13
9 22 3 14873 445188 0.13
10 23 3 14874 2490 0.13
11 24 3 14875 29117 0.13
12 25 3 14876 49607 0.13
13 26 3 14877 30910 0.13
14 27 3 14878 2828630 0.13
15 28 3 14879 64157 0.13
16 29 3 14880 55183 0.13
17 30 3 14881 305074 0.13
18 31 3 14882 2818 0.13
19 32 3 14883 76992 0.13
20 33 3 14884 9379 0.13
21 34 3 14885 2896805 0.13
22 35 3 14886 61930 0.13
23 36 3 14887 1226467 0.13
24 37 3 14888 7053 0.13
25 38 3 14889 1787311 0.13
26 39 3 14890 7703032 0.13
27 40 3 14891 968913 0.13
28 41 3 14892 8824 0.13
29 42 3 14893 53129 0.13
30 43 3 14894 61742 0.13
31 44 3 14895 15775 0.13
32 45 3 14896 183397 0.13
33 46 3 14897 1126343 0.13
34 47 3 14898 20193 0.13
35 48 3 14899 62619 0.13
36 49 3 14900 25008 0.13
37 50 3 14901 933739 0.13
38 51 3 14902 5511604 0.13
39 52 3 14903 1964862 0.13
40 53 3 14904 1183747 0.13
41 54 3 14905 7883 0.13
42 55 3 14906 7133 0.13
43 56 3 14907 61399 0.13
44 57 3 14908 42588 0.13
45 58 3 14909 78573 0.13
46 59 3 14910 46817 0.13
47 60 3 14911 1910665 0.13
48 61 3 14912 75769 0.13
49 62 3 14913 8553849 0.13
50 63 3 14914 45735 0.13
51 0 3 14915 46121 0.13
52 1 3 14916 1682603 0.13
53 2 3 14917 5875198 0.13
54 3 3 14918 140842 0.13
55 4 3 14919 676242 0.13
56 5 3 14920 10017 0.13
57 6 3 14921 4064556 0.13
58 7 3 14922 15773 0.13
59 8 3 14923 1120474 0.13
60 9 3 14924 54518 0.13
61 10 3 14925 31903 0.13
62 11 3 14926 1686304 0.13
63 12 3 14927 60674 0.13
0 14 3 14928 411622 0.13
1 15 3 14929 7404 0.13
2 16 3 14930 8525 0.13
3 17 3 14931 20285 0.13
4 18 3 14932 380482 0.13
5 19 3 14933 25311 0.13
6 20 3 14934 63532 0.13
7 21 3 14935 3662331 0.13
8 22 3 14936 103144 0.13
9 23 3 14937 2028 0.13
10 24 3 14938 4481087 0.13
11 25 3 14939 23787 0.13
12 26 3 14940 180906 0.13
13 27 3 14941 67471 0.13
14 28 3 14942 52342 0.13
15 29 3 14943 4558 0.13
16 30 3 14944 200816 0.13
17 31 3 14945 24471 0.13
18 32 3 14946 109728 0.13
19 33 3 14947 358128 0.13
20 34 3 14948 127226 0.13
21 35 3 14949 2757575 0.13
22 36 3 14950 2485 0.13
23 37 3 14951 9860 0.13
24 38 3 14952 626215 0.13
25 39 3 14953 2322 0.13
26 40 3 14954 3614878 0.13
27 41 3 14955 735972 0.13
28 42 3 14956 3140433 0.13
29 43 3 14957 29844 0.13
30 44 3 14958 6456049 0.13
31 45 3 14959 2487 0.13
32 46 3 14960 53913 0.13
33 47 3 14961 15649 0.13
34 48 3 14962 776723 0.13
35 49 3 14963 288718 0.13
36 50 3 14964 932108 0.13
37 51 3 14965 191375 0.13
38 52 3 14966 1873075 0.13
39 53 3 14967 15483 0.13
40 54 3 14968 62770 0.13
41 55 3 14969 163942 0.13
42 56 3 14970 7248558 0.13
43 57 3 14971 5518 0.13
44 58 3 14972 29929 0.13
45 59 3 14973 43713 0.13
46 60 3 14974 45787 0.13
47 61 3 14975 3736 0.13
48 62 3 14976 56305 0.13
49 63 3 14977 115093 0.13
50 0 3 14978 29283 0.13
51 1 3 14979 8763 0.13
52 2 3 14980 956955 0.13
53 3 3 14981 27441 0.13
54 4 3 14982 79319 0.13
55 5 3 14983 78764 0.13
56 6 3 14984 966635 0.13
57 7 3 14985 296429 0.13
58 8 3 14986 6744 0.13
59 9 3 14987 1297285 0.13
60 10 3 14988 431828 0.13
61 11 3 14989 21459509 0.13
62 12 3 14990 69306 0.13
63 13 3 14991 909234 0.13
0 15 3 14992 7420833 0.13
1 16 3 14993 20852294 0.13
2 17 3 14994 28718 0.13
3 18 3 14995 270756 0.13
4 19 3 14996 33297 0.13
5 20 3 14997 78936 0.13
6 21 3 14998 26682890 0.13
7 22 3 14999 40770 0.13
8 23 3 15000 8377 0.13
9 24 3 15001 135944 0.13
10 25 3 15002 77624 0.13
11 26 3 15003 454860 0.13
12 27 3 15004 71347 0.13
13 28 3 15005 15981 0.13
14 29 3 15006 275246 0.13
15 30 3 15007 1085870 0.13
16 31 3 15008 16171773 0.13
17 32 3 15009 2007 0.13
18 33 3 15010 2153 0.13
19 34 3 15011 403685 0.13
20 35 3 15012 7434 0.13
21 36 3 15013 3442093 0.13
22 37 3 15014 1995643 0.13
23 38 3 15015 29324671 0.13
24 39 3 15016 53240 0.13
25 40 3 15017 36758 0.13
26 41 3 15018 132140 0.13
27 42 3 15019 500028 0.13
28 43 3 15020 2056 0.13
29 44 3 15021 20118 0.13
30 45 3 15022 28162 0.13
31 46 3 15023 1901955 0.13
32 47 3 15024 31554 0.13
33 48 3 15025 74620 0.13
34 49 3 15026 34784 0.13
35 50 3 15027 2030 0.13
36 51 3 15028 886686 0.13
37 52 3 15029 38272 0.13
38 53 3 15030 1243966 0.13
39 54 3 15031 327946 0.13
40 55 3 15032 2221 0.13
41 56 3 15033 15125 0.13
42 57 3 15034 36102 0.13
43 58 3 15035 37587 0.13
44 59 3 15036 779783 0.13
45 60 3 15037 6154503 0.13
46 61 3 15038 1972543 0.13
47 62 3 15039 565217 0.13
48 63 3 15040 68806 0.13
49 0 3 15041 417603 0.13
50 1 3 15042 4761749 0.13
51 2 3 15043 91944 0.13
52 3 3 15044 37021 0.13
53 4 3 15045 1839890 0.13
54 5 3 15046 53219 0.13
55 6 3 15047 1425846 0.13
56 7 3 15048 3053172 0.13
57 8 3 15049 29934 0.13
58 9 3 15050 1249641 0.13
59 10 3 15051 33100 0.13
60 11 3 15052 90089 0.13
61 12 3 15053 20826 0.13
62 13 3 15054 883946 0.13
63 14 3 15055 1995353 0.13
0 16 3 15056 4640884 0.13
1 17 3 15057 40719 0.13
2 18 3 15058 9972378 0.13
3 19 3 15059 28046 0.13
4 20 3 15060 2248 0.13
5 21 3 15061 19079179 0.13
6 22 3 15062 412086 0.13
7 23 3 15063 3272173 0.13
8 24 3 15064 150254 0.13
9 25 3 15065 47913 0.13
10 26 3 15066 191757 0.13
11 27 3 15067 3937810 0.13
12 28 3 15068 1515402 0.13
13 29 3 15069 1052661 0.13
14 30 3 15070 32899 0.13
15 31 3 15071 2255 0.13
16 32 3 15072 53200 0.13
17 33 3 15073 72397 0.13
18 34 3 15074 23764 0.13
19 35 3 15075 61978 0.13
20 36 3 15076 8623339 0.13
21 37 3 15077 21613 0.13
22 38 3 15078 30463 0.13
23 39 3 15079 6978 0.13
24 40 3 15080 1849439 0.13
25 41 3 15081 1777903 0.13
26 42 3 15082 5953846 0.13
27 43 3 15083 60101 0.13
28 44 3 15084 2165 0.13
29 45 3 15085 69076 0.13
30 46 3 15086 73089 0.13
31 47 3 15087 18042 0.13
32 48 3 15088 6688340 0.13
33 49 3 15089 1324410 0.13
34 50 3 15090 78529 0.13
35 51 3 15091 1755332 0.13
36 52 3 15092 9463 0.13
37 53 3 15093 4153969 0.13
38 54 3 15094 2664155 0.13
39 55 3 15095 7715989 0.13
40 56 3 15096 813738 0.13
41 57 3 15097 8617 0.13
42 58 3 15098 1245706 0.13
43 59 3 15099 63700 0.13
44 60 3 15100 1136773 0.13
45 61 3 15101 78233 0.13
46 62 3 15102 2020 0.13
47 63 3 15103 7309810 0.13
48 0 3 15104 896418 0.13
49 1 3 15105 190207 0.13
50 2 3 15106 5095 0.13
51 3 3 15107 65432 0.13
52 4 3 15108 2448 0.13
53 5 3 15109 77825 0.13
54 6 3 15110 671874 0.13
55 7 3 15111 32496 0.13
56 8 3 15112 161531 0.13
57 9 3 15113 32428 0.13
58 10 3 15114 4764067 0.13
59 11 3 15115 34176 0.13
60 12 3 15116 18509 0.13
61 13 3 15117 27664 0.13
62 14 3 15118 33829 0.13
63 15 3 15119 59488 0.13
0 17 3 15120 7412 0.13
1 18 3 15121 9945 0.13
2 19 3 15122 27363 0.13
3 20 3 15123 2076 0.13
4 21 3 15124 383559 0.13
5 22 3 15125 76321 0.13
6 23 3 15126 20657 0.13
7 24 3 15127 40063 0.13
8 25 3 15128 33696 0.13
9 26 3 15129 9324 0.13
10 27 3 15130 1043536 0.13
11 28 3 15131 28326 0.13
12 29 3 15132 24482 0.13
13 30 3 15133 3987 0.13
14 31 3 15134 306103 0.13
15 32 3 15135 37747 0.13
16 33 3 15136 60072 0.13
17 34 3 15137 8405 0.13
18 35 3 15138 66323 0.13
19 36 3 15139 803967 0.13
20 37 3 15140 6474 0.13
21 38 3 15141 2765 0.13
22 39 3 15142 56107 0.13
23 40 3 15143 15796 0.13
24 41 3 15144 193350 0.13
25 42 3 15145 187582 0.13
26 43 3 15146 3085232 0.13
27 44 3 15147 994923 0.13
28 45 3 15148 330522 0.13
29 46 3 15149 32488 0.13
30 47 3 15150 2523259 0.13
31 48 3 15151 1128986 0.13
32 49 3 15152 766962 0.13
33 50 3 15153 85974 0.13
34 51 3 15154 12454592 0.13
35 52 3 15155 1557429 0.13
36 53 3 15156 65160 0.13
37 54 3 15157 8543 0.13
38 55 3 15158 2385530 0.13
39 56 3 15159 6406360 0.13
40 57 3 15160 65755 0.13
41 58 3 15161 62827 0.13
42 59 3 15162 875823 0.13
43 60 3 15163 1102159 0.13
44 61 3 15164 65091 0.13
45 62 3 15165 23169 0.13
46 63 3 15166 22379 0.13
47 0 3 15167 3832888 0.13
48 1 3 15168 335536 0.13
49 2 3 15169 5918686 0.13
50 3 3 15170 48415 0.13
51 4 3 15171 996916 0.13
52 5 3 15172 721444 0.13
53 6 3 15173 1887787 0.13
54 7 3 15174 4472116 0.13
55 8 3 15175 62296 0.13
56 9 3 15176 2236 0.13
57 10 3 15177 67384 0.13
58 11 3 15178 40288 0.13
59 12 3 15179 64132 0.13
60 13 3 15180 14160 0.13
61 14 3 15181 1679415 0.13
62 15 3 15182 235521 0.13
63 16 3 15183 8191 0.13
0 18 3 15184 6234 0.13
1 19 3 15185 2526586 0.13
2 20 3 15186 1967577 0.13
3 21 3 15187 35173 0.13
4 22 3 15188 595611 0.13
5 23 3 15189 1924309 0.13
6 24 3 15190 84706 0.13
7 25 3 15191 50188 0.13
8 26 3 15192 53101 0.13
9 27 3 15193 366998 0.13
10 28 3 15194 110769 0.13
11 29 3 15195 12594487 0.13
12 30 3 15196 46763 0.13
13 31 3 15197 38142 0.13
14 32 3 15198 2417471 0.13
15 33 3 15199 184520 0.13
16 34 3 15200 1843139 0.13
17 35 3 15201 58158 0.13
18 36 3 15202 1873267 0.13
19 37 3 15203 104903 0.13
20 38 3 15204 23615 0.13
21 39 3 15205 700898 0.13
22 40 3 15206 4452 0.13
23 41 3 15207 7204518 0.13
24 42 3 15208 155751 0.13
25 43 3 15209 69991 0.13
26 44 3 15210 186565 0.13
27 45 3 15211 64517 0.13
28 46 3 15212 123007 0.13
29 47 3 15213 2660691 0.13
30 48 3 15214 15234 0.13
31 49 3 15215 8991674 0.13
32 50 3 15216 3872 0.13
33 51 3 15217 6699 0.13
34 52 3 15218 2422001 0.13
35 53 3 15219 1713433 0.13
36 54 3 15220 45782 0.13
37 55 3 15221 71760 0.13
38 56 3 15222 681318 0.13
39 57 3 15223 5337 0.13
40 58 3 15224 2511007 0.13
41 59 3 15225 4617846 0.13
42 60 3 15226 5232571 0.13
43 61 3 15227 489062 0.13
44 62 3 15228 2000 0.13
45 63 3 15229 9738 0.13
46 0 3 15230 9937 0.13
47 1 3 15231 82152 0.13
48 2 3 15232 47996 0.13
49 3 3 15233 162168 0.13
50 4 3 15234 19133 0.13
51 5 3 15235 852134 0.13
52 6 3 15236 33319 0.13
53 7 3 15237 149045 0.13
54 8 3 15238 5943161 0.13
55 9 3 15239 30910 0.13
56 10 3 15240 8095235 0.13
57 11 3 15241 58013 0.13
58 12 3 15242 18386869 0.13
59 13 3 15243 38852 0.13
60 14 3 15244 5250 0.13
61 15 3 15245 2040 0.13
62 16 3 15246 20947765 0.13
63 17 3 15247 50968 0.13
0 19 3 15248 8204 0.13
1 20 3 15249 29418 0.13
2 21 3 15250 43844 0.13
3 22 3 15251 112374 0.13
4 23 3 15252 2718 0.13
5 24 3 15253 1033541 0.13
6 25 3 15254 2622598 0.13
7 26 3 15255 41848 0.13
8 27 3 15256 3837435 0.13
9 28 3 15257 3970389 0.13
10 29 3 15258 23524 0.13
11 30 3 15259 1022218 0.13
12 31 3 15260 48853 0.13
13 32 3 15261 33625 0.13
14 33 3 15262 46557 0.13
15 34 3 15263 46313 0.13
16 35 3 15264 105917 0.13
17 36 3 15265 699900 0.13
18 37 3 15266 67278 0.13
19 38 3 15267 17645 0.13
20 39 3 15268 46919 0.13
21 40 3 15269 6748717 0.13
22 41 3 15270 3198880 0.13
23 42 3 15271 10853 0.13
24 43 3 15272 28304028 0.13
25 44 3 15273 760528 0.13
26 45 3 15274 8742 0.13
27 46 3 15275 4022 0.13
28 47 3 15276 2078 0.13
29 48 3 15277 1213392 0.13
30 49 3 15278 70008 0.13
31 50 3 15279 58477 0.13
32 51 3 15280 23478428 0.13
33 52 3 15281 4926 0.13
34 53 3 15282 537943 0.13
35 54 3 15283 53658 0.13
36 55 3 15284 62929 0.13
37 56 3 15285 1889284 0.13
38 57 3 15286 235436 0.13
39 58 3 15287 55931 0.13
40 59 3 15288 15959 0.13
41 60 3 15289 75249 0.13
42 61 3 15290 117800 0.13
43 62 3 15291 61549 0.13
44 63 3 15292 41061 0.13
45 0 3 15293 17158 0.13
46 1 3 15294 236586 0.13
47 2 3 15295 162180 0.13
48 3 3 15296 3404116 0.13
49 4 3 15297 23674 0.13
50 5 3 15298 73475 0.13
51 6 3 15299 52501 0.13
52 7 3 15300 107713 0.13
53 8 3 15301 43394 0.13
54 9 3 15302 15488966 0.13
55 10 3 15303 145399 0.13
56 11 3 15304 1048825 0.13
57 12 3 15305 7053 0.13
58 13 3 15306 68815 0.13
59 14 3 15307 923978 0.13
60 15 3 15308 9366 0.13
61 16 3 15309 1312931 0.13
62 17 3 15310 19052732 0.13
63 18 3 15311 19112251 0.13
0 20 3 15312 1788698 0.13
1 21 3 15313 64985 0.13
2 22 3 15314 4476 0.13
3 23 3 15315 4697464 0.13
4 24 3 15316 5191 0.13
5 25 3 15317 66719 0.13
6 26 3 15318 1416861 0.13
7 27 3 15319 9315074 0.13
8 28 3 15320 4465 0.13
9 29 3 15321 469501 0.13
10 30 3 15322 1980982 0.13
11 31 3 15323 32499 0.13
12 32 3 15324 2694 0.13
13 33 3 15325 38709 0.13
14 34 3 15326 1785271 0.13
15 35 3 15327 65892 0.13
16 36 3 15328 75999 0.13
17 37 3 15329 65976 0.13
18 38 3 15330 1338145 0.13
19 39 3 15331 54849 0.13
20 40 3 15332 9327235 0.13
21 41 3 15333 1982232 0.13
22 42 3 15334 28920 0.13
23 43 3 15335 2304 0.13
24 44 3 15336 6633179 0.13
25 45 3 15337 1494252 0.13
26 46 3 15338 1269717 0.13
27 47 3 15339 137782 0.13
28 48 3 15340 3299 0.13
29 49 3 15341 66883 0.13
30 50 3 15342 13815 0.13
31 51 3 15343 2613 0.13
32 52 3 15344 23576552 0.13
33 53 3 15345 2266873 0.13
34 54 3 15346 394536 0.13
35 55 3 15347 28681 0.13
36 56 3 15348 4775 0.13
37 57 3 15349 74368 0.13
38 58 3 15350 3543357 0.13
39 59 3 15351 27784 0.13
40 60 3 15352 8603 0.13
41 61 3 15353 28097 0.13
42 62 3 15354 3735751 0.13
43 63 3 15355 2071 0.13
44 0 3 15356 6923 0.13
45 1 3 15357 14922 0.13
46 2 3 15358 185891 0.13
47 3 3 15359 10227 0.13
48 4 3 15360 60766 0.13
49 5 3 15361 2235220 0.13
50 6 3 15362 26125 0.13
51 7 3 15363 1007748 0.13
52 8 3 15364 69596 0.13
53 9 3 15365 1993720 0.13
54 10 3 15366 3860432 0.13
55 11 3 15367 38569 0.13
56 12 3 15368 4908 0.13
57 13 3 15369 9605 0.13
58 14 3 15370 7424418 0.13
59 15 3 15371 10830 0.13
60 16 3 15372 72141 0.13
61 17 3 15373 25723716 0.13
62 18 3 15374 1703677 0.13
63 19 3 15375 23794 0.13
0 21 3 15376 59273 0.13
1 22 3 15377 500597 0.13
2 23 3 15378 21085 0.13
3 24 3 15379 1343611 0.13
4 25 3 15380 39015 0.13
5 26 3 15381 538088 0.13
6 27 3 15382 1554839 0.13
7 28 3 15383 7279 0.13
8 29 3 15384 13520 0.13
9 30 3 15385 49748 0.13
10 31 3 15386 30273 0.13
11 32 3 15387 1461505 0.13
12 33 3 15388 1524278 0.13
13 34 3 15389 84321 0.13
14 35 3 15390 45960 0.13
15 36 3 15391 1056078 0.13
16 37 3 15392 67212 0.13
17 38 3 15393 9611 0.13
18 39 3 15394 4108332 0.13
19 40 3 15395 2059 0.13
20 41 3 15396 6944466 0.13
21 42 3 15397 61266 0.13
22 43 3 15398 827947 0.13
23 44 3 15399 9411623 0.13
24 45 3 15400 863010 0.13
25 46 3 15401 2380 0.13
26 47 3 15402 6265152 0.13
27 48 3 15403 499393 0.13
28 49 3 15404 9013118 0.13
29 50 3 15405 57335 0.13
30 51 3 15406 6288715 0.13
31 52 3 15407 3750670 0.13
32 53 3 15408 36993 0.13
33 54 3 15409 26708 0.13
34 55 3 15410 5879 0.13
35 56 3 15411 634746 0.13
36 57 3 15412 48230 0.13
37 58 3 15413 1731510 0.13
38 59 3 15414 1490909 0.13
39 60 3 15415 1343134 0.13
40 61 3 15416 180670 0.13
41 62 3 15417 18985 0.13
42 63 3 15418 37481 0.13
43 0 3 15419 922226 0.13
44 1 3 15420 15983 0.13
45 2 3 15421 110192 0.13
46 3 3 15422 782414 0.13
47 4 3 15423 2950684 0.13
48 5 3 15424 2059 0.13
49 6 3 15425 5838 0.13
50 7 3 15426 6312 0.13
51 8 3 15427 60602 0.13
52 9 3 15428 21941 0.13
53 10 3 15429 28329 0.13
54 11 3 15430 18615 0.13
55 12 3 15431 2149 0.13
56 13 3 15432 5435 0.13
57 14 3 15433 7750390 0.13
58 15 3 15434 652844 0.13
59 16 3 15435 3063774 0.13
60 17 3 15436 8606354 0.13
61 18 3 15437 504663 0.13
62 19 3 15438 1080751 0.13
63 20 3 15439 7598 0.13
0 22 3 15440 3693224 0.13
1 23 3 15441 8392 0.13
2 24 3 15442 651157 0.13
3 25 3 15443 4996916 0.13
4 26 3 15444 141832 0.13
5 27 3 15445 9797536 0.13
6 28 3 15446 4880048 0.13
7 29 3 15447 965229 0.13
8 30 3 15448 25333 0.13
9 31 3 15449 65451 0.13
10 32 3 15450 7584432 0.13
11 33 3 15451 510244 0.13
12 34 3 15452 6621099 0.13
13 35 3 15453 27638 0.13
14 36 3 15454 56226 0.13
15 37 3 15455 5242249 0.13
16 38 3 15456 1698805 0.13
17 39 3 15457 34680 0.13
18 40 3 15458 12393 0.13
19 41 3 15459 4179 0.13
20 42 3 15460 1771059 0.13
21 43 3 15461 46559 0.13
22 44 3 15462 36530 0.13
23 45 3 15463 3204 0.13
24 46 3 15464 8971835 0.13
25 47 3 15465 26466 0.13
26 48 3 15466 59363 0.13
27 49 3 15467 71166 0.13
28 50 3 15468 7041878 0.13
29 51 3 15469 282415 0.13
30 52 3 15470 15688 0.13
31 53 3 15471 71243 0.13
32 54 3 15472 9509 0.13
33 55 3 15473 1687073 0.13
34 56 3 15474 21838 0.13
35 57 3 15475 546705 0.13
36 58 3 15476 5900658 0.13
37 59 3 15477 1154003 0.13
38 60 3 15478 6262 0.13
39 61 3 15479 4104 0.13
40 62 3 15480 150876 0.13
41 63 3 15481 25059 0.13
42 0 3 15482 60588 0.13
43 1 3 15483 4895371 0.13
44 2 3 15484 9908 0.13
45 3 3 15485 522682 0.13
46 4 3 15486 7349551 0.13
47 5 3 15487 716846 0.13
48 6 3 15488 26643 0.13
49 7 3 15489 1000551 0.13
50 8 3 15490 5329824 0.13
51 9 3 15491 156526 0.13
52 10 3 15492 76626 0.13
53 11 3 15493 7850790 0.13
54 12 3 15494 70926 0.13
55 13 3 15495 58321 0.13
56 14 3 15496 3321474 0.13
57 15 3 15497 1809370 0.13
58 16 3 15498 1853817 0.13
59 17 3 15499 97363 0.13
60 18 3 15500 2016 0.13
61 19 3 15501 8868238 0.13
62 20 3 15502 2539299 0.13
63 21 3 15503 68938 0.13
0 23 3 15504 143846 0.13
1 24 3 15505 7503013 0.13
2 25 3 15506 41783 0.13
3 26 3 15507 854685 0.13
4 27 3 15508 50141 0.13
5 28 3 15509 458180 0.13
6 29 3 15510 9201706 0.13
7 30 3 15511 5346 0.13
8 31 3 15512 87930 0.13
9 32 3 15513 9351823 0.13
10 33 3 15514 4631 0.13
11 34 3 15515 63762 0.13
12 35 3 15516 1665080 0.13
13 36 3 15517 582340 0.13
14 37 3 15518 15323 0.13
15 38 3 15519 2357 0.13
16 39 3 15520 46832 0.13
17 40 3 15521 18200 0.13
18 41 3 15522 967058 0.13
19 42 3 15523 4893820 0.13
20 43 3 15524 444936 0.13
21 44 3 15525 41852 0.13
22 45 3 15526 4940 0.13
23 46 3 15527 462330 0.13
24 47 3 15528 1353241 0.13
25 48 3 15529 9195 0.13
26 49 3 15530 18618 0.13
27 50 3 15531 1197390 0.13
28 51 3 15532 187906 0.13
29 52 3 15533 70592 0.13
30 53 3 15534 3409 0.13
31 54 3 15535 98089 0.13
32 55 3 15536 31546 0.13
33 56 3 15537 86754 0.13
34 57 3 15538 3027508 0.13
35 58 3 15539 61378 0.13
36 59 3 15540 27222418 0.13
37 60 3 15541 2327 0.13
38 61 3 15542 2923 0.13
39 62 3 15543 1877785 0.13
40 63 3 15544 2404 0.13
41 0 3 15545 7454 0.13
42 1 3 15546 2213111 0.13
43 2 3 15547 738531 0.13
44 3 3 15548 63470 0.13
45 4 3 15549 824622 0.13
46 5 3 15550 4227661 0.13
47 6 3 15551 9916 0.13
48 7 3 15552 164592 0.13
49 8 3 15553 6772557 0.13
50 9 3 15554 2325 0.13
51 10 3 15555 9327 0.13
52 11 3 15556 630652 0.13
53 12 3 15557 66435 0.13
54 13 3 15558 6287076 0.13
55 14 3 15559 2444 0.13
56 15 3 15560 1012968 0.13
57 16 3 15561 8443 0.13
58 17 3 15562 14449 0.13
59 18 3 15563 2499 0.13
60 19 3 15564 31467 0.13
61 20 3 15565 1936971 0.13
62 21 3 15566 62965 0.13
63 22 3 15567 14137 0.13
0 24 3 15568 184644 0.13
1 25 3 15569 2534005 0.13
2 26 3 15570 6506 0.13
3 27 3 15571 72417 0.13
4 28 3 15572 1991752 0.13
5 29 3 15573 22057 0.13
6 30 3 15574 2133605 0.13
7 31 3 15575 56048 0.13
8 32 3 15576 2345630 0.13
9 33 3 15577 18128501 0.13
10 34 3 15578 827182 0.13
11 35 3 15579 34846 0.13
12 36 3 15580 13902179 0.13
13 37 3 15581 158800 0.13
14 38 3 15582 8986 0.13
15 39 3 15583 3092812 0.13
16 40 3 15584 1931016 0.13
17 41 3 15585 1642278 0.13
18 42 3 15586 188146 0.13
19 43 3 15587 37100 0.13
20 44 3 15588 7659 0.13
21 45 3 15589 9298 0.13
22 46 3 15590 53497 0.13
23 47 3 15591 970366 0.13
24 48 3 15592 120127 0.13
25 49 3 15593 58921 0.13
26 50 3 15594 6833966 0.13
27 51 3 15595 2375 0.13
28 52 3 15596 5997 0.13
29 53 3 15597 3421001 0.13
30 54 3 15598 299532 0.13
31 55 3 15599 1776616 0.13
32 56 3 15600 2078 0.13
33 57 3 15601 70069 0.13
34 58 3 15602 2031 0.13
35 59 3 15603 15882 0.13
36 60 3 15604 5239 0.13
37 61 3 15605 614046 0.13
38 62 3 15606 4607454 0.13
39 63 3 15607 53743 0.13
40 0 3 15608 2222354 0.13
41 1 3 15609 1725627 0.13
42 2 3 15610 938866 0.13
43 3 3 15611 20616 0.13
44 4 3 15612 518605 0.13
45 5 3 15613 78404 0.13
46 6 3 15614 52776 0.13
47 7 3 15615 7720686 0.13
48 8 3 15616 284303 0.13
49 9 3 15617 2334 0.13
50 10 3 15618 16000 0.13
51 11 3 15619 73050 0.13
52 12 3 15620 8592718 0.13
53 13 3 15621 417533 0.13
54 14 3 15622 1825830 0.13
55 15 3 15623 39570 0.13
56 16 3 15624 2022 0.13
57 17 3 15625 23563 0.13
58 18 3 15626 7400 0.13
59 19 3 15627 80341 0.13
60 20 3 15628 5697 0.13
61 21 3 15629 42380 0.13
62 22 3 15630 1611282 0.13
63 23 3 15631 96667 0.13
0 25 3 15632 21927 0.13
1 26 3 15633 1703312 0.13
2 27 3 15634 674617 0.13
3 28 3 15635 27642 0.13
4 29 3 15636 18743 0.13
5 30 3 15637 1966129 0.13
6 31 3 15638 881950 0.13
7 32 3 15639 9898131 0.13
8 33 3 15640 67172 0.13
9 34 3 15641 15264 0.13
10 35 3 15642 761141 0.13
11 36 3 15643 2408 0.13
12 37 3 15644 558886 0.13
13 38 3 15645 28506 0.13
14 39 3 15646 58001 0.13
15 40 3 15647 36858 0.13
16 41 3 15648 2154610 0.13
17 42 3 15649 1584080 0.13
18 43 3 15650 2410 0.13
19 44 3 15651 1404168 0.13
20 45 3 15652 6775810 0.13
21 46 3 15653 15177 0.13
22 47 3 15654 1854920 0.13
23 48 3 15655 69629 0.13
24 49 3 15656 7285 0.13
25 50 3 15657 4852375 0.13
26 51 3 15658 1214030 0.13
27 52 3 15659 187497 0.13
28 53 3 15660 35194 0.13
29 54 3 15661 19750 0.13
30 55 3 15662 814820 0.13
31 56 3 15663 35136 0.13
32 57 3 15664 1789752 0.13
33 58 3 15665 35226 0.13
34 59 3 15666 5864 0.13
35 60 3 15667 1377478 0.13
36 61 3 15668 4096589 0.13
37 62 3 15669 45106 0.13
38 63 3 15670 22066 0.13
39 0 3 15671 66382 0.13
40 1 3 15672 69478 0.13
41 2 3 15673 4714665 0.13
42 3 3 15674 9595 0.13
43 4 3 15675 6991936 0.13
44 5 3 15676 62690 0.13
45 6 3 15677 47466 0.13
46 7 3 15678 8912 0.13
47 8 3 15679 1198212 0.13
48 9 3 15680 456168 0.13
49 10 3 15681 13703927 0.13
50 11 3 15682 20221 0.13
51 12 3 15683 8176 0.13
52 13 3 15684 937684 0.13
53 14 3 15685 3175 0.13
54 15 3 15686 8920 0.13
55 16 3 15687 3549540 0.13
56 17 3 15688 63518 0.13
57 18 3 15689 14240 0.13
58 19 3 15690 38715 0.13
59 20 3 15691 4592269 0.13
60 21 3 15692 229087 0.13
61 22 3 15693 1895469 0.13
62 23 3 15694 503993 0.13
63 24 3 15695 292224 0.13
0 26 3 15696 13987 0.13
1 27 3 15697 10090561 0.13
2 28 3 15698 3650120 0.13
3 29 3 15699 5053 0.13
4 30 3 15700 3709212 0.13
5 31 3 15701 70587 0.13
6 32 3 15702 27109558 0.13
7 33 3 15703 185567 0.13
8 34 3 15704 3109670 0.13
9 35 3 15705 27917 0.13
10 36 3 15706 1300177 0.13
11 37 3 15707 1361788 0.13
12 38 3 15708 24665 0.13
13 39 3 15709 35459 0.13
14 40 3 15710 164800 0.13
15 41 3 15711 4754678 0.13
16 42 3 15712 185894 0.13
17 43 3 15713 9917 0.13
18 44 3 15714 154915 0.13
19 45 3 15715 2025 0.13
20 46 3 15716 16789360 0.13
21 47 3 15717 2367 0.13
22 48 3 15718 66304 0.13
23 49 3 15719 1686063 0.13
24 50 3 15720 2281 0.13
25 51 3 15721 81922 0.13
26 52 3 15722 68292 0.13
27 53 3 15723 1980175 0.13
28 54 3 15724 2638739 0.13
29 55 3 15725 62101 0.13
30 56 3 15726 24051 0.13
31 57 3 15727 128834 0.13
32 58 3 15728 2062 0.13
33 59 3 15729 1317862 0.13
34 60 3 15730 8566706 0.13
35 61 3 15731 8616 0.13
36 62 3 15732 29579 0.13
37 63 3 15733 581121 0.13
38 0 3 15734 5351 0.13
39 1 3 15735 68411 0.13
40 2 3 15736 30967 0.13
41 3 3 15737 1033044 0.13
42 4 3 15738 3737663 0.13
43 5 3 15739 1472866 0.13
44 6 3 15740 2158 0.13
45 7 3 15741 62655 0.13
46 8 3 15742 1718350 0.13
47 9 3 15743 4225971 0.13
48 10 3 15744 51237 0.13
49 11 3 15745 1898587 0.13
50 12 3 15746 44084 0.13
51 13 3 15747 64837 0.13
52 14 3 15748 467218 0.13
53 15 3 15749 3811479 0.13
54 16 3 15750 3948 0.13
55 17 3 15751 4803033 0.13
56 18 3 15752 36581 0.13
57 19 3 15753 2269 0.13
58 20 3 15754 55977 0.13
59 21 3 15755 26978 0.13
60 22 3 15756 8292535 0.13
61 23 3 15757 101317 0.13
62 24 3 15758 1944787 0.13
63 25 3 15759 1876918 0.13
0 27 3 15760 4667 0.13
1 28 3 15761 4425417 0.13
2 29 3 15762 1357607 0.13
3 30 3 15763 2836 0.13
4 31 3 15764 8237302 0.13
5 32 3 15765 797223 0.13
6 33 3 15766 4639337 0.13
7 34 3 15767 6877 0.13
8 35 3 15768 43118 0.13
9 36 3 15769 353067 0.13
10 37 3 15770 43114 0.13
11 38 3 15771 15053 0.13
12 39 3 15772 129355 0.13
13 40 3 15773 3690 0.13
14 41 3 15774 1093371 0.13
15 42 3 15775 20471 0.13
16 43 3 15776 17501081 0.13
17 44 3 15777 23863 0.13
18 45 3 15778 7084 0.13
19 46 3 15779 68113 0.13
20 47 3 15780 7796280 0.13
21 48 3 15781 165918 0.13
22 49 3 15782 9221695 0.13
23 50 3 15783 20979 0.13
24 51 3 15784 1450167 0.13
25 52 3 15785 22543 0.13
26 53 3 15786 40542 0.13
27 54 3 15787 26735 0.13
28 55 3 15788 841813 0.13
29 56 3 15789 27714 0.13
30 57 3 15790 3435 0.13
31 58 3 15791 39045 0.13
32 59 3 15792 69898 0.13
33 60 3 15793 79234 0.13
34 61 3 15794 7816 0.13
35 62 3 15795 1098252 0.13
36 63 3 15796 826466 0.13
37 0 3 15797 84895 0.13
38 1 3 15798 29226 0.13
39 2 3 15799 367610 0.13
40 3 3 15800 1999038 0.13
41 4 3 15801 8240380 0.13
42 5 3 15802 2263876 0.13
43 6 3 15803 7919706 0.13
44 7 3 15804 3593 0.13
45 8 3 15805 4757096 0.13
46 9 3 15806 63355 0.13
47 10 3 15807 4611 0.13
48 11 3 15808 4938375 0.13
49 12 3 15809 28837 0.13
50 13 3 15810 9044780 0.13
51 14 3 15811 6749 0.13
52 15 3 15812 27594 0.13
53 16 3 15813 976656 0.13
54 17 3 15814 72229 0.13
55 18 3 15815 4249794 0.13
56 19 3 15816 77850 0.13
57 20 3 15817 418209 0.13
58 21 3 15818 29316 0.13
59 22 3 15819 9969614 0.13
60 23 3 15820 99602 0.13
61 24 3 15821 8562 0.13
62 25 3 15822 39340 0.13
63 26 3 15823 60121 0.13
0 28 3 15824 557475 0.13
1 29 3 15825 29151 0.13
2 30 3 15826 3406 0.13
3 31 3 15827 4153811 0.13
4 32 3 15828 23232 0.13
5 33 3 15829 8389193 0.13
6 34 3 15830 557376 0.13
7 35 3 15831 52698 0.13
8 36 3 15832 38558 0.13
9 37 3 15833 568409 0.13
10 38 3 15834 35261 0.13
11 39 3 15835 188612 0.13
12 40 3 15836 974908 0.13
13 41 3 15837 3257236 0.13
14 42 3 15838 60443 0.13
15 43 3 15839 30816 0.13
16 44 3 15840 8556 0.13
17 45 3 15841 1893482 0.13
18 46 3 15842 14347 0.13
19 47 3 15843 26000 0.13
20 48 3 15844 69440 0.13
21 49 3 15845 10482698 0.13
22 50 3 15846 1697497 0.13
23 51 3 15847 2464 0.13
24 52 3 15848 40624 0.13
25 53 3 15849 62906 0.13
26 54 3 15850 13272 0.13
27 55 3 15851 6723688 0.13
28 56 3 15852 1118121 0.13
29 57 3 15853 28524 0.13
30 58 3 15854 12137392 0.13
31 59 3 15855 3179950 0.13
32 60 3 15856 942874 0.13
33 61 3 15857 730847 0.13
34 62 3 15858 10696 0.13
35 63 3 15859 23790 0.13
36 0 3 15860 2382 0.13
37 1 3 15861 33325 0.13
38 2 3 15862 8117 0.13
39 3 3 15863 26040 0.13
40 4 3 15864 16899 0.13
41 5 3 15865 135692 0.13
42 6 3 15866 2295 0.13
43 7 3 15867 33388 0.13
44 8 3 15868 38769 0.13
45 9 3 15869 44582 0.13
46 10 3 15870 96914 0.13
47 11 3 15871 12519 0.13
48 12 3 15872 30311 0.13
49 13 3 15873 6459569 0.13
50 14 3 15874 51052 0.13
51 15 3 15875 72942 0.13
52 16 3 15876 9630 0.13
53 17 3 15877 63394 0.13
54 18 3 15878 34043 0.13
55 19 3 15879 2021 0.13
56 20 3 15880 1384949 0.13
57 21 3 15881 13734024 0.13
58 22 3 15882 36256 0.13
59 23 3 15883 1054513 0.13
60 24 3 15884 67056 0.13
61 25 3 15885 28982 0.13
62 26 3 15886 8143537 0.13
63 27 3 15887 17126519 0.13
0 29 3 15888 154961 0.13
1 30 3 15889 9766 0.13
2 31 3 15890 140396 0.13
3 32 3 15891 5491484 0.13
4 33 3 15892 59716 0.13
5 34 3 15893 913175 0.13
6 35 3 15894 1316405 0.13
7 36 3 15895 5012462 0.13
8 37 3 15896 9153 0.13
9 38 3 15897 115931 0.13
10 39 3 15898 31616 0.13
11 40 3 15899 50376 0.13
12 41 3 15900 3226307 0.13
13 42 3 15901 60609 0.13
14 43 3 15902 5473 0.13
15 44 3 15903 2852 0.13
16 45 3 15904 530501 0.13
17 46 3 15905 171596 0.13
18 47 3 15906 22214 0.13
19 48 3 15907 7547505 0.13
20 49 3 15908 27792 0.13
21 50 3 15909 2133 0.13
22 51 3 15910 94421 0.13
23 52 3 15911 60490 0.13
24 53 3 15912 772462 0.13
25 54 3 15913 5116 0.13
26 55 3 15914 75797 0.13
27 56 3 15915 18890 0.13
28 57 3 15916 33551 0.13
29 58 3 15917 240622 0.13
30 59 3 15918 8100154 0.13
31 60 3 15919 5603353 0.13
32 61 3 15920 42212 0.13
33 62 3 15921 9835 0.13
34 63 3 15922 3614122 0.13
35 0 3 15923 43925 0.13
36 1 3 15924 44566 0.13
37 2 3 15925 28465 0.13
38 3 3 15926 40271 0.13
39 4 3 15927 15015752 0.13
40 5 3 15928 4229052 0.13
41 6 3 15929 5131 0.13
42 7 3 15930 1278533 0.13
43 8 3 15931 60204 0.13
44 9 3 15932 25064777 0.13
45 10 3 15933 2110565 0.13
46 11 3 15934 28863 0.13
47 12 3 15935 2170183 0.13
48 13 3 15936 10240448 0.13
49 14 3 15937 55499 0.13
50 15 3 15938 4892864 0.13
51 16 3 15939 9165 0.13
52 17 3 15940 178022 0.13
53 18 3 15941 5025 0.13
54 19 3 15942 20778 0.13
55 20 3 15943 67218 0.13
56 21 3 15944 4025774 0.13
57 22 3 15945 21092231 0.13
58 23 3 15946 3628 0.13
59 24 3 15947 9292521 0.13
60 25 3 15948 1561140 0.13
61 26 3 15949 5191 0.13
62 27 3 15950 52183 0.13
63 28 3 15951 6029321 0.13
0 30 3 15952 53349 0.13
1 31 3 15953 124252 0.13
2 32 3 15954 1102470 0.13
3 33 3 15955 1552437 0.13
4 34 3 15956 8954 0.13
5 35 3 15957 17201 0.13
6 36 3 15958 46353 0.13
7 37 3 15959 120914 0.13
8 38 3 15960 2396 0.13
9 39 3 15961 2787449 0.13
10 40 3 15962 3037556 0.13
11 41 3 15963 30782 0.13
12 42 3 15964 130196 0.13
13 43 3 15965 64642 0.13
14 44 3 15966 2191 0.13
15 45 3 15967 2012 0.13
16 46 3 15968 26267 0.13
17 47 3 15969 9001899 0.13
18 48 3 15970 3027292 0.13
19 49 3 15971 66740 0.13
20 50 3 15972 630503 0.13
21 51 3 15973 4780595 0.13
22 52 3 15974 53959 0.13
23 53 3 15975 71204 0.13
24 54 3 15976 902745 0.13
25 55 3 15977 24475 0.13
26 56 3 15978 7548 0.13
27 57 3 15979 27721 0.13
28 58 3 15980 26221969 0.13
29 59 3 15981 3670 0.13
30 60 3 15982 1455655 0.13
31 61 3 15983 167541 0.13
32 62 3 15984 140985 0.13
33 63 3 15985 4050377 0.13
34 0 3 15986 423968 0.13
35 1 3 15987 67547 0.13
36 2 3 15988 953960 0.13
37 3 3 15989 7566 0.13
38 4 3 15990 75967 0.13
39 5 3 15991 157594 0.13
40 6 3 15992 3358402 0.13
41 7 3 15993 12569 0.13
42 8 3 15994 3095 0.13
43 9 3 15995 33936 0.13
44 10 3 15996 4349517 0.13
45 11 3 15997 8839 0.13
46 12 3 15998 12661 0.13
47 13 3 15999 27267 0.13
48 14 3 16000 54503 0.13
49 15 3 16001 5864615 0.13
50 16 3 16002 41196 0.13
51 17 3 16003 28985 0.13
52 18 3 16004 79910 0.13
53 19 3 16005 7594072 0.13
54 20 3 16006 76276 0.13
55 21 3 16007 1664424 0.13
56 22 3 16008 16649 0.13
57 23 3 16009 5615 0.13
58 24 3 16010 1526285 0.13
59 25 3 16011 103506 0.13
60 26 3 16012 4173294 0.13
61 27 3 16013 2804659 0.13
62 28 3 16014 879737 0.13
63 29 3 16015 30214 0.13
0 31 3 16016 883549 0.13
1 32 3 16017 906773 0.13
2 33 3 16018 5708 0.13
3 34 3 16019 165794 0.13
4 35 3 16020 2699444 0.13
5 36 3 16021 2064 0.13
6 37 3 16022 77270 0.13
7 38 3 16023 44602 0.13
8 39 3 16024 69592 0.13
9 40 3 16025 38062 0.13
10 41 3 16026 5770569 0.13
11 42 3 16027 6193 0.13
12 43 3 16028 10910 0.13
13 44 3 16029 22111 0.13
14 45 3 16030 17683 0.13
15 46 3 16031 4911701 0.13
16 47 3 16032 307426 0.13
17 48 3 16033 2942485 0.13
18 49 3 16034 78996 0.13
19 50 3 16035 83592 0.13
20 51 3 16036 116193 0.13
21 52 3 16037 1563067 0.13
22 53 3 16038 7117 0.13
23 54 3 16039 63959 0.13
24 55 3 16040 4348 0.13
25 56 3 16041 2565342 0.13
26 57 3 16042 6672125 0.13
27 58 3 16043 68350 0.13
28 59 3 16044 32314 0.13
29 60 3 16045 42513 0.13
30 61 3 16046 2511161 0.13
31 62 3 16047 4691791 0.13
32 63 3 16048 195969 0.13
33 0 3 16049 1635895 0.13
34 1 3 16050 38409 0.13
35 2 3 16051 1098948 0.13
36 3 3 16052 2216 0.13
37 4 3 16053 2437223 0.13
38 5 3 16054 22235 0.13
39 6 3 16055 3704456 0.13
40 7 3 16056 9388 0.13
41 8 3 16057 22657 0.13
42 9 3 16058 8027 0.13
43 10 3 16059 8417 0.13
44 11 3 16060 4502 0.13
45 12 3 16061 926545 0.13
46 13 3 16062 1840297 0.13
47 14 3 16063 4441 0.13
48 15 3 16064 1746923 0.13
49 16 3 16065 1573340 0.13
50 17 3 16066 2400 0.13
51 18 3 16067 6625 0.13
52 19 3 16068 1930551 0.13
53 20 3 16069 76187 0.13
54 21 3 16070 3148 0.13
55 22 3 16071 7513 0.13
56 23 3 16072 25301 0.13
57 24 3 16073 3637 0.13
58 25 3 16074 740691 0.13
59 26 3 16075 1545502 0.13
60 27 3 16076 1823708 0.13
61 28 3 16077 6435576 0.13
62 29 3 16078 20540 0.13
63 30 3 16079 5083919 0.13
0 32 3 16080 16956 0.13
1 33 3 16081 40306 0.13
2 34 3 16082 5354 0.13
3 35 3 16083 3375845 0.13
4 36 3 16084 7988927 0.13
5 37 3 16085 8485114 0.13
6 38 3 16086 39567 0.13
7 39 3 16087 12111 0.13
8 40 3 16088 73223 0.13
9 41 3 16089 1285540 0.13
10 42 3 16090 24182 0.13
11 43 3 16091 148974 0.13
12 44 3 16092 5937 0.13
13 45 3 16093 162514 0.13
14 46 3 16094 2069 0.13
15 47 3 16095 21699 0.13
16 48 3 16096 18309 0.13
17 49 3 16097 28185 0.13
18 50 3 16098 5118592 0.13
19 51 3 16099 92216 0.13
20 52 3 16100 12386602 0.13
21 53 3 16101 5908 0.13
22 54 3 16102 21401 0.13
23 55 3 16103 74045 0.13
24 56 3 16104 1077560 0.13
25 57 3 16105 43292 0.13
26 58 3 16106 181795 0.13
27 59 3 16107 59153 0.13
28 60 3 16108 9124838 0.13
29 61 3 16109 16169 0.13
30 62 3 16110 40964 0.13
31 63 3 16111 45923 0.13
32 0 3 16112 21427 0.13
33 1 3 16113 22755 0.13
34 2 3 16114 7027 0.13
35 3 3 16115 19741833 0.13
36 4 3 16116 7889 0.13
37 5 3 16117 6825 0.13
38 6 3 16118 8872 0.13
39 7 3 16119 1622736 0.13
40 8 3 16120 1047309 0.13
41 9 3 16121 126512 0.13
42 10 3 16122 2374 0.13
43 11 3 16123 35623 0.13
44 12 3 16124 7257 0.13
45 13 3 16125 28361 0.13
46 14 3 16126 203116 0.13
47 15 3 16127 32401 0.13
48 16 3 16128 14119364 0.13
49 17 3 16129 60143 0.13
50 18 3 16130 120998 0.13
51 19 3 16131 29058 0.13
52 20 3 16132 3660970 0.13
53 21 3 16133 17756 0.13
54 22 3 16134 3872 0.13
55 23 3 16135 3231748 0.13
56 24 3 16136 67463 0.13
57 25 3 16137 833048 0.13
58 26 3 16138 15859 0.13
59 27 3 16139 29148883 0.13
60 28 3 16140 71149 0.13
61 29 3 16141 6413 0.13
62 30 3 16142 58782 0.13
63 31 3 16143 668386 0.13
0 33 3 16144 4950 0.13
1 34 3 16145 9469 0.13
2 35 3 16146 50144 0.13
3 36 3 16147 183812 0.13
4 37 3 16148 6137 0.13
5 38 3 16149 6806451 0.13
6 39 3 16150 15235552 0.13
7 40 3 16151 3529 0.13
8 41 3 16152 13471662 0.13
9 42 3 16153 37726 0.13
10 43 3 16154 191361 0.13
11 44 3 16155 23774212 0.13
12 45 3 16156 7820 0.13
13 46 3 16157 3143273 0.13
14 47 3 16158 1252005 0.13
15 48 3 16159 27851 0.13
16 49 3 16160 1134938 0.13
17 50 3 16161 169003 0.13
18 51 3 16162 27297 0.13
19 52 3 16163 1894927 0.13
20 53 3 16164 550649 0.13
21 54 3 16165 50054 0.13
22 55 3 16166 67498 0.13
23 56 3 16167 225323 0.13
24 57 3 16168 51025 0.13
25 58 3 16169 69507 0.13
26 59 3 16170 27889 0.13
27 60 3 16171 1679995 0.13
28 61 3 16172 6642 0.13
29 62 3 16173 25068 0.13
30 63 3 16174 72447 0.13
31 0 3 16175 426968 0.13
32 1 3 16176 8768 0.13
33 2 3 16177 5972 0.13
34 3 3 16178 2699 0.13
35 4 3 16179 3776 0.13
36 5 3 16180 824859 0.13
37 6 3 16181 11381700 0.13
38 7 3 16182 46526 0.13
39 8 3 16183 833634 0.13
40 9 3 16184 10547 0.13
41 10 3 16185 375734 0.13
42 11 3 16186 5743 0.13
43 12 3 16187 4356 0.13
44 13 3 16188 1516097 0.13
45 14 3 16189 1675721 0.13
46 15 3 16190 1927314 0.13
47 16 3 16191 20193 0.13
48 17 3 16192 696745 0.13
49 18 3 16193 70827 0.13
50 19 3 16194 26166 0.13
51 20 3 16195 38723 0.13
52 21 3 16196 3790169 0.13
53 22 3 16197 108491 0.13
54 23 3 16198 8755749 0.13
55 24 3 16199 2254 0.13
56 25 3 16200 57016 0.13
57 26 3 16201 6067082 0.13
58 27 3 16202 46725 0.13
59 28 3 16203 32911 0.13
60 29 3 16204 45267 0.13
61 30 3 16205 63766 0.13
62 31 3 16206 2271 0.13
63 32 3 16207 125714 0.13
0 34 3 16208 3810821 0.13
1 35 3 16209 30608 0.13
2 36 3 16210 1060592 0.13
3 37 3 16211 71110 0.13
4 38 3 16212 8759 0.13
5 39 3 16213 1157231 0.13
6 40 3 16214 70181 0.13
7 41 3 16215 6750 0.13
8 42 3 16216 800196 0.13
9 43 3 16217 680628 0.13
10 44 3 16218 882993 0.13
11 45 3 16219 152360 0.13
12 46 3 16220 67517 0.13
13 47 3 16221 3630544 0.13
14 48 3 16222 74619 0.13
15 49 3 16223 48276 0.13
16 50 3 16224 71851 0.13
17 51 3 16225 10580505 0.13
18 52 3 16226 335517 0.13
19 53 3 16227 40552 0.13
20 54 3 16228 15188629 0.13
21 55 3 16229 34096 0.13
22 56 3 16230 2208 0.13
23 57 3 16231 2434 0.13
24 58 3 16232 3108024 0.13
25 59 3 16233 39775 0.13
26 60 3 16234 1420571 0.13
27 61 3 16235 2191 0.13
28 62 3 16236 4740286 0.13
29 63 3 16237 38251 0.13
30 0 3 16238 5814 0.13
31 1 3 16239 39028 0.13
32 2 3 16240 41473 0.13
33 3 3 16241 40253 0.13
34 4 3 16242 689920 0.13
35 5 3 16243 24761 0.13
36 6 3 16244 584662 0.13
37 7 3 16245 187197 0.13
38 8 3 16246 5742072 0.13
39 9 3 16247 3585 0.13
40 10 3 16248 30982 0.13
41 11 3 16249 37518 0.13
42 12 3 16250 2098 0.13
43 13 3 16251 35223 0.13
44 14 3 16252 64056 0.13
45 15 3 16253 3901055 0.13
46 16 3 16254 145227 0.13
47 17 3 16255 5100703 0.13
48 18 3 16256 26661 0.13
49 19 3 16257 967667 0.13
50 20 3 16258 179410 0.13
51 21 3 16259 20509854 0.13
52 22 3 16260 45547 0.13
53 23 3 16261 48060 0.13
54 24 3 16262 152923 0.13
55 25 3 16263 2249797 0.13
56 26 3 16264 6004 0.13
57 27 3 16265 800890 0.13
58 28 3 16266 37193 0.13
59 29 3 16267 73715 0.13
60 30 3 16268 1649039 0.13
61 31 3 16269 37907 0.13
62 32 3 16270 318622 0.13
63 33 3 16271 42666 0.13
0 35 3 16272 58305 0.13
1 36 3 16273 72373 0.13
2 37 3 16274 3420022 0.13
3 38 3 16275 1871496 0.13
4 39 3 16276 3211414 0.13
5 40 3 16277 90001 0.13
6 41 3 16278 28735 0.13
7 42 3 16279 2467 0.13
8 43 3 16280 27485128 0.13
9 44 3 16281 50467 0.13
10 45 3 16282 22588 0.13
11 46 3 16283 1428880 0.13
12 47 3 16284 5437 0.13
13 48 3 16285 3325606 0.13
14 49 3 16286 5631 0.13
15 50 3 16287 37367 0.13
16 51 3 16288 3708 0.13
17 52 3 16289 2035570 0.13
18 53 3 16290 67369 0.13
19 54 3 16291 20973 0.13
20 55 3 16292 1956517 0.13
21 56 3 16293 612294 0.13
22 57 3 16294 30369 0.13
23 58 3 16295 2123801 0.13
24 59 3 16296 57594 0.13
25 60 3 16297 97052 0.13
26 61 3 16298 20007 0.13
27 62 3 16299 50530 0.13
28 63 3 16300 399711 0.13
29 0 3 16301 62283 0.13
30 1 3 16302 1634422 0.13
31 2 3 16303 16120 0.13
32 3 3 16304 2093 0.13
33 4 3 16305 1033316 0.13
34 5 3 16306 3881294 0.13
35 6 3 16307 160302 0.13
36 7 3 16308 21295 0.13
37 8 3 16309 9436933 0.13
38 9 3 16310 1422080 0.13
39 10 3 16311 65529 0.13
40 11 3 16312 7654494 0.13
41 12 3 16313 84661 0.13
42 13 3 16314 315378 0.13
43 14 3 16315 1691191 0.13
44 15 3 16316 57782 0.13
45 16 3 16317 141913 0.13
46 17 3 16318 414067 0.13
47 18 3 16319 78216 0.13
48 19 3 16320 42854 0.13
49 20 3 16321 9819 0.13
50 21 3 16322 10094 0.13
51 22 3 16323 882453 0.13
52 23 3 16324 30055 0.13
53 24 3 16325 58166 0.13
54 25 3 16326 33730 0.13
55 26 3 16327 2906431 0.13
56 27 3 16328 3509 0.13
57 28 3 16329 20355 0.13
58 29 3 16330 52870 0.13
59 30 3 16331 2711321 0.13
60 31 3 16332 568341 0.13
61 32 3 16333 25644 0.13
62 33 3 16334 209858 0.13
63 34 3 16335 51353 0.13
0 36 3 16336 7084 0.13
1 37 3 16337 18383 0.13
2 38 3 16338 24558 0.13
3 39 3 16339 2816864 0.13
4 40 3 16340 64806 0.13
5 41 3 16341 131128 0.13
6 42 3 16342 58338 0.13
7 43 3 16343 575376 0.13
8 44 3 16344 2326 0.13
9 45 3 16345 11871 0.13
10 46 3 16346 8914 0.13
11 47 3 16347 25839 0.13
12 48 3 16348 2106145 0.13
13 49 3 16349 669365 0.13
14 50 3 16350 15197 0.13
15 51 3 16351 3575630 0.13
16 52 3 16352 9556206 0.13
17 53 3 16353 69809 0.13
18 54 3 16354 2099 0.13
19 55 3 16355 3787520 0.13
20 56 3 16356 4875 0.13
21 57 3 16357 212797 0.13
22 58 3 16358 4015153 0.13
23 59 3 16359 5041063 0.13
24 60 3 16360 51616 0.13
25 61 3 16361 42686 0.13
26 62 3 16362 659444 0.13
27 63 3 16363 5321 0.13
28 0 3 16364 8083010 0.13
29 1 3 16365 1242344 0.13
30 2 3 16366 9244 0.13
31 3 3 16367 6954 0.13
32 4 3 16368 1344804 0.13
33 5 3 16369 7352531 0.13
34 6 3 16370 78144 0.13
35 7 3 16371 2869447 0.13
36 8 3 16372 8548178 0.13
37 9 3 16373 7253973 0.13
38 10 3 16374 25180 0.13
39 11 3 16375 4536945 0.13
40 12 3 16376 23807 0.13
41 13 3 16377 7782 0.13
42 14 3 16378 2200617 0.13
43 15 3 16379 35857 0.13
44 16 3 16380 173130 0.13
45 17 3 16381 47990 0.13
46 18 3 16382 1483742 0.13
47 19 3 16383 23593 0.13
48 20 3 16384 55277 0.13
49 21 3 16385 9542 0.13
50 22 3 16386 15030 0.13
51 23 3 16387 9994533 0.13
52 24 3 16388 59109 0.13
53 25 3 16389 25430 0.13
54 26 3 16390 181967 0.13
55 27 3 16391 70851 0.13
56 28 3 16392 44940 0.13
57 29 3 16393 8479349 0.13
58 30 3 16394 33297 0.13
59 31 3 16395 55487 0.13
60 32 3 16396 861907 0.13
61 33 3 16397 9522524 0.13
62 34 3 16398 4383006 0.13
63 35 3 16399 7640877 0.13
0 37 3 16400 42599 0.13
1 38 3 16401 1156712 0.13
2 39 3 16402 2640960 0.13
3 40 3 16403 2114 0.13
4 41 3 16404 9771797 0.13
5 42 3 16405 246517 0.13
6 43 3 16406 3244188 0.13
7 44 3 16407 697787 0.13
8 45 3 16408 7917734 0.13
9 46 3 16409 925459 0.13
10 47 3 16410 1888027 0.13
11 48 3 16411 23967 0.13
12 49 3 16412 118962 0.13
13 50 3 16413 31853 0.13
14 51 3 16414 9177400 0.13
15 52 3 16415 42571 0.13
16 53 3 16416 2367508 0.13
17 54 3 16417 7764 0.13
18 55 3 16418 4008588 0.13
19 56 3 16419 3729414 0.13
20 57 3 16420 47694 0.13
21 58 3 16421 5699221 0.13
22 59 3 16422 48595 0.13
23 60 3 16423 15328569 0.13
24 61 3 16424 25553 0.13
25 62 3 16425 5317 0.13
26 63 3 16426 2681231 0.13
27 0 3 16427 23546 0.13
28 1 3 16428 21038 0.13
29 2 3 16429 4707401 0.13
30 3 3 16430 6135057 0.13
31 4 3 16431 450821 0.13
32 5 3 16432 4384017 0.13
33 6 3 16433 1667409 0.13
34 7 3 16434 51451 0.13
35 8 3 16435 2285 0.13
36 9 3 16436 3993337 0.13
37 10 3 16437 2695933 0.13
38 11 3 16438 7892530 0.13
39 12 3 16439 66405 0.13
40 13 3 16440 52991 0.13
41 14 3 16441 3234903 0.13
42 15 3 16442 1173860 0.13
43 16 3 16443 4302836 0.13
44 17 3 16444 2607239 0.13
45 18 3 16445 2732025 0.13
46 19 3 16446 987857 0.13
47 20 3 16447 74538 0.13
48 21 3 16448 40371 0.13
49 22 3 16449 216927 0.13
50 23 3 16450 2402841 0.13
51 24 3 16451 1377855 0.13
52 25 3 16452 62291 0.13
53 26 3 16453 2198 0.13
54 27 3 16454 2646 0.13
55 28 3 16455 532740 0.13
56 29 3 16456 441250 0.13
57 30 3 16457 1910193 0.13
58 31 3 16458 8887 0.13
59 32 3 16459 50152 0.13
60 33 3 16460 426370 0.13
61 34 3 16461 32744 0.13
62 35 3 16462 4756 0.13
63 36 3 16463 11564 0.13
0 38 3 16464 76853 0.13
1 39 3 16465 9976041 0.13
2 40 3 16466 2918641 0.13
3 41 3 16467 1631627 0.13
4 42 3 16468 3408812 0.13
5 43 3 16469 886027 0.13
6 44 3 16470 1926422 0.13
7 45 3 16471 33879 0.13
8 46 3 16472 68084 0.13
9 47 3 16473 1351721 0.13
10 48 3 16474 26067 0.13
11 49 3 16475 899734 0.13
12 50 3 16476 2803058 0.13
13 51 3 16477 1995286 0.13
14 52 3 16478 19732 0.13
15 53 3 16479 53345 0.13
16 54 3 16480 16377 0.13
17 55 3 16481 4291700 0.13
18 56 3 16482 8196939 0.13
19 57 3 16483 4530242 0.13
20 58 3 16484 22448 0.13
21 59 3 16485 8436372 0.13
22 60 3 16486 6650882 0.13
23 61 3 16487 576853 0.13
24 62 3 16488 413018 0.13
25 63 3 16489 5488912 0.13
26 0 3 16490 12751714 0.13
27 1 3 16491 19653 0.13
28 2 3 16492 1012611 0.13
29 3 3 16493 13751 0.13
30 4 3 16494 50238 0.13
31 5 3 16495 56670 0.13
32 6 3 16496 26015 0.13
33 7 3 16497 5234 0.13
34 8 3 16498 43584 0.13
35 9 3 16499 8374536 0.13
36 10 3 16500 7388 0.13
37 11 3 16501 1185834 0.13
38 12 3 16502 58113 0.13
39 13 3 16503 6427789 0.13
40 14 3 16504 62394 0.13
41 15 3 16505 788880 0.13
42 16 3 16506 7480 0.13
43 17 3 16507 1135637 0.13
44 18 3 16508 18108 0.13
45 19 3 16509 3858101 0.13
46 20 3 16510 1821219 0.13
47 21 3 16511 28796 0.13
48 22 3 16512 71731 0.13
49 23 3 16513 8415 0.13
50 24 3 16514 3690131 0.13
51 25 3 16515 200662 0.13
52 26 3 16516 26804966 0.13
53 27 3 16517 28296 0.13
54 28 3 16518 817509 0.13
55 29 3 16519 54230 0.13
56 30 3 16520 51967 0.13
57 31 3 16521 9675 0.13
58 32 3 16522 29019 0.13
59 33 3 16523 26179 0.13
60 34 3 16524 341441 0.13
61 35 3 16525 5523445 0.13
62 36 3 16526 43927 0.13
63 37 3 16527 874136 0.13
0 39 3 16528 63422 0.13
1 40 3 16529 2051 0.13
2 41 3 16530 8656 0.13
3 42 3 16531 34649 0.13
4 43 3 16532 944188 0.13
5 44 3 16533 894819 0.13
6 45 3 16534 1133359 0.13
7 46 3 16535 1084531 0.13
8 47 3 16536 1361041 0.13
9 48 3 16537 25622 0.13
10 49 3 16538 5669 0.13
11 50 3 16539 3112 0.13
12 51 3 16540 36572 0.13
13 52 3 16541 23484 0.13
14 53 3 16542 5587609 0.13
15 54 3 16543 27826291 0.13
16 55 3 16544 7808710 0.13
17 56 3 16545 9800703 0.13
18 57 3 16546 196969 0.13
19 58 3 16547 1482418 0.13
20 59 3 16548 2440 0.13
21 60 3 16549 25365 0.13
22 61 3 16550 357263 0.13
23 62 3 16551 30501 0.13
24 63 3 16552 48939 0.13
25 0 3 16553 44180 0.13
26 1 3 16554 9861272 0.13
27 2 3 16555 130674 0.13
28 3 3 16556 166548 0.13
29 4 3 16557 26029 0.13
30 5 3 16558 73941 0.13
31 6 3 16559 7166210 0.13
32 7 3 16560 4336902 0.13
33 8 3 16561 8553 0.13
34 9 3 16562 33463 0.13
35 10 3 16563 80726 0.13
36 11 3 16564 9343 0.13
37 12 3 16565 7347 0.13
38 13 3 16566 2422 0.13
39 14 3 16567 8229 0.13
40 15 3 16568 4150386 0.13
41 16 3 16569 3044121 0.13
42 17 3 16570 1478233 0.13
43 18 3 16571 6874074 0.13
44 19 3 16572 28292 0.13
45 20 3 16573 4308091 0.13
46 21 3 16574 303452 0.13
47 22 3 16575 1615639 0.13
48 23 3 16576 26375 0.13
49 24 3 16577 32602 0.13
50 25 3 16578 4780154 0.13
51 26 3 16579 33108 0.13
52 27 3 16580 26376710 0.13
53 28 3 16581 1636754 0.13
54 29 3 16582 10252 0.13
55 30 3 16583 3591009 0.13
56 31 3 16584 659355 0.13
57 32 3 16585 1982201 0.13
58 33 3 16586 2725 0.13
59 34 3 16587 9889 0.13
60 35 3 16588 22986 0.13
61 36 3 16589 2311 0.13
62 37 3 16590 26022 0.13
63 38 3 16591 1059628 0.13
0 40 3 16592 58406 0.13
1 41 3 16593 26801162 0.13
2 42 3 16594 6943310 0.13
3 43 3 16595 2377 0.13
4 44 3 16596 41304 0.13
5 45 3 16597 1090291 0.13
6 46 3 16598 69661 0.13
7 47 3 16599 71458 0.13
8 48 3 16600 3375150 0.13
9 49 3 16601 4006379 0.13
10 50 3 16602 7892 0.13
11 51 3 16603 5550 0.13
12 52 3 16604 4045193 0.13
13 53 3 16605 16130 0.13
14 54 3 16606 13659 0.13
15 55 3 16607 75093 0.13
16 56 3 16608 27279 0.13
17 57 3 16609 4726835 0.13
18 58 3 16610 175446 0.13
19 59 3 16611 171795 0.13
20 60 3 16612 11084903 0.13
21 61 3 16613 79080 0.13
22 62 3 16614 149921 0.13
23 63 3 16615 53788 0.13
24 0 3 16616 4378 0.13
25 1 3 16617 1682534 0.13
26 2 3 16618 815268 0.13
27 3 3 16619 4621030 0.13
28 4 3 16620 2179 0.13
29 5 3 16621 850498 0.13
30 6 3 16622 845115 0.13
31 7 3 16623 48833 0.13
32 8 3 16624 183437 0.13
33 9 3 16625 8658560 0.13
34 10 3 16626 3109316 0.13
35 11 3 16627 10755 0.13
36 12 3 16628 4674 0.13
37 13 3 16629 2920976 0.13
38 14 3 16630 676314 0.13
39 15 3 16631 62474 0.13
40 16 3 16632 8942966 0.13
41 17 3 16633 190064 0.13
42 18 3 16634 2029 0.13
43 19 3 16635 9983608 0.13
44 20 3 16636 649382 0.13
45 21 3 16637 8635426 0.13
46 22 3 16638 34983 0.13
47 23 3 16639 1315452 0.13
48 24 3 16640 1343195 0.13
49 25 3 16641 9100198 0.13
50 26 3 16642 147128 0.13
51 27 3 16643 21136 0.13
52 28 3 16644 2482 0.13
53 29 3 16645 549152 0.13
54 30 3 16646 34634 0.13
55 31 3 16647 2887 0.13
56 32 3 16648 3950 0.13
57 33 3 16649 8707156 0.13
58 34 3 16650 46278 0.13
59 35 3 16651 49771 0.13
60 36 3 16652 15602 0.13
61 37 3 16653 9646379 0.13
62 38 3 16654 3965465 0.13
63 39 3 16655 5243 0.13
0 41 3 16656 3570374 0.13
1 42 3 16657 12588 0.13
2 43 3 16658 1794925 0.13
3 44 3 16659 28493 0.13
4 45 3 16660 1525585 0.13
5 46 3 16661 632514 0.13
6 47 3 16662 7648 0.13
7 48 3 16663 70964 0.13
8 49 3 16664 57467 0.13
9 50 3 16665 2190595 0.13
10 51 3 16666 32020 0.13
11 52 3 16667 879695 0.13
12 53 3 16668 8502 0.13
13 54 3 16669 724162 0.13
14 55 3 16670 2961586 0.13
15 56 3 16671 75996 0.13
16 57 3 16672 70682 0.13
17 58 3 16673 4562391 0.13
18 59 3 16674 67639 0.13
19 60 3 16675 136669 0.13
20 61 3 16676 55323 0.13
21 62 3 16677 1564906 0.13
22 63 3 16678 2329830 0.13
23 0 3 16679 310942 0.13
24 1 3 16680 57870 0.13
25 2 3 16681 56003 0.13
26 3 3 16682 2372 0.13
27 4 3 16683 38348 0.13
28 5 3 16684 64659 0.13
29 6 3 16685 22423 0.13
30 7 3 16686 889892 0.13
31 8 3 16687 11013 0.13
32 9 3 16688 71997 0.13
33 10 3 16689 436476 0.13
34 11 3 16690 78771 0.13
35 12 3 16691 29070 0.13
36 13 3 16692 58620 0.13
37 14 3 16693 5514836 0.13
38 15 3 16694 67910 0.13
39 16 3 16695 9888 0.13
40 17 3 16696 8223 0.13
41 18 3 16697 5207401 0.13
42 19 3 16698 3246138 0.13
43 20 3 16699 78405 0.13
44 21 3 16700 29548 0.13
45 22 3 16701 2469 0.13
46 23 3 16702 4357 0.13
47 24 3 16703 2434 0.13
48 25 3 16704 6610 0.13
49 26 3 16705 55749 0.13
50 27 3 16706 5613 0.13
51 28 3 16707 686842 0.13
52 29 3 16708 145962 0.13
53 30 3 16709 25338 0.13
54 31 3 16710 25486 0.13
55 32 3 16711 4723 0.13
56 33 3 16712 73871 0.13
57 34 3 16713 7114 0.13
58 35 3 16714 692626 0.13
59 36 3 16715 15910 0.13
60 37 3 16716 16441 0.13
61 38 3 16717 48591 0.13
62 39 3 16718 4830 0.13
63 40 3 16719 4302660 0.13
0 42 3 16720 29764 0.13
1 43 3 16721 178071 0.13
2 44 3 16722 62691 0.13
3 45 3 16723 762078 0.13
4 46 3 16724 390483 0.13
5 47 3 16725 26507 0.13
6 48 3 16726 9765687 0.13
7 49 3 16727 4140344 0.13
8 50 3 16728 17438 0.13
9 51 3 16729 17017 0.13
10 52 3 16730 1470293 0.13
11 53 3 16731 232422 0.13
12 54 3 16732 4148473 0.13
13 55 3 16733 6506 0.13
14 56 3 16734 87501 0.13
15 57 3 16735 2029 0.13
16 58 3 16736 7334 0.13
17 59 3 16737 14347 0.13
18 60 3 16738 67796 0.13
19 61 3 16739 934449 0.13
20 62 3 16740 4063415 0.13
21 63 3 16741 9700271 0.13
22 0 3 16742 215099 0.13
23 1 3 16743 70012 0.13
24 2 3 16744 347994 0.13
25 3 3 16745 12614594 0.13
26 4 3 16746 42145 0.13
27 5 3 16747 790425 0.13
28 6 3 16748 922346 0.13
29 7 3 16749 48999 0.13
30 8 3 16750 30531 0.13
31 9 3 16751 8007 0.13
32 10 3 16752 2069 0.13
33 11 3 16753 6953 0.13
34 12 3 16754 2079 0.13
35 13 3 16755 10346909 0.13
36 14 3 16756 3770360 0.13
37 15 3 16757 20922 0.13
38 16 3 16758 588985 0.13
39 17 3 16759 597918 0.13
40 18 3 16760 58258 0.13
41 19 3 16761 408473 0.13
42 20 3 16762 1900115 0.13
43 21 3 16763 18182 0.13
44 22 3 16764 30183 0.13
45 23 3 16765 64636 0.13
46 24 3 16766 67074 0.13
47 25 3 16767 2124 0.13
48 26 3 16768 13221 0.13
49 27 3 16769 10484 0.13
50 28 3 16770 1025981 0.13
51 29 3 16771 9561919 0.13
52 30 3 16772 66497 0.13
53 31 3 16773 3793893 0.13
54 32 3 16774 174673 0.13
55 33 3 16775 20133 0.13
56 34 3 16776 147595 0.13
57 35 3 16777 3015155 0.13
58 36 3 16778 2564 0.13
59 37 3 16779 2039 0.13
60 38 3 16780 443279 0.13
61 39 3 16781 1130928 0.13
62 40 3 16782 16324625 0.13
63 41 3 16783 3458487 0.13
0 43 3 16784 1370783 0.13
1 44 3 16785 192867 0.13
2 45 3 16786 121664 0.13
3 46 3 16787 29077 0.13
4 47 3 16788 70191 0.13
5 48 3 16789 69869 0.13
6 49 3 16790 184638 0.13
7 50 3 16791 291962 0.13
8 51 3 16792 829343 0.13
9 52 3 16793 2500677 0.13
10 53 3 16794 70284 0.13
11 54 3 16795 1142903 0.13
12 55 3 16796 79609 0.13
13 56 3 16797 55077 0.13
14 57 3 16798 33170 0.13
15 58 3 16799 3445 0.13
16 59 3 16800 4786315 0.13
17 60 3 16801 53954 0.13
18 61 3 16802 66924 0.13
19 62 3 16803 71874 0.13
20 63 3 16804 7783176 0.13
21 0 3 16805 39352 0.13
22 1 3 16806 980115 0.13
23 2 3 16807 2110 0.13
24 3 3 16808 28801 0.13
25 4 3 16809 18440 0.13
26 5 3 16810 38769 0.13
27 6 3 16811 23210 0.13
28 7 3 16812 21970 0.13
29 8 3 16813 5647868 0.13
30 9 3 16814 37830 0.13
31 10 3 16815 216801 0.13
32 11 3 16816 3274014 0.13
33 12 3 16817 655665 0.13
34 13 3 16818 8492 0.13
35 14 3 16819 29339 0.13
36 15 3 16820 1113851 0.13
37 16 3 16821 9271669 0.13
38 17 3 16822 2992422 0.13
39 18 3 16823 784858 0.13
40 19 3 16824 1345846 0.13
41 20 3 16825 1959726 0.13
42 21 3 16826 1997550 0.13
43 22 3 16827 3335938 0.13
44 23 3 16828 374739 0.13
45 24 3 16829 28245 0.13
46 25 3 16830 1492543 0.13
47 26 3 16831 736451 0.13
48 27 3 16832 8327 0.13
49 28 3 16833 19896 0.13
50 29 3 16834 245992 0.13
51 30 3 16835 6072 0.13
52 31 3 16836 53688 0.13
53 32 3 16837 25844823 0.13
54 33 3 16838 30730 0.13
55 34 3 16839 20943 0.13
56 35 3 16840 2460 0.13
57 36 3 16841 2090 0.13
58 37 3 16842 4427183 0.13
59 38 3 16843 41408 0.13
60 39 3 16844 11721 0.13
61 40 3 16845 2838460 0.13
62 41 3 16846 4833724 0.13
63 42 3 16847 2259 0.13
0 44 3 16848 3456 0.13
1 45 3 16849 57066 0.13
2 46 3 16850 340503 0.13
3 47 3 16851 7655 0.13
4 48 3 16852 22409 0.13
5 49 3 16853 25782 0.13
6 50 3 16854 38064 0.13
7 51 3 16855 41048 0.13
8 52 3 16856 2455 0.13
9 53 3 16857 4331409 0.13
10 54 3 16858 26749 0.13
11 55 3 16859 10235 0.13
12 56 3 16860 921084 0.13
13 57 3 16861 76627 0.13
14 58 3 16862 755887 0.13
15 59 3 16863 1064049 0.13
16 60 3 16864 6902292 0.13
17 61 3 16865 58729 0.13
18 62 3 16866 63185 0.13
19 63 3 16867 3247909 0.13
20 0 3 16868 6874 0.13
21 1 3 16869 6471 0.13
22 2 3 16870 284580 0.13
23 3 3 16871 1821562 0.13
24 4 3 16872 8384535 0.13
25 5 3 16873 2708306 0.13
26 6 3 16874 2392 0.13
27 7 3 16875 6432 0.13
28 8 3 16876 439408 0.13
29 9 3 16877 4126084 0.13
30 10 3 16878 5784697 0.13
31 11 3 16879 11406 0.13
32 12 3 16880 29212 0.13
33 13 3 16881 59581 0.13
34 14 3 16882 74437 0.13
35 15 3 16883 1325518 0.13
36 16 3 16884 5950 0.13
37 17 3 16885 576743 0.13
38 18 3 16886 36921 0.13
39 19 3 16887 9021 0.13
40 20 3 16888 3457852 0.13
41 21 3 16889 59025 0.13
42 22 3 16890 53634 0.13
43 23 3 16891 1690331 0.13
44 24 3 16892 24531 0.13
45 25 3 16893 2274356 0.13
46 26 3 16894 38264 0.13
47 27 3 16895 74236 0.13
48 28 3 16896 4966 0.13
49 29 3 16897 44487 0.13
50 30 3 16898 1548452 0.13
51 31 3 16899 42128 0.13
52 32 3 16900 719962 0.13
53 33 3 16901 10322 0.13
54 34 3 16902 1535071 0.13
55 35 3 16903 55012 0.13
56 36 3 16904 22818 0.13
57 37 3 16905 2053060 0.13
58 38 3 16906 53094 0.13
59 39 3 16907 52148 0.13
60 40 3 16908 63558 0.13
61 41 3 16909 3571714 0.13
62 42 3 16910 1946073 0.13
63 43 3 16911 42354 0.13
0 45 3 16912 2230 0.13
1 46 3 16913 9646 0.13
2 47 3 16914 2049 0.13
3 48 3 16915 2187405 0.13
4 49 3 16916 8117345 0.13
5 50 3 16917 4934 0.13
6 51 3 16918 32960 0.13
7 52 3 16919 17963282 0.13
8 53 3 16920 12864 0.13
9 54 3 16921 3302 0.13
10 55 3 16922 1591923 0.13
11 56 3 16923 681409 0.13
12 57 3 16924 531726 0.13
13 58 3 16925 5179366 0.13
14 59 3 16926 3046 0.13
15 60 3 16927 452860 0.13
16 61 3 16928 1133695 0.13
17 62 3 16929 682893 0.13
18 63 3 16930 77641 0.13
19 0 3 16931 29572 0.13
20 1 3 16932 50462 0.13
21 2 3 16933 846965 0.13
22 3 3 16934 120475 0.13
23 4 3 16935 30864 0.13
24 5 3 16936 1426975 0.13
25 6 3 16937 5659346 0.13
26 7 3 16938 2039 0.13
27 8 3 16939 27978 0.13
28 9 3 16940 79490 0.13
29 10 3 16941 6460756 0.13
30 11 3 16942 1002950 0.13
31 12 3 16943 60659 0.13
32 13 3 16944 20513 0.13
33 14 3 16945 104729 0.13
34 15 3 16946 1883415 0.13
35 16 3 16947 616296 0.13
36 17 3 16948 979767 0.13
37 18 3 16949 4630246 0.13
38 19 3 16950 1815630 0.13
39 20 3 16951 51039 0.13
40 21 3 16952 19459 0.13
41 22 3 16953 30306 0.13
42 23 3 16954 2326 0.13
43 24 3 16955 36898 0.13
44 25 3 16956 1250986 0.13
45 26 3 16957 1400522 0.13
46 27 3 16958 8080 0.13
47 28 3 16959 24615979 0.13
48 29 3 16960 28392 0.13
49 30 3 16961 5497 0.13
50 31 3 16962 117347 0.13
51 32 3 16963 78000 0.13
52 33 3 16964 1570463 0.13
53 34 3 16965 12005 0.13
54 35 3 16966 2205 0.13
55 36 3 16967 1965986 0.13
56 37 3 16968 187149 0.13
57 38 3 16969 24133 0.13
58 39 3 16970 1741577 0.13
59 40 3 16971 1265092 0.13
60 41 3 16972 21303133 0.13
61 42 3 16973 6835 0.13
62 43 3 16974 3196 0.13
63 44 3 16975 44595 0.13
0 46 3 16976 415916 0.13
1 47 3 16977 40894 0.13
2 48 3 16978 2469 0.13
3 49 3 16979 607699 0.13
4 50 3 16980 7979 0.13
5 51 3 16981 29796 0.13
6 52 3 16982 1368586 0.13
7 53 3 16983 62264 0.13
8 54 3 16984 18633708 0.13
9 55 3 16985 2161626 0.13
10 56 3 16986 22666719 0.13
11 57 3 16987 141023 0.13
12 58 3 16988 4830166 0.13
13 59 3 16989 421954 0.13
14 60 3 16990 85637 0.13
15 61 3 16991 192369 0.13
16 62 3 16992 40067 0.13
17 63 3 16993 28453 0.13
18 0 3 16994 1847892 0.13
19 1 3 16995 1148544 0.13
20 2 3 16996 779470 0.13
21 3 3 16997 1143509 0.13
22 4 3 16998 77615 0.13
23 5 3 16999 24763 0.13
24 6 3 17000 35569 0.13
25 7 3 17001 169775 0.13
26 8 3 17002 2685281 0.13
27 9 3 17003 42253 0.13
28 10 3 17004 5859 0.13
29 11 3 17005 1116404 0.13
30 12 3 17006 2853128 0.13
31 13 3 17007 4736 0.13
32 14 3 17008 3353 0.13
33 15 3 17009 4655278 0.13
34 16 3 17010 67596 0.13
35 17 3 17011 60653 0.13
36 18 3 17012 43858 0.13
37 19 3 17013 79135 0.13
38 20 3 17014 179839 0.13
39 21 3 17015 77448 0.13
40 22 3 17016 48956 0.13
41 23 3 17017 26369 0.13
42 24 3 17018 72806 0.13
43 25 3 17019 55405 0.13
44 26 3 17020 59249 0.13
45 27 3 17021 7216829 0.13
46 28 3 17022 70663 0.13
47 29 3 17023 12181655 0.13
48 30 3 17024 2714354 0.13
49 31 3 17025 9547 0.13
50 32 3 17026 8169 0.13
51 33 3 17027 1111505 0.13
52 34 3 17028 8350 0.13
53 35 3 17029 1045246 0.13
54 36 3 17030 3898149 0.13
55 37 3 17031 7444 0.13
56 38 3 17032 21264 0.13
57 39 3 17033 66928 0.13
58 40 3 17034 1464963 0.13
59 41 3 17035 8147825 0.13
60 42 3 17036 43866 0.13
61 43 3 17037 8701553 0.13
62 44 3 17038 212801 0.13
63 45 3 17039 51989 0.13
0 47 3 17040 7669 0.13
1 48 3 17041 151596 0.13
2 49 3 17042 2370 0.13
3 50 3 17043 10660 0.13
4 51 3 17044 44293 0.13
5 52 3 17045 24013400 0.13
6 53 3 17046 30652 0.13
7 54 3 17047 69828 0.13
8 55 3 17048 1912037 0.13
9 56 3 17049 9371 0.13
10 57 3 17050 182212 0.13
11 58 3 17051 2482 0.13
12 59 3 17052 4827587 0.13
13 60 3 17053 4671716 0.13
14 61 3 17054 21558 0.13
15 62 3 17055 2573752 0.13
16 63 3 17056 70490 0.13
17 0 3 17057 7786 0.13
18 1 3 17058 39729 0.13
19 2 3 17059 4112796 0.13
20 3 3 17060 54055 0.13
21 4 3 17061 153815 0.13
22 5 3 17062 141309 0.13
23 6 3 17063 5020520 0.13
24 7 3 17064 1813493 0.13
25 8 3 17065 67360 0.13
26 9 3 17066 1200334 0.13
27 10 3 17067 245677 0.13
28 11 3 17068 1619512 0.13
29 12 3 17069 74176 0.13
30 13 3 17070 64062 0.13
31 14 3 17071 61522 0.13
32 15 3 17072 61324 0.13
33 16 3 17073 3990366 0.13
34 17 3 17074 35043 0.13
35 18 3 17075 1998116 0.13
36 19 3 17076 716018 0.13
37 20 3 17077 52221 0.13
38 21 3 17078 23282 0.13
39 22 3 17079 49079 0.13
40 23 3 17080 98847 0.13
41 24 3 17081 9148535 0.13
42 25 3 17082 4701294 0.13
43 26 3 17083 1359127 0.13
44 27 3 17084 567332 0.13
45 28 3 17085 3978607 0.13
46 29 3 17086 1072086 0.13
47 30 3 17087 151991 0.13
48 31 3 17088 1961587 0.13
49 32 3 17089 1073988 0.13
50 33 3 17090 133218 0.13
51 34 3 17091 7902 0.13
52 35 3 17092 130319 0.13
53 36 3 17093 18485 0.13
54 37 3 17094 349632 0.13
55 38 3 17095 160323 0.13
56 39 3 17096 2701 0.13
57 40 3 17097 148990 0.13
58 41 3 17098 17879 0.13
59 42 3 17099 67500 0.13
60 43 3 17100 4905928 0.13
61 44 3 17101 7622 0.13
62 45 3 17102 7584414 0.13
63 46 3 17103 15948 0.13
0 48 3 17104 2094 0.13
1 49 3 17105 1867570 0.13
2 50 3 17106 24528 0.13
3 51 3 17107 1056177 0.13
4 52 3 17108 4629674 0.13
5 53 3 17109 60206 0.13
6 54 3 17110 2207630 0.13
7 55 3 17111 254838 0.13
8 56 3 17112 50414 0.13
9 57 3 17113 2433 0.13
10 58 3 17114 3859230 0.13
11 59 3 17115 2143 0.13
12 60 3 17116 58542 0.13
13 61 3 17117 53446 0.13
14 62 3 17118 3789452 0.13
15 63 3 17119 33476 0.13
16 0 3 17120 25717 0.13
17 1 3 17121 7171 0.13
18 2 3 17122 5953 0.13
19 3 3 17123 13631 0.13
20 4 3 17124 9522 0.13
21 5 3 17125 25555 0.13
22 6 3 17126 5273 0.13
23 7 3 17127 31358 0.13
24 8 3 17128 51679 0.13
25 9 3 17129 13838 0.13
26 10 3 17130 315803 0.13
27 11 3 17131 35058 0.13
28 12 3 17132 2195 0.13
29 13 3 17133 3095 0.13
30 14 3 17134 47987 0.13
31 15 3 17135 34008 0.13
32 16 3 17136 52959 0.13
33 17 3 17137 34843 0.13
34 18 3 17138 45102 0.13
35 19 3 17139 2832241 0.13
36 20 3 17140 7677 0.13
37 21 3 17141 20255 0.13
38 22 3 17142 1521337 0.13
39 23 3 17143 176049 0.13
40 24 3 17144 71456 0.13
41 25 3 17145 1523899 0.13
42 26 3 17146 47009 0.13
43 27 3 17147 7206 0.13
44 28 3 17148 3244 0.13
45 29 3 17149 64959 0.13
46 30 3 17150 51633 0.13
47 31 3 17151 69424 0.13
48 32 3 17152 51729 0.13
49 33 3 17153 23374 0.13
50 34 3 17154 4584676 0.13
51 35 3 17155 26915 0.13
52 36 3 17156 9533906 0.13
53 37 3 17157 800779 0.13
54 38 3 17158 24631 0.13
55 39 3 17159 122355 0.13
56 40 3 17160 1852141 0.13
57 41 3 17161 30922 0.13
58 42 3 17162 51556 0.13
59 43 3 17163 4873 0.13
60 44 3 17164 486391 0.13
61 45 3 17165 20345 0.13
62 46 3 17166 9850822 0.13
63 47 3 17167 44661 0.13
0 49 3 17168 20205810 0.13
1 50 3 17169 1820236 0.13
2 51 3 17170 92918 0.13
3 52 3 17171 55481 0.13
4 53 3 17172 5820909 0.13
5 54 3 17173 61940 0.13
6 55 3 17174 2005 0.13
7 56 3 17175 64919 0.13
8 57 3 17176 2881153 0.13
9 58 3 17177 28924 0.13
10 59 3 17178 11387869 0.13
11 60 3 17179 2002 0.13
12 61 3 17180 7393344 0.13
13 62 3 17181 68966 0.13
14 63 3 17182 196344 0.13
15 0 3 17183 3184631 0.13
16 1 3 17184 46030 0.13
17 2 3 17185 40283 0.13
18 3 3 17186 457655 0.13
19 4 3 17187 174558 0.13
20 5 3 17188 75460 0.13
21 6 3 17189 2439 0.13
22 7 3 17190 1391829 0.13
23 8 3 17191 136711 0.13
24 9 3 17192 30127 0.13
25 10 3 17193 49060 0.13
26 11 3 17194 7838 0.13
27 12 3 17195 9172 0.13
28 13 3 17196 125392 0.13
29 14 3 17197 27945 0.13
30 15 3 17198 57375 0.13
31 16 3 17199 283562 0.13
32 17 3 17200 9101226 0.13
33 18 3 17201 33660 0.13
34 19 3 17202 856807 0.13
35 20 3 17203 38527 0.13
36 21 3 17204 26136 0.13
37 22 3 17205 1526940 0.13
38 23 3 17206 62165 0.13
39 24 3 17207 24592 0.13
40 25 3 17208 18681298 0.13
41 26 3 17209 38325 0.13
42 27 3 17210 63799 0.13
43 28 3 17211 199166 0.13
44 29 3 17212 2079 0.13
45 30 3 17213 934760 0.13
46 31 3 17214 571546 0.13
47 32 3 17215 2010 0.13
48 33 3 17216 67660 0.13
49 34 3 17217 5103213 0.13
50 35 3 17218 781651 0.13
51 36 3 17219 53037 0.13
52 37 3 17220 4858045 0.13
53 38 3 17221 1032996 0.13
54 39 3 17222 1624652 0.13
55 40 3 17223 93939 0.13
56 41 3 17224 1873052 0.13
57 42 3 17225 592778 0.13
58 43 3 17226 4426 0.13
59 44 3 17227 2245 0.13
60 45 3 17228 2962515 0.13
61 46 3 17229 772904 0.13
62 47 3 17230 777967 0.13
63 48 3 17231 40598 0.13
0 50 3 17232 2383437 0.13
1 51 3 17233 2824005 0.13
2 52 3 17234 41593 0.13
3 53 3 17235 15437 0.13
4 54 3 17236 1679658 0.13
5 55 3 17237 976241 0.13
6 56 3 17238 2042 0.13
7 57 3 17239 64467 0.13
8 58 3 17240 7589132 0.13
9 59 3 17241 60287 0.13
10 60 3 17242 22152 0.13
11 61 3 17243 2098 0.13
12 62 3 17244 28113 0.13
13 63 3 17245 6528477 0.13
14 0 3 17246 41564 0.13
15 1 3 17247 5297 0.13
16 2 3 17248 307541 0.13
17 3 3 17249 30635 0.13
18 4 3 17250 1178095 0.13
19 5 3 17251 23425 0.13
20 6 3 17252 71648 0.13
21 7 3 17253 42599 0.13
22 8 3 17254 28075 0.13
23 9 3 17255 5321970 0.13
24 10 3 17256 1069680 0.13
25 11 3 17257 20908 0.13
26 12 3 17258 19217 0.13
27 13 3 17259 2633704 0.13
28 14 3 17260 49217 0.13
29 15 3 17261 4097486 0.13
30 16 3 17262 147032 0.13
31 17 3 17263 71694 0.13
32 18 3 17264 117346 0.13
33 19 3 17265 678707 0.13
34 20 3 17266 141212 0.13
35 21 3 17267 859068 0.13
36 22 3 17268 140240 0.13
37 23 3 17269 3575 0.13
38 24 3 17270 8259 0.13
39 25 3 17271 3553 0.13
40 26 3 17272 25962 0.13
41 27 3 17273 148405 0.13
42 28 3 17274 22796 0.13
43 29 3 17275 78403 0.13
44 30 3 17276 1822527 0.13
45 31 3 17277 18370 0.13
46 32 3 17278 823829 0.13
47 33 3 17279 24634235 0.13
48 34 3 17280 943886 0.13
49 35 3 17281 85042 0.13
50 36 3 17282 25292 0.13
51 37 3 17283 131627 0.13
52 38 3 17284 62444 0.13
53 39 3 17285 7706454 0.13
54 40 3 17286 527730 0.13
55 41 3 17287 8076730 0.13
56 42 3 17288 2630 0.13
57 43 3 17289 7768523 0.13
58 44 3 17290 57511 0.13
59 45 3 17291 26737651 0.13
60 46 3 17292 27403 0.13
61 47 3 17293 841387 0.13
62 48 3 17294 65366 0.13
63 49 3 17295 42294 0.13
0 51 3 17296 1590217 0.13
1 52 3 17297 4514073 0.13
2 53 3 17298 22454 0.13
3 54 3 17299 27793 0.13
4 55 3 17300 54629 0.13
5 56 3 17301 61275 0.13
6 57 3 17302 2025 0.13
7 58 3 17303 18921 0.13
8 59 3 17304 4726 0.13
9 60 3 17305 151690 0.13
10 61 3 17306 2171 0.13
11 62 3 17307 1374441 0.13
12 63 3 17308 15397074 0.13
13 0 3 17309 55496 0.13
14 1 3 17310 4210 0.13
15 2 3 17311 24998 0.13
16 3 3 17312 12896 0.13
17 4 3 17313 32161 0.13
18 5 3 17314 407957 0.13
19 6 3 17315 5770 0.13
20 7 3 17316 68453 0.13
21 8 3 17317 2241772 0.13
22 9 3 17318 187195 0.13
23 10 3 17319 410376 0.13
24 11 3 17320 36860 0.13
25 12 3 17321 25040 0.13
26 13 3 17322 6627 0.13
27 14 3 17323 23835 0.13
28 15 3 17324 38160 0.13
29 16 3 17325 2810 0.13
30 17 3 17326 36717 0.13
31 18 3 17327 1941111 0.13
32 19 3 17328 8110541 0.13
33 20 3 17329 1757494 0.13
34 21 3 17330 356532 0.13
35 22 3 17331 1640985 0.13
36 23 3 17332 402790 0.13
37 24 3 17333 163887 0.13
38 25 3 17334 4987 0.13
39 26 3 17335 3248 0.13
40 27 3 17336 2277 0.13
41 28 3 17337 32655 0.13
42 29 3 17338 3430764 0.13
43 30 3 17339 3551 0.13
44 31 3 17340 8202 0.13
45 32 3 17341 6365413 0.13
46 33 3 17342 59673 0.13
47 34 3 17343 30294 0.13
48 35 3 17344 409481 0.13
49 36 3 17345 3605 0.13
50 37 3 17346 820515 0.13
51 38 3 17347 130156 0.13
52 39 3 17348 29491 0.13
53 40 3 17349 46291 0.13
54 41 3 17350 5708 0.13
55 42 3 17351 1519633 0.13
56 43 3 17352 23311 0.13
57 44 3 17353 199272 0.13
58 45 3 17354 677792 0.13
59 46 3 17355 2053 0.13
60 47 3 17356 46784 0.13
61 48 3 17357 1951646 0.13
62 49 3 17358 4398145 0.13
63 50 3 17359 353844 0.13
0 52 3 17360 37923 0.13
1 53 3 17361 7684632 0.13
2 54 3 17362 1829291 0.13
3 55 3 17363 62479 0.13
4 56 3 17364 35638 0.13
5 57 3 17365 18496 0.13
6 58 3 17366 6215 0.13
7 59 3 17367 191728 0.13
8 60 3 17368 3728 0.13
9 61 3 17369 1894164 0.13
10 62 3 17370 18722 0.13
11 63 3 17371 154077 0.13
12 0 3 17372 498909 0.13
13 1 3 17373 25628 0.13
14 2 3 17374 54847 0.13
15 3 3 17375 1246230 0.13
16 4 3 17376 60297 0.13
17 5 3 17377 24315 0.13
18 6 3 17378 1970255 0.13
19 7 3 17379 3234 0.13
20 8 3 17380 32333 0.13
21 9 3 17381 58272 0.13
22 10 3 17382 9267239 0.13
23 11 3 17383 1543736 0.13
24 12 3 17384 32237 0.13
25 13 3 17385 4556657 0.13
26 14 3 17386 1754956 0.13
27 15 3 17387 9792 0.13
28 16 3 17388 31734 0.13
29 17 3 17389 38580 0.13
30 18 3 17390 43765 0.13
31 19 3 17391 2040 0.13
32 20 3 17392 176754 0.13
33 21 3 17393 826402 0.13
34 22 3 17394 3012 0.13
35 23 3 17395 74717 0.13
36 24 3 17396 3055247 0.13
37 25 3 17397 3761066 0.13
38 26 3 17398 55091 0.13
39 27 3 17399 19081 0.13
40 28 3 17400 20037 0.13
41 29 3 17401 5607158 0.13
42 30 3 17402 1852638 0.13
43 31 3 17403 38310 0.13
44 32 3 17404 742881 0.13
45 33 3 17405 958252 0.13
46 34 3 17406 17948837 0.13
47 35 3 17407 199592 0.13
48 36 3 17408 36229 0.13
49 37 3 17409 162989 0.13
50 38 3 17410 9504634 0.13
51 39 3 17411 328825 0.13
52 40 3 17412 54314 0.13
53 41 3 17413 12455 0.13
54 42 3 17414 62531 0.13
55 43 3 17415 1891913 0.13
56 44 3 17416 2395 0.13
57 45 3 17417 21940 0.13
58 46 3 17418 2018 0.13
59 47 3 17419 22302 0.13
60 48 3 17420 23027 0.13
61 49 3 17421 391360 0.13
62 50 3 17422 23901 0.13
63 51 3 17423 1345861 0.13
0 53 3 17424 8756302 0.13
1 54 3 17425 36303 0.13
2 55 3 17426 1400813 0.13
3 56 3 17427 20531 0.13
4 57 3 17428 16848 0.13
5 58 3 17429 23252029 0.13
6 59 3 17430 42563 0.13
7 60 3 17431 4161 0.13
8 61 3 17432 2233 0.13
9 62 3 17433 7215 0.13
10 63 3 17434 29057 0.13
11 0 3 17435 18880 0.13
12 1 3 17436 175462 0.13
13 2 3 17437 1655327 0.13
14 3 3 17438 2418 0.13
15 4 3 17439 2229 0.13
16 5 3 17440 19564 0.13
17 6 3 17441 14829 0.13
18 7 3 17442 4561466 0.13
19 8 3 17443 1188366 0.13
20 9 3 17444 37963 0.13
21 10 3 17445 122008 0.13
22 11 3 17446 15708 0.13
23 12 3 17447 2119 0.13
24 13 3 17448 3286442 0.13
25 14 3 17449 5760639 0.13
26 15 3 17450 2113 0.13
27 16 3 17451 819619 0.13
28 17 3 17452 45784 0.13
29 18 3 17453 1874140 0.13
30 19 3 17454 6877 0.13
31 20 3 17455 7579578 0.13
32 21 3 17456 31014 0.13
33 22 3 17457 24014 0.13
34 23 3 17458 2284633 0.13
35 24 3 17459 687269 0.13
36 25 3 17460 7940125 0.13
37 26 3 17461 14734564 0.13
38 27 3 17462 28463276 0.13
39 28 3 17463 4449913 0.13
40 29 3 17464 4351635 0.13
41 30 3 17465 3576 0.13
42 31 3 17466 9554 0.13
43 32 3 17467 6725390 0.13
44 33 3 17468 1948981 0.13
45 34 3 17469 18336 0.13
46 35 3 17470 45639 0.13
47 36 3 17471 44851 0.13
48 37 3 17472 199227 0.13
49 38 3 17473 14654360 0.13
50 39 3 17474 24454 0.13
51 40 3 17475 2449 0.13
52 41 3 17476 328224 0.13
53 42 3 17477 17820 0.13
54 43 3 17478 89374 0.13
55 44 3 17479 1895877 0.13
56 45 3 17480 35536 0.13
57 46 3 17481 2728 0.13
58 47 3 17482 1956119 0.13
59 48 3 17483 4185544 0.13
60 49 3 17484 3545079 0.13
61 50 3 17485 9884593 0.13
62 51 3 17486 4575028 0.13
63 52 3 17487 20923 0.13
0 54 3 17488 4698 0.13
1 55 3 17489 66307 0.13
2 56 3 17490 708017 0.13
3 57 3 17491 3541 0.13
4 58 3 17492 75064 0.13
5 59 3 17493 1513080 0.13
6 60 3 17494 560572 0.13
7 61 3 17495 75190 0.13
8 62 3 17496 72751 0.13
9 63 3 17497 64830 0.13
10 0 3 17498 34364 0.13
11 1 3 17499 44775 0.13
12 2 3 17500 956077 0.13
13 3 3 17501 1156498 0.13
14 4 3 17502 71875 0.13
15 5 3 17503 26833 0.13
16 6 3 17504 50218 0.13
17 7 3 17505 6513230 0.13
18 8 3 17506 172541 0.13
19 9 3 17507 2321 0.13
20 10 3 17508 21952 0.13
21 11 3 17509 20300 0.13
22 12 3 17510 3895047 0.13
23 13 3 17511 49179 0.13
24 14 3 17512 31199 0.13
25 15 3 17513 4661267 0.13
26 16 3 17514 150920 0.13
27 17 3 17515 7535636 0.13
28 18 3 17516 44821 0.13
29 19 3 17517 115231 0.13
30 20 3 17518 8746 0.13
31 21 3 17519 4881 0.13
32 22 3 17520 60270 0.13
33 23 3 17521 40314 0.13
34 24 3 17522 172506 0.13
35 25 3 17523 65058 0.13
36 26 3 17524 369006 0.13
37 27 3 17525 56023 0.13
38 28 3 17526 65588 0.13
39 29 3 17527 52066 0.13
40 30 3 17528 2135133 0.13
41 31 3 17529 33404 0.13
42 32 3 17530 46474 0.13
43 33 3 17531 15913 0.13
44 34 3 17532 23379 0.13
45 35 3 17533 562838 0.13
46 36 3 17534 41818 0.13
47 37 3 17535 4769 0.13
48 38 3 17536 3278101 0.13
49 39 3 17537 76028 0.13
50 40 3 17538 549235 0.13
51 41 3 17539 1858732 0.13
52 42 3 17540 6900422 0.13
53 43 3 17541 5888 0.13
54 44 3 17542 3994 0.13
55 45 3 17543 2343 0.13
56 46 3 17544 20030 0.13
57 47 3 17545 19329 0.13
58 48 3 17546 35848 0.13
59 49 3 17547 30543 0.13
60 50 3 17548 2466943 0.13
61 51 3 17549 868314 0.13
62 52 3 17550 27446 0.13
63 53 3 17551 1056426 0.13
0 55 3 17552 28663803 0.13
1 56 3 17553 28936731 0.13
2 57 3 17554 1523833 0.13
3 58 3 17555 1398210 0.13
4 59 3 17556 5884466 0.13
5 60 3 17557 2042 0.13
6 61 3 17558 29947 0.13
7 62 3 17559 2669265 0.13
8 63 3 17560 1831282 0.13
9 0 3 17561 50879 0.13
10 1 3 17562 51328 0.13
11 2 3 17563 165635 0.13
12 3 3 17564 642468 0.13
13 4 3 17565 66616 0.13
14 5 3 17566 75995 0.13
15 6 3 17567 1611605 0.13
16 7 3 17568 9942 0.13
17 8 3 17569 49501 0.13
18 9 3 17570 22692 0.13
19 10 3 17571 1491370 0.13
20 11 3 17572 67178 0.13
21 12 3 17573 76728 0.13
22 13 3 17574 1859746 0.13
23 14 3 17575 1576212 0.13
24 15 3 17576 1225103 0.13
25 16 3 17577 64169 0.13
26 17 3 17578 1919148 0.13
27 18 3 17579 32614 0.13
28 19 3 17580 17569 0.13
29 20 3 17581 1701310 0.13
30 21 3 17582 983530 0.13
31 22 3 17583 20958 0.13
32 23 3 17584 61531 0.13
33 24 3 17585 128765 0.13
34 25 3 17586 44940 0.13
35 26 3 17587 161443 0.13
36 27 3 17588 8267 0.13
37 28 3 17589 8096714 0.13
38 29 3 17590 2048 0.13
39 30 3 17591 2312041 0.13
40 31 3 17592 3028966 0.13
41 32 3 17593 37964 0.13
42 33 3 17594 54418 0.13
43 34 3 17595 886102 0.13
44 35 3 17596 50777 0.13
45 36 3 17597 1786434 0.13
46 37 3 17598 93035 0.13
47 38 3 17599 35215 0.13
48 39 3 17600 2143 0.13
49 40 3 17601 1853578 0.13
50 41 3 17602 6581727 0.13
51 42 3 17603 10738 0.13
52 43 3 17604 8759824 0.13
53 44 3 17605 36050 0.13
54 45 3 17606 438714 0.13
55 46 3 17607 224022 0.13
56 47 3 17608 262698 0.13
57 48 3 17609 4008342 0.13
58 49 3 17610 16781410 0.13
59 50 3 17611 20420 0.13
60 51 3 17612 48127 0.13
61 52 3 17613 87698 0.13
62 53 3 17614 17667 0.13
63 54 3 17615 6691 0.13
0 56 3 17616 147740 0.13
1 57 3 17617 61892 0.13
2 58 3 17618 4842313 0.13
3 59 3 17619 5526 0.13
4 60 3 17620 6345 0.13
5 61 3 17621 119268 0.13
6 62 3 17622 2260 0.13
7 63 3 17623 912196 0.13
8 0 3 17624 70449 0.13
9 1 3 17625 17338 0.13
10 2 3 17626 3864 0.13
11 3 3 17627 9499611 0.13
12 4 3 17628 28381 0.13
13 5 3 17629 23303 0.13
14 6 3 17630 676559 0.13
15 7 3 17631 3898 0.13
16 8 3 17632 3021 0.13
17 9 3 17633 77353 0.13
18 10 3 17634 14365 0.13
19 11 3 17635 3791220 0.13
20 12 3 17636 52506 0.13
21 13 3 17637 11407 0.13
22 14 3 17638 6859 0.13
23 15 3 17639 91062 0.13
24 16 3 17640 68057 0.13
25 17 3 17641 3813 0.13
26 18 3 17642 8935483 0.13
27 19 3 17643 3970984 0.13
28 20 3 17644 8394 0.13
29 21 3 17645 20567 0.13
30 22 3 17646 57430 0.13
31 23 3 17647 1096716 0.13
32 24 3 17648 67256 0.13
33 25 3 17649 229675 0.13
34 26 3 17650 7796732 0.13
35 27 3 17651 178557 0.13
36 28 3 17652 73648 0.13
37 29 3 17653 878687 0.13
38 30 3 17654 27544 0.13
39 31 3 17655 2037 0.13
40 32 3 17656 9415 0.13
41 33 3 17657 3477 0.13
42 34 3 17658 49847 0.13
43 35 3 17659 2226974 0.13
44 36 3 17660 79043 0.13
45 37 3 17661 5735895 0.13
46 38 3 17662 4377181 0.13
47 39 3 17663 63893 0.13
48 40 3 17664 159084 0.13
49 41 3 17665 1372907 0.13
50 42 3 17666 28791 0.13
51 43 3 17667 4429822 0.13
52 44 3 17668 62993 0.13
53 45 3 17669 1003165 0.13
54 46 3 17670 1116479 0.13
55 47 3 17671 29744 0.13
56 48 3 17672 304220 0.13
57 49 3 17673 2299542 0.13
58 50 3 17674 15025 0.13
59 51 3 17675 24913 0.13
60 52 3 17676 4998938 0.13
61 53 3 17677 1332439 0.13
62 54 3 17678 63344 0.13
63 55 3 17679 5773792 0.13
0 57 3 17680 16688 0.13
1 58 3 17681 146197 0.13
2 59 3 17682 48710 0.13
3 60 3 17683 8263382 0.13
4 61 3 17684 23969 0.13
5 62 3 17685 4116187 0.13
6 63 3 17686 27377 0.13
7 0 3 17687 424665 0.13
8 1 3 17688 29188 0.13
9 2 3 17689 6164023 0.13
10 3 3 17690 984351 0.13
11 4 3 17691 1224093 0.13
12 5 3 17692 21725 0.13
13 6 3 17693 71574 0.13
14 7 3 17694 24926481 0.13
15 8 3 17695 119126 0.13
16 9 3 17696 26877587 0.13
17 10 3 17697 4357 0.13
18 11 3 17698 6417 0.13
19 12 3 17699 1665390 0.13
20 13 3 17700 35202 0.13
21 14 3 17701 61754 0.13
22 15 3 17702 25276 0.13
23 16 3 17703 74476 0.13
24 17 3 17704 64346 0.13
25 18 3 17705 4123 0.13
26 19 3 17706 955885 0.13
27 20 3 17707 1497361 0.13
28 21 3 17708 46231 0.13
29 22 3 17709 1459574 0.13
30 23 3 17710 3673194 0.13
31 24 3 17711 49334 0.13
32 25 3 17712 2053 0.13
33 26 3 17713 7174 0.13
34 27 3 17714 6224069 0.13
35 28 3 17715 35422 0.13
36 29 3 17716 1486760 0.13
37 30 3 17717 69559 0.13
38 31 3 17718 3776 0.13
39 32 3 17719 111591 0.13
40 33 3 17720 24229 0.13
41 34 3 17721 8572744 0.13
42 35 3 17722 9220 0.13
43 36 3 17723 2612800 0.13
44 37 3 17724 3246875 0.13
45 38 3 17725 14117 0.13
46 39 3 17726 2090 0.13
47 40 3 17727 6041 0.13
48 41 3 17728 29414 0.13
49 42 3 17729 87977 0.13
50 43 3 17730 48169 0.13
51 44 3 17731 4430 0.13
52 45 3 17732 1635890 0.13
53 46 3 17733 819065 0.13
54 47 3 17734 10699 0.13
55 48 3 17735 41617 0.13
56 49 3 17736 21667 0.13
57 50 3 17737 2292 0.13
58 51 3 17738 800353 0.13
59 52 3 17739 21616 0.13
60 53 3 17740 973938 0.13
61 54 3 17741 3095034 0.13
62 55 3 17742 2345354 0.13
63 56 3 17743 528097 0.13
0 58 3 17744 1164104 0.13
1 59 3 17745 4910296 0.13
2 60 3 17746 48123 0.13
3 61 3 17747 31664 0.13
4 62 3 17748 2669 0.13
5 63 3 17749 2023 0.13
6 0 3 17750 1724096 0.13
7 1 3 17751 1671142 0.13
8 2 3 17752 7058610 0.13
9 3 3 17753 44928 0.13
10 4 3 17754 23854 0.13
11 5 3 17755 5397 0.13
12 6 3 17756 55003 0.13
13 7 3 17757 22860416 0.13
14 8 3 17758 37423 0.13
15 9 3 17759 18430 0.13
16 10 3 17760 751595 0.13
17 11 3 17761 22056 0.13
18 12 3 17762 4468581 0.13
19 13 3 17763 1969241 0.13
20 14 3 17764 2913519 0.13
21 15 3 17765 13576 0.13
22 16 3 17766 13409 0.13
23 17 3 17767 53618 0.13
24 18 3 17768 6614 0.13
25 19 3 17769 35428 0.13
26 20 3 17770 134949 0.13
27 21 3 17771 17909 0.13
28 22 3 17772 20711 0.13
29 23 3 17773 100061 0.13
30 24 3 17774 7780230 0.13
31 25 3 17775 7664 0.13
32 26 3 17776 21377 0.13
33 27 3 17777 41315 0.13
34 28 3 17778 14724 0.13
35 29 3 17779 50493 0.13
36 30 3 17780 33248 0.13
37 31 3 17781 47837 0.13
38 32 3 17782 63563 0.13
39 33 3 17783 3621 0.13
40 34 3 17784 2452546 0.13
41 35 3 17785 599559 0.13
42 36 3 17786 43795 0.13
43 37 3 17787 3713 0.13
44 38 3 17788 21856 0.13
45 39 3 17789 30306 0.13
46 40 3 17790 198061 0.13
47 41 3 17791 18734995 0.13
48 42 3 17792 6145 0.13
49 43 3 17793 90596 0.13
50 44 3 17794 23687525 0.13
51 45 3 17795 3513951 0.13
52 46 3 17796 14291 0.13
53 47 3 17797 9216764 0.13
54 48 3 17798 199772 0.13
55 49 3 17799 17610596 0.13
56 50 3 17800 970522 0.13
57 51 3 17801 823204 0.13
58 52 3 17802 11577901 0.13
59 53 3 17803 949765 0.13
60 54 3 17804 36409 0.13
61 55 3 17805 482827 0.13
62 56 3 17806 4519010 0.13
63 57 3 17807 33593 0.13
0 59 3 17808 3546626 0.13
1 60 3 17809 68953 0.13
2 61 3 17810 37021 0.13
3 62 3 17811 268266 0.13
4 63 3 17812 174348 0.13
5 0 3 17813 46474 0.13
6 1 3 17814 524735 0.13
7 2 3 17815 23242 0.13
8 3 3 17816 178517 0.13
9 4 3 17817 22253909 0.13
10 5 3 17818 23260 0.13
11 6 3 17819 330789 0.13
12 7 3 17820 4903382 0.13
13 8 3 17821 31769 0.13
14 9 3 17822 1379132 0.13
15 10 3 17823 1572457 0.13
16 11 3 17824 358129 0.13
17 12 3 17825 3194 0.13
18 13 3 17826 44904 0.13
19 14 3 17827 29661 0.13
20 15 3 17828 10334 0.13
21 16 3 17829 20438 0.13
22 17 3 17830 2338 0.13
23 18 3 17831 6672081 0.13
24 19 3 17832 196700 0.13
25 20 3 17833 8276892 0.13
26 21 3 17834 1392556 0.13
27 22 3 17835 35737 0.13
28 23 3 17836 27812 0.13
29 24 3 17837 548816 0.13
30 25 3 17838 1604938 0.13
31 26 3 17839 77893 0.13
32 27 3 17840 15045002 0.13
33 28 3 17841 584371 0.13
34 29 3 17842 28845 0.13
35 30 3 17843 2149 0.13
36 31 3 17844 3408045 0.13
37 32 3 17845 36254 0.13
38 33 3 17846 24224 0.13
39 34 3 17847 95963 0.13
40 35 3 17848 5473718 0.13
41 36 3 17849 720048 0.13
42 37 3 17850 24833 0.13
43 38 3 17851 898798 0.13
44 39 3 17852 1195022 0.13
45 40 3 17853 264505 0.13
46 41 3 17854 46297 0.13
47 42 3 17855 34327 0.13
48 43 3 17856 59775 0.13
49 44 3 17857 2030 0.13
50 45 3 17858 4096002 0.13
51 46 3 17859 3898 0.13
52 47 3 17860 18493 0.13
53 48 3 17861 474935 0.13
54 49 3 17862 9322 0.13
55 50 3 17863 20422 0.13
56 51 3 17864 5423 0.13
57 52 3 17865 187366 0.13
58 53 3 17866 2936626 0.13
59 54 3 17867 7272335 0.13
60 55 3 17868 23631 0.13
61 56 3 17869 4471 0.13
62 57 3 17870 1249891 0.13
63 58 3 17871 32292 0.13
0 60 3 17872 1216737 0.13
1 61 3 17873 24492 0.13
2 62 3 17874 15287 0.13
3 63 3 17875 24896 0.13
4 0 3 17876 28535 0.13
5 1 3 17877 61139 0.13
6 2 3 17878 484830 0.13
7 3 3 17879 27186 0.13
8 4 3 17880 1812889 0.13
9 5 3 17881 4601 0.13
10 6 3 17882 11703466 0.13
11 7 3 17883 49648 0.13
12 8 3 17884 13553 0.13
13 9 3 17885 59548 0.13
14 10 3 17886 74298 0.13
15 11 3 17887 1349281 0.13
16 12 3 17888 1603244 0.13
17 13 3 17889 2588114 0.13
18 14 3 17890 1935586 0.13
19 15 3 17891 2099 0.13
20 16 3 17892 46283 0.13
21 17 3 17893 3621266 0.13
22 18 3 17894 1588583 0.13
23 19 3 17895 6538035 0.13
24 20 3 17896 191742 0.13
25 21 3 17897 10559 0.13
26 22 3 17898 1266482 0.13
27 23 3 17899 25729 0.13
28 24 3 17900 64688 0.13
29 25 3 17901 62369 0.13
30 26 3 17902 45029 0.13
31 27 3 17903 248202 0.13
32 28 3 17904 4035 0.13
33 29 3 17905 8932 0.13
34 30 3 17906 65982 0.13
35 31 3 17907 10944 0.13
36 32 3 17908 17925 0.13
37 33 3 17909 2064 0.13
38 34 3 17910 73238 0.13
39 35 3 17911 1253453 0.13
40 36 3 17912 71104 0.13
41 37 3 17913 6835076 0.13
42 38 3 17914 7877498 0.13
43 39 3 17915 10328424 0.13
44 40 3 17916 44628 0.13
45 41 3 17917 70665 0.13
46 42 3 17918 528389 0.13
47 43 3 17919 179958 0.13
48 44 3 17920 52027 0.13
49 45 3 17921 2351 0.13
50 46 3 17922 6543089 0.13
51 47 3 17923 46965 0.13
52 48 3 17924 141043 0.13
53 49 3 17925 18845 0.13
54 50 3 17926 58376 0.13
55 51 3 17927 25525 0.13
56 52 3 17928 5934713 0.13
57 53 3 17929 1222452 0.13
58 54 3 17930 75294 0.13
59 55 3 17931 70451 0.13
60 56 3 17932 907915 0.13
61 57 3 17933 971643 0.13
62 58 3 17934 607250 0.13
63 59 3 17935 6894196 0.13
0 61 3 17936 1356642 0.13
1 62 3 17937 24235 0.13
2 63 3 17938 2293 0.13
3 0 3 17939 2393792 0.13
4 1 3 17940 447621 0.13
5 2 3 17941 811404 0.13
6 3 3 17942 979771 0.13
7 4 3 17943 562668 0.13
8 5 3 17944 26133 0.13
9 6 3 17945 62800 0.13
10 7 3 17946 848531 0.13
11 8 3 17947 25428 0.13
12 9 3 17948 217194 0.13
13 10 3 17949 8698446 0.13
14 11 3 17950 3245476 0.13
15 12 3 17951 2061 0.13
16 13 3 17952 1709721 0.13
17 14 3 17953 555179 0.13
18 15 3 17954 6205918 0.13
19 16 3 17955 49533 0.13
20 17 3 17956 176275 0.13
21 18 3 17957 5071117 0.13
22 19 3 17958 77354 0.13
23 20 3 17959 17764 0.13
24 21 3 17960 55294 0.13
25 22 3 17961 2892486 0.13
26 23 3 17962 25287 0.13
27 24 3 17963 30443 0.13
28 25 3 17964 9834530 0.13
29 26 3 17965 667888 0.13
30 27 3 17966 46557 0.13
31 28 3 17967 31595 0.13
32 29 3 17968 52678 0.13
33 30 3 17969 4292014 0.13
34 31 3 17970 1276520 0.13
35 32 3 17971 5221 0.13
36 33 3 17972 489441 0.13
37 34 3 17973 1766911 0.13
38 35 3 17974 38878 0.13
39 36 3 17975 9417 0.13
40 37 3 17976 1487300 0.13
41 38 3 17977 7144061 0.13
42 39 3 17978 49594 0.13
43 40 3 17979 31620 0.13
44 41 3 17980 21350328 0.13
45 42 3 17981 2491681 0.13
46 43 3 17982 2007 0.13
47 44 3 17983 3888 0.13
48 45 3 17984 970533 0.13
49 46 3 17985 78837 0.13
50 47 3 17986 636169 0.13
51 48 3 17987 1330422 0.13
52 49 3 17988 14126 0.13
53 50 3 17989 44930 0.13
54 51 3 17990 1040471 0.13
55 52 3 17991 19604 0.13
56 53 3 17992 16396 0.13
57 54 3 17993 8463093 0.13
58 55 3 17994 61690 0.13
59 56 3 17995 2431113 0.13
60 57 3 17996 17127 0.13
61 58 3 17997 3128 0.13
62 59 3 17998 16545 0.13
63 60 3 17999 1591646 0.13
0 62 3 18000 25935 0.13
1 63 3 18001 5162377 0.13
2 0 3 18002 52029 0.13
3 1 3 18003 414699 0.13
4 2 3 18004 395371 0.13
5 3 3 18005 4050859 0.13
6 4 3 18006 13225 0.13
7 5 3 18007 29312 0.13
8 6 3 18008 45545 0.13
9 7 3 18009 27676 0.13
10 8 3 18010 38430 0.13
11 9 3 18011 175393 0.13
12 10 3 18012 67976 0.13
13 11 3 18013 782436 0.13
14 12 3 18014 6064 0.13
15 13 3 18015 3273 0.13
16 14 3 18016 1517986 0.13
17 15 3 18017 2036 0.13
18 16 3 18018 169906 0.13
19 17 3 18019 21745889 0.13
20 18 3 18020 5778 0.13
21 19 3 18021 78231 0.13
22 20 3 18022 2036 0.13
23 21 3 18023 223878 0.13
24 22 3 18024 21264561 0.13
25 23 3 18025 1613639 0.13
26 24 3 18026 7294884 0.13
27 25 3 18027 66899 0.13
28 26 3 18028 37405 0.13
29 27 3 18029 56796 0.13
30 28 3 18030 44157 0.13
31 29 3 18031 4704565 0.13
32 30 3 18032 29630090 0.13
33 31 3 18033 2505415 0.13
34 32 3 18034 7927931 0.13
35 33 3 18035 720626 0.13
36 34 3 18036 45687 0.13
37 35 3 18037 3006 0.13
38 36 3 18038 41205 0.13
39 37 3 18039 36051 0.13
40 38 3 18040 6014 0.13
41 39 3 18041 63135 0.13
42 40 3 18042 986466 0.13
43 41 3 18043 1252201 0.13
44 42 3 18044 4639116 0.13
45 43 3 18045 9109 0.13
46 44 3 18046 215273 0.13
47 45 3 18047 4070158 0.13
48 46 3 18048 27946 0.13
49 47 3 18049 994116 0.13
50 48 3 18050 2451552 0.13
51 49 3 18051 43685 0.13
52 50 3 18052 346813 0.13
53 51 3 18053 671008 0.13
54 52 3 18054 67353 0.13
55 53 3 18055 53029 0.13
56 54 3 18056 17586 0.13
57 55 3 18057 20787603 0.13
58 56 3 18058 9110510 0.13
59 57 3 18059 2378571 0.13
60 58 3 18060 2083 0.13
61 59 3 18061 42041 0.13
62 60 3 18062 2443 0.13
63 61 3 18063 2226734 0.13
0 63 3 18064 35105 0.13
1 0 3 18065 60224 0.13
2 1 3 18066 254104 0.13
3 2 3 18067 50038 0.13
4 3 3 18068 300738 0.13
5 4 3 18069 4695 0.13
6 5 3 18070 56442 0.13
7 6 3 18071 7248819 0.13
8 7 3 18072 7203178 0.13
9 8 3 18073 21247642 0.13
10 9 3 18074 3713000 0.13
11 10 3 18075 5371625 0.13
12 11 3 18076 1342777 0.13
13 12 3 18077 29386 0.13
14 13 3 18078 19015 0.13
15 14 3 18079 9452 0.13
16 15 3 18080 77704 0.13
17 16 3 18081 151815 0.13
18 17 3 18082 3704078 0.13
19 18 3 18083 74146 0.13
20 19 3 18084 8228 0.13
21 20 3 18085 1968207 0.13
22 21 3 18086 30269 0.13
23 22 3 18087 784497 0.13
24 23 3 18088 112137 0.13
25 24 3 18089 4243573 0.13
26 25 3 18090 13610 0.13
27 26 3 18091 60681 0.13
28 27 3 18092 7254 0.13
29 28 3 18093 701136 0.13
30 29 3 18094 24090 0.13
31 30 3 18095 21164 0.13
32 31 3 18096 1532525 0.13
33 32 3 18097 677960 0.13
34 33 3 18098 5260 0.13
35 34 3 18099 58052 0.13
36 35 3 18100 1157651 0.13
37 36 3 18101 12047 0.13
38 37 3 18102 7069097 0.13
39 38 3 18103 5189179 0.13
40 39 3 18104 1663088 0.13
41 40 3 18105 22037 0.13
42 41 3 18106 25762 0.13
43 42 3 18107 67608 0.13
44 43 3 18108 4925326 0.13
45 44 3 18109 7847 0.13
46 45 3 18110 8860 0.13
47 46 3 18111 87788 0.13
48 47 3 18112 1254144 0.13
49 48 3 18113 5330 0.13
50 49 3 18114 934276 0.13
51 50 3 18115 4158218 0.13
52 51 3 18116 7269996 0.13
53 52 3 18117 1663373 0.13
54 53 3 18118 205435 0.13
55 54 3 18119 551892 0.13
56 55 3 18120 45402 0.13
57 56 3 18121 1174427 0.13
58 57 3 18122 1360024 0.13
59 58 3 18123 46330 0.13
60 59 3 18124 536817 0.13
61 60 3 18125 134685 0.13
62 61 3 18126 3684230 0.13
63 62 3 18127 2253424 0.13
0 1 3 18128 22355 0.13
1 2 3 18129 7255 0.13
2 3 3 18130 5137 0.13
3 4 3 18131 5239 0.13
4 5 3 18132 1405812 0.13
5 6 3 18133 7657903 0.13
6 7 3 18134 1446177 0.13
7 8 3 18135 7288 0.13
8 9 3 18136 43547 0.13
9 10 3 18137 3599909 0.13
10 11 3 18138 8862044 0.13
11 12 3 18139 160428 0.13
12 13 3 18140 2008 0.13
13 14 3 18141 3331 0.13
14 15 3 18142 89605 0.13
15 16 3 18143 3413557 0.13
16 17 3 18144 16566332 0.13
17 18 3 18145 33928 0.13
18 19 3 18146 43004 0.13
19 20 3 18147 834417 0.13
20 21 3 18148 1965653 0.13
21 22 3 18149 77634 0.13
22 23 3 18150 212941 0.13
23 24 3 18151 22214 0.13
24 25 3 18152 49062 0.13
25 26 3 18153 94216 0.13
26 27 3 18154 63985 0.13
27 28 3 18155 9576 0.13
28 29 3 18156 8063564 0.13
29 30 3 18157 3116499 0.13
30 31 3 18158 73038 0.13
31 32 3 18159 62873 0.13
32 33 3 18160 211723 0.13
33 34 3 18161 9669 0.13
34 35 3 18162 722805 0.13
35 36 3 18163 2038752 0.13
36 37 3 18164 1029668 0.13
37 38 3 18165 198080 0.13
38 39 3 18166 31778 0.13
39 40 3 18167 23556741 0.13
40 41 3 18168 7877 0.13
41 42 3 18169 27899069 0.13
42 43 3 18170 1065222 0.13
43 44 3 18171 68065 0.13
44 45 3 18172 2860619 0.13
45 46 3 18173 71928 0.13
46 47 3 18174 1041404 0.13
47 48 3 18175 45341 0.13
48 49 3 18176 17428530 0.13
49 50 3 18177 36628 0.13
50 51 3 18178 2836540 0.13
51 52 3 18179 21061 0.13
52 53 3 18180 1326581 0.13
53 54 3 18181 2312559 0.13
54 55 3 18182 1004074 0.13
55 56 3 18183 2679 0.13
56 57 3 18184 3962956 0.13
57 58 3 18185 15804 0.13
58 59 3 18186 70193 0.13
59 60 3 18187 48361 0.13
60 61 3 18188 19593028 0.13
61 62 3 18189 674002 0.13
62 63 3 18190 3455547 0.13
63 0 3 18191 24042143 0.13
0 1 3 18192 110759 0.13
1 2 3 18193 37482 0.13
2 3 3 18194 823189 0.13
3 4 3 18195 23542866 0.13
4 5 3 18196 1577141 0.13
5 6 3 18197 48212 0.13
6 7 3 18198 79502 0.13
7 8 3 18199 28303 0.13
8 9 3 18200 971010 0.13
9 10 3 18201 19018 0.13
10 11 3 18202 3687566 0.13
11 12 3 18203 48754 0.13
12 13 3 18204 8472 0.13
13 14 3 18205 1522664 0.13
14 15 3 18206 166372 0.13
15 16 3 18207 2152153 0.13
16 17 3 18208 3494291 0.13
17 18 3 18209 1095875 0.13
18 19 3 18210 63276 0.13
19 20 3 18211 12738 0.13
20 21 3 18212 9004 0.13
21 22 3 18213 967644 0.13
22 23 3 18214 29108 0.13
23 24 3 18215 9585 0.13
24 25 3 18216 21813 0.13
25 26 3 18217 1483825 0.13
26 27 3 18218 1353188 0.13
27 28 3 18219 2045 0.13
28 29 3 18220 1259575 0.13
29 30 3 18221 158312 0.13
30 31 3 18222 826542 0.13
31 32 3 18223 22322791 0.13
32 33 3 18224 9808 0.13
33 34 3 18225 8599868 0.13
34 35 3 18226 56256 0.13
35 36 3 18227 3249802 0.13
36 37 3 18228 6856095 0.13
37 38 3 18229 5723 0.13
38 39 3 18230 12772506 0.13
39 40 3 18231 15926 0.13
40 41 3 18232 2673 0.13
41 42 3 18233 16851173 0.13
42 43 3 18234 600782 0.13
43 44 3 18235 188672 0.13
44 45 3 18236 9980498 0.13
45 46 3 18237 415780 0.13
46 47 3 18238 50921 0.13
47 48 3 18239 2286 0.13
48 49 3 18240 24085 0.13
49 50 3 18241 70452 0.13
50 51 3 18242 903872 0.13
51 52 3 18243 8896811 0.13
52 53 3 18244 622375 0.13
53 54 3 18245 45074 0.13
54 55 3 18246 934358 0.13
55 56 3 18247 1953252 0.13
56 57 3 18248 668150 0.13
57 58 3 18249 1777308 0.13
58 59 3 18250 3946873 0.13
59 60 3 18251 602487 0.13
60 61 3 18252 27521 0.13
61 62 3 18253 625563 0.13
62 63 3 18254 43464 0.13
63 0 3 18255 7600 0.13
0 2 3 18256 4784 0.13
1 3 3 18257 70588 0.13
2 4 3 18258 750337 0.13
3 5 3 18259 75326 0.13
4 6 3 18260 2140 0.13
5 7 3 18261 153683 0.13
6 8 3 18262 153080 0.13
7 9 3 18263 27372 0.13
8 10 3 18264 1453592 0.13
9 11 3 18265 1943437 0.13
10 12 3 18266 16219 0.13
11 13 3 18267 69428 0.13
12 14 3 18268 556773 0.13
13 15 3 18269 57766 0.13
14 16 3 18270 151011 0.13
15 17 3 18271 5960 0.13
16 18 3 18272 3444 0.13
17 19 3 18273 5634323 0.13
18 20 3 18274 1952248 0.13
19 21 3 18275 16977 0.13
20 22 3 18276 2386038 0.13
21 23 3 18277 2098 0.13
22 24 3 18278 124674 0.13
23 25 3 18279 91000 0.13
24 26 3 18280 2365887 0.13
25 27 3 18281 70437 0.13
26 28 3 18282 77438 0.13
27 29 3 18283 173808 0.13
28 30 3 18284 1137491 0.13
29 31 3 18285 1900676 0.13
30 32 3 18286 7927 0.13
31 33 3 18287 1529881 0.13
32 34 3 18288 9691503 0.13
33 35 3 18289 4928068 0.13
34 36 3 18290 16132 0.13
35 37 3 18291 198461 0.13
36 38 3 18292 15987 0.13
37 39 3 18293 122380 0.13
38 40 3 18294 2015389 0.13
39 41 3 18295 7843 0.13
40 42 3 18296 8305 0.13
41 43 3 18297 20622 0.13
42 44 3 18298 12242 0.13
43 45 3 18299 135707 0.13
44 46 3 18300 3543503 0.13
45 47 3 18301 2300 0.13
46 48 3 18302 16618956 0.13
47 49 3 18303 74495 0.13
48 50 3 18304 42711 0.13
49 51 3 18305 104732 0.13
50 52 3 18306 55319 0.13
51 53 3 18307 8230606 0.13
52 54 3 18308 2000 0.13
53 55 3 18309 30119 0.13
54 56 3 18310 8301043 0.13
55 57 3 18311 77563 0.13
56 58 3 18312 1828018 0.13
57 59 3 18313 673260 0.13
58 60 3 18314 60366 0.13
59 61 3 18315 160693 0.13
60 62 3 18316 960811 0.13
61 63 3 18317 78307 0.13
62 0 3 18318 20679681 0.13
63 1 3 18319 40423 0.13
0 3 3 18320 94073 0.13
1 4 3 18321 20983 0.13
2 5 3 18322 5930 0.13
3 6 3 18323 2592898 0.13
4 7 3 18324 23710 0.13
5 8 3 18325 17614 0.13
6 9 3 18326 29970 0.13
7 10 3 18327 2978834 0.13
8 11 3 18328 9101637 0.13
9 12 3 18329 217155 0.13
10 13 3 18330 21603 0.13
11 14 3 18331 41813 0.13
12 15 3 18332 8279 0.13
13 16 3 18333 378501 0.13
14 17 3 18334 4205 0.13
15 18 3 18335 25496 0.13
16 19 3 18336 46356 0.13
17 20 3 18337 5261423 0.13
18 21 3 18338 50013 0.13
19 22 3 18339 4827 0.13
20 23 3 18340 25417 0.13
21 24 3 18341 55848 0.13
22 25 3 18342 956122 0.13
23 26 3 18343 90121 0.13
24 27 3 18344 3939 0.13
25 28 3 18345 1326748 0.13
26 29 3 18346 26906179 0.13
27 30 3 18347 974423 0.13
28 31 3 18348 18525 0.13
29 32 3 18349 44428 0.13
30 33 3 18350 658544 0.13
31 34 3 18351 2615246 0.13
32 35 3 18352 239557 0.13
33 36 3 18353 54543 0.13
34 37 3 18354 10698 0.13
35 38 3 18355 24965994 0.13
36 39 3 18356 57760 0.13
37 40 3 18357 2178 0.13
38 41 3 18358 228857 0.13
39 42 3 18359 4426 0.13
40 43 3 18360 7969 0.13
41 44 3 18361 6799 0.13
42 45 3 18362 111489 0.13
43 46 3 18363 3617 0.13
44 47 3 18364 521419 0.13
45 48 3 18365 42563 0.13
46 49 3 18366 36703 0.13
47 50 3 18367 27325 0.13
48 51 3 18368 4065661 0.13
49 52 3 18369 22576 0.13
50 53 3 18370 2049 0.13
51 54 3 18371 45431 0.13
52 55 3 18372 9912391 0.13
53 56 3 18373 45726 0.13
54 57 3 18374 6400 0.13
55 58 3 18375 6831132 0.13
56 59 3 18376 15146 0.13
57 60 3 18377 1283274 0.13
58 61 3 18378 31309 0.13
59 62 3 18379 2640297 0.13
60 63 3 18380 70681 0.13
61 0 3 18381 79760 0.13
62 1 3 18382 1004555 0.13
63 2 3 18383 3961950 0.13
0 4 3 18384 116929 0.13
1 5 3 18385 259735 0.13
2 6 3 18386 4897107 0.13
3 7 3 18387 14149 0.13
4 8 3 18388 8322164 0.13
5 9 3 18389 47912 0.13
6 10 3 18390 39034 0.13
7 11 3 18391 1412971 0.13
8 12 3 18392 9857163 0.13
9 13 3 18393 82883 0.13
10 14 3 18394 190771 0.13
11 15 3 18395 3488900 0.13
12 16 3 18396 67737 0.13
13 17 3 18397 8205 0.13
14 18 3 18398 2047 0.13
15 19 3 18399 76207 0.13
16 20 3 18400 11098 0.13
17 21 3 18401 8109 0.13
18 22 3 18402 45760 0.13
19 23 3 18403 1354223 0.13
20 24 3 18404 2700 0.13
21 25 3 18405 1254192 0.13
22 26 3 18406 12999897 0.13
23 27 3 18407 1075024 0.13
24 28 3 18408 24911 0.13
25 29 3 18409 269623 0.13
26 30 3 18410 1067867 0.13
27 31 3 18411 16620 0.13
28 32 3 18412 20830850 0.13
29 33 3 18413 1984688 0.13
30 34 3 18414 73591 0.13
31 35 3 18415 27582 0.13
32 36 3 18416 56407 0.13
33 37 3 18417 7976929 0.13
34 38 3 18418 4441631 0.13
35 39 3 18419 2420697 0.13
36 40 3 18420 31037 0.13
37 41 3 18421 3737644 0.13
38 42 3 18422 8389617 0.13
39 43 3 18423 51503 0.13
40 44 3 18424 32547 0.13
41 45 3 18425 5309 0.13
42 46 3 18426 4563 0.13
43 47 3 18427 1299530 0.13
44 48 3 18428 8204782 0.13
45 49 3 18429 13022 0.13
46 50 3 18430 3018 0.13
47 51 3 18431 1434094 0.13
48 52 3 18432 121416 0.13
49 53 3 18433 71427 0.13
50 54 3 18434 4230588 0.13
51 55 3 18435 9440452 0.13
52 56 3 18436 55534 0.13
53 57 3 18437 75080 0.13
54 58 3 18438 1307973 0.13
55 59 3 18439 68382 0.13
56 60 3 18440 76541 0.13
57 61 3 18441 28636283 0.13
58 62 3 18442 4642416 0.13
59 63 3 18443 983055 0.13
60 0 3 18444 51262 0.13
61 1 3 18445 330292 0.13
62 2 3 18446 5777600 0.13
63 3 3 18447 1459172 0.13
0 5 3 18448 1141600 0.13
1 6 3 18449 1025917 0.13
2 7 3 18450 1496679 0.13
3 8 3 18451 24422 0.13
4 9 3 18452 1389831 0.13
5 10 3 18453 8633456 0.13
6 11 3 18454 2700901 0.13
7 12 3 18455 4409956 0.13
8 13 3 18456 79564 0.13
9 14 3 18457 273548 0.13
10 15 3 18458 258988 0.13
11 16 3 18459 9617670 0.13
12 17 3 18460 796177 0.13
13 18 3 18461 4457916 0.13
14 19 3 18462 78503 0.13
15 20 3 18463 22506 0.13
16 21 3 18464 4258 0.13
17 22 3 18465 3182268 0.13
18 23 3 18466 76234 0.13
19 24 3 18467 8748828 0.13
20 25 3 18468 55243 0.13
21 26 3 18469 45818 0.13
22 27 3 18470 44656 0.13
23 28 3 18471 7058 0.13
24 29 3 18472 6003226 0.13
25 30 3 18473 24976 0.13
26 31 3 18474 95633 0.13
27 32 3 18475 1664139 0.13
28 33 3 18476 7429 0.13
29 34 3 18477 29917 0.13
30 35 3 18478 29354 0.13
31 36 3 18479 21306 0.13
32 37 3 18480 1380257 0.13
33 38 3 18481 146586 0.13
34 39 3 18482 21746 0.13
35 40 3 18483 30963 0.13
36 41 3 18484 7365103 0.13
37 42 3 18485 543789 0.13
38 43 3 18486 2771821 0.13
39 44 3 18487 2305 0.13
40 45 3 18488 64551 0.13
41 46 3 18489 341989 0.13
42 47 3 18490 70369 0.13
43 48 3 18491 41148 0.13
44 49 3 18492 324241 0.13
45 50 3 18493 35710 0.13
46 51 3 18494 40778 0.13
47 52 3 18495 2025 0.13
48 53 3 18496 4705888 0.13
49 54 3 18497 17231 0.13
50 55 3 18498 40906 0.13
51 56 3 18499 6107 0.13
52 57 3 18500 71241 0.13
53 58 3 18501 4932 0.13
54 59 3 18502 76381 0.13
55 60 3 18503 10742 0.13
56 61 3 18504 7907 0.13
57 62 3 18505 70172 0.13
58 63 3 18506 11126 0.13
59 0 3 18507 653067 0.13
60 1 3 18508 22609 0.13
61 2 3 18509 49071 0.13
62 3 3 18510 29928 0.13
63 4 3 18511 56540 0.13
0 6 3 18512 16436 0.13
1 7 3 18513 2346315 0.13
2 8 3 18514 6695 0.13
3 9 3 18515 58901 0.13
4 10 3 18516 3180723 0.13
5 11 3 18517 12366 0.13
6 12 3 18518 40747 0.13
7 13 3 18519 57836 0.13
8 14 3 18520 41847 0.13
9 15 3 18521 4115422 0.13
10 16 3 18522 19692 0.13
11 17 3 18523 17913 0.13
12 18 3 18524 2370 0.13
13 19 3 18525 48909 0.13
14 20 3 18526 1439239 0.13
15 21 3 18527 5071272 0.13
16 22 3 18528 12062 0.13
17 23 3 18529 19798 0.13
18 24 3 18530 68298 0.13
19 25 3 18531 721943 0.13
20 26 3 18532 26579 0.13
21 27 3 18533 54868 0.13
22 28 3 18534 114497 0.13
23 29 3 18535 1998200 0.13
24 30 3 18536 1143209 0.13
25 31 3 18537 34977 0.13
26 32 3 18538 1643927 0.13
27 33 3 18539 4452995 0.13
28 34 3 18540 73505 0.13
29 35 3 18541 6682946 0.13
30 36 3 18542 3291887 0.13
31 37 3 18543 47769 0.13
32 38 3 18544 6778 0.13
33 39 3 18545 6630 0.13
34 40 3 18546 2115 0.13
35 41 3 18547 11108 0.13
36 42 3 18548 73077 0.13
37 43 3 18549 1673849 0.13
38 44 3 18550 23650 0.13
39 45 3 18551 826482 0.13
40 46 3 18552 38428 0.13
41 47 3 18553 14292351 0.13
42 48 3 18554 1374315 0.13
43 49 3 18555 57921 0.13
44 50 3 18556 28946 0.13
45 51 3 18557 69829 0.13
46 52 3 18558 1608998 0.13
47 53 3 18559 24774 0.13
48 54 3 18560 10499 0.13
49 55 3 18561 75670 0.13
50 56 3 18562 24946 0.13
51 57 3 18563 1667276 0.13
52 58 3 18564 3925004 0.13
53 59 3 18565 26171373 0.13
54 60 3 18566 24735 0.13
55 61 3 18567 2618282 0.13
56 62 3 18568 19682 0.13
57 63 3 18569 1064608 0.13
58 0 3 18570 2298574 0.13
59 1 3 18571 1011449 0.13
60 2 3 18572 73615 0.13
61 3 3 18573 16237 0.13
62 4 3 18574 25034445 0.13
63 5 3 18575 184907 0.13
0 7 3 18576 475817 0.13
1 8 3 18577 22938 0.13
2 9 3 18578 8583 0.13
3 10 3 18579 2344 0.13
4 11 3 18580 23599197 0.13
5 12 3 18581 7078452 0.13
6 13 3 18582 56069 0.13
7 14 3 18583 331738 0.13
8 15 3 18584 5365 0.13
9 16 3 18585 2566 0.13
10 17 3 18586 51683 0.13
11 18 3 18587 31289 0.13
12 19 3 18588 466479 0.13
13 20 3 18589 23142 0.13
14 21 3 18590 37235 0.13
15 22 3 18591 68275 0.13
16 23 3 18592 75353 0.13
17 24 3 18593 550985 0.13
18 25 3 18594 30857 0.13
19 26 3 18595 26924 0.13
20 27 3 18596 28055 0.13
21 28 3 18597 40204 0.13
22 29 3 18598 54170 0.13
23 30 3 18599 33968 0.13
24 31 3 18600 2467 0.13
25 32 3 18601 2378 0.13
26 33 3 18602 2649 0.13
27 34 3 18603 1447547 0.13
28 35 3 18604 21197 0.13
29 36 3 18605 66628 0.13
30 37 3 18606 5605855 0.13
31 38 3 18607 6060 0.13
32 39 3 18608 16968 0.13
33 40 3 18609 8452013 0.13
34 41 3 18610 42716 0.13
35 42 3 18611 30871 0.13
36 43 3 18612 5782 0.13
37 44 3 18613 2068 0.13
38 45 3 18614 117316 0.13
39 46 3 18615 3859228 0.13
40 47 3 18616 36242 0.13
41 48 3 18617 1412921 0.13
42 49 3 18618 42276 0.13
43 50 3 18619 1788083 0.13
44 51 3 18620 79737 0.13
45 52 3 18621 44318 0.13
46 53 3 18622 601986 0.13
47 54 3 18623 21003 0.13
48 55 3 18624 46809 0.13
49 56 3 18625 4615813 0.13
50 57 3 18626 8438 0.13
51 58 3 18627 1425874 0.13
52 59 3 18628 7628 0.13
53 60 3 18629 176962 0.13
54 61 3 18630 5869773 0.13
55 62 3 18631 634841 0.13
56 63 3 18632 18086 0.13
57 0 3 18633 1046600 0.13
58 1 3 18634 6821474 0.13
59 2 3 18635 4241 0.13
60 3 3 18636 108421 0.13
61 4 3 18637 38579 0.13
62 5 3 18638 1253506 0.13
63 6 3 18639 23096410 0.13
0 8 3 18640 20199 0.13
1 9 3 18641 1207694 0.13
2 10 3 18642 2417 0.13
3 11 3 18643 18341 0.13
4 12 3 18644 115135 0.13
5 13 3 18645 25252 0.13
6 14 3 18646 4312260 0.13
7 15 3 18647 3603148 0.13
8 16 3 18648 5486774 0.13
9 17 3 18649 13417438 0.13
10 18 3 18650 4847390 0.13
11 19 3 18651 61188 0.13
12 20 3 18652 1173258 0.13
13 21 3 18653 5774941 0.13
14 22 3 18654 3739 0.13
15 23 3 18655 54385 0.13
16 24 3 18656 7238023 0.13
17 25 3 18657 73969 0.13
18 26 3 18658 2124 0.13
19 27 3 18659 198549 0.13
20 28 3 18660 973649 0.13
21 29 3 18661 8314 0.13
22 30 3 18662 2439 0.13
23 31 3 18663 142013 0.13
24 32 3 18664 1943903 0.13
25 33 3 18665 950426 0.13
26 34 3 18666 1407151 0.13
27 35 3 18667 49498 0.13
28 36 3 18668 877554 0.13
29 37 3 18669 4107671 0.13
30 38 3 18670 11025611 0.13
31 39 3 18671 13103 0.13
32 40 3 18672 1507277 0.13
33 41 3 18673 46830 0.13
34 42 3 18674 1793721 0.13
35 43 3 18675 50195 0.13
36 44 3 18676 27149 0.13
37 45 3 18677 16813 0.13
38 46 3 18678 12000 0.13
39 47 3 18679 21780 0.13
40 48 3 18680 973773 0.13
41 49 3 18681 4374650 0.13
42 50 3 18682 1906468 0.13
43 51 3 18683 62794 0.13
44 52 3 18684 1077540 0.13
45 53 3 18685 78863 0.13
46 54 3 18686 30682 0.13
47 55 3 18687 22033 0.13
48 56 3 18688 1082547 0.13
49 57 3 18689 117973 0.13
50 58 3 18690 14221 0.13
51 59 3 18691 2441 0.13
52 60 3 18692 23821 0.13
53 61 3 18693 2354 0.13
54 62 3 18694 9851 0.13
55 63 3 18695 4508074 0.13
56 0 3 18696 6946282 0.13
57 1 3 18697 27043 0.13
58 2 3 18698 1906213 0.13
59 3 3 18699 539304 0.13
60 4 3 18700 24900 0.13
61 5 3 18701 2702308 0.13
62 6 3 18702 87877 0.13
63 7 3 18703 2006 0.13
0 9 3 18704 39492 0.13
1 10 3 18705 241276 0.13
2 11 3 18706 43822 0.13
3 12 3 18707 4827 0.13
4 13 3 18708 1054617 0.13
5 14 3 18709 113042 0.13
6 15 3 18710 1220795 0.13
7 16 3 18711 51925 0.13
8 17 3 18712 291856 0.13
9 18 3 18713 34927 0.13
10 19 3 18714 3008 0.13
11 20 3 18715 2477664 0.13
12 21 3 18716 2717953 0.13
13 22 3 18717 21927 0.13
14 23 3 18718 9659104 0.13
15 24 3 18719 15347 0.13
16 25 3 18720 11069803 0.13
17 26 3 18721 92666 0.13
18 27 3 18722 15841591 0.13
19 28 3 18723 1781859 0.13
20 29 3 18724 1805131 0.13
21 30 3 18725 6515 0.13
22 31 3 18726 1457697 0.13
23 32 3 18727 46396 0.13
24 33 3 18728 630597 0.13
25 34 3 18729 4100773 0.13
26 35 3 18730 474444 0.13
27 36 3 18731 115790 0.13
28 37 3 18732 2505410 0.13
29 38 3 18733 22063 0.13
30 39 3 18734 26879 0.13
31 40 3 18735 168566 0.13
32 41 3 18736 2231988 0.13
33 42 3 18737 1528976 0.13
34 43 3 18738 11128 0.13
35 44 3 18739 23172 0.13
36 45 3 18740 1262861 0.13
37 46 3 18741 43728 0.13
38 47 3 18742 5154867 0.13
39 48 3 18743 5558 0.13
40 49 3 18744 16302 0.13
41 50 3 18745 17005 0.13
42 51 3 18746 3870565 0.13
43 52 3 18747 17771 0.13
44 53 3 18748 70888 0.13
45 54 3 18749 1294799 0.13
46 55 3 18750 580514 0.13
47 56 3 18751 2113 0.13
48 57 3 18752 12583 0.13
49 58 3 18753 15546 0.13
50 59 3 18754 48839 0.13
51 60 3 18755 262576 0.13
52 61 3 18756 3861 0.13
53 62 3 18757 4043 0.13
54 63 3 18758 24525 0.13
55 0 3 18759 5652218 0.13
56 1 3 18760 10256976 0.13
57 2 3 18761 6018 0.13
58 3 3 18762 79256 0.13
59 4 3 18763 1267646 0.13
60 5 3 18764 2239781 0.13
61 6 3 18765 226348 0.13
62 7 3 18766 45575 0.13
63 8 3 18767 2109 0.13
0 10 3 18768 2796867 0.13
1 11 3 18769 1634457 0.13
2 12 3 18770 555856 0.13
3 13 3 18771 2416 0.13
4 14 3 18772 24834 0.13
5 15 3 18773 4851 0.13
6 16 3 18774 9410 0.13
7 17 3 18775 419075 0.13
8 18 3 18776 2067 0.13
9 19 3 18777 9740054 0.13
10 20 3 18778 9115549 0.13
11 21 3 18779 6507 0.13
12 22 3 18780 1361315 0.13
13 23 3 18781 37677 0.13
14 24 3 18782 1074557 0.13
15 25 3 18783 20232 0.13
16 26 3 18784 68559 0.13
17 27 3 18785 136316 0.13
18 28 3 18786 60229 0.13
19 29 3 18787 12628 0.13
20 30 3 18788 36351 0.13
21 31 3 18789 10902 0.13
22 32 3 18790 2911 0.13
23 33 3 18791 936329 0.13
24 34 3 18792 419886 0.13
25 35 3 18793 7846 0.13
26 36 3 18794 2747747 0.13
27 37 3 18795 6225 0.13
28 38 3 18796 29673 0.13
29 39 3 18797 75740 0.13
30 40 3 18798 3094501 0.13
31 41 3 18799 9346 0.13
32 42 3 18800 5869068 0.13
33 43 3 18801 2153 0.13
34 44 3 18802 56262 0.13
35 45 3 18803 9790 0.13
36 46 3 18804 642916 0.13
37 47 3 18805 22588 0.13
38 48 3 18806 4369703 0.13
39 49 3 18807 46948 0.13
40 50 3 18808 4526717 0.13
41 51 3 18809 2683546 0.13
42 52 3 18810 6992 0.13
43 53 3 18811 13911 0.13
44 54 3 18812 6810 0.13
45 55 3 18813 6138 0.13
46 56 3 18814 8989219 0.13
47 57 3 18815 41461 0.13
48 58 3 18816 325574 0.13
49 59 3 18817 7468 0.13
50 60 3 18818 6665686 0.13
51 61 3 18819 6419543 0.13
52 62 3 18820 4867594 0.13
53 63 3 18821 236051 0.13
54 0 3 18822 15613 0.13
55 1 3 18823 80823 0.13
56 2 3 18824 199333 0.13
57 3 3 18825 835466 0.13
58 4 3 18826 10044 0.13
59 5 3 18827 738187 0.13
60 6 3 18828 30312 0.13
61 7 3 18829 2526876 0.13
62 8 3 18830 39677 0.13
63 9 3 18831 6313 0.13
0 11 3 18832 6159596 0.13
1 12 3 18833 693853 0.13
2 13 3 18834 7348702 0.13
3 14 3 18835 2321582 0.13
4 15 3 18836 1113066 0.13
5 16 3 18837 4345 0.13
6 17 3 18838 2010 0.13
7 18 3 18839 7363924 0.13
8 19 3 18840 9891 0.13
9 20 3 18841 646832 0.13
10 21 3 18842 34051 0.13
11 22 3 18843 48119 0.13
12 23 3 18844 1213434 0.13
13 24 3 18845 1855460 0.13
14 25 3 18846 68099 0.13
15 26 3 18847 3711 0.13
16 27 3 18848 162016 0.13
17 28 3 18849 9256093 0.13
18 29 3 18850 27847 0.13
19 30 3 18851 5331 0.13
20 31 3 18852 26514455 0.13
21 32 3 18853 16374 0.13
22 33 3 18854 47003 0.13
23 34 3 18855 33863 0.13
24 35 3 18856 55499 0.13
25 36 3 18857 947366 0.13
26 37 3 18858 53217 0.13
27 38 3 18859 1935015 0.13
28 39 3 18860 36693 0.13
29 40 3 18861 2064227 0.13
30 41 3 18862 631633 0.13
31 42 3 18863 24590 0.13
32 43 3 18864 54306 0.13
33 44 3 18865 72408 0.13
34 45 3 18866 86463 0.13
35 46 3 18867 84241 0.13
36 47 3 18868 2642125 0.13
37 48 3 18869 46925 0.13
38 49 3 18870 167366 0.13
39 50 3 18871 55040 0.13
40 51 3 18872 162073 0.13
41 52 3 18873 947991 0.13
42 53 3 18874 1482834 0.13
43 54 3 18875 1030933 0.13
44 55 3 18876 23519 0.13
45 56 3 18877 2014 0.13
46 57 3 18878 25936874 0.13
47 58 3 18879 2085 0.13
48 59 3 18880 128641 0.13
49 60 3 18881 9115412 0.13
50 61 3 18882 6493150 0.13
51 62 3 18883 3170 0.13
52 63 3 18884 39869 0.13
53 0 3 18885 3462544 0.13
54 1 3 18886 4003175 0.13
55 2 3 18887 2570313 0.13
56 3 3 18888 29469 0.13
57 4 3 18889 9531 0.13
58 5 3 18890 3599366 0.13
59 6 3 18891 11213067 0.13
60 7 3 18892 5925279 0.13
61 8 3 18893 24249 0.13
62 9 3 18894 2834654 0.13
63 10 3 18895 2910 0.13
0 12 3 18896 9024 0.13
1 13 3 18897 9432284 0.13
2 14 3 18898 1039628 0.13
3 15 3 18899 45492 0.13
4 16 3 18900 2184 0.13
5 17 3 18901 9636656 0.13
6 18 3 18902 44336 0.13
7 19 3 18903 1014017 0.13
8 20 3 18904 701978 0.13
9 21 3 18905 4163 0.13
10 22 3 18906 3123115 0.13
11 23 3 18907 4114309 0.13
12 24 3 18908 2235 0.13
13 25 3 18909 43048 0.13
14 26 3 18910 4529 0.13
15 27 3 18911 4394 0.13
16 28 3 18912 147171 0.13
17 29 3 18913 2411337 0.13
18 30 3 18914 9977 0.13
19 31 3 18915 16484 0.13
20 32 3 18916 1435579 0.13
21 33 3 18917 1481071 0.13
22 34 3 18918 988511 0.13
23 35 3 18919 29950 0.13
24 36 3 18920 52659 0.13
25 37 3 18921 37467 0.13
26 38 3 18922 1813969 0.13
27 39 3 18923 961976 0.13
28 40 3 18924 28676 0.13
29 41 3 18925 11177 0.13
30 42 3 18926 4434714 0.13
31 43 3 18927 2261 0.13
32 44 3 18928 1511329 0.13
33 45 3 18929 73837 0.13
34 46 3 18930 2054 0.13
35 47 3 18931 2980402 0.13
36 48 3 18932 839228 0.13
37 49 3 18933 4279295 0.13
38 50 3 18934 121410 0.13
39 51 3 18935 2885546 0.13
40 52 3 18936 6367873 0.13
41 53 3 18937 73509 0.13
42 54 3 18938 1093528 0.13
43 55 3 18939 55462 0.13
44 56 3 18940 11360 0.13
45 57 3 18941 12081552 0.13
46 58 3 18942 78038 0.13
47 59 3 18943 15284189 0.13
48 60 3 18944 8010 0.13
49 61 3 18945 21186 0.13
50 62 3 18946 352350 0.13
51 63 3 18947 21890 0.13
52 0 3 18948 16738 0.13
53 1 3 18949 1459957 0.13
54 2 3 18950 130218 0.13
55 3 3 18951 3251389 0.13
56 4 3 18952 2496765 0.13
57 5 3 18953 65792 0.13
58 6 3 18954 32637 0.13
59 7 3 18955 535126 0.13
60 8 3 18956 2817610 0.13
61 9 3 18957 12964 0.13
62 10 3 18958 2100177 0.13
63 11 3 18959 573177 0.13
0 13 3 18960 18946 0.13
1 14 3 18961 6672 0.13
2 15 3 18962 4446 0.13
3 16 3 18963 225521 0.13
4 17 3 18964 3398278 0.13
5 18 3 18965 2207 0.13
6 19 3 18966 28220 0.13
7 20 3 18967 99830 0.13
8 21 3 18968 3572 0.13
9 22 3 18969 195047 0.13
10 23 3 18970 1565214 0.13
11 24 3 18971 31824 0.13
12 25 3 18972 117185 0.13
13 26 3 18973 507111 0.13
14 27 3 18974 2264 0.13
15 28 3 18975 26916 0.13
16 29 3 18976 14442097 0.13
17 30 3 18977 139651 0.13
18 31 3 18978 137838 0.13
19 32 3 18979 1902257 0.13
20 33 3 18980 2442 0.13
21 34 3 18981 32916 0.13
22 35 3 18982 8107795 0.13
23 36 3 18983 2042 0.13
24 37 3 18984 41329 0.13
25 38 3 18985 28240 0.13
26 39 3 18986 49627 0.13
27 40 3 18987 18976 0.13
28 41 3 18988 1518422 0.13
29 42 3 18989 1256881 0.13
30 43 3 18990 12567161 0.13
31 44 3 18991 1026568 0.13
32 45 3 18992 5816 0.13
33 46 3 18993 51681 0.13
34 47 3 18994 1414513 0.13
35 48 3 18995 6080 0.13
36 49 3 18996 2224829 0.13
37 50 3 18997 10037 0.13
38 51 3 18998 178015 0.13
39 52 3 18999 46422 0.13
40 53 3 19000 176614 0.13
41 54 3 19001 3560812 0.13
42 55 3 19002 29011 0.13
43 56 3 19003 10307 0.13
44 57 3 19004 64562 0.13
45 58 3 19005 4556116 0.13
46 59 3 19006 5530 0.13
47 60 3 19007 1184627 0.13
48 61 3 19008 4532062 0.13
49 62 3 19009 2224281 0.13
50 63 3 19010 633761 0.13
51 0 3 19011 1688257 0.13
52 1 3 19012 12209 0.13
53 2 3 19013 9547668 0.13
54 3 3 19014 76838 0.13
55 4 3 19015 1287206 0.13
56 5 3 19016 611159 0.13
57 6 3 19017 7159085 0.13
58 7 3 19018 38283 0.13
59 8 3 19019 1853518 0.13
60 9 3 19020 37804 0.13
61 10 3 19021 42063 0.13
62 11 3 19022 3678576 0.13
63 12 3 19023 57131 0.13
0 14 3 19024 4720397 0.13
1 15 3 19025 1741750 0.13
2 16 3 19026 47526 0.13
3 17 3 19027 20882 0.13
4 18 3 19028 283097 0.13
5 19 3 19029 4249 0.13
6 20 3 19030 10480 0.13
7 21 3 19031 422317 0.13
8 22 3 19032 72505 0.13
9 23 3 19033 2141793 0.13
10 24 3 19034 9409 0.13
11 25 3 19035 4113724 0.13
12 26 3 19036 109376 0.13
13 27 3 19037 9924794 0.13
14 28 3 19038 1814455 0.13
15 29 3 19039 5101 0.13
16 30 3 19040 5587 0.13
17 31 3 19041 32743 0.13
18 32 3 19042 7432569 0.13
19 33 3 19043 12294 0.13
20 34 3 19044 28011 0.13
21 35 3 19045 42665 0.13
22 36 3 19046 5246 0.13
23 37 3 19047 15837 0.13
24 38 3 19048 1719405 0.13
25 39 3 19049 25794 0.13
26 40 3 19050 66906 0.13
27 41 3 19051 25602 0.13
28 42 3 19052 4299736 0.13
29 43 3 19053 602336 0.13
30 44 3 19054 9235 0.13
31 45 3 19055 7917 0.13
32 46 3 19056 146400 0.13
33 47 3 19057 2361 0.13
34 48 3 19058 3770097 0.13
35 49 3 19059 50216 0.13
36 50 3 19060 3710028 0.13
37 51 3 19061 6224294 0.13
38 52 3 19062 8318 0.13
39 53 3 19063 43346 0.13
40 54 3 19064 3345069 0.13
41 55 3 19065 8717497 0.13
42 56 3 19066 44736 0.13
43 57 3 19067 857607 0.13
44 58 3 19068 74448 0.13
45 59 3 19069 26282 0.13
46 60 3 19070 4266093 0.13
47 61 3 19071 860444 0.13
48 62 3 19072 364909 0.13
49 63 3 19073 550934 0.13
50 0 3 19074 1410425 0.13
51 1 3 19075 24481 0.13
52 2 3 19076 2637051 0.13
53 3 3 19077 2039 0.13
54 4 3 19078 3591793 0.13
55 5 3 19079 29066 0.13
56 6 3 19080 11641 0.13
57 7 3 19081 49856 0.13
58 8 3 19082 4108 0.13
59 9 3 19083 47644 0.13
60 10 3 19084 64371 0.13
61 11 3 19085 5545 0.13
62 12 3 19086 65202 0.13
63 13 3 19087 539875 0.13
0 15 3 19088 5009036 0.13
1 16 3 19089 64966 0.13
2 17 3 19090 5007 0.13
3 18 3 19091 1317781 0.13
4 19 3 19092 6247167 0.13
5 20 3 19093 6606482 0.13
6 21 3 19094 1682166 0.13
7 22 3 19095 19894 0.13
8 23 3 19096 35744 0.13
9 24 3 19097 33456 0.13
10 25 3 19098 27625488 0.13
11 26 3 19099 69914 0.13
12 27 3 19100 1022908 0.13
13 28 3 19101 67589 0.13
14 29 3 19102 27837 0.13
15 30 3 19103 2343 0.13
16 31 3 19104 11148 0.13
17 32 3 19105 66146 0.13
18 33 3 19106 521731 0.13
19 34 3 19107 34037 0.13
20 35 3 19108 2250 0.13
21 36 3 19109 208619 0.13
22 37 3 19110 46056 0.13
23 38 3 19111 7604261 0.13
24 39 3 19112 42298 0.13
25 40 3 19113 56948 0.13
26 41 3 19114 66940 0.13
27 42 3 19115 2785 0.13
28 43 3 19116 4040618 0.13
29 44 3 19117 8760357 0.13
30 45 3 19118 869371 0.13
31 46 3 19119 26984 0.13
32 47 3 19120 485498 0.13
33 48 3 19121 4851 0.13
34 49 3 19122 3848 0.13
35 50 3 19123 51169 0.13
36 51 3 19124 29833 0.13
37 52 3 19125 1122067 0.13
38 53 3 19126 4138673 0.13
39 54 3 19127 78794 0.13
40 55 3 19128 757155 0.13
41 56 3 19129 25944 0.13
42 57 3 19130 2916472 0.13
43 58 3 19131 5470 0.13
44 59 3 19132 5117266 0.13
45 60 3 19133 38403 0.13
46 61 3 19134 1531760 0.13
47 62 3 19135 12906 0.13
48 63 3 19136 39855 0.13
49 0 3 19137 54407 0.13
50 1 3 19138 67422 0.13
51 2 3 19139 910643 0.13
52 3 3 19140 12137 0.13
53 4 3 19141 973520 0.13
54 5 3 19142 40938 0.13
55 6 3 19143 943211 0.13
56 7 3 19144 47827 0.13
57 8 3 19145 2049 0.13
58 9 3 19146 1830723 0.13
59 10 3 19147 195077 0.13
60 11 3 19148 4446 0.13
61 12 3 19149 743699 0.13
62 13 3 19150 332098 0.13
63 14 3 19151 34746 0.13
0 16 3 19152 20911964 0.13
1 17 3 19153 7783504 0.13
2 18 3 19154 1428363 0.13
3 19 3 19155 1367192 0.13
4 20 3 19156 33303 0.13
5 21 3 19157 10101 0.13
6 22 3 19158 63536 0.13
7 23 3 19159 9798 0.13
8 24 3 19160 3929040 0.13
9 25 3 19161 7088 0.13
10 26 3 19162 9998294 0.13
11 27 3 19163 51473 0.13
12 28 3 19164 77851 0.13
13 29 3 19165 2018 0.13
14 30 3 19166 61667 0.13
15 31 3 19167 2975324 0.13
16 32 3 19168 8057 0.13
17 33 3 19169 61383 0.13
18 34 3 19170 9961250 0.13
19 35 3 19171 5821 0.13
20 36 3 19172 21862 0.13
21 37 3 19173 16021325 0.13
22 38 3 19174 54656 0.13
23 39 3 19175 107576 0.13
24 40 3 19176 13220 0.13
25 41 3 19177 45511 0.13
26 42 3 19178 39617 0.13
27 43 3 19179 8741205 0.13
28 44 3 19180 11163003 0.13
29 45 3 19181 160291 0.13
30 46 3 19182 2071 0.13
31 47 3 19183 2413380 0.13
32 48 3 19184 2080 0.13
33 49 3 19185 4899647 0.13
34 50 3 19186 73558 0.13
35 51 3 19187 4032744 0.13
36 52 3 19188 994537 0.13
37 53 3 19189 591293 0.13
38 54 3 19190 62922 0.13
39 55 3 19191 52396 0.13
40 56 3 19192 40442 0.13
41 57 3 19193 101372 0.13
42 58 3 19194 78423 0.13
43 59 3 19195 1650811 0.13
44 60 3 19196 7070 0.13
45 61 3 19197 15162 0.13
46 62 3 19198 56550 0.13
47 63 3 19199 15379 0.13
48 0 3 19200 191243 0.13
49 1 3 19201 101879 0.13
50 2 3 19202 46312 0.13
51 3 3 19203 3352748 0.13
52 4 3 19204 908405 0.13
53 5 3 19205 58652 0.13
54 6 3 19206 28324 0.13
55 7 3 19207 363011 0.13
56 8 3 19208 6795399 0.13
57 9 3 19209 3709918 0.13
58 10 3 19210 26908814 0.13
59 11 3 19211 2178192 0.13
60 12 3 19212 6304 0.13
61 13 3 19213 596996 0.13
62 14 3 19214 330082 0.13
63 15 3 19215 52602 0.13
0 17 3 19216 72247 0.13
1 18 3 19217 1517267 0.13
2 19 3 19218 6944922 0.13
3 20 3 19219 5979 0.13
4 21 3 19220 60177 0.13
5 22 3 19221 167828 0.13
6 23 3 19222 2268 0.13
7 24 3 19223 28990 0.13
8 25 3 19224 54763 0.13
9 26 3 19225 22287 0.13
10 27 3 19226 62606 0.13
11 28 3 19227 46215 0.13
12 29 3 19228 19112 0.13
13 30 3 19229 66055 0.13
14 31 3 19230 7955 0.13
15 32 3 19231 9829721 0.13
16 33 3 19232 6002094 0.13
17 34 3 19233 52984 0.13
18 35 3 19234 2612539 0.13
19 36 3 19235 1038349 0.13
20 37 3 19236 1411530 0.13
21 38 3 19237 2038 0.13
22 39 3 19238 44928 0.13
23 40 3 19239 22393 0.13
24 41 3 19240 28360 0.13
25 42 3 19241 4388214 0.13
26 43 3 19242 26449 0.13
27 44 3 19243 3154525 0.13
28 45 3 19244 1951382 0.13
29 46 3 19245 53396 0.13
30 47 3 19246 24155 0.13
31 48 3 19247 5013375 0.13
32 49 3 19248 53359 0.13
33 50 3 19249 2077 0.13
34 51 3 19250 10675 0.13
35 52 3 19251 44881 0.13
36 53 3 19252 2501210 0.13
37 54 3 19253 2601031 0.13
38 55 3 19254 199906 0.13
39 56 3 19255 37017 0.13
40 57 3 19256 9225756 0.13
41 58 3 19257 25219416 0.13
42 59 3 19258 24183 0.13
43 60 3 19259 12326882 0.13
44 61 3 19260 18532 0.13
45 62 3 19261 555474 0.13
46 63 3 19262 2856496 0.13
47 0 3 19263 2039949 0.13
48 1 3 19264 162034 0.13
49 2 3 19265 8309 0.13
50 3 3 19266 490187 0.13
51 4 3 19267 14903756 0.13
52 5 3 19268 14743 0.13
53 6 3 19269 5297955 0.13
54 7 3 19270 77063 0.13
55 8 3 19271 58631 0.13
56 9 3 19272 5970 0.13
57 10 3 19273 2035159 0.13
58 11 3 19274 74059 0.13
59 12 3 19275 451528 0.13
60 13 3 19276 1842812 0.13
61 14 3 19277 3290921 0.13
62 15 3 19278 418547 0.13
63 16 3 19279 26023 0.13
0 18 3 19280 119266 0.13
1 19 3 19281 8478593 0.13
2 20 3 19282 20376 0.13
3 21 3 19283 5528 0.13
4 22 3 19284 58635 0.13
5 23 3 19285 431153 0.13
6 24 3 19286 188494 0.13
7 25 3 19287 2204 0.13
8 26 3 19288 1075759 0.13
9 27 3 19289 6471028 0.13
10 28 3 19290 4514 0.13
11 29 3 19291 46480 0.13
12 30 3 19292 1423396 0.13
13 31 3 19293 8443 0.13
14 32 3 19294 62393 0.13
15 33 3 19295 452014 0.13
16 34 3 19296 41624 0.13
17 35 3 19297 23972 0.13
18 36 3 19298 4937277 0.13
19 37 3 19299 29692 0.13
20 38 3 19300 89286 0.13
21 39 3 19301 24525 0.13
22 40 3 19302 1800289 0.13
23 41 3 19303 1860481 0.13
24 42 3 19304 1703915 0.13
25 43 3 19305 674061 0.13
26 44 3 19306 27496 0.13
27 45 3 19307 7498278 0.13
28 46 3 19308 419504 0.13
29 47 3 19309 507092 0.13
30 48 3 19310 164607 0.13
31 49 3 19311 6273 0.13
32 50 3 19312 63644 0.13
33 51 3 19313 192961 0.13
34 52 3 19314 6566 0.13
35 53 3 19315 28246 0.13
36 54 3 19316 4838143 0.13
37 55 3 19317 5494 0.13
38 56 3 19318 71748 0.13
39 57 3 19319 42279 0.13
40 58 3 19320 3149476 0.13
41 59 3 19321 48160 0.13
42 60 3 19322 71008 0.13
43 61 3 19323 2126 0.13
44 62 3 19324 4150 0.13
45 63 3 19325 9229798 0.13
46 0 3 19326 4341 0.13
47 1 3 19327 898691 0.13
48 2 3 19328 45050 0.13
49 3 3 19329 32716 0.13
50 4 3 19330 5593028 0.13
51 5 3 19331 2256471 0.13
52 6 3 19332 15961 0.13
53 7 3 19333 2050 0.13
54 8 3 19334 15735 0.13
55 9 3 19335 143932 0.13
56 10 3 19336 253238 0.13
57 11 3 19337 2252 0.13
58 12 3 19338 13943916 0.13
59 13 3 19339 25826385 0.13
60 14 3 19340 69364 0.13
61 15 3 19341 312039 0.13
62 16 3 19342 108256 0.13
63 17 3 19343 11677 0.13
0 19 3 19344 1416968 0.13
1 20 3 19345 6898798 0.13
2 21 3 19346 18569 0.13
3 22 3 19347 2227 0.13
4 23 3 19348 2140 0.13
5 24 3 19349 75787 0.13
6 25 3 19350 10469 0.13
7 26 3 19351 4006227 0.13
8 27 3 19352 7183 0.13
9 28 3 19353 21695 0.13
10 29 3 19354 35507 0.13
11 30 3 19355 21976 0.13
12 31 3 19356 1277438 0.13
13 32 3 19357 7846293 0.13
14 33 3 19358 26759 0.13
15 34 3 19359 68824 0.13
16 35 3 19360 8802097 0.13
17 36 3 19361 39710 0.13
18 37 3 19362 116852 0.13
19 38 3 19363 29432 0.13
20 39 3 19364 1451944 0.13
21 40 3 19365 72108 0.13
22 41 3 19366 75997 0.13
23 42 3 19367 49988 0.13
24 43 3 19368 18610 0.13
25 44 3 19369 14591 0.13
26 45 3 19370 896459 0.13
27 46 3 19371 4619446 0.13
28 47 3 19372 28108 0.13
29 48 3 19373 48565 0.13
30 49 3 19374 171968 0.13
31 50 3 19375 1664488 0.13
32 51 3 19376 32317 0.13
33 52 3 19377 1940995 0.13
34 53 3 19378 8840148 0.13
35 54 3 19379 70268 0.13
36 55 3 19380 4485720 0.13
37 56 3 19381 55477 0.13
38 57 3 19382 1470792 0.13
39 58 3 19383 2476765 0.13
40 59 3 19384 383287 0.13
41 60 3 19385 258365 0.13
42 61 3 19386 56764 0.13
43 62 3 19387 143672 0.13
44 63 3 19388 44792 0.13
45 0 3 19389 461587 0.13
46 1 3 19390 3498 0.13
47 2 3 19391 13449 0.13
48 3 3 19392 2283 0.13
49 4 3 19393 75697 0.13
50 5 3 19394 177490 0.13
51 6 3 19395 29347 0.13
52 7 3 19396 2800592 0.13
53 8 3 19397 560783 0.13
54 9 3 19398 9653232 0.13
55 10 3 19399 40450 0.13
56 11 3 19400 2232 0.13
57 12 3 19401 15980 0.13
58 13 3 19402 34536 0.13
59 14 3 19403 1908963 0.13
60 15 3 19404 41548 0.13
61 16 3 19405 4084 0.13
62 17 3 19406 655636 0.13
63 18 3 19407 44392 0.13
0 20 3 19408 1795145 0.13
1 21 3 19409 7784 0.13
2 22 3 19410 33717 0.13
3 23 3 19411 2054 0.13
4 24 3 19412 35773 0.13
5 25 3 19413 65086 0.13
6 26 3 19414 1952394 0.13
7 27 3 19415 4962319 0.13
8 28 3 19416 134241 0.13
9 29 3 19417 47118 0.13
10 30 3 19418 214415 0.13
11 31 3 19419 79368 0.13
12 32 3 19420 6233 0.13
13 33 3 19421 27804 0.13
14 34 3 19422 263234 0.13
15 35 3 19423 4500803 0.13
16 36 3 19424 3797379 0.13
17 37 3 19425 4237 0.13
18 38 3 19426 4779920 0.13
19 39 3 19427 55019 0.13
20 40 3 19428 1562012 0.13
21 41 3 19429 33556 0.13
22 42 3 19430 34024 0.13
23 43 3 19431 19424 0.13
24 44 3 19432 2081755 0.13
25 45 3 19433 72765 0.13
26 46 3 19434 23506477 0.13
27 47 3 19435 54900 0.13
28 48 3 19436 7927 0.13
29 49 3 19437 14227 0.13
30 50 3 19438 35374 0.13
31 51 3 19439 46571 0.13
32 52 3 19440 159566 0.13
33 53 3 19441 28503 0.13
34 54 3 19442 549332 0.13
35 55 3 19443 3683092 0.13
36 56 3 19444 21969843 0.13
37 57 3 19445 5831653 0.13
38 58 3 19446 28436 0.13
39 59 3 19447 3249285 0.13
40 60 3 19448 50648 0.13
41 61 3 19449 4874885 0.13
42 62 3 19450 6288177 0.13
43 63 3 19451 2354 0.13
44 0 3 19452 558205 0.13
45 1 3 19453 3861 0.13
46 2 3 19454 5658 0.13
47 3 3 19455 2075398 0.13
48 4 3 19456 1232536 0.13
49 5 3 19457 27467 0.13
50 6 3 19458 1536922 0.13
51 7 3 19459 50079 0.13
52 8 3 19460 125343 0.13
53 9 3 19461 32634 0.13
54 10 3 19462 298565 0.13
55 11 3 19463 48665 0.13
56 12 3 19464 971655 0.13
57 13 3 19465 62595 0.13
58 14 3 19466 3460169 0.13
59 15 3 19467 9796609 0.13
60 16 3 19468 7713 0.13
61 17 3 19469 44781 0.13
62 18 3 19470 343816 0.13
63 19 3 19471 2223 0.13
0 21 3 19472 2471 0.13
1 22 3 19473 2051 0.13
2 23 3 19474 6410 0.13
3 24 3 19475 34571 0.13
4 25 3 19476 900791 0.13
5 26 3 19477 58234 0.13
6 27 3 19478 14038 0.13
7 28 3 19479 18231 0.13
8 29 3 19480 5162606 0.13
9 30 3 19481 43775 0.13
10 31 3 19482 5205755 0.13
11 32 3 19483 23043353 0.13
12 33 3 19484 7436454 0.13
13 34 3 19485 4040446 0.13
14 35 3 19486 25968 0.13
15 36 3 19487 1849440 0.13
16 37 3 19488 6864 0.13
17 38 3 19489 8367490 0.13
18 39 3 19490 4252 0.13
19 40 3 19491 35865 0.13
20 41 3 19492 302005 0.13
21 42 3 19493 2374565 0.13
22 43 3 19494 26991 0.13
23 44 3 19495 14067 0.13
24 45 3 19496 9021 0.13
25 46 3 19497 64006 0.13
26 47 3 19498 8103 0.13
27 48 3 19499 3856846 0.13
28 49 3 19500 1530348 0.13
29 50 3 19501 4633952 0.13
30 51 3 19502 9702590 0.13
31 52 3 19503 53067 0.13
32 53 3 19504 60795 0.13
33 54 3 19505 7789 0.13
34 55 3 19506 79443 0.13
35 56 3 19507 162088 0.13
36 57 3 19508 690151 0.13
37 58 3 19509 14232968 0.13
38 59 3 19510 34382 0.13
39 60 3 19511 1308645 0.13
40 61 3 19512 22583 0.13
41 62 3 19513 26381 0.13
42 63 3 19514 29623 0.13
43 0 3 19515 4795 0.13
44 1 3 19516 128883 0.13
45 2 3 19517 4186169 0.13
46 3 3 19518 675846 0.13
47 4 3 19519 1352682 0.13
48 5 3 19520 20589 0.13
49 6 3 19521 4461 0.13
50 7 3 19522 11176805 0.13
51 8 3 19523 3218 0.13
52 9 3 19524 2065 0.13
53 10 3 19525 21613 0.13
54 11 3 19526 2555343 0.13
55 12 3 19527 17583 0.13
56 13 3 19528 6362 0.13
57 14 3 19529 20866 0.13
58 15 3 19530 183753 0.13
59 16 3 19531 79456 0.13
60 17 3 19532 3753765 0.13
61 18 3 19533 1604879 0.13
62 19 3 19534 32365 0.13
63 20 3 19535 62466 0.13
0 22 3 19536 10799 0.13
1 23 3 19537 74118 0.13
2 24 3 19538 6008947 0.13
3 25 3 19539 21878 0.13
4 26 3 19540 42728 0.13
5 27 3 19541 13376455 0.13
6 28 3 19542 4035763 0.13
7 29 3 19543 76184 0.13
8 30 3 19544 1800210 0.13
9 31 3 19545 17590 0.13
10 32 3 19546 27783 0.13
11 33 3 19547 12839 0.13
12 34 3 19548 31429 0.13
13 35 3 19549 4094941 0.13
14 36 3 19550 587063 0.13
15 37 3 19551 9783 0.13
16 38 3 19552 4285887 0.13
17 39 3 19553 1450259 0.13
18 40 3 19554 24056 0.13
19 41 3 19555 4822941 0.13
20 42 3 19556 17405 0.13
21 43 3 19557 2214 0.13
22 44 3 19558 695084 0.13
23 45 3 19559 62147 0.13
24 46 3 19560 26557 0.13
25 47 3 19561 6923408 0.13
26 48 3 19562 4884 0.13
27 49 3 19563 57263 0.13
28 50 3 19564 10124 0.13
29 51 3 19565 73582 0.13
30 52 3 19566 74906 0.13
31 53 3 19567 2720 0.13
32 54 3 19568 27258 0.13
33 55 3 19569 5846 0.13
34 56 3 19570 588973 0.13
35 57 3 19571 1320016 0.13
36 58 3 19572 55212 0.13
37 59 3 19573 29400 0.13
38 60 3 19574 50621 0.13
39 61 3 19575 189798 0.13
40 62 3 19576 79899 0.13
41 63 3 19577 71603 0.13
42 0 3 19578 57745 0.13
43 1 3 19579 849284 0.13
44 2 3 19580 570758 0.13
45 3 3 19581 9212265 0.13
46 4 3 19582 21957 0.13
47 5 3 19583 2719 0.13
48 6 3 19584 2309 0.13
49 7 3 19585 26617 0.13
50 8 3 19586 3609 0.13
51 9 3 19587 6082 0.13
52 10 3 19588 22646 0.13
53 11 3 19589 361765 0.13
54 12 3 19590 1158233 0.13
55 13 3 19591 48381 0.13
56 14 3 19592 6104 0.13
57 15 3 19593 1339243 0.13
58 16 3 19594 4385830 0.13
59 17 3 19595 26826 0.13
60 18 3 19596 20570 0.13
61 19 3 19597 1857276 0.13
62 20 3 19598 39526 0.13
63 21 3 19599 28799 0.13
0 23 3 19600 193680 0.13
1 24 3 19601 1338822 0.13
2 25 3 19602 5596 0.13
3 26 3 19603 73824 0.13
4 27 3 19604 1004712 0.13
5 28 3 19605 67713 0.13
6 29 3 19606 31064 0.13
7 30 3 19607 5476269 0.13
8 31 3 19608 23861 0.13
9 32 3 19609 33022 0.13
10 33 3 19610 3861 0.13
11 34 3 19611 17468 0.13
12 35 3 19612 4996076 0.13
13 36 3 19613 9346 0.13
14 37 3 19614 2063 0.13
15 38 3 19615 67215 0.13
16 39 3 19616 36810 0.13
17 40 3 19617 15503 0.13
18 41 3 19618 26383 0.13
19 42 3 19619 4388 0.13
20 43 3 19620 833623 0.13
21 44 3 19621 3592690 0.13
22 45 3 19622 189723 0.13
23 46 3 19623 9967252 0.13
24 47 3 19624 171129 0.13
25 48 3 19625 70378 0.13
26 49 3 19626 24751 0.13
27 50 3 19627 6750 0.13
28 51 3 19628 2567793 0.13
29 52 3 19629 143885 0.13
30 53 3 19630 23608734 0.13
31 54 3 19631 3060770 0.13
32 55 3 19632 78908 0.13
33 56 3 19633 13460 0.13
34 57 3 19634 9726 0.13
35 58 3 19635 5573 0.13
36 59 3 19636 30920 0.13
37 60 3 19637 1361864 0.13
38 61 3 19638 62142 0.13
39 62 3 19639 1348150 0.13
40 63 3 19640 23195412 0.13
41 0 3 19641 25733 0.13
42 1 3 19642 69959 0.13
43 2 3 19643 42857 0.13
44 3 3 19644 2067 0.13
45 4 3 19645 40525 0.13
46 5 3 19646 1101571 0.13
47 6 3 19647 4741172 0.13
48 7 3 19648 1745262 0.13
49 8 3 19649 3708684 0.13
50 9 3 19650 5154773 0.13
51 10 3 19651 192703 0.13
52 11 3 19652 7020 0.13
53 12 3 19653 886273 0.13
54 13 3 19654 1282155 0.13
55 14 3 19655 2109 0.13
56 15 3 19656 15758291 0.13
57 16 3 19657 3687965 0.13
58 17 3 19658 674935 0.13
59 18 3 19659 9330 0.13
60 19 3 19660 72576 0.13
61 20 3 19661 24436 0.13
62 21 3 19662 1410124 0.13
63 22 3 19663 12193725 0.13
0 24 3 19664 41883 0.13
1 25 3 19665 1443651 0.13
2 26 3 19666 18768 0.13
3 27 3 19667 8915314 0.13
4 28 3 19668 509870 0.13
5 29 3 19669 9675218 0.13
6 30 3 19670 4314321 0.13
7 31 3 19671 830412 0.13
8 32 3 19672 4976641 0.13
9 33 3 19673 61369 0.13
10 34 3 19674 9164723 0.13
11 35 3 19675 79286 0.13
12 36 3 19676 26530 0.13
13 37 3 19677 832530 0.13
14 38 3 19678 4639847 0.13
15 39 3 19679 48205 0.13
16 40 3 19680 53990 0.13
17 41 3 19681 25962472 0.13
18 42 3 19682 31864 0.13
19 43 3 19683 2381 0.13
20 44 3 19684 77710 0.13
21 45 3 19685 38654 0.13
22 46 3 19686 298939 0.13
23 47 3 19687 57721 0.13
24 48 3 19688 62698 0.13
25 49 3 19689 9868073 0.13
26 50 3 19690 1923405 0.13
27 51 3 19691 28840 0.13
28 52 3 19692 9962135 0.13
29 53 3 19693 72829 0.13
30 54 3 19694 884213 0.13
31 55 3 19695 65304 0.13
32 56 3 19696 10045 0.13
33 57 3 19697 9762247 0.13
34 58 3 19698 390361 0.13
35 59 3 19699 714562 0.13
36 60 3 19700 30729 0.13
37 61 3 19701 28825 0.13
38 62 3 19702 1997850 0.13
39 63 3 19703 2077 0.13
40 0 3 19704 2379 0.13
41 1 3 19705 28301 0.13
42 2 3 19706 188122 0.13
43 3 3 19707 2723 0.13
44 4 3 19708 31164 0.13
45 5 3 19709 56997 0.13
46 6 3 19710 682026 0.13
47 7 3 19711 2003 0.13
48 8 3 19712 25143 0.13
49 9 3 19713 40043 0.13
50 10 3 19714 28326 0.13
51 11 3 19715 3770316 0.13
52 12 3 19716 722607 0.13
53 13 3 19717 1688853 0.13
54 14 3 19718 11007 0.13
55 15 3 19719 5020 0.13
56 16 3 19720 27066 0.13
57 17 3 19721 27276170 0.13
58 18 3 19722 19345 0.13
59 19 3 19723 174671 0.13
60 20 3 19724 4650 0.13
61 21 3 19725 21885 0.13
62 22 3 19726 66887 0.13
63 23 3 19727 40926 0.13
0 25 3 19728 2351272 0.13
1 26 3 19729 496357 0.13
2 27 3 19730 55206 0.13
3 28 3 19731 9779058 0.13
4 29 3 19732 5869 0.13
5 30 3 19733 26126 0.13
6 31 3 19734 30404 0.13
7 32 3 19735 32147 0.13
8 33 3 19736 138127 0.13
9 34 3 19737 831385 0.13
10 35 3 19738 34495 0.13
11 36 3 19739 162572 0.13
12 37 3 19740 866569 0.13
13 38 3 19741 19901 0.13
14 39 3 19742 8855 0.13
15 40 3 19743 121629 0.13
16 41 3 19744 30212 0.13
17 42 3 19745 4991 0.13
18 43 3 19746 142854 0.13
19 44 3 19747 426550 0.13
20 45 3 19748 107138 0.13
21 46 3 19749 45193 0.13
22 47 3 19750 4277644 0.13
23 48 3 19751 58513 0.13
24 49 3 19752 9088 0.13
25 50 3 19753 59669 0.13
26 51 3 19754 32652 0.13
27 52 3 19755 7491415 0.13
28 53 3 19756 1125985 0.13
29 54 3 19757 65779 0.13
30 55 3 19758 56385 0.13
31 56 3 19759 54732 0.13
32 57 3 19760 52367 0.13
33 58 3 19761 2202 0.13
34 59 3 19762 129558 0.13
35 60 3 19763 9106553 0.13
36 61 3 19764 54827 0.13
37 62 3 19765 1558564 0.13
38 63 3 19766 321668 0.13
39 0 3 19767 30477 0.13
40 1 3 19768 24264 0.13
41 2 3 19769 75893 0.13
42 3 3 19770 8181 0.13
43 4 3 19771 102747 0.13
44 5 3 19772 140985 0.13
45 6 3 19773 29334 0.13
46 7 3 19774 1553351 0.13
47 8 3 19775 48531 0.13
48 9 3 19776 50678 0.13
49 10 3 19777 2029 0.13
50 11 3 19778 2224430 0.13
51 12 3 19779 4247326 0.13
52 13 3 19780 63897 0.13
53 14 3 19781 2804 0.13
54 15 3 19782 2828 0.13
55 16 3 19783 2896828 0.13
56 17 3 19784 599039 0.13
57 18 3 19785 36696 0.13
58 19 3 19786 5817 0.13
59 20 3 19787 29057 0.13
60 21 3 19788 68800 0.13
61 22 3 19789 36261 0.13
62 23 3 19790 3260 0.13
63 24 3 19791 1404729 0.13
0 26 3 19792 795303 0.13
1 27 3 19793 1393634 0.13
2 28 3 19794 2711 0.13
3 29 3 19795 20506 0.13
4 30 3 19796 9532 0.13
5 31 3 19797 1404241 0.13
6 32 3 19798 71993 0.13
7 33 3 19799 22354 0.13
8 34 3 19800 805446 0.13
9 35 3 19801 3567670 0.13
10 36 3 19802 30178 0.13
11 37 3 19803 32178 0.13
12 38 3 19804 22772419 0.13
13 39 3 19805 2032 0.13
14 40 3 19806 69605 0.13
15 41 3 19807 902197 0.13
16 42 3 19808 7176 0.13
17 43 3 19809 2000 0.13
18 44 3 19810 230325 0.13
19 45 3 19811 7682 0.13
20 46 3 19812 5780 0.13
21 47 3 19813 20429 0.13
22 48 3 19814 67017 0.13
23 49 3 19815 2981793 0.13
24 50 3 19816 60111 0.13
25 51 3 19817 2895 0.13
26 52 3 19818 7744 0.13
27 53 3 19819 51051 0.13
28 54 3 19820 18464177 0.13
29 55 3 19821 2608128 0.13
30 56 3 19822 3251624 0.13
31 57 3 19823 108661 0.13
32 58 3 19824 2650593 0.13
33 59 3 19825 850563 0.13
34 60 3 19826 3779416 0.13
35 61 3 19827 337268 0.13
36 62 3 19828 57466 0.13
37 63 3 19829 489577 0.13
38 0 3 19830 16961 0.13
39 1 3 19831 2556503 0.13
40 2 3 19832 659722 0.13
41 3 3 19833 14155 0.13
42 4 3 19834 1416647 0.13
43 5 3 19835 108596 0.13
44 6 3 19836 67575 0.13
45 7 3 19837 29003 0.13
46 8 3 19838 740284 0.13
47 9 3 19839 9220815 0.13
48 10 3 19840 71453 0.13
49 11 3 19841 741597 0.13
50 12 3 19842 48237 0.13
51 13 3 19843 981221 0.13
52 14 3 19844 6586 0.13
53 15 3 19845 53899 0.13
54 16 3 19846 55730 0.13
55 17 3 19847 2206 0.13
56 18 3 19848 63172 0.13
57 19 3 19849 138644 0.13
58 20 3 19850 2055 0.13
59 21 3 19851 30552 0.13
60 22 3 19852 560871 0.13
61 23 3 19853 4796629 0.13
62 24 3 19854 359011 0.13
63 25 3 19855 2401 0.13
0 27 3 19856 5504173 0.13
1 28 3 19857 9485466 0.13
2 29 3 19858 65670 0.13
3 30 3 19859 1230652 0.13
4 31 3 19860 27690 0.13
5 32 3 19861 17835790 0.13
6 33 3 19862 41549 0.13
7 34 3 19863 3675187 0.13
8 35 3 19864 73816 0.13
9 36 3 19865 39766 0.13
10 37 3 19866 1062246 0.13
11 38 3 19867 48124 0.13
12 39 3 19868 3393 0.13
13 40 3 19869 647353 0.13
14 41 3 19870 40373 0.13
15 42 3 19871 1192091 0.13
16 43 3 19872 37858 0.13
17 44 3 19873 1151823 0.13
18 45 3 19874 1866968 0.13
19 46 3 19875 27834 0.13
20 47 3 19876 1626075 0.13
21 48 3 19877 30585 0.13
22 49 3 19878 48785 0.13
23 50 3 19879 6154287 0.13
24 51 3 19880 561072 0.13
25 52 3 19881 45304 0.13
26 53 3 19882 66558 0.13
27 54 3 19883 671774 0.13
28 55 3 19884 158923 0.13
29 56 3 19885 6958017 0.13
30 57 3 19886 1753979 0.13
31 58 3 19887 78946 0.13
32 59 3 19888 8353 0.13
33 60 3 19889 34815 0.13
34 61 3 19890 8942471 0.13
35 62 3 19891 39619 0.13
36 63 3 19892 339800 0.13
37 0 3 19893 50870 0.13
38 1 3 19894 2432 0.13
39 2 3 19895 3560935 0.13
40 3 3 19896 11835 0.13
41 4 3 19897 5757 0.13
42 5 3 19898 6497 0.13
43 6 3 19899 7445279 0.13
44 7 3 19900 67633 0.13
45 8 3 19901 1599092 0.13
46 9 3 19902 17552264 0.13
47 10 3 19903 2256664 0.13
48 11 3 19904 1326470 0.13
49 12 3 19905 23661 0.13
50 13 3 19906 4993829 0.13
51 14 3 19907 14799 0.13
52 15 3 19908 4774185 0.13
53 16 3 19909 1558138 0.13
54 17 3 19910 54628 0.13
55 18 3 19911 3505 0.13
56 19 3 19912 295228 0.13
57 20 3 19913 7157 0.13
58 21 3 19914 3404055 0.13
59 22 3 19915 4101 0.13
60 23 3 19916 1633519 0.13
61 24 3 19917 252266 0.13
62 25 3 19918 3220380 0.13
63 26 3 19919 6682203 0.13
0 28 3 19920 34231 0.13
1 29 3 19921 989805 0.13
2 30 3 19922 45525 0.13
3 31 3 19923 22580575 0.13
4 32 3 19924 155050 0.13
5 33 3 19925 19946 0.13
6 34 3 19926 25249 0.13
7 35 3 19927 58657 0.13
8 36 3 19928 28608 0.13
9 37 3 19929 20119 0.13
10 38 3 19930 12417 0.13
11 39 3 19931 2415132 0.13
12 40 3 19932 2260166 0.13
13 41 3 19933 18459 0.13
14 42 3 19934 169327 0.13
15 43 3 19935 432925 0.13
16 44 3 19936 749265 0.13
17 45 3 19937 20353 0.13
18 46 3 19938 2300265 0.13
19 47 3 19939 4798730 0.13
20 48 3 19940 41912 0.13
21 49 3 19941 51852 0.13
22 50 3 19942 108424 0.13
23 51 3 19943 4037 0.13
24 52 3 19944 17060 0.13
25 53 3 19945 1299771 0.13
26 54 3 19946 5784892 0.13
27 55 3 19947 537859 0.13
28 56 3 19948 72194 0.13
29 57 3 19949 2972087 0.13
30 58 3 19950 149205 0.13
31 59 3 19951 67015 0.13
32 60 3 19952 40421 0.13
33 61 3 19953 347830 0.13
34 62 3 19954 129195 0.13
35 63 3 19955 9029 0.13
36 0 3 19956 3700 0.13
37 1 3 19957 56348 0.13
38 2 3 19958 45223 0.13
39 3 3 19959 3960 0.13
40 4 3 19960 4470 0.13
41 5 3 19961 1823873 0.13
42 6 3 19962 29822 0.13
43 7 3 19963 7434 0.13
44 8 3 19964 23057 0.13
45 9 3 19965 211916 0.13
46 10 3 19966 36183 0.13
47 11 3 19967 22402 0.13
48 12 3 19968 7901251 0.13
49 13 3 19969 6590952 0.13
50 14 3 19970 25138 0.13
51 15 3 19971 1032733 0.13
52 16 3 19972 3756 0.13
53 17 3 19973 4144200 0.13
54 18 3 19974 9865344 0.13
55 19 3 19975 4234 0.13
56 20 3 19976 157752 0.13
57 21 3 19977 3595856 0.13
58 22 3 19978 7272074 0.13
59 23 3 19979 73087 0.13
60 24 3 19980 49843 0.13
61 25 3 19981 2965 0.13
62 26 3 19982 980143 0.13
63 27 3 19983 6869 0.13
0 29 3 19984 66379 0.13
1 30 3 19985 6242238 0.13
2 31 3 19986 26305 0.13
3 32 3 19987 2233 0.13
4 33 3 19988 37609 0.13
5 34 3 19989 26088 0.13
6 35 3 19990 36908 0.13
7 36 3 19991 1647359 0.13
8 37 3 19992 9143 0.13
9 38 3 19993 109292 0.13
10 39 3 19994 1338726 0.13
11 40 3 19995 6726733 0.13
12 41 3 19996 706689 0.13
13 42 3 19997 4348105 0.13
14 43 3 19998 23561 0.13
15 44 3 19999 4103 0.13
16 45 3 20000 8428399 0.13
17 46 3 20001 5308847 0.13
18 47 3 20002 1030908 0.13
19 48 3 20003 1655742 0.13
20 49 3 20004 2304 0.13
21 50 3 20005 17370695 0.13
22 51 3 20006 8564841 0.13
23 52 3 20007 196824 0.13
24 53 3 20008 299461 0.13
25 54 3 20009 4641 0.13
26 55 3 20010 116729 0.13
27 56 3 20011 8328619 0.13
28 57 3 20012 27050 0.13
29 58 3 20013 2389 0.13
30 59 3 20014 2308 0.13
31 60 3 20015 74831 0.13
32 61 3 20016 602695 0.13
33 62 3 20017 57272 0.13
34 63 3 20018 30683 0.13
35 0 3 20019 3495005 0.13
36 1 3 20020 10977099 0.13
37 2 3 20021 2119 0.13
38 3 3 20022 2874 0.13
39 4 3 20023 1736132 0.13
40 5 3 20024 2340895 0.13
41 6 3 20025 87175 0.13
42 7 3 20026 3808834 0.13
43 8 3 20027 855529 0.13
44 9 3 20028 1379235 0.13
45 10 3 20029 118564 0.13
46 11 3 20030 2649 0.13
47 12 3 20031 1656815 0.13
48 13 3 20032 963524 0.13
49 14 3 20033 56858 0.13
50 15 3 20034 56192 0.13
51 16 3 20035 9021 0.13
52 17 3 20036 58758 0.13
53 18 3 20037 4914401 0.13
54 19 3 20038 18356371 0.13
55 20 3 20039 43541 0.13
56 21 3 20040 18729 0.13
57 22 3 20041 58428 0.13
58 23 3 20042 3054 0.13
59 24 3 20043 23203 0.13
60 25 3 20044 180487 0.13
61 26 3 20045 22712 0.13
62 27 3 20046 1474756 0.13
63 28 3 20047 4650060 0.13
0 30 3 20048 1931808 0.13
1 31 3 20049 145226 0.13
2 32 3 20050 23959157 0.13
3 33 3 20051 2074 0.13
4 34 3 20052 1198268 0.13
5 35 3 20053 2378656 0.13
6 36 3 20054 4362 0.13
7 37 3 20055 8137 0.13
8 38 3 20056 16118 0.13
9 39 3 20057 2416 0.13
10 40 3 20058 39933 0.13
11 41 3 20059 641671 0.13
12 42 3 20060 24424 0.13
13 43 3 20061 29241 0.13
14 44 3 20062 248990 0.13
15 45 3 20063 68161 0.13
16 46 3 20064 7790 0.13
17 47 3 20065 4376 0.13
18 48 3 20066 25019 0.13
19 49 3 20067 103393 0.13
20 50 3 20068 71906 0.13
21 51 3 20069 1352186 0.13
22 52 3 20070 41391 0.13
23 53 3 20071 6078633 0.13
24 54 3 20072 22028 0.13
25 55 3 20073 1131338 0.13
26 56 3 20074 7959070 0.13
27 57 3 20075 1802084 0.13
28 58 3 20076 29268 0.13
29 59 3 20077 629150 0.13
30 60 3 20078 79271 0.13
31 61 3 20079 26753 0.13
32 62 3 20080 982173 0.13
33 63 3 20081 73872 0.13
34 0 3 20082 2779 0.13
35 1 3 20083 5030384 0.13
36 2 3 20084 1055016 0.13
37 3 3 20085 374974 0.13
38 4 3 20086 27978 0.13
39 5 3 20087 20355 0.13
40 6 3 20088 8970 0.13
41 7 3 20089 13958937 0.13
42 8 3 20090 23053 0.13
43 9 3 20091 1419086 0.13
44 10 3 20092 21076 0.13
45 11 3 20093 44477 0.13
46 12 3 20094 2491391 0.13
47 13 3 20095 9356 0.13
48 14 3 20096 15273133 0.13
49 15 3 20097 986735 0.13
50 16 3 20098 599264 0.13
51 17 3 20099 62406 0.13
52 18 3 20100 7139 0.13
53 19 3 20101 72824 0.13
54 20 3 20102 2283 0.13
55 21 3 20103 27796 0.13
56 22 3 20104 46835 0.13
57 23 3 20105 2815365 0.13
58 24 3 20106 4914 0.13
59 25 3 20107 27909 0.13
60 26 3 20108 277981 0.13
61 27 3 20109 72005 0.13
62 28 3 20110 3883184 0.13
63 29 3 20111 46932 0.13
0 31 3 20112 2425 0.13
1 32 3 20113 20573 0.13
2 33 3 20114 16885 0.13
3 34 3 20115 57173 0.13
4 35 3 20116 2658 0.13
5 36 3 20117 31029 0.13
6 37 3 20118 99798 0.13
7 38 3 20119 39560 0.13
8 39 3 20120 2179 0.13
9 40 3 20121 269914 0.13
10 41 3 20122 4795080 0.13
11 42 3 20123 6621334 0.13
12 43 3 20124 5532113 0.13
13 44 3 20125 2307310 0.13
14 45 3 20126 184500 0.13
15 46 3 20127 1572522 0.13
16 47 3 20128 38188 0.13
17 48 3 20129 2877183 0.13
18 49 3 20130 57863 0.13
19 50 3 20131 56357 0.13
20 51 3 20132 1292261 0.13
21 52 3 20133 1354144 0.13
22 53 3 20134 2998 0.13
23 54 3 20135 6736 0.13
24 55 3 20136 47622 0.13
25 56 3 20137 1212970 0.13
26 57 3 20138 823756 0.13
27 58 3 20139 3755422 0.13
28 59 3 20140 7712576 0.13
29 60 3 20141 64654 0.13
30 61 3 20142 153032 0.13
31 62 3 20143 145662 0.13
32 63 3 20144 77441 0.13
33 0 3 20145 12509 0.13
34 1 3 20146 46258 0.13
35 2 3 20147 1456338 0.13
36 3 3 20148 6761509 0.13
37 4 3 20149 8549 0.13
38 5 3 20150 2075 0.13
39 6 3 20151 1995889 0.13
40 7 3 20152 8640516 0.13
41 8 3 20153 4987 0.13
42 9 3 20154 24993 0.13
43 10 3 20155 101950 0.13
44 11 3 20156 37506 0.13
45 12 3 20157 48920 0.13
46 13 3 20158 324377 0.13
47 14 3 20159 42338 0.13
48 15 3 20160 673839 0.13
49 16 3 20161 1824262 0.13
50 17 3 20162 2307784 0.13
51 18 3 20163 263993 0.13
52 19 3 20164 7944 0.13
53 20 3 20165 145898 0.13
54 21 3 20166 34197 0.13
55 22 3 20167 26451 0.13
56 23 3 20168 15756 0.13
57 24 3 20169 64474 0.13
58 25 3 20170 59209 0.13
59 26 3 20171 65332 0.13
60 27 3 20172 9706106 0.13
61 28 3 20173 68509 0.13
62 29 3 20174 3329759 0.13
63 30 3 20175 21784 0.13
0 32 3 20176 3100 0.13
1 33 3 20177 7773875 0.13
2 34 3 20178 27644 0.13
3 35 3 20179 282628 0.13
4 36 3 20180 32805 0.13
5 37 3 20181 3483 0.13
6 38 3 20182 15960 0.13
7 39 3 20183 1659768 0.13
8 40 3 20184 27614 0.13
9 41 3 20185 4071661 0.13
10 42 3 20186 8177 0.13
11 43 3 20187 442705 0.13
12 44 3 20188 9752 0.13
13 45 3 20189 343594 0.13
14 46 3 20190 2494 0.13
15 47 3 20191 7155 0.13
16 48 3 20192 2346 0.13
17 49 3 20193 875531 0.13
18 50 3 20194 3817108 0.13
19 51 3 20195 165526 0.13
20 52 3 20196 2392 0.13
21 53 3 20197 1173576 0.13
22 54 3 20198 3256 0.13
23 55 3 20199 1145495 0.13
24 56 3 20200 25905 0.13
25 57 3 20201 25744 0.13
26 58 3 20202 827102 0.13
27 59 3 20203 3724709 0.13
28 60 3 20204 40667 0.13
29 61 3 20205 1183192 0.13
30 62 3 20206 204630 0.13
31 63 3 20207 39945 0.13
32 0 3 20208 4423 0.13
33 1 3 20209 60110 0.13
34 2 3 20210 75623 0.13
35 3 3 20211 23697 0.13
36 4 3 20212 35157 0.13
37 5 3 20213 44271 0.13
38 6 3 20214 2680788 0.13
39 7 3 20215 53685 0.13
40 8 3 20216 535096 0.13
41 9 3 20217 4275594 0.13
42 10 3 20218 9446 0.13
43 11 3 20219 35308 0.13
44 12 3 20220 1881644 0.13
45 13 3 20221 36997 0.13
46 14 3 20222 51877 0.13
47 15 3 20223 615825 0.13
48 16 3 20224 66311 0.13
49 17 3 20225 12334133 0.13
50 18 3 20226 375330 0.13
51 19 3 20227 12062 0.13
52 20 3 20228 2428 0.13
53 21 3 20229 7164893 0.13
54 22 3 20230 5848047 0.13
55 23 3 20231 2173 0.13
56 24 3 20232 272305 0.13
57 25 3 20233 2241026 0.13
58 26 3 20234 75568 0.13
59 27 3 20235 1808737 0.13
60 28 3 20236 74965 0.13
61 29 3 20237 168262 0.13
62 30 3 20238 38810 0.13
63 31 3 20239 21486 0.13
0 33 3 20240 2921803 0.13
1 34 3 20241 2267 0.13
2 35 3 20242 1262597 0.13
3 36 3 20243 46217 0.13
4 37 3 20244 28547234 0.13
5 38 3 20245 4491 0.13
6 39 3 20246 4411 0.13
7 40 3 20247 7536990 0.13
8 41 3 20248 22458 0.13
9 42 3 20249 73883 0.13
10 43 3 20250 156181 0.13
11 44 3 20251 111256 0.13
12 45 3 20252 54172 0.13
13 46 3 20253 1330456 0.13
14 47 3 20254 3427852 0.13
15 48 3 20255 79482 0.13
16 49 3 20256 2600 0.13
17 50 3 20257 66691 0.13
18 51 3 20258 78718 0.13
19 52 3 20259 59465 0.13
20 53 3 20260 26918 0.13
21 54 3 20261 3080268 0.13
22 55 3 20262 29306 0.13
23 56 3 20263 24402 0.13
24 57 3 20264 24307 0.13
25 58 3 20265 1676434 0.13
26 59 3 20266 42392 0.13
27 60 3 20267 62881 0.13
28 61 3 20268 1481882 0.13
29 62 3 20269 7233 0.13
30 63 3 20270 24104 0.13
31 0 3 20271 1327983 0.13
32 1 3 20272 4406803 0.13
33 2 3 20273 42376 0.13
34 3 3 20274 40396 0.13
35 4 3 20275 74379 0.13
36 5 3 20276 6045393 0.13
37 6 3 20277 626639 0.13
38 7 3 20278 241748 0.13
39 8 3 20279 61300 0.13
40 9 3 20280 54350 0.13
41 10 3 20281 147443 0.13
42 11 3 20282 2803517 0.13
43 12 3 20283 8022 0.13
44 13 3 20284 93055 0.13
45 14 3 20285 1764482 0.13
46 15 3 20286 51757 0.13
47 16 3 20287 173866 0.13
48 17 3 20288 9051 0.13
49 18 3 20289 26027 0.13
50 19 3 20290 28688 0.13
51 20 3 20291 32768 0.13
52 21 3 20292 4705 0.13
53 22 3 20293 54851 0.13
54 23 3 20294 18831833 0.13
55 24 3 20295 158877 0.13
56 25 3 20296 461038 0.13
57 26 3 20297 1726449 0.13
58 27 3 20298 4996174 0.13
59 28 3 20299 4292170 0.13
60 29 3 20300 2077 0.13
61 30 3 20301 7663 0.13
62 31 3 20302 26337 0.13
63 32 3 20303 122135 0.13
0 34 3 20304 7151797 0.13
1 35 3 20305 1428539 0.13
2 36 3 20306 8111 0.13
3 37 3 20307 2287 0.13
4 38 3 20308 57250 0.13
5 39 3 20309 920372 0.13
6 40 3 20310 23288989 0.13
7 41 3 20311 8590 0.13
8 42 3 20312 4006399 0.13
9 43 3 20313 6330214 0.13
10 44 3 20314 5304313 0.13
11 45 3 20315 40873 0.13
12 46 3 20316 50534 0.13
13 47 3 20317 126184 0.13
14 48 3 20318 1119835 0.13
15 49 3 20319 7522 0.13
16 50 3 20320 4922789 0.13
17 51 3 20321 4950616 0.13
18 52 3 20322 185390 0.13
19 53 3 20323 333036 0.13
20 54 3 20324 26089402 0.13
21 55 3 20325 2436 0.13
22 56 3 20326 1387484 0.13
23 57 3 20327 40991 0.13
24 58 3 20328 61283 0.13
25 59 3 20329 52048 0.13
26 60 3 20330 61481 0.13
27 61 3 20331 3044140 0.13
28 62 3 20332 28929 0.13
29 63 3 20333 67793 0.13
30 0 3 20334 8768 0.13
31 1 3 20335 16690 0.13
32 2 3 20336 1659557 0.13
33 3 3 20337 6167274 0.13
34 4 3 20338 7615817 0.13
35 5 3 20339 4865 0.13
36 6 3 20340 4867975 0.13
37 7 3 20341 188948 0.13
38 8 3 20342 43974 0.13
39 9 3 20343 595238 0.13
40 10 3 20344 45874 0.13
41 11 3 20345 58904 0.13
42 12 3 20346 75077 0.13
43 13 3 20347 179567 0.13
44 14 3 20348 8197721 0.13
45 15 3 20349 5782 0.13
46 16 3 20350 29734 0.13
47 17 3 20351 38223 0.13
48 18 3 20352 138510 0.13
49 19 3 20353 4919048 0.13
50 20 3 20354 165419 0.13
51 21 3 20355 3321962 0.13
52 22 3 20356 56159 0.13
53 23 3 20357 34560 0.13
54 24 3 20358 33715 0.13
55 25 3 20359 15683 0.13
56 26 3 20360 9455 0.13
57 27 3 20361 2419615 0.13
58 28 3 20362 1346257 0.13
59 29 3 20363 22803582 0.13
60 30 3 20364 21068 0.13
61 31 3 20365 77492 0.13
62 32 3 20366 157379 0.13
63 33 3 20367 323819 0.13
0 35 3 20368 5962 0.13
1 36 3 20369 28479 0.13
2 37 3 20370 7484 0.13
3 38 3 20371 27384 0.13
4 39 3 20372 58980 0.13
5 40 3 20373 4560474 0.13
6 41 3 20374 28847 0.13
7 42 3 20375 6263790 0.13
8 43 3 20376 22537049 0.13
9 44 3 20377 1534688 0.13
10 45 3 20378 6751132 0.13
11 46 3 20379 731468 0.13
12 47 3 20380 9280 0.13
13 48 3 20381 20684 0.13
14 49 3 20382 3163699 0.13
15 50 3 20383 1548647 0.13
16 51 3 20384 2198 0.13
17 52 3 20385 5181521 0.13
18 53 3 20386 9275478 0.13
19 54 3 20387 96850 0.13
20 55 3 20388 1989920 0.13
21 56 3 20389 2033 0.13
22 57 3 20390 2975134 0.13
23 58 3 20391 2177 0.13
24 59 3 20392 20314 0.13
25 60 3 20393 7986139 0.13
26 61 3 20394 150568 0.13
27 62 3 20395 1320894 0.13
28 63 3 20396 77898 0.13
29 0 3 20397 2931134 0.13
30 1 3 20398 29494 0.13
31 2 3 20399 6769 0.13
32 3 3 20400 1063221 0.13
33 4 3 20401 3342323 0.13
34 5 3 20402 60247 0.13
35 6 3 20403 57445 0.13
36 7 3 20404 26305 0.13
37 8 3 20405 3935082 0.13
38 9 3 20406 25384833 0.13
39 10 3 20407 1316337 0.13
40 11 3 20408 7317 0.13
41 12 3 20409 40744 0.13
42 13 3 20410 4534 0.13
43 14 3 20411 1933202 0.13
44 15 3 20412 1273615 0.13
45 16 3 20413 35423 0.13
46 17 3 20414 74706 0.13
47 18 3 20415 27610 0.13
48 19 3 20416 444991 0.13
49 20 3 20417 76040 0.13
50 21 3 20418 1770455 0.13
51 22 3 20419 1068098 0.13
52 23 3 20420 32961 0.13
53 24 3 20421 6766427 0.13
54 25 3 20422 57702 0.13
55 26 3 20423 7312000 0.13
56 27 3 20424 1941973 0.13
57 28 3 20425 33505 0.13
58 29 3 20426 3242931 0.13
59 30 3 20427 689043 0.13
60 31 3 20428 4327205 0.13
61 32 3 20429 2308 0.13
62 33 3 20430 475977 0.13
63 34 3 20431 2039 0.13
0 36 3 20432 8949 0.13
1 37 3 20433 45241 0.13
2 38 3 20434 8083026 0.13
3 39 3 20435 786781 0.13
4 40 3 20436 26528 0.13
5 41 3 20437 10286 0.13
6 42 3 20438 2416065 0.13
7 43 3 20439 1335606 0.13
8 44 3 20440 28259 0.13
9 45 3 20441 19714 0.13
10 46 3 20442 4275918 0.13
11 47 3 20443 8630911 0.13
12 48 3 20444 3714703 0.13
13 49 3 20445 1494459 0.13
14 50 3 20446 2015 0.13
15 51 3 20447 3708 0.13
16 52 3 20448 127549 0.13
17 53 3 20449 20854 0.13
18 54 3 20450 15623 0.13
19 55 3 20451 54190 0.13
20 56 3 20452 26307 0.13
21 57 3 20453 46058 0.13
22 58 3 20454 172398 0.13
23 59 3 20455 501717 0.13
24 60 3 20456 69438 0.13
25 61 3 20457 655527 0.13
26 62 3 20458 16012 0.13
27 63 3 20459 30020 0.13
28 0 3 20460 23189 0.13
29 1 3 20461 29211 0.13
30 2 3 20462 69629 0.13
31 3 3 20463 1967461 0.13
32 4 3 20464 48442 0.13
33 5 3 20465 41425 0.13
34 6 3 20466 68682 0.13
35 7 3 20467 5757 0.13
36 8 3 20468 6989 0.13
37 9 3 20469 4426855 0.13
38 10 3 20470 1549611 0.13
39 11 3 20471 28727 0.13
40 12 3 20472 9954438 0.13
41 13 3 20473 35079 0.13
42 14 3 20474 699345 0.13
43 15 3 20475 7265 0.13
44 16 3 20476 64939 0.13
45 17 3 20477 33781 0.13
46 18 3 20478 7082 0.13
47 19 3 20479 975748 0.13
48 20 3 20480 1048188 0.13
49 21 3 20481 1736817 0.13
50 22 3 20482 69324 0.13
51 23 3 20483 2141639 0.13
52 24 3 20484 70578 0.13
53 25 3 20485 52769 0.13
54 26 3 20486 23486 0.13
55 27 3 20487 29093 0.13
56 28 3 20488 74804 0.13
57 29 3 20489 4694318 0.13
58 30 3 20490 1828278 0.13
59 31 3 20491 3256 0.13
60 32 3 20492 1717986 0.13
61 33 3 20493 26160 0.13
62 34 3 20494 33523 0.13
63 35 3 20495 48275 0.13
0 37 3 20496 59681 0.13
1 38 3 20497 49735 0.13
2 39 3 20498 5883480 0.13
3 40 3 20499 26831 0.13
4 41 3 20500 1281868 0.13
5 42 3 20501 37968 0.13
6 43 3 20502 2555737 0.13
7 44 3 20503 31702 0.13
8 45 3 20504 52264 0.13
9 46 3 20505 152866 0.13
10 47 3 20506 13307 0.13
11 48 3 20507 20620 0.13
12 49 3 20508 402292 0.13
13 50 3 20509 8419842 0.13
14 51 3 20510 306431 0.13
15 52 3 20511 35936 0.13
16 53 3 20512 239689 0.13
17 54 3 20513 2099 0.13
18 55 3 20514 1222287 0.13
19 56 3 20515 2072386 0.13
20 57 3 20516 5317 0.13
21 58 3 20517 1047305 0.13
22 59 3 20518 5873468 0.13
23 60 3 20519 1668420 0.13
24 61 3 20520 119247 0.13
25 62 3 20521 639452 0.13
26 63 3 20522 77380 0.13
27 0 3 20523 42419 0.13
28 1 3 20524 19687 0.13
29 2 3 20525 11398 0.13
30 3 3 20526 89769 0.13
31 4 3 20527 3791685 0.13
32 5 3 20528 22933 0.13
33 6 3 20529 2038561 0.13
34 7 3 20530 5760984 0.13
35 8 3 20531 36300 0.13
36 9 3 20532 21561 0.13
37 10 3 20533 1333343 0.13
38 11 3 20534 7858128 0.13
39 12 3 20535 2314 0.13
40 13 3 20536 2100 0.13
41 14 3 20537 7882513 0.13
42 15 3 20538 6201 0.13
43 16 3 20539 49587 0.13
44 17 3 20540 69592 0.13
45 18 3 20541 11389 0.13
46 19 3 20542 30293 0.13
47 20 3 20543 23000 0.13
48 21 3 20544 1724116 0.13
49 22 3 20545 24730 0.13
50 23 3 20546 27245 0.13
51 24 3 20547 7891 0.13
52 25 3 20548 1840536 0.13
53 26 3 20549 642207 0.13
54 27 3 20550 8495 0.13
55 28 3 20551 1405257 0.13
56 29 3 20552 26999 0.13
57 30 3 20553 4944 0.13
58 31 3 20554 4172 0.13
59 32 3 20555 1221128 0.13
60 33 3 20556 1623859 0.13
61 34 3 20557 53549 0.13
62 35 3 20558 2073 0.13
63 36 3 20559 2907545 0.13
0 38 3 20560 238974 0.13
1 39 3 20561 10369 0.13
2 40 3 20562 1358733 0.13
3 41 3 20563 1926200 0.13
4 42 3 20564 18856 0.13
5 43 3 20565 245532 0.13
6 44 3 20566 32437 0.13
7 45 3 20567 34745 0.13
8 46 3 20568 75928 0.13
9 47 3 20569 2145 0.13
10 48 3 20570 27404 0.13
11 49 3 20571 20266 0.13
12 50 3 20572 26426 0.13
13 51 3 20573 648405 0.13
14 52 3 20574 66477 0.13
15 53 3 20575 29123 0.13
16 54 3 20576 5514 0.13
17 55 3 20577 9777594 0.13
18 56 3 20578 133136 0.13
19 57 3 20579 69234 0.13
20 58 3 20580 5547554 0.13
21 59 3 20581 85492 0.13
22 60 3 20582 24461 0.13
23 61 3 20583 2086 0.13
24 62 3 20584 72392 0.13
25 63 3 20585 48729 0.13
26 0 3 20586 44547 0.13
27 1 3 20587 108425 0.13
28 2 3 20588 6664 0.13
29 3 3 20589 22406 0.13
30 4 3 20590 13460396 0.13
31 5 3 20591 49469 0.13
32 6 3 20592 23211 0.13
33 7 3 20593 43964 0.13
34 8 3 20594 136834 0.13
35 9 3 20595 542548 0.13
36 10 3 20596 36487 0.13
37 11 3 20597 2290423 0.13
38 12 3 20598 13878285 0.13
39 13 3 20599 5677 0.13
40 14 3 20600 13851 0.13
41 15 3 20601 3944831 0.13
42 16 3 20602 70725 0.13
43 17 3 20603 24996 0.13
44 18 3 20604 9306 0.13
45 19 3 20605 331907 0.13
46 20 3 20606 66964 0.13
47 21 3 20607 1230324 0.13
48 22 3 20608 142810 0.13
49 23 3 20609 23242 0.13
50 24 3 20610 1674084 0.13
51 25 3 20611 25202 0.13
52 26 3 20612 32290 0.13
53 27 3 20613 37573 0.13
54 28 3 20614 10122 0.13
55 29 3 20615 34288 0.13
56 30 3 20616 140535 0.13
57 31 3 20617 51507 0.13
58 32 3 20618 2027 0.13
59 33 3 20619 923178 0.13
60 34 3 20620 1550379 0.13
61 35 3 20621 1946957 0.13
62 36 3 20622 106723 0.13
63 37 3 20623 32603 0.13
0 39 3 20624 616068 0.13
1 40 3 20625 34367 0.13
2 41 3 20626 1088681 0.13
3 42 3 20627 76407 0.13
4 43 3 20628 3759587 0.13
5 44 3 20629 25170239 0.13
6 45 3 20630 4700 0.13
7 46 3 20631 6403 0.13
8 47 3 20632 994044 0.13
9 48 3 20633 45137 0.13
10 49 3 20634 1568867 0.13
11 50 3 20635 12418 0.13
12 51 3 20636 1481487 0.13
13 52 3 20637 13239 0.13
14 53 3 20638 58677 0.13
15 54 3 20639 11277516 0.13
16 55 3 20640 2354 0.13
17 56 3 20641 55580 0.13
18 57 3 20642 14144 0.13
19 58 3 20643 2094608 0.13
20 59 3 20644 70121 0.13
21 60 3 20645 1489934 0.13
22 61 3 20646 109288 0.13
23 62 3 20647 49881 0.13
24 63 3 20648 29675 0.13
25 0 3 20649 58187 0.13
26 1 3 20650 29422 0.13
27 2 3 20651 6569301 0.13
28 3 3 20652 813465 0.13
29 4 3 20653 78264 0.13
30 5 3 20654 320803 0.13
31 6 3 20655 44326 0.13
32 7 3 20656 601765 0.13
33 8 3 20657 9321 0.13
34 9 3 20658 78442 0.13
35 10 3 20659 20446 0.13
36 11 3 20660 311998 0.13
37 12 3 20661 1144748 0.13
38 13 3 20662 77549 0.13
39 14 3 20663 25123 0.13
40 15 3 20664 64510 0.13
41 16 3 20665 7585892 0.13
42 17 3 20666 6934256 0.13
43 18 3 20667 1201302 0.13
44 19 3 20668 3571885 0.13
45 20 3 20669 8827 0.13
46 21 3 20670 78702 0.13
47 22 3 20671 2882240 0.13
48 23 3 20672 2049 0.13
49 24 3 20673 53762 0.13
50 25 3 20674 10069 0.13
51 26 3 20675 3693 0.13
52 27 3 20676 14650755 0.13
53 28 3 20677 32368 0.13
54 29 3 20678 17534 0.13
55 30 3 20679 952361 0.13
56 31 3 20680 93253 0.13
57 32 3 20681 36207 0.13
58 33 3 20682 3277 0.13
59 34 3 20683 65852 0.13
60 35 3 20684 11290 0.13
61 36 3 20685 40090 0.13
62 37 3 20686 129981 0.13
63 38 3 20687 22602 0.13
0 40 3 20688 430574 0.13
1 41 3 20689 6991392 0.13
2 42 3 20690 27458 0.13
3 43 3 20691 2622632 0.13
4 44 3 20692 4042794 0.13
5 45 3 20693 173374 0.13
6 46 3 20694 31150 0.13
7 47 3 20695 396007 0.13
8 48 3 20696 50754 0.13
9 49 3 20697 25474 0.13
10 50 3 20698 98886 0.13
11 51 3 20699 674940 0.13
12 52 3 20700 4423 0.13
13 53 3 20701 10484 0.13
14 54 3 20702 1306580 0.13
15 55 3 20703 27998 0.13
16 56 3 20704 26293 0.13
17 57 3 20705 6185 0.13
18 58 3 20706 1968844 0.13
19 59 3 20707 178257 0.13
20 60 3 20708 1660543 0.13
21 61 3 20709 36032 0.13
22 62 3 20710 1719786 0.13
23 63 3 20711 186577 0.13
24 0 3 20712 27723 0.13
25 1 3 20713 2218987 0.13
26 2 3 20714 4140097 0.13
27 3 3 20715 747975 0.13
28 4 3 20716 66940 0.13
29 5 3 20717 13619 0.13
30 6 3 20718 1833649 0.13
31 7 3 20719 22724817 0.13
32 8 3 20720 5393 0.13
33 9 3 20721 2100614 0.13
34 10 3 20722 9719 0.13
35 11 3 20723 12963 0.13
36 12 3 20724 4238422 0.13
37 13 3 20725 34667 0.13
38 14 3 20726 4878600 0.13
39 15 3 20727 2653 0.13
40 16 3 20728 75778 0.13
41 17 3 20729 59159 0.13
42 18 3 20730 718737 0.13
43 19 3 20731 35417 0.13
44 20 3 20732 73163 0.13
45 21 3 20733 7383 0.13
46 22 3 20734 131677 0.13
47 23 3 20735 45461 0.13
48 24 3 20736 47105 0.13
49 25 3 20737 67187 0.13
50 26 3 20738 32352 0.13
51 27 3 20739 78150 0.13
52 28 3 20740 81175 0.13
53 29 3 20741 4498568 0.13
54 30 3 20742 3265736 0.13
55 31 3 20743 8954294 0.13
56 32 3 20744 8249280 0.13
57 33 3 20745 3008148 0.13
58 34 3 20746 1113476 0.13
59 35 3 20747 3196283 0.13
60 36 3 20748 132261 0.13
61 37 3 20749 70790 0.13
62 38 3 20750 1889650 0.13
63 39 3 20751 882940 0.13
0 41 3 20752 127837 0.13
1 42 3 20753 58172 0.13
2 43 3 20754 39636 0.13
3 44 3 20755 2170 0.13
4 45 3 20756 43137 0.13
5 46 3 20757 65248 0.13
6 47 3 20758 760312 0.13
7 48 3 20759 1284915 0.13
8 49 3 20760 21377 0.13
9 50 3 20761 131075 0.13
10 51 3 20762 28600075 0.13
11 52 3 20763 7814796 0.13
12 53 3 20764 46491 0.13
13 54 3 20765 15801 0.13
14 55 3 20766 1476284 0.13
15 56 3 20767 2053 0.13
16 57 3 20768 59710 0.13
17 58 3 20769 79077 0.13
18 59 3 20770 2028 0.13
19 60 3 20771 32078 0.13
20 61 3 20772 5587 0.13
21 62 3 20773 43773 0.13
22 63 3 20774 25376 0.13
23 0 3 20775 6540282 0.13
24 1 3 20776 254195 0.13
25 2 3 20777 2280 0.13
26 3 3 20778 27495 0.13
27 4 3 20779 68169 0.13
28 5 3 20780 2418 0.13
29 6 3 20781 963992 0.13
30 7 3 20782 25303 0.13
31 8 3 20783 402163 0.13
32 9 3 20784 10760462 0.13
33 10 3 20785 2699771 0.13
34 11 3 20786 3895559 0.13
35 12 3 20787 6969631 0.13
36 13 3 20788 28154384 0.13
37 14 3 20789 457920 0.13
38 15 3 20790 70838 0.13
39 16 3 20791 66949 0.13
40 17 3 20792 4248104 0.13
41 18 3 20793 1505863 0.13
42 19 3 20794 2222920 0.13
43 20 3 20795 2342 0.13
44 21 3 20796 2217 0.13
45 22 3 20797 4827954 0.13
46 23 3 20798 10638 0.13
47 24 3 20799 1361961 0.13
48 25 3 20800 4127396 0.13
49 26 3 20801 8531 0.13
50 27 3 20802 54516 0.13
51 28 3 20803 3374094 0.13
52 29 3 20804 2923 0.13
53 30 3 20805 499825 0.13
54 31 3 20806 3362 0.13
55 32 3 20807 5823 0.13
56 33 3 20808 104143 0.13
57 34 3 20809 18935618 0.13
58 35 3 20810 18836 0.13
59 36 3 20811 312030 0.13
60 37 3 20812 2083 0.13
61 38 3 20813 3118205 0.13
62 39 3 20814 3446900 0.13
63 40 3 20815 33296 0.13
0 42 3 20816 1093089 0.13
1 43 3 20817 5408910 0.13
2 44 3 20818 177452 0.13
3 45 3 20819 8164355 0.13
4 46 3 20820 76847 0.13
5 47 3 20821 7896082 0.13
6 48 3 20822 50732 0.13
7 49 3 20823 3131500 0.13
8 50 3 20824 757129 0.13
9 51 3 20825 3546 0.13
10 52 3 20826 2751426 0.13
11 53 3 20827 73429 0.13
12 54 3 20828 1289570 0.13
13 55 3 20829 4877 0.13
14 56 3 20830 60015 0.13
15 57 3 20831 27552 0.13
16 58 3 20832 19736 0.13
17 59 3 20833 74338 0.13
18 60 3 20834 14593 0.13
19 61 3 20835 1468284 0.13
20 62 3 20836 3135790 0.13
21 63 3 20837 2016 0.13
22 0 3 20838 27376 0.13
23 1 3 20839 40136 0.13
24 2 3 20840 38290 0.13
25 3 3 20841 145439 0.13
26 4 3 20842 970337 0.13
27 5 3 20843 142038 0.13
28 6 3 20844 64539 0.13
29 7 3 20845 7300 0.13
30 8 3 20846 5339 0.13
31 9 3 20847 1295503 0.13
32 10 3 20848 17131 0.13
33 11 3 20849 184826 0.13
34 12 3 20850 9697542 0.13
35 13 3 20851 1667225 0.13
36 14 3 20852 1887366 0.13
37 15 3 20853 21752 0.13
38 16 3 20854 44905 0.13
39 17 3 20855 4689 0.13
40 18 3 20856 1242767 0.13
41 19 3 20857 24673 0.13
42 20 3 20858 3119249 0.13
43 21 3 20859 538539 0.13
44 22 3 20860 5105657 0.13
45 23 3 20861 18217 0.13
46 24 3 20862 1558325 0.13
47 25 3 20863 8618 0.13
48 26 3 20864 2733 0.13
49 27 3 20865 1059139 0.13
50 28 3 20866 15600 0.13
51 29 3 20867 9234 0.13
52 30 3 20868 33108 0.13
53 31 3 20869 22596 0.13
54 32 3 20870 17649 0.13
55 33 3 20871 4507057 0.13
56 34 3 20872 15422 0.13
57 35 3 20873 29493 0.13
58 36 3 20874 980465 0.13
59 37 3 20875 26454 0.13
60 38 3 20876 70742 0.13
61 39 3 20877 163479 0.13
62 40 3 20878 39771 0.13
63 41 3 20879 534607 0.13
0 43 3 20880 61463 0.13
1 44 3 20881 448211 0.13
2 45 3 20882 2951913 0.13
3 46 3 20883 2323 0.13
4 47 3 20884 3041725 0.13
5 48 3 20885 47136 0.13
6 49 3 20886 93626 0.13
7 50 3 20887 21066 0.13
8 51 3 20888 1021874 0.13
9 52 3 20889 39384 0.13
10 53 3 20890 2327249 0.13
11 54 3 20891 1962714 0.13
12 55 3 20892 20744 0.13
13 56 3 20893 997230 0.13
14 57 3 20894 73945 0.13
15 58 3 20895 2895730 0.13
16 59 3 20896 1942950 0.13
17 60 3 20897 5353 0.13
18 61 3 20898 1734089 0.13
19 62 3 20899 25821 0.13
20 63 3 20900 65620 0.13
21 0 3 20901 2252 0.13
22 1 3 20902 7223 0.13
23 2 3 20903 666657 0.13
24 3 3 20904 17285 0.13
25 4 3 20905 9185 0.13
26 5 3 20906 177407 0.13
27 6 3 20907 44456 0.13
28 7 3 20908 45582 0.13
29 8 3 20909 180098 0.13
30 9 3 20910 2284 0.13
31 10 3 20911 1012882 0.13
32 11 3 20912 435776 0.13
33 12 3 20913 4079873 0.13
34 13 3 20914 2039 0.13
35 14 3 20915 54940 0.13
36 15 3 20916 36942 0.13
37 16 3 20917 583050 0.13
38 17 3 20918 6016 0.13
39 18 3 20919 5939201 0.13
40 19 3 20920 31255 0.13
41 20 3 20921 65424 0.13
42 21 3 20922 17232 0.13
43 22 3 20923 2123 0.13
44 23 3 20924 2276639 0.13
45 24 3 20925 63025 0.13
46 25 3 20926 158797 0.13
47 26 3 20927 58069 0.13
48 27 3 20928 49866 0.13
49 28 3 20929 3022892 0.13
50 29 3 20930 25257 0.13
51 30 3 20931 44642 0.13
52 31 3 20932 37575 0.13
53 32 3 20933 828446 0.13
54 33 3 20934 30034 0.13
55 34 3 20935 10510448 0.13
56 35 3 20936 4322981 0.13
57 36 3 20937 1631729 0.13
58 37 3 20938 5061823 0.13
59 38 3 20939 74683 0.13
60 39 3 20940 54842 0.13
61 40 3 20941 1740724 0.13
62 41 3 20942 8855852 0.13
63 42 3 20943 50173 0.13
0 44 3 20944 2214 0.13
1 45 3 20945 75893 0.13
2 46 3 20946 6596685 0.13
3 47 3 20947 4597857 0.13
4 48 3 20948 9659686 0.13
5 49 3 20949 8060452 0.13
6 50 3 20950 19692 0.13
7 51 3 20951 11618501 0.13
8 52 3 20952 1518500 0.13
9 53 3 20953 8391 0.13
10 54 3 20954 36629 0.13
11 55 3 20955 9279521 0.13
12 56 3 20956 10216751 0.13
13 57 3 20957 31854 0.13
14 58 3 20958 1658231 0.13
15 59 3 20959 2044688 0.13
16 60 3 20960 63549 0.13
17 61 3 20961 13068 0.13
18 62 3 20962 2004 0.13
19 63 3 20963 9799 0.13
20 0 3 20964 4488642 0.13
21 1 3 20965 30256 0.13
22 2 3 20966 4626 0.13
23 3 3 20967 23618 0.13
24 4 3 20968 20332 0.13
25 5 3 20969 5311 0.13
26 6 3 20970 24473 0.13
27 7 3 20971 877708 0.13
28 8 3 20972 3370051 0.13
29 9 3 20973 44851 0.13
30 10 3 20974 67848 0.13
31 11 3 20975 38942 0.13
32 12 3 20976 66338 0.13
33 13 3 20977 894291 0.13
34 14 3 20978 990237 0.13
35 15 3 20979 5916646 0.13
36 16 3 20980 747494 0.13
37 17 3 20981 2940409 0.13
38 18 3 20982 1062241 0.13
39 19 3 20983 1630561 0.13
40 20 3 20984 5707 0.13
41 21 3 20985 8280 0.13
42 22 3 20986 1630442 0.13
43 23 3 20987 8682 0.13
44 24 3 20988 1732604 0.13
45 25 3 20989 4940638 0.13
46 26 3 20990 2593732 0.13
47 27 3 20991 1303721 0.13
48 28 3 20992 55675 0.13
49 29 3 20993 48770 0.13
50 30 3 20994 4015 0.13
51 31 3 20995 70379 0.13
52 32 3 20996 1404291 0.13
53 33 3 20997 176735 0.13
54 34 3 20998 22169 0.13
55 35 3 20999 268178 0.13
56 36 3 21000 1678439 0.13
57 37 3 21001 43826 0.13
58 38 3 21002 37970 0.13
59 39 3 21003 2697144 0.13
60 40 3 21004 284532 0.13
61 41 3 21005 1516844 0.13
62 42 3 21006 6041857 0.13
63 43 3 21007 564618 0.13
0 45 3 21008 9046 0.13
1 46 3 21009 17594 0.13
2 47 3 21010 21123 0.13
3 48 3 21011 58169 0.13
4 49 3 21012 37917 0.13
5 50 3 21013 632359 0.13
6 51 3 21014 55933 0.13
7 52 3 21015 28496 0.13
8 53 3 21016 47363 0.13
9 54 3 21017 2638250 0.13
10 55 3 21018 2297 0.13
11 56 3 21019 9179481 0.13
12 57 3 21020 55016 0.13
13 58 3 21021 12708 0.13
14 59 3 21022 858718 0.13
15 60 3 21023 3026974 0.13
16 61 3 21024 64982 0.13
17 62 3 21025 4784 0.13
18 63 3 21026 888524 0.13
19 0 3 21027 6112 0.13
20 1 3 21028 3873994 0.13
21 2 3 21029 2106507 0.13
22 3 3 21030 2061 0.13
23 4 3 21031 33805 0.13
24 5 3 21032 156598 0.13
25 6 3 21033 46798 0.13
26 7 3 21034 62621 0.13
27 8 3 21035 69878 0.13
28 9 3 21036 9280075 0.13
29 10 3 21037 50393 0.13
30 11 3 21038 1713596 0.13
31 12 3 21039 30590 0.13
32 13 3 21040 25864 0.13
33 14 3 21041 472937 0.13
34 15 3 21042 229088 0.13
35 16 3 21043 2072551 0.13
36 17 3 21044 61600 0.13
37 18 3 21045 44565 0.13
38 19 3 21046 66972 0.13
39 20 3 21047 37012 0.13
40 21 3 21048 88612 0.13
41 22 3 21049 42972 0.13
42 23 3 21050 1854947 0.13
43 24 3 21051 17156338 0.13
44 25 3 21052 82934 0.13
45 26 3 21053 46694 0.13
46 27 3 21054 797751 0.13
47 28 3 21055 10077 0.13
48 29 3 21056 37423 0.13
49 30 3 21057 7441219 0.13
50 31 3 21058 183119 0.13
51 32 3 21059 19522 0.13
52 33 3 21060 2385053 0.13
53 34 3 21061 1276287 0.13
54 35 3 21062 62689 0.13
55 36 3 21063 2480 0.13
56 37 3 21064 28171 0.13
57 38 3 21065 7724 0.13
58 39 3 21066 70681 0.13
59 40 3 21067 43420 0.13
60 41 3 21068 4674978 0.13
61 42 3 21069 891101 0.13
62 43 3 21070 25232 0.13
63 44 3 21071 37492 0.13
0 46 3 21072 29614 0.13
1 47 3 21073 2575080 0.13
2 48 3 21074 101854 0.13
3 49 3 21075 15745 0.13
4 50 3 21076 41377 0.13
5 51 3 21077 2087 0.13
6 52 3 21078 34926 0.13
7 53 3 21079 487861 0.13
8 54 3 21080 192763 0.13
9 55 3 21081 41448 0.13
10 56 3 21082 2321 0.13
11 57 3 21083 1386803 0.13
12 58 3 21084 24862 0.13
13 59 3 21085 4883 0.13
14 60 3 21086 5620 0.13
15 61 3 21087 1267874 0.13
16 62 3 21088 463360 0.13
17 63 3 21089 57177 0.13
18 0 3 21090 27469 0.13
19 1 3 21091 11235183 0.13
20 2 3 21092 911935 0.13
21 3 3 21093 24410 0.13
22 4 3 21094 2767142 0.13
23 5 3 21095 3047537 0.13
24 6 3 21096 1326877 0.13
25 7 3 21097 78513 0.13
26 8 3 21098 63481 0.13
27 9 3 21099 4357 0.13
28 10 3 21100 44559 0.13
29 11 3 21101 9740 0.13
30 12 3 21102 14562221 0.13
31 13 3 21103 502515 0.13
32 14 3 21104 4461106 0.13
33 15 3 21105 46382 0.13
34 16 3 21106 16844324 0.13
35 17 3 21107 4513 0.13
36 18 3 21108 6960039 0.13
37 19 3 21109 1492669 0.13
38 20 3 21110 55199 0.13
39 21 3 21111 2131 0.13
40 22 3 21112 8597062 0.13
41 23 3 21113 25685 0.13
42 24 3 21114 623163 0.13
43 25 3 21115 4487760 0.13
44 26 3 21116 3105599 0.13
45 27 3 21117 57715 0.13
46 28 3 21118 7314 0.13
47 29 3 21119 18328 0.13
48 30 3 21120 26097 0.13
49 31 3 21121 30640 0.13
50 32 3 21122 76316 0.13
51 33 3 21123 3627309 0.13
52 34 3 21124 24375 0.13
53 35 3 21125 1989540 0.13
54 36 3 21126 44847 0.13
55 37 3 21127 66827 0.13
56 38 3 21128 1607190 0.13
57 39 3 21129 58525 0.13
58 40 3 21130 1468697 0.13
59 41 3 21131 1783089 0.13
60 42 3 21132 27685 0.13
61 43 3 21133 771517 0.13
62 44 3 21134 236980 0.13
63 45 3 21135 5696172 0.13
0 47 3 21136 825665 0.13
1 48 3 21137 27267 0.13
2 49 3 21138 51657 0.13
3 50 3 21139 2093 0.13
4 51 3 21140 53305 0.13
5 52 3 21141 8381 0.13
6 53 3 21142 26705 0.13
7 54 3 21143 198421 0.13
8 55 3 21144 13931748 0.13
9 56 3 21145 33631 0.13
10 57 3 21146 22132 0.13
11 58 3 21147 2090 0.13
12 59 3 21148 34921 0.13
13 60 3 21149 3460 0.13
14 61 3 21150 28783 0.13
15 62 3 21151 1120336 0.13
16 63 3 21152 2809249 0.13
17 0 3 21153 179281 0.13
18 1 3 21154 478181 0.13
19 2 3 21155 35750 0.13
20 3 3 21156 47807 0.13
21 4 3 21157 7133763 0.13
22 5 3 21158 2062 0.13
23 6 3 21159 38119 0.13
24 7 3 21160 39273 0.13
25 8 3 21161 60242 0.13
26 9 3 21162 64295 0.13
27 10 3 21163 1425711 0.13
28 11 3 21164 21063 0.13
29 12 3 21165 981802 0.13
30 13 3 21166 783887 0.13
31 14 3 21167 25569 0.13
32 15 3 21168 2263 0.13
33 16 3 21169 3568750 0.13
34 17 3 21170 9837400 0.13
35 18 3 21171 451072 0.13
36 19 3 21172 133701 0.13
37 20 3 21173 39059 0.13
38 21 3 21174 20755 0.13
39 22 3 21175 19912403 0.13
40 23 3 21176 43838 0.13
41 24 3 21177 29182 0.13
42 25 3 21178 33067 0.13
43 26 3 21179 796010 0.13
44 27 3 21180 2227 0.13
45 28 3 21181 398901 0.13
46 29 3 21182 13346 0.13
47 30 3 21183 40325 0.13
48 31 3 21184 57276 0.13
49 32 3 21185 27217226 0.13
50 33 3 21186 2145 0.13
51 34 3 21187 12238045 0.13
52 35 3 21188 125324 0.13
53 36 3 21189 70943 0.13
54 37 3 21190 23471 0.13
55 38 3 21191 6512591 0.13
56 39 3 21192 8535 0.13
57 40 3 21193 256973 0.13
58 41 3 21194 3490045 0.13
59 42 3 21195 5788 0.13
60 43 3 21196 21830 0.13
61 44 3 21197 24753937 0.13
62 45 3 21198 149848 0.13
63 46 3 21199 15724 0.13
0 48 3 21200 11823 0.13
1 49 3 21201 1775246 0.13
2 50 3 21202 1344607 0.13
3 51 3 21203 50257 0.13
4 52 3 21204 51965 0.13
5 53 3 21205 1512809 0.13
6 54 3 21206 54195 0.13
7 55 3 21207 198711 0.13
8 56 3 21208 33880 0.13
9 57 3 21209 42634 0.13
10 58 3 21210 6451 0.13
11 59 3 21211 4542735 0.13
12 60 3 21212 9302814 0.13
13 61 3 21213 1617531 0.13
14 62 3 21214 33555 0.13
15 63 3 21215 89646 0.13
16 0 3 21216 48434 0.13
17 1 3 21217 3771697 0.13
18 2 3 21218 71884 0.13
19 3 3 21219 64749 0.13
20 4 3 21220 2784153 0.13
21 5 3 21221 61412 0.13
22 6 3 21222 6707896 0.13
23 7 3 21223 15525 0.13
24 8 3 21224 28840 0.13
25 9 3 21225 84569 0.13
26 10 3 21226 36810 0.13
27 11 3 21227 64774 0.13
28 12 3 21228 14454 0.13
29 13 3 21229 5520063 0.13
30 14 3 21230 46670 0.13
31 15 3 21231 624833 0.13
32 16 3 21232 12831594 0.13
33 17 3 21233 52375 0.13
34 18 3 21234 491335 0.13
35 19 3 21235 351007 0.13
36 20 3 21236 9085 0.13
37 21 3 21237 359362 0.13
38 22 3 21238 29273255 0.13
39 23 3 21239 199259 0.13
40 24 3 21240 1321479 0.13
41 25 3 21241 8249215 0.13
42 26 3 21242 35004 0.13
43 27 3 21243 24994 0.13
44 28 3 21244 147381 0.13
45 29 3 21245 66595 0.13
46 30 3 21246 5367 0.13
47 31 3 21247 44059 0.13
48 32 3 21248 1429653 0.13
49 33 3 21249 4505374 0.13
50 34 3 21250 632928 0.13
51 35 3 21251 117812 0.13
52 36 3 21252 3903148 0.13
53 37 3 21253 3509270 0.13
54 38 3 21254 12275 0.13
55 39 3 21255 43812 0.13
56 40 3 21256 4239505 0.13
57 41 3 21257 15042 0.13
58 42 3 21258 7652920 0.13
59 43 3 21259 6527548 0.13
60 44 3 21260 34544 0.13
61 45 3 21261 29298 0.13
62 46 3 21262 4833369 0.13
63 47 3 21263 20700 0.13
0 49 3 21264 64118 0.13
1 50 3 21265 24504 0.13
2 51 3 21266 225991 0.13
3 52 3 21267 23142218 0.13
4 53 3 21268 1967535 0.13
5 54 3 21269 11870191 0.13
6 55 3 21270 73126 0.13
7 56 3 21271 6892 0.13
8 57 3 21272 232054 0.13
9 58 3 21273 36251 0.13
10 59 3 21274 6439701 0.13
11 60 3 21275 11853 0.13
12 61 3 21276 64356 0.13
13 62 3 21277 9462430 0.13
14 63 3 21278 2034 0.13
15 0 3 21279 2264 0.13
16 1 3 21280 814979 0.13
17 2 3 21281 4011881 0.13
18 3 3 21282 27023033 0.13
19 4 3 21283 3865069 0.13
20 5 3 21284 3925 0.13
21 6 3 21285 53943 0.13
22 7 3 21286 26002 0.13
23 8 3 21287 1159765 0.13
24 9 3 21288 7678 0.13
25 10 3 21289 1765965 0.13
26 11 3 21290 576714 0.13
27 12 3 21291 87149 0.13
28 13 3 21292 2149 0.13
29 14 3 21293 68647 0.13
30 15 3 21294 1260317 0.13
31 16 3 21295 29296 0.13
32 17 3 21296 49679 0.13
33 18 3 21297 2669472 0.13
34 19 3 21298 1687615 0.13
35 20 3 21299 42674 0.13
36 21 3 21300 1166246 0.13
37 22 3 21301 75744 0.13
38 23 3 21302 597038 0.13
39 24 3 21303 56597 0.13
40 25 3 21304 7924 0.13
41 26 3 21305 9678 0.13
42 27 3 21306 26249 0.13
43 28 3 21307 2756857 0.13
44 29 3 21308 1535778 0.13
45 30 3 21309 6942 0.13
46 31 3 21310 13790 0.13
47 32 3 21311 52975 0.13
48 33 3 21312 37966 0.13
49 34 3 21313 5926756 0.13
50 35 3 21314 1955530 0.13
51 36 3 21315 21008 0.13
52 37 3 21316 5798 0.13
53 38 3 21317 536284 0.13
54 39 3 21318 4184 0.13
55 40 3 21319 4975859 0.13
56 41 3 21320 71133 0.13
57 42 3 21321 24472 0.13
58 43 3 21322 25999 0.13
59 44 3 21323 29529 0.13
60 45 3 21324 60308 0.13
61 46 3 21325 1873739 0.13
62 47 3 21326 996493 0.13
63 48 3 21327 145539 0.13
0 50 3 21328 190448 0.13
1 51 3 21329 1613227 0.13
2 52 3 21330 9841 0.13
3 53 3 21331 28843 0.13
4 54 3 21332 22102 0.13
5 55 3 21333 44170 0.13
6 56 3 21334 42544 0.13
7 57 3 21335 29121 0.13
8 58 3 21336 8199422 0.13
9 59 3 21337 11660 0.13
10 60 3 21338 471156 0.13
11 61 3 21339 67373 0.13
12 62 3 21340 59199 0.13
13 63 3 21341 29487 0.13
14 0 3 21342 1437331 0.13
15 1 3 21343 960660 0.13
16 2 3 21344 9722 0.13
17 3 3 21345 29233 0.13
18 4 3 21346 46845 0.13
19 5 3 21347 494098 0.13
20 6 3 21348 2206 0.13
21 7 3 21349 21166 0.13
22 8 3 21350 30591 0.13
23 9 3 21351 172973 0.13
24 10 3 21352 25942 0.13
25 11 3 21353 1211393 0.13
26 12 3 21354 1454572 0.13
27 13 3 21355 27411680 0.13
28 14 3 21356 51348 0.13
29 15 3 21357 347679 0.13
30 16 3 21358 14082 0.13
31 17 3 21359 38842 0.13
32 18 3 21360 11175 0.13
33 19 3 21361 3578314 0.13
34 20 3 21362 32859 0.13
35 21 3 21363 44872 0.13
36 22 3 21364 3962260 0.13
37 23 3 21365 69672 0.13
38 24 3 21366 13824 0.13
39 25 3 21367 78900 0.13
40 26 3 21368 15077 0.13
41 27 3 21369 4914008 0.13
42 28 3 21370 2071 0.13
43 29 3 21371 8353446 0.13
44 30 3 21372 38473 0.13
45 31 3 21373 31861 0.13
46 32 3 21374 22430 0.13
47 33 3 21375 27831 0.13
48 34 3 21376 1780143 0.13
49 35 3 21377 1892742 0.13
50 36 3 21378 599973 0.13
51 37 3 21379 41300 0.13
52 38 3 21380 63689 0.13
53 39 3 21381 5907321 0.13
54 40 3 21382 5450144 0.13
55 41 3 21383 3199314 0.13
56 42 3 21384 3372378 0.13
57 43 3 21385 1830874 0.13
58 44 3 21386 78642 0.13
59 45 3 21387 22837 0.13
60 46 3 21388 20252 0.13
61 47 3 21389 713952 0.13
62 48 3 21390 49698 0.13
63 49 3 21391 5918 0.13
0 51 3 21392 35903 0.13
1 52 3 21393 3703 0.13
2 53 3 21394 119916 0.13
3 54 3 21395 88149 0.13
4 55 3 21396 1412578 0.13
5 56 3 21397 4178468 0.13
6 57 3 21398 10291479 0.13
7 58 3 21399 2918 0.13
8 59 3 21400 142917 0.13
9 60 3 21401 24797 0.13
10 61 3 21402 25607 0.13
11 62 3 21403 1394357 0.13
12 63 3 21404 917592 0.13
13 0 3 21405 606457 0.13
14 1 3 21406 24508 0.13
15 2 3 21407 917099 0.13
16 3 3 21408 62938 0.13
17 4 3 21409 2369 0.13
18 5 3 21410 273101 0.13
19 6 3 21411 117672 0.13
20 7 3 21412 5395 0.13
21 8 3 21413 18002 0.13
22 9 3 21414 2920771 0.13
23 10 3 21415 3456 0.13
24 11 3 21416 5223827 0.13
25 12 3 21417 78282 0.13
26 13 3 21418 3260 0.13
27 14 3 21419 22758 0.13
28 15 3 21420 175446 0.13
29 16 3 21421 167892 0.13
30 17 3 21422 64831 0.13
31 18 3 21423 91886 0.13
32 19 3 21424 1814125 0.13
33 20 3 21425 33771 0.13
34 21 3 21426 471245 0.13
35 22 3 21427 19285 0.13
36 23 3 21428 7312 0.13
37 24 3 21429 4837 0.13
38 25 3 21430 19479 0.13
39 26 3 21431 101203 0.13
40 27 3 21432 21499 0.13
41 28 3 21433 70130 0.13
42 29 3 21434 147421 0.13
43 30 3 21435 168651 0.13
44 31 3 21436 3834173 0.13
45 32 3 21437 6921 0.13
46 33 3 21438 4595524 0.13
47 34 3 21439 1773958 0.13
48 35 3 21440 18959 0.13
49 36 3 21441 2172975 0.13
50 37 3 21442 315306 0.13
51 38 3 21443 62981 0.13
52 39 3 21444 2002 0.13
53 40 3 21445 1545602 0.13
54 41 3 21446 210833 0.13
55 42 3 21447 71370 0.13
56 43 3 21448 15306 0.13
57 44 3 21449 74759 0.13
58 45 3 21450 76353 0.13
59 46 3 21451 8673978 0.13
60 47 3 21452 29963 0.13
61 48 3 21453 4017829 0.13
62 49 3 21454 24902 0.13
63 50 3 21455 27528 0.13
0 52 3 21456 133595 0.13
1 53 3 21457 31760 0.13
2 54 3 21458 59240 0.13
3 55 3 21459 14819331 0.13
4 56 3 21460 8264072 0.13
5 57 3 21461 70210 0.13
6 58 3 21462 33841 0.13
7 59 3 21463 12902926 0.13
8 60 3 21464 66270 0.13
9 61 3 21465 12626 0.13
10 62 3 21466 3589 0.13
11 63 3 21467 57388 0.13
12 0 3 21468 30928 0.13
13 1 3 21469 6806809 0.13
14 2 3 21470 59968 0.13
15 3 3 21471 503063 0.13
16 4 3 21472 94725 0.13
17 5 3 21473 16531 0.13
18 6 3 21474 1787917 0.13
19 7 3 21475 1628526 0.13
20 8 3 21476 21321 0.13
21 9 3 21477 73487 0.13
22 10 3 21478 34003 0.13
23 11 3 21479 80684 0.13
24 12 3 21480 6233 0.13
25 13 3 21481 30012 0.13
26 14 3 21482 276213 0.13
27 15 3 21483 150300 0.13
28 16 3 21484 10919 0.13
29 17 3 21485 11277 0.13
30 18 3 21486 1663973 0.13
31 19 3 21487 1858111 0.13
32 20 3 21488 3570718 0.13
33 21 3 21489 280985 0.13
34 22 3 21490 11426 0.13
35 23 3 21491 9050498 0.13
36 24 3 21492 17436272 0.13
37 25 3 21493 627925 0.13
38 26 3 21494 1887486 0.13
39 27 3 21495 1797549 0.13
40 28 3 21496 26938 0.13
41 29 3 21497 7345967 0.13
42 30 3 21498 66611 0.13
43 31 3 21499 3687126 0.13
44 32 3 21500 30723 0.13
45 33 3 21501 9598 0.13
46 34 3 21502 36744 0.13
47 35 3 21503 40786 0.13
48 36 3 21504 1452139 0.13
49 37 3 21505 61471 0.13
50 38 3 21506 55837 0.13
51 39 3 21507 48708 0.13
52 40 3 21508 53951 0.13
53 41 3 21509 1622227 0.13
54 42 3 21510 50941 0.13
55 43 3 21511 9905710 0.13
56 44 3 21512 40722 0.13
57 45 3 21513 2161122 0.13
58 46 3 21514 13323839 0.13
59 47 3 21515 1670485 0.13
60 48 3 21516 2097 0.13
61 49 3 21517 1043389 0.13
62 50 3 21518 20860 0.13
63 51 3 21519 1166726 0.13
0 53 3 21520 29479 0.13
1 54 3 21521 44695 0.13
2 55 3 21522 34369 0.13
3 56 3 21523 1909199 0.13
4 57 3 21524 35137 0.13
5 58 3 21525 131381 0.13
6 59 3 21526 19890 0.13
7 60 3 21527 21497 0.13
8 61 3 21528 73756 0.13
9 62 3 21529 3692103 0.13
10 63 3 21530 6546 0.13
11 0 3 21531 24313 0.13
12 1 3 21532 35096 0.13
13 2 3 21533 68388 0.13
14 3 3 21534 1212639 0.13
15 4 3 21535 66124 0.13
16 5 3 21536 10755448 0.13
17 6 3 21537 2446 0.13
18 7 3 21538 675345 0.13
19 8 3 21539 902407 0.13
20 9 3 21540 5634810 0.13
21 10 3 21541 70086 0.13
22 11 3 21542 28014 0.13
23 12 3 21543 253638 0.13
24 13 3 21544 45003 0.13
25 14 3 21545 6115 0.13
26 15 3 21546 517029 0.13
27 16 3 21547 27604 0.13
28 17 3 21548 43889 0.13
29 18 3 21549 6686149 0.13
30 19 3 21550 6882 0.13
31 20 3 21551 8742 0.13
32 21 3 21552 1498262 0.13
33 22 3 21553 34909 0.13
34 23 3 21554 1752429 0.13
35 24 3 21555 53179 0.13
36 25 3 21556 10354 0.13
37 26 3 21557 10083 0.13
38 27 3 21558 29885 0.13
39 28 3 21559 19998 0.13
40 29 3 21560 5160 0.13
41 30 3 21561 24522 0.13
42 31 3 21562 153256 0.13
43 32 3 21563 1627871 0.13
44 33 3 21564 26071 0.13
45 34 3 21565 81761 0.13
46 35 3 21566 29141 0.13
47 36 3 21567 2124 0.13
48 37 3 21568 1721007 0.13
49 38 3 21569 3760 0.13
50 39 3 21570 1859007 0.13
51 40 3 21571 1114026 0.13
52 41 3 21572 32792 0.13
53 42 3 21573 3602999 0.13
54 43 3 21574 5364535 0.13
55 44 3 21575 60578 0.13
56 45 3 21576 4537556 0.13
57 46 3 21577 16828 0.13
58 47 3 21578 65767 0.13
59 48 3 21579 64031 0.13
60 49 3 21580 36602 0.13
61 50 3 21581 821350 0.13
62 51 3 21582 1040603 0.13
63 52 3 21583 25535 0.13
0 54 3 21584 1476502 0.13
1 55 3 21585 2141 0.13
2 56 3 21586 7535 0.13
3 57 3 21587 52487 0.13
4 58 3 21588 49261 0.13
5 59 3 21589 69928 0.13
6 60 3 21590 2473 0.13
7 61 3 21591 79630 0.13
8 62 3 21592 5927300 0.13
9 63 3 21593 75906 0.13
10 0 3 21594 2081 0.13
11 1 3 21595 58586 0.13
12 2 3 21596 2261 0.13
13 3 3 21597 74048 0.13
14 4 3 21598 1982782 0.13
15 5 3 21599 1901375 0.13
16 6 3 21600 71232 0.13
17 7 3 21601 156826 0.13
18 8 3 21602 474990 0.13
19 9 3 21603 1344338 0.13
20 10 3 21604 140525 0.13
21 11 3 21605 12818357 0.13
22 12 3 21606 1805882 0.13
23 13 3 21607 83021 0.13
24 14 3 21608 1985909 0.13
25 15 3 21609 3388980 0.13
26 16 3 21610 5141 0.13
27 17 3 21611 6606920 0.13
28 18 3 21612 280251 0.13
29 19 3 21613 25299817 0.13
30 20 3 21614 1519073 0.13
31 21 3 21615 1671152 0.13
32 22 3 21616 57141 0.13
33 23 3 21617 27686 0.13
34 24 3 21618 61835 0.13
35 25 3 21619 4416217 0.13
36 26 3 21620 1389365 0.13
37 27 3 21621 603549 0.13
38 28 3 21622 4111 0.13
39 29 3 21623 582718 0.13
40 30 3 21624 37961 0.13
41 31 3 21625 79472 0.13
42 32 3 21626 940689 0.13
43 33 3 21627 2606255 0.13
44 34 3 21628 57476 0.13
45 35 3 21629 2119 0.13
46 36 3 21630 156693 0.13
47 37 3 21631 2031 0.13
48 38 3 21632 2846679 0.13
49 39 3 21633 2094 0.13
50 40 3 21634 22522 0.13
51 41 3 21635 56265 0.13
52 42 3 21636 25885 0.13
53 43 3 21637 22288 0.13
54 44 3 21638 796306 0.13
55 45 3 21639 35323 0.13
56 46 3 21640 63327 0.13
57 47 3 21641 723214 0.13
58 48 3 21642 1699278 0.13
59 49 3 21643 156180 0.13
60 50 3 21644 40929 0.13
61 51 3 21645 4409352 0.13
62 52 3 21646 4017293 0.13
63 53 3 21647 10520 0.13
0 55 3 21648 1729920 0.13
1 56 3 21649 20614 0.13
2 57 3 21650 16317 0.13
3 58 3 21651 2182 0.13
4 59 3 21652 215371 0.13
5 60 3 21653 3340949 0.13
6 61 3 21654 1794632 0.13
7 62 3 21655 97273 0.13
8 63 3 21656 8904328 0.13
9 0 3 21657 35492 0.13
10 1 3 21658 33067 0.13
11 2 3 21659 23010 0.13
12 3 3 21660 20880 0.13
13 4 3 21661 30585 0.13
14 5 3 21662 55603 0.13
15 6 3 21663 27107 0.13
16 7 3 21664 7593019 0.13
17 8 3 21665 21723 0.13
18 9 3 21666 41068 0.13
19 10 3 21667 8984 0.13
20 11 3 21668 4966388 0.13
21 12 3 21669 59147 0.13
22 13 3 21670 3024717 0.13
23 14 3 21671 45022 0.13
24 15 3 21672 60142 0.13
25 16 3 21673 1439423 0.13
26 17 3 21674 1399127 0.13
27 18 3 21675 46083 0.13
28 19 3 21676 60802 0.13
29 20 3 21677 49835 0.13
30 21 3 21678 20563 0.13
31 22 3 21679 46100 0.13
32 23 3 21680 2434982 0.13
33 24 3 21681 5499 0.13
34 25 3 21682 15019 0.13
35 26 3 21683 5948800 0.13
36 27 3 21684 1245183 0.13
37 28 3 21685 7736 0.13
38 29 3 21686 1566063 0.13
39 30 3 21687 7628 0.13
40 31 3 21688 70563 0.13
41 32 3 21689 238787 0.13
42 33 3 21690 1496825 0.13
43 34 3 21691 33375 0.13
44 35 3 21692 18196 0.13
45 36 3 21693 20101402 0.13
46 37 3 21694 1997912 0.13
47 38 3 21695 41971 0.13
48 39 3 21696 25528 0.13
49 40 3 21697 6959 0.13
50 41 3 21698 63143 0.13
51 42 3 21699 2036 0.13
52 43 3 21700 2102350 0.13
53 44 3 21701 50071 0.13
54 45 3 21702 3724792 0.13
55 46 3 21703 40936 0.13
56 47 3 21704 8266555 0.13
57 48 3 21705 3096039 0.13
58 49 3 21706 57880 0.13
59 50 3 21707 3434244 0.13
60 51 3 21708 30138 0.13
61 52 3 21709 29804376 0.13
62 53 3 21710 4911 0.13
63 54 3 21711 548655 0.13
0 56 3 21712 47937 0.13
1 57 3 21713 66468 0.13
2 58 3 21714 8664938 0.13
3 59 3 21715 27471 0.13
4 60 3 21716 578876 0.13
5 61 3 21717 34654 0.13
6 62 3 21718 9258 0.13
7 63 3 21719 24899 0.13
8 0 3 21720 139278 0.13
9 1 3 21721 8235 0.13
10 2 3 21722 11151 0.13
11 3 3 21723 960561 0.13
12 4 3 21724 1622878 0.13
13 5 3 21725 3282 0.13
14 6 3 21726 2071408 0.13
15 7 3 21727 3990351 0.13
16 8 3 21728 687617 0.13
17 9 3 21729 44340 0.13
18 10 3 21730 53433 0.13
19 11 3 21731 11496 0.13
20 12 3 21732 14483 0.13
21 13 3 21733 7592256 0.13
22 14 3 21734 9664299 0.13
23 15 3 21735 1419666 0.13
24 16 3 21736 2309590 0.13
25 17 3 21737 16322 0.13
26 18 3 21738 4372322 0.13
27 19 3 21739 6751 0.13
28 20 3 21740 12474 0.13
29 21 3 21741 72512 0.13
30 22 3 21742 31212 0.13
31 23 3 21743 402499 0.13
32 24 3 21744 5641489 0.13
33 25 3 21745 26518 0.13
34 26 3 21746 34214 0.13
35 27 3 21747 1832688 0.13
36 28 3 21748 36316 0.13
37 29 3 21749 4664613 0.13
38 30 3 21750 2289 0.13
39 31 3 21751 4160845 0.13
40 32 3 21752 5969780 0.13
41 33 3 21753 2453 0.13
42 34 3 21754 45407 0.13
43 35 3 21755 197441 0.13
44 36 3 21756 78893 0.13
45 37 3 21757 11634 0.13
46 38 3 21758 2074 0.13
47 39 3 21759 4915660 0.13
48 40 3 21760 5448 0.13
49 41 3 21761 22127672 0.13
50 42 3 21762 6992 0.13
51 43 3 21763 67466 0.13
52 44 3 21764 18912524 0.13
53 45 3 21765 3684212 0.13
54 46 3 21766 91532 0.13
55 47 3 21767 8752 0.13
56 48 3 21768 226168 0.13
57 49 3 21769 494841 0.13
58 50 3 21770 32286 0.13
59 51 3 21771 66035 0.13
60 52 3 21772 5205925 0.13
61 53 3 21773 8255 0.13
62 54 3 21774 650994 0.13
63 55 3 21775 43116 0.13
0 57 3 21776 308876 0.13
1 58 3 21777 1163152 0.13
2 59 3 21778 67951 0.13
3 60 3 21779 1487189 0.13
4 61 3 21780 3559054 0.13
5 62 3 21781 19257 0.13
6 63 3 21782 21931 0.13
7 0 3 21783 8384 0.13
8 1 3 21784 8020652 0.13
9 2 3 21785 22555 0.13
10 3 3 21786 4753 0.13
11 4 3 21787 5635 0.13
12 5 3 21788 50885 0.13
13 6 3 21789 4607537 0.13
14 7 3 21790 6418 0.13
15 8 3 21791 22622 0.13
16 9 3 21792 16925 0.13
17 10 3 21793 674954 0.13
18 11 3 21794 35725 0.13
19 12 3 21795 12637829 0.13
20 13 3 21796 746850 0.13
21 14 3 21797 77673 0.13
22 15 3 21798 160857 0.13
23 16 3 21799 4507485 0.13
24 17 3 21800 1598936 0.13
25 18 3 21801 8536 0.13
26 19 3 21802 55081 0.13
27 20 3 21803 689614 0.13
28 21 3 21804 164631 0.13
29 22 3 21805 7473172 0.13
30 23 3 21806 2289 0.13
31 24 3 21807 5429609 0.13
32 25 3 21808 47006 0.13
33 26 3 21809 2473 0.13
34 27 3 21810 19579 0.13
35 28 3 21811 16434 0.13
36 29 3 21812 9436 0.13
37 30 3 21813 2288 0.13
38 31 3 21814 1947722 0.13
39 32 3 21815 12377 0.13
40 33 3 21816 34506 0.13
41 34 3 21817 152148 0.13
42 35 3 21818 69348 0.13
43 36 3 21819 38780 0.13
44 37 3 21820 429703 0.13
45 38 3 21821 2509684 0.13
46 39 3 21822 160916 0.13
47 40 3 21823 62024 0.13
48 41 3 21824 21483 0.13
49 42 3 21825 370500 0.13
50 43 3 21826 107221 0.13
51 44 3 21827 7425 0.13
52 45 3 21828 27930 0.13
53 46 3 21829 1685110 0.13
54 47 3 21830 6706116 0.13
55 48 3 21831 37450 0.13
56 49 3 21832 4775805 0.13
57 50 3 21833 25528 0.13
58 51 3 21834 2209654 0.13
59 52 3 21835 70158 0.13
60 53 3 21836 112401 0.13
61 54 3 21837 705984 0.13
62 55 3 21838 744101 0.13
63 56 3 21839 38475 0.13
0 58 3 21840 77478 0.13
1 59 3 21841 3418 0.13
2 60 3 21842 43084 0.13
3 61 3 21843 538341 0.13
4 62 3 21844 9625253 0.13
5 63 3 21845 8098 0.13
6 0 3 21846 22712 0.13
7 1 3 21847 63253 0.13
8 2 3 21848 6890 0.13
9 3 3 21849 115082 0.13
10 4 3 21850 29571 0.13
11 5 3 21851 4199202 0.13
12 6 3 21852 31406 0.13
13 7 3 21853 58345 0.13
14 8 3 21854 19541132 0.13
15 9 3 21855 4807 0.13
16 10 3 21856 4009024 0.13
17 11 3 21857 74167 0.13
18 12 3 21858 49511 0.13
19 13 3 21859 7946408 0.13
20 14 3 21860 29029862 0.13
21 15 3 21861 18975 0.13
22 16 3 21862 3200384 0.13
23 17 3 21863 22185 0.13
24 18 3 21864 2083 0.13
25 19 3 21865 1334123 0.13
26 20 3 21866 40787 0.13
27 21 3 21867 207490 0.13
28 22 3 21868 10354 0.13
29 23 3 21869 3797785 0.13
30 24 3 21870 78856 0.13
31 25 3 21871 2007799 0.13
32 26 3 21872 42531 0.13
33 27 3 21873 23042 0.13
34 28 3 21874 8368821 0.13
35 29 3 21875 81491 0.13
36 30 3 21876 44894 0.13
37 31 3 21877 6011 0.13
38 32 3 21878 13127 0.13
39 33 3 21879 474500 0.13
40 34 3 21880 345474 0.13
41 35 3 21881 3297163 0.13
42 36 3 21882 1511041 0.13
43 37 3 21883 10410 0.13
44 38 3 21884 8013713 0.13
45 39 3 21885 277324 0.13
46 40 3 21886 3748855 0.13
47 41 3 21887 27842 0.13
48 42 3 21888 9218340 0.13
49 43 3 21889 8492793 0.13
50 44 3 21890 29649 0.13
51 45 3 21891 5068329 0.13
52 46 3 21892 11339243 0.13
53 47 3 21893 4812334 0.13
54 48 3 21894 65693 0.13
55 49 3 21895 8889 0.13
56 50 3 21896 7724523 0.13
57 51 3 21897 2001 0.13
58 52 3 21898 25132 0.13
59 53 3 21899 124155 0.13
60 54 3 21900 32321 0.13
61 55 3 21901 6646582 0.13
62 56 3 21902 304938 0.13
63 57 3 21903 9233982 0.13
0 59 3 21904 3145 0.13
1 60 3 21905 52394 0.13
2 61 3 21906 9503 0.13
3 62 3 21907 2673237 0.13
4 63 3 21908 1645929 0.13
5 0 3 21909 2209648 0.13
6 1 3 21910 8636472 0.13
7 2 3 21911 24246 0.13
8 3 3 21912 1863128 0.13
9 4 3 21913 568676 0.13
10 5 3 21914 48199 0.13
11 6 3 21915 18674 0.13
12 7 3 21916 3029870 0.13
13 8 3 21917 3937 0.13
14 9 3 21918 9525524 0.13
15 10 3 21919 27621 0.13
16 11 3 21920 4779155 0.13
17 12 3 21921 7877 0.13
18 13 3 21922 1396549 0.13
19 14 3 21923 8167221 0.13
20 15 3 21924 10369 0.13
21 16 3 21925 60011 0.13
22 17 3 21926 777904 0.13
23 18 3 21927 1605845 0.13
24 19 3 21928 2053 0.13
25 20 3 21929 7383 0.13
26 21 3 21930 32232 0.13
27 22 3 21931 6208 0.13
28 23 3 21932 428365 0.13
29 24 3 21933 66409 0.13
30 25 3 21934 683371 0.13
31 26 3 21935 29882 0.13
32 27 3 21936 7989 0.13
33 28 3 21937 1429117 0.13
34 29 3 21938 62546 0.13
35 30 3 21939 3928 0.13
36 31 3 21940 15995306 0.13
37 32 3 21941 5750440 0.13
38 33 3 21942 38275 0.13
39 34 3 21943 27210 0.13
40 35 3 21944 21972938 0.13
41 36 3 21945 46300 0.13
42 37 3 21946 4733502 0.13
43 38 3 21947 7027 0.13
44 39 3 21948 65352 0.13
45 40 3 21949 174248 0.13
46 41 3 21950 4287269 0.13
47 42 3 21951 931495 0.13
48 43 3 21952 1944556 0.13
49 44 3 21953 1584595 0.13
50 45 3 21954 22463 0.13
51 46 3 21955 6244 0.13
52 47 3 21956 28403537 0.13
53 48 3 21957 226528 0.13
54 49 3 21958 198366 0.13
55 50 3 21959 42509 0.13
56 51 3 21960 4080838 0.13
57 52 3 21961 719284 0.13
58 53 3 21962 3101273 0.13
59 54 3 21963 9517458 0.13
60 55 3 21964 55001 0.13
61 56 3 21965 504479 0.13
62 57 3 21966 3955017 0.13
63 58 3 21967 28020 0.13
0 60 3 21968 1240523 0.13
1 61 3 21969 27586 0.13
2 62 3 21970 25167 0.13
3 63 3 21971 74882 0.13
4 0 3 21972 54533 0.13
5 1 3 21973 3088887 0.13
6 2 3 21974 18724407 0.13
7 3 3 21975 4816 0.13
8 4 3 21976 6090 0.13
9 5 3 21977 2179744 0.13
10 6 3 21978 24274 0.13
11 7 3 21979 71917 0.13
12 8 3 21980 184716 0.13
13 9 3 21981 725027 0.13
14 10 3 21982 6317 0.13
15 11 3 21983 1809219 0.13
16 12 3 21984 1085290 0.13
17 13 3 21985 132578 0.13
18 14 3 21986 3122360 0.13
19 15 3 21987 45164 0.13
20 16 3 21988 77453 0.13
21 17 3 21989 6803078 0.13
22 18 3 21990 46517 0.13
23 19 3 21991 213298 0.13
24 20 3 21992 183445 0.13
25 21 3 21993 1935999 0.13
26 22 3 21994 8862248 0.13
27 23 3 21995 158215 0.13
28 24 3 21996 7397 0.13
29 25 3 21997 1640306 0.13
30 26 3 21998 42140 0.13
31 27 3 21999 780875 0.13
32 28 3 22000 5270686 0.13
33 29 3 22001 55037 0.13
34 30 3 22002 48749 0.13
35 31 3 22003 1443097 0.13
36 32 3 22004 39460 0.13
37 33 3 22005 1881363 0.13
38 34 3 22006 3566991 0.13
39 35 3 22007 154305 0.13
40 36 3 22008 78330 0.13
41 37 3 22009 7871214 0.13
42 38 3 22010 2394820 0.13
43 39 3 22011 424946 0.13
44 40 3 22012 1776307 0.13
45 41 3 22013 752546 0.13
46 42 3 22014 2175 0.13
47 43 3 22015 143308 0.13
48 44 3 22016 2155 0.13
49 45 3 22017 8282125 0.13
50 46 3 22018 5916 0.13
51 47 3 22019 6476406 0.13
52 48 3 22020 2056857 0.13
53 49 3 22021 1290573 0.13
54 50 3 22022 3482902 0.13
55 51 3 22023 25351 0.13
56 52 3 22024 2551052 0.13
57 53 3 22025 38809 0.13
58 54 3 22026 12386375 0.13
59 55 3 22027 24870 0.13
60 56 3 22028 60616 0.13
61 57 3 22029 2470 0.13
62 58 3 22030 63431 0.13
63 59 3 22031 23983793 0.13
0 61 3 22032 26317 0.13
1 62 3 22033 1936410 0.13
2 63 3 22034 20938 0.13
3 0 3 22035 1708089 0.13
4 1 3 22036 109618 0.13
5 2 3 22037 34376 0.13
6 3 3 22038 50304 0.13
7 4 3 22039 39707 0.13
8 5 3 22040 2464083 0.13
9 6 3 22041 3341595 0.13
10 7 3 22042 3699390 0.13
11 8 3 22043 36752 0.13
12 9 3 22044 331221 0.13
13 10 3 22045 1398593 0.13
14 11 3 22046 3087069 0.13
15 12 3 22047 22757 0.13
16 13 3 22048 2860493 0.13
17 14 3 22049 6103 0.13
18 15 3 22050 1219406 0.13
19 16 3 22051 515613 0.13
20 17 3 22052 32584 0.13
21 18 3 22053 72429 0.13
22 19 3 22054 17238 0.13
23 20 3 22055 46539 0.13
24 21 3 22056 26468 0.13
25 22 3 22057 1073960 0.13
26 23 3 22058 40118 0.13
27 24 3 22059 2176924 0.13
28 25 3 22060 4873406 0.13
29 26 3 22061 1547708 0.13
30 27 3 22062 9236309 0.13
31 28 3 22063 34551 0.13
32 29 3 22064 6918 0.13
33 30 3 22065 168880 0.13
34 31 3 22066 5630737 0.13
35 32 3 22067 1002283 0.13
36 33 3 22068 132260 0.13
37 34 3 22069 1567705 0.13
38 35 3 22070 94150 0.13
39 36 3 22071 49594 0.13
40 37 3 22072 965088 0.13
41 38 3 22073 19723 0.13
42 39 3 22074 5337 0.13
43 40 3 22075 196518 0.13
44 41 3 22076 4307991 0.13
45 42 3 22077 51070 0.13
46 43 3 22078 26337 0.13
47 44 3 22079 1158881 0.13
48 45 3 22080 84847 0.13
49 46 3 22081 49351 0.13
50 47 3 22082 6518451 0.13
51 48 3 22083 6290 0.13
52 49 3 22084 9005354 0.13
53 50 3 22085 2437192 0.13
54 51 3 22086 4623533 0.13
55 52 3 22087 29391 0.13
56 53 3 22088 148754 0.13
57 54 3 22089 4754 0.13
58 55 3 22090 29625927 0.13
59 56 3 22091 59816 0.13
60 57 3 22092 2376 0.13
61 58 3 22093 110835 0.13
62 59 3 22094 740170 0.13
63 60 3 22095 27378 0.13
0 62 3 22096 71806 0.13
1 63 3 22097 2997438 0.13
2 0 3 22098 18841529 0.13
3 1 3 22099 24535 0.13
4 2 3 22100 22583 0.13
5 3 3 22101 583160 0.13
6 4 3 22102 21596 0.13
7 5 3 22103 2062 0.13
8 6 3 22104 24368 0.13
9 7 3 22105 2110 0.13
10 8 3 22106 297764 0.13
11 9 3 22107 3137921 0.13
12 10 3 22108 53352 0.13
13 11 3 22109 116387 0.13
14 12 3 22110 145289 0.13
15 13 3 22111 52843 0.13
16 14 3 22112 3437143 0.13
17 15 3 22113 167249 0.13
18 16 3 22114 418040 0.13
19 17 3 22115 4658124 0.13
20 18 3 22116 16087388 0.13
21 19 3 22117 1467927 0.13
22 20 3 22118 1067459 0.13
23 21 3 22119 17944127 0.13
24 22 3 22120 2102782 0.13
25 23 3 22121 26355 0.13
26 24 3 22122 44045 0.13
27 25 3 22123 5003775 0.13
28 26 3 22124 7637297 0.13
29 27 3 22125 34030 0.13
30 28 3 22126 41414 0.13
31 29 3 22127 9149363 0.13
32 30 3 22128 8759 0.13
33 31 3 22129 3798340 0.13
34 32 3 22130 20837195 0.13
35 33 3 22131 24689 0.13
36 34 3 22132 94186 0.13
37 35 3 22133 8301 0.13
38 36 3 22134 17340683 0.13
39 37 3 22135 1842186 0.13
40 38 3 22136 74797 0.13
41 39 3 22137 67477 0.13
42 40 3 22138 32696 0.13
43 41 3 22139 2217607 0.13
44 42 3 22140 232732 0.13
45 43 3 22141 1201062 0.13
46 44 3 22142 1175645 0.13
47 45 3 22143 559727 0.13
48 46 3 22144 121267 0.13
49 47 3 22145 20051389 0.13
50 48 3 22146 65066 0.13
51 49 3 22147 155872 0.13
52 50 3 22148 2724 0.13
53 51 3 22149 350447 0.13
54 52 3 22150 72415 0.13
55 53 3 22151 58350 0.13
56 54 3 22152 8797429 0.13
57 55 3 22153 14268 0.13
58 56 3 22154 131357 0.13
59 57 3 22155 129707 0.13
60 58 3 22156 3028 0.13
61 59 3 22157 39520 0.13
62 60 3 22158 4027314 0.13
63 61 3 22159 9830 0.13
0 63 3 22160 856056 0.13
1 0 3 22161 3578 0.13
2 1 3 22162 1188687 0.13
3 2 3 22163 148149 0.13
4 3 3 22164 8382223 0.13
5 4 3 22165 1277605 0.13
6 5 3 22166 1136121 0.13
7 6 3 22167 70956 0.13
8 7 3 22168 1042178 0.13
9 8 3 22169 8053439 0.13
10 9 3 22170 20804396 0.13
11 10 3 22171 21520 0.13
12 11 3 22172 62025 0.13
13 12 3 22173 94392 0.13
14 13 3 22174 797340 0.13
15 14 3 22175 36106 0.13
16 15 3 22176 148326 0.13
17 16 3 22177 4279060 0.13
18 17 3 22178 8304841 0.13
19 18 3 22179 9538 0.13
20 19 3 22180 96478 0.13
21 20 3 22181 850573 0.13
22 21 3 22182 32891 0.13
23 22 3 22183 2033 0.13
24 23 3 22184 276755 0.13
25 24 3 22185 1121137 0.13
26 25 3 22186 41669 0.13
27 26 3 22187 7574 0.13
28 27 3 22188 14902566 0.13
29 28 3 22189 310803 0.13
30 29 3 22190 79947 0.13
31 30 3 22191 1303803 0.13
32 31 3 22192 1325563 0.13
33 32 3 22193 24879 0.13
34 33 3 22194 212203 0.13
35 34 3 22195 1588210 0.13
36 35 3 22196 15868 0.13
37 36 3 22197 16247 0.13
38 37 3 22198 595256 0.13
39 38 3 22199 71917 0.13
40 39 3 22200 7560 0.13
41 40 3 22201 5237 0.13
42 41 3 22202 8296224 0.13
43 42 3 22203 155433 0.13
44 43 3 22204 8502135 0.13
45 44 3 22205 47490 0.13
46 45 3 22206 51747 0.13
47 46 3 22207 971320 0.13
48 47 3 22208 9080 0.13
49 48 3 22209 38659 0.13
50 49 3 22210 5710 0.13
51 50 3 22211 41031 0.13
52 51 3 22212 1072629 0.13
53 52 3 22213 4371935 0.13
54 53 3 22214 73003 0.13
55 54 3 22215 16913 0.13
56 55 3 22216 50329 0.13
57 56 3 22217 22664 0.13
58 57 3 22218 20424015 0.13
59 58 3 22219 464058 0.13
60 59 3 22220 37944 0.13
61 60 3 22221 1518153 0.13
62 61 3 22222 78584 0.13
63 62 3 22223 2105 0.13
0 1 3 22224 249275 0.13
1 2 3 22225 18006748 0.13
2 3 3 22226 3140 0.13
3 4 3 22227 44629 0.13
4 5 3 22228 13702 0.13
5 6 3 22229 9542839 0.13
6 7 3 22230 79797 0.13
7 8 3 22231 2023 0.13
8 9 3 22232 46950 0.13
9 10 3 22233 2202 0.13
10 11 3 22234 5367503 0.13
11 12 3 22235 137196 0.13
12 13 3 22236 3780758 0.13
13 14 3 22237 8979407 0.13
14 15 3 22238 17696 0.13
15 16 3 22239 366979 0.13
16 17 3 22240 16357 0.13
17 18 3 22241 21837 0.13
18 19 3 22242 39049 0.13
19 20 3 22243 4162912 0.13
20 21 3 22244 5901044 0.13
21 22 3 22245 199517 0.13
22 23 3 22246 155402 0.13
23 24 3 22247 4743102 0.13
24 25 3 22248 1063675 0.13
25 26 3 22249 4390158 0.13
26 27 3 22250 15498 0.13
27 28 3 22251 9907 0.13
28 29 3 22252 2569863 0.13
29 30 3 22253 2237 0.13
30 31 3 22254 2350 0.13
31 32 3 22255 93011 0.13
32 33 3 22256 9145097 0.13
33 34 3 22257 7907429 0.13
34 35 3 22258 2216145 0.13
35 36 3 22259 32333 0.13
36 37 3 22260 29143 0.13
37 38 3 22261 39810 0.13
38 39 3 22262 16083 0.13
39 40 3 22263 77343 0.13
40 41 3 22264 5016471 0.13
41 42 3 22265 72534 0.13
42 43 3 22266 228026 0.13
43 44 3 22267 28227937 0.13
44 45 3 22268 6428510 0.13
45 46 3 22269 7701304 0.13
46 47 3 22270 7043319 0.13
47 48 3 22271 110823 0.13
48 49 3 22272 47769 0.13
49 50 3 22273 61062 0.13
50 51 3 22274 7310 0.13
51 52 3 22275 121934 0.13
52 53 3 22276 37668 0.13
53 54 3 22277 43138 0.13
54 55 3 22278 23945 0.13
55 56 3 22279 2527565 0.13
56 57 3 22280 17668 0.13
57 58 3 22281 50988 0.13
58 59 3 22282 41664 0.13
59 60 3 22283 6186464 0.13
60 61 3 22284 6508903 0.13
61 62 3 22285 2327220 0.13
62 63 3 22286 5690575 0.13
63 0 3 22287 1076374 0.13
0 1 3 22288 3171866 0.13
1 2 3 22289 5914 0.13
2 3 3 22290 77656 0.13
3 4 3 22291 708100 0.13
4 5 3 22292 34110 0.13
5 6 3 22293 79385 0.13
6 7 3 22294 157291 0.13
7 8 3 22295 83301 0.13
8 9 3 22296 48836 0.13
9 10 3 22297 108081 0.13
10 11 3 22298 20093 0.13
11 12 3 22299 34063 0.13
12 13 3 22300 61054 0.13
13 14 3 22301 19608 0.13
14 15 3 22302 8160520 0.13
15 16 3 22303 56073 0.13
16 17 3 22304 58108 0.13
17 18 3 22305 4767 0.13
18 19 3 22306 2151 0.13
19 20 3 22307 6345 0.13
20 21 3 22308 133576 0.13
21 22 3 22309 277305 0.13
22 23 3 22310 31179 0.13
23 24 3 22311 24858239 0.13
24 25 3 22312 1707407 0.13
25 26 3 22313 1708427 0.13
26 27 3 22314 991213 0.13
27 28 3 22315 79434 0.13
28 29 3 22316 2388 0.13
29 30 3 22317 8341418 0.13
30 31 3 22318 31423 0.13
31 32 3 22319 178519 0.13
32 33 3 22320 5019738 0.13
33 34 3 22321 101920 0.13
34 35 3 22322 527459 0.13
35 36 3 22323 1392570 0.13
36 37 3 22324 87357 0.13
37 38 3 22325 2462 0.13
38 39 3 22326 30589 0.13
39 40 3 22327 17647 0.13
40 41 3 22328 9584793 0.13
41 42 3 22329 2670 0.13
42 43 3 22330 2761827 0.13
43 44 3 22331 4211156 0.13
44 45 3 22332 1385400 0.13
45 46 3 22333 78611 0.13
46 47 3 22334 15658 0.13
47 48 3 22335 44164 0.13
48 49 3 22336 993464 0.13
49 50 3 22337 5761578 0.13
50 51 3 22338 5905 0.13
51 52 3 22339 8568878 0.13
52 53 3 22340 4770682 0.13
53 54 3 22341 1124105 0.13
54 55 3 22342 4107 0.13
55 56 3 22343 20360 0.13
56 57 3 22344 20673 0.13
57 58 3 22345 523369 0.13
58 59 3 22346 2077 0.13
59 60 3 22347 6577595 0.13
60 61 3 22348 20602 0.13
61 62 3 22349 915116 0.13
62 63 3 22350 6736588 0.13
63 0 3 22351 2023 0.13
0 2 3 22352 24038 0.13
1 3 3 22353 2409132 0.13
2 4 3 22354 2939121 0.13
3 5 3 22355 19601309 0.13
4 6 3 22356 21390329 0.13
5 7 3 22357 2797166 0.13
6 8 3 22358 44356 0.13
7 9 3 22359 3133619 0.13
8 10 3 22360 2430 0.13
9 11 3 22361 9333 0.13
10 12 3 22362 24617 0.13
11 13 3 22363 748262 0.13
12 14 3 22364 4458343 0.13
13 15 3 22365 55270 0.13
14 16 3 22366 149496 0.13
15 17 3 22367 3912301 0.13
16 18 3 22368 409523 0.13
17 19 3 22369 20487 0.13
18 20 3 22370 4360431 0.13
19 21 3 22371 1366335 0.13
20 22 3 22372 27261 0.13
21 23 3 22373 922250 0.13
22 24 3 22374 53666 0.13
23 25 3 22375 53147 0.13
24 26 3 22376 27808 0.13
25 27 3 22377 5076843 0.13
26 28 3 22378 2501739 0.13
27 29 3 22379 70357 0.13
28 30 3 22380 201037 0.13
29 31 3 22381 412296 0.13
30 32 3 22382 49093 0.13
31 33 3 22383 968014 0.13
32 34 3 22384 61337 0.13
33 35 3 22385 703704 0.13
34 36 3 22386 22297 0.13
35 37 3 22387 500776 0.13
36 38 3 22388 7222 0.13
37 39 3 22389 5158367 0.13
38 40 3 22390 70431 0.13
39 41 3 22391 16671 0.13
40 42 3 22392 35475 0.13
41 43 3 22393 8107366 0.13
42 44 3 22394 25649 0.13
43 45 3 22395 847244 0.13
44 46 3 22396 7187094 0.13
45 47 3 22397 49640 0.13
46 48 3 22398 90731 0.13
47 49 3 22399 28470 0.13
48 50 3 22400 148757 0.13
49 51 3 22401 6679 0.13
50 52 3 22402 7552 0.13
51 53 3 22403 2686324 0.13
52 54 3 22404 4520796 0.13
53 55 3 22405 8586362 0.13
54 56 3 22406 122428 0.13
55 57 3 22407 72607 0.13
56 58 3 22408 8169 0.13
57 59 3 22409 27038975 0.13
58 60 3 22410 65913 0.13
59 61 3 22411 6747 0.13
60 62 3 22412 22864 0.13
61 63 3 22413 2992842 0.13
62 0 3 22414 16895 0.13
63 1 3 22415 1625414 0.13
0 3 3 22416 2192273 0.13
1 4 3 22417 24175 0.13
2 5 3 22418 322566 0.13
3 6 3 22419 58794 0.13
4 7 3 22420 9420 0.13
5 8 3 22421 194859 0.13
6 9 3 22422 2380 0.13
7 10 3 22423 7401113 0.13
8 11 3 22424 1667901 0.13
9 12 3 22425 17793 0.13
10 13 3 22426 21043 0.13
11 14 3 22427 33584 0.13
12 15 3 22428 146516 0.13
13 16 3 22429 8470672 0.13
14 17 3 22430 38269 0.13
15 18 3 22431 8601028 0.13
16 19 3 22432 6559983 0.13
17 20 3 22433 40023 0.13
18 21 3 22434 20064 0.13
19 22 3 22435 553081 0.13
20 23 3 22436 48262 0.13
21 24 3 22437 10619 0.13
22 25 3 22438 29180 0.13
23 26 3 22439 3455 0.13
24 27 3 22440 16792 0.13
25 28 3 22441 18867 0.13
26 29 3 22442 664097 0.13
27 30 3 22443 58970 0.13
28 31 3 22444 4140119 0.13
29 32 3 22445 3856 0.13
30 33 3 22446 24577 0.13
31 34 3 22447 79666 0.13
32 35 3 22448 126033 0.13
33 36 3 22449 9469 0.13
34 37 3 22450 9584038 0.13
35 38 3 22451 2969 0.13
36 39 3 22452 878102 0.13
37 40 3 22453 52290 0.13
38 41 3 22454 87326 0.13
39 42 3 22455 348689 0.13
40 43 3 22456 13983 0.13
41 44 3 22457 7342897 0.13
42 45 3 22458 44074 0.13
43 46 3 22459 9478 0.13
44 47 3 22460 6303 0.13
45 48 3 22461 23366 0.13
46 49 3 22462 46242 0.13
47 50 3 22463 136077 0.13
48 51 3 22464 2411181 0.13
49 52 3 22465 1686954 0.13
50 53 3 22466 7571 0.13
51 54 3 22467 22451 0.13
52 55 3 22468 426292 0.13
53 56 3 22469 137666 0.13
54 57 3 22470 4174 0.13
55 58 3 22471 590901 0.13
56 59 3 22472 5772246 0.13
57 60 3 22473 7657924 0.13
58 61 3 22474 558321 0.13
59 62 3 22475 28246 0.13
60 63 3 22476 328392 0.13
61 0 3 22477 61462 0.13
62 1 3 22478 1480694 0.13
63 2 3 22479 863049 0.13
0 4 3 22480 300868 0.13
1 5 3 22481 39029 0.13
2 6 3 22482 21984986 0.13
3 7 3 22483 62688 0.13
4 8 3 22484 6387608 0.13
5 9 3 22485 10627 0.13
6 10 3 22486 91065 0.13
7 11 3 22487 42027 0.13
8 12 3 22488 9552 0.13
9 13 3 22489 496745 0.13
10 14 3 22490 14870 0.13
11 15 3 22491 9812143 0.13
12 16 3 22492 29426987 0.13
13 17 3 22493 4458124 0.13
14 18 3 22494 43615 0.13
15 19 3 22495 2112 0.13
16 20 3 22496 2163514 0.13
17 21 3 22497 9518 0.13
18 22 3 22498 63830 0.13
19 23 3 22499 1106858 0.13
20 24 3 22500 99711 0.13
21 25 3 22501 22698 0.13
22 26 3 22502 50514 0.13
23 27 3 22503 3204060 0.13
24 28 3 22504 40588 0.13
25 29 3 22505 7991506 0.13
26 30 3 22506 54878 0.13
27 31 3 22507 54090 0.13
28 32 3 22508 1334492 0.13
29 33 3 22509 60129 0.13
30 34 3 22510 47688 0.13
31 35 3 22511 42712 0.13
32 36 3 22512 35202 0.13
33 37 3 22513 49776 0.13
34 38 3 22514 1233077 0.13
35 39 3 22515 20591 0.13
36 40 3 22516 21695 0.13
37 41 3 22517 18193 0.13
38 42 3 22518 18920 0.13
39 43 3 22519 4208184 0.13
40 44 3 22520 674607 0.13
41 45 3 22521 351010 0.13
42 46 3 22522 5025309 0.13
43 47 3 22523 111209 0.13
44 48 3 22524 1639765 0.13
45 49 3 22525 51894 0.13
46 50 3 22526 552000 0.13
47 51 3 22527 21351 0.13
48 52 3 22528 9306 0.13
49 53 3 22529 6692 0.13
50 54 3 22530 617899 0.13
51 55 3 22531 30064 0.13
52 56 3 22532 2986636 0.13
53 57 3 22533 1745776 0.13
54 58 3 22534 388768 0.13
55 59 3 22535 2561 0.13
56 60 3 22536 21717 0.13
57 61 3 22537 117188 0.13
58 62 3 22538 11343 0.13
59 63 3 22539 46858 0.13
60 0 3 22540 77115 0.13
61 1 3 22541 16063 0.13
62 2 3 22542 59918 0.13
63 3 3 22543 951756 0.13
0 5 3 22544 47194 0.13
1 6 3 22545 735948 0.13
2 7 3 22546 27331 0.13
3 8 3 22547 1459716 0.13
4 9 3 22548 137195 0.13
5 10 3 22549 11171 0.13
6 11 3 22550 50433 0.13
7 12 3 22551 1818589 0.13
8 13 3 22552 19561 0.13
9 14 3 22553 52605 0.13
10 15 3 22554 65826 0.13
11 16 3 22555 4040902 0.13
12 17 3 22556 8444 0.13
13 18 3 22557 7232319 0.13
14 19 3 22558 33242 0.13
15 20 3 22559 7358586 0.13
16 21 3 22560 298599 0.13
17 22 3 22561 1353176 0.13
18 23 3 22562 4277497 0.13
19 24 3 22563 809515 0.13
20 25 3 22564 1869622 0.13
21 26 3 22565 5002 0.13
22 27 3 22566 2043 0.13
23 28 3 22567 3867478 0.13
24 29 3 22568 2692 0.13
25 30 3 22569 3578027 0.13
26 31 3 22570 32658 0.13
27 32 3 22571 5128839 0.13
28 33 3 22572 20300 0.13
29 34 3 22573 10120 0.13
30 35 3 22574 21301 0.13
31 36 3 22575 3220355 0.13
32 37 3 22576 42588 0.13
33 38 3 22577 5660400 0.13
34 39 3 22578 171626 0.13
35 40 3 22579 2847635 0.13
36 41 3 22580 67327 0.13
37 42 3 22581 1036032 0.13
38 43 3 22582 28974 0.13
39 44 3 22583 6119 0.13
40 45 3 22584 134664 0.13
41 46 3 22585 5058361 0.13
42 47 3 22586 10403 0.13
43 48 3 22587 53504 0.13
44 49 3 22588 83951 0.13
45 50 3 22589 346311 0.13
46 51 3 22590 11656 0.13
47 52 3 22591 118264 0.13
48 53 3 22592 66054 0.13
49 54 3 22593 18868680 0.13
50 55 3 22594 919709 0.13
51 56 3 22595 5260829 0.13
52 57 3 22596 14083151 0.13
53 58 3 22597 710952 0.13
54 59 3 22598 9731 0.13
55 60 3 22599 60362 0.13
56 61 3 22600 1556735 0.13
57 62 3 22601 8847 0.13
58 63 3 22602 46189 0.13
59 0 3 22603 45873 0.13
60 1 3 22604 14091 0.13
61 2 3 22605 2099 0.13
62 3 3 22606 904971 0.13
63 4 3 22607 2538551 0.13
0 6 3 22608 7210155 0.13
1 7 3 22609 174099 0.13
2 8 3 22610 16366 0.13
3 9 3 22611 4819641 0.13
4 10 3 22612 10197804 0.13
5 11 3 22613 8328862 0.13
6 12 3 22614 143056 0.13
7 13 3 22615 4568115 0.13
8 14 3 22616 21876865 0.13
9 15 3 22617 4594721 0.13
10 16 3 22618 3822 0.13
11 17 3 22619 8795 0.13
12 18 3 22620 30020 0.13
13 19 3 22621 48723 0.13
14 20 3 22622 9958 0.13
15 21 3 22623 25264534 0.13
16 22 3 22624 1909675 0.13
17 23 3 22625 751230 0.13
18 24 3 22626 9398222 0.13
19 25 3 22627 34139 0.13
20 26 3 22628 1114081 0.13
21 27 3 22629 8482983 0.13
22 28 3 22630 4815 0.13
23 29 3 22631 222500 0.13
24 30 3 22632 1993176 0.13
25 31 3 22633 2079 0.13
26 32 3 22634 4731430 0.13
27 33 3 22635 54093 0.13
28 34 3 22636 13812 0.13
29 35 3 22637 3537584 0.13
30 36 3 22638 18404 0.13
31 37 3 22639 28024 0.13
32 38 3 22640 77791 0.13
33 39 3 22641 6137503 0.13
34 40 3 22642 70679 0.13
35 41 3 22643 5415475 0.13
36 42 3 22644 2640 0.13
37 43 3 22645 23880 0.13
38 44 3 22646 31327 0.13
39 45 3 22647 61291 0.13
40 46 3 22648 57603 0.13
41 47 3 22649 2372 0.13
42 48 3 22650 1499976 0.13
43 49 3 22651 1597650 0.13
44 50 3 22652 63404 0.13
45 51 3 22653 4617 0.13
46 52 3 22654 116469 0.13
47 53 3 22655 8451 0.13
48 54 3 22656 15499108 0.13
49 55 3 22657 393357 0.13
50 56 3 22658 1346412 0.13
51 57 3 22659 2096 0.13
52 58 3 22660 46134 0.13
53 59 3 22661 5323915 0.13
54 60 3 22662 46003 0.13
55 61 3 22663 2313 0.13
56 62 3 22664 775231 0.13
57 63 3 22665 974848 0.13
58 0 3 22666 37126 0.13
59 1 3 22667 2094380 0.13
60 2 3 22668 3608799 0.13
61 3 3 22669 1841203 0.13
62 4 3 22670 51660 0.13
63 5 3 22671 38425 0.13
0 7 3 22672 8064732 0.13
1 8 3 22673 1191171 0.13
2 9 3 22674 118370 0.13
3 10 3 22675 70499 0.13
4 11 3 22676 26667 0.13
5 12 3 22677 5954096 0.13
6 13 3 22678 6341151 0.13
7 14 3 22679 4935 0.13
8 15 3 22680 729780 0.13
9 16 3 22681 33722 0.13
10 17 3 22682 75105 0.13
11 18 3 22683 7082 0.13
12 19 3 22684 2322652 0.13
13 20 3 22685 2186799 0.13
14 21 3 22686 6563 0.13
15 22 3 22687 4209 0.13
16 23 3 22688 44677 0.13
17 24 3 22689 10801 0.13
18 25 3 22690 2043711 0.13
19 26 3 22691 1788766 0.13
20 27 3 22692 3910711 0.13
21 28 3 22693 2048 0.13
22 29 3 22694 2067 0.13
23 30 3 22695 2209587 0.13
24 31 3 22696 4104787 0.13
25 32 3 22697 339685 0.13
26 33 3 22698 11248 0.13
27 34 3 22699 409011 0.13
28 35 3 22700 4140481 0.13
29 36 3 22701 64022 0.13
30 37 3 22702 4202043 0.13
31 38 3 22703 1861316 0.13
32 39 3 22704 6466 0.13
33 40 3 22705 7758 0.13
34 41 3 22706 1041476 0.13
35 42 3 22707 19904 0.13
36 43 3 22708 1460640 0.13
37 44 3 22709 4680 0.13
38 45 3 22710 5419 0.13
39 46 3 22711 8670851 0.13
40 47 3 22712 2019 0.13
41 48 3 22713 1915927 0.13
42 49 3 22714 23307 0.13
43 50 3 22715 2499 0.13
44 51 3 22716 4558 0.13
45 52 3 22717 34080 0.13
46 53 3 22718 79846 0.13
47 54 3 22719 67548 0.13
48 55 3 22720 19459 0.13
49 56 3 22721 21953052 0.13
50 57 3 22722 243662 0.13
51 58 3 22723 17212 0.13
52 59 3 22724 28806 0.13
53 60 3 22725 809274 0.13
54 61 3 22726 3950246 0.13
55 62 3 22727 3288 0.13
56 63 3 22728 16985 0.13
57 0 3 22729 2031 0.13
58 1 3 22730 15170 0.13
59 2 3 22731 19544 0.13
60 3 3 22732 9511 0.13
61 4 3 22733 100568 0.13
62 5 3 22734 11815810 0.13
63 6 3 22735 999736 0.13
0 8 3 22736 1028680 0.13
1 9 3 22737 4304 0.13
2 10 3 22738 17409 0.13
3 11 3 22739 34281 0.13
4 12 3 22740 24653608 0.13
5 13 3 22741 12484 0.13
6 14 3 22742 482375 0.13
7 15 3 22743 186814 0.13
8 16 3 22744 212431 0.13
9 17 3 22745 74612 0.13
10 18 3 22746 28540 0.13
11 19 3 22747 56120 0.13
12 20 3 22748 2734057 0.13
13 21 3 22749 1354431 0.13
14 22 3 22750 80944 0.13
15 23 3 22751 638737 0.13
16 24 3 22752 9867074 0.13
17 25 3 22753 25166 0.13
18 26 3 22754 1542970 0.13
19 27 3 22755 3525 0.13
20 28 3 22756 3394 0.13
21 29 3 22757 38844 0.13
22 30 3 22758 1329141 0.13
23 31 3 22759 358763 0.13
24 32 3 22760 2531105 0.13
25 33 3 22761 4596 0.13
26 34 3 22762 1644338 0.13
27 35 3 22763 1161097 0.13
28 36 3 22764 2059 0.13
29 37 3 22765 1442686 0.13
30 38 3 22766 5176 0.13
31 39 3 22767 179666 0.13
32 40 3 22768 6166670 0.13
33 41 3 22769 42295 0.13
34 42 3 22770 848646 0.13
35 43 3 22771 825564 0.13
36 44 3 22772 3611 0.13
37 45 3 22773 26243 0.13
38 46 3 22774 3191755 0.13
39 47 3 22775 61720 0.13
40 48 3 22776 1421926 0.13
41 49 3 22777 68565 0.13
42 50 3 22778 73006 0.13
43 51 3 22779 1634124 0.13
44 52 3 22780 32694 0.13
45 53 3 22781 29398284 0.13
46 54 3 22782 18057 0.13
47 55 3 22783 178107 0.13
48 56 3 22784 2402 0.13
49 57 3 22785 40578 0.13
50 58 3 22786 64987 0.13
51 59 3 22787 64224 0.13
52 60 3 22788 6674715 0.13
53 61 3 22789 3394448 0.13
54 62 3 22790 11517376 0.13
55 63 3 22791 64682 0.13
56 0 3 22792 4972687 0.13
57 1 3 22793 62040 0.13
58 2 3 22794 9366 0.13
59 3 3 22795 1505520 0.13
60 4 3 22796 54522 0.13
61 5 3 22797 2159 0.13
62 6 3 22798 9154 0.13
63 7 3 22799 33344 0.13
0 9 3 22800 23174755 0.13
1 10 3 22801 457544 0.13
2 11 3 22802 49883 0.13
3 12 3 22803 2069 0.13
4 13 3 22804 1913751 0.13
5 14 3 22805 694176 0.13
6 15 3 22806 14555 0.13
7 16 3 22807 187892 0.13
8 17 3 22808 16781 0.13
9 18 3 22809 5639 0.13
10 19 3 22810 48258 0.13
11 20 3 22811 9991 0.13
12 21 3 22812 37463 0.13
13 22 3 22813 2122 0.13
14 23 3 22814 48446 0.13
15 24 3 22815 30704 0.13
16 25 3 22816 8942554 0.13
17 26 3 22817 113134 0.13
18 27 3 22818 22773 0.13
19 28 3 22819 69969 0.13
20 29 3 22820 1237292 0.13
21 30 3 22821 57582 0.13
22 31 3 22822 8380777 0.13
23 32 3 22823 11964 0.13
24 33 3 22824 9935708 0.13
25 34 3 22825 3183 0.13
26 35 3 22826 9388529 0.13
27 36 3 22827 3683 0.13
28 37 3 22828 34656 0.13
29 38 3 22829 67700 0.13
30 39 3 22830 28932 0.13
31 40 3 22831 23515 0.13
32 41 3 22832 8095570 0.13
33 42 3 22833 2108661 0.13
34 43 3 22834 53772 0.13
35 44 3 22835 2064 0.13
36 45 3 22836 31601 0.13
37 46 3 22837 11720 0.13
38 47 3 22838 443672 0.13
39 48 3 22839 872460 0.13
40 49 3 22840 56691 0.13
41 50 3 22841 7747 0.13
42 51 3 22842 8354 0.13
43 52 3 22843 28189 0.13
44 53 3 22844 1247567 0.13
45 54 3 22845 2213728 0.13
46 55 3 22846 3922926 0.13
47 56 3 22847 43913 0.13
48 57 3 22848 10287136 0.13
49 58 3 22849 3418 0.13
50 59 3 22850 60864 0.13
51 60 3 22851 53923 0.13
52 61 3 22852 20945 0.13
53 62 3 22853 35240 0.13
54 63 3 22854 23343 0.13
55 0 3 22855 4156213 0.13
56 1 3 22856 32507 0.13
57 2 3 22857 6124136 0.13
58 3 3 22858 11685248 0.13
59 4 3 22859 1868061 0.13
60 5 3 22860 122849 0.13
61 6 3 22861 160948 0.13
62 7 3 22862 36212 0.13
63 8 3 22863 18875 0.13
0 10 3 22864 8170 0.13
1 11 3 22865 34366 0.13
2 12 3 22866 461453 0.13
3 13 3 22867 10757121 0.13
4 14 3 22868 22892 0.13
5 15 3 22869 187716 0.13
6 16 3 22870 23701 0.13
7 17 3 22871 2589709 0.13
8 18 3 22872 70443 0.13
9 19 3 22873 66096 0.13
10 20 3 22874 2096 0.13
11 21 3 22875 75606 0.13
12 22 3 22876 5690 0.13
13 23 3 22877 1501923 0.13
14 24 3 22878 388855 0.13
15 25 3 22879 4691 0.13
16 26 3 22880 70986 0.13
17 27 3 22881 220798 0.13
18 28 3 22882 4727317 0.13
19 29 3 22883 9162338 0.13
20 30 3 22884 26600 0.13
21 31 3 22885 61419 0.13
22 32 3 22886 1774332 0.13
23 33 3 22887 1912815 0.13
24 34 3 22888 27621 0.13
25 35 3 22889 9446 0.13
26 36 3 22890 3433183 0.13
27 37 3 22891 3131 0.13
28 38 3 22892 24658 0.13
29 39 3 22893 464558 0.13
30 40 3 22894 35442 0.13
31 41 3 22895 2745103 0.13
32 42 3 22896 69050 0.13
33 43 3 22897 9689 0.13
34 44 3 22898 27275 0.13
35 45 3 22899 34007 0.13
36 46 3 22900 20189712 0.13
37 47 3 22901 238168 0.13
38 48 3 22902 90817 0.13
39 49 3 22903 2724093 0.13
40 50 3 22904 566732 0.13
41 51 3 22905 9123263 0.13
42 52 3 22906 195863 0.13
43 53 3 22907 7628 0.13
44 54 3 22908 1334199 0.13
45 55 3 22909 1354948 0.13
46 56 3 22910 18988 0.13
47 57 3 22911 1988484 0.13
48 58 3 22912 28245 0.13
49 59 3 22913 1907093 0.13
50 60 3 22914 55305 0.13
51 61 3 22915 2557596 0.13
52 62 3 22916 2054 0.13
53 63 3 22917 26098 0.13
54 0 3 22918 9524 0.13
55 1 3 22919 2170 0.13
56 2 3 22920 613079 0.13
57 3 3 22921 1623736 0.13
58 4 3 22922 4509 0.13
59 5 3 22923 64986 0.13
60 6 3 22924 5700473 0.13
61 7 3 22925 9809 0.13
62 8 3 22926 407118 0.13
63 9 3 22927 123310 0.13
0 11 3 22928 189448 0.13
1 12 3 22929 1584615 0.13
2 13 3 22930 6619 0.13
3 14 3 22931 27355 0.13
4 15 3 22932 27594 0.13
5 16 3 22933 1062967 0.13
6 17 3 22934 62307 0.13
7 18 3 22935 12580 0.13
8 19 3 22936 8282 0.13
9 20 3 22937 9007540 0.13
10 21 3 22938 7913 0.13
11 22 3 22939 4032130 0.13
12 23 3 22940 118700 0.13
13 24 3 22941 43764 0.13
14 25 3 22942 33053 0.13
15 26 3 22943 1205012 0.13
16 27 3 22944 114503 0.13
17 28 3 22945 431122 0.13
18 29 3 22946 570626 0.13
19 30 3 22947 49107 0.13
20 31 3 22948 35322 0.13
21 32 3 22949 3082199 0.13
22 33 3 22950 2293 0.13
23 34 3 22951 28290 0.13
24 35 3 22952 141057 0.13
25 36 3 22953 146050 0.13
26 37 3 22954 4497788 0.13
27 38 3 22955 2910 0.13
28 39 3 22956 1172702 0.13
29 40 3 22957 8549 0.13
30 41 3 22958 3471 0.13
31 42 3 22959 3752 0.13
32 43 3 22960 10313 0.13
33 44 3 22961 78333 0.13
34 45 3 22962 7865913 0.13
35 46 3 22963 23501 0.13
36 47 3 22964 1546595 0.13
37 48 3 22965 11546289 0.13
38 49 3 22966 37631 0.13
39 50 3 22967 52917 0.13
40 51 3 22968 1508506 0.13
41 52 3 22969 71335 0.13
42 53 3 22970 105905 0.13
43 54 3 22971 78772 0.13
44 55 3 22972 534549 0.13
45 56 3 22973 49198 0.13
46 57 3 22974 10996 0.13
47 58 3 22975 2685378 0.13
48 59 3 22976 2430924 0.13
49 60 3 22977 61191 0.13
50 61 3 22978 7219 0.13
51 62 3 22979 5816026 0.13
52 63 3 22980 26075 0.13
53 0 3 22981 23926 0.13
54 1 3 22982 558068 0.13
55 2 3 22983 127459 0.13
56 3 3 22984 2673 0.13
57 4 3 22985 3286795 0.13
58 5 3 22986 22551 0.13
59 6 3 22987 2398 0.13
60 7 3 22988 21900 0.13
61 8 3 22989 23266 0.13
62 9 3 22990 10526 0.13
63 10 3 22991 4114494 0.13
0 12 3 22992 73211 0.13
1 13 3 22993 34590 0.13
2 14 3 22994 1559630 0.13
3 15 3 22995 762104 0.13
4 16 3 22996 2096 0.13
5 17 3 22997 1655366 0.13
6 18 3 22998 71283 0.13
7 19 3 22999 757136 0.13
8 20 3 23000 976997 0.13
9 21 3 23001 114338 0.13
10 22 3 23002 2368 0.13
11 23 3 23003 182289 0.13
12 24 3 23004 20883 0.13
13 25 3 23005 170410 0.13
14 26 3 23006 2035 0.13
15 27 3 23007 1018242 0.13
16 28 3 23008 168428 0.13
17 29 3 23009 43623 0.13
18 30 3 23010 4957369 0.13
19 31 3 23011 12835 0.13
20 32 3 23012 21277 0.13
21 33 3 23013 90679 0.13
22 34 3 23014 6085761 0.13
23 35 3 23015 1442538 0.13
24 36 3 23016 28141 0.13
25 37 3 23017 125021 0.13
26 38 3 23018 75587 0.13
27 39 3 23019 11972 0.13
28 40 3 23020 20158 0.13
29 41 3 23021 260948 0.13
30 42 3 23022 36897 0.13
31 43 3 23023 35411 0.13
32 44 3 23024 26034 0.13
33 45 3 23025 7533 0.13
34 46 3 23026 28538 0.13
35 47 3 23027 2217 0.13
36 48 3 23028 226942 0.13
37 49 3 23029 611268 0.13
38 50 3 23030 75801 0.13
39 51 3 23031 51313 0.13
40 52 3 23032 16966 0.13
41 53 3 23033 2388 0.13
42 54 3 23034 2139074 0.13
43 55 3 23035 1428134 0.13
44 56 3 23036 4227029 0.13
45 57 3 23037 20014 0.13
46 58 3 23038 148926 0.13
47 59 3 23039 1472730 0.13
48 60 3 23040 2987890 0.13
49 61 3 23041 793650 0.13
50 62 3 23042 4599564 0.13
51 63 3 23043 2535808 0.13
52 0 3 23044 42187 0.13
53 1 3 23045 2805 0.13
54 2 3 23046 408941 0.13
55 3 3 23047 143165 0.13
56 4 3 23048 4531412 0.13
57 5 3 23049 25233 0.13
58 6 3 23050 75638 0.13
59 7 3 23051 31980 0.13
60 8 3 23052 21642 0.13
61 9 3 23053 16183 0.13
62 10 3 23054 36786 0.13
63 11 3 23055 72982 0.13
0 13 3 23056 1199421 0.13
1 14 3 23057 1199692 0.13
2 15 3 23058 63357 0.13
3 16 3 23059 48150 0.13
4 17 3 23060 1538586 0.13
5 18 3 23061 6487067 0.13
6 19 3 23062 68502 0.13
7 20 3 23063 194412 0.13
8 21 3 23064 1950031 0.13
9 22 3 23065 736194 0.13
10 23 3 23066 7701798 0.13
11 24 3 23067 4437 0.13
12 25 3 23068 6580 0.13
13 26 3 23069 2001 0.13
14 27 3 23070 2249 0.13
15 28 3 23071 2501 0.13
16 29 3 23072 2056 0.13
17 30 3 23073 27423 0.13
18 31 3 23074 2000 0.13
19 32 3 23075 60398 0.13
20 33 3 23076 1287482 0.13
21 34 3 23077 9372028 0.13
22 35 3 23078 5806 0.13
23 36 3 23079 43609 0.13
24 37 3 23080 566176 0.13
25 38 3 23081 10626798 0.13
26 39 3 23082 1418464 0.13
27 40 3 23083 44564 0.13
28 41 3 23084 27997 0.13
29 42 3 23085 629007 0.13
30 43 3 23086 29746 0.13
31 44 3 23087 2299 0.13
32 45 3 23088 7606 0.13
33 46 3 23089 9347 0.13
34 47 3 23090 63137 0.13
35 48 3 23091 7303260 0.13
36 49 3 23092 18855375 0.13
37 50 3 23093 6040433 0.13
38 51 3 23094 7626 0.13
39 52 3 23095 493678 0.13
40 53 3 23096 8744642 0.13
41 54 3 23097 1927625 0.13
42 55 3 23098 4408717 0.13
43 56 3 23099 7288798 0.13
44 57 3 23100 14916 0.13
45 58 3 23101 7006 0.13
46 59 3 23102 1248090 0.13
47 60 3 23103 62748 0.13
48 61 3 23104 4593200 0.13
49 62 3 23105 959348 0.13
50 63 3 23106 27313 0.13
51 0 3 23107 2134 0.13
52 1 3 23108 136966 0.13
53 2 3 23109 3429 0.13
54 3 3 23110 934412 0.13
55 4 3 23111 21547 0.13
56 5 3 23112 49507 0.13
57 6 3 23113 45485 0.13
58 7 3 23114 2328 0.13
59 8 3 23115 57497 0.13
60 9 3 23116 65161 0.13
61 10 3 23117 15004 0.13
62 11 3 23118 2066 0.13
63 12 3 23119 4922243 0.13
0 14 3 23120 652880 0.13
1 15 3 23121 9244920 0.13
2 16 3 23122 4291274 0.13
3 17 3 23123 1099017 0.13
4 18 3 23124 1188708 0.13
5 19 3 23125 20269 0.13
6 20 3 23126 26728 0.13
7 21 3 23127 769940 0.13
8 22 3 23128 9513543 0.13
9 23 3 23129 17613 0.13
10 24 3 23130 917401 0.13
11 25 3 23131 2310617 0.13
12 26 3 23132 27224969 0.13
13 27 3 23133 2421 0.13
14 28 3 23134 136934 0.13
15 29 3 23135 3709946 0.13
16 30 3 23136 129618 0.13
17 31 3 23137 1029469 0.13
18 32 3 23138 1919637 0.13
19 33 3 23139 1155693 0.13
20 34 3 23140 1425259 0.13
21 35 3 23141 28651 0.13
22 36 3 23142 5189 0.13
23 37 3 23143 43459 0.13
24 38 3 23144 2621426 0.13
25 39 3 23145 105012 0.13
26 40 3 23146 44653 0.13
27 41 3 23147 5130063 0.13
28 42 3 23148 1261986 0.13
29 43 3 23149 98457 0.13
30 44 3 23150 34142 0.13
31 45 3 23151 514513 0.13
32 46 3 23152 51615 0.13
33 47 3 23153 166077 0.13
34 48 3 23154 44421 0.13
35 49 3 23155 19008527 0.13
36 50 3 23156 1673132 0.13
37 51 3 23157 9810 0.13
38 52 3 23158 781263 0.13
39 53 3 23159 4682872 0.13
40 54 3 23160 805685 0.13
41 55 3 23161 51805 0.13
42 56 3 23162 9384743 0.13
43 57 3 23163 5051 0.13
44 58 3 23164 25320 0.13
45 59 3 23165 9011 0.13
46 60 3 23166 6765648 0.13
47 61 3 23167 563713 0.13
48 62 3 23168 61715 0.13
49 63 3 23169 95791 0.13
50 0 3 23170 842701 0.13
51 1 3 23171 4692227 0.13
52 2 3 23172 38690 0.13
53 3 3 23173 6307048 0.13
54 4 3 23174 18476060 0.13
55 5 3 23175 9604 0.13
56 6 3 23176 38329 0.13
57 7 3 23177 461579 0.13
58 8 3 23178 1447938 0.13
59 9 3 23179 3532935 0.13
60 10 3 23180 154901 0.13
61 11 3 23181 14821318 0.13
62 12 3 23182 1922777 0.13
63 13 3 23183 2740565 0.13
0 15 3 23184 49270 0.13
1 16 3 23185 2703301 0.13
2 17 3 23186 4421690 0.13
3 18 3 23187 23669288 0.13
4 19 3 23188 103994 0.13
5 20 3 23189 77592 0.13
6 21 3 23190 157939 0.13
7 22 3 23191 25471 0.13
8 23 3 23192 115054 0.13
9 24 3 23193 8020704 0.13
10 25 3 23194 1397112 0.13
11 26 3 23195 872085 0.13
12 27 3 23196 1877242 0.13
13 28 3 23197 70579 0.13
14 29 3 23198 35097 0.13
15 30 3 23199 3094063 0.13
16 31 3 23200 44664 0.13
17 32 3 23201 7637719 0.13
18 33 3 23202 78412 0.13
19 34 3 23203 2580826 0.13
20 35 3 23204 21907 0.13
21 36 3 23205 40226 0.13
22 37 3 23206 51845 0.13
23 38 3 23207 1515655 0.13
24 39 3 23208 6514 0.13
25 40 3 23209 523754 0.13
26 41 3 23210 62381 0.13
27 42 3 23211 3030478 0.13
28 43 3 23212 4857030 0.13
29 44 3 23213 17666 0.13
30 45 3 23214 2002 0.13
31 46 3 23215 1935939 0.13
32 47 3 23216 74117 0.13
33 48 3 23217 6624 0.13
34 49 3 23218 9548 0.13
35 50 3 23219 4054 0.13
36 51 3 23220 8579328 0.13
37 52 3 23221 24183 0.13
38 53 3 23222 51412 0.13
39 54 3 23223 2756958 0.13
40 55 3 23224 100514 0.13
41 56 3 23225 5761 0.13
42 57 3 23226 2434830 0.13
43 58 3 23227 2146 0.13
44 59 3 23228 2247 0.13
45 60 3 23229 7686 0.13
46 61 3 23230 17142 0.13
47 62 3 23231 1760678 0.13
48 63 3 23232 3993 0.13
49 0 3 23233 25343 0.13
50 1 3 23234 8643761 0.13
51 2 3 23235 55057 0.13
52 3 3 23236 41502 0.13
53 4 3 23237 50692 0.13
54 5 3 23238 982548 0.13
55 6 3 23239 30043 0.13
56 7 3 23240 47549 0.13
57 8 3 23241 20844 0.13
58 9 3 23242 56582 0.13
59 10 3 23243 182327 0.13
60 11 3 23244 68101 0.13
61 12 3 23245 318425 0.13
62 13 3 23246 2391 0.13
63 14 3 23247 71076 0.13
0 16 3 23248 2253 0.13
1 17 3 23249 33926 0.13
2 18 3 23250 2247 0.13
3 19 3 23251 1006315 0.13
4 20 3 23252 3835246 0.13
5 21 3 23253 46751 0.13
6 22 3 23254 95458 0.13
7 23 3 23255 5860 0.13
8 24 3 23256 908729 0.13
9 25 3 23257 361853 0.13
10 26 3 23258 40210 0.13
11 27 3 23259 10908233 0.13
12 28 3 23260 70840 0.13
13 29 3 23261 2197 0.13
14 30 3 23262 2348 0.13
15 31 3 23263 70180 0.13
16 32 3 23264 5419672 0.13
17 33 3 23265 67278 0.13
18 34 3 23266 103545 0.13
19 35 3 23267 4807 0.13
20 36 3 23268 1242786 0.13
21 37 3 23269 1156084 0.13
22 38 3 23270 6593634 0.13
23 39 3 23271 62619 0.13
24 40 3 23272 1490522 0.13
25 41 3 23273 24137 0.13
26 42 3 23274 19333497 0.13
27 43 3 23275 2291 0.13
28 44 3 23276 31962 0.13
29 45 3 23277 1771637 0.13
30 46 3 23278 3639265 0.13
31 47 3 23279 21655 0.13
32 48 3 23280 52447 0.13
33 49 3 23281 2051 0.13
34 50 3 23282 8270 0.13
35 51 3 23283 3881500 0.13
36 52 3 23284 1808349 0.13
37 53 3 23285 7538441 0.13
38 54 3 23286 60253 0.13
39 55 3 23287 73555 0.13
40 56 3 23288 64579 0.13
41 57 3 23289 977048 0.13
42 58 3 23290 47635 0.13
43 59 3 23291 6784319 0.13
44 60 3 23292 629618 0.13
45 61 3 23293 2482 0.13
46 62 3 23294 175418 0.13
47 63 3 23295 985732 0.13
48 0 3 23296 71022 0.13
49 1 3 23297 5161553 0.13
50 2 3 23298 29338 0.13
51 3 3 23299 12549 0.13
52 4 3 23300 29028 0.13
53 5 3 23301 36283 0.13
54 6 3 23302 6773 0.13
55 7 3 23303 10959 0.13
56 8 3 23304 3121233 0.13
57 9 3 23305 19824 0.13
58 10 3 23306 69903 0.13
59 11 3 23307 2028 0.13
60 12 3 23308 1757401 0.13
61 13 3 23309 2204079 0.13
62 14 3 23310 5386425 0.13
63 15 3 23311 1724626 0.13
0 17 3 23312 2418 0.13
1 18 3 23313 16535 0.13
2 19 3 23314 38014 0.13
3 20 3 23315 864265 0.13
4 21 3 23316 3366152 0.13
5 22 3 23317 22873 0.13
6 23 3 23318 60307 0.13
7 24 3 23319 1007800 0.13
8 25 3 23320 5832513 0.13
9 26 3 23321 6123 0.13
10 27 3 23322 9136 0.13
11 28 3 23323 1403563 0.13
12 29 3 23324 8333744 0.13
13 30 3 23325 136178 0.13
14 31 3 23326 58791 0.13
15 32 3 23327 43335 0.13
16 33 3 23328 991369 0.13
17 34 3 23329 2107 0.13
18 35 3 23330 78886 0.13
19 36 3 23331 950496 0.13
20 37 3 23332 478655 0.13
21 38 3 23333 6506 0.13
22 39 3 23334 66998 0.13
23 40 3 23335 27890 0.13
24 41 3 23336 126768 0.13
25 42 3 23337 55135 0.13
26 43 3 23338 3562 0.13
27 44 3 23339 26277 0.13
28 45 3 23340 8475859 0.13
29 46 3 23341 41528 0.13
30 47 3 23342 50306 0.13
31 48 3 23343 6376746 0.13
32 49 3 23344 5472588 0.13
33 50 3 23345 4265989 0.13
34 51 3 23346 7680 0.13
35 52 3 23347 12399 0.13
36 53 3 23348 149292 0.13
37 54 3 23349 717127 0.13
38 55 3 23350 60638 0.13
39 56 3 23351 27680294 0.13
40 57 3 23352 44663 0.13
41 58 3 23353 26300 0.13
42 59 3 23354 3677 0.13
43 60 3 23355 1899981 0.13
44 61 3 23356 17102 0.13
45 62 3 23357 53059 0.13
46 63 3 23358 130856 0.13
47 0 3 23359 23224 0.13
48 1 3 23360 9790 0.13
49 2 3 23361 8657 0.13
50 3 3 23362 1014739 0.13
51 4 3 23363 2055 0.13
52 5 3 23364 3199 0.13
53 6 3 23365 1880870 0.13
54 7 3 23366 7020 0.13
55 8 3 23367 727289 0.13
56 9 3 23368 175267 0.13
57 10 3 23369 2044 0.13
58 11 3 23370 4411539 0.13
59 12 3 23371 8964 0.13
60 13 3 23372 6480832 0.13
61 14 3 23373 3817570 0.13
62 15 3 23374 2036758 0.13
63 16 3 23375 17733 0.13
0 18 3 23376 67252 0.13
1 19 3 23377 68169 0.13
2 20 3 23378 5933 0.13
3 21 3 23379 47571 0.13
4 22 3 23380 467172 0.13
5 23 3 23381 99547 0.13
6 24 3 23382 2116098 0.13
7 25 3 23383 9688 0.13
8 26 3 23384 8156 0.13
9 27 3 23385 75354 0.13
10 28 3 23386 3835564 0.13
11 29 3 23387 3759 0.13
12 30 3 23388 76165 0.13
13 31 3 23389 21574476 0.13
14 32 3 23390 141984 0.13
15 33 3 23391 24706 0.13
16 34 3 23392 1534137 0.13
17 35 3 23393 3193128 0.13
18 36 3 23394 42344 0.13
19 37 3 23395 22534 0.13
20 38 3 23396 26246 0.13
21 39 3 23397 3177 0.13
22 40 3 23398 57354 0.13
23 41 3 23399 4120061 0.13
24 42 3 23400 1806319 0.13
25 43 3 23401 2202 0.13
26 44 3 23402 773247 0.13
27 45 3 23403 7198570 0.13
28 46 3 23404 48155 0.13
29 47 3 23405 251492 0.13
30 48 3 23406 4008062 0.13
31 49 3 23407 1486085 0.13
32 50 3 23408 8186 0.13
33 51 3 23409 319166 0.13
34 52 3 23410 1904675 0.13
35 53 3 23411 4662324 0.13
36 54 3 23412 568327 0.13
37 55 3 23413 1554301 0.13
38 56 3 23414 11457 0.13
39 57 3 23415 198249 0.13
40 58 3 23416 28762 0.13
41 59 3 23417 1730991 0.13
42 60 3 23418 57555 0.13
43 61 3 23419 2245 0.13
44 62 3 23420 3643 0.13
45 63 3 23421 4938 0.13
46 0 3 23422 4749513 0.13
47 1 3 23423 9645 0.13
48 2 3 23424 531200 0.13
49 3 3 23425 43904 0.13
50 4 3 23426 48653 0.13
51 5 3 23427 64886 0.13
52 6 3 23428 2204341 0.13
53 7 3 23429 6222197 0.13
54 8 3 23430 30699 0.13
55 9 3 23431 89070 0.13
56 10 3 23432 35417 0.13
57 11 3 23433 31628 0.13
58 12 3 23434 8463995 0.13
59 13 3 23435 75716 0.13
60 14 3 23436 47218 0.13
61 15 3 23437 4134771 0.13
62 16 3 23438 907613 0.13
63 17 3 23439 961996 0.13
0 19 3 23440 6675285 0.13
1 20 3 23441 241638 0.13
2 21 3 23442 688070 0.13
3 22 3 23443 155408 0.13
4 23 3 23444 65998 0.13
5 24 3 23445 5369 0.13
6 25 3 23446 70694 0.13
7 26 3 23447 38482 0.13
8 27 3 23448 76999 0.13
9 28 3 23449 450926 0.13
10 29 3 23450 25159 0.13
11 30 3 23451 26821 0.13
12 31 3 23452 27125 0.13
13 32 3 23453 28894 0.13
14 33 3 23454 76196 0.13
15 34 3 23455 32610 0.13
16 35 3 23456 5415058 0.13
17 36 3 23457 5515545 0.13
18 37 3 23458 141739 0.13
19 38 3 23459 39702 0.13
20 39 3 23460 31269 0.13
21 40 3 23461 2772056 0.13
22 41 3 23462 77155 0.13
23 42 3 23463 52662 0.13
24 43 3 23464 26391 0.13
25 44 3 23465 55503 0.13
26 45 3 23466 672889 0.13
27 46 3 23467 1683140 0.13
28 47 3 23468 4716511 0.13
29 48 3 23469 9142 0.13
30 49 3 23470 1699090 0.13
31 50 3 23471 29501 0.13
32 51 3 23472 896827 0.13
33 52 3 23473 42297 0.13
34 53 3 23474 101901 0.13
35 54 3 23475 34228 0.13
36 55 3 23476 1980306 0.13
37 56 3 23477 168712 0.13
38 57 3 23478 14683 0.13
39 58 3 23479 1245926 0.13
40 59 3 23480 4284370 0.13
41 60 3 23481 508762 0.13
42 61 3 23482 20573 0.13
43 62 3 23483 1899450 0.13
44 63 3 23484 2911677 0.13
45 0 3 23485 16615 0.13
46 1 3 23486 579818 0.13
47 2 3 23487 72374 0.13
48 3 3 23488 24563 0.13
49 4 3 23489 69463 0.13
50 5 3 23490 27074 0.13
51 6 3 23491 145467 0.13
52 7 3 23492 92700 0.13
53 8 3 23493 9707 0.13
54 9 3 23494 247870 0.13
55 10 3 23495 25253 0.13
56 11 3 23496 9750978 0.13
57 12 3 23497 2393435 0.13
58 13 3 23498 19245044 0.13
59 14 3 23499 2016 0.13
60 15 3 23500 17785 0.13
61 16 3 23501 7437285 0.13
62 17 3 23502 6986122 0.13
63 18 3 23503 62637 0.13
0 20 3 23504 23902502 0.13
1 21 3 23505 171857 0.13
2 22 3 23506 27709 0.13
3 23 3 23507 144206 0.13
4 24 3 23508 19838 0.13
5 25 3 23509 2569 0.13
6 26 3 23510 56393 0.13
7 27 3 23511 17797774 0.13
8 28 3 23512 191894 0.13
9 29 3 23513 67623 0.13
10 30 3 23514 47376 0.13
11 31 3 23515 7555 0.13
12 32 3 23516 16220 0.13
13 33 3 23517 42266 0.13
14 34 3 23518 2038993 0.13
15 35 3 23519 2815 0.13
16 36 3 23520 3415241 0.13
17 37 3 23521 27735 0.13
18 38 3 23522 111698 0.13
19 39 3 23523 26841 0.13
20 40 3 23524 1838706 0.13
21 41 3 23525 6839129 0.13
22 42 3 23526 893794 0.13
23 43 3 23527 20489 0.13
24 44 3 23528 4739346 0.13
25 45 3 23529 142686 0.13
26 46 3 23530 2049 0.13
27 47 3 23531 37521 0.13
28 48 3 23532 394880 0.13
29 49 3 23533 27717 0.13
30 50 3 23534 56877 0.13
31 51 3 23535 23048 0.13
32 52 3 23536 346495 0.13
33 53 3 23537 149629 0.13
34 54 3 23538 26673 0.13
35 55 3 23539 118769 0.13
36 56 3 23540 3223039 0.13
37 57 3 23541 10340 0.13
38 58 3 23542 120646 0.13
39 59 3 23543 33343 0.13
40 60 3 23544 21987 0.13
41 61 3 23545 2171309 0.13
42 62 3 23546 2753581 0.13
43 63 3 23547 20314 0.13
44 0 3 23548 330373 0.13
45 1 3 23549 8890951 0.13
46 2 3 23550 5382 0.13
47 3 3 23551 1404561 0.13
48 4 3 23552 15781664 0.13
49 5 3 23553 26972 0.13
50 6 3 23554 69905 0.13
51 7 3 23555 5697 0.13
52 8 3 23556 3361468 0.13
53 9 3 23557 22097 0.13
54 10 3 23558 63732 0.13
55 11 3 23559 13128 0.13
56 12 3 23560 14708 0.13
57 13 3 23561 22034 0.13
58 14 3 23562 6590 0.13
59 15 3 23563 23877 0.13
60 16 3 23564 31698 0.13
61 17 3 23565 165092 0.13
62 18 3 23566 199513 0.13
63 19 3 23567 47340 0.13
0 21 3 23568 21338 0.13
1 22 3 23569 6029 0.13
2 23 3 23570 4739 0.13
3 24 3 23571 1124250 0.13
4 25 3 23572 59814 0.13
5 26 3 23573 1391643 0.13
6 27 3 23574 46895 0.13
7 28 3 23575 320423 0.13
8 29 3 23576 46032 0.13
9 30 3 23577 99310 0.13
10 31 3 23578 27172 0.13
11 32 3 23579 4454189 0.13
12 33 3 23580 71119 0.13
13 34 3 23581 1895877 0.13
14 35 3 23582 78600 0.13
15 36 3 23583 34416 0.13
16 37 3 23584 72853 0.13
17 38 3 23585 325102 0.13
18 39 3 23586 3146568 0.13
19 40 3 23587 252431 0.13
20 41 3 23588 44592 0.13
21 42 3 23589 1034563 0.13
22 43 3 23590 207628 0.13
23 44 3 23591 991430 0.13
24 45 3 23592 45532 0.13
25 46 3 23593 1880699 0.13
26 47 3 23594 20713 0.13
27 48 3 23595 32842 0.13
28 49 3 23596 51177 0.13
29 50 3 23597 24876 0.13
30 51 3 23598 29067 0.13
31 52 3 23599 23089 0.13
32 53 3 23600 203485 0.13
33 54 3 23601 66087 0.13
34 55 3 23602 2157 0.13
35 56 3 23603 7518966 0.13
36 57 3 23604 24407 0.13
37 58 3 23605 980647 0.13
38 59 3 23606 62056 0.13
39 60 3 23607 2003019 0.13
40 61 3 23608 47773 0.13
41 62 3 23609 39036 0.13
42 63 3 23610 46194 0.13
43 0 3 23611 70990 0.13
44 1 3 23612 1241784 0.13
45 2 3 23613 5656288 0.13
46 3 3 23614 5262 0.13
47 4 3 23615 25492 0.13
48 5 3 23616 22855 0.13
49 6 3 23617 43318 0.13
50 7 3 23618 28066054 0.13
51 8 3 23619 68122 0.13
52 9 3 23620 13708 0.13
53 10 3 23621 3609408 0.13
54 11 3 23622 560071 0.13
55 12 3 23623 198466 0.13
56 13 3 23624 2304264 0.13
57 14 3 23625 3377076 0.13
58 15 3 23626 16107664 0.13
59 16 3 23627 42914 0.13
60 17 3 23628 1607102 0.13
61 18 3 23629 5298 0.13
62 19 3 23630 6132136 0.13
63 20 3 23631 5466 0.13
0 22 3 23632 962502 0.13
1 23 3 23633 2504 0.13
2 24 3 23634 4547 0.13
3 25 3 23635 7286435 0.13
4 26 3 23636 62254 0.13
5 27 3 23637 29315 0.13
6 28 3 23638 3755007 0.13
7 29 3 23639 27851 0.13
8 30 3 23640 6140205 0.13
9 31 3 23641 22908 0.13
10 32 3 23642 32319 0.13
11 33 3 23643 77809 0.13
12 34 3 23644 23181 0.13
13 35 3 23645 5458 0.13
14 36 3 23646 2650 0.13
15 37 3 23647 636975 0.13
16 38 3 23648 1842629 0.13
17 39 3 23649 8845634 0.13
18 40 3 23650 7964913 0.13
19 41 3 23651 15188 0.13
20 42 3 23652 110751 0.13
21 43 3 23653 8001150 0.13
22 44 3 23654 4847660 0.13
23 45 3 23655 23624 0.13
24 46 3 23656 2231861 0.13
25 47 3 23657 19077 0.13
26 48 3 23658 1125290 0.13
27 49 3 23659 3716 0.13
28 50 3 23660 6120 0.13
29 51 3 23661 2518692 0.13
30 52 3 23662 15746 0.13
31 53 3 23663 7930 0.13
32 54 3 23664 64431 0.13
33 55 3 23665 1608602 0.13
34 56 3 23666 1232084 0.13
35 57 3 23667 10543 0.13
36 58 3 23668 7296436 0.13
37 59 3 23669 24564 0.13
38 60 3 23670 2043 0.13
39 61 3 23671 3662219 0.13
40 62 3 23672 1663496 0.13
41 63 3 23673 76133 0.13
42 0 3 23674 2109 0.13
43 1 3 23675 74117 0.13
44 2 3 23676 2979 0.13
45 3 3 23677 8795 0.13
46 4 3 23678 2477 0.13
47 5 3 23679 11181 0.13
48 6 3 23680 8583 0.13
49 7 3 23681 3850648 0.13
50 8 3 23682 3028397 0.13
51 9 3 23683 155196 0.13
52 10 3 23684 27927 0.13
53 11 3 23685 24578 0.13
54 12 3 23686 15029 0.13
55 13 3 23687 6790 0.13
56 14 3 23688 24821 0.13
57 15 3 23689 521088 0.13
58 16 3 23690 1545136 0.13
59 17 3 23691 3695 0.13
60 18 3 23692 45485 0.13
61 19 3 23693 2002 0.13
62 20 3 23694 64024 0.13
63 21 3 23695 1988380 0.13
0 23 3 23696 820203 0.13
1 24 3 23697 49003 0.13
2 25 3 23698 99661 0.13
3 26 3 23699 50899 0.13
4 27 3 23700 78857 0.13
5 28 3 23701 9436064 0.13
6 29 3 23702 8091810 0.13
7 30 3 23703 40787 0.13
8 31 3 23704 244137 0.13
9 32 3 23705 1183558 0.13
10 33 3 23706 1493433 0.13
11 34 3 23707 1516312 0.13
12 35 3 23708 78493 0.13
13 36 3 23709 51771 0.13
14 37 3 23710 73804 0.13
15 38 3 23711 73013 0.13
16 39 3 23712 2145161 0.13
17 40 3 23713 20689 0.13
18 41 3 23714 199654 0.13
19 42 3 23715 43500 0.13
20 43 3 23716 29844 0.13
21 44 3 23717 235166 0.13
22 45 3 23718 52864 0.13
23 46 3 23719 45188 0.13
24 47 3 23720 44724 0.13
25 48 3 23721 32909 0.13
26 49 3 23722 19740 0.13
27 50 3 23723 2080 0.13
28 51 3 23724 58200 0.13
29 52 3 23725 507629 0.13
30 53 3 23726 9773 0.13
31 54 3 23727 3955915 0.13
32 55 3 23728 1905243 0.13
33 56 3 23729 1492253 0.13
34 57 3 23730 592570 0.13
35 58 3 23731 30394 0.13
36 59 3 23732 24449 0.13
37 60 3 23733 2081 0.13
38 61 3 23734 22707 0.13
39 62 3 23735 59006 0.13
40 63 3 23736 70025 0.13
41 0 3 23737 65311 0.13
42 1 3 23738 65047 0.13
43 2 3 23739 4471503 0.13
44 3 3 23740 64607 0.13
45 4 3 23741 53646 0.13
46 5 3 23742 2594 0.13
47 6 3 23743 8408959 0.13
48 7 3 23744 4911166 0.13
49 8 3 23745 6624766 0.13
50 9 3 23746 29541 0.13
51 10 3 23747 2718 0.13
52 11 3 23748 65020 0.13
53 12 3 23749 47311 0.13
54 13 3 23750 627456 0.13
55 14 3 23751 57703 0.13
56 15 3 23752 196976 0.13
57 16 3 23753 40954 0.13
58 17 3 23754 75975 0.13
59 18 3 23755 67794 0.13
60 19 3 23756 7426941 0.13
61 20 3 23757 4058871 0.13
62 21 3 23758 68336 0.13
63 22 3 23759 40496 0.13
0 24 3 23760 18695 0.13
1 25 3 23761 6570377 0.13
2 26 3 23762 13189 0.13
3 27 3 23763 24733041 0.13
4 28 3 23764 9675 0.13
5 29 3 23765 1111050 0.13
6 30 3 23766 26960 0.13
7 31 3 23767 2162 0.13
8 32 3 23768 21869 0.13
9 33 3 23769 77944 0.13
10 34 3 23770 2155 0.13
11 35 3 23771 50787 0.13
12 36 3 23772 1985111 0.13
13 37 3 23773 63913 0.13
14 38 3 23774 374181 0.13
15 39 3 23775 28492 0.13
16 40 3 23776 2564 0.13
17 41 3 23777 76999 0.13
18 42 3 23778 7863 0.13
19 43 3 23779 58861 0.13
20 44 3 23780 70196 0.13
21 45 3 23781 1636396 0.13
22 46 3 23782 2315 0.13
23 47 3 23783 1793078 0.13
24 48 3 23784 1286644 0.13
25 49 3 23785 142315 0.13
26 50 3 23786 3710 0.13
27 51 3 23787 9866389 0.13
28 52 3 23788 7353398 0.13
29 53 3 23789 45584 0.13
30 54 3 23790 684930 0.13
31 55 3 23791 59198 0.13
32 56 3 23792 1225435 0.13
33 57 3 23793 26710 0.13
34 58 3 23794 9376 0.13
35 59 3 23795 6071058 0.13
36 60 3 23796 5523 0.13
37 61 3 23797 46777 0.13
38 62 3 23798 48879 0.13
39 63 3 23799 2391 0.13
40 0 3 23800 30582 0.13
41 1 3 23801 8825690 0.13
42 2 3 23802 18898 0.13
43 3 3 23803 147362 0.13
44 4 3 23804 54059 0.13
45 5 3 23805 2777663 0.13
46 6 3 23806 10329 0.13
47 7 3 23807 109238 0.13
48 8 3 23808 25514 0.13
49 9 3 23809 6147947 0.13
50 10 3 23810 2002 0.13
51 11 3 23811 3635 0.13
52 12 3 23812 3765219 0.13
53 13 3 23813 26550 0.13
54 14 3 23814 69076 0.13
55 15 3 23815 3626 0.13
56 16 3 23816 65763 0.13
57 17 3 23817 17464846 0.13
58 18 3 23818 6772984 0.13
59 19 3 23819 71572 0.13
60 20 3 23820 4597 0.13
61 21 3 23821 63755 0.13
62 22 3 23822 4982159 0.13
63 23 3 23823 334386 0.13
0 25 3 23824 16305422 0.13
1 26 3 23825 3517814 0.13
2 27 3 23826 8976316 0.13
3 28 3 23827 25808 0.13
4 29 3 23828 128974 0.13
5 30 3 23829 4675109 0.13
6 31 3 23830 2431412 0.13
7 32 3 23831 36119 0.13
8 33 3 23832 719531 0.13
9 34 3 23833 79240 0.13
10 35 3 23834 742014 0.13
11 36 3 23835 3060759 0.13
12 37 3 23836 182479 0.13
13 38 3 23837 860811 0.13
14 39 3 23838 2185668 0.13
15 40 3 23839 1782961 0.13
16 41 3 23840 24529 0.13
17 42 3 23841 2447955 0.13
18 43 3 23842 57816 0.13
19 44 3 23843 27218 0.13
20 45 3 23844 7852860 0.13
21 46 3 23845 30113 0.13
22 47 3 23846 11840763 0.13
23 48 3 23847 24208601 0.13
24 49 3 23848 2590 0.13
25 50 3 23849 185759 0.13
26 51 3 23850 2050213 0.13
27 52 3 23851 25764 0.13
28 53 3 23852 2722069 0.13
29 54 3 23853 122881 0.13
30 55 3 23854 3334645 0.13
31 56 3 23855 21895 0.13
32 57 3 23856 9012628 0.13
33 58 3 23857 64849 0.13
34 59 3 23858 10651 0.13
35 60 3 23859 5901 0.13
36 61 3 23860 100930 0.13
37 62 3 23861 42598 0.13
38 63 3 23862 1425235 0.13
39 0 3 23863 54451 0.13
40 1 3 23864 36242 0.13
41 2 3 23865 4679 0.13
42 3 3 23866 12489 0.13
43 4 3 23867 68732 0.13
44 5 3 23868 7029274 0.13
45 6 3 23869 3642 0.13
46 7 3 23870 32791 0.13
47 8 3 23871 4679195 0.13
48 9 3 23872 58220 0.13
49 10 3 23873 2451825 0.13
50 11 3 23874 10809 0.13
51 12 3 23875 66886 0.13
52 13 3 23876 2241 0.13
53 14 3 23877 7685287 0.13
54 15 3 23878 7458 0.13
55 16 3 23879 23568 0.13
56 17 3 23880 4373175 0.13
57 18 3 23881 71198 0.13
58 19 3 23882 9162447 0.13
59 20 3 23883 180154 0.13
60 21 3 23884 51227 0.13
61 22 3 23885 3483501 0.13
62 23 3 23886 28646 0.13
63 24 3 23887 284581 0.13
0 26 3 23888 12978 0.13
1 27 3 23889 11838 0.13
2 28 3 23890 35428 0.13
3 29 3 23891 45369 0.13
4 30 3 23892 4801 0.13
5 31 3 23893 4746 0.13
6 32 3 23894 1961942 0.13
7 33 3 23895 2042 0.13
8 34 3 23896 97777 0.13
9 35 3 23897 71380 0.13
10 36 3 23898 5462 0.13
11 37 3 23899 10040141 0.13
12 38 3 23900 2242954 0.13
13 39 3 23901 583758 0.13
14 40 3 23902 24558180 0.13
15 41 3 23903 2010 0.13
16 42 3 23904 15514 0.13
17 43 3 23905 8678 0.13
18 44 3 23906 19134042 0.13
19 45 3 23907 43353 0.13
20 46 3 23908 885293 0.13
21 47 3 23909 2802721 0.13
22 48 3 23910 41450 0.13
23 49 3 23911 151995 0.13
24 50 3 23912 2372 0.13
25 51 3 23913 4786391 0.13
26 52 3 23914 36028 0.13
27 53 3 23915 2352 0.13
28 54 3 23916 170623 0.13
29 55 3 23917 22123112 0.13
30 56 3 23918 314906 0.13
31 57 3 23919 2642893 0.13
32 58 3 23920 18449 0.13
33 59 3 23921 13986 0.13
34 60 3 23922 48172 0.13
35 61 3 23923 25654083 0.13
36 62 3 23924 6603 0.13
37 63 3 23925 188634 0.13
38 0 3 23926 323480 0.13
39 1 3 23927 79097 0.13
40 2 3 23928 2954066 0.13
41 3 3 23929 28444 0.13
42 4 3 23930 3545 0.13
43 5 3 23931 249341 0.13
44 6 3 23932 25998 0.13
45 7 3 23933 547712 0.13
46 8 3 23934 999541 0.13
47 9 3 23935 5728 0.13
48 10 3 23936 251868 0.13
49 11 3 23937 912256 0.13
50 12 3 23938 2260 0.13
51 13 3 23939 3564692 0.13
52 14 3 23940 720068 0.13
53 15 3 23941 959270 0.13
54 16 3 23942 2308123 0.13
55 17 3 23943 41750 0.13
56 18 3 23944 75125 0.13
57 19 3 23945 29365 0.13
58 20 3 23946 1056574 0.13
59 21 3 23947 50252 0.13
60 22 3 23948 2208975 0.13
61 23 3 23949 23512 0.13
62 24 3 23950 19732448 0.13
63 25 3 23951 31865 0.13
0 27 3 23952 35321 0.13
1 28 3 23953 24068 0.13
2 29 3 23954 9897 0.13
3 30 3 23955 11043 0.13
4 31 3 23956 4561 0.13
5 32 3 23957 178885 0.13
6 33 3 23958 7417 0.13
7 34 3 23959 6613 0.13
8 35 3 23960 61289 0.13
9 36 3 23961 9946 0.13
10 37 3 23962 4140 0.13
11 38 3 23963 1703667 0.13
12 39 3 23964 901806 0.13
13 40 3 23965 164463 0.13
14 41 3 23966 1186404 0.13
15 42 3 23967 58154 0.13
16 43 3 23968 7809 0.13
17 44 3 23969 554488 0.13
18 45 3 23970 8041337 0.13
19 46 3 23971 117920 0.13
20 47 3 23972 178864 0.13
21 48 3 23973 7674014 0.13
22 49 3 23974 20977 0.13
23 50 3 23975 66898 0.13
24 51 3 23976 2284 0.13
25 52 3 23977 11306 0.13
26 53 3 23978 18297 0.13
27 54 3 23979 3623 0.13
28 55 3 23980 2251 0.13
29 56 3 23981 3592027 0.13
30 57 3 23982 25218 0.13
31 58 3 23983 17312 0.13
32 59 3 23984 72526 0.13
33 60 3 23985 666635 0.13
34 61 3 23986 49497 0.13
35 62 3 23987 1091417 0.13
36 63 3 23988 34715 0.13
37 0 3 23989 8632 0.13
38 1 3 23990 35381 0.13
39 2 3 23991 9764079 0.13
40 3 3 23992 55157 0.13
41 4 3 23993 32957 0.13
42 5 3 23994 6106660 0.13
43 6 3 23995 142689 0.13
44 7 3 23996 998841 0.13
45 8 3 23997 2037 0.13
46 9 3 23998 1832066 0.13
47 10 3 23999 8877826 0.13
48 11 3 24000 53646 0.13
49 12 3 24001 70052 0.13
50 13 3 24002 22245894 0.13
51 14 3 24003 9853 0.13
52 15 3 24004 4526573 0.13
53 16 3 24005 24002 0.13
54 17 3 24006 231374 0.13
55 18 3 24007 9075900 0.13
56 19 3 24008 5521921 0.13
57 20 3 24009 1207843 0.13
58 21 3 24010 54123 0.13
59 22 3 24011 1708599 0.13
60 23 3 24012 452303 0.13
61 24 3 24013 1113652 0.13
62 25 3 24014 2006258 0.13
63 26 3 24015 44604 0.13
0 28 3 24016 2013 0.13
1 29 3 24017 69107 0.13
2 30 3 24018 2729721 0.13
3 31 3 24019 73325 0.13
4 32 3 24020 21106 0.13
5 33 3 24021 36503 0.13
6 34 3 24022 669325 0.13
7 35 3 24023 1365454 0.13
8 36 3 24024 74226 0.13
9 37 3 24025 81489 0.13
10 38 3 24026 4687591 0.13
11 39 3 24027 25754046 0.13
12 40 3 24028 299710 0.13
13 41 3 24029 297796 0.13
14 42 3 24030 58062 0.13
15 43 3 24031 8558352 0.13
16 44 3 24032 2008383 0.13
17 45 3 24033 62681 0.13
18 46 3 24034 1191072 0.13
19 47 3 24035 109354 0.13
20 48 3 24036 95072 0.13
21 49 3 24037 1557735 0.13
22 50 3 24038 2426 0.13
23 51 3 24039 36521 0.13
24 52 3 24040 51692 0.13
25 53 3 24041 416341 0.13
26 54 3 24042 1918382 0.13
27 55 3 24043 67196 0.13
28 56 3 24044 4347031 0.13
29 57 3 24045 7074886 0.13
30 58 3 24046 6007514 0.13
31 59 3 24047 270083 0.13
32 60 3 24048 23094 0.13
33 61 3 24049 33035 0.13
34 62 3 24050 184389 0.13
35 63 3 24051 61370 0.13
36 0 3 24052 30056 0.13
37 1 3 24053 616437 0.13
38 2 3 24054 2349 0.13
39 3 3 24055 22947 0.13
40 4 3 24056 5312887 0.13
41 5 3 24057 25414 0.13
42 6 3 24058 26536 0.13
43 7 3 24059 81273 0.13
44 8 3 24060 2373 0.13
45 9 3 24061 8714899 0.13
46 10 3 24062 61365 0.13
47 11 3 24063 49396 0.13
48 12 3 24064 56925 0.13
49 13 3 24065 9188389 0.13
50 14 3 24066 2071735 0.13
51 15 3 24067 27363 0.13
52 16 3 24068 2432740 0.13
53 17 3 24069 108364 0.13
54 18 3 24070 53866 0.13
55 19 3 24071 73481 0.13
56 20 3 24072 8756946 0.13
57 21 3 24073 1946297 0.13
58 22 3 24074 520157 0.13
59 23 3 24075 31240 0.13
60 24 3 24076 201959 0.13
61 25 3 24077 2583 0.13
62 26 3 24078 22578926 0.13
63 27 3 24079 21341 0.13
0 29 3 24080 690308 0.13
1 30 3 24081 28755 0.13
2 31 3 24082 7269 0.13
3 32 3 24083 23483 0.13
4 33 3 24084 22851388 0.13
5 34 3 24085 132722 0.13
6 35 3 24086 35717 0.13
7 36 3 24087 105822 0.13
8 37 3 24088 20025 0.13
9 38 3 24089 880672 0.13
10 39 3 24090 4577 0.13
11 40 3 24091 574743 0.13
12 41 3 24092 8327039 0.13
13 42 3 24093 2109 0.13
14 43 3 24094 8390 0.13
15 44 3 24095 1494102 0.13
16 45 3 24096 25819 0.13
17 46 3 24097 659657 0.13
18 47 3 24098 774486 0.13
19 48 3 24099 53594 0.13
20 49 3 24100 5425324 0.13
21 50 3 24101 20409 0.13
22 51 3 24102 12781 0.13
23 52 3 24103 5832 0.13
24 53 3 24104 7267247 0.13
25 54 3 24105 31898 0.13
26 55 3 24106 101119 0.13
27 56 3 24107 112024 0.13
28 57 3 24108 3801 0.13
29 58 3 24109 18542403 0.13
30 59 3 24110 4196634 0.13
31 60 3 24111 3590908 0.13
32 61 3 24112 2016 0.13
33 62 3 24113 23955 0.13
34 63 3 24114 1786648 0.13
35 0 3 24115 1944265 0.13
36 1 3 24116 8168850 0.13
37 2 3 24117 9653119 0.13
38 3 3 24118 7069 0.13
39 4 3 24119 61836 0.13
40 5 3 24120 7715 0.13
41 6 3 24121 1659997 0.13
42 7 3 24122 1795375 0.13
43 8 3 24123 65068 0.13
44 9 3 24124 7767 0.13
45 10 3 24125 743987 0.13
46 11 3 24126 27830 0.13
47 12 3 24127 4828 0.13
48 13 3 24128 1890000 0.13
49 14 3 24129 40648 0.13
50 15 3 24130 47576 0.13
51 16 3 24131 17860 0.13
52 17 3 24132 8210051 0.13
53 18 3 24133 1253152 0.13
54 19 3 24134 5779995 0.13
55 20 3 24135 362735 0.13
56 21 3 24136 9958722 0.13
57 22 3 24137 1664839 0.13
58 23 3 24138 24748652 0.13
59 24 3 24139 12458 0.13
60 25 3 24140 38420 0.13
61 26 3 24141 78173 0.13
62 27 3 24142 916238 0.13
63 28 3 24143 18834 0.13
0 30 3 24144 24075690 0.13
1 31 3 24145 1573143 0.13
2 32 3 24146 40276 0.13
3 33 3 24147 38036 0.13
4 34 3 24148 47855 0.13
5 35 3 24149 1567563 0.13
6 36 3 24150 6285 0.13
7 37 3 24151 75943 0.13
8 38 3 24152 2354282 0.13
9 39 3 24153 21235 0.13
10 40 3 24154 18028 0.13
11 41 3 24155 499913 0.13
12 42 3 24156 1734633 0.13
13 43 3 24157 1477343 0.13
14 44 3 24158 3683 0.13
15 45 3 24159 25348164 0.13
16 46 3 24160 22675 0.13
17 47 3 24161 656205 0.13
18 48 3 24162 5920197 0.13
19 49 3 24163 71778 0.13
20 50 3 24164 1708390 0.13
21 51 3 24165 47455 0.13
22 52 3 24166 540219 0.13
23 53 3 24167 19822 0.13
24 54 3 24168 2392 0.13
25 55 3 24169 62209 0.13
26 56 3 24170 2018 0.13
27 57 3 24171 41084 0.13
28 58 3 24172 21774929 0.13
29 59 3 24173 7422860 0.13
30 60 3 24174 589734 0.13
31 61 3 24175 53584 0.13
32 62 3 24176 3125573 0.13
33 63 3 24177 9970266 0.13
34 0 3 24178 3860205 0.13
35 1 3 24179 4965 0.13
36 2 3 24180 3290671 0.13
37 3 3 24181 190825 0.13
38 4 3 24182 133849 0.13
39 5 3 24183 7319 0.13
40 6 3 24184 8861 0.13
41 7 3 24185 71772 0.13
42 8 3 24186 27423785 0.13
43 9 3 24187 1259036 0.13
44 10 3 24188 38140 0.13
45 11 3 24189 399572 0.13
46 12 3 24190 2266 0.13
47 13 3 24191 3056801 0.13
48 14 3 24192 33413 0.13
49 15 3 24193 32411 0.13
50 16 3 24194 2664937 0.13
51 17 3 24195 29345 0.13
52 18 3 24196 3759707 0.13
53 19 3 24197 2843 0.13
54 20 3 24198 30041 0.13
55 21 3 24199 9577000 0.13
56 22 3 24200 8953 0.13
57 23 3 24201 25828 0.13
58 24 3 24202 45916 0.13
59 25 3 24203 10607 0.13
60 26 3 24204 37988 0.13
61 27 3 24205 52776 0.13
62 28 3 24206 4207 0.13
63 29 3 24207 81649 0.13
0 31 3 24208 4257 0.13
1 32 3 24209 31677 0.13
2 33 3 24210 29982 0.13
3 34 3 24211 2136 0.13
4 35 3 24212 17502576 0.13
5 36 3 24213 35550 0.13
6 37 3 24214 1118003 0.13
7 38 3 24215 4085146 0.13
8 39 3 24216 7243594 0.13
9 40 3 24217 223251 0.13
10 41 3 24218 3547096 0.13
11 42 3 24219 42506 0.13
12 43 3 24220 5661 0.13
13 44 3 24221 26419 0.13
14 45 3 24222 36757 0.13
15 46 3 24223 4652251 0.13
16 47 3 24224 16523 0.13
17 48 3 24225 21231 0.13
18 49 3 24226 2011147 0.13
19 50 3 24227 23151 0.13
20 51 3 24228 27651 0.13
21 52 3 24229 3244015 0.13
22 53 3 24230 114642 0.13
23 54 3 24231 99382 0.13
24 55 3 24232 3777577 0.13
25 56 3 24233 2347313 0.13
26 57 3 24234 112462 0.13
27 58 3 24235 161191 0.13
28 59 3 24236 923857 0.13
29 60 3 24237 29720 0.13
30 61 3 24238 118342 0.13
31 62 3 24239 29754 0.13
32 63 3 24240 4859774 0.13
33 0 3 24241 1523019 0.13
34 1 3 24242 2376 0.13
35 2 3 24243 6345593 0.13
36 3 3 24244 54654 0.13
37 4 3 24245 663180 0.13
38 5 3 24246 26904 0.13
39 6 3 24247 2643 0.13
40 7 3 24248 3812 0.13
41 8 3 24249 8498844 0.13
42 9 3 24250 179950 0.13
43 10 3 24251 6546 0.13
44 11 3 24252 67763 0.13
45 12 3 24253 65974 0.13
46 13 3 24254 42225 0.13
47 14 3 24255 100510 0.13
48 15 3 24256 26428 0.13
49 16 3 24257 184320 0.13
50 17 3 24258 133469 0.13
51 18 3 24259 1941071 0.13
52 19 3 24260 4740 0.13
53 20 3 24261 13675 0.13
54 21 3 24262 587886 0.13
55 22 3 24263 146883 0.13
56 23 3 24264 4000765 0.13
57 24 3 24265 446711 0.13
58 25 3 24266 2084 0.13
59 26 3 24267 21841 0.13
60 27 3 24268 1081614 0.13
61 28 3 24269 13873 0.13
62 29 3 24270 9092254 0.13
63 30 3 24271 3914758 0.13
0 32 3 24272 75311 0.13
1 33 3 24273 23097898 0.13
2 34 3 24274 2026 0.13
3 35 3 24275 78378 0.13
4 36 3 24276 27331 0.13
5 37 3 24277 1946610 0.13
6 38 3 24278 1762623 0.13
7 39 3 24279 17509 0.13
8 40 3 24280 110109 0.13
9 41 3 24281 3156 0.13
10 42 3 24282 21100 0.13
11 43 3 24283 735058 0.13
12 44 3 24284 18494 0.13
13 45 3 24285 79487 0.13
14 46 3 24286 38853 0.13
15 47 3 24287 51043 0.13
16 48 3 24288 184177 0.13
17 49 3 24289 5767588 0.13
18 50 3 24290 28766 0.13
19 51 3 24291 24903 0.13
20 52 3 24292 3684199 0.13
21 53 3 24293 7971 0.13
22 54 3 24294 54667 0.13
23 55 3 24295 586700 0.13
24 56 3 24296 72540 0.13
25 57 3 24297 15210563 0.13
26 58 3 24298 51279 0.13
27 59 3 24299 18232 0.13
28 60 3 24300 25293 0.13
29 61 3 24301 8255 0.13
30 62 3 24302 16871 0.13
31 63 3 24303 526564 0.13
32 0 3 24304 7598 0.13
33 1 3 24305 768190 0.13
34 2 3 24306 8595 0.13
35 3 3 24307 2369 0.13
36 4 3 24308 28763319 0.13
37 5 3 24309 1448801 0.13
38 6 3 24310 1312524 0.13
39 7 3 24311 872545 0.13
40 8 3 24312 8636 0.13
41 9 3 24313 21813 0.13
42 10 3 24314 9242843 0.13
43 11 3 24315 156413 0.13
44 12 3 24316 614823 0.13
45 13 3 24317 1172365 0.13
46 14 3 24318 2899121 0.13
47 15 3 24319 2068 0.13
48 16 3 24320 6556 0.13
49 17 3 24321 20633 0.13
50 18 3 24322 9550 0.13
51 19 3 24323 1243142 0.13
52 20 3 24324 1855974 0.13
53 21 3 24325 4064034 0.13
54 22 3 24326 35022 0.13
55 23 3 24327 52567 0.13
56 24 3 24328 676161 0.13
57 25 3 24329 842516 0.13
58 26 3 24330 60018 0.13
59 27 3 24331 20154 0.13
60 28 3 24332 480412 0.13
61 29 3 24333 20678 0.13
62 30 3 24334 40635 0.13
63 31 3 24335 4098532 0.13
0 33 3 24336 3743407 0.13
1 34 3 24337 698428 0.13
2 35 3 24338 70749 0.13
3 36 3 24339 8510214 0.13
4 37 3 24340 58642 0.13
5 38 3 24341 25211 0.13
6 39 3 24342 57683 0.13
7 40 3 24343 11721 0.13
8 41 3 24344 1813930 0.13
9 42 3 24345 3010701 0.13
10 43 3 24346 1483243 0.13
11 44 3 24347 78680 0.13
12 45 3 24348 20383 0.13
13 46 3 24349 6833 0.13
14 47 3 24350 28720 0.13
15 48 3 24351 28344 0.13
16 49 3 24352 15412 0.13
17 50 3 24353 1690535 0.13
18 51 3 24354 66900 0.13
19 52 3 24355 1626333 0.13
20 53 3 24356 3570 0.13
21 54 3 24357 62560 0.13
22 55 3 24358 30639 0.13
23 56 3 24359 22431 0.13
24 57 3 24360 20092 0.13
25 58 3 24361 3915434 0.13
26 59 3 24362 3184039 0.13
27 60 3 24363 9536298 0.13
28 61 3 24364 26963 0.13
29 62 3 24365 68542 0.13
30 63 3 24366 58799 0.13
31 0 3 24367 8678 0.13
32 1 3 24368 1810078 0.13
33 2 3 24369 561762 0.13
34 3 3 24370 46916 0.13
35 4 3 24371 20995411 0.13
36 5 3 24372 117279 0.13
37 6 3 24373 535107 0.13
38 7 3 24374 9575 0.13
39 8 3 24375 26767 0.13
40 9 3 24376 44166 0.13
41 10 3 24377 25481 0.13
42 11 3 24378 5918 0.13
43 12 3 24379 3860072 0.13
44 13 3 24380 76880 0.13
45 14 3 24381 32043 0.13
46 15 3 24382 50857 0.13
47 16 3 24383 3407 0.13
48 17 3 24384 9082437 0.13
49 18 3 24385 6569 0.13
50 19 3 24386 4963270 0.13
51 20 3 24387 25209 0.13
52 21 3 24388 24429 0.13
53 22 3 24389 9119925 0.13
54 23 3 24390 7240830 0.13
55 24 3 24391 3675504 0.13
56 25 3 24392 156137 0.13
57 26 3 24393 6745048 0.13
58 27 3 24394 6559105 0.13
59 28 3 24395 420154 0.13
60 29 3 24396 14967830 0.13
61 30 3 24397 2016 0.13
62 31 3 24398 9187251 0.13
63 32 3 24399 35475 0.13
0 34 3 24400 917102 0.13
1 35 3 24401 120924 0.13
2 36 3 24402 145058 0.13
3 37 3 24403 2007 0.13
4 38 3 24404 18683 0.13
5 39 3 24405 6677 0.13
6 40 3 24406 31267 0.13
7 41 3 24407 1641622 0.13
8 42 3 24408 25116 0.13
9 43 3 24409 2137795 0.13
10 44 3 24410 176329 0.13
11 45 3 24411 430776 0.13
12 46 3 24412 758690 0.13
13 47 3 24413 9332427 0.13
14 48 3 24414 140369 0.13
15 49 3 24415 41377 0.13
16 50 3 24416 45984 0.13
17 51 3 24417 396953 0.13
18 52 3 24418 4707712 0.13
19 53 3 24419 34943 0.13
20 54 3 24420 3733893 0.13
21 55 3 24421 41376 0.13
22 56 3 24422 1589265 0.13
23 57 3 24423 84261 0.13
24 58 3 24424 71496 0.13
25 59 3 24425 57113 0.13
26 60 3 24426 135603 0.13
27 61 3 24427 917834 0.13
28 62 3 24428 6255 0.13
29 63 3 24429 4877759 0.13
30 0 3 24430 23130 0.13
31 1 3 24431 3996546 0.13
32 2 3 24432 20495 0.13
33 3 3 24433 52852 0.13
34 4 3 24434 27304035 0.13
35 5 3 24435 4082 0.13
36 6 3 24436 847686 0.13
37 7 3 24437 13951511 0.13
38 8 3 24438 59526 0.13
39 9 3 24439 8857 0.13
40 10 3 24440 1380244 0.13
41 11 3 24441 21847 0.13
42 12 3 24442 5779 0.13
43 13 3 24443 25645 0.13
44 14 3 24444 6300246 0.13
45 15 3 24445 52108 0.13
46 16 3 24446 24210388 0.13
47 17 3 24447 544153 0.13
48 18 3 24448 4694046 0.13
49 19 3 24449 4793082 0.13
50 20 3 24450 5543 0.13
51 21 3 24451 6683368 0.13
52 22 3 24452 294192 0.13
53 23 3 24453 5545 0.13
54 24 3 24454 25031 0.13
55 25 3 24455 197125 0.13
56 26 3 24456 1464177 0.13
57 27 3 24457 7733693 0.13
58 28 3 24458 24120 0.13
59 29 3 24459 67541 0.13
60 30 3 24460 27708 0.13
61 31 3 24461 13407 0.13
62 32 3 24462 1573263 0.13
63 33 3 24463 1286645 0.13
0 35 3 24464 6873444 0.13
1 36 3 24465 70665 0.13
2 37 3 24466 24837970 0.13
3 38 3 24467 1957222 0.13
4 39 3 24468 4624048 0.13
5 40 3 24469 6007 0.13
6 41 3 24470 73930 0.13
7 42 3 24471 22932 0.13
8 43 3 24472 158299 0.13
9 44 3 24473 2000 0.13
10 45 3 24474 971032 0.13
11 46 3 24475 7475344 0.13
12 47 3 24476 1533273 0.13
13 48 3 24477 125063 0.13
14 49 3 24478 12858 0.13
15 50 3 24479 1389006 0.13
16 51 3 24480 17136600 0.13
17 52 3 24481 151492 0.13
18 53 3 24482 738388 0.13
19 54 3 24483 18508 0.13
20 55 3 24484 2669420 0.13
21 56 3 24485 23421 0.13
22 57 3 24486 2436 0.13
23 58 3 24487 15878 0.13
24 59 3 24488 2818323 0.13
25 60 3 24489 19528 0.13
26 61 3 24490 29499 0.13
27 62 3 24491 3289 0.13
28 63 3 24492 61415 0.13
29 0 3 24493 349169 0.13
30 1 3 24494 2253 0.13
31 2 3 24495 1257438 0.13
32 3 3 24496 1240618 0.13
33 4 3 24497 43328 0.13
34 5 3 24498 1565893 0.13
35 6 3 24499 1610926 0.13
36 7 3 24500 3042391 0.13
37 8 3 24501 57343 0.13
38 9 3 24502 903337 0.13
39 10 3 24503 3008590 0.13
40 11 3 24504 11813 0.13
41 12 3 24505 45617 0.13
42 13 3 24506 14275 0.13
43 14 3 24507 2301 0.13
44 15 3 24508 15019 0.13
45 16 3 24509 3287231 0.13
46 17 3 24510 54697 0.13
47 18 3 24511 4937 0.13
48 19 3 24512 11506 0.13
49 20 3 24513 4124 0.13
50 21 3 24514 53473 0.13
51 22 3 24515 57988 0.13
52 23 3 24516 997500 0.13
53 24 3 24517 13237 0.13
54 25 3 24518 1136970 0.13
55 26 3 24519 1137223 0.13
56 27 3 24520 4514859 0.13
57 28 3 24521 81484 0.13
58 29 3 24522 5065275 0.13
59 30 3 24523 185742 0.13
60 31 3 24524 9420793 0.13
61 32 3 24525 175349 0.13
62 33 3 24526 36009 0.13
63 34 3 24527 62243 0.13
0 36 3 24528 2863266 0.13
1 37 3 24529 190176 0.13
2 38 3 24530 684132 0.13
3 39 3 24531 21558 0.13
4 40 3 24532 61321 0.13
5 41 3 24533 14427 0.13
6 42 3 24534 3100700 0.13
7 43 3 24535 60402 0.13
8 44 3 24536 33146 0.13
9 45 3 24537 250250 0.13
10 46 3 24538 6872365 0.13
11 47 3 24539 1983021 0.13
12 48 3 24540 3068711 0.13
13 49 3 24541 19253 0.13
14 50 3 24542 29553 0.13
15 51 3 24543 1725580 0.13
16 52 3 24544 64969 0.13
17 53 3 24545 5371 0.13
18 54 3 24546 168118 0.13
19 55 3 24547 1966017 0.13
20 56 3 24548 8142 0.13
21 57 3 24549 2765 0.13
22 58 3 24550 1370035 0.13
23 59 3 24551 86073 0.13
24 60 3 24552 3715273 0.13
25 61 3 24553 131539 0.13
26 62 3 24554 48921 0.13
27 63 3 24555 597242 0.13
28 0 3 24556 1124489 0.13
29 1 3 24557 2501130 0.13
30 2 3 24558 2698 0.13
31 3 3 24559 15958 0.13
32 4 3 24560 4273972 0.13
33 5 3 24561 1989428 0.13
34 6 3 24562 24048 0.13
35 7 3 24563 2553 0.13
36 8 3 24564 3749094 0.13
37 9 3 24565 103435 0.13
38 10 3 24566 4192 0.13
39 11 3 24567 95433 0.13
40 12 3 24568 4849 0.13
41 13 3 24569 78863 0.13
42 14 3 24570 5547 0.13
43 15 3 24571 26114 0.13
44 16 3 24572 112412 0.13
45 17 3 24573 2843303 0.13
46 18 3 24574 2420 0.13
47 19 3 24575 70886 0.13
48 20 3 24576 3137042 0.13
49 21 3 24577 9176 0.13
50 22 3 24578 1900281 0.13
51 23 3 24579 990204 0.13
52 24 3 24580 5256 0.13
53 25 3 24581 9825 0.13
54 26 3 24582 59772 0.13
55 27 3 24583 55105 0.13
56 28 3 24584 470835 0.13
57 29 3 24585 4610 0.13
58 30 3 24586 1601395 0.13
59 31 3 24587 64053 0.13
60 32 3 24588 850711 0.13
61 33 3 24589 25167925 0.13
62 34 3 24590 37536 0.13
63 35 3 24591 2274 0.13
0 37 3 24592 2057 0.13
1 38 3 24593 2197 0.13
2 39 3 24594 719057 0.13
3 40 3 24595 2156 0.13
4 41 3 24596 2287924 0.13
5 42 3 24597 2237 0.13
6 43 3 24598 34499 0.13
7 44 3 24599 1575585 0.13
8 45 3 24600 2239164 0.13
9 46 3 24601 175726 0.13
10 47 3 24602 4784 0.13
11 48 3 24603 18084 0.13
12 49 3 24604 8792046 0.13
13 50 3 24605 5878 0.13
14 51 3 24606 1836496 0.13
15 52 3 24607 95482 0.13
16 53 3 24608 44307 0.13
17 54 3 24609 1874657 0.13
18 55 3 24610 1484717 0.13
19 56 3 24611 238966 0.13
20 57 3 24612 1192254 0.13
21 58 3 24613 22268603 0.13
22 59 3 24614 32568 0.13
23 60 3 24615 777428 0.13
24 61 3 24616 1946895 0.13
25 62 3 24617 74004 0.13
26 63 3 24618 28986 0.13
27 0 3 24619 29213 0.13
28 1 3 24620 11854 0.13
29 2 3 24621 107043 0.13
30 3 3 24622 9835 0.13
31 4 3 24623 745148 0.13
32 5 3 24624 97165 0.13
33 6 3 24625 28718 0.13
34 7 3 24626 78205 0.13
35 8 3 24627 1679871 0.13
36 9 3 24628 10115 0.13
37 10 3 24629 2730710 0.13
38 11 3 24630 28897 0.13
39 12 3 24631 373239 0.13
40 13 3 24632 2399 0.13
41 14 3 24633 45889 0.13
42 15 3 24634 2371 0.13
43 16 3 24635 58005 0.13
44 17 3 24636 2183 0.13
45 18 3 24637 198648 0.13
46 19 3 24638 2013 0.13
47 20 3 24639 26128 0.13
48 21 3 24640 24561 0.13
49 22 3 24641 39070 0.13
50 23 3 24642 38297 0.13
51 24 3 24643 42293 0.13
52 25 3 24644 76744 0.13
53 26 3 24645 80060 0.13
54 27 3 24646 51196 0.13
55 28 3 24647 136574 0.13
56 29 3 24648 23580 0.13
57 30 3 24649 9941 0.13
58 31 3 24650 26940 0.13
59 32 3 24651 22784 0.13
60 33 3 24652 34328 0.13
61 34 3 24653 690591 0.13
62 35 3 24654 43242 0.13
63 36 3 24655 2647346 0.13
0 38 3 24656 1851399 0.13
1 39 3 24657 45065 0.13
2 40 3 24658 2391 0.13
3 41 3 24659 1142881 0.13
4 42 3 24660 400135 0.13
5 43 3 24661 2712 0.13
6 44 3 24662 20791 0.13
7 45 3 24663 52350 0.13
8 46 3 24664 3680768 0.13
9 47 3 24665 128449 0.13
10 48 3 24666 344728 0.13
11 49 3 24667 1865232 0.13
12 50 3 24668 2084 0.13
13 51 3 24669 395185 0.13
14 52 3 24670 489959 0.13
15 53 3 24671 7756930 0.13
16 54 3 24672 6760168 0.13
17 55 3 24673 16953 0.13
18 56 3 24674 3516 0.13
19 57 3 24675 26781 0.13
20 58 3 24676 2459 0.13
21 59 3 24677 7792 0.13
22 60 3 24678 48335 0.13
23 61 3 24679 3046946 0.13
24 62 3 24680 7941 0.13
25 63 3 24681 124217 0.13
26 0 3 24682 79836 0.13
27 1 3 24683 2024 0.13
28 2 3 24684 404627 0.13
29 3 3 24685 25866 0.13
30 4 3 24686 3708372 0.13
31 5 3 24687 15489 0.13
32 6 3 24688 8460372 0.13
33 7 3 24689 72718 0.13
34 8 3 24690 7207127 0.13
35 9 3 24691 76691 0.13
36 10 3 24692 45617 0.13
37 11 3 24693 1638528 0.13
38 12 3 24694 79612 0.13
39 13 3 24695 3491 0.13
40 14 3 24696 26779 0.13
41 15 3 24697 10972 0.13
42 16 3 24698 3587 0.13
43 17 3 24699 973156 0.13
44 18 3 24700 352597 0.13
45 19 3 24701 29515 0.13
46 20 3 24702 14174 0.13
47 21 3 24703 151006 0.13
48 22 3 24704 755961 0.13
49 23 3 24705 1305517 0.13
50 24 3 24706 51763 0.13
51 25 3 24707 11718 0.13
52 26 3 24708 24271 0.13
53 27 3 24709 54569 0.13
54 28 3 24710 1169911 0.13
55 29 3 24711 43651 0.13
56 30 3 24712 1252285 0.13
57 31 3 24713 79612 0.13
58 32 3 24714 21387 0.13
59 33 3 24715 31917 0.13
60 34 3 24716 1782948 0.13
61 35 3 24717 4751 0.13
62 36 3 24718 4203325 0.13
63 37 3 24719 2661107 0.13
0 39 3 24720 29162 0.13
1 40 3 24721 18138927 0.13
2 41 3 24722 47976 0.13
3 42 3 24723 40935 0.13
4 43 3 24724 1502929 0.13
5 44 3 24725 1576580 0.13
6 45 3 24726 3988203 0.13
7 46 3 24727 2397 0.13
8 47 3 24728 50756 0.13
9 48 3 24729 22907 0.13
10 49 3 24730 806007 0.13
11 50 3 24731 37986 0.13
12 51 3 24732 865467 0.13
13 52 3 24733 29383 0.13
14 53 3 24734 9229887 0.13
15 54 3 24735 5816639 0.13
16 55 3 24736 2143 0.13
17 56 3 24737 4922 0.13
18 57 3 24738 45454 0.13
19 58 3 24739 52582 0.13
20 59 3 24740 27978 0.13
21 60 3 24741 29060 0.13
22 61 3 24742 158358 0.13
23 62 3 24743 2441657 0.13
24 63 3 24744 74280 0.13
25 0 3 24745 6289388 0.13
26 1 3 24746 1720368 0.13
27 2 3 24747 1307800 0.13
28 3 3 24748 43674 0.13
29 4 3 24749 124726 0.13
30 5 3 24750 73300 0.13
31 6 3 24751 15690 0.13
32 7 3 24752 18199960 0.13
33 8 3 24753 36310 0.13
34 9 3 24754 11650745 0.13
35 10 3 24755 65157 0.13
36 11 3 24756 2952600 0.13
37 12 3 24757 3307 0.13
38 13 3 24758 906058 0.13
39 14 3 24759 2333 0.13
40 15 3 24760 894619 0.13
41 16 3 24761 3026 0.13
42 17 3 24762 3588961 0.13
43 18 3 24763 23881 0.13
44 19 3 24764 6177564 0.13
45 20 3 24765 20893 0.13
46 21 3 24766 1650464 0.13
47 22 3 24767 41012 0.13
48 23 3 24768 2855767 0.13
49 24 3 24769 25771 0.13
50 25 3 24770 33014 0.13
51 26 3 24771 1088780 0.13
52 27 3 24772 48944 0.13
53 28 3 24773 22187 0.13
54 29 3 24774 9313 0.13
55 30 3 24775 6174 0.13
56 31 3 24776 5620 0.13
57 32 3 24777 199751 0.13
58 33 3 24778 79125 0.13
59 34 3 24779 1212517 0.13
60 35 3 24780 1873730 0.13
61 36 3 24781 104647 0.13
62 37 3 24782 251651 0.13
63 38 3 24783 19723 0.13
0 40 3 24784 188544 0.13
1 41 3 24785 446988 0.13
2 42 3 24786 19598 0.13
3 43 3 24787 21678 0.13
4 44 3 24788 51152 0.13
5 45 3 24789 34604 0.13
6 46 3 24790 22571 0.13
7 47 3 24791 4471483 0.13
8 48 3 24792 3644405 0.13
9 49 3 24793 1233608 0.13
10 50 3 24794 9015042 0.13
11 51 3 24795 6295028 0.13
12 52 3 24796 295001 0.13
13 53 3 24797 74204 0.13
14 54 3 24798 1583983 0.13
15 55 3 24799 35488 0.13
16 56 3 24800 47868 0.13
17 57 3 24801 64241 0.13
18 58 3 24802 73234 0.13
19 59 3 24803 51660 0.13
20 60 3 24804 118656 0.13
21 61 3 24805 3920476 0.13
22 62 3 24806 4754716 0.13
23 63 3 24807 2053 0.13
24 0 3 24808 16965 0.13
25 1 3 24809 2610465 0.13
26 2 3 24810 28175406 0.13
27 3 3 24811 2225 0.13
28 4 3 24812 6539 0.13
29 5 3 24813 1786330 0.13
30 6 3 24814 6961 0.13
31 7 3 24815 8232 0.13
32 8 3 24816 195194 0.13
33 9 3 24817 6737605 0.13
34 10 3 24818 24438 0.13
35 11 3 24819 45458 0.13
36 12 3 24820 66678 0.13
37 13 3 24821 1028386 0.13
38 14 3 24822 26388 0.13
39 15 3 24823 28364 0.13
40 16 3 24824 16001161 0.13
41 17 3 24825 7576 0.13
42 18 3 24826 1247776 0.13
43 19 3 24827 53579 0.13
44 20 3 24828 2015 0.13
45 21 3 24829 368464 0.13
46 22 3 24830 21370 0.13
47 23 3 24831 43580 0.13
48 24 3 24832 1920825 0.13
49 25 3 24833 8714 0.13
50 26 3 24834 3056 0.13
51 27 3 24835 32245 0.13
52 28 3 24836 3963 0.13
53 29 3 24837 7853 0.13
54 30 3 24838 79068 0.13
55 31 3 24839 1718674 0.13
56 32 3 24840 28683 0.13
57 33 3 24841 95821 0.13
58 34 3 24842 22584 0.13
59 35 3 24843 49400 0.13
60 36 3 24844 67849 0.13
61 37 3 24845 3141956 0.13
62 38 3 24846 176955 0.13
63 39 3 24847 1565211 0.13
0 41 3 24848 51679 0.13
1 42 3 24849 14120 0.13
2 43 3 24850 1229540 0.13
3 44 3 24851 7971438 0.13
4 45 3 24852 252546 0.13
5 46 3 24853 74427 0.13
6 47 3 24854 4145 0.13
7 48 3 24855 61836 0.13
8 49 3 24856 37038 0.13
9 50 3 24857 54215 0.13
10 51 3 24858 5455 0.13
11 52 3 24859 7412705 0.13
12 53 3 24860 963336 0.13
13 54 3 24861 3718318 0.13
14 55 3 24862 29394 0.13
15 56 3 24863 77618 0.13
16 57 3 24864 51672 0.13
17 58 3 24865 1471453 0.13
18 59 3 24866 2887492 0.13
19 60 3 24867 443823 0.13
20 61 3 24868 1780184 0.13
21 62 3 24869 37498 0.13
22 63 3 24870 71317 0.13
23 0 3 24871 49099 0.13
24 1 3 24872 58162 0.13
25 2 3 24873 1907319 0.13
26 3 3 24874 2451 0.13
27 4 3 24875 949490 0.13
28 5 3 24876 7321 0.13
29 6 3 24877 8302 0.13
30 7 3 24878 1803067 0.13
31 8 3 24879 2089 0.13
32 9 3 24880 2395 0.13
33 10 3 24881 18587 0.13
34 11 3 24882 23505507 0.13
35 12 3 24883 77751 0.13
36 13 3 24884 20318 0.13
37 14 3 24885 48117 0.13
38 15 3 24886 4536188 0.13
39 16 3 24887 5186 0.13
40 17 3 24888 4137055 0.13
41 18 3 24889 2196 0.13
42 19 3 24890 10798 0.13
43 20 3 24891 62837 0.13
44 21 3 24892 34075 0.13
45 22 3 24893 1451612 0.13
46 23 3 24894 5996 0.13
47 24 3 24895 15101 0.13
48 25 3 24896 21860 0.13
49 26 3 24897 4924808 0.13
50 27 3 24898 41159 0.13
51 28 3 24899 2521930 0.13
52 29 3 24900 75171 0.13
53 30 3 24901 16680 0.13
54 31 3 24902 152071 0.13
55 32 3 24903 69704 0.13
56 33 3 24904 3422951 0.13
57 34 3 24905 55647 0.13
58 35 3 24906 133778 0.13
59 36 3 24907 5172704 0.13
60 37 3 24908 369429 0.13
61 38 3 24909 19279918 0.13
62 39 3 24910 2941746 0.13
63 40 3 24911 29040 0.13
0 42 3 24912 9509218 0.13
1 43 3 24913 7266 0.13
2 44 3 24914 30801 0.13
3 45 3 24915 122052 0.13
4 46 3 24916 1938113 0.13
5 47 3 24917 20097932 0.13
6 48 3 24918 1802432 0.13
7 49 3 24919 38521 0.13
8 50 3 24920 23742 0.13
9 51 3 24921 3885010 0.13
10 52 3 24922 5908876 0.13
11 53 3 24923 1366581 0.13
12 54 3 24924 79678 0.13
13 55 3 24925 51720 0.13
14 56 3 24926 21196 0.13
15 57 3 24927 561084 0.13
16 58 3 24928 316068 0.13
17 59 3 24929 7930 0.13
18 60 3 24930 6197 0.13
19 61 3 24931 44112 0.13
20 62 3 24932 928862 0.13
21 63 3 24933 2090 0.13
22 0 3 24934 2667705 0.13
23 1 3 24935 74784 0.13
24 2 3 24936 25460334 0.13
25 3 3 24937 167160 0.13
26 4 3 24938 3538 0.13
27 5 3 24939 28934 0.13
28 6 3 24940 155578 0.13
29 7 3 24941 7497256 0.13
30 8 3 24942 1146527 0.13
31 9 3 24943 62255 0.13
32 10 3 24944 25524 0.13
33 11 3 24945 2219745 0.13
34 12 3 24946 50658 0.13
35 13 3 24947 196314 0.13
36 14 3 24948 153349 0.13
37 15 3 24949 8042210 0.13
38 16 3 24950 54785 0.13
39 17 3 24951 395871 0.13
40 18 3 24952 2242101 0.13
41 19 3 24953 4087399 0.13
42 20 3 24954 654169 0.13
43 21 3 24955 2908465 0.13
44 22 3 24956 533994 0.13
45 23 3 24957 1594946 0.13
46 24 3 24958 1460190 0.13
47 25 3 24959 807268 0.13
48 26 3 24960 1610843 0.13
49 27 3 24961 3626064 0.13
50 28 3 24962 5275 0.13
51 29 3 24963 78202 0.13
52 30 3 24964 9614 0.13
53 31 3 24965 1835307 0.13
54 32 3 24966 164479 0.13
55 33 3 24967 494216 0.13
56 34 3 24968 146447 0.13
57 35 3 24969 9754 0.13
58 36 3 24970 140582 0.13
59 37 3 24971 29440 0.13
60 38 3 24972 1722995 0.13
61 39 3 24973 4620152 0.13
62 40 3 24974 147682 0.13
63 41 3 24975 1922985 0.13
0 43 3 24976 3705039 0.13
1 44 3 24977 8806320 0.13
2 45 3 24978 4716190 0.13
3 46 3 24979 6668 0.13
4 47 3 24980 3175591 0.13
5 48 3 24981 2212322 0.13
6 49 3 24982 22302 0.13
7 50 3 24983 1805281 0.13
8 51 3 24984 1762687 0.13
9 52 3 24985 56894 0.13
10 53 3 24986 138140 0.13
11 54 3 24987 9330573 0.13
12 55 3 24988 2834 0.13
13 56 3 24989 377742 0.13
14 57 3 24990 2139 0.13
15 58 3 24991 127843 0.13
16 59 3 24992 11000 0.13
17 60 3 24993 521915 0.13
18 61 3 24994 63195 0.13
19 62 3 24995 54085 0.13
20 63 3 24996 4748224 0.13
21 0 3 24997 535487 0.13
22 1 3 24998 14782 0.13
23 2 3 24999 21590 0.13
24 3 3 25000 134273 0.13
25 4 3 25001 26461251 0.13
26 5 3 25002 22811 0.13
27 6 3 25003 253848 0.13
28 7 3 25004 35155 0.13
29 8 3 25005 700346 0.13
30 9 3 25006 5561429 0.13
31 10 3 25007 601516 0.13
32 11 3 25008 4955656 0.13
33 12 3 25009 77740 0.13
34 13 3 25010 658073 0.13
35 14 3 25011 133405 0.13
36 15 3 25012 2087 0.13
37 16 3 25013 2563189 0.13
38 17 3 25014 28470 0.13
39 18 3 25015 2015 0.13
40 19 3 25016 38936 0.13
41 20 3 25017 51724 0.13
42 21 3 25018 708663 0.13
43 22 3 25019 17732033 0.13
44 23 3 25020 5160607 0.13
45 24 3 25021 142173 0.13
46 25 3 25022 57880 0.13
47 26 3 25023 2232 0.13
48 27 3 25024 2137557 0.13
49 28 3 25025 1840760 0.13
50 29 3 25026 51437 0.13
51 30 3 25027 1631052 0.13
52 31 3 25028 104857 0.13
53 32 3 25029 9728 0.13
54 33 3 25030 687348 0.13
55 34 3 25031 5544 0.13
56 35 3 25032 115338 0.13
57 36 3 25033 153565 0.13
58 37 3 25034 38943 0.13
59 38 3 25035 442822 0.13
60 39 3 25036 6675815 0.13
61 40 3 25037 21663 0.13
62 41 3 25038 134504 0.13
63 42 3 25039 2262264 0.13
0 44 3 25040 5877 0.13
1 45 3 25041 2918425 0.13
2 46 3 25042 4468606 0.13
3 47 3 25043 1664910 0.13
4 48 3 25044 2216973 0.13
5 49 3 25045 32738 0.13
6 50 3 25046 37370 0.13
7 51 3 25047 6701856 0.13
8 52 3 25048 7614 0.13
9 53 3 25049 3299235 0.13
10 54 3 25050 1772186 0.13
11 55 3 25051 49734 0.13
12 56 3 25052 9916 0.13
13 57 3 25053 178762 0.13
14 58 3 25054 1731448 0.13
15 59 3 25055 3492906 0.13
16 60 3 25056 27190 0.13
17 61 3 25057 4969817 0.13
18 62 3 25058 3639107 0.13
19 63 3 25059 2975898 0.13
20 0 3 25060 12849 0.13
21 1 3 25061 1523328 0.13
22 2 3 25062 2004 0.13
23 3 3 25063 741730 0.13
24 4 3 25064 76284 0.13
25 5 3 25065 203139 0.13
26 6 3 25066 5524215 0.13
27 7 3 25067 47857 0.13
28 8 3 25068 28962328 0.13
29 9 3 25069 7342 0.13
30 10 3 25070 16433698 0.13
31 11 3 25071 47437 0.13
32 12 3 25072 20205 0.13
33 13 3 25073 4684 0.13
34 14 3 25074 18666 0.13
35 15 3 25075 295118 0.13
36 16 3 25076 2706816 0.13
37 17 3 25077 2699743 0.13
38 18 3 25078 2173 0.13
39 19 3 25079 8238822 0.13
40 20 3 25080 45038 0.13
41 21 3 25081 2919 0.13
42 22 3 25082 586281 0.13
43 23 3 25083 4607 0.13
44 24 3 25084 438896 0.13
45 25 3 25085 4121 0.13
46 26 3 25086 1377303 0.13
47 27 3 25087 2802 0.13
48 28 3 25088 51797 0.13
49 29 3 25089 15437 0.13
50 30 3 25090 436297 0.13
51 31 3 25091 19179 0.13
52 32 3 25092 169935 0.13
53 33 3 25093 59995 0.13
54 34 3 25094 52569 0.13
55 35 3 25095 9491 0.13
56 36 3 25096 1299763 0.13
57 37 3 25097 22051 0.13
58 38 3 25098 27980 0.13
59 39 3 25099 2084 0.13
60 40 3 25100 71985 0.13
61 41 3 25101 59852 0.13
62 42 3 25102 28150 0.13
63 43 3 25103 12462 0.13
0 45 3 25104 1143153 0.13
1 46 3 25105 61313 0.13
2 47 3 25106 9178 0.13
3 48 3 25107 50742 0.13
4 49 3 25108 3890489 0.13
5 50 3 25109 771147 0.13
6 51 3 25110 193677 0.13
7 52 3 25111 38910 0.13
8 53 3 25112 123653 0.13
9 54 3 25113 5444 0.13
10 55 3 25114 4173450 0.13
11 56 3 25115 1249881 0.13
12 57 3 25116 2780180 0.13
13 58 3 25117 6630635 0.13
14 59 3 25118 6649289 0.13
15 60 3 25119 17988303 0.13
16 61 3 25120 140722 0.13
17 62 3 25121 7320369 0.13
18 63 3 25122 3675 0.13
19 0 3 25123 1777398 0.13
20 1 3 25124 2136 0.13
21 2 3 25125 7612462 0.13
22 3 3 25126 797059 0.13
23 4 3 25127 26279 0.13
24 5 3 25128 10197981 0.13
25 6 3 25129 19687 0.13
26 7 3 25130 62430 0.13
27 8 3 25131 5243 0.13
28 9 3 25132 8613 0.13
29 10 3 25133 7241901 0.13
30 11 3 25134 41575 0.13
31 12 3 25135 7186503 0.13
32 13 3 25136 20261 0.13
33 14 3 25137 6129955 0.13
34 15 3 25138 50302 0.13
35 16 3 25139 65506 0.13
36 17 3 25140 6940486 0.13
37 18 3 25141 64828 0.13
38 19 3 25142 20491 0.13
39 20 3 25143 27407242 0.13
40 21 3 25144 5545565 0.13
41 22 3 25145 824261 0.13
42 23 3 25146 4501 0.13
43 24 3 25147 12676 0.13
44 25 3 25148 45965 0.13
45 26 3 25149 21887 0.13
46 27 3 25150 55053 0.13
47 28 3 25151 2755021 0.13
48 29 3 25152 16362808 0.13
49 30 3 25153 33551 0.13
50 31 3 25154 65629 0.13
51 32 3 25155 107621 0.13
52 33 3 25156 14288738 0.13
53 34 3 25157 45196 0.13
54 35 3 25158 18077 0.13
55 36 3 25159 60959 0.13
56 37 3 25160 4742016 0.13
57 38 3 25161 106037 0.13
58 39 3 25162 31419 0.13
59 40 3 25163 187237 0.13
60 41 3 25164 1259866 0.13
61 42 3 25165 13738 0.13
62 43 3 25166 163668 0.13
63 44 3 25167 2470 0.13
0 46 3 25168 3923684 0.13
1 47 3 25169 29401 0.13
2 48 3 25170 2406 0.13
3 49 3 25171 2523839 0.13
4 50 3 25172 57190 0.13
5 51 3 25173 28476 0.13
6 52 3 25174 2703 0.13
7 53 3 25175 61939 0.13
8 54 3 25176 856389 0.13
9 55 3 25177 2960012 0.13
10 56 3 25178 49671 0.13
11 57 3 25179 87168 0.13
12 58 3 25180 6977425 0.13
13 59 3 25181 5360199 0.13
14 60 3 25182 1409164 0.13
15 61 3 25183 72998 0.13
16 62 3 25184 76167 0.13
17 63 3 25185 6083609 0.13
18 0 3 25186 4262 0.13
19 1 3 25187 3018735 0.13
20 2 3 25188 512499 0.13
21 3 3 25189 4345444 0.13
22 4 3 25190 4827986 0.13
23 5 3 25191 181130 0.13
24 6 3 25192 2819683 0.13
25 7 3 25193 6187 0.13
26 8 3 25194 18677 0.13
27 9 3 25195 77559 0.13
28 10 3 25196 12452260 0.13
29 11 3 25197 14323 0.13
30 12 3 25198 107642 0.13
31 13 3 25199 1345479 0.13
32 14 3 25200 71070 0.13
33 15 3 25201 1312285 0.13
34 16 3 25202 251952 0.13
35 17 3 25203 23386 0.13
36 18 3 25204 56004 0.13
37 19 3 25205 2790011 0.13
38 20 3 25206 4241997 0.13
39 21 3 25207 96045 0.13
40 22 3 25208 4299291 0.13
41 23 3 25209 3442282 0.13
42 24 3 25210 15443 0.13
43 25 3 25211 852253 0.13
44 26 3 25212 33688 0.13
45 27 3 25213 2222 0.13
46 28 3 25214 22890 0.13
47 29 3 25215 1502712 0.13
48 30 3 25216 9269098 0.13
49 31 3 25217 2138 0.13
50 32 3 25218 1856076 0.13
51 33 3 25219 180477 0.13
52 34 3 25220 1191829 0.13
53 35 3 25221 56620 0.13
54 36 3 25222 845962 0.13
55 37 3 25223 26311794 0.13
56 38 3 25224 62363 0.13
57 39 3 25225 1001115 0.13
58 40 3 25226 50613 0.13
59 41 3 25227 7728170 0.13
60 42 3 25228 23594 0.13
61 43 3 25229 51173 0.13
62 44 3 25230 1798858 0.13
63 45 3 25231 9723 0.13
0 47 3 25232 1924040 0.13
1 48 3 25233 43017 0.13
2 49 3 25234 2011 0.13
3 50 3 25235 98206 0.13
4 51 3 25236 4904 0.13
5 52 3 25237 3220419 0.13
6 53 3 25238 16089 0.13
7 54 3 25239 433399 0.13
8 55 3 25240 35578 0.13
9 56 3 25241 11843 0.13
10 57 3 25242 24767200 0.13
11 58 3 25243 829976 0.13
12 59 3 25244 676441 0.13
13 60 3 25245 2074 0.13
14 61 3 25246 37010 0.13
15 62 3 25247 22582248 0.13
16 63 3 25248 7647054 0.13
17 0 3 25249 893979 0.13
18 1 3 25250 51138 0.13
19 2 3 25251 10068 0.13
20 3 3 25252 4100 0.13
21 4 3 25253 610413 0.13
22 5 3 25254 7647650 0.13
23 6 3 25255 4092 0.13
24 7 3 25256 149631 0.13
25 8 3 25257 35478 0.13
26 9 3 25258 49586 0.13
27 10 3 25259 63090 0.13
28 11 3 25260 190007 0.13
29 12 3 25261 2359 0.13
30 13 3 25262 183941 0.13
31 14 3 25263 1725708 0.13
32 15 3 25264 26851 0.13
33 16 3 25265 56914 0.13
34 17 3 25266 271690 0.13
35 18 3 25267 28880 0.13
36 19 3 25268 108673 0.13
37 20 3 25269 2080 0.13
38 21 3 25270 11667 0.13
39 22 3 25271 4765296 0.13
40 23 3 25272 2337 0.13
41 24 3 25273 36176 0.13
42 25 3 25274 2285 0.13
43 26 3 25275 241332 0.13
44 27 3 25276 1296367 0.13
45 28 3 25277 698508 0.13
46 29 3 25278 101055 0.13
47 30 3 25279 13339556 0.13
48 31 3 25280 196953 0.13
49 32 3 25281 931251 0.13
50 33 3 25282 74775 0.13
51 34 3 25283 29186 0.13
52 35 3 25284 8399 0.13
53 36 3 25285 4474735 0.13
54 37 3 25286 37544 0.13
55 38 3 25287 1354247 0.13
56 39 3 25288 75893 0.13
57 40 3 25289 436128 0.13
58 41 3 25290 578166 0.13
59 42 3 25291 28356 0.13
60 43 3 25292 61968 0.13
61 44 3 25293 106901 0.13
62 45 3 25294 63358 0.13
63 46 3 25295 2307781 0.13
0 48 3 25296 5922765 0.13
1 49 3 25297 962242 0.13
2 50 3 25298 59555 0.13
3 51 3 25299 41387 0.13
4 52 3 25300 15808 0.13
5 53 3 25301 4855881 0.13
6 54 3 25302 50381 0.13
7 55 3 25303 48099 0.13
8 56 3 25304 19197 0.13
9 57 3 25305 1691073 0.13
10 58 3 25306 653813 0.13
11 59 3 25307 2182 0.13
12 60 3 25308 324662 0.13
13 61 3 25309 27490 0.13
14 62 3 25310 1802479 0.13
15 63 3 25311 9537402 0.13
16 0 3 25312 3443 0.13
17 1 3 25313 422551 0.13
18 2 3 25314 12238255 0.13
19 3 3 25315 71899 0.13
20 4 3 25316 83766 0.13
21 5 3 25317 46894 0.13
22 6 3 25318 9993 0.13
23 7 3 25319 389129 0.13
24 8 3 25320 6094162 0.13
25 9 3 25321 74416 0.13
26 10 3 25322 1185397 0.13
27 11 3 25323 10783 0.13
28 12 3 25324 3022642 0.13
29 13 3 25325 34023 0.13
30 14 3 25326 160235 0.13
31 15 3 25327 71670 0.13
32 16 3 25328 1497644 0.13
33 17 3 25329 1905280 0.13
34 18 3 25330 83669 0.13
35 19 3 25331 852501 0.13
36 20 3 25332 2003 0.13
37 21 3 25333 548395 0.13
38 22 3 25334 858709 0.13
39 23 3 25335 1924052 0.13
40 24 3 25336 43736 0.13
41 25 3 25337 964013 0.13
42 26 3 25338 4490613 0.13
43 27 3 25339 708560 0.13
44 28 3 25340 4033625 0.13
45 29 3 25341 1555671 0.13
46 30 3 25342 48030 0.13
47 31 3 25343 1276886 0.13
48 32 3 25344 36375 0.13
49 33 3 25345 63069 0.13
50 34 3 25346 2344 0.13
51 35 3 25347 784089 0.13
52 36 3 25348 13583 0.13
53 37 3 25349 4993002 0.13
54 38 3 25350 15181 0.13
55 39 3 25351 1464727 0.13
56 40 3 25352 3574447 0.13
57 41 3 25353 26832 0.13
58 42 3 25354 16511 0.13
59 43 3 25355 78519 0.13
60 44 3 25356 64004 0.13
61 45 3 25357 48813 0.13
62 46 3 25358 9228 0.13
63 47 3 25359 2794052 0.13
0 49 3 25360 291099 0.13
1 50 3 25361 17137 0.13
2 51 3 25362 24662 0.13
3 52 3 25363 8688561 0.13
4 53 3 25364 868204 0.13
5 54 3 25365 1393605 0.13
6 55 3 25366 3402293 0.13
7 56 3 25367 1895350 0.13
8 57 3 25368 2909251 0.13
9 58 3 25369 22219 0.13
10 59 3 25370 7900373 0.13
11 60 3 25371 107740 0.13
12 61 3 25372 5108420 0.13
13 62 3 25373 153019 0.13
14 63 3 25374 6248 0.13
15 0 3 25375 51131 0.13
16 1 3 25376 26072 0.13
17 2 3 25377 875754 0.13
18 3 3 25378 6142651 0.13
19 4 3 25379 17320 0.13
20 5 3 25380 1614982 0.13
21 6 3 25381 1224208 0.13
22 7 3 25382 7297222 0.13
23 8 3 25383 15579 0.13
24 9 3 25384 8216027 0.13
25 10 3 25385 47815 0.13
26 11 3 25386 9901999 0.13
27 12 3 25387 14371 0.13
28 13 3 25388 8290338 0.13
29 14 3 25389 22165 0.13
30 15 3 25390 956781 0.13
31 16 3 25391 38665 0.13
32 17 3 25392 263500 0.13
33 18 3 25393 891499 0.13
34 19 3 25394 6177 0.13
35 20 3 25395 3813506 0.13
36 21 3 25396 7827102 0.13
37 22 3 25397 6496 0.13
38 23 3 25398 1106152 0.13
39 24 3 25399 43846 0.13
40 25 3 25400 2175 0.13
41 26 3 25401 566566 0.13
42 27 3 25402 77446 0.13
43 28 3 25403 9018498 0.13
44 29 3 25404 8541219 0.13
45 30 3 25405 129174 0.13
46 31 3 25406 2078 0.13
47 32 3 25407 34088 0.13
48 33 3 25408 70254 0.13
49 34 3 25409 840824 0.13
50 35 3 25410 2745859 0.13
51 36 3 25411 22420 0.13
52 37 3 25412 18831 0.13
53 38 3 25413 425022 0.13
54 39 3 25414 7598 0.13
55 40 3 25415 803413 0.13
56 41 3 25416 75917 0.13
57 42 3 25417 160510 0.13
58 43 3 25418 6879901 0.13
59 44 3 25419 7055 0.13
60 45 3 25420 68742 0.13
61 46 3 25421 69442 0.13
62 47 3 25422 2458 0.13
63 48 3 25423 78048 0.13
0 50 3 25424 1046861 0.13
1 51 3 25425 169103 0.13
2 52 3 25426 26913 0.13
3 53 3 25427 2335 0.13
4 54 3 25428 3156884 0.13
5 55 3 25429 21018 0.13
6 56 3 25430 31516 0.13
7 57 3 25431 35049 0.13
8 58 3 25432 62386 0.13
9 59 3 25433 35353 0.13
10 60 3 25434 35553 0.13
11 61 3 25435 6577 0.13
12 62 3 25436 1289324 0.13
13 63 3 25437 43222 0.13
14 0 3 25438 4582966 0.13
15 1 3 25439 2526164 0.13
16 2 3 25440 67505 0.13
17 3 3 25441 3376262 0.13
18 4 3 25442 78736 0.13
19 5 3 25443 23814 0.13
20 6 3 25444 56057 0.13
21 7 3 25445 3546779 0.13
22 8 3 25446 2443 0.13
23 9 3 25447 9271443 0.13
24 10 3 25448 26575 0.13
25 11 3 25449 3398152 0.13
26 12 3 25450 977007 0.13
27 13 3 25451 546496 0.13
28 14 3 25452 6728 0.13
29 15 3 25453 8599056 0.13
30 16 3 25454 1924542 0.13
31 17 3 25455 2302 0.13
32 18 3 25456 40771 0.13
33 19 3 25457 63069 0.13
34 20 3 25458 325750 0.13
35 21 3 25459 8426796 0.13
36 22 3 25460 7761 0.13
37 23 3 25461 185831 0.13
38 24 3 25462 66820 0.13
39 25 3 25463 3209 0.13
40 26 3 25464 1325017 0.13
41 27 3 25465 8530 0.13
42 28 3 25466 68003 0.13
43 29 3 25467 27168 0.13
44 30 3 25468 8382 0.13
45 31 3 25469 3341065 0.13
46 32 3 25470 79257 0.13
47 33 3 25471 3693601 0.13
48 34 3 25472 39663 0.13
49 35 3 25473 12557 0.13
50 36 3 25474 8947 0.13
51 37 3 25475 36178 0.13
52 38 3 25476 2272936 0.13
53 39 3 25477 2281752 0.13
54 40 3 25478 56496 0.13
55 41 3 25479 3085 0.13
56 42 3 25480 34891 0.13
57 43 3 25481 1729255 0.13
58 44 3 25482 74562 0.13
59 45 3 25483 1922955 0.13
60 46 3 25484 61487 0.13
61 47 3 25485 59738 0.13
62 48 3 25486 29865 0.13
63 49 3 25487 13517 0.13
0 51 3 25488 71395 0.13
1 52 3 25489 37578 0.13
2 53 3 25490 37457 0.13
3 54 3 25491 1408018 0.13
4 55 3 25492 754518 0.13
5 56 3 25493 99456 0.13
6 57 3 25494 37907 0.13
7 58 3 25495 179979 0.13
8 59 3 25496 9609671 0.13
9 60 3 25497 1966024 0.13
10 61 3 25498 33465 0.13
11 62 3 25499 1126761 0.13
12 63 3 25500 309182 0.13
13 0 3 25501 15555 0.13
14 1 3 25502 8311 0.13
15 2 3 25503 9143222 0.13
16 3 3 25504 5749053 0.13
17 4 3 25505 9831028 0.13
18 5 3 25506 2372536 0.13
19 6 3 25507 56486 0.13
20 7 3 25508 36458 0.13
21 8 3 25509 8890 0.13
22 9 3 25510 3530394 0.13
23 10 3 25511 4474699 0.13
24 11 3 25512 2404 0.13
25 12 3 25513 2048644 0.13
26 13 3 25514 44500 0.13
27 14 3 25515 22957 0.13
28 15 3 25516 578720 0.13
29 16 3 25517 23208 0.13
30 17 3 25518 9175808 0.13
31 18 3 25519 8490 0.13
32 19 3 25520 4321152 0.13
33 20 3 25521 4492521 0.13
34 21 3 25522 2812286 0.13
35 22 3 25523 1993121 0.13
36 23 3 25524 4054552 0.13
37 24 3 25525 3846 0.13
38 25 3 25526 2027 0.13
39 26 3 25527 37985 0.13
40 27 3 25528 2283 0.13
41 28 3 25529 20409 0.13
42 29 3 25530 464041 0.13
43 30 3 25531 123793 0.13
44 31 3 25532 16429 0.13
45 32 3 25533 6029 0.13
46 33 3 25534 30652 0.13
47 34 3 25535 3533663 0.13
48 35 3 25536 78798 0.13
49 36 3 25537 46613 0.13
50 37 3 25538 176743 0.13
51 38 3 25539 26733614 0.13
52 39 3 25540 70914 0.13
53 40 3 25541 72981 0.13
54 41 3 25542 3510261 0.13
55 42 3 25543 23642031 0.13
56 43 3 25544 22208 0.13
57 44 3 25545 61308 0.13
58 45 3 25546 498574 0.13
59 46 3 25547 59476 0.13
60 47 3 25548 8532679 0.13
61 48 3 25549 545164 0.13
62 49 3 25550 9976 0.13
63 50 3 25551 2031 0.13
0 52 3 25552 43258 0.13
1 53 3 25553 76610 0.13
2 54 3 25554 1387484 0.13
3 55 3 25555 13541 0.13
4 56 3 25556 43766 0.13
5 57 3 25557 20915 0.13
6 58 3 25558 9192256 0.13
7 59 3 25559 79037 0.13
8 60 3 25560 2161542 0.13
9 61 3 25561 14574 0.13
10 62 3 25562 102910 0.13
11 63 3 25563 2490680 0.13
12 0 3 25564 1370461 0.13
13 1 3 25565 18084 0.13
14 2 3 25566 3404 0.13
15 3 3 25567 20018 0.13
16 4 3 25568 9457 0.13
17 5 3 25569 3235011 0.13
18 6 3 25570 2035 0.13
19 7 3 25571 30973 0.13
20 8 3 25572 5482 0.13
21 9 3 25573 45431 0.13
22 10 3 25574 2040 0.13
23 11 3 25575 5289 0.13
24 12 3 25576 24474 0.13
25 13 3 25577 26239 0.13
26 14 3 25578 12030 0.13
27 15 3 25579 1175445 0.13
28 16 3 25580 64581 0.13
29 17 3 25581 2156 0.13
30 18 3 25582 13011 0.13
31 19 3 25583 66537 0.13
32 20 3 25584 77387 0.13
33 21 3 25585 5096 0.13
34 22 3 25586 62929 0.13
35 23 3 25587 1869229 0.13
36 24 3 25588 4995549 0.13
37 25 3 25589 68479 0.13
38 26 3 25590 34169 0.13
39 27 3 25591 1468265 0.13
40 28 3 25592 42637 0.13
41 29 3 25593 421876 0.13
42 30 3 25594 69346 0.13
43 31 3 25595 45781 0.13
44 32 3 25596 3882132 0.13
45 33 3 25597 8009837 0.13
46 34 3 25598 35086 0.13
47 35 3 25599 348892 0.13
48 36 3 25600 75598 0.13
49 37 3 25601 1755180 0.13
50 38 3 25602 758273 0.13
51 39 3 25603 62363 0.13
52 40 3 25604 4989543 0.13
53 41 3 25605 120799 0.13
54 42 3 25606 1295562 0.13
55 43 3 25607 48499 0.13
56 44 3 25608 113212 0.13
57 45 3 25609 16330 0.13
58 46 3 25610 59123 0.13
59 47 3 25611 7674 0.13
60 48 3 25612 65870 0.13
61 49 3 25613 3432 0.13
62 50 3 25614 899862 0.13
63 51 3 25615 19664 0.13
0 53 3 25616 1872116 0.13
1 54 3 25617 1283034 0.13
2 55 3 25618 6842498 0.13
3 56 3 25619 643168 0.13
4 57 3 25620 9758587 0.13
5 58 3 25621 9049357 0.13
6 59 3 25622 6863366 0.13
7 60 3 25623 35164 0.13
8 61 3 25624 14508 0.13
9 62 3 25625 159968 0.13
10 63 3 25626 143213 0.13
11 0 3 25627 318473 0.13
12 1 3 25628 1409945 0.13
13 2 3 25629 4446761 0.13
14 3 3 25630 8952998 0.13
15 4 3 25631 1328051 0.13
16 5 3 25632 1994029 0.13
17 6 3 25633 657976 0.13
18 7 3 25634 174588 0.13
19 8 3 25635 522860 0.13
20 9 3 25636 23627 0.13
21 10 3 25637 115415 0.13
22 11 3 25638 23645 0.13
23 12 3 25639 13312 0.13
24 13 3 25640 626557 0.13
25 14 3 25641 1024702 0.13
26 15 3 25642 24452 0.13
27 16 3 25643 161608 0.13
28 17 3 25644 4835649 0.13
29 18 3 25645 20318 0.13
30 19 3 25646 124475 0.13
31 20 3 25647 31612 0.13
32 21 3 25648 54125 0.13
33 22 3 25649 70562 0.13
34 23 3 25650 556851 0.13
35 24 3 25651 1371149 0.13
36 25 3 25652 4475190 0.13
37 26 3 25653 21886 0.13
38 27 3 25654 2247254 0.13
39 28 3 25655 28984 0.13
40 29 3 25656 7992739 0.13
41 30 3 25657 150360 0.13
42 31 3 25658 26103 0.13
43 32 3 25659 25389 0.13
44 33 3 25660 2322903 0.13
45 34 3 25661 1749309 0.13
46 35 3 25662 289702 0.13
47 36 3 25663 1250297 0.13
48 37 3 25664 16092 0.13
49 38 3 25665 60806 0.13
50 39 3 25666 2746071 0.13
51 40 3 25667 3818427 0.13
52 41 3 25668 58952 0.13
53 42 3 25669 17358 0.13
54 43 3 25670 14866 0.13
55 44 3 25671 3891 0.13
56 45 3 25672 2880 0.13
57 46 3 25673 24648 0.13
58 47 3 25674 5076613 0.13
59 48 3 25675 65810 0.13
60 49 3 25676 79307 0.13
61 50 3 25677 72546 0.13
62 51 3 25678 7001 0.13
63 52 3 25679 70844 0.13
0 54 3 25680 4861481 0.13
1 55 3 25681 35375 0.13
2 56 3 25682 164991 0.13
3 57 3 25683 128535 0.13
4 58 3 25684 6070054 0.13
5 59 3 25685 24302 0.13
6 60 3 25686 9939 0.13
7 61 3 25687 2369622 0.13
8 62 3 25688 1527489 0.13
9 63 3 25689 5898 0.13
10 0 3 25690 1932336 0.13
11 1 3 25691 49426 0.13
12 2 3 25692 1905857 0.13
13 3 3 25693 3889344 0.13
14 4 3 25694 110821 0.13
15 5 3 25695 14653 0.13
16 6 3 25696 4501144 0.13
17 7 3 25697 26531 0.13
18 8 3 25698 121502 0.13
19 9 3 25699 252639 0.13
20 10 3 25700 7837634 0.13
21 11 3 25701 4544762 0.13
22 12 3 25702 77374 0.13
23 13 3 25703 74442 0.13
24 14 3 25704 146722 0.13
25 15 3 25705 39862 0.13
26 16 3 25706 21058 0.13
27 17 3 25707 1399811 0.13
28 18 3 25708 1049528 0.13
29 19 3 25709 44438 0.13
30 20 3 25710 76384 0.13
31 21 3 25711 16931 0.13
32 22 3 25712 499417 0.13
33 23 3 25713 48869 0.13
34 24 3 25714 3261 0.13
35 25 3 25715 3135633 0.13
36 26 3 25716 1506068 0.13
37 27 3 25717 28363787 0.13
38 28 3 25718 1685686 0.13
39 29 3 25719 20199 0.13
40 30 3 25720 27813 0.13
41 31 3 25721 30420 0.13
42 32 3 25722 6610332 0.13
43 33 3 25723 563254 0.13
44 34 3 25724 2440181 0.13
45 35 3 25725 3655568 0.13
46 36 3 25726 155175 0.13
47 37 3 25727 6758 0.13
48 38 3 25728 3648 0.13
49 39 3 25729 3055522 0.13
50 40 3 25730 12600 0.13
51 41 3 25731 21005 0.13
52 42 3 25732 1279577 0.13
53 43 3 25733 4956192 0.13
54 44 3 25734 4027774 0.13
55 45 3 25735 2137 0.13
56 46 3 25736 9937 0.13
57 47 3 25737 160894 0.13
58 48 3 25738 1792205 0.13
59 49 3 25739 1297668 0.13
60 50 3 25740 177507 0.13
61 51 3 25741 39649 0.13
62 52 3 25742 2153 0.13
63 53 3 25743 30558 0.13
0 55 3 25744 67992 0.13
1 56 3 25745 630037 0.13
2 57 3 25746 1349221 0.13
3 58 3 25747 18570 0.13
4 59 3 25748 296641 0.13
5 60 3 25749 19266 0.13
6 61 3 25750 2024 0.13
7 62 3 25751 53596 0.13
8 63 3 25752 66176 0.13
9 0 3 25753 21041 0.13
10 1 3 25754 188831 0.13
11 2 3 25755 5505 0.13
12 3 3 25756 9815328 0.13
13 4 3 25757 9614 0.13
14 5 3 25758 2478 0.13
15 6 3 25759 10186 0.13
16 7 3 25760 10357 0.13
17 8 3 25761 20724 0.13
18 9 3 25762 7446 0.13
19 10 3 25763 894287 0.13
20 11 3 25764 1004019 0.13
21 12 3 25765 63925 0.13
22 13 3 25766 65358 0.13
23 14 3 25767 681462 0.13
24 15 3 25768 2745 0.13
25 16 3 25769 246698 0.13
26 17 3 25770 1460210 0.13
27 18 3 25771 5246 0.13
28 19 3 25772 7016 0.13
29 20 3 25773 50622 0.13
30 21 3 25774 8360 0.13
31 22 3 25775 16141 0.13
32 23 3 25776 7676 0.13
33 24 3 25777 1216706 0.13
34 25 3 25778 60728 0.13
35 26 3 25779 1229993 0.13
36 27 3 25780 693741 0.13
37 28 3 25781 6823618 0.13
38 29 3 25782 1599519 0.13
39 30 3 25783 7314457 0.13
40 31 3 25784 19590 0.13
41 32 3 25785 383792 0.13
42 33 3 25786 1296809 0.13
43 34 3 25787 2326 0.13
44 35 3 25788 151800 0.13
45 36 3 25789 57257 0.13
46 37 3 25790 37462 0.13
47 38 3 25791 90540 0.13
48 39 3 25792 682697 0.13
49 40 3 25793 62771 0.13
50 41 3 25794 4306175 0.13
51 42 3 25795 2337776 0.13
52 43 3 25796 1766487 0.13
53 44 3 25797 6290 0.13
54 45 3 25798 1643600 0.13
55 46 3 25799 28204 0.13
56 47 3 25800 6036 0.13
57 48 3 25801 28445 0.13
58 49 3 25802 1898369 0.13
59 50 3 25803 864333 0.13
60 51 3 25804 402787 0.13
61 52 3 25805 9248 0.13
62 53 3 25806 37431 0.13
63 54 3 25807 2043 0.13
0 56 3 25808 719387 0.13
1 57 3 25809 17989227 0.13
2 58 3 25810 10025 0.13
3 59 3 25811 28671 0.13
4 60 3 25812 8304 0.13
5 61 3 25813 3199741 0.13
6 62 3 25814 185259 0.13
7 63 3 25815 1006256 0.13
8 0 3 25816 43345 0.13
9 1 3 25817 9834024 0.13
10 2 3 25818 1215742 0.13
11 3 3 25819 3189381 0.13
12 4 3 25820 3621 0.13
13 5 3 25821 1421120 0.13
14 6 3 25822 641251 0.13
15 7 3 25823 2160864 0.13
16 8 3 25824 21461 0.13
17 9 3 25825 735604 0.13
18 10 3 25826 193490 0.13
19 11 3 25827 8256 0.13
20 12 3 25828 956484 0.13
21 13 3 25829 72282 0.13
22 14 3 25830 2085 0.13
23 15 3 25831 5801 0.13
24 16 3 25832 9920393 0.13
25 17 3 25833 7492 0.13
26 18 3 25834 27546 0.13
27 19 3 25835 55506 0.13
28 20 3 25836 41803 0.13
29 21 3 25837 35327 0.13
30 22 3 25838 43338 0.13
31 23 3 25839 31389 0.13
32 24 3 25840 6715717 0.13
33 25 3 25841 21201 0.13
34 26 3 25842 2193 0.13
35 27 3 25843 7965189 0.13
36 28 3 25844 4643068 0.13
37 29 3 25845 1785210 0.13
38 30 3 25846 2175 0.13
39 31 3 25847 23399999 0.13
40 32 3 25848 7156087 0.13
41 33 3 25849 55183 0.13
42 34 3 25850 42364 0.13
43 35 3 25851 12390 0.13
44 36 3 25852 23080 0.13
45 37 3 25853 71890 0.13
46 38 3 25854 3221 0.13
47 39 3 25855 198400 0.13
48 40 3 25856 3306 0.13
49 41 3 25857 1188409 0.13
50 42 3 25858 9571001 0.13
51 43 3 25859 57205 0.13
52 44 3 25860 3858928 0.13
53 45 3 25861 2131 0.13
54 46 3 25862 22820 0.13
55 47 3 25863 8118 0.13
56 48 3 25864 28139 0.13
57 49 3 25865 600754 0.13
58 50 3 25866 5080000 0.13
59 51 3 25867 38478 0.13
60 52 3 25868 26106 0.13
61 53 3 25869 3921655 0.13
62 54 3 25870 2833029 0.13
63 55 3 25871 875589 0.13
0 57 3 25872 536327 0.13
1 58 3 25873 22183 0.13
2 59 3 25874 1103317 0.13
3 60 3 25875 28545 0.13
4 61 3 25876 24969 0.13
5 62 3 25877 7975 0.13
6 63 3 25878 329097 0.13
7 0 3 25879 5570036 0.13
8 1 3 25880 51278 0.13
9 2 3 25881 72243 0.13
10 3 3 25882 6014753 0.13
11 4 3 25883 518709 0.13
12 5 3 25884 43713 0.13
13 6 3 25885 4791275 0.13
14 7 3 25886 31651 0.13
15 8 3 25887 3541 0.13
16 9 3 25888 59879 0.13
17 10 3 25889 816547 0.13
18 11 3 25890 28693025 0.13
19 12 3 25891 44393 0.13
20 13 3 25892 55808 0.13
21 14 3 25893 14496 0.13
22 15 3 25894 24609 0.13
23 16 3 25895 68362 0.13
24 17 3 25896 6514 0.13
25 18 3 25897 3103106 0.13
26 19 3 25898 25109 0.13
27 20 3 25899 57888 0.13
28 21 3 25900 6844 0.13
29 22 3 25901 122756 0.13
30 23 3 25902 1691568 0.13
31 24 3 25903 1972590 0.13
32 25 3 25904 76349 0.13
33 26 3 25905 2349 0.13
34 27 3 25906 2188 0.13
35 28 3 25907 5819134 0.13
36 29 3 25908 1925299 0.13
37 30 3 25909 120874 0.13
38 31 3 25910 6030 0.13
39 32 3 25911 49727 0.13
40 33 3 25912 1634442 0.13
41 34 3 25913 5298 0.13
42 35 3 25914 12374 0.13
43 36 3 25915 76833 0.13
44 37 3 25916 104638 0.13
45 38 3 25917 76965 0.13
46 39 3 25918 2370085 0.13
47 40 3 25919 761555 0.13
48 41 3 25920 61021 0.13
49 42 3 25921 9850 0.13
50 43 3 25922 2239 0.13
51 44 3 25923 1197926 0.13
52 45 3 25924 12800778 0.13
53 46 3 25925 1043037 0.13
54 47 3 25926 64643 0.13
55 48 3 25927 19097 0.13
56 49 3 25928 2399 0.13
57 50 3 25929 62222 0.13
58 51 3 25930 24650 0.13
59 52 3 25931 64295 0.13
60 53 3 25932 22918 0.13
61 54 3 25933 4579 0.13
62 55 3 25934 2470 0.13
63 56 3 25935 4106875 0.13
0 58 3 25936 42224 0.13
1 59 3 25937 81189 0.13
2 60 3 25938 27554 0.13
3 61 3 25939 30047 0.13
4 62 3 25940 2030799 0.13
5 63 3 25941 14996 0.13
6 0 3 25942 1040647 0.13
7 1 3 25943 2163 0.13
8 2 3 25944 140224 0.13
9 3 3 25945 16345 0.13
10 4 3 25946 82900 0.13
11 5 3 25947 79566 0.13
12 6 3 25948 41066 0.13
13 7 3 25949 55978 0.13
14 8 3 25950 56804 0.13
15 9 3 25951 25376 0.13
16 10 3 25952 2229 0.13
17 11 3 25953 7639 0.13
18 12 3 25954 2027 0.13
19 13 3 25955 19792 0.13
20 14 3 25956 768406 0.13
21 15 3 25957 4165042 0.13
22 16 3 25958 20036 0.13
23 17 3 25959 50595 0.13
24 18 3 25960 2677563 0.13
25 19 3 25961 6389729 0.13
26 20 3 25962 59109 0.13
27 21 3 25963 25422 0.13
28 22 3 25964 58648 0.13
29 23 3 25965 48724 0.13
30 24 3 25966 2695792 0.13
31 25 3 25967 4525 0.13
32 26 3 25968 174538 0.13
33 27 3 25969 78757 0.13
34 28 3 25970 2920791 0.13
35 29 3 25971 995818 0.13
36 30 3 25972 67308 0.13
37 31 3 25973 2261 0.13
38 32 3 25974 16548544 0.13
39 33 3 25975 50688 0.13
40 34 3 25976 55899 0.13
41 35 3 25977 32120 0.13
42 36 3 25978 36066 0.13
43 37 3 25979 181681 0.13
44 38 3 25980 1550960 0.13
45 39 3 25981 1951033 0.13
46 40 3 25982 2540 0.13
47 41 3 25983 180310 0.13
48 42 3 25984 732292 0.13
49 43 3 25985 7945 0.13
50 44 3 25986 25231 0.13
51 45 3 25987 2098 0.13
52 46 3 25988 640825 0.13
53 47 3 25989 175253 0.13
54 48 3 25990 103790 0.13
55 49 3 25991 7962614 0.13
56 50 3 25992 3756 0.13
57 51 3 25993 1149027 0.13
58 52 3 25994 1572872 0.13
59 53 3 25995 3737609 0.13
60 54 3 25996 448596 0.13
61 55 3 25997 26955 0.13
62 56 3 25998 2015 0.13
63 57 3 25999 24929 0.13
0 59 3 26000 28323334 0.13
1 60 3 26001 3604 0.13
2 61 3 26002 1844576 0.13
3 62 3 26003 2397 0.13
4 63 3 26004 284467 0.13
5 0 3 26005 73500 0.13
6 1 3 26006 2234958 0.13
7 2 3 26007 29762 0.13
8 3 3 26008 2903928 0.13
9 4 3 26009 2651349 0.13
10 5 3 26010 7090073 0.13
11 6 3 26011 49000 0.13
12 7 3 26012 248872 0.13
13 8 3 26013 23131928 0.13
14 9 3 26014 511052 0.13
15 10 3 26015 584215 0.13
16 11 3 26016 19732 0.13
17 12 3 26017 183400 0.13
18 13 3 26018 881245 0.13
19 14 3 26019 2409959 0.13
20 15 3 26020 46444 0.13
21 16 3 26021 125500 0.13
22 17 3 26022 29261 0.13
23 18 3 26023 52512 0.13
24 19 3 26024 46400 0.13
25 20 3 26025 5970 0.13
26 21 3 26026 21628 0.13
27 22 3 26027 28665 0.13
28 23 3 26028 2488 0.13
29 24 3 26029 68436 0.13
30 25 3 26030 26617 0.13
31 26 3 26031 23329 0.13
32 27 3 26032 14839 0.13
33 28 3 26033 34463 0.13
34 29 3 26034 16603 0.13
35 30 3 26035 1369679 0.13
36 31 3 26036 9788633 0.13
37 32 3 26037 757852 0.13
38 33 3 26038 191636 0.13
39 34 3 26039 170623 0.13
40 35 3 26040 5854973 0.13
41 36 3 26041 27113712 0.13
42 37 3 26042 60631 0.13
43 38 3 26043 2073 0.13
44 39 3 26044 1114868 0.13
45 40 3 26045 5790774 0.13
46 41 3 26046 13028 0.13
47 42 3 26047 57104 0.13
48 43 3 26048 22030098 0.13
49 44 3 26049 682578 0.13
50 45 3 26050 2184 0.13
51 46 3 26051 65523 0.13
52 47 3 26052 76670 0.13
53 48 3 26053 2594411 0.13
54 49 3 26054 98086 0.13
55 50 3 26055 14305 0.13
56 51 3 26056 5231 0.13
57 52 3 26057 2844 0.13
58 53 3 26058 11671 0.13
59 54 3 26059 722863 0.13
60 55 3 26060 2199 0.13
61 56 3 26061 2097485 0.13
62 57 3 26062 422160 0.13
63 58 3 26063 5655 0.13
0 60 3 26064 7206345 0.13
1 61 3 26065 7608052 0.13
2 62 3 26066 8122439 0.13
3 63 3 26067 1991858 0.13
4 0 3 26068 23521 0.13
5 1 3 26069 874769 0.13
6 2 3 26070 1509256 0.13
7 3 3 26071 151249 0.13
8 4 3 26072 192241 0.13
9 5 3 26073 4548529 0.13
10 6 3 26074 1800394 0.13
11 7 3 26075 61210 0.13
12 8 3 26076 9728 0.13
13 9 3 26077 6956 0.13
14 10 3 26078 14007534 0.13
15 11 3 26079 9465659 0.13
16 12 3 26080 1309567 0.13
17 13 3 26081 92860 0.13
18 14 3 26082 407685 0.13
19 15 3 26083 9613013 0.13
20 16 3 26084 6985955 0.13
21 17 3 26085 74973 0.13
22 18 3 26086 2459565 0.13
23 19 3 26087 3542017 0.13
24 20 3 26088 10338804 0.13
25 21 3 26089 7005410 0.13
26 22 3 26090 4824907 0.13
27 23 3 26091 30822 0.13
28 24 3 26092 9059 0.13
29 25 3 26093 1578326 0.13
30 26 3 26094 61836 0.13
31 27 3 26095 4405319 0.13
32 28 3 26096 41210 0.13
33 29 3 26097 76110 0.13
34 30 3 26098 6935877 0.13
35 31 3 26099 150435 0.13
36 32 3 26100 59312 0.13
37 33 3 26101 74657 0.13
38 34 3 26102 58692 0.13
39 35 3 26103 2057 0.13
40 36 3 26104 14515 0.13
41 37 3 26105 2356108 0.13
42 38 3 26106 25950 0.13
43 39 3 26107 2457 0.13
44 40 3 26108 67147 0.13
45 41 3 26109 66909 0.13
46 42 3 26110 5558 0.13
47 43 3 26111 3277778 0.13
48 44 3 26112 3263562 0.13
49 45 3 26113 46049 0.13
50 46 3 26114 4958 0.13
51 47 3 26115 192594 0.13
52 48 3 26116 5405 0.13
53 49 3 26117 583615 0.13
54 50 3 26118 4882 0.13
55 51 3 26119 11566 0.13
56 52 3 26120 4729698 0.13
57 53 3 26121 794723 0.13
58 54 3 26122 183594 0.13
59 55 3 26123 1914632 0.13
60 56 3 26124 199831 0.13
61 57 3 26125 55417 0.13
62 58 3 26126 5272258 0.13
63 59 3 26127 10087 0.13
0 61 3 26128 1262054 0.13
1 62 3 26129 48420 0.13
2 63 3 26130 8090725 0.13
3 0 3 26131 762209 0.13
4 1 3 26132 3437971 0.13
5 2 3 26133 716667 0.13
6 3 3 26134 2501 0.13
7 4 3 26135 2408 0.13
8 5 3 26136 40928 0.13
9 6 3 26137 1133819 0.13
10 7 3 26138 25865 0.13
11 8 3 26139 1904708 0.13
12 9 3 26140 1901165 0.13
13 10 3 26141 55428 0.13
14 11 3 26142 40922 0.13
15 12 3 26143 2420 0.13
16 13 3 26144 4987609 0.13
17 14 3 26145 538614 0.13
18 15 3 26146 15405 0.13
19 16 3 26147 28411 0.13
20 17 3 26148 4812884 0.13
21 18 3 26149 927443 0.13
22 19 3 26150 128321 0.13
23 20 3 26151 36661 0.13
24 21 3 26152 45477 0.13
25 22 3 26153 6560 0.13
26 23 3 26154 7215011 0.13
27 24 3 26155 167486 0.13
28 25 3 26156 3769799 0.13
29 26 3 26157 669049 0.13
30 27 3 26158 529415 0.13
31 28 3 26159 16345 0.13
32 29 3 26160 519988 0.13
33 30 3 26161 4543024 0.13
34 31 3 26162 6873363 0.13
35 32 3 26163 1020110 0.13
36 33 3 26164 28303 0.13
37 34 3 26165 278598 0.13
38 35 3 26166 46746 0.13
39 36 3 26167 24865 0.13
40 37 3 26168 26483 0.13
41 38 3 26169 294431 0.13
42 39 3 26170 2174 0.13
43 40 3 26171 62244 0.13
44 41 3 26172 32478 0.13
45 42 3 26173 3533 0.13
46 43 3 26174 2058 0.13
47 44 3 26175 132856 0.13
48 45 3 26176 6176 0.13
49 46 3 26177 9387 0.13
50 47 3 26178 17484191 0.13
51 48 3 26179 41114 0.13
52 49 3 26180 1600492 0.13
53 50 3 26181 2765594 0.13
54 51 3 26182 51530 0.13
55 52 3 26183 101633 0.13
56 53 3 26184 8004 0.13
57 54 3 26185 73661 0.13
58 55 3 26186 155206 0.13
59 56 3 26187 1893441 0.13
60 57 3 26188 22200 0.13
61 58 3 26189 87923 0.13
62 59 3 26190 84634 0.13
63 60 3 26191 73494 0.13
0 62 3 26192 312641 0.13
1 63 3 26193 4410028 0.13
2 0 3 26194 8996 0.13
3 1 3 26195 25853 0.13
4 2 3 26196 68351 0.13
5 3 3 26197 23730132 0.13
6 4 3 26198 1528952 0.13
7 5 3 26199 60424 0.13
8 6 3 26200 158428 0.13
9 7 3 26201 55749 0.13
10 8 3 26202 385912 0.13
11 9 3 26203 3438 0.13
12 10 3 26204 29989 0.13
13 11 3 26205 21445 0.13
14 12 3 26206 2890887 0.13
15 13 3 26207 176853 0.13
16 14 3 26208 1566886 0.13
17 15 3 26209 1247708 0.13
18 16 3 26210 41549 0.13
19 17 3 26211 1554910 0.13
20 18 3 26212 199468 0.13
21 19 3 26213 2445901 0.13
22 20 3 26214 29052657 0.13
23 21 3 26215 4193983 0.13
24 22 3 26216 1147347 0.13
25 23 3 26217 6636 0.13
26 24 3 26218 21334 0.13
27 25 3 26219 1197144 0.13
28 26 3 26220 4833274 0.13
29 27 3 26221 38345 0.13
30 28 3 26222 17341747 0.13
31 29 3 26223 2417 0.13
32 30 3 26224 25451 0.13
33 31 3 26225 125075 0.13
34 32 3 26226 5607 0.13
35 33 3 26227 36490 0.13
36 34 3 26228 2901763 0.13
37 35 3 26229 2125 0.13
38 36 3 26230 13114 0.13
39 37 3 26231 5459220 0.13
40 38 3 26232 27841 0.13
41 39 3 26233 30417 0.13
42 40 3 26234 9571 0.13
43 41 3 26235 7965 0.13
44 42 3 26236 5815 0.13
45 43 3 26237 33576 0.13
46 44 3 26238 2254 0.13
47 45 3 26239 18649 0.13
48 46 3 26240 28915 0.13
49 47 3 26241 2210 0.13
50 48 3 26242 143804 0.13
51 49 3 26243 50476 0.13
52 50 3 26244 3422 0.13
53 51 3 26245 1556055 0.13
54 52 3 26246 69439 0.13
55 53 3 26247 5825290 0.13
56 54 3 26248 1475218 0.13
57 55 3 26249 1723998 0.13
58 56 3 26250 8142 0.13
59 57 3 26251 25869 0.13
60 58 3 26252 94125 0.13
61 59 3 26253 1530081 0.13
62 60 3 26254 443895 0.13
63 61 3 26255 108636 0.13
0 63 3 26256 9030436 0.13
1 0 3 26257 1294857 0.13
2 1 3 26258 3988962 0.13
3 2 3 26259 64244 0.13
4 3 3 26260 116262 0.13
5 4 3 26261 5782 0.13
6 5 3 26262 4573 0.13
7 6 3 26263 27087 0.13
8 7 3 26264 76993 0.13
9 8 3 26265 26850938 0.13
10 9 3 26266 1872768 0.13
11 10 3 26267 3192038 0.13
12 11 3 26268 380380 0.13
13 12 3 26269 6365480 0.13
14 13 3 26270 412720 0.13
15 14 3 26271 8370352 0.13
16 15 3 26272 107282 0.13
17 16 3 26273 331745 0.13
18 17 3 26274 94406 0.13
19 18 3 26275 2142990 0.13
20 19 3 26276 24897 0.13
21 20 3 26277 13503876 0.13
22 21 3 26278 49165 0.13
23 22 3 26279 348360 0.13
24 23 3 26280 59310 0.13
25 24 3 26281 7164985 0.13
26 25 3 26282 46232 0.13
27 26 3 26283 32470 0.13
28 27 3 26284 4775695 0.13
29 28 3 26285 5320 0.13
30 29 3 26286 38056 0.13
31 30 3 26287 26121 0.13
32 31 3 26288 32711 0.13
33 32 3 26289 679252 0.13
34 33 3 26290 6851 0.13
35 34 3 26291 309576 0.13
36 35 3 26292 1223815 0.13
37 36 3 26293 836184 0.13
38 37 3 26294 3101 0.13
39 38 3 26295 899621 0.13
40 39 3 26296 67943 0.13
41 40 3 26297 42263 0.13
42 41 3 26298 975927 0.13
43 42 3 26299 46297 0.13
44 43 3 26300 958133 0.13
45 44 3 26301 40252 0.13
46 45 3 26302 3926 0.13
47 46 3 26303 4502 0.13
48 47 3 26304 862128 0.13
49 48 3 26305 3330 0.13
50 49 3 26306 2975720 0.13
51 50 3 26307 93401 0.13
52 51 3 26308 1712923 0.13
53 52 3 26309 2225117 0.13
54 53 3 26310 20714 0.13
55 54 3 26311 32877 0.13
56 55 3 26312 52489 0.13
57 56 3 26313 1093566 0.13
58 57 3 26314 8061 0.13
59 58 3 26315 76461 0.13
60 59 3 26316 25990 0.13
61 60 3 26317 44477 0.13
62 61 3 26318 2906 0.13
63 62 3 26319 69732 0.13
0 1 3 26320 2488 0.13
1 2 3 26321 189915 0.13
2 3 3 26322 610618 0.13
3 4 3 26323 30226 0.13
4 5 3 26324 8870 0.13
5 6 3 26325 80604 0.13
6 7 3 26326 166338 0.13
7 8 3 26327 15785 0.13
8 9 3 26328 29331 0.13
9 10 3 26329 45267 0.13
10 11 3 26330 45008 0.13
11 12 3 26331 3955517 0.13
12 13 3 26332 1855171 0.13
13 14 3 26333 1405600 0.13
14 15 3 26334 125861 0.13
15 16 3 26335 58055 0.13
16 17 3 26336 72500 0.13
17 18 3 26337 2500 0.13
18 19 3 26338 1891779 0.13
19 20 3 26339 26213 0.13
20 21 3 26340 2071 0.13
21 22 3 26341 1905029 0.13
22 23 3 26342 32148 0.13
23 24 3 26343 55444 0.13
24 25 3 26344 42837 0.13
25 26 3 26345 1562662 0.13
26 27 3 26346 37983 0.13
27 28 3 26347 4773908 0.13
28 29 3 26348 150645 0.13
29 30 3 26349 1825168 0.13
30 31 3 26350 31704 0.13
31 32 3 26351 33786 0.13
32 33 3 26352 22073 0.13
33 34 3 26353 1812594 0.13
34 35 3 26354 2157938 0.13
35 36 3 26355 2218 0.13
36 37 3 26356 8468 0.13
37 38 3 26357 3711119 0.13
38 39 3 26358 43905 0.13
39 40 3 26359 1989299 0.13
40 41 3 26360 4276569 0.13
41 42 3 26361 1832791 0.13
42 43 3 26362 3628646 0.13
43 44 3 26363 16865 0.13
44 45 3 26364 54323 0.13
45 46 3 26365 1005984 0.13
46 47 3 26366 2793 0.13
47 48 3 26367 49298 0.13
48 49 3 26368 36800 0.13
49 50 3 26369 265921 0.13
50 51 3 26370 22890 0.13
51 52 3 26371 2758 0.13
52 53 3 26372 958340 0.13
53 54 3 26373 802140 0.13
54 55 3 26374 12052 0.13
55 56 3 26375 17347 0.13
56 57 3 26376 14981 0.13
57 58 3 26377 29411 0.13
58 59 3 26378 9519926 0.13
59 60 3 26379 1981919 0.13
60 61 3 26380 56503 0.13
61 62 3 26381 4440626 0.13
62 63 3 26382 951597 0.13
63 0 3 26383 67065 0.13
0 1 3 26384 50285 0.13
1 2 3 26385 1638089 0.13
2 3 3 26386 306185 0.13
3 4 3 26387 48028 0.13
4 5 3 26388 6292 0.13
5 6 3 26389 15375 0.13
6 7 3 26390 1091409 0.13
7 8 3 26391 5994 0.13
8 9 3 26392 44501 0.13
9 10 3 26393 11608141 0.13
10 11 3 26394 73852 0.13
11 12 3 26395 9038949 0.13
12 13 3 26396 85843 0.13
13 14 3 26397 77016 0.13
14 15 3 26398 47648 0.13
15 16 3 26399 3197 0.13
16 17 3 26400 1604929 0.13
17 18 3 26401 16285902 0.13
18 19 3 26402 2075 0.13
19 20 3 26403 67211 0.13
20 21 3 26404 76831 0.13
21 22 3 26405 49216 0.13
22 23 3 26406 1109670 0.13
23 24 3 26407 24424643 0.13
24 25 3 26408 8228 0.13
25 26 3 26409 4238564 0.13
26 27 3 26410 14577 0.13
27 28 3 26411 192327 0.13
28 29 3 26412 7983469 0.13
29 30 3 26413 60174 0.13
30 31 3 26414 1855934 0.13
31 32 3 26415 2068 0.13
32 33 3 26416 2057420 0.13
33 34 3 26417 60642 0.13
34 35 3 26418 26144015 0.13
35 36 3 26419 51972 0.13
36 37 3 26420 26312 0.13
37 38 3 26421 12821 0.13
38 39 3 26422 2359669 0.13
39 40 3 26423 4329 0.13
40 41 3 26424 1304468 0.13
41 42 3 26425 6394410 0.13
42 43 3 26426 2742 0.13
43 44 3 26427 79714 0.13
44 45 3 26428 22880 0.13
45 46 3 26429 1597221 0.13
46 47 3 26430 68166 0.13
47 48 3 26431 22797 0.13
48 49 3 26432 39143 0.13
49 50 3 26433 180700 0.13
50 51 3 26434 47173 0.13
51 52 3 26435 1525589 0.13
52 53 3 26436 2474 0.13
53 54 3 26437 121327 0.13
54 55 3 26438 12468609 0.13
55 56 3 26439 484464 0.13
56 57 3 26440 43699 0.13
57 58 3 26441 26472 0.13
58 59 3 26442 76320 0.13
59 60 3 26443 31952 0.13
60 61 3 26444 7872 0.13
61 62 3 26445 127129 0.13
62 63 3 26446 1511785 0.13
63 0 3 26447 73876 0.13
0 2 3 26448 4359498 0.13
1 3 3 26449 42405 0.13
2 4 3 26450 1524214 0.13
3 5 3 26451 8573115 0.13
4 6 3 26452 2461 0.13
5 7 3 26453 806565 0.13
6 8 3 26454 56747 0.13
7 9 3 26455 31100 0.13
8 10 3 26456 43485 0.13
9 11 3 26457 617656 0.13
10 12 3 26458 37707 0.13
11 13 3 26459 9651 0.13
12 14 3 26460 19361 0.13
13 15 3 26461 4401634 0.13
14 16 3 26462 6912 0.13
15 17 3 26463 8176023 0.13
16 18 3 26464 10832 0.13
17 19 3 26465 1129252 0.13
18 20 3 26466 60949 0.13
19 21 3 26467 1697509 0.13
20 22 3 26468 318212 0.13
21 23 3 26469 1364789 0.13
22 24 3 26470 14767017 0.13
23 25 3 26471 857376 0.13
24 26 3 26472 366320 0.13
25 27 3 26473 2467967 0.13
26 28 3 26474 4940 0.13
27 29 3 26475 58858 0.13
28 30 3 26476 1735536 0.13
29 31 3 26477 1641572 0.13
30 32 3 26478 24289 0.13
31 33 3 26479 29346 0.13
32 34 3 26480 532125 0.13
33 35 3 26481 1422614 0.13
34 36 3 26482 70604 0.13
35 37 3 26483 2242 0.13
36 38 3 26484 4028295 0.13
37 39 3 26485 123009 0.13
38 40 3 26486 45901 0.13
39 41 3 26487 13943 0.13
40 42 3 26488 4094 0.13
41 43 3 26489 67246 0.13
42 44 3 26490 1142167 0.13
43 45 3 26491 640438 0.13
44 46 3 26492 3254 0.13
45 47 3 26493 3403846 0.13
46 48 3 26494 253924 0.13
47 49 3 26495 47404 0.13
48 50 3 26496 24693 0.13
49 51 3 26497 2389 0.13
50 52 3 26498 35790 0.13
51 53 3 26499 482733 0.13
52 54 3 26500 2276 0.13
53 55 3 26501 271046 0.13
54 56 3 26502 1928261 0.13
55 57 3 26503 22954 0.13
56 58 3 26504 1191866 0.13
57 59 3 26505 73778 0.13
58 60 3 26506 9586 0.13
59 61 3 26507 393031 0.13
60 62 3 26508 22943 0.13
61 63 3 26509 3433113 0.13
62 0 3 26510 4432897 0.13
63 1 3 26511 2059 0.13
0 3 3 26512 3735154 0.13
1 4 3 26513 3896684 0.13
2 5 3 26514 1878392 0.13
3 6 3 26515 1403063 0.13
4 7 3 26516 76469 0.13
5 8 3 26517 1151553 0.13
6 9 3 26518 49267 0.13
7 10 3 26519 67116 0.13
8 11 3 26520 28660 0.13
9 12 3 26521 5357355 0.13
10 13 3 26522 3276805 0.13
11 14 3 26523 39068 0.13
12 15 3 26524 14449 0.13
13 16 3 26525 25410 0.13
14 17 3 26526 6199269 0.13
15 18 3 26527 8965107 0.13
16 19 3 26528 26165 0.13
17 20 3 26529 56345 0.13
18 21 3 26530 2775555 0.13
19 22 3 26531 21026 0.13
20 23 3 26532 88708 0.13
21 24 3 26533 42326 0.13
22 25 3 26534 3617 0.13
23 26 3 26535 222139 0.13
24 27 3 26536 21744 0.13
25 28 3 26537 1045768 0.13
26 29 3 26538 118521 0.13
27 30 3 26539 2077 0.13
28 31 3 26540 889923 0.13
29 32 3 26541 1556517 0.13
30 33 3 26542 2013591 0.13
31 34 3 26543 756144 0.13
32 35 3 26544 24092 0.13
33 36 3 26545 192725 0.13
34 37 3 26546 9766 0.13
35 38 3 26547 63036 0.13
36 39 3 26548 73616 0.13
37 40 3 26549 688563 0.13
38 41 3 26550 4224003 0.13
39 42 3 26551 1353411 0.13
40 43 3 26552 2117153 0.13
41 44 3 26553 144968 0.13
42 45 3 26554 55904 0.13
43 46 3 26555 176558 0.13
44 47 3 26556 76421 0.13
45 48 3 26557 11000 0.13
46 49 3 26558 4601744 0.13
47 50 3 26559 924799 0.13
48 51 3 26560 3264 0.13
49 52 3 26561 25471780 0.13
50 53 3 26562 32900 0.13
51 54 3 26563 163614 0.13
52 55 3 26564 8627 0.13
53 56 3 26565 68309 0.13
54 57 3 26566 27424 0.13
55 58 3 26567 61403 0.13
56 59 3 26568 9002 0.13
57 60 3 26569 45368 0.13
58 61 3 26570 2319 0.13
59 62 3 26571 5267 0.13
60 63 3 26572 1288993 0.13
61 0 3 26573 196944 0.13
62 1 3 26574 1476989 0.13
63 2 3 26575 46267 0.13
0 4 3 26576 25263 0.13
1 5 3 26577 26779 0.13
2 6 3 26578 5325611 0.13
3 7 3 26579 2949246 0.13
4 8 3 26580 589579 0.13
5 9 3 26581 186959 0.13
6 10 3 26582 12546 0.13
7 11 3 26583 23546 0.13
8 12 3 26584 145165 0.13
9 13 3 26585 6256 0.13
10 14 3 26586 13857274 0.13
11 15 3 26587 20220341 0.13
12 16 3 26588 676247 0.13
13 17 3 26589 73069 0.13
14 18 3 26590 48379 0.13
15 19 3 26591 2507341 0.13
16 20 3 26592 8121532 0.13
17 21 3 26593 142710 0.13
18 22 3 26594 18936956 0.13
19 23 3 26595 77018 0.13
20 24 3 26596 76465 0.13
21 25 3 26597 2491 0.13
22 26 3 26598 162412 0.13
23 27 3 26599 6723073 0.13
24 28 3 26600 13556 0.13
25 29 3 26601 7690 0.13
26 30 3 26602 2486429 0.13
27 31 3 26603 2074 0.13
28 32 3 26604 23001 0.13
29 33 3 26605 4668909 0.13
30 34 3 26606 2081 0.13
31 35 3 26607 933319 0.13
32 36 3 26608 47187 0.13
33 37 3 26609 57839 0.13
34 38 3 26610 7169 0.13
35 39 3 26611 5717196 0.13
36 40 3 26612 74905 0.13
37 41 3 26613 451032 0.13
38 42 3 26614 771784 0.13
39 43 3 26615 128185 0.13
40 44 3 26616 2061145 0.13
41 45 3 26617 68656 0.13
42 46 3 26618 47246 0.13
43 47 3 26619 2056 0.13
44 48 3 26620 4852 0.13
45 49 3 26621 29547 0.13
46 50 3 26622 44534 0.13
47 51 3 26623 1968595 0.13
48 52 3 26624 28876 0.13
49 53 3 26625 6233512 0.13
50 54 3 26626 23523 0.13
51 55 3 26627 119484 0.13
52 56 3 26628 7039726 0.13
53 57 3 26629 599005 0.13
54 58 3 26630 529226 0.13
55 59 3 26631 4953 0.13
56 60 3 26632 75461 0.13
57 61 3 26633 2464 0.13
58 62 3 26634 69058 0.13
59 63 3 26635 54878 0.13
60 0 3 26636 1510751 0.13
61 1 3 26637 3686436 0.13
62 2 3 26638 532116 0.13
63 3 3 26639 18997 0.13
0 5 3 26640 31866 0.13
1 6 3 26641 3990637 0.13
2 7 3 26642 180631 0.13
3 8 3 26643 2961725 0.13
4 9 3 26644 1901054 0.13
5 10 3 26645 2298 0.13
6 11 3 26646 19711 0.13
7 12 3 26647 1730946 0.13
8 13 3 26648 2084 0.13
9 14 3 26649 3059032 0.13
10 15 3 26650 50987 0.13
11 16 3 26651 16475 0.13
12 17 3 26652 44011 0.13
13 18 3 26653 2467410 0.13
14 19 3 26654 8104172 0.13
15 20 3 26655 8749776 0.13
16 21 3 26656 179987 0.13
17 22 3 26657 58661 0.13
18 23 3 26658 4217 0.13
19 24 3 26659 2097 0.13
20 25 3 26660 912252 0.13
21 26 3 26661 58287 0.13
22 27 3 26662 11629405 0.13
23 28 3 26663 747535 0.13
24 29 3 26664 55095 0.13
25 30 3 26665 5441 0.13
26 31 3 26666 2065 0.13
27 32 3 26667 578438 0.13
28 33 3 26668 6152848 0.13
29 34 3 26669 29909 0.13
30 35 3 26670 5057 0.13
31 36 3 26671 5320 0.13
32 37 3 26672 3221703 0.13
33 38 3 26673 25411693 0.13
34 39 3 26674 22479 0.13
35 40 3 26675 28219 0.13
36 41 3 26676 2232885 0.13
37 42 3 26677 99978 0.13
38 43 3 26678 6045 0.13
39 44 3 26679 312948 0.13
40 45 3 26680 6599630 0.13
41 46 3 26681 185396 0.13
42 47 3 26682 1724259 0.13
43 48 3 26683 66023 0.13
44 49 3 26684 78336 0.13
45 50 3 26685 2075 0.13
46 51 3 26686 1730055 0.13
47 52 3 26687 1602087 0.13
48 53 3 26688 56899 0.13
49 54 3 26689 111259 0.13
50 55 3 26690 29420 0.13
51 56 3 26691 9266 0.13
52 57 3 26692 87364 0.13
53 58 3 26693 144230 0.13
54 59 3 26694 374640 0.13
55 60 3 26695 11861 0.13
56 61 3 26696 255465 0.13
57 62 3 26697 1849116 0.13
58 63 3 26698 79527 0.13
59 0 3 26699 97032 0.13
60 1 3 26700 128051 0.13
61 2 3 26701 77701 0.13
62 3 3 26702 482232 0.13
63 4 3 26703 7465 0.13
0 6 3 26704 79801 0.13
1 7 3 26705 857025 0.13
2 8 3 26706 526709 0.13
3 9 3 26707 1815892 0.13
4 10 3 26708 4085 0.13
5 11 3 26709 2241 0.13
6 12 3 26710 2085522 0.13
7 13 3 26711 56635 0.13
8 14 3 26712 42604 0.13
9 15 3 26713 3316788 0.13
10 16 3 26714 147456 0.13
11 17 3 26715 4903765 0.13
12 18 3 26716 2144 0.13
13 19 3 26717 190917 0.13
14 20 3 26718 8120 0.13
15 21 3 26719 8090572 0.13
16 22 3 26720 8616 0.13
17 23 3 26721 4435385 0.13
18 24 3 26722 1640005 0.13
19 25 3 26723 41701 0.13
20 26 3 26724 3478103 0.13
21 27 3 26725 448477 0.13
22 28 3 26726 161106 0.13
23 29 3 26727 2931110 0.13
24 30 3 26728 17354 0.13
25 31 3 26729 2073 0.13
26 32 3 26730 15185241 0.13
27 33 3 26731 119936 0.13
28 34 3 26732 2029 0.13
29 35 3 26733 8114864 0.13
30 36 3 26734 4919670 0.13
31 37 3 26735 43708 0.13
32 38 3 26736 9136 0.13
33 39 3 26737 4098 0.13
34 40 3 26738 64073 0.13
35 41 3 26739 37122 0.13
36 42 3 26740 32870 0.13
37 43 3 26741 9095493 0.13
38 44 3 26742 63977 0.13
39 45 3 26743 63134 0.13
40 46 3 26744 1060663 0.13
41 47 3 26745 767713 0.13
42 48 3 26746 9037 0.13
43 49 3 26747 29679 0.13
44 50 3 26748 216985 0.13
45 51 3 26749 1840583 0.13
46 52 3 26750 5760 0.13
47 53 3 26751 783794 0.13
48 54 3 26752 3043570 0.13
49 55 3 26753 116729 0.13
50 56 3 26754 28033 0.13
51 57 3 26755 268413 0.13
52 58 3 26756 186663 0.13
53 59 3 26757 7854670 0.13
54 60 3 26758 58248 0.13
55 61 3 26759 15405 0.13
56 62 3 26760 9273 0.13
57 63 3 26761 8073223 0.13
58 0 3 26762 36853 0.13
59 1 3 26763 178802 0.13
60 2 3 26764 61372 0.13
61 3 3 26765 2334882 0.13
62 4 3 26766 4449243 0.13
63 5 3 26767 5958067 0.13
0 7 3 26768 26433 0.13
1 8 3 26769 1314112 0.13
2 9 3 26770 26640 0.13
3 10 3 26771 8551 0.13
4 11 3 26772 2699224 0.13
5 12 3 26773 39322 0.13
6 13 3 26774 29364 0.13
7 14 3 26775 69870 0.13
8 15 3 26776 3050249 0.13
9 16 3 26777 33792 0.13
10 17 3 26778 1795022 0.13
11 18 3 26779 8113 0.13
12 19 3 26780 3347655 0.13
13 20 3 26781 9322 0.13
14 21 3 26782 3336922 0.13
15 22 3 26783 43433 0.13
16 23 3 26784 2915136 0.13
17 24 3 26785 1103066 0.13
18 25 3 26786 2090 0.13
19 26 3 26787 1343173 0.13
20 27 3 26788 3435 0.13
21 28 3 26789 49859 0.13
22 29 3 26790 6810054 0.13
23 30 3 26791 4954292 0.13
24 31 3 26792 52309 0.13
25 32 3 26793 8617081 0.13
26 33 3 26794 63698 0.13
27 34 3 26795 21127 0.13
28 35 3 26796 8880 0.13
29 36 3 26797 3428549 0.13
30 37 3 26798 66154 0.13
31 38 3 26799 15525 0.13
32 39 3 26800 12591 0.13
33 40 3 26801 131411 0.13
34 41 3 26802 35619 0.13
35 42 3 26803 1211194 0.13
36 43 3 26804 1875474 0.13
37 44 3 26805 2025 0.13
38 45 3 26806 5227 0.13
39 46 3 26807 77731 0.13
40 47 3 26808 8237133 0.13
41 48 3 26809 2504812 0.13
42 49 3 26810 16553 0.13
43 50 3 26811 910778 0.13
44 51 3 26812 1170767 0.13
45 52 3 26813 24037 0.13
46 53 3 26814 8899 0.13
47 54 3 26815 54542 0.13
48 55 3 26816 47897 0.13
49 56 3 26817 7425742 0.13
50 57 3 26818 6728284 0.13
51 58 3 26819 1948413 0.13
52 59 3 26820 44628 0.13
53 60 3 26821 68800 0.13
54 61 3 26822 3124 0.13
55 62 3 26823 40286 0.13
56 63 3 26824 135642 0.13
57 0 3 26825 984119 0.13
58 1 3 26826 8485097 0.13
59 2 3 26827 5402 0.13
60 3 3 26828 156047 0.13
61 4 3 26829 13149712 0.13
62 5 3 26830 283347 0.13
63 6 3 26831 3315215 0.13
0 8 3 26832 4577257 0.13
1 9 3 26833 6736 0.13
2 10 3 26834 2488448 0.13
3 11 3 26835 5032 0.13
4 12 3 26836 17185 0.13
5 13 3 26837 4660 0.13
6 14 3 26838 4403358 0.13
7 15 3 26839 1438681 0.13
8 16 3 26840 22741 0.13
9 17 3 26841 2508213 0.13
10 18 3 26842 1939450 0.13
11 19 3 26843 2726 0.13
12 20 3 26844 147734 0.13
13 21 3 26845 19921 0.13
14 22 3 26846 2271 0.13
15 23 3 26847 3961 0.13
16 24 3 26848 56966 0.13
17 25 3 26849 32782 0.13
18 26 3 26850 2073 0.13
19 27 3 26851 9070078 0.13
20 28 3 26852 25642 0.13
21 29 3 26853 1006610 0.13
22 30 3 26854 21982840 0.13
23 31 3 26855 5063 0.13
24 32 3 26856 74041 0.13
25 33 3 26857 1852075 0.13
26 34 3 26858 134470 0.13
27 35 3 26859 35445 0.13
28 36 3 26860 29303 0.13
29 37 3 26861 2321845 0.13
30 38 3 26862 9267 0.13
31 39 3 26863 144263 0.13
32 40 3 26864 65767 0.13
33 41 3 26865 188168 0.13
34 42 3 26866 153858 0.13
35 43 3 26867 3956135 0.13
36 44 3 26868 52798 0.13
37 45 3 26869 8520 0.13
38 46 3 26870 25709 0.13
39 47 3 26871 9039277 0.13
40 48 3 26872 1659911 0.13
41 49 3 26873 53096 0.13
42 50 3 26874 1327024 0.13
43 51 3 26875 9238297 0.13
44 52 3 26876 1930315 0.13
45 53 3 26877 76462 0.13
46 54 3 26878 9300 0.13
47 55 3 26879 67108 0.13
48 56 3 26880 2143204 0.13
49 57 3 26881 2328103 0.13
50 58 3 26882 4784 0.13
51 59 3 26883 5121180 0.13
52 60 3 26884 1253528 0.13
53 61 3 26885 3950 0.13
54 62 3 26886 25781 0.13
55 63 3 26887 2438 0.13
56 0 3 26888 40359 0.13
57 1 3 26889 133966 0.13
58 2 3 26890 286190 0.13
59 3 3 26891 22177 0.13
60 4 3 26892 16635 0.13
61 5 3 26893 65755 0.13
62 6 3 26894 29676 0.13
63 7 3 26895 10546801 0.13
0 9 3 26896 1836715 0.13
1 10 3 26897 1283720 0.13
2 11 3 26898 58734 0.13
3 12 3 26899 78619 0.13
4 13 3 26900 4439268 0.13
5 14 3 26901 24195 0.13
6 15 3 26902 4140713 0.13
7 16 3 26903 10276 0.13
8 17 3 26904 79986 0.13
9 18 3 26905 51299 0.13
10 19 3 26906 27300 0.13
11 20 3 26907 106862 0.13
12 21 3 26908 2352 0.13
13 22 3 26909 56753 0.13
14 23 3 26910 18751 0.13
15 24 3 26911 110777 0.13
16 25 3 26912 23150958 0.13
17 26 3 26913 27637248 0.13
18 27 3 26914 4729872 0.13
19 28 3 26915 7210638 0.13
20 29 3 26916 73856 0.13
21 30 3 26917 109421 0.13
22 31 3 26918 9833786 0.13
23 32 3 26919 33583 0.13
24 33 3 26920 22785 0.13
25 34 3 26921 6509810 0.13
26 35 3 26922 1977936 0.13
27 36 3 26923 444975 0.13
28 37 3 26924 3494289 0.13
29 38 3 26925 51359 0.13
30 39 3 26926 9031 0.13
31 40 3 26927 2465 0.13
32 41 3 26928 36798 0.13
33 42 3 26929 60503 0.13
34 43 3 26930 60230 0.13
35 44 3 26931 27670 0.13
36 45 3 26932 2508 0.13
37 46 3 26933 42021 0.13
38 47 3 26934 358997 0.13
39 48 3 26935 40487 0.13
40 49 3 26936 42844 0.13
41 50 3 26937 49413 0.13
42 51 3 26938 20598 0.13
43 52 3 26939 16554 0.13
44 53 3 26940 2739558 0.13
45 54 3 26941 189828 0.13
46 55 3 26942 98586 0.13
47 56 3 26943 36661 0.13
48 57 3 26944 1656597 0.13
49 58 3 26945 6571 0.13
50 59 3 26946 71550 0.13
51 60 3 26947 998697 0.13
52 61 3 26948 1306198 0.13
53 62 3 26949 728659 0.13
54 63 3 26950 200707 0.13
55 0 3 26951 4684496 0.13
56 1 3 26952 5981 0.13
57 2 3 26953 4833 0.13
58 3 3 26954 6009 0.13
59 4 3 26955 1789091 0.13
60 5 3 26956 7957413 0.13
61 6 3 26957 5632 0.13
62 7 3 26958 20853476 0.13
63 8 3 26959 2095 0.13
0 10 3 26960 35706 0.13
1 11 3 26961 29493 0.13
2 12 3 26962 8030677 0.13
3 13 3 26963 855817 0.13
4 14 3 26964 2778 0.13
5 15 3 26965 1026971 0.13
6 16 3 26966 13638 0.13
7 17 3 26967 2150 0.13
8 18 3 26968 1170867 0.13
9 19 3 26969 44189 0.13
10 20 3 26970 23380 0.13
11 21 3 26971 2527179 0.13
12 22 3 26972 7297680 0.13
13 23 3 26973 989060 0.13
14 24 3 26974 4821 0.13
15 25 3 26975 15425 0.13
16 26 3 26976 2003 0.13
17 27 3 26977 4788 0.13
18 28 3 26978 8818 0.13
19 29 3 26979 58708 0.13
20 30 3 26980 32749 0.13
21 31 3 26981 1938862 0.13
22 32 3 26982 141526 0.13
23 33 3 26983 4157688 0.13
24 34 3 26984 3166 0.13
25 35 3 26985 11581 0.13
26 36 3 26986 54080 0.13
27 37 3 26987 2373680 0.13
28 38 3 26988 6355204 0.13
29 39 3 26989 4525 0.13
30 40 3 26990 6879 0.13
31 41 3 26991 21459 0.13
32 42 3 26992 1194742 0.13
33 43 3 26993 16618 0.13
34 44 3 26994 4355233 0.13
35 45 3 26995 9758029 0.13
36 46 3 26996 637410 0.13
37 47 3 26997 891148 0.13
38 48 3 26998 25962 0.13
39 49 3 26999 469732 0.13
40 50 3 27000 341081 0.13
41 51 3 27001 2259 0.13
42 52 3 27002 28251 0.13
43 53 3 27003 8990117 0.13
44 54 3 27004 71302 0.13
45 55 3 27005 1649849 0.13
46 56 3 27006 1041844 0.13
47 57 3 27007 3335744 0.13
48 58 3 27008 64698 0.13
49 59 3 27009 115562 0.13
50 60 3 27010 7196451 0.13
51 61 3 27011 1082969 0.13
52 62 3 27012 182663 0.13
53 63 3 27013 43231 0.13
54 0 3 27014 2207 0.13
55 1 3 27015 23059 0.13
56 2 3 27016 1509961 0.13
57 3 3 27017 3603 0.13
58 4 3 27018 2048 0.13
59 5 3 27019 48534 0.13
60 6 3 27020 9099473 0.13
61 7 3 27021 376325 0.13
62 8 3 27022 9988194 0.13
63 9 3 27023 1728613 0.13
0 11 3 27024 2061 0.13
1 12 3 27025 920234 0.13
2 13 3 27026 163962 0.13
3 14 3 27027 2015 0.13
4 15 3 27028 39641 0.13
5 16 3 27029 7691977 0.13
6 17 3 27030 4348606 0.13
7 18 3 27031 56555 0.13
8 19 3 27032 74572 0.13
9 20 3 27033 989837 0.13
10 21 3 27034 1603170 0.13
11 22 3 27035 3508 0.13
12 23 3 27036 101876 0.13
13 24 3 27037 414887 0.13
14 25 3 27038 5704091 0.13
15 26 3 27039 8957982 0.13
16 27 3 27040 23657100 0.13
17 28 3 27041 37362 0.13
18 29 3 27042 322988 0.13
19 30 3 27043 4757206 0.13
20 31 3 27044 9274596 0.13
21 32 3 27045 41834 0.13
22 33 3 27046 1599651 0.13
23 34 3 27047 24363 0.13
24 35 3 27048 44759 0.13
25 36 3 27049 143569 0.13
26 37 3 27050 9720 0.13
27 38 3 27051 42269 0.13
28 39 3 27052 3946 0.13
29 40 3 27053 3152 0.13
30 41 3 27054 9553864 0.13
31 42 3 27055 147533 0.13
32 43 3 27056 161615 0.13
33 44 3 27057 553002 0.13
34 45 3 27058 49556 0.13
35 46 3 27059 56570 0.13
36 47 3 27060 6000512 0.13
37 48 3 27061 2727434 0.13
38 49 3 27062 3115 0.13
39 50 3 27063 108689 0.13
40 51 3 27064 1171288 0.13
41 52 3 27065 67884 0.13
42 53 3 27066 2421 0.13
43 54 3 27067 963614 0.13
44 55 3 27068 24163 0.13
45 56 3 27069 68226 0.13
46 57 3 27070 26705 0.13
47 58 3 27071 841744 0.13
48 59 3 27072 1166564 0.13
49 60 3 27073 9029760 0.13
50 61 3 27074 697698 0.13
51 62 3 27075 149044 0.13
52 63 3 27076 28897 0.13
53 0 3 27077 167519 0.13
54 1 3 27078 9512868 0.13
55 2 3 27079 44993 0.13
56 3 3 27080 22502 0.13
57 4 3 27081 2013 0.13
58 5 3 27082 70948 0.13
59 6 3 27083 45395 0.13
60 7 3 27084 3441987 0.13
61 8 3 27085 11435 0.13
62 9 3 27086 35618 0.13
63 10 3 27087 21796 0.13
0 12 3 27088 463064 0.13
1 13 3 27089 2853268 0.13
2 14 3 27090 4101 0.13
3 15 3 27091 21251 0.13
4 16 3 27092 45896 0.13
5 17 3 27093 25510 0.13
6 18 3 27094 4965318 0.13
7 19 3 27095 16728 0.13
8 20 3 27096 6461 0.13
9 21 3 27097 92409 0.13
10 22 3 27098 16754 0.13
11 23 3 27099 3280 0.13
12 24 3 27100 17354 0.13
13 25 3 27101 8358925 0.13
14 26 3 27102 1024564 0.13
15 27 3 27103 9956 0.13
16 28 3 27104 1892768 0.13
17 29 3 27105 31543 0.13
18 30 3 27106 3680343 0.13
19 31 3 27107 3882 0.13
20 32 3 27108 1372287 0.13
21 33 3 27109 2259 0.13
22 34 3 27110 2364 0.13
23 35 3 27111 4850906 0.13
24 36 3 27112 55020 0.13
25 37 3 27113 814135 0.13
26 38 3 27114 41233 0.13
27 39 3 27115 2028 0.13
28 40 3 27116 1643054 0.13
29 41 3 27117 98880 0.13
30 42 3 27118 5966035 0.13
31 43 3 27119 75485 0.13
32 44 3 27120 24297 0.13
33 45 3 27121 10293 0.13
34 46 3 27122 5203779 0.13
35 47 3 27123 5187 0.13
36 48 3 27124 48516 0.13
37 49 3 27125 21994 0.13
38 50 3 27126 8886 0.13
39 51 3 27127 6965599 0.13
40 52 3 27128 28158 0.13
41 53 3 27129 826706 0.13
42 54 3 27130 9120555 0.13
43 55 3 27131 6680686 0.13
44 56 3 27132 63047 0.13
45 57 3 27133 1542370 0.13
46 58 3 27134 27348331 0.13
47 59 3 27135 125400 0.13
48 60 3 27136 18014372 0.13
49 61 3 27137 61803 0.13
50 62 3 27138 3716295 0.13
51 63 3 27139 3821112 0.13
52 0 3 27140 5140 0.13
53 1 3 27141 188718 0.13
54 2 3 27142 189022 0.13
55 3 3 27143 55422 0.13
56 4 3 27144 13497 0.13
57 5 3 27145 2452 0.13
58 6 3 27146 8803661 0.13
59 7 3 27147 24026 0.13
60 8 3 27148 768291 0.13
61 9 3 27149 4469159 0.13
62 10 3 27150 1973395 0.13
63 11 3 27151 4542328 0.13
0 13 3 27152 9317 0.13
1 14 3 27153 44008 0.13
2 15 3 27154 77844 0.13
3 16 3 27155 4441 0.13
4 17 3 27156 64294 0.13
5 18 3 27157 64623 0.13
6 19 3 27158 2162 0.13
7 20 3 27159 192864 0.13
8 21 3 27160 2005 0.13
9 22 3 27161 60365 0.13
10 23 3 27162 5358 0.13
11 24 3 27163 38850 0.13
12 25 3 27164 12420 0.13
13 26 3 27165 1136942 0.13
14 27 3 27166 115538 0.13
15 28 3 27167 16186 0.13
16 29 3 27168 57257 0.13
17 30 3 27169 9102515 0.13
18 31 3 27170 5928 0.13
19 32 3 27171 1952616 0.13
20 33 3 27172 1255571 0.13
21 34 3 27173 14183 0.13
22 35 3 27174 40514 0.13
23 36 3 27175 5741840 0.13
24 37 3 27176 1856763 0.13
25 38 3 27177 78212 0.13
26 39 3 27178 5704344 0.13
27 40 3 27179 1227893 0.13
28 41 3 27180 891163 0.13
29 42 3 27181 140931 0.13
30 43 3 27182 57784 0.13
31 44 3 27183 1728025 0.13
32 45 3 27184 73799 0.13
33 46 3 27185 21143 0.13
34 47 3 27186 44285 0.13
35 48 3 27187 114693 0.13
36 49 3 27188 4708 0.13
37 50 3 27189 180356 0.13
38 51 3 27190 32589 0.13
39 52 3 27191 1496246 0.13
40 53 3 27192 922139 0.13
41 54 3 27193 66256 0.13
42 55 3 27194 1039777 0.13
43 56 3 27195 5593 0.13
44 57 3 27196 124593 0.13
45 58 3 27197 2426 0.13
46 59 3 27198 2524 0.13
47 60 3 27199 24943528 0.13
48 61 3 27200 37933 0.13
49 62 3 27201 23633 0.13
50 63 3 27202 88533 0.13
51 0 3 27203 2248875 0.13
52 1 3 27204 230991 0.13
53 2 3 27205 21594 0.13
54 3 3 27206 109980 0.13
55 4 3 27207 45087 0.13
56 5 3 27208 8043202 0.13
57 6 3 27209 75043 0.13
58 7 3 27210 168944 0.13
59 8 3 27211 4976440 0.13
60 9 3 27212 2111174 0.13
61 10 3 27213 27611 0.13
62 11 3 27214 9388923 0.13
63 12 3 27215 32198 0.13
0 14 3 27216 2739 0.13
1 15 3 27217 5718 0.13
2 16 3 27218 76287 0.13
3 17 3 27219 13624 0.13
4 18 3 27220 1539927 0.13
5 19 3 27221 12502 0.13
6 20 3 27222 2778 0.13
7 21 3 27223 116342 0.13
8 22 3 27224 320335 0.13
9 23 3 27225 91407 0.13
10 24 3 27226 402176 0.13
11 25 3 27227 3160479 0.13
12 26 3 27228 22863 0.13
13 27 3 27229 699882 0.13
14 28 3 27230 11097 0.13
15 29 3 27231 25196 0.13
16 30 3 27232 27742 0.13
17 31 3 27233 70140 0.13
18 32 3 27234 27876 0.13
19 33 3 27235 21142 0.13
20 34 3 27236 8534 0.13
21 35 3 27237 1493060 0.13
22 36 3 27238 78823 0.13
23 37 3 27239 6776 0.13
24 38 3 27240 54952 0.13
25 39 3 27241 8820451 0.13
26 40 3 27242 41980 0.13
27 41 3 27243 219547 0.13
28 42 3 27244 19256 0.13
29 43 3 27245 2051 0.13
30 44 3 27246 8122 0.13
31 45 3 27247 418422 0.13
32 46 3 27248 2065 0.13
33 47 3 27249 2314 0.13
34 48 3 27250 20785 0.13
35 49 3 27251 2549 0.13
36 50 3 27252 7650329 0.13
37 51 3 27253 967028 0.13
38 52 3 27254 21901 0.13
39 53 3 27255 8496 0.13
40 54 3 27256 1169395 0.13
41 55 3 27257 72621 0.13
42 56 3 27258 3514594 0.13
43 57 3 27259 8175 0.13
44 58 3 27260 4274315 0.13
45 59 3 27261 24369 0.13
46 60 3 27262 1178523 0.13
47 61 3 27263 2385 0.13
48 62 3 27264 1768460 0.13
49 63 3 27265 8451 0.13
50 0 3 27266 5547 0.13
51 1 3 27267 37093 0.13
52 2 3 27268 2460 0.13
53 3 3 27269 25346 0.13
54 4 3 27270 19408 0.13
55 5 3 27271 857455 0.13
56 6 3 27272 2746353 0.13
57 7 3 27273 38886 0.13
58 8 3 27274 1930471 0.13
59 9 3 27275 23080 0.13
60 10 3 27276 2845304 0.13
61 11 3 27277 63134 0.13
62 12 3 27278 41171 0.13
63 13 3 27279 5220954 0.13
0 15 3 27280 5716 0.13
1 16 3 27281 92461 0.13
2 17 3 27282 8561 0.13
3 18 3 27283 3972 0.13
4 19 3 27284 2138 0.13
5 20 3 27285 12379 0.13
6 21 3 27286 196939 0.13
7 22 3 27287 53625 0.13
8 23 3 27288 4503811 0.13
9 24 3 27289 886301 0.13
10 25 3 27290 1422963 0.13
11 26 3 27291 66079 0.13
12 27 3 27292 45624 0.13
13 28 3 27293 264947 0.13
14 29 3 27294 3818018 0.13
15 30 3 27295 11824 0.13
16 31 3 27296 1490741 0.13
17 32 3 27297 81518 0.13
18 33 3 27298 7546 0.13
19 34 3 27299 1851581 0.13
20 35 3 27300 26367 0.13
21 36 3 27301 3264405 0.13
22 37 3 27302 1418740 0.13
23 38 3 27303 2635338 0.13
24 39 3 27304 3681 0.13
25 40 3 27305 47419 0.13
26 41 3 27306 12440 0.13
27 42 3 27307 144267 0.13
28 43 3 27308 2043753 0.13
29 44 3 27309 20302 0.13
30 45 3 27310 7481 0.13
31 46 3 27311 70041 0.13
32 47 3 27312 73327 0.13
33 48 3 27313 43378 0.13
34 49 3 27314 126594 0.13
35 50 3 27315 43714 0.13
36 51 3 27316 3237156 0.13
37 52 3 27317 3243038 0.13
38 53 3 27318 5529369 0.13
39 54 3 27319 63962 0.13
40 55 3 27320 1531429 0.13
41 56 3 27321 4727742 0.13
42 57 3 27322 46632 0.13
43 58 3 27323 1004262 0.13
44 59 3 27324 7132968 0.13
45 60 3 27325 4887 0.13
46 61 3 27326 75879 0.13
47 62 3 27327 48743 0.13
48 63 3 27328 42334 0.13
49 0 3 27329 30639 0.13
50 1 3 27330 28693 0.13
51 2 3 27331 1630670 0.13
52 3 3 27332 25473 0.13
53 4 3 27333 648216 0.13
54 5 3 27334 59455 0.13
55 6 3 27335 57265 0.13
56 7 3 27336 16464377 0.13
57 8 3 27337 878862 0.13
58 9 3 27338 237273 0.13
59 10 3 27339 17712 0.13
60 11 3 27340 22471 0.13
61 12 3 27341 53884 0.13
62 13 3 27342 2042 0.13
63 14 3 27343 577785 0.13
0 16 3 27344 45385 0.13
1 17 3 27345 62372 0.13
2 18 3 27346 8358 0.13
3 19 3 27347 13788 0.13
4 20 3 27348 8775 0.13
5 21 3 27349 4461925 0.13
6 22 3 27350 7397 0.13
7 23 3 27351 29551 0.13
8 24 3 27352 9748 0.13
9 25 3 27353 21644 0.13
10 26 3 27354 52523 0.13
11 27 3 27355 8995 0.13
12 28 3 27356 2862459 0.13
13 29 3 27357 38704 0.13
14 30 3 27358 636368 0.13
15 31 3 27359 963410 0.13
16 32 3 27360 26655 0.13
17 33 3 27361 10261 0.13
18 34 3 27362 833422 0.13
19 35 3 27363 3504510 0.13
20 36 3 27364 489857 0.13
21 37 3 27365 8925698 0.13
22 38 3 27366 86515 0.13
23 39 3 27367 71459 0.13
24 40 3 27368 20885787 0.13
25 41 3 27369 8597929 0.13
26 42 3 27370 341594 0.13
27 43 3 27371 1399052 0.13
28 44 3 27372 7164654 0.13
29 45 3 27373 9801 0.13
30 46 3 27374 24010 0.13
31 47 3 27375 32226 0.13
32 48 3 27376 2619818 0.13
33 49 3 27377 4924 0.13
34 50 3 27378 206281 0.13
35 51 3 27379 861586 0.13
36 52 3 27380 26366 0.13
37 53 3 27381 20101 0.13
38 54 3 27382 37767 0.13
39 55 3 27383 23942 0.13
40 56 3 27384 8718 0.13
41 57 3 27385 9692411 0.13
42 58 3 27386 22882600 0.13
43 59 3 27387 8373907 0.13
44 60 3 27388 12738877 0.13
45 61 3 27389 17331 0.13
46 62 3 27390 43126 0.13
47 63 3 27391 3032 0.13
48 0 3 27392 82792 0.13
49 1 3 27393 22491 0.13
50 2 3 27394 26074 0.13
51 3 3 27395 20230 0.13
52 4 3 27396 2457095 0.13
53 5 3 27397 2267504 0.13
54 6 3 27398 24088 0.13
55 7 3 27399 4507 0.13
56 8 3 27400 3033614 0.13
57 9 3 27401 3450184 0.13
58 10 3 27402 79769 0.13
59 11 3 27403 51307 0.13
60 12 3 27404 44772 0.13
61 13 3 27405 1187679 0.13
62 14 3 27406 43958 0.13
63 15 3 27407 65439 0.13
0 17 3 27408 1277642 0.13
1 18 3 27409 6152685 0.13
2 19 3 27410 137797 0.13
3 20 3 27411 26856 0.13
4 21 3 27412 36165 0.13
5 22 3 27413 62353 0.13
6 23 3 27414 177416 0.13
7 24 3 27415 4847434 0.13
8 25 3 27416 1974876 0.13
9 26 3 27417 26825 0.13
10 27 3 27418 1720886 0.13
11 28 3 27419 5106270 0.13
12 29 3 27420 485822 0.13
13 30 3 27421 8356388 0.13
14 31 3 27422 42098 0.13
15 32 3 27423 23992 0.13
16 33 3 27424 44143 0.13
17 34 3 27425 66658 0.13
18 35 3 27426 3717390 0.13
19 36 3 27427 48605 0.13
20 37 3 27428 7228093 0.13
21 38 3 27429 190823 0.13
22 39 3 27430 73720 0.13
23 40 3 27431 9448223 0.13
24 41 3 27432 3450 0.13
25 42 3 27433 20862 0.13
26 43 3 27434 28035 0.13
27 44 3 27435 4535 0.13
28 45 3 27436 38651 0.13
29 46 3 27437 43987 0.13
30 47 3 27438 89405 0.13
31 48 3 27439 5589909 0.13
32 49 3 27440 153176 0.13
33 50 3 27441 6806645 0.13
34 51 3 27442 7631892 0.13
35 52 3 27443 6218930 0.13
36 53 3 27444 31269 0.13
37 54 3 27445 5127 0.13
38 55 3 27446 38338 0.13
39 56 3 27447 1604178 0.13
40 57 3 27448 193047 0.13
41 58 3 27449 34619 0.13
42 59 3 27450 7853670 0.13
43 60 3 27451 158371 0.13
44 61 3 27452 49414 0.13
45 62 3 27453 3327184 0.13
46 63 3 27454 16344 0.13
47 0 3 27455 3603456 0.13
48 1 3 27456 23952 0.13
49 2 3 27457 62276 0.13
50 3 3 27458 17224937 0.13
51 4 3 27459 8936 0.13
52 5 3 27460 43588 0.13
53 6 3 27461 1174044 0.13
54 7 3 27462 21532753 0.13
55 8 3 27463 26569 0.13
56 9 3 27464 46961 0.13
57 10 3 27465 7366084 0.13
58 11 3 27466 28591 0.13
59 12 3 27467 28464165 0.13
60 13 3 27468 8832638 0.13
61 14 3 27469 605321 0.13
62 15 3 27470 171750 0.13
63 16 3 27471 24781 0.13
0 18 3 27472 4917818 0.13
1 19 3 27473 7925616 0.13
2 20 3 27474 2497340 0.13
3 21 3 27475 30199 0.13
4 22 3 27476 33346 0.13
5 23 3 27477 31789 0.13
6 24 3 27478 1183943 0.13
7 25 3 27479 2908 0.13
8 26 3 27480 142693 0.13
9 27 3 27481 22001 0.13
10 28 3 27482 1703198 0.13
11 29 3 27483 22600 0.13
12 30 3 27484 9360753 0.13
13 31 3 27485 845356 0.13
14 32 3 27486 2090 0.13
15 33 3 27487 87127 0.13
16 34 3 27488 890067 0.13
17 35 3 27489 7758 0.13
18 36 3 27490 7867620 0.13
19 37 3 27491 2658549 0.13
20 38 3 27492 6410896 0.13
21 39 3 27493 9367 0.13
22 40 3 27494 7619 0.13
23 41 3 27495 43672 0.13
24 42 3 27496 112541 0.13
25 43 3 27497 5466 0.13
26 44 3 27498 7323714 0.13
27 45 3 27499 28085 0.13
28 46 3 27500 11283 0.13
29 47 3 27501 42549 0.13
30 48 3 27502 9961500 0.13
31 49 3 27503 27936 0.13
32 50 3 27504 4887834 0.13
33 51 3 27505 57602 0.13
34 52 3 27506 5417397 0.13
35 53 3 27507 1975104 0.13
36 54 3 27508 25976 0.13
37 55 3 27509 3324245 0.13
38 56 3 27510 603894 0.13
39 57 3 27511 829700 0.13
40 58 3 27512 2481 0.13
41 59 3 27513 72435 0.13
42 60 3 27514 542526 0.13
43 61 3 27515 12720 0.13
44 62 3 27516 584837 0.13
45 63 3 27517 2476036 0.13
46 0 3 27518 2170 0.13
47 1 3 27519 79777 0.13
48 2 3 27520 1966326 0.13
49 3 3 27521 4259362 0.13
50 4 3 27522 2610673 0.13
51 5 3 27523 22256 0.13
52 6 3 27524 60317 0.13
53 7 3 27525 62223 0.13
54 8 3 27526 161093 0.13
55 9 3 27527 50070 0.13
56 10 3 27528 34782 0.13
57 11 3 27529 17660 0.13
58 12 3 27530 65699 0.13
59 13 3 27531 6918 0.13
60 14 3 27532 5787624 0.13
61 15 3 27533 565643 0.13
62 16 3 27534 2455 0.13
63 17 3 27535 1631921 0.13
0 19 3 27536 1002659 0.13
1 20 3 27537 2458732 0.13
2 21 3 27538 2410141 0.13
3 22 3 27539 7316359 0.13
4 23 3 27540 3401 0.13
5 24 3 27541 6969397 0.13
6 25 3 27542 43497 0.13
7 26 3 27543 592617 0.13
8 27 3 27544 666282 0.13
9 28 3 27545 2441 0.13
10 29 3 27546 2170 0.13
11 30 3 27547 10396 0.13
12 31 3 27548 3690045 0.13
13 32 3 27549 15636 0.13
14 33 3 27550 8241 0.13
15 34 3 27551 31837 0.13
16 35 3 27552 33957 0.13
17 36 3 27553 700544 0.13
18 37 3 27554 8240217 0.13
19 38 3 27555 7593 0.13
20 39 3 27556 2186 0.13
21 40 3 27557 30224 0.13
22 41 3 27558 9832825 0.13
23 42 3 27559 938397 0.13
24 43 3 27560 7873 0.13
25 44 3 27561 6319502 0.13
26 45 3 27562 1630638 0.13
27 46 3 27563 79789 0.13
28 47 3 27564 420372 0.13
29 48 3 27565 5079 0.13
30 49 3 27566 25636399 0.13
31 50 3 27567 5602365 0.13
32 51 3 27568 19691 0.13
33 52 3 27569 19623 0.13
34 53 3 27570 379474 0.13
35 54 3 27571 40212 0.13
36 55 3 27572 10834 0.13
37 56 3 27573 1755654 0.13
38 57 3 27574 15202 0.13
39 58 3 27575 1208458 0.13
40 59 3 27576 207464 0.13
41 60 3 27577 17297 0.13
42 61 3 27578 1262543 0.13
43 62 3 27579 3678355 0.13
44 63 3 27580 1840930 0.13
45 0 3 27581 38793 0.13
46 1 3 27582 1191364 0.13
47 2 3 27583 9740014 0.13
48 3 3 27584 40449 0.13
49 4 3 27585 4797539 0.13
50 5 3 27586 674191 0.13
51 6 3 27587 21320 0.13
52 7 3 27588 23463 0.13
53 8 3 27589 13795 0.13
54 9 3 27590 519493 0.13
55 10 3 27591 1708578 0.13
56 11 3 27592 59852 0.13
57 12 3 27593 994484 0.13
58 13 3 27594 18020 0.13
59 14 3 27595 78202 0.13
60 15 3 27596 263389 0.13
61 16 3 27597 2007 0.13
62 17 3 27598 42718 0.13
63 18 3 27599 67003 0.13
0 20 3 27600 947941 0.13
1 21 3 27601 4832058 0.13
2 22 3 27602 2947899 0.13
3 23 3 27603 1818587 0.13
4 24 3 27604 22550 0.13
5 25 3 27605 22663 0.13
6 26 3 27606 56189 0.13
7 27 3 27607 74755 0.13
8 28 3 27608 11328581 0.13
9 29 3 27609 66048 0.13
10 30 3 27610 5414 0.13
11 31 3 27611 2486 0.13
12 32 3 27612 14082114 0.13
13 33 3 27613 2440 0.13
14 34 3 27614 17487 0.13
15 35 3 27615 257074 0.13
16 36 3 27616 1879121 0.13
17 37 3 27617 7663 0.13
18 38 3 27618 74384 0.13
19 39 3 27619 11678 0.13
20 40 3 27620 3606204 0.13
21 41 3 27621 46226 0.13
22 42 3 27622 5906 0.13
23 43 3 27623 71090 0.13
24 44 3 27624 11194 0.13
25 45 3 27625 5984 0.13
26 46 3 27626 558449 0.13
27 47 3 27627 8725014 0.13
28 48 3 27628 16989371 0.13
29 49 3 27629 22226 0.13
30 50 3 27630 9481846 0.13
31 51 3 27631 822167 0.13
32 52 3 27632 456960 0.13
33 53 3 27633 16577 0.13
34 54 3 27634 5274 0.13
35 55 3 27635 3770904 0.13
36 56 3 27636 729765 0.13
37 57 3 27637 3254435 0.13
38 58 3 27638 58017 0.13
39 59 3 27639 1074514 0.13
40 60 3 27640 26213 0.13
41 61 3 27641 3785878 0.13
42 62 3 27642 1793507 0.13
43 63 3 27643 68109 0.13
44 0 3 27644 34862 0.13
45 1 3 27645 1537516 0.13
46 2 3 27646 8481 0.13
47 3 3 27647 20982 0.13
48 4 3 27648 9990326 0.13
49 5 3 27649 21669 0.13
50 6 3 27650 926813 0.13
51 7 3 27651 10553 0.13
52 8 3 27652 8734574 0.13
53 9 3 27653 6403046 0.13
54 10 3 27654 75005 0.13
55 11 3 27655 477923 0.13
56 12 3 27656 1543813 0.13
57 13 3 27657 29203 0.13
58 14 3 27658 28092185 0.13
59 15 3 27659 39221 0.13
60 16 3 27660 23593020 0.13
61 17 3 27661 3741930 0.13
62 18 3 27662 141840 0.13
63 19 3 27663 1173549 0.13
0 21 3 27664 720032 0.13
1 22 3 27665 882624 0.13
2 23 3 27666 3806971 0.13
3 24 3 27667 15727 0.13
4 25 3 27668 9168165 0.13
5 26 3 27669 51160 0.13
6 27 3 27670 45405 0.13
7 28 3 27671 2631586 0.13
8 29 3 27672 343459 0.13
9 30 3 27673 25372053 0.13
10 31 3 27674 21106 0.13
11 32 3 27675 648717 0.13
12 33 3 27676 5015584 0.13
13 34 3 27677 24224 0.13
14 35 3 27678 4912665 0.13
15 36 3 27679 1903557 0.13
16 37 3 27680 68181 0.13
17 38 3 27681 1987380 0.13
18 39 3 27682 3666 0.13
19 40 3 27683 582034 0.13
20 41 3 27684 82695 0.13
21 42 3 27685 27155 0.13
22 43 3 27686 869393 0.13
23 44 3 27687 71179 0.13
24 45 3 27688 6363 0.13
25 46 3 27689 23631 0.13
26 47 3 27690 69746 0.13
27 48 3 27691 33051 0.13
28 49 3 27692 3703155 0.13
29 50 3 27693 8555563 0.13
30 51 3 27694 1721702 0.13
31 52 3 27695 625609 0.13
32 53 3 27696 34791 0.13
33 54 3 27697 2067 0.13
34 55 3 27698 679930 0.13
35 56 3 27699 21975 0.13
36 57 3 27700 47073 0.13
37 58 3 27701 50298 0.13
38 59 3 27702 3013 0.13
39 60 3 27703 1845450 0.13
40 61 3 27704 711761 0.13
41 62 3 27705 22923 0.13
42 63 3 27706 2845158 0.13
43 0 3 27707 66967 0.13
44 1 3 27708 43075 0.13
45 2 3 27709 3428 0.13
46 3 3 27710 1304975 0.13
47 4 3 27711 1907541 0.13
48 5 3 27712 2433 0.13
49 6 3 27713 33684 0.13
50 7 3 27714 146303 0.13
51 8 3 27715 1992821 0.13
52 9 3 27716 7627392 0.13
53 10 3 27717 677505 0.13
54 11 3 27718 43657 0.13
55 12 3 27719 56489 0.13
56 13 3 27720 1203798 0.13
57 14 3 27721 4041 0.13
58 15 3 27722 142102 0.13
59 16 3 27723 6307999 0.13
60 17 3 27724 38444 0.13
61 18 3 27725 56522 0.13
62 19 3 27726 2084 0.13
63 20 3 27727 7381801 0.13
0 22 3 27728 5392 0.13
1 23 3 27729 1208965 0.13
2 24 3 27730 187014 0.13
3 25 3 27731 21151 0.13
4 26 3 27732 34208 0.13
5 27 3 27733 109351 0.13
6 28 3 27734 41550 0.13
7 29 3 27735 16972 0.13
8 30 3 27736 67806 0.13
9 31 3 27737 2002 0.13
10 32 3 27738 8967 0.13
11 33 3 27739 25362 0.13
12 34 3 27740 57983 0.13
13 35 3 27741 11659 0.13
14 36 3 27742 2074 0.13
15 37 3 27743 381994 0.13
16 38 3 27744 616231 0.13
17 39 3 27745 5726 0.13
18 40 3 27746 1289641 0.13
19 41 3 27747 5286 0.13
20 42 3 27748 31496 0.13
21 43 3 27749 7914340 0.13
22 44 3 27750 151269 0.13
23 45 3 27751 1518977 0.13
24 46 3 27752 56922 0.13
25 47 3 27753 8331065 0.13
26 48 3 27754 50815 0.13
27 49 3 27755 83394 0.13
28 50 3 27756 578130 0.13
29 51 3 27757 51380 0.13
30 52 3 27758 142390 0.13
31 53 3 27759 78435 0.13
32 54 3 27760 21561 0.13
33 55 3 27761 12994 0.13
34 56 3 27762 70896 0.13
35 57 3 27763 69355 0.13
36 58 3 27764 4593 0.13
37 59 3 27765 215536 0.13
38 60 3 27766 1704912 0.13
39 61 3 27767 8548 0.13
40 62 3 27768 616274 0.13
41 63 3 27769 799600 0.13
42 0 3 27770 2210 0.13
43 1 3 27771 9224559 0.13
44 2 3 27772 963622 0.13
45 3 3 27773 9559623 0.13
46 4 3 27774 88168 0.13
47 5 3 27775 67343 0.13
48 6 3 27776 105194 0.13
49 7 3 27777 40483 0.13
50 8 3 27778 3219802 0.13
51 9 3 27779 7569241 0.13
52 10 3 27780 7907472 0.13
53 11 3 27781 879502 0.13
54 12 3 27782 5007801 0.13
55 13 3 27783 986268 0.13
56 14 3 27784 31753 0.13
57 15 3 27785 7223 0.13
58 16 3 27786 5418 0.13
59 17 3 27787 1699633 0.13
60 18 3 27788 35763 0.13
61 19 3 27789 17675 0.13
62 20 3 27790 8843780 0.13
63 21 3 27791 776907 0.13
0 23 3 27792 1856377 0.13
1 24 3 27793 495473 0.13
2 25 3 27794 16337 0.13
3 26 3 27795 7975 0.13
4 27 3 27796 2442 0.13
5 28 3 27797 7684 0.13
6 29 3 27798 3847 0.13
7 30 3 27799 3264947 0.13
8 31 3 27800 1745957 0.13
9 32 3 27801 69913 0.13
10 33 3 27802 45627 0.13
11 34 3 27803 25458211 0.13
12 35 3 27804 136640 0.13
13 36 3 27805 62944 0.13
14 37 3 27806 6547201 0.13
15 38 3 27807 68447 0.13
16 39 3 27808 1109664 0.13
17 40 3 27809 2005 0.13
18 41 3 27810 54814 0.13
19 42 3 27811 133592 0.13
20 43 3 27812 49128 0.13
21 44 3 27813 31837 0.13
22 45 3 27814 723050 0.13
23 46 3 27815 58136 0.13
24 47 3 27816 50210 0.13
25 48 3 27817 152678 0.13
26 49 3 27818 188147 0.13
27 50 3 27819 6668374 0.13
28 51 3 27820 4544405 0.13
29 52 3 27821 5231 0.13
30 53 3 27822 2486472 0.13
31 54 3 27823 47131 0.13
32 55 3 27824 39511 0.13
33 56 3 27825 925009 0.13
34 57 3 27826 2283 0.13
35 58 3 27827 3737028 0.13
36 59 3 27828 2273 0.13
37 60 3 27829 51547 0.13
38 61 3 27830 40600 0.13
39 62 3 27831 992252 0.13
40 63 3 27832 66213 0.13
41 0 3 27833 2335 0.13
42 1 3 27834 1391147 0.13
43 2 3 27835 13367662 0.13
44 3 3 27836 140079 0.13
45 4 3 27837 331669 0.13
46 5 3 27838 9491860 0.13
47 6 3 27839 59549 0.13
48 7 3 27840 6792 0.13
49 8 3 27841 479917 0.13
50 9 3 27842 600590 0.13
51 10 3 27843 8988 0.13
52 11 3 27844 967563 0.13
53 12 3 27845 22274 0.13
54 13 3 27846 20588 0.13
55 14 3 27847 957771 0.13
56 15 3 27848 188967 0.13
57 16 3 27849 1190158 0.13
58 17 3 27850 15849 0.13
59 18 3 27851 39952 0.13
60 19 3 27852 12302 0.13
61 20 3 27853 12220 0.13
62 21 3 27854 53121 0.13
63 22 3 27855 20637 0.13
0 24 3 27856 29970 0.13
1 25 3 27857 21632094 0.13
2 26 3 27858 3599761 0.13
3 27 3 27859 312652 0.13
4 28 3 27860 6154652 0.13
5 29 3 27861 366119 0.13
6 30 3 27862 130727 0.13
7 31 3 27863 148428 0.13
8 32 3 27864 37079 0.13
9 33 3 27865 48694 0.13
10 34 3 27866 6614517 0.13
11 35 3 27867 53218 0.13
12 36 3 27868 57990 0.13
13 37 3 27869 29853 0.13
14 38 3 27870 36081 0.13
15 39 3 27871 26172 0.13
16 40 3 27872 5080469 0.13
17 41 3 27873 6667554 0.13
18 42 3 27874 1453290 0.13
19 43 3 27875 31478 0.13
20 44 3 27876 25739 0.13
21 45 3 27877 4109 0.13
22 46 3 27878 4900635 0.13
23 47 3 27879 295893 0.13
24 48 3 27880 49104 0.13
25 49 3 27881 7000216 0.13
26 50 3 27882 181294 0.13
27 51 3 27883 1529814 0.13
28 52 3 27884 24245 0.13
29 53 3 27885 1056872 0.13
30 54 3 27886 3731745 0.13
31 55 3 27887 27578 0.13
32 56 3 27888 61743 0.13
33 57 3 27889 22641 0.13
34 58 3 27890 4427525 0.13
35 59 3 27891 4312202 0.13
36 60 3 27892 26379 0.13
37 61 3 27893 79036 0.13
38 62 3 27894 808173 0.13
39 63 3 27895 659061 0.13
40 0 3 27896 133755 0.13
41 1 3 27897 9688 0.13
42 2 3 27898 2469 0.13
43 3 3 27899 35637 0.13
44 4 3 27900 54644 0.13
45 5 3 27901 243510 0.13
46 6 3 27902 67775 0.13
47 7 3 27903 7512804 0.13
48 8 3 27904 22218114 0.13
49 9 3 27905 752062 0.13
50 10 3 27906 85449 0.13
51 11 3 27907 1705370 0.13
52 12 3 27908 78242 0.13
53 13 3 27909 3744007 0.13
54 14 3 27910 26960 0.13
55 15 3 27911 24917 0.13
56 16 3 27912 6288 0.13
57 17 3 27913 2039 0.13
58 18 3 27914 4826486 0.13
59 19 3 27915 150297 0.13
60 20 3 27916 8327 0.13
61 21 3 27917 930175 0.13
62 22 3 27918 7211 0.13
63 23 3 27919 68170 0.13
0 25 3 27920 2411 0.13
1 26 3 27921 35364 0.13
2 27 3 27922 4977133 0.13
3 28 3 27923 77362 0.13
4 29 3 27924 18543 0.13
5 30 3 27925 442378 0.13
6 31 3 27926 1843690 0.13
7 32 3 27927 44108 0.13
8 33 3 27928 66757 0.13
9 34 3 27929 175323 0.13
10 35 3 27930 3774305 0.13
11 36 3 27931 8052 0.13
12 37 3 27932 24443 0.13
13 38 3 27933 2405 0.13
14 39 3 27934 27813 0.13
15 40 3 27935 57577 0.13
16 41 3 27936 30877 0.13
17 42 3 27937 7064313 0.13
18 43 3 27938 9870 0.13
19 44 3 27939 287507 0.13
20 45 3 27940 142697 0.13
21 46 3 27941 2688815 0.13
22 47 3 27942 9314 0.13
23 48 3 27943 1372967 0.13
24 49 3 27944 41154 0.13
25 50 3 27945 8908 0.13
26 51 3 27946 7183 0.13
27 52 3 27947 1338388 0.13
28 53 3 27948 64185 0.13
29 54 3 27949 3754150 0.13
30 55 3 27950 3929574 0.13
31 56 3 27951 79715 0.13
32 57 3 27952 191266 0.13
33 58 3 27953 18062 0.13
34 59 3 27954 169743 0.13
35 60 3 27955 424035 0.13
36 61 3 27956 3187486 0.13
37 62 3 27957 9560168 0.13
38 63 3 27958 123503 0.13
39 0 3 27959 56979 0.13
40 1 3 27960 2184932 0.13
41 2 3 27961 6621276 0.13
42 3 3 27962 275871 0.13
43 4 3 27963 8170130 0.13
44 5 3 27964 26109 0.13
45 6 3 27965 42099 0.13
46 7 3 27966 29834 0.13
47 8 3 27967 25937 0.13
48 9 3 27968 35451 0.13
49 10 3 27969 47577 0.13
50 11 3 27970 4924 0.13
51 12 3 27971 22282 0.13
52 13 3 27972 100639 0.13
53 14 3 27973 44197 0.13
54 15 3 27974 4550540 0.13
55 16 3 27975 29662 0.13
56 17 3 27976 16713 0.13
57 18 3 27977 2864407 0.13
58 19 3 27978 11514 0.13
59 20 3 27979 765988 0.13
60 21 3 27980 8858 0.13
61 22 3 27981 3739257 0.13
62 23 3 27982 18980 0.13
63 24 3 27983 63273 0.13
0 26 3 27984 16622 0.13
1 27 3 27985 51517 0.13
2 28 3 27986 648186 0.13
3 29 3 27987 2093 0.13
4 30 3 27988 23199 0.13
5 31 3 27989 61714 0.13
6 32 3 27990 164763 0.13
7 33 3 27991 74100 0.13
8 34 3 27992 945171 0.13
9 35 3 27993 2029887 0.13
10 36 3 27994 49249 0.13
11 37 3 27995 2646632 0.13
12 38 3 27996 2935853 0.13
13 39 3 27997 2268 0.13
14 40 3 27998 1914697 0.13
15 41 3 27999 22384388 0.13
16 42 3 28000 609000 0.13
17 43 3 28001 1107556 0.13
18 44 3 28002 4915591 0.13
19 45 3 28003 146995 0.13
20 46 3 28004 28057 0.13
21 47 3 28005 1532632 0.13
22 48 3 28006 9233092 0.13
23 49 3 28007 10598 0.13
24 50 3 28008 2141530 0.13
25 51 3 28009 5276 0.13
26 52 3 28010 701313 0.13
27 53 3 28011 70145 0.13
28 54 3 28012 4678057 0.13
29 55 3 28013 3508 0.13
30 56 3 28014 26349 0.13
31 57 3 28015 25697995 0.13
32 58 3 28016 30419 0.13
33 59 3 28017 3244171 0.13
34 60 3 28018 3091 0.13
35 61 3 28019 22838 0.13
36 62 3 28020 1939392 0.13
37 63 3 28021 3041455 0.13
38 0 3 28022 8374941 0.13
39 1 3 28023 12673 0.13
40 2 3 28024 2452002 0.13
41 3 3 28025 276015 0.13
42 4 3 28026 28033 0.13
43 5 3 28027 48168 0.13
44 6 3 28028 16234 0.13
45 7 3 28029 1516064 0.13
46 8 3 28030 1298327 0.13
47 9 3 28031 1538916 0.13
48 10 3 28032 1587759 0.13
49 11 3 28033 19794 0.13
50 12 3 28034 8678 0.13
51 13 3 28035 26010855 0.13
52 14 3 28036 388867 0.13
53 15 3 28037 23377 0.13
54 16 3 28038 8903 0.13
55 17 3 28039 8755 0.13
56 18 3 28040 50293 0.13
57 19 3 28041 24337673 0.13
58 20 3 28042 21552 0.13
59 21 3 28043 4334441 0.13
60 22 3 28044 22972 0.13
61 23 3 28045 21945 0.13
62 24 3 28046 25363 0.13
63 25 3 28047 65795 0.13
0 27 3 28048 3740 0.13
1 28 3 28049 938064 0.13
2 29 3 28050 762620 0.13
3 30 3 28051 56409 0.13
4 31 3 28052 62990 0.13
5 32 3 28053 7343905 0.13
6 33 3 28054 2053 0.13
7 34 3 28055 3677083 0.13
8 35 3 28056 9359 0.13
9 36 3 28057 68089 0.13
10 37 3 28058 279689 0.13
11 38 3 28059 1509037 0.13
12 39 3 28060 33037 0.13
13 40 3 28061 4959350 0.13
14 41 3 28062 2966 0.13
15 42 3 28063 27799 0.13
16 43 3 28064 44039 0.13
17 44 3 28065 2923 0.13
18 45 3 28066 7968723 0.13
19 46 3 28067 14608 0.13
20 47 3 28068 23083 0.13
21 48 3 28069 168664 0.13
22 49 3 28070 1695824 0.13
23 50 3 28071 2481942 0.13
24 51 3 28072 14125 0.13
25 52 3 28073 2220 0.13
26 53 3 28074 27085 0.13
27 54 3 28075 6278557 0.13
28 55 3 28076 1924037 0.13
29 56 3 28077 2455 0.13
30 57 3 28078 97457 0.13
31 58 3 28079 63489 0.13
32 59 3 28080 8324858 0.13
33 60 3 28081 1995549 0.13
34 61 3 28082 2284982 0.13
35 62 3 28083 1971632 0.13
36 63 3 28084 6233666 0.13
37 0 3 28085 2081 0.13
38 1 3 28086 62512 0.13
39 2 3 28087 12608 0.13
40 3 3 28088 12681 0.13
41 4 3 28089 1970686 0.13
42 5 3 28090 29267 0.13
43 6 3 28091 4432401 0.13
44 7 3 28092 3094 0.13
45 8 3 28093 2429726 0.13
46 9 3 28094 1222123 0.13
47 10 3 28095 6163701 0.13
48 11 3 28096 25894 0.13
49 12 3 28097 4492934 0.13
50 13 3 28098 64439 0.13
51 14 3 28099 1761879 0.13
52 15 3 28100 6127 0.13
53 16 3 28101 6238876 0.13
54 17 3 28102 537544 0.13
55 18 3 28103 927870 0.13
56 19 3 28104 34222 0.13
57 20 3 28105 26045 0.13
58 21 3 28106 6469 0.13
59 22 3 28107 1866597 0.13
60 23 3 28108 205761 0.13
61 24 3 28109 3867965 0.13
62 25 3 28110 6832807 0.13
63 26 3 28111 2503 0.13
0 28 3 28112 41952 0.13
1 29 3 28113 99926 0.13
2 30 3 28114 91696 0.13
3 31 3 28115 6464156 0.13
4 32 3 28116 10817 0.13
5 33 3 28117 821106 0.13
6 34 3 28118 431378 0.13
7 35 3 28119 37895 0.13
8 36 3 28120 4166295 0.13
9 37 3 28121 3486 0.13
10 38 3 28122 11110 0.13
11 39 3 28123 197938 0.13
12 40 3 28124 2079933 0.13
13 41 3 28125 174171 0.13
14 42 3 28126 904740 0.13
15 43 3 28127 47055 0.13
16 44 3 28128 1582494 0.13
17 45 3 28129 28174 0.13
18 46 3 28130 25472 0.13
19 47 3 28131 74723 0.13
20 48 3 28132 1394975 0.13
21 49 3 28133 8368165 0.13
22 50 3 28134 69723 0.13
23 51 3 28135 417608 0.13
24 52 3 28136 61854 0.13
25 53 3 28137 1694209 0.13
26 54 3 28138 4341 0.13
27 55 3 28139 17261 0.13
28 56 3 28140 8399 0.13
29 57 3 28141 5016 0.13
30 58 3 28142 2461 0.13
31 59 3 28143 81570 0.13
32 60 3 28144 9715018 0.13
33 61 3 28145 2392 0.13
34 62 3 28146 975112 0.13
35 63 3 28147 18346808 0.13
36 0 3 28148 119083 0.13
37 1 3 28149 2220272 0.13
38 2 3 28150 1427472 0.13
39 3 3 28151 2499 0.13
40 4 3 28152 6166484 0.13
41 5 3 28153 13998645 0.13
42 6 3 28154 4175 0.13
43 7 3 28155 3651732 0.13
44 8 3 28156 3888615 0.13
45 9 3 28157 69553 0.13
46 10 3 28158 948687 0.13
47 11 3 28159 1979377 0.13
48 12 3 28160 7323742 0.13
49 13 3 28161 197024 0.13
50 14 3 28162 40504 0.13
51 15 3 28163 179011 0.13
52 16 3 28164 355410 0.13
53 17 3 28165 25181 0.13
54 18 3 28166 40991 0.13
55 19 3 28167 196875 0.13
56 20 3 28168 1352186 0.13
57 21 3 28169 4921996 0.13
58 22 3 28170 6751 0.13
59 23 3 28171 6161 0.13
60 24 3 28172 15100 0.13
61 25 3 28173 5379716 0.13
62 26 3 28174 8239031 0.13
63 27 3 28175 1484382 0.13
0 29 3 28176 24977 0.13
1 30 3 28177 127239 0.13
2 31 3 28178 16357 0.13
3 32 3 28179 2119 0.13
4 33 3 28180 3714650 0.13
5 34 3 28181 9972 0.13
6 35 3 28182 7038 0.13
7 36 3 28183 15229 0.13
8 37 3 28184 833017 0.13
9 38 3 28185 880793 0.13
10 39 3 28186 26067 0.13
11 40 3 28187 4372102 0.13
12 41 3 28188 46500 0.13
13 42 3 28189 9151001 0.13
14 43 3 28190 5626544 0.13
15 44 3 28191 1400379 0.13
16 45 3 28192 2007 0.13
17 46 3 28193 96420 0.13
18 47 3 28194 19100 0.13
19 48 3 28195 14107982 0.13
20 49 3 28196 29442 0.13
21 50 3 28197 59881 0.13
22 51 3 28198 5345969 0.13
23 52 3 28199 2092 0.13
24 53 3 28200 73585 0.13
25 54 3 28201 77361 0.13
26 55 3 28202 75055 0.13
27 56 3 28203 165903 0.13
28 57 3 28204 36118 0.13
29 58 3 28205 27096 0.13
30 59 3 28206 2110 0.13
31 60 3 28207 13242 0.13
32 61 3 28208 3805442 0.13
33 62 3 28209 310797 0.13
34 63 3 28210 45504 0.13
35 0 3 28211 74804 0.13
36 1 3 28212 39872 0.13
37 2 3 28213 296619 0.13
38 3 3 28214 4248679 0.13
39 4 3 28215 17893 0.13
40 5 3 28216 854968 0.13
41 6 3 28217 72346 0.13
42 7 3 28218 391312 0.13
43 8 3 28219 5269553 0.13
44 9 3 28220 49452 0.13
45 10 3 28221 477286 0.13
46 11 3 28222 20920 0.13
47 12 3 28223 8402046 0.13
48 13 3 28224 196113 0.13
49 14 3 28225 33306 0.13
50 15 3 28226 23317 0.13
51 16 3 28227 16997 0.13
52 17 3 28228 6520135 0.13
53 18 3 28229 67115 0.13
54 19 3 28230 1947904 0.13
55 20 3 28231 12003 0.13
56 21 3 28232 41738 0.13
57 22 3 28233 10722 0.13
58 23 3 28234 54237 0.13
59 24 3 28235 4574667 0.13
60 25 3 28236 39857 0.13
61 26 3 28237 4860 0.13
62 27 3 28238 2285636 0.13
63 28 3 28239 8705 0.13
0 30 3 28240 632958 0.13
1 31 3 28241 153207 0.13
2 32 3 28242 6960460 0.13
3 33 3 28243 10181 0.13
4 34 3 28244 28583 0.13
5 35 3 28245 3993 0.13
6 36 3 28246 6718610 0.13
7 37 3 28247 8932160 0.13
8 38 3 28248 1686049 0.13
9 39 3 28249 21836 0.13
10 40 3 28250 10326 0.13
11 41 3 28251 33549 0.13
12 42 3 28252 1574508 0.13
13 43 3 28253 1011314 0.13
14 44 3 28254 50513 0.13
15 45 3 28255 58282 0.13
16 46 3 28256 64601 0.13
17 47 3 28257 1202015 0.13
18 48 3 28258 10833 0.13
19 49 3 28259 51985 0.13
20 50 3 28260 2800044 0.13
21 51 3 28261 1227198 0.13
22 52 3 28262 712642 0.13
23 53 3 28263 8853953 0.13
24 54 3 28264 2403 0.13
25 55 3 28265 45396 0.13
26 56 3 28266 37044 0.13
27 57 3 28267 25920 0.13
28 58 3 28268 76393 0.13
29 59 3 28269 570457 0.13
30 60 3 28270 116385 0.13
31 61 3 28271 5796 0.13
32 62 3 28272 20476 0.13
33 63 3 28273 6557 0.13
34 0 3 28274 637610 0.13
35 1 3 28275 1602831 0.13
36 2 3 28276 2372 0.13
37 3 3 28277 27261 0.13
38 4 3 28278 87598 0.13
39 5 3 28279 3529743 0.13
40 6 3 28280 1043724 0.13
41 7 3 28281 11406 0.13
42 8 3 28282 2567661 0.13
43 9 3 28283 4859 0.13
44 10 3 28284 3515111 0.13
45 11 3 28285 5605 0.13
46 12 3 28286 2865070 0.13
47 13 3 28287 1821109 0.13
48 14 3 28288 44422 0.13
49 15 3 28289 29607 0.13
50 16 3 28290 701970 0.13
51 17 3 28291 4503073 0.13
52 18 3 28292 1112287 0.13
53 19 3 28293 94273 0.13
54 20 3 28294 4091906 0.13
55 21 3 28295 103039 0.13
56 22 3 28296 89917 0.13
57 23 3 28297 24289295 0.13
58 24 3 28298 29795 0.13
59 25 3 28299 2042 0.13
60 26 3 28300 1635759 0.13
61 27 3 28301 6778 0.13
62 28 3 28302 35343 0.13
63 29 3 28303 125037 0.13
0 31 3 28304 3094 0.13
1 32 3 28305 31860 0.13
2 33 3 28306 31118 0.13
3 34 3 28307 8685 0.13
4 35 3 28308 3104605 0.13
5 36 3 28309 2004 0.13
6 37 3 28310 1946124 0.13
7 38 3 28311 15532 0.13
8 39 3 28312 7004903 0.13
9 40 3 28313 6111877 0.13
10 41 3 28314 72575 0.13
11 42 3 28315 506247 0.13
12 43 3 28316 68563 0.13
13 44 3 28317 2957249 0.13
14 45 3 28318 77872 0.13
15 46 3 28319 1759383 0.13
16 47 3 28320 9268766 0.13
17 48 3 28321 502447 0.13
18 49 3 28322 28176 0.13
19 50 3 28323 4106488 0.13
20 51 3 28324 1489343 0.13
21 52 3 28325 1750707 0.13
22 53 3 28326 7500 0.13
23 54 3 28327 58156 0.13
24 55 3 28328 8344 0.13
25 56 3 28329 29619 0.13
26 57 3 28330 16058 0.13
27 58 3 28331 284120 0.13
28 59 3 28332 1148590 0.13
29 60 3 28333 58335 0.13
30 61 3 28334 9586 0.13
31 62 3 28335 4257 0.13
32 63 3 28336 16604 0.13
33 0 3 28337 31127 0.13
34 1 3 28338 3477 0.13
35 2 3 28339 28432 0.13
36 3 3 28340 293873 0.13
37 4 3 28341 83252 0.13
38 5 3 28342 1958376 0.13
39 6 3 28343 7021 0.13
40 7 3 28344 1327389 0.13
41 8 3 28345 7690064 0.13
42 9 3 28346 6216898 0.13
43 10 3 28347 145746 0.13
44 11 3 28348 3856169 0.13
45 12 3 28349 3975232 0.13
46 13 3 28350 5303 0.13
47 14 3 28351 3881025 0.13
48 15 3 28352 60733 0.13
49 16 3 28353 2761470 0.13
50 17 3 28354 51442 0.13
51 18 3 28355 275282 0.13
52 19 3 28356 14509486 0.13
53 20 3 28357 27768 0.13
54 21 3 28358 925237 0.13
55 22 3 28359 5757 0.13
56 23 3 28360 12176 0.13
57 24 3 28361 986471 0.13
58 25 3 28362 6871 0.13
59 26 3 28363 113518 0.13
60 27 3 28364 2990 0.13
61 28 3 28365 4255501 0.13
62 29 3 28366 55134 0.13
63 30 3 28367 2112 0.13
0 32 3 28368 905511 0.13
1 33 3 28369 13618 0.13
2 34 3 28370 2010 0.13
3 35 3 28371 2026 0.13
4 36 3 28372 7589013 0.13
5 37 3 28373 1479957 0.13
6 38 3 28374 95842 0.13
7 39 3 28375 18678 0.13
8 40 3 28376 49205 0.13
9 41 3 28377 4189045 0.13
10 42 3 28378 2019 0.13
11 43 3 28379 454466 0.13
12 44 3 28380 35327 0.13
13 45 3 28381 15892 0.13
14 46 3 28382 24427 0.13
15 47 3 28383 79875 0.13
16 48 3 28384 23494 0.13
17 49 3 28385 1097843 0.13
18 50 3 28386 7522682 0.13
19 51 3 28387 119686 0.13
20 52 3 28388 12367 0.13
21 53 3 28389 54137 0.13
22 54 3 28390 2309501 0.13
23 55 3 28391 14183 0.13
24 56 3 28392 1783534 0.13
25 57 3 28393 1673063 0.13
26 58 3 28394 3371 0.13
27 59 3 28395 61792 0.13
28 60 3 28396 86826 0.13
29 61 3 28397 57429 0.13
30 62 3 28398 2679048 0.13
31 63 3 28399 1562865 0.13
32 0 3 28400 7397313 0.13
33 1 3 28401 3733837 0.13
34 2 3 28402 15462 0.13
35 3 3 28403 124245 0.13
36 4 3 28404 4686061 0.13
37 5 3 28405 4460423 0.13
38 6 3 28406 73446 0.13
39 7 3 28407 4788705 0.13
40 8 3 28408 785399 0.13
41 9 3 28409 4482918 0.13
42 10 3 28410 20384 0.13
43 11 3 28411 2436720 0.13
44 12 3 28412 51732 0.13
45 13 3 28413 1469838 0.13
46 14 3 28414 74382 0.13
47 15 3 28415 479997 0.13
48 16 3 28416 4498184 0.13
49 17 3 28417 9533933 0.13
50 18 3 28418 5932211 0.13
51 19 3 28419 1500425 0.13
52 20 3 28420 1679636 0.13
53 21 3 28421 15406 0.13
54 22 3 28422 62663 0.13
55 23 3 28423 24783 0.13
56 24 3 28424 117971 0.13
57 25 3 28425 9652303 0.13
58 26 3 28426 6692 0.13
59 27 3 28427 12098331 0.13
60 28 3 28428 17974 0.13
61 29 3 28429 710592 0.13
62 30 3 28430 1911019 0.13
63 31 3 28431 20112 0.13
0 33 3 28432 22560 0.13
1 34 3 28433 270190 0.13
2 35 3 28434 5940 0.13
3 36 3 28435 98110 0.13
4 37 3 28436 74946 0.13
5 38 3 28437 10544304 0.13
6 39 3 28438 39865 0.13
7 40 3 28439 17366 0.13
8 41 3 28440 1371731 0.13
9 42 3 28441 1283229 0.13
10 43 3 28442 3431 0.13
11 44 3 28443 67739 0.13
12 45 3 28444 1082470 0.13
13 46 3 28445 1642538 0.13
14 47 3 28446 7926752 0.13
15 48 3 28447 2098 0.13
16 49 3 28448 8761970 0.13
17 50 3 28449 68987 0.13
18 51 3 28450 47128 0.13
19 52 3 28451 605140 0.13
20 53 3 28452 55190 0.13
21 54 3 28453 433197 0.13
22 55 3 28454 44046 0.13
23 56 3 28455 169144 0.13
24 57 3 28456 2031 0.13
25 58 3 28457 4965618 0.13
26 59 3 28458 94102 0.13
27 60 3 28459 6036 0.13
28 61 3 28460 633513 0.13
29 62 3 28461 26640 0.13
30 63 3 28462 1703245 0.13
31 0 3 28463 369359 0.13
32 1 3 28464 65482 0.13
33 2 3 28465 60291 0.13
34 3 3 28466 52250 0.13
35 4 3 28467 63994 0.13
36 5 3 28468 73807 0.13
37 6 3 28469 6853 0.13
38 7 3 28470 9995499 0.13
39 8 3 28471 54384 0.13
40 9 3 28472 3596863 0.13
41 10 3 28473 546012 0.13
42 11 3 28474 98887 0.13
43 12 3 28475 29890 0.13
44 13 3 28476 685929 0.13
45 14 3 28477 15639 0.13
46 15 3 28478 804455 0.13
47 16 3 28479 23783835 0.13
48 17 3 28480 2657259 0.13
49 18 3 28481 10135 0.13
50 19 3 28482 48157 0.13
51 20 3 28483 43727 0.13
52 21 3 28484 8810073 0.13
53 22 3 28485 49850 0.13
54 23 3 28486 46894 0.13
55 24 3 28487 14162 0.13
56 25 3 28488 4096328 0.13
57 26 3 28489 156707 0.13
58 27 3 28490 5594 0.13
59 28 3 28491 34734 0.13
60 29 3 28492 20414 0.13
61 30 3 28493 333941 0.13
62 31 3 28494 188302 0.13
63 32 3 28495 4733273 0.13
0 34 3 28496 12501 0.13
1 35 3 28497 35230 0.13
2 36 3 28498 218751 0.13
3 37 3 28499 769299 0.13
4 38 3 28500 426196 0.13
5 39 3 28501 2045 0.13
6 40 3 28502 60231 0.13
7 41 3 28503 29786 0.13
8 42 3 28504 8920 0.13
9 43 3 28505 3849595 0.13
10 44 3 28506 2132 0.13
11 45 3 28507 26811 0.13
12 46 3 28508 67349 0.13
13 47 3 28509 1648321 0.13
14 48 3 28510 52770 0.13
15 49 3 28511 183312 0.13
16 50 3 28512 28010582 0.13
17 51 3 28513 3405 0.13
18 52 3 28514 58739 0.13
19 53 3 28515 349887 0.13
20 54 3 28516 69484 0.13
21 55 3 28517 135604 0.13
22 56 3 28518 119849 0.13
23 57 3 28519 191923 0.13
24 58 3 28520 31398 0.13
25 59 3 28521 837725 0.13
26 60 3 28522 25491 0.13
27 61 3 28523 40388 0.13
28 62 3 28524 342455 0.13
29 63 3 28525 150248 0.13
30 0 3 28526 51298 0.13
31 1 3 28527 4268 0.13
32 2 3 28528 75167 0.13
33 3 3 28529 2081831 0.13
34 4 3 28530 2059479 0.13
35 5 3 28531 3409396 0.13
36 6 3 28532 7003 0.13
37 7 3 28533 64317 0.13
38 8 3 28534 28897 0.13
39 9 3 28535 63462 0.13
40 10 3 28536 8123135 0.13
41 11 3 28537 38672 0.13
42 12 3 28538 49733 0.13
43 13 3 28539 168328 0.13
44 14 3 28540 2252817 0.13
45 15 3 28541 6545 0.13
46 16 3 28542 46164 0.13
47 17 3 28543 1764057 0.13
48 18 3 28544 86350 0.13
49 19 3 28545 26522 0.13
50 20 3 28546 33207 0.13
51 21 3 28547 1923352 0.13
52 22 3 28548 13333 0.13
53 23 3 28549 520077 0.13
54 24 3 28550 2186106 0.13
55 25 3 28551 4275148 0.13
56 26 3 28552 35333 0.13
57 27 3 28553 14180 0.13
58 28 3 28554 3070828 0.13
59 29 3 28555 21056780 0.13
60 30 3 28556 12805 0.13
61 31 3 28557 9163 0.13
62 32 3 28558 63541 0.13
63 33 3 28559 49341 0.13
0 35 3 28560 28987 0.13
1 36 3 28561 214634 0.13
2 37 3 28562 3284 0.13
3 38 3 28563 3196018 0.13
4 39 3 28564 15828 0.13
5 40 3 28565 87956 0.13
6 41 3 28566 25266 0.13
7 42 3 28567 77711 0.13
8 43 3 28568 1701724 0.13
9 44 3 28569 2002 0.13
10 45 3 28570 4317794 0.13
11 46 3 28571 153944 0.13
12 47 3 28572 17990 0.13
13 48 3 28573 725803 0.13
14 49 3 28574 2381 0.13
15 50 3 28575 69030 0.13
16 51 3 28576 734058 0.13
17 52 3 28577 98612 0.13
18 53 3 28578 23696 0.13
19 54 3 28579 191436 0.13
20 55 3 28580 67013 0.13
21 56 3 28581 3002226 0.13
22 57 3 28582 1435128 0.13
23 58 3 28583 6478 0.13
24 59 3 28584 39526 0.13
25 60 3 28585 19498664 0.13
26 61 3 28586 23656 0.13
27 62 3 28587 9950 0.13
28 63 3 28588 9295095 0.13
29 0 3 28589 1883027 0.13
30 1 3 28590 6085612 0.13
31 2 3 28591 2463 0.13
32 3 3 28592 21285 0.13
33 4 3 28593 837256 0.13
34 5 3 28594 1202038 0.13
35 6 3 28595 1597722 0.13
36 7 3 28596 50760 0.13
37 8 3 28597 186583 0.13
38 9 3 28598 4083162 0.13
39 10 3 28599 193897 0.13
40 11 3 28600 560394 0.13
41 12 3 28601 2086 0.13
42 13 3 28602 9874352 0.13
43 14 3 28603 41487 0.13
44 15 3 28604 29278 0.13
45 16 3 28605 127928 0.13
46 17 3 28606 1672541 0.13
47 18 3 28607 18316 0.13
48 19 3 28608 58832 0.13
49 20 3 28609 99478 0.13
50 21 3 28610 3340122 0.13
51 22 3 28611 23684953 0.13
52 23 3 28612 57383 0.13
53 24 3 28613 147683 0.13
54 25 3 28614 73689 0.13
55 26 3 28615 68427 0.13
56 27 3 28616 1210133 0.13
57 28 3 28617 2097 0.13
58 29 3 28618 7465 0.13
59 30 3 28619 66639 0.13
60 31 3 28620 53333 0.13
61 32 3 28621 541912 0.13
62 33 3 28622 2298 0.13
63 34 3 28623 7039 0.13
0 36 3 28624 1501202 0.13
1 37 3 28625 56398 0.13
2 38 3 28626 4656667 0.13
3 39 3 28627 7830 0.13
4 40 3 28628 23092 0.13
5 41 3 28629 6352427 0.13
6 42 3 28630 30603 0.13
7 43 3 28631 9923495 0.13
8 44 3 28632 8522 0.13
9 45 3 28633 191953 0.13
10 46 3 28634 2410 0.13
11 47 3 28635 69372 0.13
12 48 3 28636 722121 0.13
13 49 3 28637 8906581 0.13
14 50 3 28638 129073 0.13
15 51 3 28639 7080401 0.13
16 52 3 28640 2555006 0.13
17 53 3 28641 44845 0.13
18 54 3 28642 30176 0.13
19 55 3 28643 2348 0.13
20 56 3 28644 9341 0.13
21 57 3 28645 1781187 0.13
22 58 3 28646 7346 0.13
23 59 3 28647 5725799 0.13
24 60 3 28648 290254 0.13
25 61 3 28649 58351 0.13
26 62 3 28650 67927 0.13
27 63 3 28651 33085 0.13
28 0 3 28652 55877 0.13
29 1 3 28653 15652 0.13
30 2 3 28654 7781479 0.13
31 3 3 28655 16160 0.13
32 4 3 28656 271907 0.13
33 5 3 28657 36357 0.13
34 6 3 28658 21545 0.13
35 7 3 28659 481618 0.13
36 8 3 28660 679252 0.13
37 9 3 28661 59133 0.13
38 10 3 28662 2225 0.13
39 11 3 28663 72823 0.13
40 12 3 28664 68553 0.13
41 13 3 28665 47759 0.13
42 14 3 28666 99172 0.13
43 15 3 28667 877874 0.13
44 16 3 28668 35136 0.13
45 17 3 28669 195350 0.13
46 18 3 28670 206258 0.13
47 19 3 28671 35251 0.13
48 20 3 28672 5747 0.13
49 21 3 28673 2722684 0.13
50 22 3 28674 23176 0.13
51 23 3 28675 22522 0.13
52 24 3 28676 2030 0.13
53 25 3 28677 2913100 0.13
54 26 3 28678 9960654 0.13
55 27 3 28679 28746 0.13
56 28 3 28680 1286541 0.13
57 29 3 28681 21816 0.13
58 30 3 28682 13244 0.13
59 31 3 28683 2866984 0.13
60 32 3 28684 4984124 0.13
61 33 3 28685 2944 0.13
62 34 3 28686 1410223 0.13
63 35 3 28687 48877 0.13
0 37 3 28688 667296 0.13
1 38 3 28689 8321775 0.13
2 39 3 28690 7179876 0.13
3 40 3 28691 3759 0.13
4 41 3 28692 1171311 0.13
5 42 3 28693 66684 0.13
6 43 3 28694 6652550 0.13
7 44 3 28695 520740 0.13
8 45 3 28696 466458 0.13
9 46 3 28697 64611 0.13
10 47 3 28698 11410 0.13
11 48 3 28699 1724008 0.13
12 49 3 28700 90408 0.13
13 50 3 28701 106704 0.13
14 51 3 28702 24638 0.13
15 52 3 28703 39301 0.13
16 53 3 28704 34197 0.13
17 54 3 28705 800854 0.13
18 55 3 28706 121389 0.13
19 56 3 28707 14193 0.13
20 57 3 28708 173353 0.13
21 58 3 28709 31054 0.13
22 59 3 28710 850142 0.13
23 60 3 28711 39255 0.13
24 61 3 28712 1128026 0.13
25 62 3 28713 32525 0.13
26 63 3 28714 51403 0.13
27 0 3 28715 14998909 0.13
28 1 3 28716 35538 0.13
29 2 3 28717 43648 0.13
30 3 3 28718 4882 0.13
31 4 3 28719 3659 0.13
32 5 3 28720 37197 0.13
33 6 3 28721 2655 0.13
34 7 3 28722 3550384 0.13
35 8 3 28723 2462 0.13
36 9 3 28724 31702 0.13
37 10 3 28725 5492 0.13
38 11 3 28726 61131 0.13
39 12 3 28727 31451 0.13
40 13 3 28728 66526 0.13
41 14 3 28729 1646857 0.13
42 15 3 28730 509028 0.13
43 16 3 28731 41324 0.13
44 17 3 28732 9291 0.13
45 18 3 28733 58852 0.13
46 19 3 28734 79751 0.13
47 20 3 28735 1433499 0.13
48 21 3 28736 1322486 0.13
49 22 3 28737 6970 0.13
50 23 3 28738 1894707 0.13
51 24 3 28739 64133 0.13
52 25 3 28740 41281 0.13
53 26 3 28741 30056 0.13
54 27 3 28742 2173329 0.13
55 28 3 28743 150416 0.13
56 29 3 28744 19887 0.13
57 30 3 28745 28938 0.13
58 31 3 28746 5093001 0.13
59 32 3 28747 20317 0.13
60 33 3 28748 36674 0.13
61 34 3 28749 70383 0.13
62 35 3 28750 87398 0.13
63 36 3 28751 22224 0.13
0 38 3 28752 7984 0.13
1 39 3 28753 21777 0.13
2 40 3 28754 4820 0.13
3 41 3 28755 1875153 0.13
4 42 3 28756 907046 0.13
5 43 3 28757 23964 0.13
6 44 3 28758 554477 0.13
7 45 3 28759 6317440 0.13
8 46 3 28760 16935358 0.13
9 47 3 28761 56259 0.13
10 48 3 28762 2332 0.13
11 49 3 28763 67177 0.13
12 50 3 28764 88482 0.13
13 51 3 28765 15016 0.13
14 52 3 28766 5972049 0.13
15 53 3 28767 3782 0.13
16 54 3 28768 1944038 0.13
17 55 3 28769 68442 0.13
18 56 3 28770 67357 0.13
19 57 3 28771 2048 0.13
20 58 3 28772 2816297 0.13
21 59 3 28773 58029 0.13
22 60 3 28774 33193 0.13
23 61 3 28775 3381 0.13
24 62 3 28776 16307 0.13
25 63 3 28777 60423 0.13
26 0 3 28778 31145 0.13
27 1 3 28779 35342 0.13
28 2 3 28780 687150 0.13
29 3 3 28781 6898726 0.13
30 4 3 28782 1289385 0.13
31 5 3 28783 69068 0.13
32 6 3 28784 2173310 0.13
33 7 3 28785 75813 0.13
34 8 3 28786 6122 0.13
35 9 3 28787 139185 0.13
36 10 3 28788 6590 0.13
37 11 3 28789 55735 0.13
38 12 3 28790 68084 0.13
39 13 3 28791 29253 0.13
40 14 3 28792 4080695 0.13
41 15 3 28793 72284 0.13
42 16 3 28794 1352206 0.13
43 17 3 28795 59852 0.13
44 18 3 28796 45779 0.13
45 19 3 28797 12517 0.13
46 20 3 28798 2272165 0.13
47 21 3 28799 180886 0.13
48 22 3 28800 3571 0.13
49 23 3 28801 32078 0.13
50 24 3 28802 20990 0.13
51 25 3 28803 49210 0.13
52 26 3 28804 178847 0.13
53 27 3 28805 158157 0.13
54 28 3 28806 4659764 0.13
55 29 3 28807 432839 0.13
56 30 3 28808 56925 0.13
57 31 3 28809 11112524 0.13
58 32 3 28810 38291 0.13
59 33 3 28811 276731 0.13
60 34 3 28812 157340 0.13
61 35 3 28813 1902966 0.13
62 36 3 28814 915949 0.13
63 37 3 28815 6973 0.13
0 39 3 28816 83884 0.13
1 40 3 28817 121320 0.13
2 41 3 28818 68390 0.13
3 42 3 28819 161324 0.13
4 43 3 28820 82214 0.13
5 44 3 28821 23395 0.13
6 45 3 28822 7223122 0.13
7 46 3 28823 1088702 0.13
8 47 3 28824 12745 0.13
9 48 3 28825 1042717 0.13
10 49 3 28826 97661 0.13
11 50 3 28827 52215 0.13
12 51 3 28828 78169 0.13
13 52 3 28829 5328721 0.13
14 53 3 28830 14040 0.13
15 54 3 28831 29480 0.13
16 55 3 28832 27693 0.13
17 56 3 28833 7705929 0.13
18 57 3 28834 1764789 0.13
19 58 3 28835 29754 0.13
20 59 3 28836 1510825 0.13
21 60 3 28837 5067429 0.13
22 61 3 28838 759935 0.13
23 62 3 28839 1241971 0.13
24 63 3 28840 170581 0.13
25 0 3 28841 58778 0.13
26 1 3 28842 133211 0.13
27 2 3 28843 4305251 0.13
28 3 3 28844 2716556 0.13
29 4 3 28845 4694988 0.13
30 5 3 28846 35718 0.13
31 6 3 28847 1099787 0.13
32 7 3 28848 39705 0.13
33 8 3 28849 77669 0.13
34 9 3 28850 8246275 0.13
35 10 3 28851 1418972 0.13
36 11 3 28852 3277610 0.13
37 12 3 28853 2593 0.13
38 13 3 28854 9476 0.13
39 14 3 28855 59486 0.13
40 15 3 28856 172240 0.13
41 16 3 28857 1311280 0.13
42 17 3 28858 273621 0.13
43 18 3 28859 4915820 0.13
44 19 3 28860 3371850 0.13
45 20 3 28861 3157749 0.13
46 21 3 28862 2600050 0.13
47 22 3 28863 29923 0.13
48 23 3 28864 97910 0.13
49 24 3 28865 514382 0.13
50 25 3 28866 5521708 0.13
51 26 3 28867 61966 0.13
52 27 3 28868 4736 0.13
53 28 3 28869 2071 0.13
54 29 3 28870 35633 0.13
55 30 3 28871 166741 0.13
56 31 3 28872 29924 0.13
57 32 3 28873 9677589 0.13
58 33 3 28874 6817181 0.13
59 34 3 28875 2326555 0.13
60 35 3 28876 1899075 0.13
61 36 3 28877 1948050 0.13
62 37 3 28878 20611 0.13
63 38 3 28879 72232 0.13
0 40 3 28880 4215458 0.13
1 41 3 28881 78401 0.13
2 42 3 28882 48243 0.13
3 43 3 28883 78470 0.13
4 44 3 28884 4810 0.13
5 45 3 28885 1261194 0.13
6 46 3 28886 505562 0.13
7 47 3 28887 20992 0.13
8 48 3 28888 73717 0.13
9 49 3 28889 1519855 0.13
10 50 3 28890 3467638 0.13
11 51 3 28891 7126 0.13
12 52 3 28892 4734 0.13
13 53 3 28893 24576 0.13
14 54 3 28894 20714331 0.13
15 55 3 28895 71157 0.13
16 56 3 28896 95035 0.13
17 57 3 28897 27510 0.13
18 58 3 28898 6173971 0.13
19 59 3 28899 159607 0.13
20 60 3 28900 4625238 0.13
21 61 3 28901 2135 0.13
22 62 3 28902 1949268 0.13
23 63 3 28903 653529 0.13
24 0 3 28904 3993990 0.13
25 1 3 28905 3311301 0.13
26 2 3 28906 153471 0.13
27 3 3 28907 3377694 0.13
28 4 3 28908 3001835 0.13
29 5 3 28909 60452 0.13
30 6 3 28910 160729 0.13
31 7 3 28911 44081 0.13
32 8 3 28912 9824 0.13
33 9 3 28913 3843291 0.13
34 10 3 28914 6757976 0.13
35 11 3 28915 174630 0.13
36 12 3 28916 22101 0.13
37 13 3 28917 1893186 0.13
38 14 3 28918 5260 0.13
39 15 3 28919 2871767 0.13
40 16 3 28920 32616 0.13
41 17 3 28921 74136 0.13
42 18 3 28922 1508579 0.13
43 19 3 28923 1545441 0.13
44 20 3 28924 64926 0.13
45 21 3 28925 1490022 0.13
46 22 3 28926 1688022 0.13
47 23 3 28927 751487 0.13
48 24 3 28928 19031 0.13
49 25 3 28929 786676 0.13
50 26 3 28930 2099 0.13
51 27 3 28931 1444132 0.13
52 28 3 28932 7748 0.13
53 29 3 28933 24113 0.13
54 30 3 28934 173416 0.13
55 31 3 28935 2052 0.13
56 32 3 28936 9180424 0.13
57 33 3 28937 84522 0.13
58 34 3 28938 3584938 0.13
59 35 3 28939 19839248 0.13
60 36 3 28940 31474 0.13
61 37 3 28941 570546 0.13
62 38 3 28942 33029 0.13
63 39 3 28943 7701 0.13
0 41 3 28944 1235069 0.13
1 42 3 28945 2396 0.13
2 43 3 28946 3134 0.13
3 44 3 28947 81917 0.13
4 45 3 28948 2790553 0.13
5 46 3 28949 1976010 0.13
6 47 3 28950 3667557 0.13
7 48 3 28951 1171788 0.13
8 49 3 28952 2402 0.13
9 50 3 28953 35548 0.13
10 51 3 28954 4379588 0.13
11 52 3 28955 29933 0.13
12 53 3 28956 1146336 0.13
13 54 3 28957 20658 0.13
14 55 3 28958 3877 0.13
15 56 3 28959 38650 0.13
16 57 3 28960 977279 0.13
17 58 3 28961 1870177 0.13
18 59 3 28962 72197 0.13
19 60 3 28963 45822 0.13
20 61 3 28964 50474 0.13
21 62 3 28965 6072329 0.13
22 63 3 28966 4520 0.13
23 0 3 28967 921656 0.13
24 1 3 28968 75305 0.13
25 2 3 28969 199286 0.13
26 3 3 28970 145742 0.13
27 4 3 28971 20898 0.13
28 5 3 28972 24199 0.13
29 6 3 28973 349455 0.13
30 7 3 28974 1043145 0.13
31 8 3 28975 413050 0.13
32 9 3 28976 104947 0.13
33 10 3 28977 13618492 0.13
34 11 3 28978 14381460 0.13
35 12 3 28979 3246624 0.13
36 13 3 28980 56969 0.13
37 14 3 28981 43343 0.13
38 15 3 28982 8973312 0.13
39 16 3 28983 61622 0.13
40 17 3 28984 24631 0.13
41 18 3 28985 605292 0.13
42 19 3 28986 3823225 0.13
43 20 3 28987 2612340 0.13
44 21 3 28988 23940 0.13
45 22 3 28989 70156 0.13
46 23 3 28990 17187 0.13
47 24 3 28991 39343 0.13
48 25 3 28992 4316622 0.13
49 26 3 28993 6100 0.13
50 27 3 28994 29017 0.13
51 28 3 28995 48577 0.13
52 29 3 28996 830741 0.13
53 30 3 28997 2401 0.13
54 31 3 28998 8721 0.13
55 32 3 28999 74936 0.13
56 33 3 29000 23998 0.13
57 34 3 29001 69882 0.13
58 35 3 29002 63139 0.13
59 36 3 29003 3657809 0.13
60 37 3 29004 105203 0.13
61 38 3 29005 55036 0.13
62 39 3 29006 1657093 0.13
63 40 3 29007 45642 0.13
0 42 3 29008 2023 0.13
1 43 3 29009 6008042 0.13
2 44 3 29010 29498 0.13
3 45 3 29011 77978 0.13
4 46 3 29012 45542 0.13
5 47 3 29013 25488 0.13
6 48 3 29014 3808 0.13
7 49 3 29015 1047953 0.13
8 50 3 29016 52817 0.13
9 51 3 29017 2299 0.13
10 52 3 29018 6387 0.13
11 53 3 29019 29450652 0.13
12 54 3 29020 64267 0.13
13 55 3 29021 8484977 0.13
14 56 3 29022 476847 0.13
15 57 3 29023 20473 0.13
16 58 3 29024 89279 0.13
17 59 3 29025 2544058 0.13
18 60 3 29026 6360436 0.13
19 61 3 29027 52214 0.13
20 62 3 29028 26560 0.13
21 63 3 29029 13541932 0.13
22 0 3 29030 9523897 0.13
23 1 3 29031 2332 0.13
24 2 3 29032 754230 0.13
25 3 3 29033 108907 0.13
26 4 3 29034 8829 0.13
27 5 3 29035 16752809 0.13
28 6 3 29036 2041 0.13
29 7 3 29037 9416 0.13
30 8 3 29038 54545 0.13
31 9 3 29039 55127 0.13
32 10 3 29040 7401923 0.13
33 11 3 29041 75179 0.13
34 12 3 29042 6195 0.13
35 13 3 29043 470080 0.13
36 14 3 29044 811457 0.13
37 15 3 29045 62297 0.13
38 16 3 29046 79738 0.13
39 17 3 29047 164019 0.13
40 18 3 29048 186247 0.13
41 19 3 29049 1942469 0.13
42 20 3 29050 6897500 0.13
43 21 3 29051 157733 0.13
44 22 3 29052 157370 0.13
45 23 3 29053 2432 0.13
46 24 3 29054 71991 0.13
47 25 3 29055 26012 0.13
48 26 3 29056 1561714 0.13
49 27 3 29057 6245909 0.13
50 28 3 29058 3808011 0.13
51 29 3 29059 413569 0.13
52 30 3 29060 936443 0.13
53 31 3 29061 2017 0.13
54 32 3 29062 14740 0.13
55 33 3 29063 74382 0.13
56 34 3 29064 1635313 0.13
57 35 3 29065 27821 0.13
58 36 3 29066 309328 0.13
59 37 3 29067 62541 0.13
60 38 3 29068 26962 0.13
61 39 3 29069 33980 0.13
62 40 3 29070 9351166 0.13
63 41 3 29071 6950 0.13
0 43 3 29072 1069118 0.13
1 44 3 29073 2934744 0.13
2 45 3 29074 1669192 0.13
3 46 3 29075 93092 0.13
4 47 3 29076 4782699 0.13
5 48 3 29077 8862 0.13
6 49 3 29078 70990 0.13
7 50 3 29079 62349 0.13
8 51 3 29080 4647979 0.13
9 52 3 29081 2116 0.13
10 53 3 29082 9845373 0.13
11 54 3 29083 2181322 0.13
12 55 3 29084 9275395 0.13
13 56 3 29085 20079537 0.13
14 57 3 29086 1888361 0.13
15 58 3 29087 1575589 0.13
16 59 3 29088 3174311 0.13
17 60 3 29089 2622827 0.13
18 61 3 29090 1756596 0.13
19 62 3 29091 1656666 0.13
20 63 3 29092 2301 0.13
21 0 3 29093 31013 0.13
22 1 3 29094 20826 0.13
23 2 3 29095 73971 0.13
24 3 3 29096 78319 0.13
25 4 3 29097 3550 0.13
26 5 3 29098 71557 0.13
27 6 3 29099 111502 0.13
28 7 3 29100 59966 0.13
29 8 3 29101 1474128 0.13
30 9 3 29102 9414327 0.13
31 10 3 29103 22244 0.13
32 11 3 29104 23403 0.13
33 12 3 29105 51085 0.13
34 13 3 29106 1609809 0.13
35 14 3 29107 61424 0.13
36 15 3 29108 2882002 0.13
37 16 3 29109 5600 0.13
38 17 3 29110 1174601 0.13
39 18 3 29111 240342 0.13
40 19 3 29112 381509 0.13
41 20 3 29113 7017 0.13
42 21 3 29114 8679565 0.13
43 22 3 29115 18600 0.13
44 23 3 29116 2777139 0.13
45 24 3 29117 4200429 0.13
46 25 3 29118 9951759 0.13
47 26 3 29119 17257 0.13
48 27 3 29120 8217 0.13
49 28 3 29121 8659 0.13
50 29 3 29122 26450 0.13
51 30 3 29123 13371 0.13
52 31 3 29124 2360 0.13
53 32 3 29125 26196 0.13
54 33 3 29126 641670 0.13
55 34 3 29127 14077 0.13
56 35 3 29128 4096721 0.13
57 36 3 29129 4833160 0.13
58 37 3 29130 289704 0.13
59 38 3 29131 1241611 0.13
60 39 3 29132 41219 0.13
61 40 3 29133 64267 0.13
62 41 3 29134 2036 0.13
63 42 3 29135 1579619 0.13
0 44 3 29136 3639 0.13
1 45 3 29137 2961 0.13
2 46 3 29138 921130 0.13
3 47 3 29139 915736 0.13
4 48 3 29140 3165969 0.13
5 49 3 29141 27211 0.13
6 50 3 29142 140044 0.13
7 51 3 29143 11912 0.13
8 52 3 29144 44246 0.13
9 53 3 29145 1807831 0.13
10 54 3 29146 3205660 0.13
11 55 3 29147 545972 0.13
12 56 3 29148 3164 0.13
13 57 3 29149 69089 0.13
14 58 3 29150 329005 0.13
15 59 3 29151 5915 0.13
16 60 3 29152 474334 0.13
17 61 3 29153 9555 0.13
18 62 3 29154 1506528 0.13
19 63 3 29155 103976 0.13
20 0 3 29156 65142 0.13
21 1 3 29157 178368 0.13
22 2 3 29158 1353787 0.13
23 3 3 29159 67231 0.13
24 4 3 29160 1444088 0.13
25 5 3 29161 18642385 0.13
26 6 3 29162 3966504 0.13
27 7 3 29163 156005 0.13
28 8 3 29164 20468 0.13
29 9 3 29165 15491 0.13
30 10 3 29166 4469 0.13
31 11 3 29167 72155 0.13
32 12 3 29168 29854 0.13
33 13 3 29169 9532 0.13
34 14 3 29170 28961 0.13
35 15 3 29171 26501 0.13
36 16 3 29172 4702217 0.13
37 17 3 29173 565489 0.13
38 18 3 29174 21398 0.13
39 19 3 29175 54434 0.13
40 20 3 29176 6630 0.13
41 21 3 29177 2853116 0.13
42 22 3 29178 2613 0.13
43 23 3 29179 18483 0.13
44 24 3 29180 46514 0.13
45 25 3 29181 57297 0.13
46 26 3 29182 900338 0.13
47 27 3 29183 21511 0.13
48 28 3 29184 67282 0.13
49 29 3 29185 9944 0.13
50 30 3 29186 49871 0.13
51 31 3 29187 955668 0.13
52 32 3 29188 13967 0.13
53 33 3 29189 7446436 0.13
54 34 3 29190 10289 0.13
55 35 3 29191 2301 0.13
56 36 3 29192 190668 0.13
57 37 3 29193 1794327 0.13
58 38 3 29194 23644 0.13
59 39 3 29195 4797875 0.13
60 40 3 29196 53254 0.13
61 41 3 29197 8843 0.13
62 42 3 29198 150699 0.13
63 43 3 29199 19318 0.13
0 45 3 29200 9174012 0.13
1 46 3 29201 171529 0.13
2 47 3 29202 2049 0.13
3 48 3 29203 64964 0.13
4 49 3 29204 239321 0.13
5 50 3 29205 2233 0.13
6 51 3 29206 5704 0.13
7 52 3 29207 24339 0.13
8 53 3 29208 36707 0.13
9 54 3 29209 1979413 0.13
10 55 3 29210 9692632 0.13
11 56 3 29211 2179 0.13
12 57 3 29212 64168 0.13
13 58 3 29213 322687 0.13
14 59 3 29214 5263 0.13
15 60 3 29215 1526352 0.13
16 61 3 29216 2294 0.13
17 62 3 29217 61877 0.13
18 63 3 29218 12049 0.13
19 0 3 29219 6732 0.13
20 1 3 29220 98061 0.13
21 2 3 29221 46134 0.13
22 3 3 29222 2383 0.13
23 4 3 29223 75226 0.13
24 5 3 29224 4537984 0.13
25 6 3 29225 640687 0.13
26 7 3 29226 72064 0.13
27 8 3 29227 17127 0.13
28 9 3 29228 2166 0.13
29 10 3 29229 2708822 0.13
30 11 3 29230 33242 0.13
31 12 3 29231 6574951 0.13
32 13 3 29232 1734739 0.13
33 14 3 29233 1434815 0.13
34 15 3 29234 1923471 0.13
35 16 3 29235 29195742 0.13
36 17 3 29236 6876 0.13
37 18 3 29237 13436 0.13
38 19 3 29238 2232292 0.13
39 20 3 29239 9600931 0.13
40 21 3 29240 67067 0.13
41 22 3 29241 2031 0.13
42 23 3 29242 25683 0.13
43 24 3 29243 24487 0.13
44 25 3 29244 2765 0.13
45 26 3 29245 15580514 0.13
46 27 3 29246 2751576 0.13
47 28 3 29247 1595762 0.13
48 29 3 29248 29313 0.13
49 30 3 29249 1865184 0.13
50 31 3 29250 5170819 0.13
51 32 3 29251 16733 0.13
52 33 3 29252 9537 0.13
53 34 3 29253 583566 0.13
54 35 3 29254 2076 0.13
55 36 3 29255 38464 0.13
56 37 3 29256 21467 0.13
57 38 3 29257 178936 0.13
58 39 3 29258 1553288 0.13
59 40 3 29259 9353 0.13
60 41 3 29260 1325683 0.13
61 42 3 29261 7608515 0.13
62 43 3 29262 1304253 0.13
63 44 3 29263 171441 0.13
0 46 3 29264 31018 0.13
1 47 3 29265 2698785 0.13
2 48 3 29266 1978363 0.13
3 49 3 29267 67183 0.13
4 50 3 29268 16058 0.13
5 51 3 29269 336192 0.13
6 52 3 29270 20824 0.13
7 53 3 29271 16526 0.13
8 54 3 29272 532422 0.13
9 55 3 29273 40624 0.13
10 56 3 29274 5606 0.13
11 57 3 29275 6639232 0.13
12 58 3 29276 66228 0.13
13 59 3 29277 4523 0.13
14 60 3 29278 65142 0.13
15 61 3 29279 2550235 0.13
16 62 3 29280 1202000 0.13
17 63 3 29281 2154 0.13
18 0 3 29282 10449724 0.13
19 1 3 29283 8714 0.13
20 2 3 29284 8429899 0.13
21 3 3 29285 2814837 0.13
22 4 3 29286 41818 0.13
23 5 3 29287 97228 0.13
24 6 3 29288 6955 0.13
25 7 3 29289 2327 0.13
26 8 3 29290 6461 0.13
27 9 3 29291 157095 0.13
28 10 3 29292 6835 0.13
29 11 3 29293 8934473 0.13
30 12 3 29294 92041 0.13
31 13 3 29295 6584810 0.13
32 14 3 29296 5364 0.13
33 15 3 29297 2162695 0.13
34 16 3 29298 97987 0.13
35 17 3 29299 51062 0.13
36 18 3 29300 1574480 0.13
37 19 3 29301 28553 0.13
38 20 3 29302 253202 0.13
39 21 3 29303 90046 0.13
40 22 3 29304 53143 0.13
41 23 3 29305 68223 0.13
42 24 3 29306 56452 0.13
43 25 3 29307 4364245 0.13
44 26 3 29308 17109832 0.13
45 27 3 29309 795716 0.13
46 28 3 29310 8152 0.13
47 29 3 29311 64678 0.13
48 30 3 29312 29418179 0.13
49 31 3 29313 5561042 0.13
50 32 3 29314 73123 0.13
51 33 3 29315 26923 0.13
52 34 3 29316 62966 0.13
53 35 3 29317 2148 0.13
54 36 3 29318 1492014 0.13
55 37 3 29319 58843 0.13
56 38 3 29320 658793 0.13
57 39 3 29321 14281083 0.13
58 40 3 29322 14480458 0.13
59 41 3 29323 6762 0.13
60 42 3 29324 2267 0.13
61 43 3 29325 29157 0.13
62 44 3 29326 3391123 0.13
63 45 3 29327 8450 0.13
0 47 3 29328 58580 0.13
1 48 3 29329 2414 0.13
2 49 3 29330 50845 0.13
3 50 3 29331 1369770 0.13
4 51 3 29332 1640912 0.13
5 52 3 29333 7377854 0.13
6 53 3 29334 1685349 0.13
7 54 3 29335 8027689 0.13
8 55 3 29336 20160 0.13
9 56 3 29337 263435 0.13
10 57 3 29338 1303622 0.13
11 58 3 29339 8228 0.13
12 59 3 29340 19476 0.13
13 60 3 29341 35207 0.13
14 61 3 29342 23046 0.13
15 62 3 29343 97712 0.13
16 63 3 29344 75352 0.13
17 0 3 29345 27041 0.13
18 1 3 29346 8182065 0.13
19 2 3 29347 2354 0.13
20 3 3 29348 11544 0.13
21 4 3 29349 22400 0.13
22 5 3 29350 9676014 0.13
23 6 3 29351 52358 0.13
24 7 3 29352 27432 0.13
25 8 3 29353 17498 0.13
26 9 3 29354 1144158 0.13
27 10 3 29355 2048 0.13
28 11 3 29356 3614 0.13
29 12 3 29357 13299 0.13
30 13 3 29358 1434803 0.13
31 14 3 29359 71154 0.13
32 15 3 29360 7771458 0.13
33 16 3 29361 9870 0.13
34 17 3 29362 2072 0.13
35 18 3 29363 5190169 0.13
36 19 3 29364 2007 0.13
37 20 3 29365 20813 0.13
38 21 3 29366 21780 0.13
39 22 3 29367 3267 0.13
40 23 3 29368 2090 0.13
41 24 3 29369 77460 0.13
42 25 3 29370 24866 0.13
43 26 3 29371 29169 0.13
44 27 3 29372 1143172 0.13
45 28 3 29373 50762 0.13
46 29 3 29374 23927 0.13
47 30 3 29375 6898 0.13
48 31 3 29376 2024 0.13
49 32 3 29377 76805 0.13
50 33 3 29378 151549 0.13
51 34 3 29379 1781449 0.13
52 35 3 29380 29514883 0.13
53 36 3 29381 7705 0.13
54 37 3 29382 7528 0.13
55 38 3 29383 1983212 0.13
56 39 3 29384 2141 0.13
57 40 3 29385 8924641 0.13
58 41 3 29386 3511841 0.13
59 42 3 29387 46896 0.13
60 43 3 29388 1529685 0.13
61 44 3 29389 422204 0.13
62 45 3 29390 2611999 0.13
63 46 3 29391 9109 0.13
0 48 3 29392 71801 0.13
1 49 3 29393 7415628 0.13
2 50 3 29394 1421645 0.13
3 51 3 29395 169095 0.13
4 52 3 29396 83312 0.13
5 53 3 29397 1733343 0.13
6 54 3 29398 1267556 0.13
7 55 3 29399 1400126 0.13
8 56 3 29400 342207 0.13
9 57 3 29401 47640 0.13
10 58 3 29402 100189 0.13
11 59 3 29403 1330552 0.13
12 60 3 29404 30040 0.13
13 61 3 29405 22661316 0.13
14 62 3 29406 8639634 0.13
15 63 3 29407 8057339 0.13
16 0 3 29408 3998023 0.13
17 1 3 29409 110194 0.13
18 2 3 29410 68468 0.13
19 3 3 29411 25801 0.13
20 4 3 29412 24494 0.13
21 5 3 29413 2546 0.13
22 6 3 29414 6525668 0.13
23 7 3 29415 2478069 0.13
24 8 3 29416 11627223 0.13
25 9 3 29417 76549 0.13
26 10 3 29418 874375 0.13
27 11 3 29419 24904 0.13
28 12 3 29420 7499 0.13
29 13 3 29421 5774 0.13
30 14 3 29422 3050979 0.13
31 15 3 29423 8792304 0.13
32 16 3 29424 4773 0.13
33 17 3 29425 5728 0.13
34 18 3 29426 4471414 0.13
35 19 3 29427 33668 0.13
36 20 3 29428 697222 0.13
37 21 3 29429 123364 0.13
38 22 3 29430 43876 0.13
39 23 3 29431 25913 0.13
40 24 3 29432 73365 0.13
41 25 3 29433 1592295 0.13
42 26 3 29434 9489482 0.13
43 27 3 29435 31809 0.13
44 28 3 29436 11852268 0.13
45 29 3 29437 17822 0.13
46 30 3 29438 25977 0.13
47 31 3 29439 3435932 0.13
48 32 3 29440 2060 0.13
49 33 3 29441 42603 0.13
50 34 3 29442 34788 0.13
51 35 3 29443 23917 0.13
52 36 3 29444 52970 0.13
53 37 3 29445 2232 0.13
54 38 3 29446 34330 0.13
55 39 3 29447 8103545 0.13
56 40 3 29448 257676 0.13
57 41 3 29449 25038 0.13
58 42 3 29450 169150 0.13
59 43 3 29451 1040536 0.13
60 44 3 29452 3896905 0.13
61 45 3 29453 57371 0.13
62 46 3 29454 9861 0.13
63 47 3 29455 2756 0.13
0 49 3 29456 3099 0.13
1 50 3 29457 9035 0.13
2 51 3 29458 4437037 0.13
3 52 3 29459 1210177 0.13
4 53 3 29460 2303399 0.13
5 54 3 29461 1063399 0.13
6 55 3 29462 95556 0.13
7 56 3 29463 5412 0.13
8 57 3 29464 74691 0.13
9 58 3 29465 6475036 0.13
10 59 3 29466 620946 0.13
11 60 3 29467 76155 0.13
12 61 3 29468 193937 0.13
13 62 3 29469 1670579 0.13
14 63 3 29470 9867570 0.13
15 0 3 29471 9943 0.13
16 1 3 29472 4720487 0.13
17 2 3 29473 9259 0.13
18 3 3 29474 81505 0.13
19 4 3 29475 73260 0.13
20 5 3 29476 3901 0.13
21 6 3 29477 26207 0.13
22 7 3 29478 34952 0.13
23 8 3 29479 8875 0.13
24 9 3 29480 22740 0.13
25 10 3 29481 5910193 0.13
26 11 3 29482 497387 0.13
27 12 3 29483 18530 0.13
28 13 3 29484 32314 0.13
29 14 3 29485 8645355 0.13
30 15 3 29486 22226 0.13
31 16 3 29487 27163849 0.13
32 17 3 29488 2086 0.13
33 18 3 29489 29465 0.13
34 19 3 29490 11894 0.13
35 20 3 29491 5629 0.13
36 21 3 29492 1715895 0.13
37 22 3 29493 8601268 0.13
38 23 3 29494 117132 0.13
39 24 3 29495 36403 0.13
40 25 3 29496 112489 0.13
41 26 3 29497 892949 0.13
42 27 3 29498 7733436 0.13
43 28 3 29499 426734 0.13
44 29 3 29500 1863017 0.13
45 30 3 29501 13035223 0.13
46 31 3 29502 39190 0.13
47 32 3 29503 2089 0.13
48 33 3 29504 724469 0.13
49 34 3 29505 4767627 0.13
50 35 3 29506 7153 0.13
51 36 3 29507 2256 0.13
52 37 3 29508 64918 0.13
53 38 3 29509 14578 0.13
54 39 3 29510 2876 0.13
55 40 3 29511 56108 0.13
56 41 3 29512 2147 0.13
57 42 3 29513 4967 0.13
58 43 3 29514 134098 0.13
59 44 3 29515 78239 0.13
60 45 3 29516 63449 0.13
61 46 3 29517 2228 0.13
62 47 3 29518 1234062 0.13
63 48 3 29519 1456376 0.13
0 50 3 29520 15156 0.13
1 51 3 29521 19072794 0.13
2 52 3 29522 8172 0.13
3 53 3 29523 1350080 0.13
4 54 3 29524 6802161 0.13
5 55 3 29525 56280 0.13
6 56 3 29526 40169 0.13
7 57 3 29527 8007 0.13
8 58 3 29528 638911 0.13
9 59 3 29529 26449 0.13
10 60 3 29530 84031 0.13
11 61 3 29531 44852 0.13
12 62 3 29532 72559 0.13
13 63 3 29533 56780 0.13
14 0 3 29534 1514300 0.13
15 1 3 29535 22438 0.13
16 2 3 29536 2446901 0.13
17 3 3 29537 4736164 0.13
18 4 3 29538 5960457 0.13
19 5 3 29539 1539194 0.13
20 6 3 29540 32411 0.13
21 7 3 29541 1254060 0.13
22 8 3 29542 10430031 0.13
23 9 3 29543 31092 0.13
24 10 3 29544 15540 0.13
25 11 3 29545 9546 0.13
26 12 3 29546 59186 0.13
27 13 3 29547 21717165 0.13
28 14 3 29548 3563906 0.13
29 15 3 29549 29984 0.13
30 16 3 29550 2756522 0.13
31 17 3 29551 2168 0.13
32 18 3 29552 376313 0.13
33 19 3 29553 36579 0.13
34 20 3 29554 2034 0.13
35 21 3 29555 72897 0.13
36 22 3 29556 1435216 0.13
37 23 3 29557 407372 0.13
38 24 3 29558 20495 0.13
39 25 3 29559 1318889 0.13
40 26 3 29560 71188 0.13
41 27 3 29561 9912 0.13
42 28 3 29562 23487 0.13
43 29 3 29563 128573 0.13
44 30 3 29564 55043 0.13
45 31 3 29565 71039 0.13
46 32 3 29566 52268 0.13
47 33 3 29567 13815 0.13
48 34 3 29568 7871518 0.13
49 35 3 29569 1568622 0.13
50 36 3 29570 1494532 0.13
51 37 3 29571 8097 0.13
52 38 3 29572 63580 0.13
53 39 3 29573 8765289 0.13
54 40 3 29574 48848 0.13
55 41 3 29575 21243754 0.13
56 42 3 29576 75243 0.13
57 43 3 29577 3419120 0.13
58 44 3 29578 1035923 0.13
59 45 3 29579 47485 0.13
60 46 3 29580 40216 0.13
61 47 3 29581 990319 0.13
62 48 3 29582 50043 0.13
63 49 3 29583 10528 0.13
0 51 3 29584 8401 0.13
1 52 3 29585 19043385 0.13
2 53 3 29586 9028047 0.13
3 54 3 29587 371209 0.13
4 55 3 29588 59676 0.13
5 56 3 29589 28526525 0.13
6 57 3 29590 3569037 0.13
7 58 3 29591 59691 0.13
8 59 3 29592 3687777 0.13
9 60 3 29593 26956 0.13
10 61 3 29594 388362 0.13
11 62 3 29595 66916 0.13
12 63 3 29596 2896079 0.13
13 0 3 29597 699131 0.13
14 1 3 29598 162596 0.13
15 2 3 29599 512895 0.13
16 3 3 29600 42321 0.13
17 4 3 29601 2319 0.13
18 5 3 29602 13311483 0.13
19 6 3 29603 6708 0.13
20 7 3 29604 75444 0.13
21 8 3 29605 73215 0.13
22 9 3 29606 69239 0.13
23 10 3 29607 30267 0.13
24 11 3 29608 9645 0.13
25 12 3 29609 23529 0.13
26 13 3 29610 3922832 0.13
27 14 3 29611 2350850 0.13
28 15 3 29612 31519 0.13
29 16 3 29613 31447 0.13
30 17 3 29614 54448 0.13
31 18 3 29615 1389207 0.13
32 19 3 29616 45680 0.13
33 20 3 29617 10472 0.13
34 21 3 29618 6837 0.13
35 22 3 29619 5081 0.13
36 23 3 29620 1906299 0.13
37 24 3 29621 57574 0.13
38 25 3 29622 25277 0.13
39 26 3 29623 1382547 0.13
40 27 3 29624 41256 0.13
41 28 3 29625 41383 0.13
42 29 3 29626 156854 0.13
43 30 3 29627 14413 0.13
44 31 3 29628 9992611 0.13
45 32 3 29629 679398 0.13
46 33 3 29630 27641 0.13
47 34 3 29631 28305 0.13
48 35 3 29632 2550809 0.13
49 36 3 29633 1664149 0.13
50 37 3 29634 6086 0.13
51 38 3 29635 1102574 0.13
52 39 3 29636 71474 0.13
53 40 3 29637 19112 0.13
54 41 3 29638 115024 0.13
55 42 3 29639 82050 0.13
56 43 3 29640 64676 0.13
57 44 3 29641 2012 0.13
58 45 3 29642 749520 0.13
59 46 3 29643 23350 0.13
60 47 3 29644 22534 0.13
61 48 3 29645 817345 0.13
62 49 3 29646 1889550 0.13
63 50 3 29647 73179 0.13
0 52 3 29648 3920002 0.13
1 53 3 29649 2188746 0.13
2 54 3 29650 1240156 0.13
3 55 3 29651 79592 0.13
4 56 3 29652 27722 0.13
5 57 3 29653 2041122 0.13
6 58 3 29654 91726 0.13
7 59 3 29655 25381615 0.13
8 60 3 29656 51188 0.13
9 61 3 29657 3985140 0.13
10 62 3 29658 2091 0.13
11 63 3 29659 3402267 0.13
12 0 3 29660 2496760 0.13
13 1 3 29661 25308871 0.13
14 2 3 29662 16348 0.13
15 3 3 29663 12199 0.13
16 4 3 29664 4344879 0.13
17 5 3 29665 32200 0.13
18 6 3 29666 652092 0.13
19 7 3 29667 27896 0.13
20 8 3 29668 2064416 0.13
21 9 3 29669 17297 0.13
22 10 3 29670 3895695 0.13
23 11 3 29671 7477 0.13
24 12 3 29672 50334 0.13
25 13 3 29673 32191 0.13
26 14 3 29674 1439741 0.13
27 15 3 29675 79513 0.13
28 16 3 29676 2020 0.13
29 17 3 29677 8283434 0.13
30 18 3 29678 72308 0.13
31 19 3 29679 6038 0.13
32 20 3 29680 1299807 0.13
33 21 3 29681 4168851 0.13
34 22 3 29682 47010 0.13
35 23 3 29683 21636192 0.13
36 24 3 29684 20263 0.13
37 25 3 29685 3373 0.13
38 26 3 29686 990938 0.13
39 27 3 29687 6402 0.13
40 28 3 29688 60781 0.13
41 29 3 29689 2842158 0.13
42 30 3 29690 383181 0.13
43 31 3 29691 5887080 0.13
44 32 3 29692 2493 0.13
45 33 3 29693 5262 0.13
46 34 3 29694 27602 0.13
47 35 3 29695 7739885 0.13
48 36 3 29696 20985 0.13
49 37 3 29697 6355970 0.13
50 38 3 29698 67271 0.13
51 39 3 29699 7342 0.13
52 40 3 29700 6555 0.13
53 41 3 29701 918870 0.13
54 42 3 29702 1475385 0.13
55 43 3 29703 182332 0.13
56 44 3 29704 65377 0.13
57 45 3 29705 617852 0.13
58 46 3 29706 53447 0.13
59 47 3 29707 1806742 0.13
60 48 3 29708 6396 0.13
61 49 3 29709 442727 0.13
62 50 3 29710 47590 0.13
63 51 3 29711 6950918 0.13
0 53 3 29712 1605596 0.13
1 54 3 29713 7850482 0.13
2 55 3 29714 869943 0.13
3 56 3 29715 334712 0.13
4 57 3 29716 1512558 0.13
5 58 3 29717 2564 0.13
6 59 3 29718 74767 0.13
7 60 3 29719 5896 0.13
8 61 3 29720 584113 0.13
9 62 3 29721 3362030 0.13
10 63 3 29722 489060 0.13
11 0 3 29723 2644268 0.13
12 1 3 29724 35731 0.13
13 2 3 29725 42931 0.13
14 3 3 29726 2047 0.13
15 4 3 29727 7638 0.13
16 5 3 29728 20603 0.13
17 6 3 29729 58665 0.13
18 7 3 29730 22345 0.13
19 8 3 29731 80187 0.13
20 9 3 29732 1061688 0.13
21 10 3 29733 2135 0.13
22 11 3 29734 6615998 0.13
23 12 3 29735 128191 0.13
24 13 3 29736 807965 0.13
25 14 3 29737 3113629 0.13
26 15 3 29738 78289 0.13
27 16 3 29739 2017 0.13
28 17 3 29740 9008 0.13
29 18 3 29741 65688 0.13
30 19 3 29742 1604527 0.13
31 20 3 29743 1150588 0.13
32 21 3 29744 65680 0.13
33 22 3 29745 8249529 0.13
34 23 3 29746 6462 0.13
35 24 3 29747 2199 0.13
36 25 3 29748 922075 0.13
37 26 3 29749 6885 0.13
38 27 3 29750 324555 0.13
39 28 3 29751 13965306 0.13
40 29 3 29752 10925 0.13
41 30 3 29753 4812718 0.13
42 31 3 29754 814768 0.13
43 32 3 29755 4373458 0.13
44 33 3 29756 179563 0.13
45 34 3 29757 21896089 0.13
46 35 3 29758 25131 0.13
47 36 3 29759 70863 0.13
48 37 3 29760 7649 0.13
49 38 3 29761 19593 0.13
50 39 3 29762 37769 0.13
51 40 3 29763 22668 0.13
52 41 3 29764 60940 0.13
53 42 3 29765 54436 0.13
54 43 3 29766 3898734 0.13
55 44 3 29767 4990109 0.13
56 45 3 29768 2034 0.13
57 46 3 29769 1982688 0.13
58 47 3 29770 109194 0.13
59 48 3 29771 789891 0.13
60 49 3 29772 1163180 0.13
61 50 3 29773 43267 0.13
62 51 3 29774 40379 0.13
63 52 3 29775 4013947 0.13
0 54 3 29776 73192 0.13
1 55 3 29777 2073 0.13
2 56 3 29778 610654 0.13
3 57 3 29779 753037 0.13
4 58 3 29780 29316 0.13
5 59 3 29781 1984025 0.13
6 60 3 29782 8796 0.13
7 61 3 29783 4290168 0.13
8 62 3 29784 9572054 0.13
9 63 3 29785 12453 0.13
10 0 3 29786 2727215 0.13
11 1 3 29787 48140 0.13
12 2 3 29788 2340 0.13
13 3 3 29789 25542796 0.13
14 4 3 29790 219718 0.13
15 5 3 29791 1634183 0.13
16 6 3 29792 116833 0.13
17 7 3 29793 3407478 0.13
18 8 3 29794 25958 0.13
19 9 3 29795 731054 0.13
20 10 3 29796 2099 0.13
21 11 3 29797 2025410 0.13
22 12 3 29798 857922 0.13
23 13 3 29799 41301 0.13
24 14 3 29800 58522 0.13
25 15 3 29801 920748 0.13
26 16 3 29802 24590 0.13
27 17 3 29803 3491133 0.13
28 18 3 29804 6027905 0.13
29 19 3 29805 42935 0.13
30 20 3 29806 1485678 0.13
31 21 3 29807 4324156 0.13
32 22 3 29808 9363 0.13
33 23 3 29809 34370 0.13
34 24 3 29810 1357998 0.13
35 25 3 29811 3161886 0.13
36 26 3 29812 4839473 0.13
37 27 3 29813 2703542 0.13
38 28 3 29814 47679 0.13
39 29 3 29815 2022 0.13
40 30 3 29816 6981688 0.13
41 31 3 29817 21758 0.13
42 32 3 29818 42795 0.13
43 33 3 29819 16150085 0.13
44 34 3 29820 8927940 0.13
45 35 3 29821 590221 0.13
46 36 3 29822 1668437 0.13
47 37 3 29823 4783641 0.13
48 38 3 29824 11308 0.13
49 39 3 29825 3456038 0.13
50 40 3 29826 1028162 0.13
51 41 3 29827 958705 0.13
52 42 3 29828 360022 0.13
53 43 3 29829 3971076 0.13
54 44 3 29830 162092 0.13
55 45 3 29831 28855 0.13
56 46 3 29832 3658383 0.13
57 47 3 29833 73859 0.13
58 48 3 29834 22039 0.13
59 49 3 29835 2051 0.13
60 50 3 29836 5919622 0.13
61 51 3 29837 1385902 0.13
62 52 3 29838 205496 0.13
63 53 3 29839 2284686 0.13
0 55 3 29840 2421422 0.13
1 56 3 29841 33278 0.13
2 57 3 29842 22863 0.13
3 58 3 29843 9788 0.13
4 59 3 29844 43660 0.13
5 60 3 29845 3988 0.13
6 61 3 29846 67601 0.13
7 62 3 29847 42945 0.13
8 63 3 29848 2226282 0.13
9 0 3 29849 114370 0.13
10 1 3 29850 47626 0.13
11 2 3 29851 29080 0.13
12 3 3 29852 1129151 0.13
13 4 3 29853 24506 0.13
14 5 3 29854 741972 0.13
15 6 3 29855 7551295 0.13
16 7 3 29856 3875052 0.13
17 8 3 29857 23267 0.13
18 9 3 29858 114201 0.13
19 10 3 29859 5543 0.13
20 11 3 29860 35170 0.13
21 12 3 29861 2605561 0.13
22 13 3 29862 4413933 0.13
23 14 3 29863 27613 0.13
24 15 3 29864 72769 0.13
25 16 3 29865 25957 0.13
26 17 3 29866 25750065 0.13
27 18 3 29867 70903 0.13
28 19 3 29868 2607886 0.13
29 20 3 29869 174641 0.13
30 21 3 29870 55650 0.13
31 22 3 29871 9225443 0.13
32 23 3 29872 34011 0.13
33 24 3 29873 24678 0.13
34 25 3 29874 37392 0.13
35 26 3 29875 1444599 0.13
36 27 3 29876 6028149 0.13
37 28 3 29877 6893 0.13
38 29 3 29878 107443 0.13
39 30 3 29879 4345 0.13
40 31 3 29880 61316 0.13
41 32 3 29881 71387 0.13
42 33 3 29882 2215400 0.13
43 34 3 29883 8718 0.13
44 35 3 29884 186757 0.13
45 36 3 29885 1650768 0.13
46 37 3 29886 72557 0.13
47 38 3 29887 5892 0.13
48 39 3 29888 42456 0.13
49 40 3 29889 10952 0.13
50 41 3 29890 3622457 0.13
51 42 3 29891 515934 0.13
52 43 3 29892 1624272 0.13
53 44 3 29893 2362945 0.13
54 45 3 29894 64275 0.13
55 46 3 29895 22708 0.13
56 47 3 29896 46670 0.13
57 48 3 29897 10701 0.13
58 49 3 29898 1867678 0.13
59 50 3 29899 58107 0.13
60 51 3 29900 1381457 0.13
61 52 3 29901 23850173 0.13
62 53 3 29902 1717018 0.13
63 54 3 29903 55273 0.13
0 56 3 29904 64440 0.13
1 57 3 29905 9307 0.13
2 58 3 29906 41620 0.13
3 59 3 29907 59586 0.13
4 60 3 29908 2197 0.13
5 61 3 29909 20357 0.13
6 62 3 29910 2807302 0.13
7 63 3 29911 64733 0.13
8 0 3 29912 42330 0.13
9 1 3 29913 2165268 0.13
10 2 3 29914 1546986 0.13
11 3 3 29915 68619 0.13
12 4 3 29916 26605285 0.13
13 5 3 29917 1526384 0.13
14 6 3 29918 68727 0.13
15 7 3 29919 1226600 0.13
16 8 3 29920 21651 0.13
17 9 3 29921 70002 0.13
18 10 3 29922 31379 0.13
19 11 3 29923 22827 0.13
20 12 3 29924 2079 0.13
21 13 3 29925 17142 0.13
22 14 3 29926 59761 0.13
23 15 3 29927 2640138 0.13
24 16 3 29928 3216098 0.13
25 17 3 29929 73828 0.13
26 18 3 29930 34863 0.13
27 19 3 29931 63619 0.13
28 20 3 29932 16213 0.13
29 21 3 29933 2497 0.13
30 22 3 29934 135924 0.13
31 23 3 29935 36466 0.13
32 24 3 29936 1705778 0.13
33 25 3 29937 48885 0.13
34 26 3 29938 79556 0.13
35 27 3 29939 17510115 0.13
36 28 3 29940 4805088 0.13
37 29 3 29941 17187 0.13
38 30 3 29942 76814 0.13
39 31 3 29943 30051 0.13
40 32 3 29944 2442 0.13
41 33 3 29945 53835 0.13
42 34 3 29946 25067 0.13
43 35 3 29947 2051 0.13
44 36 3 29948 621621 0.13
45 37 3 29949 45449 0.13
46 38 3 29950 20687 0.13
47 39 3 29951 68054 0.13
48 40 3 29952 3731 0.13
49 41 3 29953 3045045 0.13
50 42 3 29954 20652 0.13
51 43 3 29955 37651 0.13
52 44 3 29956 1266291 0.13
53 45 3 29957 9778223 0.13
54 46 3 29958 50204 0.13
55 47 3 29959 54054 0.13
56 48 3 29960 9069 0.13
57 49 3 29961 229936 0.13
58 50 3 29962 21788 0.13
59 51 3 29963 79772 0.13
60 52 3 29964 1220355 0.13
61 53 3 29965 3076867 0.13
62 54 3 29966 259051 0.13
63 55 3 29967 51485 0.13
0 57 3 29968 774575 0.13
1 58 3 29969 2236 0.13
2 59 3 29970 26324 0.13
3 60 3 29971 6323038 0.13
4 61 3 29972 78457 0.13
5 62 3 29973 48676 0.13
6 63 3 29974 835387 0.13
7 0 3 29975 15272 0.13
8 1 3 29976 951373 0.13
9 2 3 29977 1801720 0.13
10 3 3 29978 1774207 0.13
11 4 3 29979 25970 0.13
12 5 3 29980 39370 0.13
13 6 3 29981 2171 0.13
14 7 3 29982 78806 0.13
15 8 3 29983 3027316 0.13
16 9 3 29984 1720028 0.13
17 10 3 29985 67138 0.13
18 11 3 29986 161789 0.13
19 12 3 29987 1422037 0.13
20 13 3 29988 9070935 0.13
21 14 3 29989 35474 0.13
22 15 3 29990 3612632 0.13
23 16 3 29991 56707 0.13
24 17 3 29992 25737 0.13
25 18 3 29993 2044 0.13
26 19 3 29994 18370 0.13
27 20 3 29995 649900 0.13
28 21 3 29996 34333 0.13
29 22 3 29997 61591 0.13
30 23 3 29998 1367453 0.13
31 24 3 29999 73121 0.13
32 25 3 30000 4455076 0.13
33 26 3 30001 73033 0.13
34 27 3 30002 37800 0.13
35 28 3 30003 25469 0.13
36 29 3 30004 58384 0.13
37 30 3 30005 4388 0.13
38 31 3 30006 1044637 0.13
39 32 3 30007 2201 0.13
40 33 3 30008 2935207 0.13
41 34 3 30009 79300 0.13
42 35 3 30010 9773 0.13
43 36 3 30011 16185 0.13
44 37 3 30012 21005 0.13
45 38 3 30013 50563 0.13
46 39 3 30014 3118800 0.13
47 40 3 30015 62794 0.13
48 41 3 30016 20624 0.13
49 42 3 30017 3174 0.13
50 43 3 30018 15212 0.13
51 44 3 30019 8120924 0.13
52 45 3 30020 9778 0.13
53 46 3 30021 6262 0.13
54 47 3 30022 1615767 0.13
55 48 3 30023 3077498 0.13
56 49 3 30024 2903968 0.13
57 50 3 30025 609990 0.13
58 51 3 30026 70791 0.13
59 52 3 30027 253978 0.13
60 53 3 30028 9908000 0.13
61 54 3 30029 6528 0.13
62 55 3 30030 12876 0.13
63 56 3 30031 1794378 0.13
0 58 3 30032 11522 0.13
1 59 3 30033 4491226 0.13
2 60 3 30034 44389 0.13
3 61 3 30035 28895 0.13
4 62 3 30036 3114491 0.13
5 63 3 30037 50957 0.13
6 0 3 30038 120215 0.13
7 1 3 30039 2265 0.13
8 2 3 30040 15144 0.13
9 3 3 30041 6285 0.13
10 4 3 30042 55730 0.13
11 5 3 30043 163288 0.13
12 6 3 30044 20733 0.13
13 7 3 30045 3694336 0.13
14 8 3 30046 15834 0.13
15 9 3 30047 2227 0.13
16 10 3 30048 16036 0.13
17 11 3 30049 53048 0.13
18 12 3 30050 9362935 0.13
19 13 3 30051 146238 0.13
20 14 3 30052 113588 0.13
21 15 3 30053 5695 0.13
22 16 3 30054 16198881 0.13
23 17 3 30055 26614 0.13
24 18 3 30056 828866 0.13
25 19 3 30057 26863 0.13
26 20 3 30058 2864757 0.13
27 21 3 30059 3238 0.13
28 22 3 30060 108058 0.13
29 23 3 30061 4050546 0.13
30 24 3 30062 61671 0.13
31 25 3 30063 4506142 0.13
32 26 3 30064 1594732 0.13
33 27 3 30065 6542224 0.13
34 28 3 30066 2186702 0.13
35 29 3 30067 4626 0.13
36 30 3 30068 6703635 0.13
37 31 3 30069 60534 0.13
38 32 3 30070 1785323 0.13
39 33 3 30071 4645167 0.13
40 34 3 30072 882007 0.13
41 35 3 30073 7954449 0.13
42 36 3 30074 29120 0.13
43 37 3 30075 19656 0.13
44 38 3 30076 16949 0.13
45 39 3 30077 3053921 0.13
46 40 3 30078 16707 0.13
47 41 3 30079 6201452 0.13
48 42 3 30080 45347 0.13
49 43 3 30081 22387 0.13
50 44 3 30082 7050 0.13
51 45 3 30083 2250197 0.13
52 46 3 30084 11981 0.13
53 47 3 30085 27863 0.13
54 48 3 30086 60061 0.13
55 49 3 30087 15925278 0.13
56 50 3 30088 6134270 0.13
57 51 3 30089 2026 0.13
58 52 3 30090 22229 0.13
59 53 3 30091 136265 0.13
60 54 3 30092 1414329 0.13
61 55 3 30093 1562320 0.13
62 56 3 30094 35019 0.13
63 57 3 30095 3260 0.13
0 59 3 30096 4429292 0.13
1 60 3 30097 326257 0.13
2 61 3 30098 301985 0.13
3 62 3 30099 21093787 0.13
4 63 3 30100 35009 0.13
5 0 3 30101 991046 0.13
6 1 3 30102 21898 0.13
7 2 3 30103 237690 0.13
8 3 3 30104 8177 0.13
9 4 3 30105 1007143 0.13
10 5 3 30106 24204321 0.13
11 6 3 30107 71520 0.13
12 7 3 30108 98716 0.13
13 8 3 30109 5090 0.13
14 9 3 30110 4844230 0.13
15 10 3 30111 7429 0.13
16 11 3 30112 47523 0.13
17 12 3 30113 39612 0.13
18 13 3 30114 2470 0.13
19 14 3 30115 13293472 0.13
20 15 3 30116 136935 0.13
21 16 3 30117 56747 0.13
22 17 3 30118 8035 0.13
23 18 3 30119 57026 0.13
24 19 3 30120 54564 0.13
25 20 3 30121 49026 0.13
26 21 3 30122 36225 0.13
27 22 3 30123 14329 0.13
28 23 3 30124 3890379 0.13
29 24 3 30125 119368 0.13
30 25 3 30126 30744 0.13
31 26 3 30127 14820327 0.13
32 27 3 30128 179620 0.13
33 28 3 30129 26477 0.13
34 29 3 30130 1489185 0.13
35 30 3 30131 176658 0.13
36 31 3 30132 2145 0.13
37 32 3 30133 1227859 0.13
38 33 3 30134 74384 0.13
39 34 3 30135 107654 0.13
40 35 3 30136 30270 0.13
41 36 3 30137 2013 0.13
42 37 3 30138 1481836 0.13
43 38 3 30139 25811538 0.13
44 39 3 30140 1535373 0.13
45 40 3 30141 3394625 0.13
46 41 3 30142 2122 0.13
47 42 3 30143 2427 0.13
48 43 3 30144 2051 0.13
49 44 3 30145 1148684 0.13
50 45 3 30146 6262 0.13
51 46 3 30147 9273609 0.13
52 47 3 30148 3333271 0.13
53 48 3 30149 191466 0.13
54 49 3 30150 13180 0.13
55 50 3 30151 1716472 0.13
56 51 3 30152 5294168 0.13
57 52 3 30153 1766295 0.13
58 53 3 30154 8178319 0.13
59 54 3 30155 4463501 0.13
60 55 3 30156 23819 0.13
61 56 3 30157 2267 0.13
62 57 3 30158 25904 0.13
63 58 3 30159 152723 0.13
0 60 3 30160 2294 0.13
1 61 3 30161 22517 0.13
2 62 3 30162 4962567 0.13
3 63 3 30163 39699 0.13
4 0 3 30164 18485 0.13
5 1 3 30165 20628 0.13
6 2 3 30166 2032 0.13
7 3 3 30167 13554 0.13
8 4 3 30168 41504 0.13
9 5 3 30169 2376 0.13
10 6 3 30170 2287624 0.13
11 7 3 30171 5419157 0.13
12 8 3 30172 2160819 0.13
13 9 3 30173 38810 0.13
14 10 3 30174 12283627 0.13
15 11 3 30175 7081 0.13
16 12 3 30176 4542087 0.13
17 13 3 30177 22624 0.13
18 14 3 30178 37528 0.13
19 15 3 30179 35712 0.13
20 16 3 30180 1179135 0.13
21 17 3 30181 4923863 0.13
22 18 3 30182 22603 0.13
23 19 3 30183 51112 0.13
24 20 3 30184 74067 0.13
25 21 3 30185 121801 0.13
26 22 3 30186 131877 0.13
27 23 3 30187 961140 0.13
28 24 3 30188 20815 0.13
29 25 3 30189 18728 0.13
30 26 3 30190 1757648 0.13
31 27 3 30191 18549 0.13
32 28 3 30192 12440 0.13
33 29 3 30193 3494056 0.13
34 30 3 30194 48822 0.13
35 31 3 30195 12642 0.13
36 32 3 30196 56174 0.13
37 33 3 30197 2036 0.13
38 34 3 30198 92691 0.13
39 35 3 30199 39363 0.13
40 36 3 30200 1466210 0.13
41 37 3 30201 94341 0.13
42 38 3 30202 560875 0.13
43 39 3 30203 7795 0.13
44 40 3 30204 2949598 0.13
45 41 3 30205 1886601 0.13
46 42 3 30206 1526585 0.13
47 43 3 30207 5332 0.13
48 44 3 30208 4391114 0.13
49 45 3 30209 3027 0.13
50 46 3 30210 1800757 0.13
51 47 3 30211 1513568 0.13
52 48 3 30212 48564 0.13
53 49 3 30213 5548108 0.13
54 50 3 30214 293828 0.13
55 51 3 30215 318304 0.13
56 52 3 30216 8669917 0.13
57 53 3 30217 7432 0.13
58 54 3 30218 24272 0.13
59 55 3 30219 72249 0.13
60 56 3 30220 19617 0.13
61 57 3 30221 68720 0.13
62 58 3 30222 31798 0.13
63 59 3 30223 44339 0.13
0 61 3 30224 12010 0.13
1 62 3 30225 5458174 0.13
2 63 3 30226 46786 0.13
3 0 3 30227 191938 0.13
4 1 3 30228 4008926 0.13
5 2 3 30229 527337 0.13
6 3 3 30230 142326 0.13
7 4 3 30231 5120503 0.13
8 5 3 30232 38379 0.13
9 6 3 30233 20655783 0.13
10 7 3 30234 5845 0.13
11 8 3 30235 8595 0.13
12 9 3 30236 49104 0.13
13 10 3 30237 4320 0.13
14 11 3 30238 22908 0.13
15 12 3 30239 68834 0.13
16 13 3 30240 23211 0.13
17 14 3 30241 50180 0.13
18 15 3 30242 8153865 0.13
19 16 3 30243 3649127 0.13
20 17 3 30244 27406 0.13
21 18 3 30245 33700 0.13
22 19 3 30246 742238 0.13
23 20 3 30247 75083 0.13
24 21 3 30248 6272110 0.13
25 22 3 30249 25187 0.13
26 23 3 30250 6230 0.13
27 24 3 30251 5407588 0.13
28 25 3 30252 1012195 0.13
29 26 3 30253 4710686 0.13
30 27 3 30254 55936 0.13
31 28 3 30255 61208 0.13
32 29 3 30256 1664525 0.13
33 30 3 30257 2185 0.13
34 31 3 30258 150426 0.13
35 32 3 30259 11667 0.13
36 33 3 30260 1418266 0.13
37 34 3 30261 85221 0.13
38 35 3 30262 26857 0.13
39 36 3 30263 4236797 0.13
40 37 3 30264 27048 0.13
41 38 3 30265 18210 0.13
42 39 3 30266 1051505 0.13
43 40 3 30267 3395 0.13
44 41 3 30268 928665 0.13
45 42 3 30269 3801795 0.13
46 43 3 30270 40925 0.13
47 44 3 30271 33559 0.13
48 45 3 30272 27090 0.13
49 46 3 30273 1197953 0.13
50 47 3 30274 9165 0.13
51 48 3 30275 168948 0.13
52 49 3 30276 6405 0.13
53 50 3 30277 23776 0.13
54 51 3 30278 3239486 0.13
55 52 3 30279 77098 0.13
56 53 3 30280 59603 0.13
57 54 3 30281 6237528 0.13
58 55 3 30282 64075 0.13
59 56 3 30283 9172 0.13
60 57 3 30284 65262 0.13
61 58 3 30285 12549836 0.13
62 59 3 30286 44872 0.13
63 60 3 30287 1412489 0.13
0 62 3 30288 3799086 0.13
1 63 3 30289 10665 0.13
2 0 3 30290 5539 0.13
3 1 3 30291 106153 0.13
4 2 3 30292 1081959 0.13
5 3 3 30293 25437 0.13
6 4 3 30294 1978950 0.13
7 5 3 30295 34267 0.13
8 6 3 30296 7269347 0.13
9 7 3 30297 1912169 0.13
10 8 3 30298 184058 0.13
11 9 3 30299 1359537 0.13
12 10 3 30300 9937655 0.13
13 11 3 30301 30502 0.13
14 12 3 30302 101825 0.13
15 13 3 30303 71378 0.13
16 14 3 30304 57251 0.13
17 15 3 30305 472378 0.13
18 16 3 30306 2885444 0.13
19 17 3 30307 19654 0.13
20 18 3 30308 20896 0.13
21 19 3 30309 23447 0.13
22 20 3 30310 14031 0.13
23 21 3 30311 182116 0.13
24 22 3 30312 128325 0.13
25 23 3 30313 40858 0.13
26 24 3 30314 41593 0.13
27 25 3 30315 340089 0.13
28 26 3 30316 3001 0.13
29 27 3 30317 38058 0.13
30 28 3 30318 1164116 0.13
31 29 3 30319 724097 0.13
32 30 3 30320 9288214 0.13
33 31 3 30321 27493 0.13
34 32 3 30322 4502612 0.13
35 33 3 30323 36708 0.13
36 34 3 30324 73874 0.13
37 35 3 30325 1843879 0.13
38 36 3 30326 1352408 0.13
39 37 3 30327 80693 0.13
40 38 3 30328 2886269 0.13
41 39 3 30329 99690 0.13
42 40 3 30330 11773683 0.13
43 41 3 30331 34127 0.13
44 42 3 30332 58594 0.13
45 43 3 30333 1937347 0.13
46 44 3 30334 8798 0.13
47 45 3 30335 1885361 0.13
48 46 3 30336 2089 0.13
49 47 3 30337 74903 0.13
50 48 3 30338 49579 0.13
51 49 3 30339 8026 0.13
52 50 3 30340 173430 0.13
53 51 3 30341 13656 0.13
54 52 3 30342 31028 0.13
55 53 3 30343 21670 0.13
56 54 3 30344 1801394 0.13
57 55 3 30345 4246877 0.13
58 56 3 30346 1371138 0.13
59 57 3 30347 4610 0.13
60 58 3 30348 175318 0.13
61 59 3 30349 13754 0.13
62 60 3 30350 11804 0.13
63 61 3 30351 16713 0.13
0 63 3 30352 40072 0.13
1 0 3 30353 1549819 0.13
2 1 3 30354 85629 0.13
3 2 3 30355 40533 0.13
4 3 3 30356 1958144 0.13
5 4 3 30357 7416158 0.13
6 5 3 30358 51323 0.13
7 6 3 30359 1569329 0.13
8 7 3 30360 22571380 0.13
9 8 3 30361 60897 0.13
10 9 3 30362 118521 0.13
11 10 3 30363 17740 0.13
12 11 3 30364 1604790 0.13
13 12 3 30365 4424356 0.13
14 13 3 30366 568952 0.13
15 14 3 30367 5344 0.13
16 15 3 30368 8268857 0.13
17 16 3 30369 1929189 0.13
18 17 3 30370 24568 0.13
19 18 3 30371 27352 0.13
20 19 3 30372 28747 0.13
21 20 3 30373 154396 0.13
22 21 3 30374 189751 0.13
23 22 3 30375 1880610 0.13
24 23 3 30376 243876 0.13
25 24 3 30377 640994 0.13
26 25 3 30378 48883 0.13
27 26 3 30379 2944258 0.13
28 27 3 30380 60011 0.13
29 28 3 30381 8750 0.13
30 29 3 30382 49700 0.13
31 30 3 30383 26227 0.13
32 31 3 30384 2931324 0.13
33 32 3 30385 38538 0.13
34 33 3 30386 3174303 0.13
35 34 3 30387 9490932 0.13
36 35 3 30388 42261 0.13
37 36 3 30389 18841 0.13
38 37 3 30390 3672 0.13
39 38 3 30391 3078616 0.13
40 39 3 30392 576127 0.13
41 40 3 30393 2093 0.13
42 41 3 30394 23159 0.13
43 42 3 30395 4240 0.13
44 43 3 30396 1373238 0.13
45 44 3 30397 4908 0.13
46 45 3 30398 21960 0.13
47 46 3 30399 44147 0.13
48 47 3 30400 20079 0.13
49 48 3 30401 353495 0.13
50 49 3 30402 8757 0.13
51 50 3 30403 29787 0.13
52 51 3 30404 64695 0.13
53 52 3 30405 5079 0.13
54 53 3 30406 186090 0.13
55 54 3 30407 46464 0.13
56 55 3 30408 2028 0.13
57 56 3 30409 2457 0.13
58 57 3 30410 9649324 0.13
59 58 3 30411 7268873 0.13
60 59 3 30412 9485 0.13
61 60 3 30413 69812 0.13
62 61 3 30414 2330 0.13
63 62 3 30415 49994 0.13
0 1 3 30416 50053 0.13
1 2 3 30417 6676348 0.13
2 3 3 30418 1483622 0.13
3 4 3 30419 2928603 0.13
4 5 3 30420 2842 0.13
5 6 3 30421 13744305 0.13
6 7 3 30422 4109251 0.13
7 8 3 30423 48184 0.13
8 9 3 30424 21838 0.13
9 10 3 30425 79012 0.13
10 11 3 30426 7813782 0.13
11 12 3 30427 2051 0.13
12 13 3 30428 152759 0.13
13 14 3 30429 22826 0.13
14 15 3 30430 14692 0.13
15 16 3 30431 27137 0.13
16 17 3 30432 5309 0.13
17 18 3 30433 2784870 0.13
18 19 3 30434 672278 0.13
19 20 3 30435 3721690 0.13
20 21 3 30436 786373 0.13
21 22 3 30437 20558 0.13
22 23 3 30438 4020400 0.13
23 24 3 30439 19645 0.13
24 25 3 30440 52392 0.13
25 26 3 30441 2062 0.13
26 27 3 30442 7632614 0.13
27 28 3 30443 337745 0.13
28 29 3 30444 28311 0.13
29 30 3 30445 5520 0.13
30 31 3 30446 58139 0.13
31 32 3 30447 8977 0.13
32 33 3 30448 20004 0.13
33 34 3 30449 5939 0.13
34 35 3 30450 39793 0.13
35 36 3 30451 4997845 0.13
36 37 3 30452 28770 0.13
37 38 3 30453 6099513 0.13
38 39 3 30454 19325 0.13
39 40 3 30455 15735 0.13
40 41 3 30456 66123 0.13
41 42 3 30457 4842790 0.13
42 43 3 30458 78467 0.13
43 44 3 30459 67678 0.13
44 45 3 30460 54666 0.13
45 46 3 30461 6327601 0.13
46 47 3 30462 2255 0.13
47 48 3 30463 3759591 0.13
48 49 3 30464 20842 0.13
49 50 3 30465 25100 0.13
50 51 3 30466 29231 0.13
51 52 3 30467 389405 0.13
52 53 3 30468 2433 0.13
53 54 3 30469 27744 0.13
54 55 3 30470 56592 0.13
55 56 3 30471 3862 0.13
56 57 3 30472 35558 0.13
57 58 3 30473 38036 0.13
58 59 3 30474 75753 0.13
59 60 3 30475 59549 0.13
60 61 3 30476 28670270 0.13
61 62 3 30477 3076803 0.13
62 63 3 30478 71787 0.13
63 0 3 30479 323966 0.13
0 1 3 30480 17757 0.13
1 2 3 30481 29977 0.13
2 3 3 30482 16550 0.13
3 4 3 30483 4466144 0.13
4 5 3 30484 28703 0.13
5 6 3 30485 21919 0.13
6 7 3 30486 31530 0.13
7 8 3 30487 1714956 0.13
8 9 3 30488 4443 0.13
9 10 3 30489 72202 0.13
10 11 3 30490 21902 0.13
11 12 3 30491 39070 0.13
12 13 3 30492 1809047 0.13
13 14 3 30493 1961305 0.13
14 15 3 30494 73303 0.13
15 16 3 30495 47744 0.13
16 17 3 30496 25552 0.13
17 18 3 30497 149038 0.13
18 19 3 30498 28288820 0.13
19 20 3 30499 13101 0.13
20 21 3 30500 4224394 0.13
21 22 3 30501 1727108 0.13
22 23 3 30502 43944 0.13
23 24 3 30503 22539 0.13
24 25 3 30504 3262000 0.13
25 26 3 30505 8945 0.13
26 27 3 30506 130420 0.13
27 28 3 30507 2386 0.13
28 29 3 30508 905715 0.13
29 30 3 30509 14591 0.13
30 31 3 30510 76704 0.13
31 32 3 30511 1339422 0.13
32 33 3 30512 26622 0.13
33 34 3 30513 622695 0.13
34 35 3 30514 16168568 0.13
35 36 3 30515 2016 0.13
36 37 3 30516 37780 0.13
37 38 3 30517 73275 0.13
38 39 3 30518 37443 0.13
39 40 3 30519 4569091 0.13
40 41 3 30520 68855 0.13
41 42 3 30521 8114749 0.13
42 43 3 30522 14876 0.13
43 44 3 30523 48162 0.13
44 45 3 30524 27852 0.13
45 46 3 30525 34257 0.13
46 47 3 30526 182799 0.13
47 48 3 30527 2080 0.13
48 49 3 30528 1980831 0.13
49 50 3 30529 168373 0.13
50 51 3 30530 22037 0.13
51 52 3 30531 86223 0.13
52 53 3 30532 26185 0.13
53 54 3 30533 56309 0.13
54 55 3 30534 30944 0.13
55 56 3 30535 3392899 0.13
56 57 3 30536 480728 0.13
57 58 3 30537 1370392 0.13
58 59 3 30538 29360 0.13
59 60 3 30539 62833 0.13
60 61 3 30540 9013217 0.13
61 62 3 30541 78280 0.13
62 63 3 30542 27580 0.13
63 0 3 30543 63162 0.13
0 2 3 30544 49235 0.13
1 3 3 30545 45035 0.13
2 4 3 30546 100969 0.13
3 5 3 30547 61855 0.13
4 6 3 30548 614601 0.13
5 7 3 30549 3684172 0.13
6 8 3 30550 4354108 0.13
7 9 3 30551 25640 0.13
8 10 3 30552 53252 0.13
9 11 3 30553 65543 0.13
10 12 3 30554 835492 0.13
11 13 3 30555 47539 0.13
12 14 3 30556 23384 0.13
13 15 3 30557 120204 0.13
14 16 3 30558 2274055 0.13
15 17 3 30559 9619691 0.13
16 18 3 30560 3700 0.13
17 19 3 30561 672972 0.13
18 20 3 30562 4468041 0.13
19 21 3 30563 5098 0.13
20 22 3 30564 44553 0.13
21 23 3 30565 77122 0.13
22 24 3 30566 271430 0.13
23 25 3 30567 2280 0.13
24 26 3 30568 3186 0.13
25 27 3 30569 62187 0.13
26 28 3 30570 6750200 0.13
27 29 3 30571 13387 0.13
28 30 3 30572 3293698 0.13
29 31 3 30573 2055 0.13
30 32 3 30574 77005 0.13
31 33 3 30575 36904 0.13
32 34 3 30576 980034 0.13
33 35 3 30577 598496 0.13
34 36 3 30578 3128837 0.13
35 37 3 30579 47011 0.13
36 38 3 30580 29005 0.13
37 39 3 30581 23618 0.13
38 40 3 30582 52745 0.13
39 41 3 30583 4469073 0.13
40 42 3 30584 2276 0.13
41 43 3 30585 4982758 0.13
42 44 3 30586 22789 0.13
43 45 3 30587 24797 0.13
44 46 3 30588 26700 0.13
45 47 3 30589 55724 0.13
46 48 3 30590 75199 0.13
47 49 3 30591 21127 0.13
48 50 3 30592 49271 0.13
49 51 3 30593 556896 0.13
50 52 3 30594 726975 0.13
51 53 3 30595 2130 0.13
52 54 3 30596 51050 0.13
53 55 3 30597 1008430 0.13
54 56 3 30598 4629920 0.13
55 57 3 30599 7619 0.13
56 58 3 30600 7358282 0.13
57 59 3 30601 16607 0.13
58 60 3 30602 16682 0.13
59 61 3 30603 52379 0.13
60 62 3 30604 3728650 0.13
61 63 3 30605 5801753 0.13
62 0 3 30606 538984 0.13
63 1 3 30607 1761015 0.13
0 3 3 30608 314466 0.13
1 4 3 30609 1710973 0.13
2 5 3 30610 62028 0.13
3 6 3 30611 576341 0.13
4 7 3 30612 57132 0.13
5 8 3 30613 21802 0.13
6 9 3 30614 1599275 0.13
7 10 3 30615 810022 0.13
8 11 3 30616 2250144 0.13
9 12 3 30617 2455 0.13
10 13 3 30618 66321 0.13
11 14 3 30619 20524 0.13
12 15 3 30620 53394 0.13
13 16 3 30621 30935 0.13
14 17 3 30622 2396194 0.13
15 18 3 30623 971004 0.13
16 19 3 30624 948796 0.13
17 20 3 30625 4053738 0.13
18 21 3 30626 73934 0.13
19 22 3 30627 68825 0.13
20 23 3 30628 49960 0.13
21 24 3 30629 1418909 0.13
22 25 3 30630 32982 0.13
23 26 3 30631 26171249 0.13
24 27 3 30632 34530 0.13
25 28 3 30633 2125 0.13
26 29 3 30634 765965 0.13
27 30 3 30635 30536 0.13
28 31 3 30636 9044 0.13
29 32 3 30637 2853074 0.13
30 33 3 30638 955754 0.13
31 34 3 30639 3107 0.13
32 35 3 30640 583293 0.13
33 36 3 30641 133201 0.13
34 37 3 30642 1649942 0.13
35 38 3 30643 1648423 0.13
36 39 3 30644 105825 0.13
37 40 3 30645 50339 0.13
38 41 3 30646 1232884 0.13
39 42 3 30647 2229 0.13
40 43 3 30648 48150 0.13
41 44 3 30649 17363 0.13
42 45 3 30650 3283 0.13
43 46 3 30651 3880 0.13
44 47 3 30652 1630060 0.13
45 48 3 30653 162080 0.13
46 49 3 30654 9439808 0.13
47 50 3 30655 4889406 0.13
48 51 3 30656 2074 0.13
49 52 3 30657 18331 0.13
50 53 3 30658 2287535 0.13
51 54 3 30659 168035 0.13
52 55 3 30660 1667376 0.13
53 56 3 30661 75146 0.13
54 57 3 30662 325677 0.13
55 58 3 30663 783231 0.13
56 59 3 30664 142829 0.13
57 60 3 30665 91156 0.13
58 61 3 30666 11947 0.13
59 62 3 30667 7599 0.13
60 63 3 30668 10783 0.13
61 0 3 30669 1024279 0.13
62 1 3 30670 9698250 0.13
63 2 3 30671 1694643 0.13
0 4 3 30672 1726150 0.13
1 5 3 30673 23338 0.13
2 6 3 30674 5330 0.13
3 7 3 30675 1375377 0.13
4 8 3 30676 6575355 0.13
5 9 3 30677 86674 0.13
6 10 3 30678 2670755 0.13
7 11 3 30679 31592 0.13
8 12 3 30680 26241 0.13
9 13 3 30681 51205 0.13
10 14 3 30682 29193 0.13
11 15 3 30683 2236 0.13
12 16 3 30684 1179632 0.13
13 17 3 30685 185185 0.13
14 18 3 30686 895705 0.13
15 19 3 30687 718947 0.13
16 20 3 30688 11650764 0.13
17 21 3 30689 5096 0.13
18 22 3 30690 1710827 0.13
19 23 3 30691 9117234 0.13
20 24 3 30692 30497 0.13
21 25 3 30693 23044732 0.13
22 26 3 30694 212032 0.13
23 27 3 30695 2096 0.13
24 28 3 30696 28227 0.13
25 29 3 30697 1750874 0.13
26 30 3 30698 283966 0.13
27 31 3 30699 54280 0.13
28 32 3 30700 2190 0.13
29 33 3 30701 46076 0.13
30 34 3 30702 15926 0.13
31 35 3 30703 335441 0.13
32 36 3 30704 2585780 0.13
33 37 3 30705 59043 0.13
34 38 3 30706 2009 0.13
35 39 3 30707 25846 0.13
36 40 3 30708 258065 0.13
37 41 3 30709 12481 0.13
38 42 3 30710 29559463 0.13
39 43 3 30711 23200 0.13
40 44 3 30712 5890198 0.13
41 45 3 30713 1424991 0.13
42 46 3 30714 27793 0.13
43 47 3 30715 1863496 0.13
44 48 3 30716 2351691 0.13
45 49 3 30717 978997 0.13
46 50 3 30718 1828100 0.13
47 51 3 30719 949902 0.13
48 52 3 30720 2660781 0.13
49 53 3 30721 4274 0.13
50 54 3 30722 1246791 0.13
51 55 3 30723 6931 0.13
52 56 3 30724 66494 0.13
53 57 3 30725 3800971 0.13
54 58 3 30726 2027 0.13
55 59 3 30727 472141 0.13
56 60 3 30728 8846297 0.13
57 61 3 30729 27107 0.13
58 62 3 30730 22179 0.13
59 63 3 30731 7111 0.13
60 0 3 30732 4490845 0.13
61 1 3 30733 79470 0.13
62 2 3 30734 3910923 0.13
63 3 3 30735 1586234 0.13
0 5 3 30736 6509898 0.13
1 6 3 30737 6236 0.13
2 7 3 30738 603931 0.13
3 8 3 30739 25259 0.13
4 9 3 30740 1723987 0.13
5 10 3 30741 6500576 0.13
6 11 3 30742 665358 0.13
7 12 3 30743 5089464 0.13
8 13 3 30744 632391 0.13
9 14 3 30745 5520 0.13
10 15 3 30746 2007 0.13
11 16 3 30747 7820170 0.13
12 17 3 30748 1747106 0.13
13 18 3 30749 7155 0.13
14 19 3 30750 2807 0.13
15 20 3 30751 198417 0.13
16 21 3 30752 11215 0.13
17 22 3 30753 446486 0.13
18 23 3 30754 2400 0.13
19 24 3 30755 4395065 0.13
20 25 3 30756 20358 0.13
21 26 3 30757 76117 0.13
22 27 3 30758 96150 0.13
23 28 3 30759 77134 0.13
24 29 3 30760 4947625 0.13
25 30 3 30761 9352842 0.13
26 31 3 30762 3591 0.13
27 32 3 30763 11866 0.13
28 33 3 30764 10044 0.13
29 34 3 30765 13120 0.13
30 35 3 30766 8276370 0.13
31 36 3 30767 114744 0.13
32 37 3 30768 610255 0.13
33 38 3 30769 1703942 0.13
34 39 3 30770 2987707 0.13
35 40 3 30771 3273419 0.13
36 41 3 30772 35249 0.13
37 42 3 30773 8323313 0.13
38 43 3 30774 684106 0.13
39 44 3 30775 2096 0.13
40 45 3 30776 9784 0.13
41 46 3 30777 74840 0.13
42 47 3 30778 164777 0.13
43 48 3 30779 37775 0.13
44 49 3 30780 139908 0.13
45 50 3 30781 532687 0.13
46 51 3 30782 65444 0.13
47 52 3 30783 27561 0.13
48 53 3 30784 4268 0.13
49 54 3 30785 96863 0.13
50 55 3 30786 55303 0.13
51 56 3 30787 186862 0.13
52 57 3 30788 6986 0.13
53 58 3 30789 199727 0.13
54 59 3 30790 4830387 0.13
55 60 3 30791 3757386 0.13
56 61 3 30792 14298 0.13
57 62 3 30793 66672 0.13
58 63 3 30794 48382 0.13
59 0 3 30795 2077 0.13
60 1 3 30796 2274 0.13
61 2 3 30797 8677 0.13
62 3 3 30798 2083 0.13
63 4 3 30799 399203 0.13
0 6 3 30800 62989 0.13
1 7 3 30801 484821 0.13
2 8 3 30802 2133939 0.13
3 9 3 30803 26176932 0.13
4 10 3 30804 54910 0.13
5 11 3 30805 780142 0.13
6 12 3 30806 4470894 0.13
7 13 3 30807 28061 0.13
8 14 3 30808 21834 0.13
9 15 3 30809 2092058 0.13
10 16 3 30810 46297 0.13
11 17 3 30811 607685 0.13
12 18 3 30812 535400 0.13
13 19 3 30813 36801 0.13
14 20 3 30814 78135 0.13
15 21 3 30815 2639607 0.13
16 22 3 30816 69512 0.13
17 23 3 30817 2029 0.13
18 24 3 30818 15728 0.13
19 25 3 30819 1357847 0.13
20 26 3 30820 29523 0.13
21 27 3 30821 695391 0.13
22 28 3 30822 661997 0.13
23 29 3 30823 29825 0.13
24 30 3 30824 661035 0.13
25 31 3 30825 44786 0.13
26 32 3 30826 51805 0.13
27 33 3 30827 2092 0.13
28 34 3 30828 5301 0.13
29 35 3 30829 6859539 0.13
30 36 3 30830 9058886 0.13
31 37 3 30831 63506 0.13
32 38 3 30832 24864 0.13
33 39 3 30833 16527 0.13
34 40 3 30834 5676620 0.13
35 41 3 30835 148359 0.13
36 42 3 30836 51169 0.13
37 43 3 30837 2490871 0.13
38 44 3 30838 1042159 0.13
39 45 3 30839 24992 0.13
40 46 3 30840 45344 0.13
41 47 3 30841 1610450 0.13
42 48 3 30842 2003 0.13
43 49 3 30843 6306486 0.13
44 50 3 30844 29364 0.13
45 51 3 30845 45086 0.13
46 52 3 30846 8636 0.13
47 53 3 30847 1648551 0.13
48 54 3 30848 917646 0.13
49 55 3 30849 2393 0.13
50 56 3 30850 40971 0.13
51 57 3 30851 987209 0.13
52 58 3 30852 55749 0.13
53 59 3 30853 73361 0.13
54 60 3 30854 4541 0.13
55 61 3 30855 84780 0.13
56 62 3 30856 59142 0.13
57 63 3 30857 43443 0.13
58 0 3 30858 7973601 0.13
59 1 3 30859 837357 0.13
60 2 3 30860 10598197 0.13
61 3 3 30861 4211118 0.13
62 4 3 30862 2812071 0.13
63 5 3 30863 27197 0.13
0 7 3 30864 4315432 0.13
1 8 3 30865 75389 0.13
2 9 3 30866 9749 0.13
3 10 3 30867 40455 0.13
4 11 3 30868 1168496 0.13
5 12 3 30869 61946 0.13
6 13 3 30870 72710 0.13
7 14 3 30871 77177 0.13
8 15 3 30872 27644 0.13
9 16 3 30873 1123001 0.13
10 17 3 30874 52564 0.13
11 18 3 30875 29375155 0.13
12 19 3 30876 9337872 0.13
13 20 3 30877 23082 0.13
14 21 3 30878 2345 0.13
15 22 3 30879 50745 0.13
16 23 3 30880 64675 0.13
17 24 3 30881 1754628 0.13
18 25 3 30882 10104002 0.13
19 26 3 30883 51789 0.13
20 27 3 30884 174812 0.13
21 28 3 30885 8347 0.13
22 29 3 30886 168245 0.13
23 30 3 30887 143338 0.13
24 31 3 30888 69523 0.13
25 32 3 30889 5812216 0.13
26 33 3 30890 4623959 0.13
27 34 3 30891 5362818 0.13
28 35 3 30892 8791 0.13
29 36 3 30893 2534 0.13
30 37 3 30894 25657 0.13
31 38 3 30895 238657 0.13
32 39 3 30896 47390 0.13
33 40 3 30897 13157 0.13
34 41 3 30898 52475 0.13
35 42 3 30899 359060 0.13
36 43 3 30900 2055 0.13
37 44 3 30901 53912 0.13
38 45 3 30902 4087 0.13
39 46 3 30903 62393 0.13
40 47 3 30904 7244015 0.13
41 48 3 30905 171554 0.13
42 49 3 30906 15384 0.13
43 50 3 30907 4776209 0.13
44 51 3 30908 45391 0.13
45 52 3 30909 20177818 0.13
46 53 3 30910 5620081 0.13
47 54 3 30911 8427359 0.13
48 55 3 30912 658434 0.13
49 56 3 30913 10863 0.13
50 57 3 30914 6058082 0.13
51 58 3 30915 225619 0.13
52 59 3 30916 8667802 0.13
53 60 3 30917 111134 0.13
54 61 3 30918 21533 0.13
55 62 3 30919 1514956 0.13
56 63 3 30920 1348038 0.13
57 0 3 30921 3954839 0.13
58 1 3 30922 49963 0.13
59 2 3 30923 76484 0.13
60 3 3 30924 1101155 0.13
61 4 3 30925 61755 0.13
62 5 3 30926 17458 0.13
63 6 3 30927 6168895 0.13
0 8 3 30928 57806 0.13
1 9 3 30929 30221 0.13
2 10 3 30930 24705 0.13
3 11 3 30931 78890 0.13
4 12 3 30932 2484 0.13
5 13 3 30933 8394794 0.13
6 14 3 30934 2224382 0.13
7 15 3 30935 4856384 0.13
8 16 3 30936 2392954 0.13
9 17 3 30937 5695 0.13
10 18 3 30938 20014 0.13
11 19 3 30939 79510 0.13
12 20 3 30940 17919 0.13
13 21 3 30941 1644358 0.13
14 22 3 30942 4924 0.13
15 23 3 30943 24028082 0.13
16 24 3 30944 50565 0.13
17 25 3 30945 2224 0.13
18 26 3 30946 4904144 0.13
19 27 3 30947 28959 0.13
20 28 3 30948 2495 0.13
21 29 3 30949 15925821 0.13
22 30 3 30950 987161 0.13
23 31 3 30951 7139017 0.13
24 32 3 30952 9743 0.13
25 33 3 30953 335517 0.13
26 34 3 30954 1469929 0.13
27 35 3 30955 3713 0.13
28 36 3 30956 1924094 0.13
29 37 3 30957 1411912 0.13
30 38 3 30958 690679 0.13
31 39 3 30959 3587212 0.13
32 40 3 30960 4121455 0.13
33 41 3 30961 1310891 0.13
34 42 3 30962 138325 0.13
35 43 3 30963 21772 0.13
36 44 3 30964 7456 0.13
37 45 3 30965 20412 0.13
38 46 3 30966 2345821 0.13
39 47 3 30967 72086 0.13
40 48 3 30968 10461 0.13
41 49 3 30969 484542 0.13
42 50 3 30970 103252 0.13
43 51 3 30971 8591 0.13
44 52 3 30972 185320 0.13
45 53 3 30973 97393 0.13
46 54 3 30974 555419 0.13
47 55 3 30975 2984697 0.13
48 56 3 30976 46748 0.13
49 57 3 30977 11953 0.13
50 58 3 30978 1859043 0.13
51 59 3 30979 7844403 0.13
52 60 3 30980 8834 0.13
53 61 3 30981 5613622 0.13
54 62 3 30982 35901 0.13
55 63 3 30983 9972928 0.13
56 0 3 30984 591716 0.13
57 1 3 30985 2892 0.13
58 2 3 30986 16530 0.13
59 3 3 30987 37366 0.13
60 4 3 30988 23212 0.13
61 5 3 30989 148961 0.13
62 6 3 30990 69495 0.13
63 7 3 30991 56144 0.13
0 9 3 30992 269049 0.13
1 10 3 30993 2011988 0.13
2 11 3 30994 379082 0.13
3 12 3 30995 26101 0.13
4 13 3 30996 5410290 0.13
5 14 3 30997 50156 0.13
6 15 3 30998 6098121 0.13
7 16 3 30999 145802 0.13
8 17 3 31000 14509998 0.13
9 18 3 31001 1767879 0.13
10 19 3 31002 6515499 0.13
11 20 3 31003 15997968 0.13
12 21 3 31004 2286 0.13
13 22 3 31005 21824914 0.13
14 23 3 31006 44004 0.13
15 24 3 31007 86768 0.13
16 25 3 31008 4380402 0.13
17 26 3 31009 4962 0.13
18 27 3 31010 671054 0.13
19 28 3 31011 24600 0.13
20 29 3 31012 7517333 0.13
21 30 3 31013 61208 0.13
22 31 3 31014 51959 0.13
23 32 3 31015 6040 0.13
24 33 3 31016 79121 0.13
25 34 3 31017 151778 0.13
26 35 3 31018 15447165 0.13
27 36 3 31019 10587 0.13
28 37 3 31020 1644812 0.13
29 38 3 31021 6096566 0.13
30 39 3 31022 535642 0.13
31 40 3 31023 1712440 0.13
32 41 3 31024 3487223 0.13
33 42 3 31025 2033 0.13
34 43 3 31026 24790 0.13
35 44 3 31027 7812608 0.13
36 45 3 31028 70942 0.13
37 46 3 31029 7641 0.13
38 47 3 31030 12673 0.13
39 48 3 31031 22553 0.13
40 49 3 31032 4077 0.13
41 50 3 31033 18834 0.13
42 51 3 31034 683809 0.13
43 52 3 31035 33149 0.13
44 53 3 31036 51085 0.13
45 54 3 31037 2063 0.13
46 55 3 31038 72200 0.13
47 56 3 31039 72123 0.13
48 57 3 31040 538908 0.13
49 58 3 31041 4129 0.13
50 59 3 31042 23719562 0.13
51 60 3 31043 39922 0.13
52 61 3 31044 22575 0.13
53 62 3 31045 5031 0.13
54 63 3 31046 158169 0.13
55 0 3 31047 705927 0.13
56 1 3 31048 9714155 0.13
57 2 3 31049 9729 0.13
58 3 3 31050 36705 0.13
59 4 3 31051 376109 0.13
60 5 3 31052 3074753 0.13
61 6 3 31053 195920 0.13
62 7 3 31054 3968 0.13
63 8 3 31055 19655 0.13
0 10 3 31056 69449 0.13
1 11 3 31057 20996 0.13
2 12 3 31058 2370 0.13
3 13 3 31059 29826 0.13
4 14 3 31060 16769 0.13
5 15 3 31061 29392 0.13
6 16 3 31062 27537654 0.13
7 17 3 31063 27506 0.13
8 18 3 31064 61204 0.13
9 19 3 31065 114200 0.13
10 20 3 31066 2000 0.13
11 21 3 31067 27093 0.13
12 22 3 31068 57211 0.13
13 23 3 31069 60138 0.13
14 24 3 31070 9197785 0.13
15 25 3 31071 53688 0.13
16 26 3 31072 8293 0.13
17 27 3 31073 22549 0.13
18 28 3 31074 20963384 0.13
19 29 3 31075 6643213 0.13
20 30 3 31076 4545649 0.13
21 31 3 31077 934625 0.13
22 32 3 31078 66254 0.13
23 33 3 31079 34270 0.13
24 34 3 31080 1773921 0.13
25 35 3 31081 266406 0.13
26 36 3 31082 1864275 0.13
27 37 3 31083 438999 0.13
28 38 3 31084 14971363 0.13
29 39 3 31085 904489 0.13
30 40 3 31086 3599963 0.13
31 41 3 31087 13325493 0.13
32 42 3 31088 5287 0.13
33 43 3 31089 960612 0.13
34 44 3 31090 9358115 0.13
35 45 3 31091 13291 0.13
36 46 3 31092 94079 0.13
37 47 3 31093 39422 0.13
38 48 3 31094 26798 0.13
39 49 3 31095 46705 0.13
40 50 3 31096 11067022 0.13
41 51 3 31097 2327 0.13
42 52 3 31098 2418291 0.13
43 53 3 31099 128590 0.13
44 54 3 31100 40803 0.13
45 55 3 31101 2007 0.13
46 56 3 31102 39263 0.13
47 57 3 31103 1419876 0.13
48 58 3 31104 1289197 0.13
49 59 3 31105 2232815 0.13
50 60 3 31106 34192 0.13
51 61 3 31107 3055034 0.13
52 62 3 31108 26057 0.13
53 63 3 31109 1183132 0.13
54 0 3 31110 353236 0.13
55 1 3 31111 752615 0.13
56 2 3 31112 24887 0.13
57 3 3 31113 731243 0.13
58 4 3 31114 6558964 0.13
59 5 3 31115 2458 0.13
60 6 3 31116 71206 0.13
61 7 3 31117 66798 0.13
62 8 3 31118 2540 0.13
63 9 3 31119 2056 0.13
0 11 3 31120 24582 0.13
1 12 3 31121 2866238 0.13
2 13 3 31122 2063 0.13
3 14 3 31123 32296 0.13
4 15 3 31124 4783653 0.13
5 16 3 31125 7378 0.13
6 17 3 31126 27629 0.13
7 18 3 31127 2091 0.13
8 19 3 31128 1611395 0.13
9 20 3 31129 233655 0.13
10 21 3 31130 1884621 0.13
11 22 3 31131 107311 0.13
12 23 3 31132 15642 0.13
13 24 3 31133 2128157 0.13
14 25 3 31134 2155 0.13
15 26 3 31135 20900 0.13
16 27 3 31136 46523 0.13
17 28 3 31137 1689454 0.13
18 29 3 31138 1671801 0.13
19 30 3 31139 1384156 0.13
20 31 3 31140 2365 0.13
21 32 3 31141 76248 0.13
22 33 3 31142 6095610 0.13
23 34 3 31143 103979 0.13
24 35 3 31144 49868 0.13
25 36 3 31145 8465689 0.13
26 37 3 31146 426736 0.13
27 38 3 31147 946985 0.13
28 39 3 31148 2113 0.13
29 40 3 31149 60342 0.13
30 41 3 31150 97974 0.13
31 42 3 31151 10310 0.13
32 43 3 31152 34339 0.13
33 44 3 31153 264643 0.13
34 45 3 31154 37589 0.13
35 46 3 31155 10550760 0.13
36 47 3 31156 46427 0.13
37 48 3 31157 936393 0.13
38 49 3 31158 1092939 0.13
39 50 3 31159 20664 0.13
40 51 3 31160 20372 0.13
41 52 3 31161 23672 0.13
42 53 3 31162 1208329 0.13
43 54 3 31163 8572 0.13
44 55 3 31164 2884 0.13
45 56 3 31165 17974 0.13
46 57 3 31166 20302420 0.13
47 58 3 31167 29998 0.13
48 59 3 31168 3500126 0.13
49 60 3 31169 73800 0.13
50 61 3 31170 74745 0.13
51 62 3 31171 2739 0.13
52 63 3 31172 1686219 0.13
53 0 3 31173 57385 0.13
54 1 3 31174 2400 0.13
55 2 3 31175 1198342 0.13
56 3 3 31176 240952 0.13
57 4 3 31177 69146 0.13
58 5 3 31178 9915803 0.13
59 6 3 31179 194138 0.13
60 7 3 31180 2380 0.13
61 8 3 31181 835991 0.13
62 9 3 31182 7398 0.13
63 10 3 31183 994332 0.13
0 12 3 31184 5485 0.13
1 13 3 31185 3172870 0.13
2 14 3 31186 2669742 0.13
3 15 3 31187 433611 0.13
4 16 3 31188 16054362 0.13
5 17 3 31189 3969581 0.13
6 18 3 31190 4520 0.13
7 19 3 31191 19938 0.13
8 20 3 31192 3684765 0.13
9 21 3 31193 9620 0.13
10 22 3 31194 47959 0.13
11 23 3 31195 6020 0.13
12 24 3 31196 37057 0.13
13 25 3 31197 27567 0.13
14 26 3 31198 37700 0.13
15 27 3 31199 2460 0.13
16 28 3 31200 12601 0.13
17 29 3 31201 49868 0.13
18 30 3 31202 17294 0.13
19 31 3 31203 7544 0.13
20 32 3 31204 189713 0.13
21 33 3 31205 50756 0.13
22 34 3 31206 29526 0.13
23 35 3 31207 62651 0.13
24 36 3 31208 869953 0.13
25 37 3 31209 21859009 0.13
26 38 3 31210 9739 0.13
27 39 3 31211 32707 0.13
28 40 3 31212 204957 0.13
29 41 3 31213 66242 0.13
30 42 3 31214 2035 0.13
31 43 3 31215 67863 0.13
32 44 3 31216 27263 0.13
33 45 3 31217 1111681 0.13
34 46 3 31218 29626 0.13
35 47 3 31219 1264095 0.13
36 48 3 31220 9184284 0.13
37 49 3 31221 2969 0.13
38 50 3 31222 83124 0.13
39 51 3 31223 4751374 0.13
40 52 3 31224 1725755 0.13
41 53 3 31225 6323848 0.13
42 54 3 31226 4862000 0.13
43 55 3 31227 4594 0.13
44 56 3 31228 1507150 0.13
45 57 3 31229 28927 0.13
46 58 3 31230 1458978 0.13
47 59 3 31231 2686228 0.13
48 60 3 31232 152505 0.13
49 61 3 31233 1291946 0.13
50 62 3 31234 159849 0.13
51 63 3 31235 54897 0.13
52 0 3 31236 1926721 0.13
53 1 3 31237 2117194 0.13
54 2 3 31238 28534780 0.13
55 3 3 31239 8581 0.13
56 4 3 31240 51718 0.13
57 5 3 31241 24819 0.13
58 6 3 31242 1031230 0.13
59 7 3 31243 159230 0.13
60 8 3 31244 6632077 0.13
61 9 3 31245 42660 0.13
62 10 3 31246 14148691 0.13
63 11 3 31247 9029 0.13
0 13 3 31248 46873 0.13
1 14 3 31249 1398631 0.13
2 15 3 31250 30241 0.13
3 16 3 31251 8379 0.13
4 17 3 31252 69883 0.13
5 18 3 31253 123755 0.13
6 19 3 31254 61174 0.13
7 20 3 31255 21608 0.13
8 21 3 31256 47652 0.13
9 22 3 31257 50296 0.13
10 23 3 31258 36128 0.13
11 24 3 31259 2378026 0.13
12 25 3 31260 48674 0.13
13 26 3 31261 2387 0.13
14 27 3 31262 49161 0.13
15 28 3 31263 57839 0.13
16 29 3 31264 2041 0.13
17 30 3 31265 2420 0.13
18 31 3 31266 1309340 0.13
19 32 3 31267 4612982 0.13
20 33 3 31268 5141 0.13
21 34 3 31269 466299 0.13
22 35 3 31270 26598 0.13
23 36 3 31271 2040 0.13
24 37 3 31272 105746 0.13
25 38 3 31273 7654 0.13
26 39 3 31274 3787433 0.13
27 40 3 31275 177099 0.13
28 41 3 31276 186911 0.13
29 42 3 31277 22291078 0.13
30 43 3 31278 3109 0.13
31 44 3 31279 1407799 0.13
32 45 3 31280 512756 0.13
33 46 3 31281 9452 0.13
34 47 3 31282 8820 0.13
35 48 3 31283 266480 0.13
36 49 3 31284 37793 0.13
37 50 3 31285 908476 0.13
38 51 3 31286 1673925 0.13
39 52 3 31287 63861 0.13
40 53 3 31288 44205 0.13
41 54 3 31289 65574 0.13
42 55 3 31290 195638 0.13
43 56 3 31291 23126 0.13
44 57 3 31292 6969 0.13
45 58 3 31293 594138 0.13
46 59 3 31294 17334 0.13
47 60 3 31295 48484 0.13
48 61 3 31296 2493 0.13
49 62 3 31297 1166078 0.13
50 63 3 31298 57011 0.13
51 0 3 31299 8643 0.13
52 1 3 31300 9786291 0.13
53 2 3 31301 39763 0.13
54 3 3 31302 2441826 0.13
55 4 3 31303 71460 0.13
56 5 3 31304 29527 0.13
57 6 3 31305 34336 0.13
58 7 3 31306 2339607 0.13
59 8 3 31307 17654962 0.13
60 9 3 31308 183775 0.13
61 10 3 31309 8964 0.13
62 11 3 31310 33804 0.13
63 12 3 31311 1471666 0.13
0 14 3 31312 9474593 0.13
1 15 3 31313 28151 0.13
2 16 3 31314 28531 0.13
3 17 3 31315 35875 0.13
4 18 3 31316 76260 0.13
5 19 3 31317 7948 0.13
6 20 3 31318 2081 0.13
7 21 3 31319 133245 0.13
8 22 3 31320 1183662 0.13
9 23 3 31321 191845 0.13
10 24 3 31322 39572 0.13
11 25 3 31323 40078 0.13
12 26 3 31324 21136 0.13
13 27 3 31325 4589450 0.13
14 28 3 31326 3358047 0.13
15 29 3 31327 1620890 0.13
16 30 3 31328 49627 0.13
17 31 3 31329 51417 0.13
18 32 3 31330 4008674 0.13
19 33 3 31331 195059 0.13
20 34 3 31332 886629 0.13
21 35 3 31333 9952 0.13
22 36 3 31334 71536 0.13
23 37 3 31335 71932 0.13
24 38 3 31336 32979 0.13
25 39 3 31337 51707 0.13
26 40 3 31338 2060 0.13
27 41 3 31339 9964819 0.13
28 42 3 31340 51935 0.13
29 43 3 31341 2325802 0.13
30 44 3 31342 3210693 0.13
31 45 3 31343 31919 0.13
32 46 3 31344 55320 0.13
33 47 3 31345 60994 0.13
34 48 3 31346 29633 0.13
35 49 3 31347 3910782 0.13
36 50 3 31348 10852 0.13
37 51 3 31349 54984 0.13
38 52 3 31350 6536112 0.13
39 53 3 31351 2080 0.13
40 54 3 31352 19348 0.13
41 55 3 31353 1997769 0.13
42 56 3 31354 3402 0.13
43 57 3 31355 73992 0.13
44 58 3 31356 2195 0.13
45 59 3 31357 44891 0.13
46 60 3 31358 19809 0.13
47 61 3 31359 2021 0.13
48 62 3 31360 59512 0.13
49 63 3 31361 835125 0.13
50 0 3 31362 478467 0.13
51 1 3 31363 5311 0.13
52 2 3 31364 72396 0.13
53 3 3 31365 5572 0.13
54 4 3 31366 55364 0.13
55 5 3 31367 39372 0.13
56 6 3 31368 59239 0.13
57 7 3 31369 3328 0.13
58 8 3 31370 8315 0.13
59 9 3 31371 25566 0.13
60 10 3 31372 4253 0.13
61 11 3 31373 24529 0.13
62 12 3 31374 35279 0.13
63 13 3 31375 59770 0.13
0 15 3 31376 26534 0.13
1 16 3 31377 1096551 0.13
2 17 3 31378 9902083 0.13
3 18 3 31379 1319229 0.13
4 19 3 31380 43073 0.13
5 20 3 31381 5795 0.13
6 21 3 31382 2349514 0.13
7 22 3 31383 955172 0.13
8 23 3 31384 21675982 0.13
9 24 3 31385 65585 0.13
10 25 3 31386 2808 0.13
11 26 3 31387 1226819 0.13
12 27 3 31388 7848 0.13
13 28 3 31389 7398273 0.13
14 29 3 31390 4596 0.13
15 30 3 31391 543886 0.13
16 31 3 31392 78779 0.13
17 32 3 31393 158135 0.13
18 33 3 31394 49571 0.13
19 34 3 31395 9601701 0.13
20 35 3 31396 7623529 0.13
21 36 3 31397 3428372 0.13
22 37 3 31398 51065 0.13
23 38 3 31399 21480 0.13
24 39 3 31400 36019 0.13
25 40 3 31401 4555241 0.13
26 41 3 31402 120678 0.13
27 42 3 31403 18961 0.13
28 43 3 31404 34453 0.13
29 44 3 31405 258185 0.13
30 45 3 31406 26384 0.13
31 46 3 31407 764421 0.13
32 47 3 31408 63847 0.13
33 48 3 31409 109037 0.13
34 49 3 31410 2034 0.13
35 50 3 31411 893318 0.13
36 51 3 31412 2489 0.13
37 52 3 31413 17147 0.13
38 53 3 31414 24288 0.13
39 54 3 31415 1460920 0.13
40 55 3 31416 68062 0.13
41 56 3 31417 67087 0.13
42 57 3 31418 1310365 0.13
43 58 3 31419 100675 0.13
44 59 3 31420 24436 0.13
45 60 3 31421 2029 0.13
46 61 3 31422 539112 0.13
47 62 3 31423 137706 0.13
48 63 3 31424 12788 0.13
49 0 3 31425 227759 0.13
50 1 3 31426 57496 0.13
51 2 3 31427 24189 0.13
52 3 3 31428 17930 0.13
53 4 3 31429 2521391 0.13
54 5 3 31430 921625 0.13
55 6 3 31431 229635 0.13
56 7 3 31432 68244 0.13
57 8 3 31433 1861339 0.13
58 9 3 31434 8660 0.13
59 10 3 31435 140895 0.13
60 11 3 31436 3818329 0.13
61 12 3 31437 28909 0.13
62 13 3 31438 2365 0.13
63 14 3 31439 4057315 0.13
0 16 3 31440 6539955 0.13
1 17 3 31441 34432 0.13
2 18 3 31442 1630865 0.13
3 19 3 31443 2464314 0.13
4 20 3 31444 7483665 0.13
5 21 3 31445 4873085 0.13
6 22 3 31446 63889 0.13
7 23 3 31447 338492 0.13
8 24 3 31448 189267 0.13
9 25 3 31449 17366 0.13
10 26 3 31450 13067 0.13
11 27 3 31451 66937 0.13
12 28 3 31452 23675 0.13
13 29 3 31453 7360860 0.13
14 30 3 31454 11890 0.13
15 31 3 31455 1209300 0.13
16 32 3 31456 4023985 0.13
17 33 3 31457 613644 0.13
18 34 3 31458 2456 0.13
19 35 3 31459 23829 0.13
20 36 3 31460 16472 0.13
21 37 3 31461 157539 0.13
22 38 3 31462 25136 0.13
23 39 3 31463 24383538 0.13
24 40 3 31464 3568 0.13
25 41 3 31465 334778 0.13
26 42 3 31466 22795 0.13
27 43 3 31467 1983762 0.13
28 44 3 31468 76830 0.13
29 45 3 31469 29333 0.13
30 46 3 31470 21241 0.13
31 47 3 31471 29692 0.13
32 48 3 31472 678743 0.13
33 49 3 31473 237199 0.13
34 50 3 31474 78908 0.13
35 51 3 31475 4683739 0.13
36 52 3 31476 2045 0.13
37 53 3 31477 781342 0.13
38 54 3 31478 36279 0.13
39 55 3 31479 34216 0.13
40 56 3 31480 4887 0.13
41 57 3 31481 3282233 0.13
42 58 3 31482 920348 0.13
43 59 3 31483 8147 0.13
44 60 3 31484 47800 0.13
45 61 3 31485 6059910 0.13
46 62 3 31486 59822 0.13
47 63 3 31487 58404 0.13
48 0 3 31488 917809 0.13
49 1 3 31489 378685 0.13
50 2 3 31490 20173 0.13
51 3 3 31491 9242735 0.13
52 4 3 31492 7945 0.13
53 5 3 31493 2018 0.13
54 6 3 31494 2970148 0.13
55 7 3 31495 1886024 0.13
56 8 3 31496 19787550 0.13
57 9 3 31497 21344 0.13
58 10 3 31498 10945 0.13
59 11 3 31499 1734568 0.13
60 12 3 31500 57499 0.13
61 13 3 31501 403334 0.13
62 14 3 31502 1790826 0.13
63 15 3 31503 5972211 0.13
0 17 3 31504 71406 0.13
1 18 3 31505 65562 0.13
2 19 3 31506 21834 0.13
3 20 3 31507 7802388 0.13
4 21 3 31508 53269 0.13
5 22 3 31509 1259765 0.13
6 23 3 31510 998747 0.13
7 24 3 31511 2283 0.13
8 25 3 31512 49685 0.13
9 26 3 31513 7041413 0.13
10 27 3 31514 1301132 0.13
11 28 3 31515 2210 0.13
12 29 3 31516 2079650 0.13
13 30 3 31517 2017 0.13
14 31 3 31518 128877 0.13
15 32 3 31519 2665 0.13
16 33 3 31520 45690 0.13
17 34 3 31521 2294 0.13
18 35 3 31522 314901 0.13
19 36 3 31523 13893 0.13
20 37 3 31524 73866 0.13
21 38 3 31525 30847 0.13
22 39 3 31526 441395 0.13
23 40 3 31527 4937 0.13
24 41 3 31528 2722747 0.13
25 42 3 31529 522505 0.13
26 43 3 31530 1910854 0.13
27 44 3 31531 29751 0.13
28 45 3 31532 2755 0.13
29 46 3 31533 4934205 0.13
30 47 3 31534 27024 0.13
31 48 3 31535 803180 0.13
32 49 3 31536 4056264 0.13
33 50 3 31537 66902 0.13
34 51 3 31538 1586107 0.13
35 52 3 31539 74539 0.13
36 53 3 31540 56467 0.13
37 54 3 31541 54672 0.13
38 55 3 31542 44250 0.13
39 56 3 31543 6857408 0.13
40 57 3 31544 3255720 0.13
41 58 3 31545 56853 0.13
42 59 3 31546 11980 0.13
43 60 3 31547 3283088 0.13
44 61 3 31548 24511 0.13
45 62 3 31549 51116 0.13
46 63 3 31550 2145507 0.13
47 0 3 31551 698877 0.13
48 1 3 31552 41366 0.13
49 2 3 31553 3408485 0.13
50 3 3 31554 2287178 0.13
51 4 3 31555 50816 0.13
52 5 3 31556 8942823 0.13
53 6 3 31557 26237 0.13
54 7 3 31558 52682 0.13
55 8 3 31559 3968 0.13
56 9 3 31560 154874 0.13
57 10 3 31561 26726 0.13
58 11 3 31562 191450 0.13
59 12 3 31563 565510 0.13
60 13 3 31564 20886 0.13
61 14 3 31565 78319 0.13
62 15 3 31566 21758 0.13
63 16 3 31567 177842 0.13
0 18 3 31568 1700746 0.13
1 19 3 31569 835129 0.13
2 20 3 31570 1485616 0.13
3 21 3 31571 3159285 0.13
4 22 3 31572 1080674 0.13
5 23 3 31573 3263406 0.13
6 24 3 31574 196840 0.13
7 25 3 31575 4417 0.13
8 26 3 31576 197843 0.13
9 27 3 31577 1060657 0.13
10 28 3 31578 56288 0.13
11 29 3 31579 181618 0.13
12 30 3 31580 361766 0.13
13 31 3 31581 32998 0.13
14 32 3 31582 32716 0.13
15 33 3 31583 4003262 0.13
16 34 3 31584 195226 0.13
17 35 3 31585 2013070 0.13
18 36 3 31586 20753 0.13
19 37 3 31587 2706381 0.13
20 38 3 31588 1750775 0.13
21 39 3 31589 58427 0.13
22 40 3 31590 21647 0.13
23 41 3 31591 8543 0.13
24 42 3 31592 22243 0.13
25 43 3 31593 183675 0.13
26 44 3 31594 4795648 0.13
27 45 3 31595 6114 0.13
28 46 3 31596 6067 0.13
29 47 3 31597 1186010 0.13
30 48 3 31598 175526 0.13
31 49 3 31599 7468597 0.13
32 50 3 31600 86287 0.13
33 51 3 31601 607332 0.13
34 52 3 31602 684263 0.13
35 53 3 31603 5730678 0.13
36 54 3 31604 35908 0.13
37 55 3 31605 28831 0.13
38 56 3 31606 7341830 0.13
39 57 3 31607 22797 0.13
40 58 3 31608 2081 0.13
41 59 3 31609 998425 0.13
42 60 3 31610 16490 0.13
43 61 3 31611 61637 0.13
44 62 3 31612 1413125 0.13
45 63 3 31613 21806829 0.13
46 0 3 31614 4270330 0.13
47 1 3 31615 8997 0.13
48 2 3 31616 18621 0.13
49 3 3 31617 185562 0.13
50 4 3 31618 81807 0.13
51 5 3 31619 6101443 0.13
52 6 3 31620 7789059 0.13
53 7 3 31621 30034 0.13
54 8 3 31622 2801326 0.13
55 9 3 31623 7081711 0.13
56 10 3 31624 12323 0.13
57 11 3 31625 49538 0.13
58 12 3 31626 64098 0.13
59 13 3 31627 74003 0.13
60 14 3 31628 71160 0.13
61 15 3 31629 3417342 0.13
62 16 3 31630 1743512 0.13
63 17 3 31631 79158 0.13
0 19 3 31632 5642387 0.13
1 20 3 31633 8301 0.13
2 21 3 31634 61596 0.13
3 22 3 31635 543680 0.13
4 23 3 31636 591452 0.13
5 24 3 31637 3046 0.13
6 25 3 31638 658115 0.13
7 26 3 31639 11687415 0.13
8 27 3 31640 29012 0.13
9 28 3 31641 47586 0.13
10 29 3 31642 2493 0.13
11 30 3 31643 980227 0.13
12 31 3 31644 21633086 0.13
13 32 3 31645 19985 0.13
14 33 3 31646 1233366 0.13
15 34 3 31647 158059 0.13
16 35 3 31648 44015 0.13
17 36 3 31649 31189 0.13
18 37 3 31650 1475934 0.13
19 38 3 31651 157064 0.13
20 39 3 31652 91108 0.13
21 40 3 31653 4095212 0.13
22 41 3 31654 27101 0.13
23 42 3 31655 2160 0.13
24 43 3 31656 835585 0.13
25 44 3 31657 76610 0.13
26 45 3 31658 893588 0.13
27 46 3 31659 388257 0.13
28 47 3 31660 144061 0.13
29 48 3 31661 1967797 0.13
30 49 3 31662 18559 0.13
31 50 3 31663 826166 0.13
32 51 3 31664 24144 0.13
33 52 3 31665 2018 0.13
34 53 3 31666 367163 0.13
35 54 3 31667 6309196 0.13
36 55 3 31668 10833 0.13
37 56 3 31669 48994 0.13
38 57 3 31670 7546 0.13
39 58 3 31671 3182320 0.13
40 59 3 31672 3154 0.13
41 60 3 31673 4401708 0.13
42 61 3 31674 53964 0.13
43 62 3 31675 46838 0.13
44 63 3 31676 8592 0.13
45 0 3 31677 5926 0.13
46 1 3 31678 34530 0.13
47 2 3 31679 5062026 0.13
48 3 3 31680 1324548 0.13
49 4 3 31681 875070 0.13
50 5 3 31682 51465 0.13
51 6 3 31683 27778 0.13
52 7 3 31684 72906 0.13
53 8 3 31685 6913503 0.13
54 9 3 31686 8358709 0.13
55 10 3 31687 34494 0.13
56 11 3 31688 1516078 0.13
57 12 3 31689 41694 0.13
58 13 3 31690 71584 0.13
59 14 3 31691 5991 0.13
60 15 3 31692 9718764 0.13
61 16 3 31693 25476 0.13
62 17 3 31694 57143 0.13
63 18 3 31695 2028 0.13
0 20 3 31696 2661 0.13
1 21 3 31697 78563 0.13
2 22 3 31698 37515 0.13
3 23 3 31699 1868964 0.13
4 24 3 31700 53444 0.13
5 25 3 31701 81636 0.13
6 26 3 31702 8623 0.13
7 27 3 31703 866346 0.13
8 28 3 31704 41482 0.13
9 29 3 31705 53397 0.13
10 30 3 31706 40580 0.13
11 31 3 31707 35019 0.13
12 32 3 31708 10781 0.13
13 33 3 31709 4753223 0.13
14 34 3 31710 3847245 0.13
15 35 3 31711 26001 0.13
16 36 3 31712 1698402 0.13
17 37 3 31713 180677 0.13
18 38 3 31714 66686 0.13
19 39 3 31715 29610 0.13
20 40 3 31716 9497 0.13
21 41 3 31717 3440902 0.13
22 42 3 31718 20171 0.13
23 43 3 31719 79834 0.13
24 44 3 31720 5867810 0.13
25 45 3 31721 28741032 0.13
26 46 3 31722 2084 0.13
27 47 3 31723 1755315 0.13
28 48 3 31724 3094921 0.13
29 49 3 31725 2617467 0.13
30 50 3 31726 4017889 0.13
31 51 3 31727 1301897 0.13
32 52 3 31728 62146 0.13
33 53 3 31729 9166534 0.13
34 54 3 31730 51894 0.13
35 55 3 31731 2441 0.13
36 56 3 31732 377687 0.13
37 57 3 31733 2296709 0.13
38 58 3 31734 26778 0.13
39 59 3 31735 6164783 0.13
40 60 3 31736 76006 0.13
41 61 3 31737 52587 0.13
42 62 3 31738 14671 0.13
43 63 3 31739 1973136 0.13
44 0 3 31740 36556 0.13
45 1 3 31741 2480 0.13
46 2 3 31742 291708 0.13
47 3 3 31743 88012 0.13
48 4 3 31744 2238 0.13
49 5 3 31745 269706 0.13
50 6 3 31746 4179509 0.13
51 7 3 31747 1467075 0.13
52 8 3 31748 21259 0.13
53 9 3 31749 743787 0.13
54 10 3 31750 2060 0.13
55 11 3 31751 1701579 0.13
56 12 3 31752 503760 0.13
57 13 3 31753 2710175 0.13
58 14 3 31754 67453 0.13
59 15 3 31755 69567 0.13
60 16 3 31756 3339012 0.13
61 17 3 31757 2638073 0.13
62 18 3 31758 158610 0.13
63 19 3 31759 70071 0.13
0 21 3 31760 3220989 0.13
1 22 3 31761 37327 0.13
2 23 3 31762 10571 0.13
3 24 3 31763 26872 0.13
4 25 3 31764 20974 0.13
5 26 3 31765 47848 0.13
6 27 3 31766 27030 0.13
7 28 3 31767 2065 0.13
8 29 3 31768 33554 0.13
9 30 3 31769 2396 0.13
10 31 3 31770 20464 0.13
11 32 3 31771 1535110 0.13
12 33 3 31772 45528 0.13
13 34 3 31773 930412 0.13
14 35 3 31774 29915 0.13
15 36 3 31775 75255 0.13
16 37 3 31776 19113157 0.13
17 38 3 31777 153777 0.13
18 39 3 31778 72676 0.13
19 40 3 31779 513266 0.13
20 41 3 31780 22277 0.13
21 42 3 31781 25121 0.13
22 43 3 31782 2094 0.13
23 44 3 31783 37356 0.13
24 45 3 31784 2851610 0.13
25 46 3 31785 1612683 0.13
26 47 3 31786 2435 0.13
27 48 3 31787 662888 0.13
28 49 3 31788 57429 0.13
29 50 3 31789 13717 0.13
30 51 3 31790 335930 0.13
31 52 3 31791 27026 0.13
32 53 3 31792 605388 0.13
33 54 3 31793 2262265 0.13
34 55 3 31794 2423 0.13
35 56 3 31795 23326 0.13
36 57 3 31796 5301 0.13
37 58 3 31797 5810540 0.13
38 59 3 31798 203716 0.13
39 60 3 31799 1627063 0.13
40 61 3 31800 36424 0.13
41 62 3 31801 28036 0.13
42 63 3 31802 3245950 0.13
43 0 3 31803 2087 0.13
44 1 3 31804 18241 0.13
45 2 3 31805 32435 0.13
46 3 3 31806 2378 0.13
47 4 3 31807 5745 0.13
48 5 3 31808 1441017 0.13
49 6 3 31809 719903 0.13
50 7 3 31810 66422 0.13
51 8 3 31811 84440 0.13
52 9 3 31812 63909 0.13
53 10 3 31813 277299 0.13
54 11 3 31814 8976250 0.13
55 12 3 31815 7094 0.13
56 13 3 31816 31752 0.13
57 14 3 31817 76188 0.13
58 15 3 31818 55852 0.13
59 16 3 31819 26730 0.13
60 17 3 31820 5646672 0.13
61 18 3 31821 78310 0.13
62 19 3 31822 11793 0.13
63 20 3 31823 2018 0.13
0 22 3 31824 78149 0.13
1 23 3 31825 1239087 0.13
2 24 3 31826 3172971 0.13
3 25 3 31827 34000 0.13
4 26 3 31828 531102 0.13
5 27 3 31829 4213758 0.13
6 28 3 31830 970650 0.13
7 29 3 31831 2179427 0.13
8 30 3 31832 27645 0.13
9 31 3 31833 149516 0.13
10 32 3 31834 11834 0.13
11 33 3 31835 573622 0.13
12 34 3 31836 21978 0.13
13 35 3 31837 10716029 0.13
14 36 3 31838 56776 0.13
15 37 3 31839 1368286 0.13
16 38 3 31840 42118 0.13
17 39 3 31841 111947 0.13
18 40 3 31842 1164315 0.13
19 41 3 31843 1567440 0.13
20 42 3 31844 13149 0.13
21 43 3 31845 54613 0.13
22 44 3 31846 68592 0.13
23 45 3 31847 7006556 0.13
24 46 3 31848 20978 0.13
25 47 3 31849 3479195 0.13
26 48 3 31850 60027 0.13
27 49 3 31851 998350 0.13
28 50 3 31852 46789 0.13
29 51 3 31853 16358 0.13
30 52 3 31854 183466 0.13
31 53 3 31855 657625 0.13
32 54 3 31856 537932 0.13
33 55 3 31857 851057 0.13
34 56 3 31858 44306 0.13
35 57 3 31859 17817341 0.13
36 58 3 31860 79914 0.13
37 59 3 31861 4805675 0.13
38 60 3 31862 1643562 0.13
39 61 3 31863 65862 0.13
40 62 3 31864 73227 0.13
41 63 3 31865 29490 0.13
42 0 3 31866 9734 0.13
43 1 3 31867 46296 0.13
44 2 3 31868 42362 0.13
45 3 3 31869 37977 0.13
46 4 3 31870 32481 0.13
47 5 3 31871 382860 0.13
48 6 3 31872 189233 0.13
49 7 3 31873 2145 0.13
50 8 3 31874 54709 0.13
51 9 3 31875 10552 0.13
52 10 3 31876 8681 0.13
53 11 3 31877 1249327 0.13
54 12 3 31878 22006 0.13
55 13 3 31879 67020 0.13
56 14 3 31880 61609 0.13
57 15 3 31881 73673 0.13
58 16 3 31882 164465 0.13
59 17 3 31883 17130682 0.13
60 18 3 31884 4517104 0.13
61 19 3 31885 22799 0.13
62 20 3 31886 834477 0.13
63 21 3 31887 154072 0.13
0 23 3 31888 2312 0.13
1 24 3 31889 2376541 0.13
2 25 3 31890 1629102 0.13
3 26 3 31891 56556 0.13
4 27 3 31892 2717661 0.13
5 28 3 31893 4187633 0.13
6 29 3 31894 1144673 0.13
7 30 3 31895 421499 0.13
8 31 3 31896 61081 0.13
9 32 3 31897 768790 0.13
10 33 3 31898 118038 0.13
11 34 3 31899 2297594 0.13
12 35 3 31900 19620489 0.13
13 36 3 31901 167299 0.13
14 37 3 31902 1032669 0.13
15 38 3 31903 3942 0.13
16 39 3 31904 1910616 0.13
17 40 3 31905 54781 0.13
18 41 3 31906 32792 0.13
19 42 3 31907 20252 0.13
20 43 3 31908 78807 0.13
21 44 3 31909 22555279 0.13
22 45 3 31910 4355830 0.13
23 46 3 31911 105107 0.13
24 47 3 31912 394521 0.13
25 48 3 31913 2363 0.13
26 49 3 31914 62099 0.13
27 50 3 31915 21013 0.13
28 51 3 31916 76351 0.13
29 52 3 31917 40548 0.13
30 53 3 31918 3536 0.13
31 54 3 31919 71718 0.13
32 55 3 31920 3065 0.13
33 56 3 31921 167481 0.13
34 57 3 31922 43918 0.13
35 58 3 31923 21710809 0.13
36 59 3 31924 1621055 0.13
37 60 3 31925 417500 0.13
38 61 3 31926 13529 0.13
39 62 3 31927 2803226 0.13
40 63 3 31928 21009 0.13
41 0 3 31929 26357 0.13
42 1 3 31930 75783 0.13
43 2 3 31931 52544 0.13
44 3 3 31932 78874 0.13
45 4 3 31933 3837336 0.13
46 5 3 31934 9248915 0.13
47 6 3 31935 881982 0.13
48 7 3 31936 49718 0.13
49 8 3 31937 10187 0.13
50 9 3 31938 189161 0.13
51 10 3 31939 850070 0.13
52 11 3 31940 16081 0.13
53 12 3 31941 7546727 0.13
54 13 3 31942 1863512 0.13
55 14 3 31943 221017 0.13
56 15 3 31944 456278 0.13
57 16 3 31945 36747 0.13
58 17 3 31946 5175 0.13
59 18 3 31947 4354819 0.13
60 19 3 31948 108839 0.13
61 20 3 31949 10937 0.13
62 21 3 31950 143552 0.13
63 22 3 31951 1891116 0.13
0 24 3 31952 78383 0.13
1 25 3 31953 47393 0.13
2 26 3 31954 645306 0.13
3 27 3 31955 1624179 0.13
4 28 3 31956 75556 0.13
5 29 3 31957 8705 0.13
6 30 3 31958 2252643 0.13
7 31 3 31959 590848 0.13
8 32 3 31960 70412 0.13
9 33 3 31961 6100598 0.13
10 34 3 31962 47604 0.13
11 35 3 31963 1604251 0.13
12 36 3 31964 9694574 0.13
13 37 3 31965 2321 0.13
14 38 3 31966 7473 0.13
15 39 3 31967 62618 0.13
16 40 3 31968 8556 0.13
17 41 3 31969 68703 0.13
18 42 3 31970 9738 0.13
19 43 3 31971 122577 0.13
20 44 3 31972 47524 0.13
21 45 3 31973 253563 0.13
22 46 3 31974 23096 0.13
23 47 3 31975 27490 0.13
24 48 3 31976 1064401 0.13
25 49 3 31977 702028 0.13
26 50 3 31978 3486120 0.13
27 51 3 31979 690823 0.13
28 52 3 31980 259775 0.13
29 53 3 31981 62489 0.13
30 54 3 31982 2449 0.13
31 55 3 31983 1138481 0.13
32 56 3 31984 2423 0.13
33 57 3 31985 70960 0.13
34 58 3 31986 63901 0.13
35 59 3 31987 313467 0.13
36 60 3 31988 3867566 0.13
37 61 3 31989 1829405 0.13
38 62 3 31990 3950937 0.13
39 63 3 31991 27695813 0.13
40 0 3 31992 18201 0.13
41 1 3 31993 40862 0.13
42 2 3 31994 60636 0.13
43 3 3 31995 2010980 0.13
44 4 3 31996 59752 0.13
45 5 3 31997 1397350 0.13
46 6 3 31998 1659421 0.13
47 7 3 31999 3195930 0.13
48 8 3 32000 665601 0.13
49 9 3 32001 4395573 0.13
50 10 3 32002 6012 0.13
51 11 3 32003 35853 0.13
52 12 3 32004 457004 0.13
53 13 3 32005 850764 0.13
54 14 3 32006 1676317 0.13
55 15 3 32007 59225 0.13
56 16 3 32008 5362020 0.13
57 17 3 32009 41495 0.13
58 18 3 32010 549659 0.13
59 19 3 32011 78799 0.13
60 20 3 32012 342938 0.13
61 21 3 32013 804014 0.13
62 22 3 32014 1391506 0.13
63 23 3 32015 76902 0.13
0 25 3 32016 1109083 0.13
1 26 3 32017 28015 0.13
2 27 3 32018 2429 0.13
3 28 3 32019 43528 0.13
4 29 3 32020 75177 0.13
5 30 3 32021 20923 0.13
6 31 3 32022 11239055 0.13
7 32 3 32023 32272 0.13
8 33 3 32024 31713 0.13
9 34 3 32025 69245 0.13
10 35 3 32026 2598 0.13
11 36 3 32027 6410444 0.13
12 37 3 32028 6192 0.13
13 38 3 32029 10476 0.13
14 39 3 32030 22682 0.13
15 40 3 32031 585412 0.13
16 41 3 32032 34540 0.13
17 42 3 32033 2489 0.13
18 43 3 32034 50137 0.13
19 44 3 32035 23653448 0.13
20 45 3 32036 7106 0.13
21 46 3 32037 422281 0.13
22 47 3 32038 48708 0.13
23 48 3 32039 7456702 0.13
24 49 3 32040 86540 0.13
25 50 3 32041 4225 0.13
26 51 3 32042 2332 0.13
27 52 3 32043 510960 0.13
28 53 3 32044 4350243 0.13
29 54 3 32045 61615 0.13
30 55 3 32046 60709 0.13
31 56 3 32047 2740 0.13
32 57 3 32048 4474404 0.13
33 58 3 32049 23212 0.13
34 59 3 32050 12348488 0.13
35 60 3 32051 2128896 0.13
36 61 3 32052 420504 0.13
37 62 3 32053 41432 0.13
38 63 3 32054 75933 0.13
39 0 3 32055 26340 0.13
40 1 3 32056 14217805 0.13
41 2 3 32057 156294 0.13
42 3 3 32058 29344 0.13
43 4 3 32059 6069959 0.13
44 5 3 32060 23117174 0.13
45 6 3 32061 2582083 0.13
46 7 3 32062 55367 0.13
47 8 3 32063 3686743 0.13
48 9 3 32064 8841345 0.13
49 10 3 32065 2432105 0.13
50 11 3 32066 3647 0.13
51 12 3 32067 21792 0.13
52 13 3 32068 8777 0.13
53 14 3 32069 33859 0.13
54 15 3 32070 21862 0.13
55 16 3 32071 72755 0.13
56 17 3 32072 695241 0.13
57 18 3 32073 4058121 0.13
58 19 3 32074 41013 0.13
59 20 3 32075 8207377 0.13
60 21 3 32076 43210 0.13
61 22 3 32077 1064184 0.13
62 23 3 32078 12033 0.13
63 24 3 32079 5715145 0.13
0 26 3 32080 754879 0.13
1 27 3 32081 700371 0.13
2 28 3 32082 23352 0.13
3 29 3 32083 75163 0.13
4 30 3 32084 9409422 0.13
5 31 3 32085 1740231 0.13
6 32 3 32086 20837 0.13
7 33 3 32087 2336 0.13
8 34 3 32088 139888 0.13
9 35 3 32089 5210 0.13
10 36 3 32090 130075 0.13
11 37 3 32091 6554761 0.13
12 38 3 32092 695110 0.13
13 39 3 32093 540263 0.13
14 40 3 32094 27286512 0.13
15 41 3 32095 22676 0.13
16 42 3 32096 15010 0.13
17 43 3 32097 5332 0.13
18 44 3 32098 3636093 0.13
19 45 3 32099 1363880 0.13
20 46 3 32100 3828 0.13
21 47 3 32101 39391 0.13
22 48 3 32102 1388661 0.13
23 49 3 32103 92932 0.13
24 50 3 32104 170990 0.13
25 51 3 32105 1970969 0.13
26 52 3 32106 2152 0.13
27 53 3 32107 65360 0.13
28 54 3 32108 20730 0.13
29 55 3 32109 29163 0.13
30 56 3 32110 46860 0.13
31 57 3 32111 66371 0.13
32 58 3 32112 25460 0.13
33 59 3 32113 15337 0.13
34 60 3 32114 7786 0.13
35 61 3 32115 1430104 0.13
36 62 3 32116 152517 0.13
37 63 3 32117 105318 0.13
38 0 3 32118 602413 0.13
39 1 3 32119 6541293 0.13
40 2 3 32120 70089 0.13
41 3 3 32121 1407236 0.13
42 4 3 32122 6667756 0.13
43 5 3 32123 278074 0.13
44 6 3 32124 55698 0.13
45 7 3 32125 59681 0.13
46 8 3 32126 37334 0.13
47 9 3 32127 8450327 0.13
48 10 3 32128 4926795 0.13
49 11 3 32129 4384 0.13
50 12 3 32130 715234 0.13
51 13 3 32131 51036 0.13
52 14 3 32132 117390 0.13
53 15 3 32133 564243 0.13
54 16 3 32134 8056566 0.13
55 17 3 32135 4737210 0.13
56 18 3 32136 5921 0.13
57 19 3 32137 1877356 0.13
58 20 3 32138 29985 0.13
59 21 3 32139 27345 0.13
60 22 3 32140 68349 0.13
61 23 3 32141 992403 0.13
62 24 3 32142 3100 0.13
63 25 3 32143 184226 0.13
0 27 3 32144 2518952 0.13
1 28 3 32145 20339 0.13
2 29 3 32146 70043 0.13
3 30 3 32147 61480 0.13
4 31 3 32148 2177 0.13
5 32 3 32149 27482543 0.13
6 33 3 32150 185413 0.13
7 34 3 32151 1189655 0.13
8 35 3 32152 8029 0.13
9 36 3 32153 51169 0.13
10 37 3 32154 715503 0.13
11 38 3 32155 27947137 0.13
12 39 3 32156 10728955 0.13
13 40 3 32157 1706505 0.13
14 41 3 32158 2215 0.13
15 42 3 32159 10312 0.13
16 43 3 32160 9410228 0.13
17 44 3 32161 475319 0.13
18 45 3 32162 9946030 0.13
19 46 3 32163 1491012 0.13
20 47 3 32164 157379 0.13
21 48 3 32165 566477 0.13
22 49 3 32166 46894 0.13
23 50 3 32167 2575101 0.13
24 51 3 32168 7326 0.13
25 52 3 32169 4720750 0.13
26 53 3 32170 53603 0.13
27 54 3 32171 62096 0.13
28 55 3 32172 7849 0.13
29 56 3 32173 1462548 0.13
30 57 3 32174 23298453 0.13
31 58 3 32175 53199 0.13
32 59 3 32176 8753321 0.13
33 60 3 32177 2007 0.13
34 61 3 32178 28254593 0.13
35 62 3 32179 1466054 0.13
36 63 3 32180 6090757 0.13
37 0 3 32181 27788 0.13
38 1 3 32182 2339231 0.13
39 2 3 32183 6551383 0.13
40 3 3 32184 8754 0.13
41 4 3 32185 3470888 0.13
42 5 3 32186 8240 0.13
43 6 3 32187 840394 0.13
44 7 3 32188 15898893 0.13
45 8 3 32189 26866 0.13
46 9 3 32190 180085 0.13
47 10 3 32191 2361 0.13
48 11 3 32192 4989331 0.13
49 12 3 32193 20875 0.13
50 13 3 32194 58704 0.13
51 14 3 32195 55394 0.13
52 15 3 32196 22070 0.13
53 16 3 32197 54840 0.13
54 17 3 32198 41616 0.13
55 18 3 32199 1403693 0.13
56 19 3 32200 5565 0.13
57 20 3 32201 3927328 0.13
58 21 3 32202 314145 0.13
59 22 3 32203 35479 0.13
60 23 3 32204 485317 0.13
61 24 3 32205 27607 0.13
62 25 3 32206 50832 0.13
63 26 3 32207 27434 0.13
0 28 3 32208 2192 0.13
1 29 3 32209 12840 0.13
2 30 3 32210 24531 0.13
3 31 3 32211 3750404 0.13
4 32 3 32212 3386 0.13
5 33 3 32213 30809 0.13
6 34 3 32214 49090 0.13
7 35 3 32215 42099 0.13
8 36 3 32216 4450462 0.13
9 37 3 32217 9208 0.13
10 38 3 32218 2270117 0.13
11 39 3 32219 2406683 0.13
12 40 3 32220 6803 0.13
13 41 3 32221 46746 0.13
14 42 3 32222 70680 0.13
15 43 3 32223 8259 0.13
16 44 3 32224 21818 0.13
17 45 3 32225 144477 0.13
18 46 3 32226 1822947 0.13
19 47 3 32227 41340 0.13
20 48 3 32228 5328278 0.13
21 49 3 32229 46278 0.13
22 50 3 32230 298724 0.13
23 51 3 32231 36971 0.13
24 52 3 32232 170253 0.13
25 53 3 32233 11590 0.13
26 54 3 32234 16541 0.13
27 55 3 32235 882472 0.13
28 56 3 32236 45125 0.13
29 57 3 32237 4423959 0.13
30 58 3 32238 2356784 0.13
31 59 3 32239 29863 0.13
32 60 3 32240 2433 0.13
33 61 3 32241 21633 0.13
34 62 3 32242 3749449 0.13
35 63 3 32243 1928128 0.13
36 0 3 32244 2430599 0.13
37 1 3 32245 34675 0.13
38 2 3 32246 11868491 0.13
39 3 3 32247 1429511 0.13
40 4 3 32248 36904 0.13
41 5 3 32249 3448 0.13
42 6 3 32250 1220063 0.13
43 7 3 32251 20828 0.13
44 8 3 32252 7627939 0.13
45 9 3 32253 9895989 0.13
46 10 3 32254 1794875 0.13
47 11 3 32255 6811399 0.13
48 12 3 32256 25581 0.13
49 13 3 32257 113131 0.13
50 14 3 32258 68717 0.13
51 15 3 32259 16113 0.13
52 16 3 32260 5757497 0.13
53 17 3 32261 22869 0.13
54 18 3 32262 2003 0.13
55 19 3 32263 65881 0.13
56 20 3 32264 24120 0.13
57 21 3 32265 23342 0.13
58 22 3 32266 25269 0.13
59 23 3 32267 42239 0.13
60 24 3 32268 45594 0.13
61 25 3 32269 1389371 0.13
62 26 3 32270 4858 0.13
63 27 3 32271 893101 0.13
0 29 3 32272 29241 0.13
1 30 3 32273 2883758 0.13
2 31 3 32274 9905 0.13
3 32 3 32275 5495 0.13
4 33 3 32276 26071 0.13
5 34 3 32277 1816676 0.13
6 35 3 32278 63381 0.13
7 36 3 32279 77013 0.13
8 37 3 32280 182249 0.13
9 38 3 32281 33363 0.13
10 39 3 32282 3446 0.13
11 40 3 32283 4245457 0.13
12 41 3 32284 2040 0.13
13 42 3 32285 2069 0.13
14 43 3 32286 34446 0.13
15 44 3 32287 24386 0.13
16 45 3 32288 72049 0.13
17 46 3 32289 58180 0.13
18 47 3 32290 5633 0.13
19 48 3 32291 18863 0.13
20 49 3 32292 986920 0.13
21 50 3 32293 2131734 0.13
22 51 3 32294 73549 0.13
23 52 3 32295 3184 0.13
24 53 3 32296 1230866 0.13
25 54 3 32297 90137 0.13
26 55 3 32298 9644943 0.13
27 56 3 32299 5004 0.13
28 57 3 32300 20613 0.13
29 58 3 32301 4901 0.13
30 59 3 32302 5446 0.13
31 60 3 32303 3544 0.13
32 61 3 32304 22883 0.13
33 62 3 32305 68780 0.13
34 63 3 32306 52896 0.13
35 0 3 32307 450458 0.13
36 1 3 32308 8234897 0.13
37 2 3 32309 2073 0.13
38 3 3 32310 1984318 0.13
39 4 3 32311 4433 0.13
40 5 3 32312 62947 0.13
41 6 3 32313 2437 0.13
42 7 3 32314 771103 0.13
43 8 3 32315 446894 0.13
44 9 3 32316 34016 0.13
45 10 3 32317 30238 0.13
46 11 3 32318 36133 0.13
47 12 3 32319 62494 0.13
48 13 3 32320 2701 0.13
49 14 3 32321 538518 0.13
50 15 3 32322 613582 0.13
51 16 3 32323 2011 0.13
52 17 3 32324 3911745 0.13
53 18 3 32325 2659044 0.13
54 19 3 32326 652365 0.13
55 20 3 32327 24439 0.13
56 21 3 32328 2259067 0.13
57 22 3 32329 4047 0.13
58 23 3 32330 8004693 0.13
59 24 3 32331 15841 0.13
60 25 3 32332 1430459 0.13
61 26 3 32333 2061 0.13
62 27 3 32334 2276 0.13
63 28 3 32335 16937 0.13
0 30 3 32336 2796 0.13
1 31 3 32337 9209830 0.13
2 32 3 32338 57323 0.13
3 33 3 32339 37048 0.13
4 34 3 32340 576255 0.13
5 35 3 32341 8027207 0.13
6 36 3 32342 5710972 0.13
7 37 3 32343 2094 0.13
8 38 3 32344 35288 0.13
9 39 3 32345 2928272 0.13
10 40 3 32346 13639 0.13
11 41 3 32347 1409004 0.13
12 42 3 32348 5708 0.13
13 43 3 32349 1882613 0.13
14 44 3 32350 2197 0.13
15 45 3 32351 52044 0.13
16 46 3 32352 2322 0.13
17 47 3 32353 33007 0.13
18 48 3 32354 25609 0.13
19 49 3 32355 1385353 0.13
20 50 3 32356 142382 0.13
21 51 3 32357 2095 0.13
22 52 3 32358 18735953 0.13
23 53 3 32359 50414 0.13
24 54 3 32360 4785093 0.13
25 55 3 32361 20580 0.13
26 56 3 32362 1401885 0.13
27 57 3 32363 9251 0.13
28 58 3 32364 8854 0.13
29 59 3 32365 8930 0.13
30 60 3 32366 2331 0.13
31 61 3 32367 24142533 0.13
32 62 3 32368 23210 0.13
33 63 3 32369 14876695 0.13
34 0 3 32370 8439 0.13
35 1 3 32371 718713 0.13
36 2 3 32372 2462 0.13
37 3 3 32373 45556 0.13
38 4 3 32374 640120 0.13
39 5 3 32375 5692 0.13
40 6 3 32376 706039 0.13
41 7 3 32377 311593 0.13
42 8 3 32378 2451 0.13
43 9 3 32379 4286 0.13
44 10 3 32380 1581646 0.13
45 11 3 32381 25602 0.13
46 12 3 32382 31349 0.13
47 13 3 32383 22362 0.13
48 14 3 32384 6082 0.13
49 15 3 32385 22782 0.13
50 16 3 32386 14861 0.13
51 17 3 32387 16307 0.13
52 18 3 32388 45766 0.13
53 19 3 32389 11905003 0.13
54 20 3 32390 1966070 0.13
55 21 3 32391 11664 0.13
56 22 3 32392 1329374 0.13
57 23 3 32393 25416 0.13
58 24 3 32394 2972114 0.13
59 25 3 32395 52704 0.13
60 26 3 32396 28330 0.13
61 27 3 32397 8099 0.13
62 28 3 32398 30855 0.13
63 29 3 32399 73214 0.13
0 31 3 32400 29840 0.13
1 32 3 32401 2124717 0.13
2 33 3 32402 275295 0.13
3 34 3 32403 56506 0.13
4 35 3 32404 2024 0.13
5 36 3 32405 26370 0.13
6 37 3 32406 75845 0.13
7 38 3 32407 56784 0.13
8 39 3 32408 26762 0.13
9 40 3 32409 1454231 0.13
10 41 3 32410 1296825 0.13
11 42 3 32411 171445 0.13
12 43 3 32412 41321 0.13
13 44 3 32413 58599 0.13
14 45 3 32414 62419 0.13
15 46 3 32415 760167 0.13
16 47 3 32416 400819 0.13
17 48 3 32417 4009088 0.13
18 49 3 32418 24250 0.13
19 50 3 32419 694968 0.13
20 51 3 32420 114536 0.13
21 52 3 32421 400692 0.13
22 53 3 32422 15469 0.13
23 54 3 32423 66591 0.13
24 55 3 32424 23205 0.13
25 56 3 32425 51099 0.13
26 57 3 32426 1743970 0.13
27 58 3 32427 36921 0.13
28 59 3 32428 15512 0.13
29 60 3 32429 46729 0.13
30 61 3 32430 9272573 0.13
31 62 3 32431 44185 0.13
32 63 3 32432 36503 0.13
33 0 3 32433 3411879 0.13
34 1 3 32434 26751 0.13
35 2 3 32435 1640306 0.13
36 3 3 32436 48017 0.13
37 4 3 32437 11541 0.13
38 5 3 32438 1875342 0.13
39 6 3 32439 4170123 0.13
40 7 3 32440 75591 0.13
41 8 3 32441 356708 0.13
42 9 3 32442 53820 0.13
43 10 3 32443 30029 0.13
44 11 3 32444 26660 0.13
45 12 3 32445 1827562 0.13
46 13 3 32446 43894 0.13
47 14 3 32447 24921 0.13
48 15 3 32448 3469880 0.13
49 16 3 32449 983753 0.13
50 17 3 32450 11850 0.13
51 18 3 32451 4344708 0.13
52 19 3 32452 1774546 0.13
53 20 3 32453 8498016 0.13
54 21 3 32454 6700281 0.13
55 22 3 32455 48761 0.13
56 23 3 32456 1196791 0.13
57 24 3 32457 735386 0.13
58 25 3 32458 37612 0.13
59 26 3 32459 133473 0.13
60 27 3 32460 989936 0.13
61 28 3 32461 997677 0.13
62 29 3 32462 51782 0.13
63 30 3 32463 1618893 0.13
0 32 3 32464 4420883 0.13
1 33 3 32465 159862 0.13
2 34 3 32466 4646793 0.13
3 35 3 32467 1479376 0.13
4 36 3 32468 10819 0.13
5 37 3 32469 20254 0.13
6 38 3 32470 5770226 0.13
7 39 3 32471 1549782 0.13
8 40 3 32472 47651 0.13
9 41 3 32473 6698496 0.13
10 42 3 32474 10146 0.13
11 43 3 32475 6260 0.13
12 44 3 32476 67266 0.13
13 45 3 32477 11330 0.13
14 46 3 32478 63307 0.13
15 47 3 32479 558890 0.13
16 48 3 32480 7429410 0.13
17 49 3 32481 8635865 0.13
18 50 3 32482 1449466 0.13
19 51 3 32483 109232 0.13
20 52 3 32484 22460 0.13
21 53 3 32485 27145 0.13
22 54 3 32486 7870440 0.13
23 55 3 32487 28661 0.13
24 56 3 32488 111763 0.13
25 57 3 32489 73125 0.13
26 58 3 32490 56730 0.13
27 59 3 32491 750047 0.13
28 60 3 32492 2181 0.13
29 61 3 32493 1847922 0.13
30 62 3 32494 48659 0.13
31 63 3 32495 94399 0.13
32 0 3 32496 29603 0.13
33 1 3 32497 66243 0.13
34 2 3 32498 511323 0.13
35 3 3 32499 327288 0.13
36 4 3 32500 1520507 0.13
37 5 3 32501 1589169 0.13
38 6 3 32502 1873277 0.13
39 7 3 32503 4401 0.13
40 8 3 32504 5732 0.13
41 9 3 32505 3813323 0.13
42 10 3 32506 790486 0.13
43 11 3 32507 73098 0.13
44 12 3 32508 6120 0.13
45 13 3 32509 4908116 0.13
46 14 3 32510 76600 0.13
47 15 3 32511 19346 0.13
48 16 3 32512 64285 0.13
49 17 3 32513 2223 0.13
50 18 3 32514 2141 0.13
51 19 3 32515 2192091 0.13
52 20 3 32516 67073 0.13
53 21 3 32517 45907 0.13
54 22 3 32518 66507 0.13
55 23 3 32519 13209 0.13
56 24 3 32520 2902929 0.13
57 25 3 32521 2020 0.13
58 26 3 32522 5679 0.13
59 27 3 32523 90809 0.13
60 28 3 32524 55448 0.13
61 29 3 32525 68916 0.13
62 30 3 32526 120955 0.13
63 31 3 32527 1115785 0.13
0 33 3 32528 124454 0.13
1 34 3 32529 9195 0.13
2 35 3 32530 1319154 0.13
3 36 3 32531 155155 0.13
4 37 3 32532 7425 0.13
5 38 3 32533 16141448 0.13
6 39 3 32534 16030490 0.13
7 40 3 32535 49646 0.13
8 41 3 32536 19291 0.13
9 42 3 32537 1682137 0.13
10 43 3 32538 1829972 0.13
11 44 3 32539 59697 0.13
12 45 3 32540 16788 0.13
13 46 3 32541 539554 0.13
14 47 3 32542 3149858 0.13
15 48 3 32543 1486652 0.13
16 49 3 32544 24330027 0.13
17 50 3 32545 462677 0.13
18 51 3 32546 47720 0.13
19 52 3 32547 1025312 0.13
20 53 3 32548 38894 0.13
21 54 3 32549 51259 0.13
22 55 3 32550 6225792 0.13
23 56 3 32551 18250 0.13
24 57 3 32552 6710 0.13
25 58 3 32553 9095 0.13
26 59 3 32554 7196266 0.13
27 60 3 32555 3817237 0.13
28 61 3 32556 180510 0.13
29 62 3 32557 4978348 0.13
30 63 3 32558 2056 0.13
31 0 3 32559 49082 0.13
32 1 3 32560 153127 0.13
33 2 3 32561 74375 0.13
34 3 3 32562 719550 0.13
35 4 3 32563 25650567 0.13
36 5 3 32564 6786 0.13
37 6 3 32565 536249 0.13
38 7 3 32566 1025158 0.13
39 8 3 32567 46653 0.13
40 9 3 32568 29213 0.13
41 10 3 32569 63884 0.13
42 11 3 32570 363375 0.13
43 12 3 32571 61884 0.13
44 13 3 32572 777879 0.13
45 14 3 32573 52698 0.13
46 15 3 32574 4670203 0.13
47 16 3 32575 22419 0.13
48 17 3 32576 35727 0.13
49 18 3 32577 200658 0.13
50 19 3 32578 2271 0.13
51 20 3 32579 8995182 0.13
52 21 3 32580 6594 0.13
53 22 3 32581 39980 0.13
54 23 3 32582 1733573 0.13
55 24 3 32583 2200 0.13
56 25 3 32584 50312 0.13
57 26 3 32585 1184153 0.13
58 27 3 32586 144605 0.13
59 28 3 32587 27210 0.13
60 29 3 32588 174459 0.13
61 30 3 32589 1614186 0.13
62 31 3 32590 4691 0.13
63 32 3 32591 22642 0.13
0 34 3 32592 27217 0.13
1 35 3 32593 27189 0.13
2 36 3 32594 67593 0.13
3 37 3 32595 727068 0.13
4 38 3 32596 2996922 0.13
5 39 3 32597 654331 0.13
6 40 3 32598 20511 0.13
7 41 3 32599 885209 0.13
8 42 3 32600 85964 0.13
9 43 3 32601 6031 0.13
10 44 3 32602 2441 0.13
11 45 3 32603 137174 0.13
12 46 3 32604 1971424 0.13
13 47 3 32605 26530 0.13
14 48 3 32606 1283703 0.13
15 49 3 32607 8929529 0.13
16 50 3 32608 3949256 0.13
17 51 3 32609 71605 0.13
18 52 3 32610 21651 0.13
19 53 3 32611 4173 0.13
20 54 3 32612 25104 0.13
21 55 3 32613 104692 0.13
22 56 3 32614 6298 0.13
23 57 3 32615 2052 0.13
24 58 3 32616 28292 0.13
25 59 3 32617 635622 0.13
26 60 3 32618 183396 0.13
27 61 3 32619 661555 0.13
28 62 3 32620 1716590 0.13
29 63 3 32621 2467 0.13
30 0 3 32622 32310 0.13
31 1 3 32623 4968754 0.13
32 2 3 32624 12309 0.13
33 3 3 32625 5846534 0.13
34 4 3 32626 10104 0.13
35 5 3 32627 134550 0.13
36 6 3 32628 4451006 0.13
37 7 3 32629 3596473 0.13
38 8 3 32630 6844972 0.13
39 9 3 32631 50968 0.13
40 10 3 32632 104499 0.13
41 11 3 32633 2273 0.13
42 12 3 32634 9629741 0.13
43 13 3 32635 4285130 0.13
44 14 3 32636 217773 0.13
45 15 3 32637 24644 0.13
46 16 3 32638 9550 0.13
47 17 3 32639 8912364 0.13
48 18 3 32640 1697083 0.13
49 19 3 32641 25781 0.13
50 20 3 32642 4859560 0.13
51 21 3 32643 7466783 0.13
52 22 3 32644 30472 0.13
53 23 3 32645 26113 0.13
54 24 3 32646 11187 0.13
55 25 3 32647 3193 0.13
56 26 3 32648 33850 0.13
57 27 3 32649 4228 0.13
58 28 3 32650 3296 0.13
59 29 3 32651 68012 0.13
60 30 3 32652 19579914 0.13
61 31 3 32653 5731 0.13
62 32 3 32654 3120002 0.13
63 33 3 32655 7010189 0.13
0 35 3 32656 5978 0.13
1 36 3 32657 6484335 0.13
2 37 3 32658 46431 0.13
3 38 3 32659 4588 0.13
4 39 3 32660 1872044 0.13
5 40 3 32661 5921 0.13
6 41 3 32662 1018900 0.13
7 42 3 32663 5048 0.13
8 43 3 32664 72041 0.13
9 44 3 32665 20327 0.13
10 45 3 32666 8818 0.13
11 46 3 32667 1054253 0.13
12 47 3 32668 170800 0.13
13 48 3 32669 31887 0.13
14 49 3 32670 3427876 0.13
15 50 3 32671 2081 0.13
16 51 3 32672 8828 0.13
17 52 3 32673 5443730 0.13
18 53 3 32674 752055 0.13
19 54 3 32675 2021 0.13
20 55 3 32676 10432962 0.13
21 56 3 32677 77866 0.13
22 57 3 32678 2090127 0.13
23 58 3 32679 5178 0.13
24 59 3 32680 5441 0.13
25 60 3 32681 8601 0.13
26 61 3 32682 86201 0.13
27 62 3 32683 3532531 0.13
28 63 3 32684 29907 0.13
29 0 3 32685 8937 0.13
30 1 3 32686 69518 0.13
31 2 3 32687 977603 0.13
32 3 3 32688 1726070 0.13
33 4 3 32689 260575 0.13
34 5 3 32690 9982343 0.13
35 6 3 32691 67639 0.13
36 7 3 32692 75402 0.13
37 8 3 32693 70967 0.13
38 9 3 32694 29456 0.13
39 10 3 32695 56623 0.13
40 11 3 32696 241570 0.13
41 12 3 32697 23884 0.13
42 13 3 32698 1886180 0.13
43 14 3 32699 4578 0.13
44 15 3 32700 6283620 0.13
45 16 3 32701 72919 0.13
46 17 3 32702 317329 0.13
47 18 3 32703 6895 0.13
48 19 3 32704 20582284 0.13
49 20 3 32705 7769 0.13
50 21 3 32706 161592 0.13
51 22 3 32707 28626 0.13
52 23 3 32708 24950 0.13
53 24 3 32709 10350 0.13
54 25 3 32710 39670 0.13
55 26 3 32711 4309356 0.13
56 27 3 32712 4329 0.13
57 28 3 32713 23746 0.13
58 29 3 32714 6434375 0.13
59 30 3 32715 21779 0.13
60 31 3 32716 2597 0.13
61 32 3 32717 194534 0.13
62 33 3 32718 57694 0.13
63 34 3 32719 695116 0.13
0 36 3 32720 47707 0.13
1 37 3 32721 51504 0.13
2 38 3 32722 25327 0.13
3 39 3 32723 38878 0.13
4 40 3 32724 13444 0.13
5 41 3 32725 34634 0.13
6 42 3 32726 1576599 0.13
7 43 3 32727 72349 0.13
8 44 3 32728 32377 0.13
9 45 3 32729 4253 0.13
10 46 3 32730 9114 0.13
11 47 3 32731 42656 0.13
12 48 3 32732 69975 0.13
13 49 3 32733 2261782 0.13
14 50 3 32734 7445516 0.13
15 51 3 32735 65356 0.13
16 52 3 32736 101948 0.13
17 53 3 32737 1047866 0.13
18 54 3 32738 27591 0.13
19 55 3 32739 79010 0.13
20 56 3 32740 5701562 0.13
21 57 3 32741 55981 0.13
22 58 3 32742 236072 0.13
23 59 3 32743 74619 0.13
24 60 3 32744 17983201 0.13
25 61 3 32745 196373 0.13
26 62 3 32746 17441102 0.13
27 63 3 32747 2241 0.13
28 0 3 32748 6477 0.13
29 1 3 32749 23605909 0.13
30 2 3 32750 1007561 0.13
31 3 3 32751 38146 0.13
32 4 3 32752 61865 0.13
33 5 3 32753 7791435 0.13
34 6 3 32754 6215323 0.13
35 7 3 32755 20820 0.13
36 8 3 32756 42812 0.13
37 9 3 32757 74199 0.13
38 10 3 32758 4595380 0.13
39 11 3 32759 3552133 0.13
40 12 3 32760 16846 0.13
41 13 3 32761 505212 0.13
42 14 3 32762 5049 0.13
43 15 3 32763 11212 0.13
44 16 3 32764 50970 0.13
45 17 3 32765 1604216 0.13
46 18 3 32766 42325 0.13
47 19 3 32767 43391 0.13
48 20 3 32768 25899 0.13
49 21 3 32769 4218942 0.13
50 22 3 32770 67633 0.13
51 23 3 32771 706694 0.13
52 24 3 32772 4810 0.13
53 25 3 32773 3770642 0.13
54 26 3 32774 631276 0.13
55 27 3 32775 27445 0.13
56 28 3 32776 3164966 0.13
57 29 3 32777 2025 0.13
58 30 3 32778 2552353 0.13
59 31 3 32779 75210 0.13
60 32 3 32780 8980061 0.13
61 33 3 32781 54841 0.13
62 34 3 32782 16006 0.13
63 35 3 32783 2373 0.13
0 37 3 32784 1004336 0.13
1 38 3 32785 60403 0.13
2 39 3 32786 2240800 0.13
3 40 3 32787 4308463 0.13
4 41 3 32788 2017 0.13
5 42 3 32789 505371 0.13
6 43 3 32790 2381924 0.13
7 44 3 32791 52118 0.13
8 45 3 32792 199151 0.13
9 46 3 32793 778526 0.13
10 47 3 32794 22183640 0.13
11 48 3 32795 2126208 0.13
12 49 3 32796 6023 0.13
13 50 3 32797 8846 0.13
14 51 3 32798 9257 0.13
15 52 3 32799 66549 0.13
16 53 3 32800 13700 0.13
17 54 3 32801 73423 0.13
18 55 3 32802 6905 0.13
19 56 3 32803 40234 0.13
20 57 3 32804 1927436 0.13
21 58 3 32805 12267 0.13
22 59 3 32806 22936 0.13
23 60 3 32807 118081 0.13
24 61 3 32808 16196 0.13
25 62 3 32809 124685 0.13
26 63 3 32810 28390 0.13
27 0 3 32811 90371 0.13
28 1 3 32812 66394 0.13
29 2 3 32813 3989845 0.13
30 3 3 32814 79078 0.13
31 4 3 32815 41583 0.13
32 5 3 32816 247965 0.13
33 6 3 32817 192277 0.13
34 7 3 32818 2259 0.13
35 8 3 32819 27291 0.13
36 9 3 32820 2353 0.13
37 10 3 32821 1513093 0.13
38 11 3 32822 26797 0.13
39 12 3 32823 242716 0.13
40 13 3 32824 7265 0.13
41 14 3 32825 44605 0.13
42 15 3 32826 1817553 0.13
43 16 3 32827 1045310 0.13
44 17 3 32828 7572321 0.13
45 18 3 32829 39405 0.13
46 19 3 32830 2229 0.13
47 20 3 32831 3589818 0.13
48 21 3 32832 1743033 0.13
49 22 3 32833 18847 0.13
50 23 3 32834 9798720 0.13
51 24 3 32835 8119934 0.13
52 25 3 32836 6974684 0.13
53 26 3 32837 12946 0.13
54 27 3 32838 545028 0.13
55 28 3 32839 186369 0.13
56 29 3 32840 6681125 0.13
57 30 3 32841 2038 0.13
58 31 3 32842 7105780 0.13
59 32 3 32843 28926 0.13
60 33 3 32844 516452 0.13
61 34 3 32845 7572016 0.13
62 35 3 32846 41876 0.13
63 36 3 32847 70625 0.13
0 38 3 32848 17029488 0.13
1 39 3 32849 197934 0.13
2 40 3 32850 64852 0.13
3 41 3 32851 24026 0.13
4 42 3 32852 8210 0.13
5 43 3 32853 97913 0.13
6 44 3 32854 3544619 0.13
7 45 3 32855 2149 0.13
8 46 3 32856 30020 0.13
9 47 3 32857 376477 0.13
10 48 3 32858 5716679 0.13
11 49 3 32859 1122950 0.13
12 50 3 32860 35885 0.13
13 51 3 32861 30256 0.13
14 52 3 32862 306115 0.13
15 53 3 32863 4147610 0.13
16 54 3 32864 8099 0.13
17 55 3 32865 1621124 0.13
18 56 3 32866 1609504 0.13
19 57 3 32867 5692 0.13
20 58 3 32868 646291 0.13
21 59 3 32869 28791 0.13
22 60 3 32870 124006 0.13
23 61 3 32871 1998674 0.13
24 62 3 32872 28783 0.13
25 63 3 32873 4513578 0.13
26 0 3 32874 8311 0.13
27 1 3 32875 2318 0.13
28 2 3 32876 4950 0.13
29 3 3 32877 75370 0.13
30 4 3 32878 123655 0.13
31 5 3 32879 281945 0.13
32 6 3 32880 2134 0.13
33 7 3 32881 22201 0.13
34 8 3 32882 38870 0.13
35 9 3 32883 17559198 0.13
36 10 3 32884 130134 0.13
37 11 3 32885 1103684 0.13
38 12 3 32886 2165 0.13
39 13 3 32887 26924515 0.13
40 14 3 32888 64921 0.13
41 15 3 32889 174599 0.13
42 16 3 32890 7232 0.13
43 17 3 32891 9672 0.13
44 18 3 32892 22191 0.13
45 19 3 32893 685226 0.13
46 20 3 32894 1253853 0.13
47 21 3 32895 1187245 0.13
48 22 3 32896 25058 0.13
49 23 3 32897 6265164 0.13
50 24 3 32898 23955 0.13
51 25 3 32899 1204965 0.13
52 26 3 32900 193590 0.13
53 27 3 32901 2068 0.13
54 28 3 32902 2429636 0.13
55 29 3 32903 118656 0.13
56 30 3 32904 9130117 0.13
57 31 3 32905 6069040 0.13
58 32 3 32906 1842478 0.13
59 33 3 32907 186896 0.13
60 34 3 32908 31212 0.13
61 35 3 32909 1681558 0.13
62 36 3 32910 105253 0.13
63 37 3 32911 27825 0.13
0 39 3 32912 158707 0.13
1 40 3 32913 1365707 0.13
2 41 3 32914 3023467 0.13
3 42 3 32915 221942 0.13
4 43 3 32916 56905 0.13
5 44 3 32917 501062 0.13
6 45 3 32918 915763 0.13
7 46 3 32919 41857 0.13
8 47 3 32920 10645 0.13
9 48 3 32921 261895 0.13
10 49 3 32922 102666 0.13
11 50 3 32923 2073 0.13
12 51 3 32924 3667 0.13
13 52 3 32925 2479 0.13
14 53 3 32926 36311 0.13
15 54 3 32927 63776 0.13
16 55 3 32928 23352 0.13
17 56 3 32929 1561460 0.13
18 57 3 32930 44250 0.13
19 58 3 32931 4810396 0.13
20 59 3 32932 4809 0.13
21 60 3 32933 33669 0.13
22 61 3 32934 60190 0.13
23 62 3 32935 5526 0.13
24 63 3 32936 22267 0.13
25 0 3 32937 711057 0.13
26 1 3 32938 3837 0.13
27 2 3 32939 178992 0.13
28 3 3 32940 117434 0.13
29 4 3 32941 9201 0.13
30 5 3 32942 21995 0.13
31 6 3 32943 2106 0.13
32 7 3 32944 28035 0.13
33 8 3 32945 68210 0.13
34 9 3 32946 49693 0.13
35 10 3 32947 310244 0.13
36 11 3 32948 521181 0.13
37 12 3 32949 3466385 0.13
38 13 3 32950 29576 0.13
39 14 3 32951 30258 0.13
40 15 3 32952 1738720 0.13
41 16 3 32953 72822 0.13
42 17 3 32954 5671281 0.13
43 18 3 32955 34621 0.13
44 19 3 32956 4293182 0.13
45 20 3 32957 2045 0.13
46 21 3 32958 28198 0.13
47 22 3 32959 16837 0.13
48 23 3 32960 1439466 0.13
49 24 3 32961 5068152 0.13
50 25 3 32962 14821 0.13
51 26 3 32963 30296 0.13
52 27 3 32964 2023 0.13
53 28 3 32965 2258 0.13
54 29 3 32966 4601 0.13
55 30 3 32967 1094380 0.13
56 31 3 32968 31562 0.13
57 32 3 32969 1201462 0.13
58 33 3 32970 38401 0.13
59 34 3 32971 8021202 0.13
60 35 3 32972 49664 0.13
61 36 3 32973 6640 0.13
62 37 3 32974 87846 0.13
63 38 3 32975 33065 0.13
0 40 3 32976 28178 0.13
1 41 3 32977 9049141 0.13
2 42 3 32978 7011896 0.13
3 43 3 32979 46834 0.13
4 44 3 32980 3022890 0.13
5 45 3 32981 136742 0.13
6 46 3 32982 45764 0.13
7 47 3 32983 12430 0.13
8 48 3 32984 12908 0.13
9 49 3 32985 62041 0.13
10 50 3 32986 23916 0.13
11 51 3 32987 1628888 0.13
12 52 3 32988 22162 0.13
13 53 3 32989 9551 0.13
14 54 3 32990 1948282 0.13
15 55 3 32991 805252 0.13
16 56 3 32992 29111 0.13
17 57 3 32993 16256 0.13
18 58 3 32994 22224 0.13
19 59 3 32995 4779 0.13
20 60 3 32996 520287 0.13
21 61 3 32997 6544470 0.13
22 62 3 32998 9143 0.13
23 63 3 32999 47374 0.13
24 0 3 33000 2447 0.13
25 1 3 33001 2103 0.13
26 2 3 33002 2844179 0.13
27 3 3 33003 240806 0.13
28 4 3 33004 48461 0.13
29 5 3 33005 5344360 0.13
30 6 3 33006 921268 0.13
31 7 3 33007 200753 0.13
32 8 3 33008 59835 0.13
33 9 3 33009 5944 0.13
34 10 3 33010 29549 0.13
35 11 3 33011 11394 0.13
36 12 3 33012 9106 0.13
37 13 3 33013 8481 0.13
38 14 3 33014 30407 0.13
39 15 3 33015 51677 0.13
40 16 3 33016 99841 0.13
41 17 3 33017 1690986 0.13
42 18 3 33018 5369466 0.13
43 19 3 33019 41836 0.13
44 20 3 33020 24073 0.13
45 21 3 33021 15218 0.13
46 22 3 33022 51412 0.13
47 23 3 33023 232988 0.13
48 24 3 33024 67270 0.13
49 25 3 33025 23678504 0.13
50 26 3 33026 2024 0.13
51 27 3 33027 22129 0.13
52 28 3 33028 8096 0.13
53 29 3 33029 40990 0.13
54 30 3 33030 2273 0.13
55 31 3 33031 21544 0.13
56 32 3 33032 3170045 0.13
57 33 3 33033 176633 0.13
58 34 3 33034 73102 0.13
59 35 3 33035 30414 0.13
60 36 3 33036 1802350 0.13
61 37 3 33037 2639708 0.13
62 38 3 33038 2037 0.13
63 39 3 33039 10244 0.13
0 41 3 33040 54150 0.13
1 42 3 33041 771395 0.13
2 43 3 33042 2483 0.13
3 44 3 33043 159635 0.13
4 45 3 33044 543895 0.13
5 46 3 33045 21164 0.13
6 47 3 33046 351961 0.13
7 48 3 33047 70632 0.13
8 49 3 33048 70126 0.13
9 50 3 33049 229622 0.13
10 51 3 33050 2010 0.13
11 52 3 33051 569021 0.13
12 53 3 33052 16761 0.13
13 54 3 33053 168743 0.13
14 55 3 33054 38318 0.13
15 56 3 33055 5961 0.13
16 57 3 33056 9697 0.13
17 58 3 33057 3250590 0.13
18 59 3 33058 45314 0.13
19 60 3 33059 1179416 0.13
20 61 3 33060 28077 0.13
21 62 3 33061 71283 0.13
22 63 3 33062 76336 0.13
23 0 3 33063 43693 0.13
24 1 3 33064 9987675 0.13
25 2 3 33065 31820 0.13
26 3 3 33066 1270941 0.13
27 4 3 33067 164629 0.13
28 5 3 33068 373192 0.13
29 6 3 33069 4955544 0.13
30 7 3 33070 22690 0.13
31 8 3 33071 28565 0.13
32 9 3 33072 1796360 0.13
33 10 3 33073 1269563 0.13
34 11 3 33074 14944016 0.13
35 12 3 33075 8937 0.13
36 13 3 33076 23433 0.13
37 14 3 33077 9455225 0.13
38 15 3 33078 607116 0.13
39 16 3 33079 65859 0.13
40 17 3 33080 6146358 0.13
41 18 3 33081 87670 0.13
42 19 3 33082 4282 0.13
43 20 3 33083 36299 0.13
44 21 3 33084 28962 0.13
45 22 3 33085 1339168 0.13
46 23 3 33086 3136003 0.13
47 24 3 33087 60139 0.13
48 25 3 33088 1823713 0.13
49 26 3 33089 7461 0.13
50 27 3 33090 29570 0.13
51 28 3 33091 1569369 0.13
52 29 3 33092 19162 0.13
53 30 3 33093 314230 0.13
54 31 3 33094 5888424 0.13
55 32 3 33095 6428335 0.13
56 33 3 33096 760640 0.13
57 34 3 33097 12689959 0.13
58 35 3 33098 56440 0.13
59 36 3 33099 54781 0.13
60 37 3 33100 56464 0.13
61 38 3 33101 3088 0.13
62 39 3 33102 15359 0.13
63 40 3 33103 66368 0.13
0 42 3 33104 4889922 0.13
1 43 3 33105 54174 0.13
2 44 3 33106 8001 0.13
3 45 3 33107 1837535 0.13
4 46 3 33108 12024 0.13
5 47 3 33109 5057 0.13
6 48 3 33110 1002932 0.13
7 49 3 33111 34230 0.13
8 50 3 33112 109897 0.13
9 51 3 33113 51564 0.13
10 52 3 33114 4192 0.13
11 53 3 33115 1213612 0.13
12 54 3 33116 3191 0.13
13 55 3 33117 8563 0.13
14 56 3 33118 3847 0.13
15 57 3 33119 7110 0.13
16 58 3 33120 68106 0.13
17 59 3 33121 109304 0.13
18 60 3 33122 6954350 0.13
19 61 3 33123 2153 0.13
20 62 3 33124 433596 0.13
21 63 3 33125 67959 0.13
22 0 3 33126 56364 0.13
23 1 3 33127 37059 0.13
24 2 3 33128 8838 0.13
25 3 3 33129 19684 0.13
26 4 3 33130 69914 0.13
27 5 3 33131 95687 0.13
28 6 3 33132 175612 0.13
29 7 3 33133 4012 0.13
30 8 3 33134 9044 0.13
31 9 3 33135 2562063 0.13
32 10 3 33136 76957 0.13
33 11 3 33137 28448 0.13
34 12 3 33138 75991 0.13
35 13 3 33139 53250 0.13
36 14 3 33140 5829631 0.13
37 15 3 33141 4865 0.13
38 16 3 33142 28606 0.13
39 17 3 33143 10444 0.13
40 18 3 33144 32313 0.13
41 19 3 33145 2120 0.13
42 20 3 33146 2218 0.13
43 21 3 33147 1464576 0.13
44 22 3 33148 62359 0.13
45 23 3 33149 37330 0.13
46 24 3 33150 5595039 0.13
47 25 3 33151 148224 0.13
48 26 3 33152 93498 0.13
49 27 3 33153 5561704 0.13
50 28 3 33154 9880 0.13
51 29 3 33155 24328 0.13
52 30 3 33156 978331 0.13
53 31 3 33157 20717 0.13
54 32 3 33158 25965 0.13
55 33 3 33159 38915 0.13
56 34 3 33160 669644 0.13
57 35 3 33161 73585 0.13
58 36 3 33162 46019 0.13
59 37 3 33163 300846 0.13
60 38 3 33164 8144 0.13
61 39 3 33165 68172 0.13
62 40 3 33166 9602982 0.13
63 41 3 33167 1136056 0.13
0 43 3 33168 6262 0.13
1 44 3 33169 672887 0.13
2 45 3 33170 20170 0.13
3 46 3 33171 864090 0.13
4 47 3 33172 52938 0.13
5 48 3 33173 148785 0.13
6 49 3 33174 4471539 0.13
7 50 3 33175 38165 0.13
8 51 3 33176 21030 0.13
9 52 3 33177 78567 0.13
10 53 3 33178 2383 0.13
11 54 3 33179 5885 0.13
12 55 3 33180 27479 0.13
13 56 3 33181 4123945 0.13
14 57 3 33182 2435753 0.13
15 58 3 33183 2114853 0.13
16 59 3 33184 12733 0.13
17 60 3 33185 56454 0.13
18 61 3 33186 29283 0.13
19 62 3 33187 57172 0.13
20 63 3 33188 3973959 0.13
21 0 3 33189 4304730 0.13
22 1 3 33190 4145136 0.13
23 2 3 33191 43760 0.13
24 3 3 33192 2164464 0.13
25 4 3 33193 70273 0.13
26 5 3 33194 25615468 0.13
27 6 3 33195 33184 0.13
28 7 3 33196 39085 0.13
29 8 3 33197 9445435 0.13
30 9 3 33198 5684799 0.13
31 10 3 33199 70540 0.13
32 11 3 33200 3032682 0.13
33 12 3 33201 781129 0.13
34 13 3 33202 32803 0.13
35 14 3 33203 1513709 0.13
36 15 3 33204 308760 0.13
37 16 3 33205 14951885 0.13
38 17 3 33206 26017 0.13
39 18 3 33207 59527 0.13
40 19 3 33208 29350 0.13
41 20 3 33209 55967 0.13
42 21 3 33210 12937 0.13
43 22 3 33211 2424377 0.13
44 23 3 33212 161867 0.13
45 24 3 33213 1081577 0.13
46 25 3 33214 2913829 0.13
47 26 3 33215 2122 0.13
48 27 3 33216 51568 0.13
49 28 3 33217 9047 0.13
50 29 3 33218 2029 0.13
51 30 3 33219 53063 0.13
52 31 3 33220 8369 0.13
53 32 3 33221 144255 0.13
54 33 3 33222 35398 0.13
55 34 3 33223 86568 0.13
56 35 3 33224 36760 0.13
57 36 3 33225 6788 0.13
58 37 3 33226 2552702 0.13
59 38 3 33227 2796 0.13
60 39 3 33228 55008 0.13
61 40 3 33229 8109 0.13
62 41 3 33230 60917 0.13
63 42 3 33231 54128 0.13
0 44 3 33232 71274 0.13
1 45 3 33233 195332 0.13
2 46 3 33234 23141 0.13
3 47 3 33235 33915 0.13
4 48 3 33236 2123 0.13
5 49 3 33237 59426 0.13
6 50 3 33238 1776261 0.13
7 51 3 33239 25740 0.13
8 52 3 33240 4320071 0.13
9 53 3 33241 3994182 0.13
10 54 3 33242 4106 0.13
11 55 3 33243 158048 0.13
12 56 3 33244 30232 0.13
13 57 3 33245 4060295 0.13
14 58 3 33246 653945 0.13
15 59 3 33247 5073881 0.13
16 60 3 33248 17209 0.13
17 61 3 33249 1874220 0.13
18 62 3 33250 29270 0.13
19 63 3 33251 71560 0.13
20 0 3 33252 114463 0.13
21 1 3 33253 3710922 0.13
22 2 3 33254 7494152 0.13
23 3 3 33255 993878 0.13
24 4 3 33256 1299221 0.13
25 5 3 33257 2031 0.13
26 6 3 33258 5764844 0.13
27 7 3 33259 11643828 0.13
28 8 3 33260 1230395 0.13
29 9 3 33261 64686 0.13
30 10 3 33262 4316618 0.13
31 11 3 33263 44716 0.13
32 12 3 33264 3920568 0.13
33 13 3 33265 29130 0.13
34 14 3 33266 643514 0.13
35 15 3 33267 63605 0.13
36 16 3 33268 20361 0.13
37 17 3 33269 597840 0.13
38 18 3 33270 79930 0.13
39 19 3 33271 5552 0.13
40 20 3 33272 62180 0.13
41 21 3 33273 845074 0.13
42 22 3 33274 8345301 0.13
43 23 3 33275 20029468 0.13
44 24 3 33276 9521 0.13
45 25 3 33277 24301 0.13
46 26 3 33278 60317 0.13
47 27 3 33279 1311365 0.13
48 28 3 33280 11212 0.13
49 29 3 33281 2927 0.13
50 30 3 33282 144090 0.13
51 31 3 33283 1031601 0.13
52 32 3 33284 33331 0.13
53 33 3 33285 1177677 0.13
54 34 3 33286 48941 0.13
55 35 3 33287 50046 0.13
56 36 3 33288 1298438 0.13
57 37 3 33289 2058 0.13
58 38 3 33290 19426 0.13
59 39 3 33291 441121 0.13
60 40 3 33292 767218 0.13
61 41 3 33293 3461070 0.13
62 42 3 33294 1838233 0.13
63 43 3 33295 2240357 0.13
0 45 3 33296 56078 0.13
1 46 3 33297 2021 0.13
2 47 3 33298 3715 0.13
3 48 3 33299 9065 0.13
4 49 3 33300 1937753 0.13
5 50 3 33301 10309 0.13
6 51 3 33302 2651181 0.13
7 52 3 33303 3230346 0.13
8 53 3 33304 4740239 0.13
9 54 3 33305 1200414 0.13
10 55 3 33306 77229 0.13
11 56 3 33307 73856 0.13
12 57 3 33308 26842 0.13
13 58 3 33309 47539 0.13
14 59 3 33310 25312 0.13
15 60 3 33311 9620690 0.13
16 61 3 33312 102520 0.13
17 62 3 33313 20459 0.13
18 63 3 33314 1527380 0.13
19 0 3 33315 55275 0.13
20 1 3 33316 61852 0.13
21 2 3 33317 159298 0.13
22 3 3 33318 2139 0.13
23 4 3 33319 1899835 0.13
24 5 3 33320 13277 0.13
25 6 3 33321 14875538 0.13
26 7 3 33322 97584 0.13
27 8 3 33323 51262 0.13
28 9 3 33324 1237816 0.13
29 10 3 33325 505099 0.13
30 11 3 33326 978494 0.13
31 12 3 33327 46238 0.13
32 13 3 33328 3554639 0.13
33 14 3 33329 520919 0.13
34 15 3 33330 25319 0.13
35 16 3 33331 6239607 0.13
36 17 3 33332 4719576 0.13
37 18 3 33333 4301242 0.13
38 19 3 33334 198961 0.13
39 20 3 33335 2153 0.13
40 21 3 33336 20247782 0.13
41 22 3 33337 6230491 0.13
42 23 3 33338 27993 0.13
43 24 3 33339 1151922 0.13
44 25 3 33340 2639 0.13
45 26 3 33341 4012608 0.13
46 27 3 33342 9645 0.13
47 28 3 33343 373053 0.13
48 29 3 33344 1635977 0.13
49 30 3 33345 5550 0.13
50 31 3 33346 138157 0.13
51 32 3 33347 21514 0.13
52 33 3 33348 2498 0.13
53 34 3 33349 624671 0.13
54 35 3 33350 4699968 0.13
55 36 3 33351 2004 0.13
56 37 3 33352 6662 0.13
57 38 3 33353 36360 0.13
58 39 3 33354 48300 0.13
59 40 3 33355 67352 0.13
60 41 3 33356 1870831 0.13
61 42 3 33357 81022 0.13
62 43 3 33358 927384 0.13
63 44 3 33359 1084816 0.13
0 46 3 33360 3201 0.13
1 47 3 33361 4333251 0.13
2 48 3 33362 21673 0.13
3 49 3 33363 78597 0.13
4 50 3 33364 75285 0.13
5 51 3 33365 511378 0.13
6 52 3 33366 1282531 0.13
7 53 3 33367 2309 0.13
8 54 3 33368 25528 0.13
9 55 3 33369 3769 0.13
10 56 3 33370 28184 0.13
11 57 3 33371 27193 0.13
12 58 3 33372 3471 0.13
13 59 3 33373 51307 0.13
14 60 3 33374 4808744 0.13
15 61 3 33375 37986 0.13
16 62 3 33376 896828 0.13
17 63 3 33377 3009135 0.13
18 0 3 33378 18186 0.13
19 1 3 33379 474443 0.13
20 2 3 33380 6242 0.13
21 3 3 33381 76550 0.13
22 4 3 33382 21724 0.13
23 5 3 33383 32058 0.13
24 6 3 33384 33943 0.13
25 7 3 33385 74389 0.13
26 8 3 33386 19416 0.13
27 9 3 33387 395723 0.13
28 10 3 33388 2060 0.13
29 11 3 33389 6583885 0.13
30 12 3 33390 76842 0.13
31 13 3 33391 33552 0.13
32 14 3 33392 28183 0.13
33 15 3 33393 6799 0.13
34 16 3 33394 3223848 0.13
35 17 3 33395 61723 0.13
36 18 3 33396 26226 0.13
37 19 3 33397 5384 0.13
38 20 3 33398 6938671 0.13
39 21 3 33399 2329 0.13
40 22 3 33400 4657317 0.13
41 23 3 33401 1903098 0.13
42 24 3 33402 656463 0.13
43 25 3 33403 51107 0.13
44 26 3 33404 250474 0.13
45 27 3 33405 951318 0.13
46 28 3 33406 566704 0.13
47 29 3 33407 20420 0.13
48 30 3 33408 1017267 0.13
49 31 3 33409 58291 0.13
50 32 3 33410 6536 0.13
51 33 3 33411 76759 0.13
52 34 3 33412 47852 0.13
53 35 3 33413 17301746 0.13
54 36 3 33414 77082 0.13
55 37 3 33415 55168 0.13
56 38 3 33416 4963 0.13
57 39 3 33417 150776 0.13
58 40 3 33418 2798052 0.13
59 41 3 33419 47076 0.13
60 42 3 33420 41249 0.13
61 43 3 33421 1358431 0.13
62 44 3 33422 77996 0.13
63 45 3 33423 711964 0.13
0 47 3 33424 11966 0.13
1 48 3 33425 3597 0.13
2 49 3 33426 4093553 0.13
3 50 3 33427 1194171 0.13
4 51 3 33428 3945125 0.13
5 52 3 33429 36567 0.13
6 53 3 33430 16027183 0.13
7 54 3 33431 20737 0.13
8 55 3 33432 17918 0.13
9 56 3 33433 41307 0.13
10 57 3 33434 95631 0.13
11 58 3 33435 179535 0.13
12 59 3 33436 55072 0.13
13 60 3 33437 59168 0.13
14 61 3 33438 9996 0.13
15 62 3 33439 43923 0.13
16 63 3 33440 42949 0.13
17 0 3 33441 23941 0.13
18 1 3 33442 24746 0.13
19 2 3 33443 649068 0.13
20 3 3 33444 1704637 0.13
21 4 3 33445 75195 0.13
22 5 3 33446 28228 0.13
23 6 3 33447 47579 0.13
24 7 3 33448 675665 0.13
25 8 3 33449 5598 0.13
26 9 3 33450 5387252 0.13
27 10 3 33451 1003990 0.13
28 11 3 33452 37030 0.13
29 12 3 33453 2410 0.13
30 13 3 33454 850555 0.13
31 14 3 33455 96158 0.13
32 15 3 33456 26768 0.13
33 16 3 33457 55843 0.13
34 17 3 33458 110948 0.13
35 18 3 33459 238018 0.13
36 19 3 33460 20801 0.13
37 20 3 33461 2443617 0.13
38 21 3 33462 1763678 0.13
39 22 3 33463 2032 0.13
40 23 3 33464 1886931 0.13
41 24 3 33465 38194 0.13
42 25 3 33466 11518 0.13
43 26 3 33467 2771954 0.13
44 27 3 33468 15753 0.13
45 28 3 33469 1539497 0.13
46 29 3 33470 56922 0.13
47 30 3 33471 131729 0.13
48 31 3 33472 578791 0.13
49 32 3 33473 25504 0.13
50 33 3 33474 3874 0.13
51 34 3 33475 44195 0.13
52 35 3 33476 1386523 0.13
53 36 3 33477 3286 0.13
54 37 3 33478 33987 0.13
55 38 3 33479 4243634 0.13
56 39 3 33480 44123 0.13
57 40 3 33481 29982 0.13
58 41 3 33482 6519 0.13
59 42 3 33483 23855 0.13
60 43 3 33484 2113754 0.13
61 44 3 33485 65488 0.13
62 45 3 33486 18088 0.13
63 46 3 33487 6090442 0.13
0 48 3 33488 88864 0.13
1 49 3 33489 138804 0.13
2 50 3 33490 66592 0.13
3 51 3 33491 4580032 0.13
4 52 3 33492 3271103 0.13
5 53 3 33493 511268 0.13
6 54 3 33494 1655257 0.13
7 55 3 33495 22376 0.13
8 56 3 33496 3950875 0.13
9 57 3 33497 3338333 0.13
10 58 3 33498 8580789 0.13
11 59 3 33499 1933581 0.13
12 60 3 33500 65956 0.13
13 61 3 33501 6418132 0.13
14 62 3 33502 8580459 0.13
15 63 3 33503 7276 0.13
16 0 3 33504 4364591 0.13
17 1 3 33505 73368 0.13
18 2 3 33506 9216 0.13
19 3 3 33507 8261 0.13
20 4 3 33508 1324877 0.13
21 5 3 33509 619785 0.13
22 6 3 33510 6538693 0.13
23 7 3 33511 19683 0.13
24 8 3 33512 1802327 0.13
25 9 3 33513 3303 0.13
26 10 3 33514 59827 0.13
27 11 3 33515 4806 0.13
28 12 3 33516 4122 0.13
29 13 3 33517 2818409 0.13
30 14 3 33518 1163279 0.13
31 15 3 33519 27865 0.13
32 16 3 33520 18692 0.13
33 17 3 33521 801085 0.13
34 18 3 33522 70506 0.13
35 19 3 33523 4653439 0.13
36 20 3 33524 9593712 0.13
37 21 3 33525 39759 0.13
38 22 3 33526 669174 0.13
39 23 3 33527 3462988 0.13
40 24 3 33528 933916 0.13
41 25 3 33529 60854 0.13
42 26 3 33530 66073 0.13
43 27 3 33531 1573912 0.13
44 28 3 33532 3026559 0.13
45 29 3 33533 1837032 0.13
46 30 3 33534 5235075 0.13
47 31 3 33535 7476826 0.13
48 32 3 33536 822845 0.13
49 33 3 33537 170110 0.13
50 34 3 33538 67246 0.13
51 35 3 33539 45239 0.13
52 36 3 33540 1097766 0.13
53 37 3 33541 57962 0.13
54 38 3 33542 1718807 0.13
55 39 3 33543 50608 0.13
56 40 3 33544 62752 0.13
57 41 3 33545 29599 0.13
58 42 3 33546 258045 0.13
59 43 3 33547 1234294 0.13
60 44 3 33548 45525 0.13
61 45 3 33549 3640832 0.13
62 46 3 33550 18954 0.13
63 47 3 33551 1789786 0.13
0 49 3 33552 2080 0.13
1 50 3 33553 319946 0.13
2 51 3 33554 43329 0.13
3 52 3 33555 12295 0.13
4 53 3 33556 2723601 0.13
5 54 3 33557 28154 0.13
6 55 3 33558 9072 0.13
7 56 3 33559 795713 0.13
8 57 3 33560 857206 0.13
9 58 3 33561 42905 0.13
10 59 3 33562 1803313 0.13
11 60 3 33563 393143 0.13
12 61 3 33564 9084855 0.13
13 62 3 33565 16459 0.13
14 63 3 33566 3133657 0.13
15 0 3 33567 164780 0.13
16 1 3 33568 1602390 0.13
17 2 3 33569 24387 0.13
18 3 3 33570 390135 0.13
19 4 3 33571 2066 0.13
20 5 3 33572 2116 0.13
21 6 3 33573 946235 0.13
22 7 3 33574 68055 0.13
23 8 3 33575 24324 0.13
24 9 3 33576 2504 0.13
25 10 3 33577 7121 0.13
26 11 3 33578 71425 0.13
27 12 3 33579 524318 0.13
28 13 3 33580 7143 0.13
29 14 3 33581 5562349 0.13
30 15 3 33582 35750 0.13
31 16 3 33583 1452216 0.13
32 17 3 33584 5732 0.13
33 18 3 33585 3846 0.13
34 19 3 33586 1088391 0.13
35 20 3 33587 5680746 0.13
36 21 3 33588 54398 0.13
37 22 3 33589 2243 0.13
38 23 3 33590 2269 0.13
39 24 3 33591 50305 0.13
40 25 3 33592 132328 0.13
41 26 3 33593 1177678 0.13
42 27 3 33594 755397 0.13
43 28 3 33595 3340864 0.13
44 29 3 33596 5695361 0.13
45 30 3 33597 196354 0.13
46 31 3 33598 3905511 0.13
47 32 3 33599 6322417 0.13
48 33 3 33600 20330 0.13
49 34 3 33601 33728 0.13
50 35 3 33602 74830 0.13
51 36 3 33603 1137300 0.13
52 37 3 33604 41631 0.13
53 38 3 33605 4832926 0.13
54 39 3 33606 200984 0.13
55 40 3 33607 6623 0.13
56 41 3 33608 149351 0.13
57 42 3 33609 66613 0.13
58 43 3 33610 5390 0.13
59 44 3 33611 25214 0.13
60 45 3 33612 24246 0.13
61 46 3 33613 4887395 0.13
62 47 3 33614 74313 0.13
63 48 3 33615 53038 0.13
0 50 3 33616 468562 0.13
1 51 3 33617 3591913 0.13
2 52 3 33618 830229 0.13
3 53 3 33619 24006 0.13
4 54 3 33620 11153 0.13
5 55 3 33621 4297891 0.13
6 56 3 33622 5413 0.13
7 57 3 33623 26609697 0.13
8 58 3 33624 71889 0.13
9 59 3 33625 9096 0.13
10 60 3 33626 659197 0.13
11 61 3 33627 55372 0.13
12 62 3 33628 9700 0.13
13 63 3 33629 77334 0.13
14 0 3 33630 32075 0.13
15 1 3 33631 94958 0.13
16 2 3 33632 26386 0.13
17 3 3 33633 4669145 0.13
18 4 3 33634 5117265 0.13
19 5 3 33635 22334185 0.13
20 6 3 33636 72629 0.13
21 7 3 33637 8282 0.13
22 8 3 33638 2013 0.13
23 9 3 33639 2325320 0.13
24 10 3 33640 913648 0.13
25 11 3 33641 1346374 0.13
26 12 3 33642 662631 0.13
27 13 3 33643 2110 0.13
28 14 3 33644 48224 0.13
29 15 3 33645 2495 0.13
30 16 3 33646 30838 0.13
31 17 3 33647 1462829 0.13
32 18 3 33648 1899107 0.13
33 19 3 33649 33925 0.13
34 20 3 33650 181534 0.13
35 21 3 33651 130534 0.13
36 22 3 33652 37584 0.13
37 23 3 33653 20847 0.13
38 24 3 33654 9459 0.13
39 25 3 33655 4322349 0.13
40 26 3 33656 50148 0.13
41 27 3 33657 613619 0.13
42 28 3 33658 1296331 0.13
43 29 3 33659 4373247 0.13
44 30 3 33660 968591 0.13
45 31 3 33661 19629 0.13
46 32 3 33662 23447 0.13
47 33 3 33663 4958013 0.13
48 34 3 33664 3350472 0.13
49 35 3 33665 5684017 0.13
50 36 3 33666 46277 0.13
51 37 3 33667 1127683 0.13
52 38 3 33668 2978179 0.13
53 39 3 33669 20077 0.13
54 40 3 33670 2064 0.13
55 41 3 33671 5505321 0.13
56 42 3 33672 2980 0.13
57 43 3 33673 2336 0.13
58 44 3 33674 2669 0.13
59 45 3 33675 2622661 0.13
60 46 3 33676 180533 0.13
61 47 3 33677 3617 0.13
62 48 3 33678 60007 0.13
63 49 3 33679 7116 0.13
0 51 3 33680 2017 0.13
1 52 3 33681 7893743 0.13
2 53 3 33682 3608237 0.13
3 54 3 33683 82904 0.13
4 55 3 33684 2431 0.13
5 56 3 33685 79244 0.13
6 57 3 33686 18264813 0.13
7 58 3 33687 23064 0.13
8 59 3 33688 992162 0.13
9 60 3 33689 27867 0.13
10 61 3 33690 37020 0.13
11 62 3 33691 4423434 0.13
12 63 3 33692 201093 0.13
13 0 3 33693 15942 0.13
14 1 3 33694 863542 0.13
15 2 3 33695 373100 0.13
16 3 3 33696 23011 0.13
17 4 3 33697 6675887 0.13
18 5 3 33698 1062771 0.13
19 6 3 33699 466857 0.13
20 7 3 33700 53959 0.13
21 8 3 33701 5196 0.13
22 9 3 33702 1703144 0.13
23 10 3 33703 48781 0.13
24 11 3 33704 86496 0.13
25 12 3 33705 541577 0.13
26 13 3 33706 75810 0.13
27 14 3 33707 2323234 0.13
28 15 3 33708 9226 0.13
29 16 3 33709 8968 0.13
30 17 3 33710 481515 0.13
31 18 3 33711 77672 0.13
32 19 3 33712 39758 0.13
33 20 3 33713 19428052 0.13
34 21 3 33714 1610322 0.13
35 22 3 33715 30619 0.13
36 23 3 33716 63583 0.13
37 24 3 33717 979260 0.13
38 25 3 33718 25643 0.13
39 26 3 33719 63384 0.13
40 27 3 33720 2018 0.13
41 28 3 33721 39496 0.13
42 29 3 33722 1178077 0.13
43 30 3 33723 4155 0.13
44 31 3 33724 2846262 0.13
45 32 3 33725 28576919 0.13
46 33 3 33726 2317 0.13
47 34 3 33727 39770 0.13
48 35 3 33728 111680 0.13
49 36 3 33729 21209 0.13
50 37 3 33730 1797549 0.13
51 38 3 33731 24450 0.13
52 39 3 33732 3860538 0.13
53 40 3 33733 57534 0.13
54 41 3 33734 7133470 0.13
55 42 3 33735 237282 0.13
56 43 3 33736 349870 0.13
57 44 3 33737 29021 0.13
58 45 3 33738 9160 0.13
59 46 3 33739 127484 0.13
60 47 3 33740 21623620 0.13
61 48 3 33741 1469960 0.13
62 49 3 33742 9194 0.13
63 50 3 33743 55120 0.13
0 52 3 33744 23278 0.13
1 53 3 33745 29132133 0.13
2 54 3 33746 1334465 0.13
3 55 3 33747 41195 0.13
4 56 3 33748 2217 0.13
5 57 3 33749 1284732 0.13
6 58 3 33750 51277 0.13
7 59 3 33751 69805 0.13
8 60 3 33752 68216 0.13
9 61 3 33753 4003218 0.13
10 62 3 33754 75173 0.13
11 63 3 33755 68165 0.13
12 0 3 33756 4091990 0.13
13 1 3 33757 8021 0.13
14 2 3 33758 81320 0.13
15 3 3 33759 2314741 0.13
16 4 3 33760 21674 0.13
17 5 3 33761 6916924 0.13
18 6 3 33762 57486 0.13
19 7 3 33763 79068 0.13
20 8 3 33764 718410 0.13
21 9 3 33765 41507 0.13
22 10 3 33766 5144 0.13
23 11 3 33767 637922 0.13
24 12 3 33768 4372934 0.13
25 13 3 33769 1823168 0.13
26 14 3 33770 12293 0.13
27 15 3 33771 6737030 0.13
28 16 3 33772 14379 0.13
29 17 3 33773 11783 0.13
30 18 3 33774 55795 0.13
31 19 3 33775 58072 0.13
32 20 3 33776 76474 0.13
33 21 3 33777 929038 0.13
34 22 3 33778 2055 0.13
35 23 3 33779 993895 0.13
36 24 3 33780 18943 0.13
37 25 3 33781 548650 0.13
38 26 3 33782 4993 0.13
39 27 3 33783 49034 0.13
40 28 3 33784 2510685 0.13
41 29 3 33785 13801 0.13
42 30 3 33786 114794 0.13
43 31 3 33787 526590 0.13
44 32 3 33788 807826 0.13
45 33 3 33789 1141256 0.13
46 34 3 33790 9818282 0.13
47 35 3 33791 2003 0.13
48 36 3 33792 29143 0.13
49 37 3 33793 172112 0.13
50 38 3 33794 2252704 0.13
51 39 3 33795 141029 0.13
52 40 3 33796 6493 0.13
53 41 3 33797 34691 0.13
54 42 3 33798 379895 0.13
55 43 3 33799 68524 0.13
56 44 3 33800 10458 0.13
57 45 3 33801 34543 0.13
58 46 3 33802 226092 0.13
59 47 3 33803 72155 0.13
60 48 3 33804 29638 0.13
61 49 3 33805 112647 0.13
62 50 3 33806 17592 0.13
63 51 3 33807 126360 0.13
0 53 3 33808 9256571 0.13
1 54 3 33809 83773 0.13
2 55 3 33810 33417 0.13
3 56 3 33811 6734119 0.13
4 57 3 33812 6318286 0.13
5 58 3 33813 7942170 0.13
6 59 3 33814 29090 0.13
7 60 3 33815 1732066 0.13
8 61 3 33816 6748 0.13
9 62 3 33817 8373180 0.13
10 63 3 33818 47506 0.13
11 0 3 33819 69118 0.13
12 1 3 33820 170364 0.13
13 2 3 33821 151412 0.13
14 3 3 33822 8814098 0.13
15 4 3 33823 9126 0.13
16 5 3 33824 9090438 0.13
17 6 3 33825 3889166 0.13
18 7 3 33826 4022076 0.13
19 8 3 33827 40183 0.13
20 9 3 33828 5496 0.13
21 10 3 33829 84931 0.13
22 11 3 33830 4619 0.13
23 12 3 33831 7132 0.13
24 13 3 33832 14663741 0.13
25 14 3 33833 78980 0.13
26 15 3 33834 2358 0.13
27 16 3 33835 4191123 0.13
28 17 3 33836 42212 0.13
29 18 3 33837 2414 0.13
30 19 3 33838 1183993 0.13
31 20 3 33839 16727 0.13
32 21 3 33840 26976 0.13
33 22 3 33841 1040060 0.13
34 23 3 33842 16189 0.13
35 24 3 33843 8421010 0.13
36 25 3 33844 133448 0.13
37 26 3 33845 4669808 0.13
38 27 3 33846 39916 0.13
39 28 3 33847 64551 0.13
40 29 3 33848 2497 0.13
41 30 3 33849 23291 0.13
42 31 3 33850 2083 0.13
43 32 3 33851 9303 0.13
44 33 3 33852 19235 0.13
45 34 3 33853 7879 0.13
46 35 3 33854 1310864 0.13
47 36 3 33855 9994 0.13
48 37 3 33856 468960 0.13
49 38 3 33857 3466 0.13
50 39 3 33858 74732 0.13
51 40 3 33859 3068394 0.13
52 41 3 33860 2315 0.13
53 42 3 33861 27523 0.13
54 43 3 33862 151349 0.13
55 44 3 33863 9931369 0.13
56 45 3 33864 50346 0.13
57 46 3 33865 545023 0.13
58 47 3 33866 38925 0.13
59 48 3 33867 26975725 0.13
60 49 3 33868 12410 0.13
61 50 3 33869 3529462 0.13
62 51 3 33870 51863 0.13
63 52 3 33871 21082 0.13
0 54 3 33872 7525 0.13
1 55 3 33873 132788 0.13
2 56 3 33874 46888 0.13
3 57 3 33875 4593065 0.13
4 58 3 33876 2068 0.13
5 59 3 33877 8730399 0.13
6 60 3 33878 511509 0.13
7 61 3 33879 2099 0.13
8 62 3 33880 8888 0.13
9 63 3 33881 26167 0.13
10 0 3 33882 14552 0.13
11 1 3 33883 46978 0.13
12 2 3 33884 1105856 0.13
13 3 3 33885 9111 0.13
14 4 3 33886 1017490 0.13
15 5 3 33887 155801 0.13
16 6 3 33888 42696 0.13
17 7 3 33889 66055 0.13
18 8 3 33890 1926050 0.13
19 9 3 33891 480450 0.13
20 10 3 33892 26094882 0.13
21 11 3 33893 978289 0.13
22 12 3 33894 35326 0.13
23 13 3 33895 4523887 0.13
24 14 3 33896 923036 0.13
25 15 3 33897 2202788 0.13
26 16 3 33898 1626401 0.13
27 17 3 33899 31015 0.13
28 18 3 33900 8288362 0.13
29 19 3 33901 9359363 0.13
30 20 3 33902 43495 0.13
31 21 3 33903 51847 0.13
32 22 3 33904 1769727 0.13
33 23 3 33905 72162 0.13
34 24 3 33906 2495 0.13
35 25 3 33907 46085 0.13
36 26 3 33908 5229865 0.13
37 27 3 33909 1889858 0.13
38 28 3 33910 42377 0.13
39 29 3 33911 30785 0.13
40 30 3 33912 7838877 0.13
41 31 3 33913 21886 0.13
42 32 3 33914 36061 0.13
43 33 3 33915 3590 0.13
44 34 3 33916 46163 0.13
45 35 3 33917 56724 0.13
46 36 3 33918 112525 0.13
47 37 3 33919 91072 0.13
48 38 3 33920 2681637 0.13
49 39 3 33921 40787 0.13
50 40 3 33922 4219952 0.13
51 41 3 33923 19725 0.13
52 42 3 33924 1475383 0.13
53 43 3 33925 26766 0.13
54 44 3 33926 19659 0.13
55 45 3 33927 29667 0.13
56 46 3 33928 1414093 0.13
57 47 3 33929 22864 0.13
58 48 3 33930 7841335 0.13
59 49 3 33931 40634 0.13
60 50 3 33932 109198 0.13
61 51 3 33933 56682 0.13
62 52 3 33934 12004 0.13
63 53 3 33935 53805 0.13
0 55 3 33936 71813 0.13
1 56 3 33937 57886 0.13
2 57 3 33938 48327 0.13
3 58 3 33939 29971 0.13
4 59 3 33940 32637 0.13
5 60 3 33941 10851 0.13
6 61 3 33942 3820300 0.13
7 62 3 33943 2342121 0.13
8 63 3 33944 66791 0.13
9 0 3 33945 78736 0.13
10 1 3 33946 2022 0.13
11 2 3 33947 74898 0.13
12 3 3 33948 271582 0.13
13 4 3 33949 24370 0.13
14 5 3 33950 1731395 0.13
15 6 3 33951 603555 0.13
16 7 3 33952 1714535 0.13
17 8 3 33953 280672 0.13
18 9 3 33954 21844 0.13
19 10 3 33955 2873622 0.13
20 11 3 33956 25182 0.13
21 12 3 33957 24385 0.13
22 13 3 33958 13597838 0.13
23 14 3 33959 57066 0.13
24 15 3 33960 194965 0.13
25 16 3 33961 37443 0.13
26 17 3 33962 89551 0.13
27 18 3 33963 41206 0.13
28 19 3 33964 1631589 0.13
29 20 3 33965 1904455 0.13
30 21 3 33966 33825 0.13
31 22 3 33967 3170 0.13
32 23 3 33968 26350739 0.13
33 24 3 33969 2258 0.13
34 25 3 33970 14973 0.13
35 26 3 33971 26913 0.13
36 27 3 33972 64649 0.13
37 28 3 33973 1328163 0.13
38 29 3 33974 2040 0.13
39 30 3 33975 63358 0.13
40 31 3 33976 28036 0.13
41 32 3 33977 6268998 0.13
42 33 3 33978 1581582 0.13
43 34 3 33979 1584872 0.13
44 35 3 33980 143676 0.13
45 36 3 33981 975543 0.13
46 37 3 33982 60808 0.13
47 38 3 33983 6048451 0.13
48 39 3 33984 70774 0.13
49 40 3 33985 9350 0.13
50 41 3 33986 11406368 0.13
51 42 3 33987 32946 0.13
52 43 3 33988 479489 0.13
53 44 3 33989 6577562 0.13
54 45 3 33990 735634 0.13
55 46 3 33991 9963842 0.13
56 47 3 33992 2023 0.13
57 48 3 33993 135248 0.13
58 49 3 33994 2214 0.13
59 50 3 33995 55010 0.13
60 51 3 33996 37016 0.13
61 52 3 33997 25204515 0.13
62 53 3 33998 6795 0.13
63 54 3 33999 2346 0.13
0 56 3 34000 8612 0.13
1 57 3 34001 977615 0.13
2 58 3 34002 2024 0.13
3 59 3 34003 24971445 0.13
4 60 3 34004 2142 0.13
5 61 3 34005 16998 0.13
6 62 3 34006 135417 0.13
7 63 3 34007 32330 0.13
8 0 3 34008 38683 0.13
9 1 3 34009 4541550 0.13
10 2 3 34010 9141 0.13
11 3 3 34011 64768 0.13
12 4 3 34012 26482 0.13
13 5 3 34013 870240 0.13
14 6 3 34014 778685 0.13
15 7 3 34015 23254 0.13
16 8 3 34016 22379 0.13
17 9 3 34017 71108 0.13
18 10 3 34018 3754174 0.13
19 11 3 34019 1584324 0.13
20 12 3 34020 17618 0.13
21 13 3 34021 1974872 0.13
22 14 3 34022 1248834 0.13
23 15 3 34023 6045 0.13
24 16 3 34024 9378 0.13
25 17 3 34025 654562 0.13
26 18 3 34026 159036 0.13
27 19 3 34027 27477 0.13
28 20 3 34028 4068117 0.13
29 21 3 34029 50255 0.13
30 22 3 34030 16930 0.13
31 23 3 34031 64012 0.13
32 24 3 34032 26419 0.13
33 25 3 34033 116618 0.13
34 26 3 34034 3214783 0.13
35 27 3 34035 46060 0.13
36 28 3 34036 16635 0.13
37 29 3 34037 742703 0.13
38 30 3 34038 6880 0.13
39 31 3 34039 2577 0.13
40 32 3 34040 42695 0.13
41 33 3 34041 22344 0.13
42 34 3 34042 18487 0.13
43 35 3 34043 1149123 0.13
44 36 3 34044 40019 0.13
45 37 3 34045 29255 0.13
46 38 3 34046 8897137 0.13
47 39 3 34047 25954 0.13
48 40 3 34048 1565989 0.13
49 41 3 34049 14532758 0.13
50 42 3 34050 1981863 0.13
51 43 3 34051 2713914 0.13
52 44 3 34052 406477 0.13
53 45 3 34053 173600 0.13
54 46 3 34054 34835 0.13
55 47 3 34055 4487 0.13
56 48 3 34056 724497 0.13
57 49 3 34057 6654251 0.13
58 50 3 34058 38804 0.13
59 51 3 34059 41495 0.13
60 52 3 34060 1557988 0.13
61 53 3 34061 21991 0.13
62 54 3 34062 62405 0.13
63 55 3 34063 2250 0.13
0 57 3 34064 1648687 0.13
1 58 3 34065 8856 0.13
2 59 3 34066 17295 0.13
3 60 3 34067 3356031 0.13
4 61 3 34068 53630 0.13
5 62 3 34069 19959 0.13
6 63 3 34070 59752 0.13
7 0 3 34071 47054 0.13
8 1 3 34072 28458330 0.13
9 2 3 34073 9231 0.13
10 3 3 34074 5080 0.13
11 4 3 34075 33492 0.13
12 5 3 34076 67452 0.13
13 6 3 34077 9523050 0.13
14 7 3 34078 1191417 0.13
15 8 3 34079 1624964 0.13
16 9 3 34080 1471635 0.13
17 10 3 34081 1610505 0.13
18 11 3 34082 25732 0.13
19 12 3 34083 6120 0.13
20 13 3 34084 1532574 0.13
21 14 3 34085 2216 0.13
22 15 3 34086 25753 0.13
23 16 3 34087 7482 0.13
24 17 3 34088 13804562 0.13
25 18 3 34089 640021 0.13
26 19 3 34090 48450 0.13
27 20 3 34091 2070 0.13
28 21 3 34092 371490 0.13
29 22 3 34093 3144 0.13
30 23 3 34094 150319 0.13
31 24 3 34095 4868 0.13
32 25 3 34096 2967742 0.13
33 26 3 34097 24049 0.13
34 27 3 34098 1900996 0.13
35 28 3 34099 23487 0.13
36 29 3 34100 347731 0.13
37 30 3 34101 37205 0.13
38 31 3 34102 4162 0.13
39 32 3 34103 1447316 0.13
40 33 3 34104 7930351 0.13
41 34 3 34105 32152 0.13
42 35 3 34106 2266 0.13
43 36 3 34107 35986 0.13
44 37 3 34108 324362 0.13
45 38 3 34109 183153 0.13
46 39 3 34110 9427 0.13
47 40 3 34111 2626669 0.13
48 41 3 34112 6027109 0.13
49 42 3 34113 1038988 0.13
50 43 3 34114 54332 0.13
51 44 3 34115 22756 0.13
52 45 3 34116 2114870 0.13
53 46 3 34117 8403060 0.13
54 47 3 34118 8733447 0.13
55 48 3 34119 21531 0.13
56 49 3 34120 1816446 0.13
57 50 3 34121 2833539 0.13
58 51 3 34122 81741 0.13
59 52 3 34123 124663 0.13
60 53 3 34124 9090694 0.13
61 54 3 34125 31715 0.13
62 55 3 34126 38831 0.13
63 56 3 34127 7554284 0.13
0 58 3 34128 660565 0.13
1 59 3 34129 601703 0.13
2 60 3 34130 3002 0.13
3 61 3 34131 43859 0.13
4 62 3 34132 2477304 0.13
5 63 3 34133 50170 0.13
6 0 3 34134 43253 0.13
7 1 3 34135 3770630 0.13
8 2 3 34136 9580 0.13
9 3 3 34137 15140 0.13
10 4 3 34138 1223517 0.13
11 5 3 34139 6565 0.13
12 6 3 34140 25535 0.13
13 7 3 34141 66472 0.13
14 8 3 34142 1671086 0.13
15 9 3 34143 59591 0.13
16 10 3 34144 65359 0.13
17 11 3 34145 251028 0.13
18 12 3 34146 3474 0.13
19 13 3 34147 1183355 0.13
20 14 3 34148 29280 0.13
21 15 3 34149 2157 0.13
22 16 3 34150 28523 0.13
23 17 3 34151 25876 0.13
24 18 3 34152 4859003 0.13
25 19 3 34153 78000 0.13
26 20 3 34154 1072479 0.13
27 21 3 34155 575174 0.13
28 22 3 34156 24873 0.13
29 23 3 34157 4487972 0.13
30 24 3 34158 44502 0.13
31 25 3 34159 6096536 0.13
32 26 3 34160 4918 0.13
33 27 3 34161 2341 0.13
34 28 3 34162 625391 0.13
35 29 3 34163 11356 0.13
36 30 3 34164 17548234 0.13
37 31 3 34165 69340 0.13
38 32 3 34166 7496 0.13
39 33 3 34167 540134 0.13
40 34 3 34168 34138 0.13
41 35 3 34169 51846 0.13
42 36 3 34170 866559 0.13
43 37 3 34171 7175 0.13
44 38 3 34172 785172 0.13
45 39 3 34173 65622 0.13
46 40 3 34174 8120 0.13
47 41 3 34175 5232141 0.13
48 42 3 34176 9281757 0.13
49 43 3 34177 2266935 0.13
50 44 3 34178 5692997 0.13
51 45 3 34179 21362 0.13
52 46 3 34180 12344 0.13
53 47 3 34181 6923 0.13
54 48 3 34182 56314 0.13
55 49 3 34183 882466 0.13
56 50 3 34184 4836 0.13
57 51 3 34185 2750 0.13
58 52 3 34186 73866 0.13
59 53 3 34187 22858 0.13
60 54 3 34188 348424 0.13
61 55 3 34189 11346 0.13
62 56 3 34190 189206 0.13
63 57 3 34191 24618 0.13
0 59 3 34192 143771 0.13
1 60 3 34193 4286 0.13
2 61 3 34194 34452 0.13
3 62 3 34195 21783 0.13
4 63 3 34196 63963 0.13
5 0 3 34197 1780140 0.13
6 1 3 34198 7112 0.13
7 2 3 34199 2192 0.13
8 3 3 34200 8952 0.13
9 4 3 34201 76271 0.13
10 5 3 34202 61820 0.13
11 6 3 34203 2004 0.13
12 7 3 34204 547754 0.13
13 8 3 34205 39251 0.13
14 9 3 34206 191183 0.13
15 10 3 34207 350003 0.13
16 11 3 34208 1289956 0.13
17 12 3 34209 44632 0.13
18 13 3 34210 19299 0.13
19 14 3 34211 25429 0.13
20 15 3 34212 33559 0.13
21 16 3 34213 2051 0.13
22 17 3 34214 22127871 0.13
23 18 3 34215 2029 0.13
24 19 3 34216 1761137 0.13
25 20 3 34217 45456 0.13
26 21 3 34218 2207498 0.13
27 22 3 34219 24403 0.13
28 23 3 34220 71777 0.13
29 24 3 34221 303342 0.13
30 25 3 34222 4611630 0.13
31 26 3 34223 1447760 0.13
32 27 3 34224 31935 0.13
33 28 3 34225 39244 0.13
34 29 3 34226 2870 0.13
35 30 3 34227 190477 0.13
36 31 3 34228 73768 0.13
37 32 3 34229 62135 0.13
38 33 3 34230 49320 0.13
39 34 3 34231 23773 0.13
40 35 3 34232 1791114 0.13
41 36 3 34233 27220 0.13
42 37 3 34234 236695 0.13
43 38 3 34235 1188265 0.13
44 39 3 34236 20571 0.13
45 40 3 34237 51866 0.13
46 41 3 34238 918189 0.13
47 42 3 34239 835359 0.13
48 43 3 34240 29759 0.13
49 44 3 34241 3816 0.13
50 45 3 34242 1109833 0.13
51 46 3 34243 9695 0.13
52 47 3 34244 1888076 0.13
53 48 3 34245 100063 0.13
54 49 3 34246 5738 0.13
55 50 3 34247 4286 0.13
56 51 3 34248 24358 0.13
57 52 3 34249 113360 0.13
58 53 3 34250 8572 0.13
59 54 3 34251 14504 0.13
60 55 3 34252 2479 0.13
61 56 3 34253 1503425 0.13
62 57 3 34254 6010 0.13
63 58 3 34255 24456 0.13
0 60 3 34256 45059 0.13
1 61 3 34257 6044 0.13
2 62 3 34258 32100 0.13
3 63 3 34259 9911 0.13
4 0 3 34260 5897 0.13
5 1 3 34261 89286 0.13
6 2 3 34262 108979 0.13
7 3 3 34263 42332 0.13
8 4 3 34264 23604 0.13
9 5 3 34265 2253 0.13
10 6 3 34266 114582 0.13
11 7 3 34267 19397 0.13
12 8 3 34268 1312040 0.13
13 9 3 34269 4444515 0.13
14 10 3 34270 776947 0.13
15 11 3 34271 78378 0.13
16 12 3 34272 1236648 0.13
17 13 3 34273 497399 0.13
18 14 3 34274 22226 0.13
19 15 3 34275 3232883 0.13
20 16 3 34276 23755 0.13
21 17 3 34277 140583 0.13
22 18 3 34278 740515 0.13
23 19 3 34279 5016 0.13
24 20 3 34280 7743682 0.13
25 21 3 34281 68204 0.13
26 22 3 34282 24553 0.13
27 23 3 34283 46075 0.13
28 24 3 34284 2063 0.13
29 25 3 34285 1490861 0.13
30 26 3 34286 187161 0.13
31 27 3 34287 31251 0.13
32 28 3 34288 69867 0.13
33 29 3 34289 68956 0.13
34 30 3 34290 2448 0.13
35 31 3 34291 2141 0.13
36 32 3 34292 8352 0.13
37 33 3 34293 25697 0.13
38 34 3 34294 1172713 0.13
39 35 3 34295 1805433 0.13
40 36 3 34296 9751685 0.13
41 37 3 34297 5951766 0.13
42 38 3 34298 63096 0.13
43 39 3 34299 57777 0.13
44 40 3 34300 26899 0.13
45 41 3 34301 43036 0.13
46 42 3 34302 1942770 0.13
47 43 3 34303 1944558 0.13
48 44 3 34304 770334 0.13
49 45 3 34305 3138496 0.13
50 46 3 34306 34128 0.13
51 47 3 34307 16060 0.13
52 48 3 34308 63564 0.13
53 49 3 34309 79789 0.13
54 50 3 34310 4664 0.13
55 51 3 34311 6810 0.13
56 52 3 34312 1810807 0.13
57 53 3 34313 1534748 0.13
58 54 3 34314 377726 0.13
59 55 3 34315 1985475 0.13
60 56 3 34316 30786 0.13
61 57 3 34317 25954 0.13
62 58 3 34318 42673 0.13
63 59 3 34319 244063 0.13
0 61 3 34320 9341 0.13
1 62 3 34321 49085 0.13
2 63 3 34322 37686 0.13
3 0 3 34323 2681077 0.13
4 1 3 34324 200318 0.13
5 2 3 34325 62350 0.13
6 3 3 34326 72734 0.13
7 4 3 34327 23632 0.13
8 5 3 34328 60649 0.13
9 6 3 34329 874842 0.13
10 7 3 34330 7306 0.13
11 8 3 34331 1552487 0.13
12 9 3 34332 73313 0.13
13 10 3 34333 53524 0.13
14 11 3 34334 9309 0.13
15 12 3 34335 55920 0.13
16 13 3 34336 173693 0.13
17 14 3 34337 50182 0.13
18 15 3 34338 8757 0.13
19 16 3 34339 50398 0.13
20 17 3 34340 2875434 0.13
21 18 3 34341 6690472 0.13
22 19 3 34342 59373 0.13
23 20 3 34343 21875 0.13
24 21 3 34344 2170 0.13
25 22 3 34345 42691 0.13
26 23 3 34346 20747 0.13
27 24 3 34347 5891 0.13
28 25 3 34348 104806 0.13
29 26 3 34349 3562176 0.13
30 27 3 34350 67960 0.13
31 28 3 34351 28649 0.13
32 29 3 34352 25168661 0.13
33 30 3 34353 13174 0.13
34 31 3 34354 9183 0.13
35 32 3 34355 899124 0.13
36 33 3 34356 6973523 0.13
37 34 3 34357 1614248 0.13
38 35 3 34358 28868 0.13
39 36 3 34359 46156 0.13
40 37 3 34360 3819 0.13
41 38 3 34361 29711 0.13
42 39 3 34362 48196 0.13
43 40 3 34363 46252 0.13
44 41 3 34364 71747 0.13
45 42 3 34365 20479 0.13
46 43 3 34366 21841 0.13
47 44 3 34367 29685 0.13
48 45 3 34368 839813 0.13
49 46 3 34369 4013 0.13
50 47 3 34370 63172 0.13
51 48 3 34371 1791352 0.13
52 49 3 34372 873582 0.13
53 50 3 34373 14823 0.13
54 51 3 34374 767538 0.13
55 52 3 34375 44918 0.13
56 53 3 34376 29552 0.13
57 54 3 34377 22676 0.13
58 55 3 34378 207723 0.13
59 56 3 34379 23566649 0.13
60 57 3 34380 1371219 0.13
61 58 3 34381 20720 0.13
62 59 3 34382 6648700 0.13
63 60 3 34383 26193 0.13
0 62 3 34384 2196 0.13
1 63 3 34385 25025 0.13
2 0 3 34386 32638 0.13
3 1 3 34387 94824 0.13
4 2 3 34388 140645 0.13
5 3 3 34389 188266 0.13
6 4 3 34390 5171004 0.13
7 5 3 34391 6926618 0.13
8 6 3 34392 21645 0.13
9 7 3 34393 116353 0.13
10 8 3 34394 1794096 0.13
11 9 3 34395 23132 0.13
12 10 3 34396 2210 0.13
13 11 3 34397 99343 0.13
14 12 3 34398 69943 0.13
15 13 3 34399 226811 0.13
16 14 3 34400 525571 0.13
17 15 3 34401 50361 0.13
18 16 3 34402 22701 0.13
19 17 3 34403 3288178 0.13
20 18 3 34404 1655078 0.13
21 19 3 34405 159976 0.13
22 20 3 34406 16224 0.13
23 21 3 34407 8720614 0.13
24 22 3 34408 1794643 0.13
25 23 3 34409 1069468 0.13
26 24 3 34410 8431430 0.13
27 25 3 34411 7089 0.13
28 26 3 34412 550792 0.13
29 27 3 34413 69050 0.13
30 28 3 34414 3035 0.13
31 29 3 34415 35966 0.13
32 30 3 34416 22305 0.13
33 31 3 34417 3508 0.13
34 32 3 34418 5560202 0.13
35 33 3 34419 2498 0.13
36 34 3 34420 1428267 0.13
37 35 3 34421 884729 0.13
38 36 3 34422 164016 0.13
39 37 3 34423 4736 0.13
40 38 3 34424 61922 0.13
41 39 3 34425 8262 0.13
42 40 3 34426 11375 0.13
43 41 3 34427 68418 0.13
44 42 3 34428 77367 0.13
45 43 3 34429 2105 0.13
46 44 3 34430 91097 0.13
47 45 3 34431 60696 0.13
48 46 3 34432 171523 0.13
49 47 3 34433 22600952 0.13
50 48 3 34434 50110 0.13
51 49 3 34435 2739 0.13
52 50 3 34436 2821500 0.13
53 51 3 34437 36933 0.13
54 52 3 34438 61122 0.13
55 53 3 34439 302575 0.13
56 54 3 34440 1900586 0.13
57 55 3 34441 1271789 0.13
58 56 3 34442 649351 0.13
59 57 3 34443 2978922 0.13
60 58 3 34444 67784 0.13
61 59 3 34445 28485 0.13
62 60 3 34446 314403 0.13
63 61 3 34447 394257 0.13
0 63 3 34448 2981 0.13
1 0 3 34449 12245 0.13
2 1 3 34450 4047463 0.13
3 2 3 34451 6516 0.13
4 3 3 34452 7939 0.13
5 4 3 34453 27915 0.13
6 5 3 34454 3610019 0.13
7 6 3 34455 1905274 0.13
8 7 3 34456 21896502 0.13
9 8 3 34457 41189 0.13
10 9 3 34458 1377693 0.13
11 10 3 34459 119243 0.13
12 11 3 34460 87777 0.13
13 12 3 34461 6160 0.13
14 13 3 34462 7891843 0.13
15 14 3 34463 9850042 0.13
16 15 3 34464 57538 0.13
17 16 3 34465 71349 0.13
18 17 3 34466 454740 0.13
19 18 3 34467 877690 0.13
20 19 3 34468 9112057 0.13
21 20 3 34469 1065658 0.13
22 21 3 34470 51472 0.13
23 22 3 34471 24325 0.13
24 23 3 34472 25435617 0.13
25 24 3 34473 20011 0.13
26 25 3 34474 5588 0.13
27 26 3 34475 193790 0.13
28 27 3 34476 17379883 0.13
29 28 3 34477 43304 0.13
30 29 3 34478 40479 0.13
31 30 3 34479 2539282 0.13
32 31 3 34480 1448464 0.13
33 32 3 34481 1532944 0.13
34 33 3 34482 6268 0.13
35 34 3 34483 194314 0.13
36 35 3 34484 270419 0.13
37 36 3 34485 21791 0.13
38 37 3 34486 5989710 0.13
39 38 3 34487 74719 0.13
40 39 3 34488 5207 0.13
41 40 3 34489 3175406 0.13
42 41 3 34490 21125 0.13
43 42 3 34491 3588368 0.13
44 43 3 34492 1105273 0.13
45 44 3 34493 586162 0.13
46 45 3 34494 4611783 0.13
47 46 3 34495 2748 0.13
48 47 3 34496 80687 0.13
49 48 3 34497 8411395 0.13
50 49 3 34498 981595 0.13
51 50 3 34499 7106 0.13
52 51 3 34500 20718 0.13
53 52 3 34501 2698945 0.13
54 53 3 34502 72982 0.13
55 54 3 34503 56004 0.13
56 55 3 34504 71634 0.13
57 56 3 34505 17705 0.13
58 57 3 34506 866142 0.13
59 58 3 34507 14348 0.13
60 59 3 34508 47803 0.13
61 60 3 34509 2074271 0.13
62 61 3 34510 928424 0.13
63 62 3 34511 54982 0.13
0 1 3 34512 7642 0.13
1 2 3 34513 3127357 0.13
2 3 3 34514 4381 0.13
3 4 3 34515 311361 0.13
4 5 3 34516 79280 0.13
5 6 3 34517 26776 0.13
6 7 3 34518 2321 0.13
7 8 3 34519 3436541 0.13
8 9 3 34520 32094 0.13
9 10 3 34521 216410 0.13
10 11 3 34522 2939 0.13
11 12 3 34523 67589 0.13
12 13 3 34524 12668 0.13
13 14 3 34525 41451 0.13
14 15 3 34526 29585 0.13
15 16 3 34527 76743 0.13
16 17 3 34528 36581 0.13
17 18 3 34529 22490 0.13
18 19 3 34530 958756 0.13
19 20 3 34531 5271811 0.13
20 21 3 34532 2609866 0.13
21 22 3 34533 23442 0.13
22 23 3 34534 196060 0.13
23 24 3 34535 175994 0.13
24 25 3 34536 1585044 0.13
25 26 3 34537 7892 0.13
26 27 3 34538 68883 0.13
27 28 3 34539 27845 0.13
28 29 3 34540 1325178 0.13
29 30 3 34541 230053 0.13
30 31 3 34542 10825 0.13
31 32 3 34543 5769717 0.13
32 33 3 34544 1771957 0.13
33 34 3 34545 4759284 0.13
34 35 3 34546 6467 0.13
35 36 3 34547 2261659 0.13
36 37 3 34548 3881 0.13
37 38 3 34549 201591 0.13
38 39 3 34550 1397666 0.13
39 40 3 34551 34534 0.13
40 41 3 34552 4417538 0.13
41 42 3 34553 3673 0.13
42 43 3 34554 1390539 0.13
43 44 3 34555 17636555 0.13
44 45 3 34556 8477150 0.13
45 46 3 34557 25406 0.13
46 47 3 34558 71584 0.13
47 48 3 34559 54839 0.13
48 49 3 34560 15900 0.13
49 50 3 34561 7504165 0.13
50 51 3 34562 2567014 0.13
51 52 3 34563 24305139 0.13
52 53 3 34564 1066684 0.13
53 54 3 34565 51342 0.13
54 55 3 34566 2330 0.13
55 56 3 34567 969708 0.13
56 57 3 34568 49032 0.13
57 58 3 34569 151054 0.13
58 59 3 34570 26112 0.13
59 60 3 34571 25820 0.13
60 61 3 34572 2744438 0.13
61 62 3 34573 1233278 0.13
62 63 3 34574 122614 0.13
63 0 3 34575 33667 0.13
0 1 3 34576 5567 0.13
1 2 3 34577 47922 0.13
2 3 3 34578 1759808 0.13
3 4 3 34579 224861 0.13
4 5 3 34580 2043 0.13
5 6 3 34581 1718124 0.13
6 7 3 34582 66221 0.13
7 8 3 34583 49988 0.13
8 9 3 34584 691820 0.13
9 10 3 34585 37534 0.13
10 11 3 34586 9138083 0.13
11 12 3 34587 2448 0.13
12 13 3 34588 177959 0.13
13 14 3 34589 966108 0.13
14 15 3 34590 31170 0.13
15 16 3 34591 4457878 0.13
16 17 3 34592 164505 0.13
17 18 3 34593 64957 0.13
18 19 3 34594 437102 0.13
19 20 3 34595 6047603 0.13
20 21 3 34596 2261 0.13
21 22 3 34597 20180992 0.13
22 23 3 34598 290231 0.13
23 24 3 34599 3987309 0.13
24 25 3 34600 1026182 0.13
25 26 3 34601 64054 0.13
26 27 3 34602 488409 0.13
27 28 3 34603 4761059 0.13
28 29 3 34604 35724 0.13
29 30 3 34605 8264860 0.13
30 31 3 34606 6837805 0.13
31 32 3 34607 54277 0.13
32 33 3 34608 74974 0.13
33 34 3 34609 3657 0.13
34 35 3 34610 20619 0.13
35 36 3 34611 9499364 0.13
36 37 3 34612 66261 0.13
37 38 3 34613 7450396 0.13
38 39 3 34614 62189 0.13
39 40 3 34615 68050 0.13
40 41 3 34616 8886 0.13
41 42 3 34617 68189 0.13
42 43 3 34618 22636 0.13
43 44 3 34619 29373 0.13
44 45 3 34620 2056 0.13
45 46 3 34621 6420116 0.13
46 47 3 34622 31125 0.13
47 48 3 34623 603649 0.13
48 49 3 34624 570714 0.13
49 50 3 34625 1349752 0.13
50 51 3 34626 8221173 0.13
51 52 3 34627 5584 0.13
52 53 3 34628 333835 0.13
53 54 3 34629 4386771 0.13
54 55 3 34630 3184576 0.13
55 56 3 34631 22953 0.13
56 57 3 34632 2281342 0.13
57 58 3 34633 52721 0.13
58 59 3 34634 5883051 0.13
59 60 3 34635 16965 0.13
60 61 3 34636 23468 0.13
61 62 3 34637 32534 0.13
62 63 3 34638 5127672 0.13
63 0 3 34639 5590 0.13
0 2 3 34640 104476 0.13
1 3 3 34641 590508 0.13
2 4 3 34642 32000 0.13
3 5 3 34643 26845 0.13
4 6 3 34644 29653 0.13
5 7 3 34645 11349336 0.13
6 8 3 34646 4178454 0.13
7 9 3 34647 27075 0.13
8 10 3 34648 755216 0.13
9 11 3 34649 745225 0.13
10 12 3 34650 11468 0.13
11 13 3 34651 27951 0.13
12 14 3 34652 2255295 0.13
13 15 3 34653 1539377 0.13
14 16 3 34654 2036 0.13
15 17 3 34655 207383 0.13
16 18 3 34656 59050 0.13
17 19 3 34657 40207 0.13
18 20 3 34658 4833367 0.13
19 21 3 34659 5360 0.13
20 22 3 34660 746461 0.13
21 23 3 34661 76481 0.13
22 24 3 34662 658960 0.13
23 25 3 34663 16583150 0.13
24 26 3 34664 53814 0.13
25 27 3 34665 27396 0.13
26 28 3 34666 301508 0.13
27 29 3 34667 158785 0.13
28 30 3 34668 6244 0.13
29 31 3 34669 71921 0.13
30 32 3 34670 18481 0.13
31 33 3 34671 95688 0.13
32 34 3 34672 1066812 0.13
33 35 3 34673 4917646 0.13
34 36 3 34674 65567 0.13
35 37 3 34675 33983 0.13
36 38 3 34676 2924540 0.13
37 39 3 34677 8738 0.13
38 40 3 34678 3163121 0.13
39 41 3 34679 23412187 0.13
40 42 3 34680 875017 0.13
41 43 3 34681 388713 0.13
42 44 3 34682 75054 0.13
43 45 3 34683 2739555 0.13
44 46 3 34684 47108 0.13
45 47 3 34685 4326 0.13
46 48 3 34686 5129849 0.13
47 49 3 34687 1799015 0.13
48 50 3 34688 2195 0.13
49 51 3 34689 19926 0.13
50 52 3 34690 46666 0.13
51 53 3 34691 332023 0.13
52 54 3 34692 16247 0.13
53 55 3 34693 162126 0.13
54 56 3 34694 23384382 0.13
55 57 3 34695 2303 0.13
56 58 3 34696 9057873 0.13
57 59 3 34697 24186 0.13
58 60 3 34698 46446 0.13
59 61 3 34699 46320 0.13
60 62 3 34700 171004 0.13
61 63 3 34701 7610103 0.13
62 0 3 34702 55406 0.13
63 1 3 34703 14653 0.13
0 3 3 34704 13576 0.13
1 4 3 34705 39394 0.13
2 5 3 34706 23171 0.13
3 6 3 34707 46744 0.13
4 7 3 34708 146310 0.13
5 8 3 34709 5500 0.13
6 9 3 34710 3579 0.13
7 10 3 34711 2681604 0.13
8 11 3 34712 1824355 0.13
9 12 3 34713 18374 0.13
10 13 3 34714 814458 0.13
11 14 3 34715 3073239 0.13
12 15 3 34716 1930495 0.13
13 16 3 34717 1834416 0.13
14 17 3 34718 31108 0.13
15 18 3 34719 28044 0.13
16 19 3 34720 447408 0.13
17 20 3 34721 9903 0.13
18 21 3 34722 2011 0.13
19 22 3 34723 55686 0.13
20 23 3 34724 15534 0.13
21 24 3 34725 1446798 0.13
22 25 3 34726 27015 0.13
23 26 3 34727 18263 0.13
24 27 3 34728 2178602 0.13
25 28 3 34729 796366 0.13
26 29 3 34730 95082 0.13
27 30 3 34731 23007 0.13
28 31 3 34732 23812 0.13
29 32 3 34733 20868 0.13
30 33 3 34734 44185 0.13
31 34 3 34735 7790775 0.13
32 35 3 34736 1375776 0.13
33 36 3 34737 46249 0.13
34 37 3 34738 5180705 0.13
35 38 3 34739 25440 0.13
36 39 3 34740 2330 0.13
37 40 3 34741 57997 0.13
38 41 3 34742 2251188 0.13
39 42 3 34743 2358061 0.13
40 43 3 34744 15145 0.13
41 44 3 34745 24908 0.13
42 45 3 34746 134891 0.13
43 46 3 34747 46743 0.13
44 47 3 34748 361777 0.13
45 48 3 34749 8684 0.13
46 49 3 34750 35953 0.13
47 50 3 34751 2110 0.13
48 51 3 34752 26898 0.13
49 52 3 34753 38005 0.13
50 53 3 34754 2985915 0.13
51 54 3 34755 161630 0.13
52 55 3 34756 39479 0.13
53 56 3 34757 12720810 0.13
54 57 3 34758 3576942 0.13
55 58 3 34759 468812 0.13
56 59 3 34760 7567627 0.13
57 60 3 34761 2208819 0.13
58 61 3 34762 22464131 0.13
59 62 3 34763 270228 0.13
60 63 3 34764 4374138 0.13
61 0 3 34765 6511660 0.13
62 1 3 34766 3305839 0.13
63 2 3 34767 3968864 0.13
0 4 3 34768 24873 0.13
1 5 3 34769 56212 0.13
2 6 3 34770 5307653 0.13
3 7 3 34771 4208735 0.13
4 8 3 34772 55065 0.13
5 9 3 34773 35351 0.13
6 10 3 34774 34543 0.13
7 11 3 34775 5728 0.13
8 12 3 34776 3856612 0.13
9 13 3 34777 51120 0.13
10 14 3 34778 2430 0.13
11 15 3 34779 63363 0.13
12 16 3 34780 2077032 0.13
13 17 3 34781 78392 0.13
14 18 3 34782 2022 0.13
15 19 3 34783 1620221 0.13
16 20 3 34784 1981697 0.13
17 21 3 34785 38044 0.13
18 22 3 34786 8909 0.13
19 23 3 34787 75075 0.13
20 24 3 34788 62768 0.13
21 25 3 34789 7468675 0.13
22 26 3 34790 20636732 0.13
23 27 3 34791 1395718 0.13
24 28 3 34792 284164 0.13
25 29 3 34793 50453 0.13
26 30 3 34794 45458 0.13
27 31 3 34795 9490820 0.13
28 32 3 34796 56853 0.13
29 33 3 34797 181216 0.13
30 34 3 34798 290324 0.13
31 35 3 34799 25821 0.13
32 36 3 34800 2082 0.13
33 37 3 34801 1007962 0.13
34 38 3 34802 63286 0.13
35 39 3 34803 3600576 0.13
36 40 3 34804 539822 0.13
37 41 3 34805 4165477 0.13
38 42 3 34806 3996106 0.13
39 43 3 34807 57668 0.13
40 44 3 34808 2604 0.13
41 45 3 34809 3388379 0.13
42 46 3 34810 369803 0.13
43 47 3 34811 5584643 0.13
44 48 3 34812 4655 0.13
45 49 3 34813 9526711 0.13
46 50 3 34814 21489 0.13
47 51 3 34815 78522 0.13
48 52 3 34816 1961177 0.13
49 53 3 34817 8649378 0.13
50 54 3 34818 7310155 0.13
51 55 3 34819 61084 0.13
52 56 3 34820 37344 0.13
53 57 3 34821 68561 0.13
54 58 3 34822 41699 0.13
55 59 3 34823 57415 0.13
56 60 3 34824 35158 0.13
57 61 3 34825 620953 0.13
58 62 3 34826 4360 0.13
59 63 3 34827 1279713 0.13
60 0 3 34828 55164 0.13
61 1 3 34829 2100 0.13
62 2 3 34830 5714 0.13
63 3 3 34831 71091 0.13
0 5 3 34832 29253 0.13
1 6 3 34833 136528 0.13
2 7 3 34834 1232045 0.13
3 8 3 34835 16140 0.13
4 9 3 34836 28408 0.13
5 10 3 34837 20748 0.13
6 11 3 34838 9682212 0.13
7 12 3 34839 285570 0.13
8 13 3 34840 517289 0.13
9 14 3 34841 58062 0.13
10 15 3 34842 77028 0.13
11 16 3 34843 2093 0.13
12 17 3 34844 14269936 0.13
13 18 3 34845 6882263 0.13
14 19 3 34846 34841 0.13
15 20 3 34847 5666506 0.13
16 21 3 34848 565704 0.13
17 22 3 34849 1815398 0.13
18 23 3 34850 51968 0.13
19 24 3 34851 1074094 0.13
20 25 3 34852 1909878 0.13
21 26 3 34853 22932 0.13
22 27 3 34854 38631 0.13
23 28 3 34855 2440 0.13
24 29 3 34856 2744720 0.13
25 30 3 34857 1493899 0.13
26 31 3 34858 26429 0.13
27 32 3 34859 15589 0.13
28 33 3 34860 133125 0.13
29 34 3 34861 4047 0.13
30 35 3 34862 2943163 0.13
31 36 3 34863 92101 0.13
32 37 3 34864 13563 0.13
33 38 3 34865 36226 0.13
34 39 3 34866 60546 0.13
35 40 3 34867 30132 0.13
36 41 3 34868 2277 0.13
37 42 3 34869 8404 0.13
38 43 3 34870 2898 0.13
39 44 3 34871 3866130 0.13
40 45 3 34872 3777952 0.13
41 46 3 34873 95286 0.13
42 47 3 34874 4138798 0.13
43 48 3 34875 29327970 0.13
44 49 3 34876 56422 0.13
45 50 3 34877 14485 0.13
46 51 3 34878 45278 0.13
47 52 3 34879 2927643 0.13
48 53 3 34880 76345 0.13
49 54 3 34881 1895855 0.13
50 55 3 34882 433480 0.13
51 56 3 34883 1605911 0.13
52 57 3 34884 24936 0.13
53 58 3 34885 574600 0.13
54 59 3 34886 153663 0.13
55 60 3 34887 1587409 0.13
56 61 3 34888 51662 0.13
57 62 3 34889 130207 0.13
58 63 3 34890 2623 0.13
59 0 3 34891 47072 0.13
60 1 3 34892 34615 0.13
61 2 3 34893 40158 0.13
62 3 3 34894 2094 0.13
63 4 3 34895 3196954 0.13
0 6 3 34896 2123 0.13
1 7 3 34897 4562 0.13
2 8 3 34898 1641271 0.13
3 9 3 34899 59063 0.13
4 10 3 34900 162466 0.13
5 11 3 34901 208657 0.13
6 12 3 34902 4884 0.13
7 13 3 34903 2195375 0.13
8 14 3 34904 588177 0.13
9 15 3 34905 2007 0.13
10 16 3 34906 29394 0.13
11 17 3 34907 6475762 0.13
12 18 3 34908 3789631 0.13
13 19 3 34909 9794 0.13
14 20 3 34910 4046803 0.13
15 21 3 34911 1081130 0.13
16 22 3 34912 63769 0.13
17 23 3 34913 78657 0.13
18 24 3 34914 1589866 0.13
19 25 3 34915 2483 0.13
20 26 3 34916 21623 0.13
21 27 3 34917 35509 0.13
22 28 3 34918 9734 0.13
23 29 3 34919 8239605 0.13
24 30 3 34920 1473579 0.13
25 31 3 34921 21563 0.13
26 32 3 34922 30808 0.13
27 33 3 34923 28125 0.13
28 34 3 34924 430944 0.13
29 35 3 34925 25816 0.13
30 36 3 34926 75077 0.13
31 37 3 34927 196141 0.13
32 38 3 34928 1472084 0.13
33 39 3 34929 1187308 0.13
34 40 3 34930 23262 0.13
35 41 3 34931 92371 0.13
36 42 3 34932 794121 0.13
37 43 3 34933 10107 0.13
38 44 3 34934 22235 0.13
39 45 3 34935 59171 0.13
40 46 3 34936 55002 0.13
41 47 3 34937 67717 0.13
42 48 3 34938 3266365 0.13
43 49 3 34939 5155454 0.13
44 50 3 34940 61190 0.13
45 51 3 34941 21984 0.13
46 52 3 34942 7922 0.13
47 53 3 34943 60730 0.13
48 54 3 34944 27994 0.13
49 55 3 34945 41465 0.13
50 56 3 34946 64204 0.13
51 57 3 34947 56463 0.13
52 58 3 34948 801616 0.13
53 59 3 34949 4705765 0.13
54 60 3 34950 47624 0.13
55 61 3 34951 8085782 0.13
56 62 3 34952 60268 0.13
57 63 3 34953 32632 0.13
58 0 3 34954 2381 0.13
59 1 3 34955 314025 0.13
60 2 3 34956 5677840 0.13
61 3 3 34957 6059294 0.13
62 4 3 34958 243628 0.13
63 5 3 34959 2411519 0.13
0 7 3 34960 26496 0.13
1 8 3 34961 72106 0.13
2 9 3 34962 1733832 0.13
3 10 3 34963 44866 0.13
4 11 3 34964 27261 0.13
5 12 3 34965 28685 0.13
6 13 3 34966 23942 0.13
7 14 3 34967 28525 0.13
8 15 3 34968 73638 0.13
9 16 3 34969 36856 0.13
10 17 3 34970 178456 0.13
11 18 3 34971 3453249 0.13
12 19 3 34972 60644 0.13
13 20 3 34973 63775 0.13
14 21 3 34974 25374 0.13
15 22 3 34975 2774817 0.13
16 23 3 34976 2199 0.13
17 24 3 34977 1532374 0.13
18 25 3 34978 24002 0.13
19 26 3 34979 47858 0.13
20 27 3 34980 54590 0.13
21 28 3 34981 67381 0.13
22 29 3 34982 2166 0.13
23 30 3 34983 4163579 0.13
24 31 3 34984 2133 0.13
25 32 3 34985 3997291 0.13
26 33 3 34986 54903 0.13
27 34 3 34987 40938 0.13
28 35 3 34988 31625 0.13
29 36 3 34989 60419 0.13
30 37 3 34990 19944 0.13
31 38 3 34991 5178 0.13
32 39 3 34992 33418 0.13
33 40 3 34993 66427 0.13
34 41 3 34994 20769 0.13
35 42 3 34995 1769557 0.13
36 43 3 34996 3157 0.13
37 44 3 34997 180046 0.13
38 45 3 34998 1887663 0.13
39 46 3 34999 546797 0.13
40 47 3 35000 2453 0.13
41 48 3 35001 3533174 0.13
42 49 3 35002 1384748 0.13
43 50 3 35003 1963087 0.13
44 51 3 35004 44520 0.13
45 52 3 35005 41413 0.13
46 53 3 35006 74517 0.13
47 54 3 35007 24216 0.13
48 55 3 35008 29050 0.13
49 56 3 35009 26339 0.13
50 57 3 35010 24416 0.13
51 58 3 35011 18793968 0.13
52 59 3 35012 2014706 0.13
53 60 3 35013 637553 0.13
54 61 3 35014 55230 0.13
55 62 3 35015 24600 0.13
56 63 3 35016 8845078 0.13
57 0 3 35017 5984864 0.13
58 1 3 35018 3947575 0.13
59 2 3 35019 8410 0.13
60 3 3 35020 52681 0.13
61 4 3 35021 19235555 0.13
62 5 3 35022 450382 0.13
63 6 3 35023 6101543 0.13
0 8 3 35024 768855 0.13
1 9 3 35025 2067 0.13
2 10 3 35026 9141279 0.13
3 11 3 35027 26022 0.13
4 12 3 35028 2218 0.13
5 13 3 35029 29693168 0.13
6 14 3 35030 1368625 0.13
7 15 3 35031 3909 0.13
8 16 3 35032 1356122 0.13
9 17 3 35033 2447982 0.13
10 18 3 35034 174138 0.13
11 19 3 35035 1534643 0.13
12 20 3 35036 42334 0.13
13 21 3 35037 54941 0.13
14 22 3 35038 4506 0.13
15 23 3 35039 915479 0.13
16 24 3 35040 196321 0.13
17 25 3 35041 144622 0.13
18 26 3 35042 1355982 0.13
19 27 3 35043 3006442 0.13
20 28 3 35044 25745624 0.13
21 29 3 35045 5073 0.13
22 30 3 35046 6144 0.13
23 31 3 35047 4601943 0.13
24 32 3 35048 73626 0.13
25 33 3 35049 1488757 0.13
26 34 3 35050 61035 0.13
27 35 3 35051 7082072 0.13
28 36 3 35052 50413 0.13
29 37 3 35053 4355 0.13
30 38 3 35054 1301662 0.13
31 39 3 35055 66242 0.13
32 40 3 35056 55780 0.13
33 41 3 35057 5510 0.13
34 42 3 35058 542689 0.13
35 43 3 35059 583278 0.13
36 44 3 35060 75643 0.13
37 45 3 35061 751436 0.13
38 46 3 35062 28066 0.13
39 47 3 35063 64205 0.13
40 48 3 35064 171800 0.13
41 49 3 35065 49979 0.13
42 50 3 35066 607188 0.13
43 51 3 35067 1819734 0.13
44 52 3 35068 46679 0.13
45 53 3 35069 4563144 0.13
46 54 3 35070 1081697 0.13
47 55 3 35071 2079 0.13
48 56 3 35072 44572 0.13
49 57 3 35073 8653 0.13
50 58 3 35074 50949 0.13
51 59 3 35075 15300509 0.13
52 60 3 35076 176286 0.13
53 61 3 35077 2083 0.13
54 62 3 35078 535230 0.13
55 63 3 35079 3745 0.13
56 0 3 35080 1183290 0.13
57 1 3 35081 1013836 0.13
58 2 3 35082 933243 0.13
59 3 3 35083 2018 0.13
60 4 3 35084 16096 0.13
61 5 3 35085 1043716 0.13
62 6 3 35086 72241 0.13
63 7 3 35087 5590581 0.13
0 9 3 35088 3660962 0.13
1 10 3 35089 33109 0.13
2 11 3 35090 3145277 0.13
3 12 3 35091 843272 0.13
4 13 3 35092 385133 0.13
5 14 3 35093 55153 0.13
6 15 3 35094 6044698 0.13
7 16 3 35095 3695 0.13
8 17 3 35096 2835 0.13
9 18 3 35097 3706 0.13
10 19 3 35098 4270117 0.13
11 20 3 35099 83315 0.13
12 21 3 35100 45219 0.13
13 22 3 35101 31665 0.13
14 23 3 35102 31505 0.13
15 24 3 35103 4028445 0.13
16 25 3 35104 21321 0.13
17 26 3 35105 184195 0.13
18 27 3 35106 5320 0.13
19 28 3 35107 62411 0.13
20 29 3 35108 1406495 0.13
21 30 3 35109 37916 0.13
22 31 3 35110 26115 0.13
23 32 3 35111 29923 0.13
24 33 3 35112 30489 0.13
25 34 3 35113 8256 0.13
26 35 3 35114 17595 0.13
27 36 3 35115 245661 0.13
28 37 3 35116 28202 0.13
29 38 3 35117 2083 0.13
30 39 3 35118 4915742 0.13
31 40 3 35119 4212839 0.13
32 41 3 35120 13296 0.13
33 42 3 35121 1220070 0.13
34 43 3 35122 1830910 0.13
35 44 3 35123 68657 0.13
36 45 3 35124 22566 0.13
37 46 3 35125 41469 0.13
38 47 3 35126 4746 0.13
39 48 3 35127 6126905 0.13
40 49 3 35128 855668 0.13
41 50 3 35129 1547821 0.13
42 51 3 35130 51450 0.13
43 52 3 35131 32018 0.13
44 53 3 35132 4011922 0.13
45 54 3 35133 72361 0.13
46 55 3 35134 30489 0.13
47 56 3 35135 20378 0.13
48 57 3 35136 9955322 0.13
49 58 3 35137 6333803 0.13
50 59 3 35138 4344 0.13
51 60 3 35139 794528 0.13
52 61 3 35140 2043 0.13
53 62 3 35141 41068 0.13
54 63 3 35142 44777 0.13
55 0 3 35143 26753 0.13
56 1 3 35144 8191170 0.13
57 2 3 35145 54248 0.13
58 3 3 35146 33655 0.13
59 4 3 35147 2441442 0.13
60 5 3 35148 39852 0.13
61 6 3 35149 8633304 0.13
62 7 3 35150 7547499 0.13
63 8 3 35151 1758201 0.13
0 10 3 35152 42935 0.13
1 11 3 35153 13557 0.13
2 12 3 35154 7514 0.13
3 13 3 35155 114932 0.13
4 14 3 35156 35573 0.13
5 15 3 35157 4304730 0.13
6 16 3 35158 2201934 0.13
7 17 3 35159 3052 0.13
8 18 3 35160 161148 0.13
9 19 3 35161 30717 0.13
10 20 3 35162 4585781 0.13
11 21 3 35163 1936531 0.13
12 22 3 35164 4318 0.13
13 23 3 35165 14161 0.13
14 24 3 35166 28639407 0.13
15 25 3 35167 16137411 0.13
16 26 3 35168 36058 0.13
17 27 3 35169 2229532 0.13
18 28 3 35170 3185096 0.13
19 29 3 35171 12000856 0.13
20 30 3 35172 6848 0.13
21 31 3 35173 64011 0.13
22 32 3 35174 1578983 0.13
23 33 3 35175 15562 0.13
24 34 3 35176 93777 0.13
25 35 3 35177 8033146 0.13
26 36 3 35178 5797 0.13
27 37 3 35179 22033 0.13
28 38 3 35180 84274 0.13
29 39 3 35181 8899564 0.13
30 40 3 35182 5418 0.13
31 41 3 35183 4745858 0.13
32 42 3 35184 1654293 0.13
33 43 3 35185 1323395 0.13
34 44 3 35186 25168354 0.13
35 45 3 35187 9322666 0.13
36 46 3 35188 3552 0.13
37 47 3 35189 25820 0.13
38 48 3 35190 47035 0.13
39 49 3 35191 25911 0.13
40 50 3 35192 1035774 0.13
41 51 3 35193 18019733 0.13
42 52 3 35194 14609 0.13
43 53 3 35195 6051992 0.13
44 54 3 35196 6223 0.13
45 55 3 35197 266129 0.13
46 56 3 35198 43995 0.13
47 57 3 35199 64610 0.13
48 58 3 35200 3235522 0.13
49 59 3 35201 15383275 0.13
50 60 3 35202 3409750 0.13
51 61 3 35203 3212494 0.13
52 62 3 35204 1355055 0.13
53 63 3 35205 6128 0.13
54 0 3 35206 3431 0.13
55 1 3 35207 32878 0.13
56 2 3 35208 66657 0.13
57 3 3 35209 18638 0.13
58 4 3 35210 5347 0.13
59 5 3 35211 5100 0.13
60 6 3 35212 1237290 0.13
61 7 3 35213 5168 0.13
62 8 3 35214 24945 0.13
63 9 3 35215 36468 0.13
0 11 3 35216 528906 0.13
1 12 3 35217 42488 0.13
2 13 3 35218 3469246 0.13
3 14 3 35219 8733564 0.13
4 15 3 35220 34145 0.13
5 16 3 35221 2353 0.13
6 17 3 35222 3122 0.13
7 18 3 35223 31462 0.13
8 19 3 35224 2051 0.13
9 20 3 35225 59450 0.13
10 21 3 35226 5156 0.13
11 22 3 35227 1122100 0.13
12 23 3 35228 4811100 0.13
13 24 3 35229 333111 0.13
14 25 3 35230 4639981 0.13
15 26 3 35231 51677 0.13
16 27 3 35232 311291 0.13
17 28 3 35233 30615 0.13
18 29 3 35234 1680538 0.13
19 30 3 35235 33953 0.13
20 31 3 35236 51563 0.13
21 32 3 35237 3182306 0.13
22 33 3 35238 57421 0.13
23 34 3 35239 1493123 0.13
24 35 3 35240 31085 0.13
25 36 3 35241 21968884 0.13
26 37 3 35242 30715 0.13
27 38 3 35243 1830854 0.13
28 39 3 35244 1419824 0.13
29 40 3 35245 16752 0.13
30 41 3 35246 184592 0.13
31 42 3 35247 9308 0.13
32 43 3 35248 7768540 0.13
33 44 3 35249 3730609 0.13
34 45 3 35250 196487 0.13
35 46 3 35251 38248 0.13
36 47 3 35252 2855 0.13
37 48 3 35253 31357 0.13
38 49 3 35254 4742 0.13
39 50 3 35255 344989 0.13
40 51 3 35256 1337425 0.13
41 52 3 35257 6238 0.13
42 53 3 35258 54465 0.13
43 54 3 35259 6371 0.13
44 55 3 35260 958197 0.13
45 56 3 35261 46489 0.13
46 57 3 35262 525732 0.13
47 58 3 35263 920173 0.13
48 59 3 35264 5529 0.13
49 60 3 35265 3121 0.13
50 61 3 35266 1537553 0.13
51 62 3 35267 3206066 0.13
52 63 3 35268 1023200 0.13
53 0 3 35269 79177 0.13
54 1 3 35270 8593 0.13
55 2 3 35271 713230 0.13
56 3 3 35272 8719 0.13
57 4 3 35273 1400534 0.13
58 5 3 35274 51037 0.13
59 6 3 35275 9311 0.13
60 7 3 35276 2726805 0.13
61 8 3 35277 6789658 0.13
62 9 3 35278 10388 0.13
63 10 3 35279 4860 0.13
0 12 3 35280 2316566 0.13
1 13 3 35281 41167 0.13
2 14 3 35282 504292 0.13
3 15 3 35283 14099 0.13
4 16 3 35284 1821639 0.13
5 17 3 35285 3069743 0.13
6 18 3 35286 145967 0.13
7 19 3 35287 46291 0.13
8 20 3 35288 9680 0.13
9 21 3 35289 79787 0.13
10 22 3 35290 451417 0.13
11 23 3 35291 72285 0.13
12 24 3 35292 1996309 0.13
13 25 3 35293 1084164 0.13
14 26 3 35294 1457553 0.13
15 27 3 35295 2055 0.13
16 28 3 35296 146348 0.13
17 29 3 35297 9132 0.13
18 30 3 35298 1996529 0.13
19 31 3 35299 466819 0.13
20 32 3 35300 7641611 0.13
21 33 3 35301 468407 0.13
22 34 3 35302 71294 0.13
23 35 3 35303 1600633 0.13
24 36 3 35304 116459 0.13
25 37 3 35305 62891 0.13
26 38 3 35306 1034591 0.13
27 39 3 35307 11580 0.13
28 40 3 35308 2240 0.13
29 41 3 35309 9297364 0.13
30 42 3 35310 688065 0.13
31 43 3 35311 5919214 0.13
32 44 3 35312 26733 0.13
33 45 3 35313 37920 0.13
34 46 3 35314 71541 0.13
35 47 3 35315 8305 0.13
36 48 3 35316 2151844 0.13
37 49 3 35317 125430 0.13
38 50 3 35318 7805400 0.13
39 51 3 35319 9579 0.13
40 52 3 35320 39929 0.13
41 53 3 35321 29524 0.13
42 54 3 35322 17253 0.13
43 55 3 35323 1172184 0.13
44 56 3 35324 2429 0.13
45 57 3 35325 815131 0.13
46 58 3 35326 75781 0.13
47 59 3 35327 6821817 0.13
48 60 3 35328 540154 0.13
49 61 3 35329 1064970 0.13
50 62 3 35330 9793 0.13
51 63 3 35331 454017 0.13
52 0 3 35332 76771 0.13
53 1 3 35333 2079 0.13
54 2 3 35334 46020 0.13
55 3 3 35335 28803 0.13
56 4 3 35336 2215 0.13
57 5 3 35337 1912949 0.13
58 6 3 35338 2952605 0.13
59 7 3 35339 26214 0.13
60 8 3 35340 54271 0.13
61 9 3 35341 41722 0.13
62 10 3 35342 30087 0.13
63 11 3 35343 67793 0.13
0 13 3 35344 61805 0.13
1 14 3 35345 2139308 0.13
2 15 3 35346 940720 0.13
3 16 3 35347 255897 0.13
4 17 3 35348 38213 0.13
5 18 3 35349 1180171 0.13
6 19 3 35350 2143 0.13
7 20 3 35351 4118739 0.13
8 21 3 35352 476514 0.13
9 22 3 35353 11368237 0.13
10 23 3 35354 173297 0.13
11 24 3 35355 36096 0.13
12 25 3 35356 48428 0.13
13 26 3 35357 902485 0.13
14 27 3 35358 20423 0.13
15 28 3 35359 5563 0.13
16 29 3 35360 47785 0.13
17 30 3 35361 416039 0.13
18 31 3 35362 40883 0.13
19 32 3 35363 2157774 0.13
20 33 3 35364 22055 0.13
21 34 3 35365 129481 0.13
22 35 3 35366 81445 0.13
23 36 3 35367 6910433 0.13
24 37 3 35368 59876 0.13
25 38 3 35369 4402204 0.13
26 39 3 35370 39518 0.13
27 40 3 35371 978055 0.13
28 41 3 35372 5808757 0.13
29 42 3 35373 306739 0.13
30 43 3 35374 2887637 0.13
31 44 3 35375 4184 0.13
32 45 3 35376 47870 0.13
33 46 3 35377 9212970 0.13
34 47 3 35378 53851 0.13
35 48 3 35379 8238 0.13
36 49 3 35380 6962735 0.13
37 50 3 35381 3300376 0.13
38 51 3 35382 2140 0.13
39 52 3 35383 5172 0.13
40 53 3 35384 5838 0.13
41 54 3 35385 1269159 0.13
42 55 3 35386 18705 0.13
43 56 3 35387 46438 0.13
44 57 3 35388 6578922 0.13
45 58 3 35389 68921 0.13
46 59 3 35390 181351 0.13
47 60 3 35391 723273 0.13
48 61 3 35392 60896 0.13
49 62 3 35393 4466212 0.13
50 63 3 35394 1536653 0.13
51 0 3 35395 323189 0.13
52 1 3 35396 21431 0.13
53 2 3 35397 2083 0.13
54 3 3 35398 35854 0.13
55 4 3 35399 1599279 0.13
56 5 3 35400 1302762 0.13
57 6 3 35401 3705136 0.13
58 7 3 35402 77935 0.13
59 8 3 35403 1976389 0.13
60 9 3 35404 1652966 0.13
61 10 3 35405 1298526 0.13
62 11 3 35406 131633 0.13
63 12 3 35407 8624172 0.13
0 14 3 35408 147779 0.13
1 15 3 35409 31607 0.13
2 16 3 35410 181350 0.13
3 17 3 35411 1534856 0.13
4 18 3 35412 25961 0.13
5 19 3 35413 2266372 0.13
6 20 3 35414 1310769 0.13
7 21 3 35415 9073798 0.13
8 22 3 35416 23335 0.13
9 23 3 35417 59346 0.13
10 24 3 35418 132790 0.13
11 25 3 35419 180326 0.13
12 26 3 35420 4481148 0.13
13 27 3 35421 9093769 0.13
14 28 3 35422 52039 0.13
15 29 3 35423 21505 0.13
16 30 3 35424 2940 0.13
17 31 3 35425 138970 0.13
18 32 3 35426 1287128 0.13
19 33 3 35427 8087 0.13
20 34 3 35428 1301537 0.13
21 35 3 35429 71559 0.13
22 36 3 35430 2234851 0.13
23 37 3 35431 25584 0.13
24 38 3 35432 75507 0.13
25 39 3 35433 77015 0.13
26 40 3 35434 2440774 0.13
27 41 3 35435 79704 0.13
28 42 3 35436 1702227 0.13
29 43 3 35437 3041394 0.13
30 44 3 35438 36345 0.13
31 45 3 35439 910132 0.13
32 46 3 35440 9939 0.13
33 47 3 35441 4727567 0.13
34 48 3 35442 43511 0.13
35 49 3 35443 708262 0.13
36 50 3 35444 699422 0.13
37 51 3 35445 708397 0.13
38 52 3 35446 4179128 0.13
39 53 3 35447 11770 0.13
40 54 3 35448 5445229 0.13
41 55 3 35449 1169041 0.13
42 56 3 35450 5076439 0.13
43 57 3 35451 1601365 0.13
44 58 3 35452 6862 0.13
45 59 3 35453 21833 0.13
46 60 3 35454 24546 0.13
47 61 3 35455 20966 0.13
48 62 3 35456 58489 0.13
49 63 3 35457 75373 0.13
50 0 3 35458 38569 0.13
51 1 3 35459 88876 0.13
52 2 3 35460 29802 0.13
53 3 3 35461 8008694 0.13
54 4 3 35462 55170 0.13
55 5 3 35463 5474851 0.13
56 6 3 35464 513108 0.13
57 7 3 35465 73626 0.13
58 8 3 35466 286494 0.13
59 9 3 35467 49844 0.13
60 10 3 35468 34789 0.13
61 11 3 35469 117138 0.13
62 12 3 35470 68376 0.13
63 13 3 35471 26880 0.13
0 15 3 35472 28072 0.13
1 16 3 35473 35090 0.13
2 17 3 35474 156871 0.13
3 18 3 35475 36944 0.13
4 19 3 35476 4554 0.13
5 20 3 35477 41482 0.13
6 21 3 35478 20066 0.13
7 22 3 35479 7687734 0.13
8 23 3 35480 34475 0.13
9 24 3 35481 38922 0.13
10 25 3 35482 1872916 0.13
11 26 3 35483 35950 0.13
12 27 3 35484 428065 0.13
13 28 3 35485 6697555 0.13
14 29 3 35486 1000202 0.13
15 30 3 35487 70433 0.13
16 31 3 35488 92769 0.13
17 32 3 35489 63235 0.13
18 33 3 35490 27643 0.13
19 34 3 35491 9783427 0.13
20 35 3 35492 3505 0.13
21 36 3 35493 488908 0.13
22 37 3 35494 10488317 0.13
23 38 3 35495 47154 0.13
24 39 3 35496 4619677 0.13
25 40 3 35497 7038904 0.13
26 41 3 35498 56586 0.13
27 42 3 35499 34646 0.13
28 43 3 35500 7624 0.13
29 44 3 35501 1481918 0.13
30 45 3 35502 7425 0.13
31 46 3 35503 336767 0.13
32 47 3 35504 71466 0.13
33 48 3 35505 25717 0.13
34 49 3 35506 22401 0.13
35 50 3 35507 305028 0.13
36 51 3 35508 41118 0.13
37 52 3 35509 33658 0.13
38 53 3 35510 1675031 0.13
39 54 3 35511 1786497 0.13
40 55 3 35512 58268 0.13
41 56 3 35513 4601617 0.13
42 57 3 35514 291018 0.13
43 58 3 35515 59369 0.13
44 59 3 35516 198031 0.13
45 60 3 35517 23758 0.13
46 61 3 35518 1226257 0.13
47 62 3 35519 5965353 0.13
48 63 3 35520 2497 0.13
49 0 3 35521 8958096 0.13
50 1 3 35522 40192 0.13
51 2 3 35523 74073 0.13
52 3 3 35524 16737 0.13
53 4 3 35525 3052107 0.13
54 5 3 35526 49200 0.13
55 6 3 35527 18334 0.13
56 7 3 35528 2335 0.13
57 8 3 35529 1586009 0.13
58 9 3 35530 35456 0.13
59 10 3 35531 67399 0.13
60 11 3 35532 514411 0.13
61 12 3 35533 14510 0.13
62 13 3 35534 28078 0.13
63 14 3 35535 8100 0.13
0 16 3 35536 28076 0.13
1 17 3 35537 99628 0.13
2 18 3 35538 1451075 0.13
3 19 3 35539 31061 0.13
4 20 3 35540 702548 0.13
5 21 3 35541 13478 0.13
6 22 3 35542 46314 0.13
7 23 3 35543 119938 0.13
8 24 3 35544 144672 0.13
9 25 3 35545 77669 0.13
10 26 3 35546 25403 0.13
11 27 3 35547 639254 0.13
12 28 3 35548 2490 0.13
13 29 3 35549 4796 0.13
14 30 3 35550 470146 0.13
15 31 3 35551 74496 0.13
16 32 3 35552 2281 0.13
17 33 3 35553 2040 0.13
18 34 3 35554 20398 0.13
19 35 3 35555 5713524 0.13
20 36 3 35556 120369 0.13
21 37 3 35557 4039 0.13
22 38 3 35558 3629967 0.13
23 39 3 35559 4114010 0.13
24 40 3 35560 58915 0.13
25 41 3 35561 24201 0.13
26 42 3 35562 1945605 0.13
27 43 3 35563 79303 0.13
28 44 3 35564 50056 0.13
29 45 3 35565 1468708 0.13
30 46 3 35566 6346 0.13
31 47 3 35567 39184 0.13
32 48 3 35568 26121 0.13
33 49 3 35569 53883 0.13
34 50 3 35570 2078 0.13
35 51 3 35571 24504 0.13
36 52 3 35572 10848 0.13
37 53 3 35573 48590 0.13
38 54 3 35574 320434 0.13
39 55 3 35575 58635 0.13
40 56 3 35576 3673761 0.13
41 57 3 35577 7242498 0.13
42 58 3 35578 2740862 0.13
43 59 3 35579 50669 0.13
44 60 3 35580 1005151 0.13
45 61 3 35581 72101 0.13
46 62 3 35582 2474 0.13
47 63 3 35583 36551 0.13
48 0 3 35584 20621 0.13
49 1 3 35585 6798486 0.13
50 2 3 35586 3576980 0.13
51 3 3 35587 29891 0.13
52 4 3 35588 154375 0.13
53 5 3 35589 6566 0.13
54 6 3 35590 926991 0.13
55 7 3 35591 1105973 0.13
56 8 3 35592 2630349 0.13
57 9 3 35593 39804 0.13
58 10 3 35594 60257 0.13
59 11 3 35595 412298 0.13
60 12 3 35596 862402 0.13
61 13 3 35597 2090586 0.13
62 14 3 35598 42886 0.13
63 15 3 35599 2400 0.13
0 17 3 35600 17410118 0.13
1 18 3 35601 4384367 0.13
2 19 3 35602 8517969 0.13
3 20 3 35603 9989284 0.13
4 21 3 35604 1226548 0.13
5 22 3 35605 3493744 0.13
6 23 3 35606 592063 0.13
7 24 3 35607 650874 0.13
8 25 3 35608 126427 0.13
9 26 3 35609 3826860 0.13
10 27 3 35610 788620 0.13
11 28 3 35611 62458 0.13
12 29 3 35612 4242555 0.13
13 30 3 35613 112610 0.13
14 31 3 35614 5253 0.13
15 32 3 35615 11742 0.13
16 33 3 35616 16478 0.13
17 34 3 35617 25982 0.13
18 35 3 35618 8028074 0.13
19 36 3 35619 44156 0.13
20 37 3 35620 67929 0.13
21 38 3 35621 75845 0.13
22 39 3 35622 28857 0.13
23 40 3 35623 49084 0.13
24 41 3 35624 60571 0.13
25 42 3 35625 276082 0.13
26 43 3 35626 2965865 0.13
27 44 3 35627 2935685 0.13
28 45 3 35628 2904080 0.13
29 46 3 35629 4753 0.13
30 47 3 35630 1812766 0.13
31 48 3 35631 135845 0.13
32 49 3 35632 147745 0.13
33 50 3 35633 6004 0.13
34 51 3 35634 74201 0.13
35 52 3 35635 62942 0.13
36 53 3 35636 44928 0.13
37 54 3 35637 3796 0.13
38 55 3 35638 153005 0.13
39 56 3 35639 903939 0.13
40 57 3 35640 29893 0.13
41 58 3 35641 1934654 0.13
42 59 3 35642 232122 0.13
43 60 3 35643 13042 0.13
44 61 3 35644 20600 0.13
45 62 3 35645 6024 0.13
46 63 3 35646 6260918 0.13
47 0 3 35647 359300 0.13
48 1 3 35648 15568 0.13
49 2 3 35649 1593354 0.13
50 3 3 35650 1599539 0.13
51 4 3 35651 77080 0.13
52 5 3 35652 552742 0.13
53 6 3 35653 703708 0.13
54 7 3 35654 67508 0.13
55 8 3 35655 59224 0.13
56 9 3 35656 57932 0.13
57 10 3 35657 45847 0.13
58 11 3 35658 33847 0.13
59 12 3 35659 4936713 0.13
60 13 3 35660 68786 0.13
61 14 3 35661 42328 0.13
62 15 3 35662 30598 0.13
63 16 3 35663 302056 0.13
0 18 3 35664 589137 0.13
1 19 3 35665 1083631 0.13
2 20 3 35666 509176 0.13
3 21 3 35667 31183 0.13
4 22 3 35668 19327007 0.13
5 23 3 35669 57363 0.13
6 24 3 35670 66327 0.13
7 25 3 35671 71375 0.13
8 26 3 35672 37257 0.13
9 27 3 35673 52429 0.13
10 28 3 35674 137732 0.13
11 29 3 35675 8624959 0.13
12 30 3 35676 1259239 0.13
13 31 3 35677 2902052 0.13
14 32 3 35678 26563 0.13
15 33 3 35679 299932 0.13
16 34 3 35680 4927844 0.13
17 35 3 35681 70048 0.13
18 36 3 35682 8329211 0.13
19 37 3 35683 951468 0.13
20 38 3 35684 29845 0.13
21 39 3 35685 7004 0.13
22 40 3 35686 21050 0.13
23 41 3 35687 189272 0.13
24 42 3 35688 65374 0.13
25 43 3 35689 26072898 0.13
26 44 3 35690 711921 0.13
27 45 3 35691 6783 0.13
28 46 3 35692 8553330 0.13
29 47 3 35693 547592 0.13
30 48 3 35694 64386 0.13
31 49 3 35695 3764247 0.13
32 50 3 35696 1664997 0.13
33 51 3 35697 316492 0.13
34 52 3 35698 26283 0.13
35 53 3 35699 705698 0.13
36 54 3 35700 2559415 0.13
37 55 3 35701 674105 0.13
38 56 3 35702 953875 0.13
39 57 3 35703 69328 0.13
40 58 3 35704 14589 0.13
41 59 3 35705 8041734 0.13
42 60 3 35706 65761 0.13
43 61 3 35707 73188 0.13
44 62 3 35708 50297 0.13
45 63 3 35709 6308 0.13
46 0 3 35710 38521 0.13
47 1 3 35711 585262 0.13
48 2 3 35712 1312288 0.13
49 3 3 35713 70261 0.13
50 4 3 35714 5666 0.13
51 5 3 35715 86800 0.13
52 6 3 35716 4266086 0.13
53 7 3 35717 44818 0.13
54 8 3 35718 21399 0.13
55 9 3 35719 721530 0.13
56 10 3 35720 10329 0.13
57 11 3 35721 3821102 0.13
58 12 3 35722 90982 0.13
59 13 3 35723 9767013 0.13
60 14 3 35724 39903 0.13
61 15 3 35725 2088 0.13
62 16 3 35726 1752469 0.13
63 17 3 35727 1498766 0.13
0 19 3 35728 1857563 0.13
1 20 3 35729 3100260 0.13
2 21 3 35730 69842 0.13
3 22 3 35731 196236 0.13
4 23 3 35732 2985931 0.13
5 24 3 35733 42425 0.13
6 25 3 35734 73442 0.13
7 26 3 35735 628968 0.13
8 27 3 35736 50565 0.13
9 28 3 35737 11076 0.13
10 29 3 35738 4937786 0.13
11 30 3 35739 81548 0.13
12 31 3 35740 5648809 0.13
13 32 3 35741 424558 0.13
14 33 3 35742 7404 0.13
15 34 3 35743 18683 0.13
16 35 3 35744 13528 0.13
17 36 3 35745 21340 0.13
18 37 3 35746 1360620 0.13
19 38 3 35747 1870986 0.13
20 39 3 35748 504669 0.13
21 40 3 35749 60162 0.13
22 41 3 35750 30116 0.13
23 42 3 35751 65003 0.13
24 43 3 35752 25162 0.13
25 44 3 35753 2205913 0.13
26 45 3 35754 28060867 0.13
27 46 3 35755 60289 0.13
28 47 3 35756 1163172 0.13
29 48 3 35757 25448 0.13
30 49 3 35758 16048353 0.13
31 50 3 35759 755527 0.13
32 51 3 35760 70570 0.13
33 52 3 35761 2280724 0.13
34 53 3 35762 2615452 0.13
35 54 3 35763 24555 0.13
36 55 3 35764 29084 0.13
37 56 3 35765 124521 0.13
38 57 3 35766 1136444 0.13
39 58 3 35767 151838 0.13
40 59 3 35768 26462663 0.13
41 60 3 35769 77277 0.13
42 61 3 35770 21675 0.13
43 62 3 35771 7773577 0.13
44 63 3 35772 44572 0.13
45 0 3 35773 1665832 0.13
46 1 3 35774 2327 0.13
47 2 3 35775 64187 0.13
48 3 3 35776 18192 0.13
49 4 3 35777 2739369 0.13
50 5 3 35778 6061 0.13
51 6 3 35779 4448 0.13
52 7 3 35780 39586 0.13
53 8 3 35781 822436 0.13
54 9 3 35782 672427 0.13
55 10 3 35783 2357 0.13
56 11 3 35784 6388 0.13
57 12 3 35785 1497046 0.13
58 13 3 35786 7865515 0.13
59 14 3 35787 63848 0.13
60 15 3 35788 1905776 0.13
61 16 3 35789 26971 0.13
62 17 3 35790 2279 0.13
63 18 3 35791 102278 0.13
0 20 3 35792 1007291 0.13
1 21 3 35793 15619 0.13
2 22 3 35794 79769 0.13
3 23 3 35795 32763 0.13
4 24 3 35796 5850 0.13
5 25 3 35797 5276099 0.13
6 26 3 35798 11219 0.13
7 27 3 35799 1492611 0.13
8 28 3 35800 43033 0.13
9 29 3 35801 2312668 0.13
10 30 3 35802 23635 0.13
11 31 3 35803 113732 0.13
12 32 3 35804 1914611 0.13
13 33 3 35805 174932 0.13
14 34 3 35806 60423 0.13
15 35 3 35807 814847 0.13
16 36 3 35808 40588 0.13
17 37 3 35809 19588 0.13
18 38 3 35810 56562 0.13
19 39 3 35811 29904787 0.13
20 40 3 35812 43602 0.13
21 41 3 35813 790453 0.13
22 42 3 35814 41209 0.13
23 43 3 35815 79351 0.13
24 44 3 35816 51735 0.13
25 45 3 35817 70549 0.13
26 46 3 35818 62566 0.13
27 47 3 35819 8627 0.13
28 48 3 35820 94281 0.13
29 49 3 35821 27009 0.13
30 50 3 35822 4976 0.13
31 51 3 35823 21363 0.13
32 52 3 35824 2025363 0.13
33 53 3 35825 2608185 0.13
34 54 3 35826 1532815 0.13
35 55 3 35827 296734 0.13
36 56 3 35828 4208 0.13
37 57 3 35829 17912 0.13
38 58 3 35830 228808 0.13
39 59 3 35831 5769683 0.13
40 60 3 35832 31977 0.13
41 61 3 35833 71345 0.13
42 62 3 35834 31951 0.13
43 63 3 35835 315892 0.13
44 0 3 35836 57433 0.13
45 1 3 35837 3531975 0.13
46 2 3 35838 6634577 0.13
47 3 3 35839 32729 0.13
48 4 3 35840 1122674 0.13
49 5 3 35841 1271799 0.13
50 6 3 35842 53241 0.13
51 7 3 35843 1686255 0.13
52 8 3 35844 4533167 0.13
53 9 3 35845 8621003 0.13
54 10 3 35846 26803 0.13
55 11 3 35847 9518964 0.13
56 12 3 35848 19203 0.13
57 13 3 35849 1676439 0.13
58 14 3 35850 12261438 0.13
59 15 3 35851 740484 0.13
60 16 3 35852 713544 0.13
61 17 3 35853 6012355 0.13
62 18 3 35854 788355 0.13
63 19 3 35855 22832 0.13
0 21 3 35856 42841 0.13
1 22 3 35857 431122 0.13
2 23 3 35858 3304427 0.13
3 24 3 35859 132662 0.13
4 25 3 35860 10673 0.13
5 26 3 35861 2730862 0.13
6 27 3 35862 76230 0.13
7 28 3 35863 12872952 0.13
8 29 3 35864 38541 0.13
9 30 3 35865 8470253 0.13
10 31 3 35866 755107 0.13
11 32 3 35867 23728 0.13
12 33 3 35868 1294597 0.13
13 34 3 35869 2293343 0.13
14 35 3 35870 8283982 0.13
15 36 3 35871 1075419 0.13
16 37 3 35872 1999193 0.13
17 38 3 35873 9319 0.13
18 39 3 35874 74595 0.13
19 40 3 35875 1635873 0.13
20 41 3 35876 48068 0.13
21 42 3 35877 7783880 0.13
22 43 3 35878 6294 0.13
23 44 3 35879 2307436 0.13
24 45 3 35880 777753 0.13
25 46 3 35881 9065290 0.13
26 47 3 35882 1967638 0.13
27 48 3 35883 13249 0.13
28 49 3 35884 26385 0.13
29 50 3 35885 661398 0.13
30 51 3 35886 34454 0.13
31 52 3 35887 11813 0.13
32 53 3 35888 45522 0.13
33 54 3 35889 6662350 0.13
34 55 3 35890 175281 0.13
35 56 3 35891 1897181 0.13
36 57 3 35892 108378 0.13
37 58 3 35893 2180862 0.13
38 59 3 35894 9739 0.13
39 60 3 35895 36629 0.13
40 61 3 35896 349570 0.13
41 62 3 35897 31226 0.13
42 63 3 35898 14497138 0.13
43 0 3 35899 1587790 0.13
44 1 3 35900 61885 0.13
45 2 3 35901 26410 0.13
46 3 3 35902 432923 0.13
47 4 3 35903 45508 0.13
48 5 3 35904 44460 0.13
49 6 3 35905 21477 0.13
50 7 3 35906 44956 0.13
51 8 3 35907 2569161 0.13
52 9 3 35908 28016 0.13
53 10 3 35909 6752452 0.13
54 11 3 35910 6750 0.13
55 12 3 35911 5828 0.13
56 13 3 35912 1724653 0.13
57 14 3 35913 83983 0.13
58 15 3 35914 3500050 0.13
59 16 3 35915 5363227 0.13
60 17 3 35916 38521 0.13
61 18 3 35917 21382 0.13
62 19 3 35918 6526170 0.13
63 20 3 35919 17516 0.13
0 22 3 35920 9740794 0.13
1 23 3 35921 897195 0.13
2 24 3 35922 9550 0.13
3 25 3 35923 20607 0.13
4 26 3 35924 2765884 0.13
5 27 3 35925 547745 0.13
6 28 3 35926 6021 0.13
7 29 3 35927 188192 0.13
8 30 3 35928 60282 0.13
9 31 3 35929 8658548 0.13
10 32 3 35930 56655 0.13
11 33 3 35931 30181 0.13
12 34 3 35932 5980 0.13
13 35 3 35933 1785943 0.13
14 36 3 35934 27945 0.13
15 37 3 35935 72305 0.13
16 38 3 35936 4618 0.13
17 39 3 35937 46400 0.13
18 40 3 35938 8766 0.13
19 41 3 35939 2205 0.13
20 42 3 35940 4215 0.13
21 43 3 35941 695006 0.13
22 44 3 35942 24383 0.13
23 45 3 35943 24293 0.13
24 46 3 35944 26696 0.13
25 47 3 35945 3176 0.13
26 48 3 35946 5821 0.13
27 49 3 35947 16916 0.13
28 50 3 35948 13796 0.13
29 51 3 35949 20705 0.13
30 52 3 35950 47833 0.13
31 53 3 35951 19119 0.13
32 54 3 35952 74959 0.13
33 55 3 35953 4353491 0.13
34 56 3 35954 48978 0.13
35 57 3 35955 29107 0.13
36 58 3 35956 5566974 0.13
37 59 3 35957 2449 0.13
38 60 3 35958 153731 0.13
39 61 3 35959 24256384 0.13
40 62 3 35960 691201 0.13
41 63 3 35961 69192 0.13
42 0 3 35962 6672 0.13
43 1 3 35963 103079 0.13
44 2 3 35964 1754796 0.13
45 3 3 35965 45443 0.13
46 4 3 35966 1404626 0.13
47 5 3 35967 44635 0.13
48 6 3 35968 69196 0.13
49 7 3 35969 633645 0.13
50 8 3 35970 912343 0.13
51 9 3 35971 3597 0.13
52 10 3 35972 53700 0.13
53 11 3 35973 9175794 0.13
54 12 3 35974 72843 0.13
55 13 3 35975 2390 0.13
56 14 3 35976 106743 0.13
57 15 3 35977 3366663 0.13
58 16 3 35978 48950 0.13
59 17 3 35979 2491 0.13
60 18 3 35980 29980 0.13
61 19 3 35981 73308 0.13
62 20 3 35982 2417672 0.13
63 21 3 35983 22237 0.13
0 23 3 35984 22618 0.13
1 24 3 35985 2813305 0.13
2 25 3 35986 12367 0.13
3 26 3 35987 3348519 0.13
4 27 3 35988 634730 0.13
5 28 3 35989 1958452 0.13
6 29 3 35990 25670 0.13
7 30 3 35991 56784 0.13
8 31 3 35992 29851 0.13
9 32 3 35993 180838 0.13
10 33 3 35994 4832 0.13
11 34 3 35995 2326 0.13
12 35 3 35996 1179240 0.13
13 36 3 35997 877490 0.13
14 37 3 35998 23069 0.13
15 38 3 35999 853846 0.13
16 39 3 36000 47380 0.13
17 40 3 36001 5837337 0.13
18 41 3 36002 1960846 0.13
19 42 3 36003 147076 0.13
20 43 3 36004 9661151 0.13
21 44 3 36005 1193181 0.13
22 45 3 36006 1506888 0.13
23 46 3 36007 561383 0.13
24 47 3 36008 22946 0.13
25 48 3 36009 8455 0.13
26 49 3 36010 2430521 0.13
27 50 3 36011 28699342 0.13
28 51 3 36012 1051675 0.13
29 52 3 36013 193456 0.13
30 53 3 36014 861416 0.13
31 54 3 36015 7870 0.13
32 55 3 36016 3840 0.13
33 56 3 36017 3901290 0.13
34 57 3 36018 129119 0.13
35 58 3 36019 5988 0.13
36 59 3 36020 49421 0.13
37 60 3 36021 105421 0.13
38 61 3 36022 164989 0.13
39 62 3 36023 64895 0.13
40 63 3 36024 2053 0.13
41 0 3 36025 27727 0.13
42 1 3 36026 7429 0.13
43 2 3 36027 36422 0.13
44 3 3 36028 24660 0.13
45 4 3 36029 197190 0.13
46 5 3 36030 500930 0.13
47 6 3 36031 49594 0.13
48 7 3 36032 9083 0.13
49 8 3 36033 4238876 0.13
50 9 3 36034 8757182 0.13
51 10 3 36035 50352 0.13
52 11 3 36036 2017 0.13
53 12 3 36037 14846 0.13
54 13 3 36038 55410 0.13
55 14 3 36039 1349705 0.13
56 15 3 36040 1567312 0.13
57 16 3 36041 114976 0.13
58 17 3 36042 75394 0.13
59 18 3 36043 43367 0.13
60 19 3 36044 27634 0.13
61 20 3 36045 2052 0.13
62 21 3 36046 3945184 0.13
63 22 3 36047 7004033 0.13
0 24 3 36048 23190 0.13
1 25 3 36049 1727026 0.13
2 26 3 36050 43611 0.13
3 27 3 36051 23079 0.13
4 28 3 36052 73881 0.13
5 29 3 36053 29804 0.13
6 30 3 36054 859543 0.13
7 31 3 36055 372460 0.13
8 32 3 36056 4787 0.13
9 33 3 36057 51904 0.13
10 34 3 36058 61223 0.13
11 35 3 36059 4561685 0.13
12 36 3 36060 35254 0.13
13 37 3 36061 4912 0.13
14 38 3 36062 32299 0.13
15 39 3 36063 6305448 0.13
16 40 3 36064 45476 0.13
17 41 3 36065 21767 0.13
18 42 3 36066 922141 0.13
19 43 3 36067 39032 0.13
20 44 3 36068 2179 0.13
21 45 3 36069 12584 0.13
22 46 3 36070 4704 0.13
23 47 3 36071 2461 0.13
24 48 3 36072 2234215 0.13
25 49 3 36073 5189 0.13
26 50 3 36074 5777295 0.13
27 51 3 36075 24454 0.13
28 52 3 36076 5074 0.13
29 53 3 36077 36083 0.13
30 54 3 36078 76129 0.13
31 55 3 36079 478287 0.13
32 56 3 36080 1065337 0.13
33 57 3 36081 142162 0.13
34 58 3 36082 2059 0.13
35 59 3 36083 22054 0.13
36 60 3 36084 2240783 0.13
37 61 3 36085 3869685 0.13
38 62 3 36086 62414 0.13
39 63 3 36087 71411 0.13
40 0 3 36088 71448 0.13
41 1 3 36089 3710608 0.13
42 2 3 36090 994070 0.13
43 3 3 36091 18449 0.13
44 4 3 36092 39079 0.13
45 5 3 36093 73150 0.13
46 6 3 36094 5539619 0.13
47 7 3 36095 4797551 0.13
48 8 3 36096 30692 0.13
49 9 3 36097 8365 0.13
50 10 3 36098 5719723 0.13
51 11 3 36099 989176 0.13
52 12 3 36100 2024 0.13
53 13 3 36101 5525 0.13
54 14 3 36102 48432 0.13
55 15 3 36103 98635 0.13
56 16 3 36104 23185 0.13
57 17 3 36105 476739 0.13
58 18 3 36106 123338 0.13
59 19 3 36107 34152 0.13
60 20 3 36108 23906 0.13
61 21 3 36109 47036 0.13
62 22 3 36110 25886 0.13
63 23 3 36111 1560541 0.13
0 25 3 36112 62356 0.13
1 26 3 36113 2981850 0.13
2 27 3 36114 63270 0.13
3 28 3 36115 3970082 0.13
4 29 3 36116 58211 0.13
5 30 3 36117 3244 0.13
6 31 3 36118 47554 0.13
7 32 3 36119 22444 0.13
8 33 3 36120 34919 0.13
9 34 3 36121 8869199 0.13
10 35 3 36122 3283747 0.13
11 36 3 36123 7229985 0.13
12 37 3 36124 1990380 0.13
13 38 3 36125 62703 0.13
14 39 3 36126 480179 0.13
15 40 3 36127 3261053 0.13
16 41 3 36128 3282756 0.13
17 42 3 36129 512422 0.13
18 43 3 36130 66712 0.13
19 44 3 36131 23633 0.13
20 45 3 36132 22764 0.13
21 46 3 36133 15409 0.13
22 47 3 36134 165961 0.13
23 48 3 36135 54661 0.13
24 49 3 36136 2861516 0.13
25 50 3 36137 1252944 0.13
26 51 3 36138 36666 0.13
27 52 3 36139 1549300 0.13
28 53 3 36140 73047 0.13
29 54 3 36141 16682768 0.13
30 55 3 36142 26363241 0.13
31 56 3 36143 38057 0.13
32 57 3 36144 1794816 0.13
33 58 3 36145 30438 0.13
34 59 3 36146 28090 0.13
35 60 3 36147 85707 0.13
36 61 3 36148 2409 0.13
37 62 3 36149 30694 0.13
38 63 3 36150 4197376 0.13
39 0 3 36151 58951 0.13
40 1 3 36152 2059784 0.13
41 2 3 36153 3310918 0.13
42 3 3 36154 99545 0.13
43 4 3 36155 23884778 0.13
44 5 3 36156 47403 0.13
45 6 3 36157 3693372 0.13
46 7 3 36158 3353765 0.13
47 8 3 36159 12439 0.13
48 9 3 36160 2602 0.13
49 10 3 36161 190316 0.13
50 11 3 36162 3461300 0.13
51 12 3 36163 4730013 0.13
52 13 3 36164 41975 0.13
53 14 3 36165 165236 0.13
54 15 3 36166 4693140 0.13
55 16 3 36167 2082388 0.13
56 17 3 36168 53128 0.13
57 18 3 36169 7389 0.13
58 19 3 36170 6600 0.13
59 20 3 36171 69411 0.13
60 21 3 36172 25486307 0.13
61 22 3 36173 66766 0.13
62 23 3 36174 31334 0.13
63 24 3 36175 61440 0.13
0 26 3 36176 28993 0.13
1 27 3 36177 1431797 0.13
2 28 3 36178 54229 0.13
3 29 3 36179 64154 0.13
4 30 3 36180 75785 0.13
5 31 3 36181 1902488 0.13
6 32 3 36182 10340 0.13
7 33 3 36183 47480 0.13
8 34 3 36184 159911 0.13
9 35 3 36185 29604 0.13
10 36 3 36186 37570 0.13
11 37 3 36187 8090952 0.13
12 38 3 36188 842401 0.13
13 39 3 36189 1582117 0.13
14 40 3 36190 165662 0.13
15 41 3 36191 270840 0.13
16 42 3 36192 25782 0.13
17 43 3 36193 882249 0.13
18 44 3 36194 79636 0.13
19 45 3 36195 39774 0.13
20 46 3 36196 53891 0.13
21 47 3 36197 3285529 0.13
22 48 3 36198 45791 0.13
23 49 3 36199 183084 0.13
24 50 3 36200 195644 0.13
25 51 3 36201 6583495 0.13
26 52 3 36202 8846987 0.13
27 53 3 36203 1178287 0.13
28 54 3 36204 51782 0.13
29 55 3 36205 21848 0.13
30 56 3 36206 8577 0.13
31 57 3 36207 52253 0.13
32 58 3 36208 110619 0.13
33 59 3 36209 2283 0.13
34 60 3 36210 1675297 0.13
35 61 3 36211 59890 0.13
36 62 3 36212 59393 0.13
37 63 3 36213 62972 0.13
38 0 3 36214 193388 0.13
39 1 3 36215 65781 0.13
40 2 3 36216 1568688 0.13
41 3 3 36217 20512 0.13
42 4 3 36218 140001 0.13
43 5 3 36219 2762434 0.13
44 6 3 36220 9545 0.13
45 7 3 36221 22282 0.13
46 8 3 36222 65792 0.13
47 9 3 36223 16747 0.13
48 10 3 36224 1454291 0.13
49 11 3 36225 1587992 0.13
50 12 3 36226 60162 0.13
51 13 3 36227 760639 0.13
52 14 3 36228 4977 0.13
53 15 3 36229 8310891 0.13
54 16 3 36230 1592893 0.13
55 17 3 36231 22237326 0.13
56 18 3 36232 7856 0.13
57 19 3 36233 120969 0.13
58 20 3 36234 54486 0.13
59 21 3 36235 17486 0.13
60 22 3 36236 1929737 0.13
61 23 3 36237 51584 0.13
62 24 3 36238 9773984 0.13
63 25 3 36239 625264 0.13
0 27 3 36240 13585 0.13
1 28 3 36241 20171 0.13
2 29 3 36242 23182 0.13
3 30 3 36243 875287 0.13
4 31 3 36244 1763158 0.13
5 32 3 36245 2632 0.13
6 33 3 36246 9447 0.13
7 34 3 36247 334260 0.13
8 35 3 36248 7076700 0.13
9 36 3 36249 25223 0.13
10 37 3 36250 45817 0.13
11 38 3 36251 1874980 0.13
12 39 3 36252 2431860 0.13
13 40 3 36253 4687909 0.13
14 41 3 36254 3035554 0.13
15 42 3 36255 8709484 0.13
16 43 3 36256 45569 0.13
17 44 3 36257 19940449 0.13
18 45 3 36258 25859 0.13
19 46 3 36259 22656 0.13
20 47 3 36260 6223589 0.13
21 48 3 36261 49765 0.13
22 49 3 36262 38757 0.13
23 50 3 36263 8441 0.13
24 51 3 36264 38204 0.13
25 52 3 36265 93175 0.13
26 53 3 36266 48357 0.13
27 54 3 36267 1785280 0.13
28 55 3 36268 197918 0.13
29 56 3 36269 5324 0.13
30 57 3 36270 74426 0.13
31 58 3 36271 24244 0.13
32 59 3 36272 1154024 0.13
33 60 3 36273 2480 0.13
34 61 3 36274 1854698 0.13
35 62 3 36275 3844576 0.13
36 63 3 36276 26490 0.13
37 0 3 36277 81821 0.13
38 1 3 36278 2840839 0.13
39 2 3 36279 37266 0.13
40 3 3 36280 82928 0.13
41 4 3 36281 1798723 0.13
42 5 3 36282 38128 0.13
43 6 3 36283 6530 0.13
44 7 3 36284 9417612 0.13
45 8 3 36285 454009 0.13
46 9 3 36286 1646686 0.13
47 10 3 36287 77757 0.13
48 11 3 36288 2049 0.13
49 12 3 36289 13343 0.13
50 13 3 36290 40012 0.13
51 14 3 36291 32203 0.13
52 15 3 36292 9453 0.13
53 16 3 36293 2064837 0.13
54 17 3 36294 34796 0.13
55 18 3 36295 12951022 0.13
56 19 3 36296 52353 0.13
57 20 3 36297 25571922 0.13
58 21 3 36298 10415315 0.13
59 22 3 36299 43032 0.13
60 23 3 36300 2021431 0.13
61 24 3 36301 68385 0.13
62 25 3 36302 3789195 0.13
63 26 3 36303 8656898 0.13
0 28 3 36304 115397 0.13
1 29 3 36305 500333 0.13
2 30 3 36306 60760 0.13
3 31 3 36307 49377 0.13
4 32 3 36308 829884 0.13
5 33 3 36309 2393 0.13
6 34 3 36310 1221067 0.13
7 35 3 36311 8639669 0.13
8 36 3 36312 13756 0.13
9 37 3 36313 24910 0.13
10 38 3 36314 4261 0.13
11 39 3 36315 68585 0.13
12 40 3 36316 5140315 0.13
13 41 3 36317 5512 0.13
14 42 3 36318 9917059 0.13
15 43 3 36319 5254784 0.13
16 44 3 36320 131741 0.13
17 45 3 36321 9604147 0.13
18 46 3 36322 6607403 0.13
19 47 3 36323 8672894 0.13
20 48 3 36324 1756858 0.13
21 49 3 36325 694665 0.13
22 50 3 36326 97049 0.13
23 51 3 36327 66609 0.13
24 52 3 36328 78726 0.13
25 53 3 36329 69392 0.13
26 54 3 36330 6406111 0.13
27 55 3 36331 77552 0.13
28 56 3 36332 20298 0.13
29 57 3 36333 1975810 0.13
30 58 3 36334 4340 0.13
31 59 3 36335 2043163 0.13
32 60 3 36336 2166973 0.13
33 61 3 36337 144086 0.13
34 62 3 36338 1972035 0.13
35 63 3 36339 14736 0.13
36 0 3 36340 2523024 0.13
37 1 3 36341 67051 0.13
38 2 3 36342 732264 0.13
39 3 3 36343 48460 0.13
40 4 3 36344 30083 0.13
41 5 3 36345 56256 0.13
42 6 3 36346 23445 0.13
43 7 3 36347 1602417 0.13
44 8 3 36348 100403 0.13
45 9 3 36349 74590 0.13
46 10 3 36350 66386 0.13
47 11 3 36351 2096 0.13
48 12 3 36352 4500 0.13
49 13 3 36353 2384 0.13
50 14 3 36354 79324 0.13
51 15 3 36355 32443 0.13
52 16 3 36356 878197 0.13
53 17 3 36357 10012 0.13
54 18 3 36358 2116 0.13
55 19 3 36359 848844 0.13
56 20 3 36360 1306225 0.13
57 21 3 36361 648668 0.13
58 22 3 36362 2018 0.13
59 23 3 36363 1231585 0.13
60 24 3 36364 70561 0.13
61 25 3 36365 29755 0.13
62 26 3 36366 8365388 0.13
63 27 3 36367 3677 0.13
0 29 3 36368 27542 0.13
1 30 3 36369 72682 0.13
2 31 3 36370 8999 0.13
3 32 3 36371 3946650 0.13
4 33 3 36372 3770 0.13
5 34 3 36373 4053312 0.13
6 35 3 36374 26906 0.13
7 36 3 36375 53473 0.13
8 37 3 36376 4233384 0.13
9 38 3 36377 33907 0.13
10 39 3 36378 1397214 0.13
11 40 3 36379 1799189 0.13
12 41 3 36380 41102 0.13
13 42 3 36381 51327 0.13
14 43 3 36382 844367 0.13
15 44 3 36383 60919 0.13
16 45 3 36384 27577 0.13
17 46 3 36385 2757099 0.13
18 47 3 36386 22981 0.13
19 48 3 36387 1213105 0.13
20 49 3 36388 2878 0.13
21 50 3 36389 87806 0.13
22 51 3 36390 1670021 0.13
23 52 3 36391 29235 0.13
24 53 3 36392 102033 0.13
25 54 3 36393 7775087 0.13
26 55 3 36394 17727 0.13
27 56 3 36395 2066 0.13
28 57 3 36396 9828238 0.13
29 58 3 36397 74851 0.13
30 59 3 36398 71556 0.13
31 60 3 36399 5149061 0.13
32 61 3 36400 910355 0.13
33 62 3 36401 21616 0.13
34 63 3 36402 88414 0.13
35 0 3 36403 554113 0.13
36 1 3 36404 56056 0.13
37 2 3 36405 1956209 0.13
38 3 3 36406 3932858 0.13
39 4 3 36407 37114 0.13
40 5 3 36408 15215497 0.13
41 6 3 36409 10705 0.13
42 7 3 36410 8766 0.13
43 8 3 36411 69713 0.13
44 9 3 36412 26789 0.13
45 10 3 36413 709278 0.13
46 11 3 36414 38448 0.13
47 12 3 36415 1036948 0.13
48 13 3 36416 367686 0.13
49 14 3 36417 63916 0.13
50 15 3 36418 5695 0.13
51 16 3 36419 2423 0.13
52 17 3 36420 6548 0.13
53 18 3 36421 57450 0.13
54 19 3 36422 274435 0.13
55 20 3 36423 3410699 0.13
56 21 3 36424 69243 0.13
57 22 3 36425 8578 0.13
58 23 3 36426 339401 0.13
59 24 3 36427 40079 0.13
60 25 3 36428 151069 0.13
61 26 3 36429 2449 0.13
62 27 3 36430 3451573 0.13
63 28 3 36431 10947 0.13
0 30 3 36432 1238225 0.13
1 31 3 36433 40566 0.13
2 32 3 36434 23827 0.13
3 33 3 36435 1050319 0.13
4 34 3 36436 9966526 0.13
5 35 3 36437 61529 0.13
6 36 3 36438 2018 0.13
7 37 3 36439 26865 0.13
8 38 3 36440 579561 0.13
9 39 3 36441 19540 0.13
10 40 3 36442 67680 0.13
11 41 3 36443 38093 0.13
12 42 3 36444 12305 0.13
13 43 3 36445 5677942 0.13
14 44 3 36446 38734 0.13
15 45 3 36447 9619036 0.13
16 46 3 36448 453062 0.13
17 47 3 36449 44390 0.13
18 48 3 36450 34542 0.13
19 49 3 36451 7991 0.13
20 50 3 36452 56774 0.13
21 51 3 36453 21101 0.13
22 52 3 36454 234864 0.13
23 53 3 36455 60068 0.13
24 54 3 36456 28242 0.13
25 55 3 36457 12974 0.13
26 56 3 36458 2096 0.13
27 57 3 36459 1875580 0.13
28 58 3 36460 36849 0.13
29 59 3 36461 7594296 0.13
30 60 3 36462 30540 0.13
31 61 3 36463 3776341 0.13
32 62 3 36464 26612681 0.13
33 63 3 36465 9512300 0.13
34 0 3 36466 6052878 0.13
35 1 3 36467 29902 0.13
36 2 3 36468 2321080 0.13
37 3 3 36469 2801775 0.13
38 4 3 36470 170555 0.13
39 5 3 36471 11690 0.13
40 6 3 36472 8422 0.13
41 7 3 36473 210321 0.13
42 8 3 36474 77030 0.13
43 9 3 36475 106423 0.13
44 10 3 36476 944804 0.13
45 11 3 36477 15563 0.13
46 12 3 36478 625082 0.13
47 13 3 36479 8747833 0.13
48 14 3 36480 9846165 0.13
49 15 3 36481 6066695 0.13
50 16 3 36482 1276172 0.13
51 17 3 36483 23563 0.13
52 18 3 36484 6714590 0.13
53 19 3 36485 57902 0.13
54 20 3 36486 1894037 0.13
55 21 3 36487 68465 0.13
56 22 3 36488 4456055 0.13
57 23 3 36489 25788 0.13
58 24 3 36490 18253 0.13
59 25 3 36491 31143 0.13
60 26 3 36492 437316 0.13
61 27 3 36493 38521 0.13
62 28 3 36494 30860 0.13
63 29 3 36495 4902071 0.13
0 31 3 36496 77436 0.13
1 32 3 36497 12958 0.13
2 33 3 36498 12990835 0.13
3 34 3 36499 45278 0.13
4 35 3 36500 67666 0.13
5 36 3 36501 37511 0.13
6 37 3 36502 51407 0.13
7 38 3 36503 1110039 0.13
8 39 3 36504 31477 0.13
9 40 3 36505 4829813 0.13
10 41 3 36506 3996469 0.13
11 42 3 36507 580715 0.13
12 43 3 36508 3047534 0.13
13 44 3 36509 307066 0.13
14 45 3 36510 150893 0.13
15 46 3 36511 1628992 0.13
16 47 3 36512 22639 0.13
17 48 3 36513 7006841 0.13
18 49 3 36514 578192 0.13
19 50 3 36515 525659 0.13
20 51 3 36516 8028 0.13
21 52 3 36517 66361 0.13
22 53 3 36518 3924319 0.13
23 54 3 36519 9357768 0.13
24 55 3 36520 411873 0.13
25 56 3 36521 1209949 0.13
26 57 3 36522 144498 0.13
27 58 3 36523 2047 0.13
28 59 3 36524 3607 0.13
29 60 3 36525 992013 0.13
30 61 3 36526 69137 0.13
31 62 3 36527 67972 0.13
32 63 3 36528 8195 0.13
33 0 3 36529 4369433 0.13
34 1 3 36530 51273 0.13
35 2 3 36531 956182 0.13
36 3 3 36532 9928963 0.13
37 4 3 36533 2998681 0.13
38 5 3 36534 8071 0.13
39 6 3 36535 26169 0.13
40 7 3 36536 10757 0.13
41 8 3 36537 2274 0.13
42 9 3 36538 52905 0.13
43 10 3 36539 199306 0.13
44 11 3 36540 2713 0.13
45 12 3 36541 1604746 0.13
46 13 3 36542 1178324 0.13
47 14 3 36543 26843 0.13
48 15 3 36544 2905526 0.13
49 16 3 36545 13028268 0.13
50 17 3 36546 5883629 0.13
51 18 3 36547 830159 0.13
52 19 3 36548 9864 0.13
53 20 3 36549 24172 0.13
54 21 3 36550 8158766 0.13
55 22 3 36551 7091 0.13
56 23 3 36552 63872 0.13
57 24 3 36553 2587767 0.13
58 25 3 36554 49200 0.13
59 26 3 36555 5817333 0.13
60 27 3 36556 25862 0.13
61 28 3 36557 9285829 0.13
62 29 3 36558 35651 0.13
63 30 3 36559 151276 0.13
0 32 3 36560 1879595 0.13
1 33 3 36561 4364060 0.13
2 34 3 36562 473075 0.13
3 35 3 36563 78085 0.13
4 36 3 36564 8069 0.13
5 37 3 36565 283011 0.13
6 38 3 36566 22277 0.13
7 39 3 36567 15927618 0.13
8 40 3 36568 286555 0.13
9 41 3 36569 20034936 0.13
10 42 3 36570 27289 0.13
11 43 3 36571 2033820 0.13
12 44 3 36572 12716 0.13
13 45 3 36573 157500 0.13
14 46 3 36574 498971 0.13
15 47 3 36575 3021923 0.13
16 48 3 36576 9487655 0.13
17 49 3 36577 579045 0.13
18 50 3 36578 34608 0.13
19 51 3 36579 53982 0.13
20 52 3 36580 53562 0.13
21 53 3 36581 948316 0.13
22 54 3 36582 1875166 0.13
23 55 3 36583 1972503 0.13
24 56 3 36584 4769 0.13
25 57 3 36585 40582 0.13
26 58 3 36586 3891337 0.13
27 59 3 36587 2099 0.13
28 60 3 36588 13762 0.13
29 61 3 36589 57217 0.13
30 62 3 36590 5912552 0.13
31 63 3 36591 1417538 0.13
32 0 3 36592 64993 0.13
33 1 3 36593 1793724 0.13
34 2 3 36594 50619 0.13
35 3 3 36595 2052 0.13
36 4 3 36596 1197029 0.13
37 5 3 36597 9459 0.13
38 6 3 36598 136173 0.13
39 7 3 36599 156541 0.13
40 8 3 36600 1031710 0.13
41 9 3 36601 489239 0.13
42 10 3 36602 57459 0.13
43 11 3 36603 3272806 0.13
44 12 3 36604 51518 0.13
45 13 3 36605 3939958 0.13
46 14 3 36606 559369 0.13
47 15 3 36607 30221 0.13
48 16 3 36608 61910 0.13
49 17 3 36609 70513 0.13
50 18 3 36610 3261040 0.13
51 19 3 36611 1056648 0.13
52 20 3 36612 33619 0.13
53 21 3 36613 669269 0.13
54 22 3 36614 2674 0.13
55 23 3 36615 6505494 0.13
56 24 3 36616 15207 0.13
57 25 3 36617 24858 0.13
58 26 3 36618 50127 0.13
59 27 3 36619 71394 0.13
60 28 3 36620 9488 0.13
61 29 3 36621 1053294 0.13
62 30 3 36622 3281 0.13
63 31 3 36623 57584 0.13
0 33 3 36624 8597471 0.13
1 34 3 36625 2342743 0.13
2 35 3 36626 26763 0.13
3 36 3 36627 150121 0.13
4 37 3 36628 375782 0.13
5 38 3 36629 31155 0.13
6 39 3 36630 23119 0.13
7 40 3 36631 156403 0.13
8 41 3 36632 178540 0.13
9 42 3 36633 27717 0.13
10 43 3 36634 3610149 0.13
11 44 3 36635 1393417 0.13
12 45 3 36636 774950 0.13
13 46 3 36637 3953792 0.13
14 47 3 36638 1911845 0.13
15 48 3 36639 911117 0.13
16 49 3 36640 14903 0.13
17 50 3 36641 65879 0.13
18 51 3 36642 951305 0.13
19 52 3 36643 36874 0.13
20 53 3 36644 19625 0.13
21 54 3 36645 2817064 0.13
22 55 3 36646 2779862 0.13
23 56 3 36647 5902 0.13
24 57 3 36648 22131 0.13
25 58 3 36649 2098 0.13
26 59 3 36650 68785 0.13
27 60 3 36651 27723 0.13
28 61 3 36652 24855 0.13
29 62 3 36653 4944386 0.13
30 63 3 36654 833713 0.13
31 0 3 36655 2533 0.13
32 1 3 36656 20506848 0.13
33 2 3 36657 55330 0.13
34 3 3 36658 6117 0.13
35 4 3 36659 15742 0.13
36 5 3 36660 29312 0.13
37 6 3 36661 67458 0.13
38 7 3 36662 25349 0.13
39 8 3 36663 468328 0.13
40 9 3 36664 94971 0.13
41 10 3 36665 18175 0.13
42 11 3 36666 2567954 0.13
43 12 3 36667 11456 0.13
44 13 3 36668 24172 0.13
45 14 3 36669 39368 0.13
46 15 3 36670 34839 0.13
47 16 3 36671 4083 0.13
48 17 3 36672 2475 0.13
49 18 3 36673 24853 0.13
50 19 3 36674 8565 0.13
51 20 3 36675 5708 0.13
52 21 3 36676 2211 0.13
53 22 3 36677 1087017 0.13
54 23 3 36678 43127 0.13
55 24 3 36679 41298 0.13
56 25 3 36680 87408 0.13
57 26 3 36681 72766 0.13
58 27 3 36682 2119154 0.13
59 28 3 36683 9001583 0.13
60 29 3 36684 26677 0.13
61 30 3 36685 28444610 0.13
62 31 3 36686 2662 0.13
63 32 3 36687 10377 0.13
0 34 3 36688 4860828 0.13
1 35 3 36689 2534589 0.13
2 36 3 36690 800829 0.13
3 37 3 36691 8307379 0.13
4 38 3 36692 48654 0.13
5 39 3 36693 3984 0.13
6 40 3 36694 189253 0.13
7 41 3 36695 11253 0.13
8 42 3 36696 2390366 0.13
9 43 3 36697 3675527 0.13
10 44 3 36698 8527 0.13
11 45 3 36699 23257 0.13
12 46 3 36700 2023531 0.13
13 47 3 36701 2307 0.13
14 48 3 36702 69918 0.13
15 49 3 36703 76970 0.13
16 50 3 36704 176655 0.13
17 51 3 36705 3334415 0.13
18 52 3 36706 2668866 0.13
19 53 3 36707 1327600 0.13
20 54 3 36708 4577780 0.13
21 55 3 36709 5244190 0.13
22 56 3 36710 39859 0.13
23 57 3 36711 1429225 0.13
24 58 3 36712 1292259 0.13
25 59 3 36713 32012 0.13
26 60 3 36714 9357000 0.13
27 61 3 36715 7257185 0.13
28 62 3 36716 12737665 0.13
29 63 3 36717 331763 0.13
30 0 3 36718 4234585 0.13
31 1 3 36719 6806 0.13
32 2 3 36720 936052 0.13
33 3 3 36721 3749645 0.13
34 4 3 36722 32811 0.13
35 5 3 36723 72194 0.13
36 6 3 36724 7702 0.13
37 7 3 36725 7272879 0.13
38 8 3 36726 57440 0.13
39 9 3 36727 23061 0.13
40 10 3 36728 9199459 0.13
41 11 3 36729 454428 0.13
42 12 3 36730 8516 0.13
43 13 3 36731 27766 0.13
44 14 3 36732 24603 0.13
45 15 3 36733 3196866 0.13
46 16 3 36734 57057 0.13
47 17 3 36735 1449805 0.13
48 18 3 36736 8730 0.13
49 19 3 36737 3562223 0.13
50 20 3 36738 770808 0.13
51 21 3 36739 4178247 0.13
52 22 3 36740 657065 0.13
53 23 3 36741 4753319 0.13
54 24 3 36742 1161189 0.13
55 25 3 36743 23744 0.13
56 26 3 36744 8513 0.13
57 27 3 36745 4220024 0.13
58 28 3 36746 2003 0.13
59 29 3 36747 58265 0.13
60 30 3 36748 4121 0.13
61 31 3 36749 2387 0.13
62 32 3 36750 10768 0.13
63 33 3 36751 32878 0.13
0 35 3 36752 135503 0.13
1 36 3 36753 47082 0.13
2 37 3 36754 2260270 0.13
3 38 3 36755 741156 0.13
4 39 3 36756 54621 0.13
5 40 3 36757 60475 0.13
6 41 3 36758 4317933 0.13
7 42 3 36759 31214 0.13
8 43 3 36760 886708 0.13
9 44 3 36761 941843 0.13
10 45 3 36762 55182 0.13
11 46 3 36763 5921707 0.13
12 47 3 36764 74273 0.13
13 48 3 36765 1451629 0.13
14 49 3 36766 187761 0.13
15 50 3 36767 6744 0.13
16 51 3 36768 4505 0.13
17 52 3 36769 28452 0.13
18 53 3 36770 1543103 0.13
19 54 3 36771 1327341 0.13
20 55 3 36772 3487373 0.13
21 56 3 36773 1326795 0.13
22 57 3 36774 199821 0.13
23 58 3 36775 69752 0.13
24 59 3 36776 76179 0.13
25 60 3 36777 73269 0.13
26 61 3 36778 5871 0.13
27 62 3 36779 189537 0.13
28 63 3 36780 2343 0.13
29 0 3 36781 1992486 0.13
30 1 3 36782 4874936 0.13
31 2 3 36783 651549 0.13
32 3 3 36784 47174 0.13
33 4 3 36785 24307 0.13
34 5 3 36786 78385 0.13
35 6 3 36787 51761 0.13
36 7 3 36788 74982 0.13
37 8 3 36789 1077215 0.13
38 9 3 36790 1338591 0.13
39 10 3 36791 5201 0.13
40 11 3 36792 2519006 0.13
41 12 3 36793 40644 0.13
42 13 3 36794 54722 0.13
43 14 3 36795 192944 0.13
44 15 3 36796 25340776 0.13
45 16 3 36797 421684 0.13
46 17 3 36798 686706 0.13
47 18 3 36799 46361 0.13
48 19 3 36800 25507321 0.13
49 20 3 36801 1587454 0.13
50 21 3 36802 90804 0.13
51 22 3 36803 12062 0.13
52 23 3 36804 68146 0.13
53 24 3 36805 78616 0.13
54 25 3 36806 2060 0.13
55 26 3 36807 8517599 0.13
56 27 3 36808 1145356 0.13
57 28 3 36809 11318 0.13
58 29 3 36810 2008 0.13
59 30 3 36811 506548 0.13
60 31 3 36812 121101 0.13
61 32 3 36813 785836 0.13
62 33 3 36814 8117115 0.13
63 34 3 36815 29038 0.13
0 36 3 36816 10867 0.13
1 37 3 36817 18631 0.13
2 38 3 36818 21077 0.13
3 39 3 36819 54609 0.13
4 40 3 36820 2088 0.13
5 41 3 36821 76715 0.13
6 42 3 36822 1271517 0.13
7 43 3 36823 1119208 0.13
8 44 3 36824 2217 0.13
9 45 3 36825 85943 0.13
10 46 3 36826 2496 0.13
11 47 3 36827 50078 0.13
12 48 3 36828 60025 0.13
13 49 3 36829 4529238 0.13
14 50 3 36830 1602350 0.13
15 51 3 36831 172551 0.13
16 52 3 36832 22430421 0.13
17 53 3 36833 44245 0.13
18 54 3 36834 532345 0.13
19 55 3 36835 39335 0.13
20 56 3 36836 28405 0.13
21 57 3 36837 111928 0.13
22 58 3 36838 52689 0.13
23 59 3 36839 4750962 0.13
24 60 3 36840 26021 0.13
25 61 3 36841 68647 0.13
26 62 3 36842 138797 0.13
27 63 3 36843 8129951 0.13
28 0 3 36844 45783 0.13
29 1 3 36845 76562 0.13
30 2 3 36846 54120 0.13
31 3 3 36847 44514 0.13
32 4 3 36848 4051919 0.13
33 5 3 36849 37525 0.13
34 6 3 36850 71097 0.13
35 7 3 36851 6078 0.13
36 8 3 36852 55766 0.13
37 9 3 36853 40864 0.13
38 10 3 36854 2439 0.13
39 11 3 36855 750682 0.13
40 12 3 36856 1956052 0.13
41 13 3 36857 2630804 0.13
42 14 3 36858 20722 0.13
43 15 3 36859 30734 0.13
44 16 3 36860 6866308 0.13
45 17 3 36861 5258 0.13
46 18 3 36862 2484 0.13
47 19 3 36863 406534 0.13
48 20 3 36864 58975 0.13
49 21 3 36865 180407 0.13
50 22 3 36866 9723 0.13
51 23 3 36867 1197591 0.13
52 24 3 36868 8776 0.13
53 25 3 36869 79828 0.13
54 26 3 36870 9380346 0.13
55 27 3 36871 56582 0.13
56 28 3 36872 1584217 0.13
57 29 3 36873 21392 0.13
58 30 3 36874 1705303 0.13
59 31 3 36875 1035058 0.13
60 32 3 36876 68948 0.13
61 33 3 36877 24195 0.13
62 34 3 36878 816055 0.13
63 35 3 36879 5959 0.13
0 37 3 36880 71952 0.13
1 38 3 36881 126644 0.13
2 39 3 36882 6661 0.13
3 40 3 36883 1827647 0.13
4 41 3 36884 3189477 0.13
5 42 3 36885 6618 0.13
6 43 3 36886 28317 0.13
7 44 3 36887 68573 0.13
8 45 3 36888 10739 0.13
9 46 3 36889 3563417 0.13
10 47 3 36890 9486 0.13
11 48 3 36891 718290 0.13
12 49 3 36892 9079 0.13
13 50 3 36893 44989 0.13
14 51 3 36894 2541935 0.13
15 52 3 36895 37403 0.13
16 53 3 36896 2150 0.13
17 54 3 36897 3046 0.13
18 55 3 36898 38420 0.13
19 56 3 36899 182606 0.13
20 57 3 36900 2251 0.13
21 58 3 36901 25685243 0.13
22 59 3 36902 1199211 0.13
23 60 3 36903 726463 0.13
24 61 3 36904 176255 0.13
25 62 3 36905 115248 0.13
26 63 3 36906 20878 0.13
27 0 3 36907 3399076 0.13
28 1 3 36908 50337 0.13
29 2 3 36909 63441 0.13
30 3 3 36910 77791 0.13
31 4 3 36911 68071 0.13
32 5 3 36912 31971 0.13
33 6 3 36913 5817 0.13
34 7 3 36914 21455 0.13
35 8 3 36915 20219 0.13
36 9 3 36916 1935543 0.13
37 10 3 36917 28209 0.13
38 11 3 36918 79111 0.13
39 12 3 36919 1724470 0.13
40 13 3 36920 3160 0.13
41 14 3 36921 2232 0.13
42 15 3 36922 4562 0.13
43 16 3 36923 22340 0.13
44 17 3 36924 11477 0.13
45 18 3 36925 31442 0.13
46 19 3 36926 7631314 0.13
47 20 3 36927 20610540 0.13
48 21 3 36928 71165 0.13
49 22 3 36929 12438831 0.13
50 23 3 36930 27797 0.13
51 24 3 36931 58696 0.13
52 25 3 36932 145380 0.13
53 26 3 36933 9412421 0.13
54 27 3 36934 52948 0.13
55 28 3 36935 23579751 0.13
56 29 3 36936 53072 0.13
57 30 3 36937 47497 0.13
58 31 3 36938 75842 0.13
59 32 3 36939 72276 0.13
60 33 3 36940 18930 0.13
61 34 3 36941 5984 0.13
62 35 3 36942 245083 0.13
63 36 3 36943 45518 0.13
0 38 3 36944 9621 0.13
1 39 3 36945 11040 0.13
2 40 3 36946 1779890 0.13
3 41 3 36947 454691 0.13
4 42 3 36948 2898 0.13
5 43 3 36949 13186 0.13
6 44 3 36950 24981 0.13
7 45 3 36951 8371 0.13
8 46 3 36952 4899187 0.13
9 47 3 36953 28696 0.13
10 48 3 36954 44456 0.13
11 49 3 36955 1435580 0.13
12 50 3 36956 61909 0.13
13 51 3 36957 3440206 0.13
14 52 3 36958 8818134 0.13
15 53 3 36959 16890 0.13
16 54 3 36960 4516 0.13
17 55 3 36961 43792 0.13
18 56 3 36962 138049 0.13
19 57 3 36963 2413 0.13
20 58 3 36964 26239 0.13
21 59 3 36965 6644838 0.13
22 60 3 36966 3525218 0.13
23 61 3 36967 13200 0.13
24 62 3 36968 3861719 0.13
25 63 3 36969 4476850 0.13
26 0 3 36970 2059 0.13
27 1 3 36971 3861 0.13
28 2 3 36972 50587 0.13
29 3 3 36973 2412 0.13
30 4 3 36974 101025 0.13
31 5 3 36975 7180 0.13
32 6 3 36976 15938 0.13
33 7 3 36977 164196 0.13
34 8 3 36978 70260 0.13
35 9 3 36979 119986 0.13
36 10 3 36980 1713241 0.13
37 11 3 36981 69826 0.13
38 12 3 36982 313690 0.13
39 13 3 36983 172062 0.13
40 14 3 36984 46323 0.13
41 15 3 36985 18740 0.13
42 16 3 36986 4802 0.13
43 17 3 36987 9242 0.13
44 18 3 36988 48181 0.13
45 19 3 36989 34591 0.13
46 20 3 36990 117123 0.13
47 21 3 36991 2360542 0.13
48 22 3 36992 3733321 0.13
49 23 3 36993 30549 0.13
50 24 3 36994 11058 0.13
51 25 3 36995 9579 0.13
52 26 3 36996 1992447 0.13
53 27 3 36997 25952 0.13
54 28 3 36998 123408 0.13
55 29 3 36999 25106 0.13
56 30 3 37000 104376 0.13
57 31 3 37001 48577 0.13
58 32 3 37002 1241869 0.13
59 33 3 37003 24431 0.13
60 34 3 37004 64189 0.13
61 35 3 37005 64313 0.13
62 36 3 37006 30040 0.13
63 37 3 37007 2387 0.13
0 39 3 37008 8072995 0.13
1 40 3 37009 3127944 0.13
2 41 3 37010 4144626 0.13
3 42 3 37011 5957128 0.13
4 43 3 37012 2254 0.13
5 44 3 37013 10499 0.13
6 45 3 37014 832319 0.13
7 46 3 37015 450387 0.13
8 47 3 37016 2365199 0.13
9 48 3 37017 6434763 0.13
10 49 3 37018 1879862 0.13
11 50 3 37019 234262 0.13
12 51 3 37020 24853 0.13
13 52 3 37021 155005 0.13
14 53 3 37022 2032 0.13
15 54 3 37023 4968 0.13
16 55 3 37024 26369 0.13
17 56 3 37025 7191383 0.13
18 57 3 37026 1879561 0.13
19 58 3 37027 4200725 0.13
20 59 3 37028 144904 0.13
21 60 3 37029 1443571 0.13
22 61 3 37030 2924578 0.13
23 62 3 37031 2437481 0.13
24 63 3 37032 2127123 0.13
25 0 3 37033 325108 0.13
26 1 3 37034 1336376 0.13
27 2 3 37035 3409967 0.13
28 3 3 37036 45673 0.13
29 4 3 37037 662220 0.13
30 5 3 37038 198709 0.13
31 6 3 37039 4651725 0.13
32 7 3 37040 1262811 0.13
33 8 3 37041 52124 0.13
34 9 3 37042 118076 0.13
35 10 3 37043 1770626 0.13
36 11 3 37044 28946 0.13
37 12 3 37045 9915885 0.13
38 13 3 37046 22044 0.13
39 14 3 37047 4494 0.13
40 15 3 37048 5526 0.13
41 16 3 37049 1556184 0.13
42 17 3 37050 76692 0.13
43 18 3 37051 6869 0.13
44 19 3 37052 3735960 0.13
45 20 3 37053 3646861 0.13
46 21 3 37054 467904 0.13
47 22 3 37055 32410 0.13
48 23 3 37056 8484095 0.13
49 24 3 37057 38361 0.13
50 25 3 37058 5014 0.13
51 26 3 37059 1038713 0.13
52 27 3 37060 11314 0.13
53 28 3 37061 489447 0.13
54 29 3 37062 60369 0.13
55 30 3 37063 178136 0.13
56 31 3 37064 2011 0.13
57 32 3 37065 32363 0.13
58 33 3 37066 2347 0.13
59 34 3 37067 42231 0.13
60 35 3 37068 2006 0.13
61 36 3 37069 1448401 0.13
62 37 3 37070 1923849 0.13
63 38 3 37071 2200164 0.13
0 40 3 37072 5195352 0.13
1 41 3 37073 62285 0.13
2 42 3 37074 29591 0.13
3 43 3 37075 2525846 0.13
4 44 3 37076 63562 0.13
5 45 3 37077 21268 0.13
6 46 3 37078 2123 0.13
7 47 3 37079 6365 0.13
8 48 3 37080 2279726 0.13
9 49 3 37081 40737 0.13
10 50 3 37082 5744637 0.13
11 51 3 37083 27176 0.13
12 52 3 37084 67031 0.13
13 53 3 37085 8311852 0.13
14 54 3 37086 10493 0.13
15 55 3 37087 35624 0.13
16 56 3 37088 14477790 0.13
17 57 3 37089 199388 0.13
18 58 3 37090 1905594 0.13
19 59 3 37091 62690 0.13
20 60 3 37092 26772 0.13
21 61 3 37093 22248 0.13
22 62 3 37094 3735543 0.13
23 63 3 37095 7668506 0.13
24 0 3 37096 26552 0.13
25 1 3 37097 345895 0.13
26 2 3 37098 166784 0.13
27 3 3 37099 6507653 0.13
28 4 3 37100 78906 0.13
29 5 3 37101 2018 0.13
30 6 3 37102 8040584 0.13
31 7 3 37103 24693 0.13
32 8 3 37104 6523 0.13
33 9 3 37105 22875 0.13
34 10 3 37106 1477939 0.13
35 11 3 37107 29252595 0.13
36 12 3 37108 28893 0.13
37 13 3 37109 17164 0.13
38 14 3 37110 440588 0.13
39 15 3 37111 9533699 0.13
40 16 3 37112 3956 0.13
41 17 3 37113 3003670 0.13
42 18 3 37114 2084 0.13
43 19 3 37115 13565 0.13
44 20 3 37116 1590775 0.13
45 21 3 37117 61750 0.13
46 22 3 37118 23374 0.13
47 23 3 37119 3575 0.13
48 24 3 37120 567230 0.13
49 25 3 37121 2439 0.13
50 26 3 37122 70517 0.13
51 27 3 37123 8425110 0.13
52 28 3 37124 24143 0.13
53 29 3 37125 883560 0.13
54 30 3 37126 2316 0.13
55 31 3 37127 2190 0.13
56 32 3 37128 86540 0.13
57 33 3 37129 51395 0.13
58 34 3 37130 36457 0.13
59 35 3 37131 51616 0.13
60 36 3 37132 5623 0.13
61 37 3 37133 34423 0.13
62 38 3 37134 49232 0.13
63 39 3 37135 47699 0.13
0 41 3 37136 28862 0.13
1 42 3 37137 3300 0.13
2 43 3 37138 59418 0.13
3 44 3 37139 8613087 0.13
4 45 3 37140 50001 0.13
5 46 3 37141 199052 0.13
6 47 3 37142 4304419 0.13
7 48 3 37143 45714 0.13
8 49 3 37144 484620 0.13
9 50 3 37145 172362 0.13
10 51 3 37146 77421 0.13
11 52 3 37147 27162 0.13
12 53 3 37148 25232 0.13
13 54 3 37149 3853 0.13
14 55 3 37150 2060 0.13
15 56 3 37151 597051 0.13
16 57 3 37152 51220 0.13
17 58 3 37153 6521 0.13
18 59 3 37154 22151866 0.13
19 60 3 37155 6525226 0.13
20 61 3 37156 62921 0.13
21 62 3 37157 65815 0.13
22 63 3 37158 1534935 0.13
23 0 3 37159 60272 0.13
24 1 3 37160 8548869 0.13
25 2 3 37161 1652189 0.13
26 3 3 37162 22192 0.13
27 4 3 37163 68570 0.13
28 5 3 37164 155637 0.13
29 6 3 37165 31988 0.13
30 7 3 37166 19454 0.13
31 8 3 37167 20198 0.13
32 9 3 37168 23486945 0.13
33 10 3 37169 2326 0.13
34 11 3 37170 79493 0.13
35 12 3 37171 6851 0.13
36 13 3 37172 4549014 0.13
37 14 3 37173 59773 0.13
38 15 3 37174 154973 0.13
39 16 3 37175 1588896 0.13
40 17 3 37176 2964421 0.13
41 18 3 37177 25133658 0.13
42 19 3 37178 27803 0.13
43 20 3 37179 2148 0.13
44 21 3 37180 6565259 0.13
45 22 3 37181 26804 0.13
46 23 3 37182 29372 0.13
47 24 3 37183 8200941 0.13
48 25 3 37184 2304611 0.13
49 26 3 37185 36837 0.13
50 27 3 37186 186145 0.13
51 28 3 37187 61016 0.13
52 29 3 37188 22744 0.13
53 30 3 37189 23329 0.13
54 31 3 37190 695835 0.13
55 32 3 37191 30607 0.13
56 33 3 37192 139390 0.13
57 34 3 37193 51651 0.13
58 35 3 37194 1013296 0.13
59 36 3 37195 38488 0.13
60 37 3 37196 7865941 0.13
61 38 3 37197 22881 0.13
62 39 3 37198 20425602 0.13
63 40 3 37199 68471 0.13
0 42 3 37200 837648 0.13
1 43 3 37201 2556305 0.13
2 44 3 37202 1268927 0.13
3 45 3 37203 42038 0.13
4 46 3 37204 5490821 0.13
5 47 3 37205 4293022 0.13
6 48 3 37206 1571312 0.13
7 49 3 37207 32223 0.13
8 50 3 37208 957854 0.13
9 51 3 37209 175428 0.13
10 52 3 37210 16022 0.13
11 53 3 37211 412061 0.13
12 54 3 37212 16631151 0.13
13 55 3 37213 21444 0.13
14 56 3 37214 47183 0.13
15 57 3 37215 6933 0.13
16 58 3 37216 1396991 0.13
17 59 3 37217 67912 0.13
18 60 3 37218 2944151 0.13
19 61 3 37219 23535 0.13
20 62 3 37220 26299740 0.13
21 63 3 37221 21645 0.13
22 0 3 37222 145014 0.13
23 1 3 37223 30687 0.13
24 2 3 37224 56362 0.13
25 3 3 37225 5931330 0.13
26 4 3 37226 27304 0.13
27 5 3 37227 71994 0.13
28 6 3 37228 1227744 0.13
29 7 3 37229 7078175 0.13
30 8 3 37230 19215 0.13
31 9 3 37231 1462482 0.13
32 10 3 37232 131698 0.13
33 11 3 37233 39799 0.13
34 12 3 37234 79088 0.13
35 13 3 37235 3734678 0.13
36 14 3 37236 9982064 0.13
37 15 3 37237 24360 0.13
38 16 3 37238 373873 0.13
39 17 3 37239 3972702 0.13
40 18 3 37240 670824 0.13
41 19 3 37241 47604 0.13
42 20 3 37242 62285 0.13
43 21 3 37243 5474 0.13
44 22 3 37244 1012953 0.13
45 23 3 37245 24021971 0.13
46 24 3 37246 9211349 0.13
47 25 3 37247 27347 0.13
48 26 3 37248 20075 0.13
49 27 3 37249 7949 0.13
50 28 3 37250 1651061 0.13
51 29 3 37251 6243642 0.13
52 30 3 37252 48103 0.13
53 31 3 37253 7658970 0.13
54 32 3 37254 57020 0.13
55 33 3 37255 43058 0.13
56 34 3 37256 130082 0.13
57 35 3 37257 6101 0.13
58 36 3 37258 4181408 0.13
59 37 3 37259 2742695 0.13
60 38 3 37260 64424 0.13
61 39 3 37261 8023 0.13
62 40 3 37262 4425089 0.13
63 41 3 37263 7714 0.13
0 43 3 37264 8899 0.13
1 44 3 37265 2159 0.13
2 45 3 37266 979887 0.13
3 46 3 37267 178482 0.13
4 47 3 37268 298844 0.13
5 48 3 37269 7461626 0.13
6 49 3 37270 44198 0.13
7 50 3 37271 26297 0.13
8 51 3 37272 30451 0.13
9 52 3 37273 20862 0.13
10 53 3 37274 187193 0.13
11 54 3 37275 951693 0.13
12 55 3 37276 61044 0.13
13 56 3 37277 6129 0.13
14 57 3 37278 29597 0.13
15 58 3 37279 14786871 0.13
16 59 3 37280 567105 0.13
17 60 3 37281 42123 0.13
18 61 3 37282 2024 0.13
19 62 3 37283 4217931 0.13
20 63 3 37284 198799 0.13
21 0 3 37285 23733 0.13
22 1 3 37286 691295 0.13
23 2 3 37287 67408 0.13
24 3 3 37288 3197839 0.13
25 4 3 37289 5933 0.13
26 5 3 37290 98868 0.13
27 6 3 37291 49023 0.13
28 7 3 37292 8840330 0.13
29 8 3 37293 171184 0.13
30 9 3 37294 10183 0.13
31 10 3 37295 34430 0.13
32 11 3 37296 234693 0.13
33 12 3 37297 3567338 0.13
34 13 3 37298 2833 0.13
35 14 3 37299 2151 0.13
36 15 3 37300 6708324 0.13
37 16 3 37301 47886 0.13
38 17 3 37302 2751 0.13
39 18 3 37303 2472 0.13
40 19 3 37304 4614 0.13
41 20 3 37305 9172858 0.13
42 21 3 37306 2570501 0.13
43 22 3 37307 737778 0.13
44 23 3 37308 1498459 0.13
45 24 3 37309 4821 0.13
46 25 3 37310 35340 0.13
47 26 3 37311 4165 0.13
48 27 3 37312 3928 0.13
49 28 3 37313 175005 0.13
50 29 3 37314 18505 0.13
51 30 3 37315 25792 0.13
52 31 3 37316 25237 0.13
53 32 3 37317 1713160 0.13
54 33 3 37318 387892 0.13
55 34 3 37319 76370 0.13
56 35 3 37320 9145 0.13
57 36 3 37321 5140 0.13
58 37 3 37322 23098 0.13
59 38 3 37323 2458 0.13
60 39 3 37324 1398669 0.13
61 40 3 37325 75844 0.13
62 41 3 37326 641188 0.13
63 42 3 37327 18643 0.13
0 44 3 37328 3610833 0.13
1 45 3 37329 728075 0.13
2 46 3 37330 45093 0.13
3 47 3 37331 153646 0.13
4 48 3 37332 2586 0.13
5 49 3 37333 843193 0.13
6 50 3 37334 8579414 0.13
7 51 3 37335 5943252 0.13
8 52 3 37336 2597557 0.13
9 53 3 37337 3580921 0.13
10 54 3 37338 68016 0.13
11 55 3 37339 19328 0.13
12 56 3 37340 7297696 0.13
13 57 3 37341 4150 0.13
14 58 3 37342 26369 0.13
15 59 3 37343 26239 0.13
16 60 3 37344 7989 0.13
17 61 3 37345 810152 0.13
18 62 3 37346 8138251 0.13
19 63 3 37347 65277 0.13
20 0 3 37348 424776 0.13
21 1 3 37349 425037 0.13
22 2 3 37350 52928 0.13
23 3 3 37351 5074621 0.13
24 4 3 37352 42560 0.13
25 5 3 37353 33401 0.13
26 6 3 37354 54382 0.13
27 7 3 37355 247267 0.13
28 8 3 37356 8115 0.13
29 9 3 37357 4027 0.13
30 10 3 37358 24209977 0.13
31 11 3 37359 109057 0.13
32 12 3 37360 4363593 0.13
33 13 3 37361 2113 0.13
34 14 3 37362 21332 0.13
35 15 3 37363 4712 0.13
36 16 3 37364 1272350 0.13
37 17 3 37365 49527 0.13
38 18 3 37366 28742 0.13
39 19 3 37367 68621 0.13
40 20 3 37368 3419 0.13
41 21 3 37369 437544 0.13
42 22 3 37370 13164999 0.13
43 23 3 37371 22334 0.13
44 24 3 37372 2220 0.13
45 25 3 37373 17916 0.13
46 26 3 37374 26179 0.13
47 27 3 37375 7309 0.13
48 28 3 37376 422331 0.13
49 29 3 37377 260405 0.13
50 30 3 37378 55437 0.13
51 31 3 37379 17854 0.13
52 32 3 37380 5932918 0.13
53 33 3 37381 275913 0.13
54 34 3 37382 3628 0.13
55 35 3 37383 3428500 0.13
56 36 3 37384 57972 0.13
57 37 3 37385 2074 0.13
58 38 3 37386 24381 0.13
59 39 3 37387 22532 0.13
60 40 3 37388 161266 0.13
61 41 3 37389 3740 0.13
62 42 3 37390 151254 0.13
63 43 3 37391 22811 0.13
0 45 3 37392 15936 0.13
1 46 3 37393 38657 0.13
2 47 3 37394 1883939 0.13
3 48 3 37395 86274 0.13
4 49 3 37396 4565335 0.13
5 50 3 37397 480516 0.13
6 51 3 37398 50535 0.13
7 52 3 37399 62510 0.13
8 53 3 37400 6135 0.13
9 54 3 37401 46106 0.13
10 55 3 37402 220023 0.13
11 56 3 37403 64098 0.13
12 57 3 37404 26003 0.13
13 58 3 37405 3371433 0.13
14 59 3 37406 144577 0.13
15 60 3 37407 3369788 0.13
16 61 3 37408 13083 0.13
17 62 3 37409 17300 0.13
18 63 3 37410 17001 0.13
19 0 3 37411 319205 0.13
20 1 3 37412 1616103 0.13
21 2 3 37413 25813 0.13
22 3 3 37414 870353 0.13
23 4 3 37415 27842 0.13
24 5 3 37416 9388143 0.13
25 6 3 37417 2043044 0.13
26 7 3 37418 1469928 0.13
27 8 3 37419 56739 0.13
28 9 3 37420 1034746 0.13
29 10 3 37421 100791 0.13
30 11 3 37422 74760 0.13
31 12 3 37423 4163245 0.13
32 13 3 37424 4513812 0.13
33 14 3 37425 4206 0.13
34 15 3 37426 1831536 0.13
35 16 3 37427 22256 0.13
36 17 3 37428 2451 0.13
37 18 3 37429 25750 0.13
38 19 3 37430 239998 0.13
39 20 3 37431 77631 0.13
40 21 3 37432 34094 0.13
41 22 3 37433 73003 0.13
42 23 3 37434 4962 0.13
43 24 3 37435 36788 0.13
44 25 3 37436 1024805 0.13
45 26 3 37437 189426 0.13
46 27 3 37438 679408 0.13
47 28 3 37439 954015 0.13
48 29 3 37440 1709234 0.13
49 30 3 37441 5703306 0.13
50 31 3 37442 988803 0.13
51 32 3 37443 13379 0.13
52 33 3 37444 68803 0.13
53 34 3 37445 68209 0.13
54 35 3 37446 277998 0.13
55 36 3 37447 14346 0.13
56 37 3 37448 41266 0.13
57 38 3 37449 5857 0.13
58 39 3 37450 10388 0.13
59 40 3 37451 1132392 0.13
60 41 3 37452 26644 0.13
61 42 3 37453 48034 0.13
62 43 3 37454 23538 0.13
63 44 3 37455 13659 0.13
0 46 3 37456 52874 0.13
1 47 3 37457 4589734 0.13
2 48 3 37458 9758982 0.13
3 49 3 37459 49053 0.13
4 50 3 37460 2133 0.13
5 51 3 37461 9660 0.13
6 52 3 37462 34800 0.13
7 53 3 37463 29695 0.13
8 54 3 37464 88892 0.13
9 55 3 37465 2033 0.13
10 56 3 37466 379910 0.13
11 57 3 37467 38940 0.13
12 58 3 37468 353827 0.13
13 59 3 37469 144755 0.13
14 60 3 37470 70701 0.13
15 61 3 37471 1695618 0.13
16 62 3 37472 1214839 0.13
17 63 3 37473 10114226 0.13
18 0 3 37474 1966554 0.13
19 1 3 37475 19113 0.13
20 2 3 37476 2917350 0.13
21 3 3 37477 14497251 0.13
22 4 3 37478 3581447 0.13
23 5 3 37479 33169 0.13
24 6 3 37480 39251 0.13
25 7 3 37481 138842 0.13
26 8 3 37482 547989 0.13
27 9 3 37483 9683 0.13
28 10 3 37484 1198116 0.13
29 11 3 37485 26943 0.13
30 12 3 37486 4973 0.13
31 13 3 37487 3507 0.13
32 14 3 37488 803300 0.13
33 15 3 37489 21759336 0.13
34 16 3 37490 9512523 0.13
35 17 3 37491 62934 0.13
36 18 3 37492 21841 0.13
37 19 3 37493 79470 0.13
38 20 3 37494 9873 0.13
39 21 3 37495 41029 0.13
40 22 3 37496 9131554 0.13
41 23 3 37497 64542 0.13
42 24 3 37498 57174 0.13
43 25 3 37499 6272 0.13
44 26 3 37500 42953 0.13
45 27 3 37501 123904 0.13
46 28 3 37502 1302833 0.13
47 29 3 37503 12073 0.13
48 30 3 37504 20799 0.13
49 31 3 37505 1964826 0.13
50 32 3 37506 102355 0.13
51 33 3 37507 42298 0.13
52 34 3 37508 9017191 0.13
53 35 3 37509 2260 0.13
54 36 3 37510 8409498 0.13
55 37 3 37511 995402 0.13
56 38 3 37512 162348 0.13
57 39 3 37513 13225 0.13
58 40 3 37514 25274 0.13
59 41 3 37515 499950 0.13
60 42 3 37516 9145 0.13
61 43 3 37517 65308 0.13
62 44 3 37518 9396327 0.13
63 45 3 37519 3156814 0.13
0 47 3 37520 14256 0.13
1 48 3 37521 6850 0.13
2 49 3 37522 4639281 0.13
3 50 3 37523 863615 0.13
4 51 3 37524 78085 0.13
5 52 3 37525 20272 0.13
6 53 3 37526 14352 0.13
7 54 3 37527 59548 0.13
8 55 3 37528 1162691 0.13
9 56 3 37529 17726580 0.13
10 57 3 37530 1624966 0.13
11 58 3 37531 29060 0.13
12 59 3 37532 39787 0.13
13 60 3 37533 16778 0.13
14 61 3 37534 66600 0.13
15 62 3 37535 2032 0.13
16 63 3 37536 337461 0.13
17 0 3 37537 3348614 0.13
18 1 3 37538 114994 0.13
19 2 3 37539 9018 0.13
20 3 3 37540 66144 0.13
21 4 3 37541 2888132 0.13
22 5 3 37542 3854 0.13
23 6 3 37543 855027 0.13
24 7 3 37544 12033 0.13
25 8 3 37545 304575 0.13
26 9 3 37546 56895 0.13
27 10 3 37547 4640701 0.13
28 11 3 37548 433845 0.13
29 12 3 37549 35249 0.13
30 13 3 37550 11402 0.13
31 14 3 37551 1313689 0.13
32 15 3 37552 35447 0.13
33 16 3 37553 36403 0.13
34 17 3 37554 875449 0.13
35 18 3 37555 2097 0.13
36 19 3 37556 9071075 0.13
37 20 3 37557 4550055 0.13
38 21 3 37558 2264 0.13
39 22 3 37559 7185 0.13
40 23 3 37560 30714 0.13
41 24 3 37561 93313 0.13
42 25 3 37562 25593 0.13
43 26 3 37563 8311 0.13
44 27 3 37564 56755 0.13
45 28 3 37565 14583 0.13
46 29 3 37566 920653 0.13
47 30 3 37567 2064 0.13
48 31 3 37568 54232 0.13
49 32 3 37569 27355021 0.13
50 33 3 37570 8771 0.13
51 34 3 37571 24062 0.13
52 35 3 37572 2343 0.13
53 36 3 37573 1458222 0.13
54 37 3 37574 79757 0.13
55 38 3 37575 2014 0.13
56 39 3 37576 5315328 0.13
57 40 3 37577 757324 0.13
58 41 3 37578 862422 0.13
59 42 3 37579 4314659 0.13
60 43 3 37580 517959 0.13
61 44 3 37581 19498 0.13
62 45 3 37582 63129 0.13
63 46 3 37583 2206357 0.13
0 48 3 37584 155969 0.13
1 49 3 37585 17073960 0.13
2 50 3 37586 1675200 0.13
3 51 3 37587 9323 0.13
4 52 3 37588 9050142 0.13
5 53 3 37589 2235 0.13
6 54 3 37590 249157 0.13
7 55 3 37591 4136003 0.13
8 56 3 37592 1094642 0.13
9 57 3 37593 22111 0.13
10 58 3 37594 55083 0.13
11 59 3 37595 4995560 0.13
12 60 3 37596 56062 0.13
13 61 3 37597 47101 0.13
14 62 3 37598 128260 0.13
15 63 3 37599 1268832 0.13
16 0 3 37600 31109 0.13
17 1 3 37601 24872 0.13
18 2 3 37602 3743841 0.13
19 3 3 37603 25423 0.13
20 4 3 37604 27844 0.13
21 5 3 37605 25272 0.13
22 6 3 37606 8061955 0.13
23 7 3 37607 47906 0.13
24 8 3 37608 58283 0.13
25 9 3 37609 26390 0.13
26 10 3 37610 64840 0.13
27 11 3 37611 2241 0.13
28 12 3 37612 108449 0.13
29 13 3 37613 29014 0.13
30 14 3 37614 1343807 0.13
31 15 3 37615 118261 0.13
32 16 3 37616 5989 0.13
33 17 3 37617 1288681 0.13
34 18 3 37618 5648 0.13
35 19 3 37619 51665 0.13
36 20 3 37620 9416 0.13
37 21 3 37621 8240774 0.13
38 22 3 37622 2904066 0.13
39 23 3 37623 13991 0.13
40 24 3 37624 2017 0.13
41 25 3 37625 8367 0.13
42 26 3 37626 5712 0.13
43 27 3 37627 41732 0.13
44 28 3 37628 33570 0.13
45 29 3 37629 2090 0.13
46 30 3 37630 278716 0.13
47 31 3 37631 2181609 0.13
48 32 3 37632 322190 0.13
49 33 3 37633 15483257 0.13
50 34 3 37634 53623 0.13
51 35 3 37635 1308078 0.13
52 36 3 37636 1728363 0.13
53 37 3 37637 7773 0.13
54 38 3 37638 3093717 0.13
55 39 3 37639 1083482 0.13
56 40 3 37640 44495 0.13
57 41 3 37641 985047 0.13
58 42 3 37642 970513 0.13
59 43 3 37643 8652 0.13
60 44 3 37644 1931833 0.13
61 45 3 37645 118870 0.13
62 46 3 37646 2473 0.13
63 47 3 37647 73818 0.13
0 49 3 37648 111282 0.13
1 50 3 37649 19404059 0.13
2 51 3 37650 583373 0.13
3 52 3 37651 487688 0.13
4 53 3 37652 23501 0.13
5 54 3 37653 6516705 0.13
6 55 3 37654 1401700 0.13
7 56 3 37655 8903356 0.13
8 57 3 37656 3524998 0.13
9 58 3 37657 31212 0.13
10 59 3 37658 26705658 0.13
11 60 3 37659 14871 0.13
12 61 3 37660 37972 0.13
13 62 3 37661 4110981 0.13
14 63 3 37662 19695 0.13
15 0 3 37663 42826 0.13
16 1 3 37664 1715882 0.13
17 2 3 37665 5085 0.13
18 3 3 37666 6045388 0.13
19 4 3 37667 1762934 0.13
20 5 3 37668 2512140 0.13
21 6 3 37669 33868 0.13
22 7 3 37670 886585 0.13
23 8 3 37671 3044719 0.13
24 9 3 37672 64540 0.13
25 10 3 37673 1041243 0.13
26 11 3 37674 117994 0.13
27 12 3 37675 15433 0.13
28 13 3 37676 2371 0.13
29 14 3 37677 4771 0.13
30 15 3 37678 60417 0.13
31 16 3 37679 82612 0.13
32 17 3 37680 2093 0.13
33 18 3 37681 23795 0.13
34 19 3 37682 25472 0.13
35 20 3 37683 9560067 0.13
36 21 3 37684 2070249 0.13
37 22 3 37685 86251 0.13
38 23 3 37686 1975306 0.13
39 24 3 37687 2034 0.13
40 25 3 37688 1592323 0.13
41 26 3 37689 66358 0.13
42 27 3 37690 3103101 0.13
43 28 3 37691 57330 0.13
44 29 3 37692 1992726 0.13
45 30 3 37693 3486369 0.13
46 31 3 37694 31899 0.13
47 32 3 37695 5077960 0.13
48 33 3 37696 15618 0.13
49 34 3 37697 24436174 0.13
50 35 3 37698 22018 0.13
51 36 3 37699 9091309 0.13
52 37 3 37700 35695 0.13
53 38 3 37701 937091 0.13
54 39 3 37702 29501 0.13
55 40 3 37703 1308373 0.13
56 41 3 37704 193583 0.13
57 42 3 37705 16209 0.13
58 43 3 37706 35196 0.13
59 44 3 37707 1934516 0.13
60 45 3 37708 137481 0.13
61 46 3 37709 59912 0.13
62 47 3 37710 60365 0.13
63 48 3 37711 199287 0.13
0 50 3 37712 18369618 0.13
1 51 3 37713 5178 0.13
2 52 3 37714 844955 0.13
3 53 3 37715 1852544 0.13
4 54 3 37716 22959338 0.13
5 55 3 37717 1974809 0.13
6 56 3 37718 22349 0.13
7 57 3 37719 1086411 0.13
8 58 3 37720 1585961 0.13
9 59 3 37721 65631 0.13
10 60 3 37722 11043915 0.13
11 61 3 37723 59727 0.13
12 62 3 37724 25011 0.13
13 63 3 37725 1670542 0.13
14 0 3 37726 862629 0.13
15 1 3 37727 5143 0.13
16 2 3 37728 47810 0.13
17 3 3 37729 113415 0.13
18 4 3 37730 15937326 0.13
19 5 3 37731 3466047 0.13
20 6 3 37732 9855701 0.13
21 7 3 37733 149325 0.13
22 8 3 37734 5825979 0.13
23 9 3 37735 2353 0.13
24 10 3 37736 1565126 0.13
25 11 3 37737 4345836 0.13
26 12 3 37738 674380 0.13
27 13 3 37739 9590044 0.13
28 14 3 37740 16306 0.13
29 15 3 37741 1765876 0.13
30 16 3 37742 20141 0.13
31 17 3 37743 1093199 0.13
32 18 3 37744 191621 0.13
33 19 3 37745 45192 0.13
34 20 3 37746 2038 0.13
35 21 3 37747 76311 0.13
36 22 3 37748 27229 0.13
37 23 3 37749 57528 0.13
38 24 3 37750 1483333 0.13
39 25 3 37751 8392 0.13
40 26 3 37752 74827 0.13
41 27 3 37753 161886 0.13
42 28 3 37754 76818 0.13
43 29 3 37755 339421 0.13
44 30 3 37756 22728 0.13
45 31 3 37757 894872 0.13
46 32 3 37758 6477266 0.13
47 33 3 37759 28076 0.13
48 34 3 37760 5178846 0.13
49 35 3 37761 1404735 0.13
50 36 3 37762 1477010 0.13
51 37 3 37763 1305226 0.13
52 38 3 37764 152419 0.13
53 39 3 37765 1551013 0.13
54 40 3 37766 68268 0.13
55 41 3 37767 4515705 0.13
56 42 3 37768 3369223 0.13
57 43 3 37769 8131 0.13
58 44 3 37770 6410 0.13
59 45 3 37771 5454500 0.13
60 46 3 37772 35671 0.13
61 47 3 37773 48789 0.13
62 48 3 37774 2481 0.13
63 49 3 37775 1831457 0.13
0 51 3 37776 3468991 0.13
1 52 3 37777 21124 0.13
2 53 3 37778 814071 0.13
3 54 3 37779 1481682 0.13
4 55 3 37780 4457845 0.13
5 56 3 37781 813009 0.13
6 57 3 37782 4475444 0.13
7 58 3 37783 9642 0.13
8 59 3 37784 43099 0.13
9 60 3 37785 541667 0.13
10 61 3 37786 8098918 0.13
11 62 3 37787 3823408 0.13
12 63 3 37788 75869 0.13
13 0 3 37789 75968 0.13
14 1 3 37790 6393 0.13
15 2 3 37791 1729681 0.13
16 3 3 37792 25820 0.13
17 4 3 37793 23485 0.13
18 5 3 37794 157794 0.13
19 6 3 37795 49185 0.13
20 7 3 37796 24271 0.13
21 8 3 37797 1117642 0.13
22 9 3 37798 4896351 0.13
23 10 3 37799 2042 0.13
24 11 3 37800 2020 0.13
25 12 3 37801 23721 0.13
26 13 3 37802 178375 0.13
27 14 3 37803 323812 0.13
28 15 3 37804 16811953 0.13
29 16 3 37805 3489596 0.13
30 17 3 37806 8045659 0.13
31 18 3 37807 627786 0.13
32 19 3 37808 29718 0.13
33 20 3 37809 27669 0.13
34 21 3 37810 64435 0.13
35 22 3 37811 5046789 0.13
36 23 3 37812 675580 0.13
37 24 3 37813 4086449 0.13
38 25 3 37814 31941 0.13
39 26 3 37815 6825 0.13
40 27 3 37816 9500768 0.13
41 28 3 37817 61976 0.13
42 29 3 37818 168337 0.13
43 30 3 37819 2850168 0.13
44 31 3 37820 1438173 0.13
45 32 3 37821 8835 0.13
46 33 3 37822 521996 0.13
47 34 3 37823 6875136 0.13
48 35 3 37824 28480 0.13
49 36 3 37825 23225 0.13
50 37 3 37826 1685922 0.13
51 38 3 37827 2910337 0.13
52 39 3 37828 25676286 0.13
53 40 3 37829 6730 0.13
54 41 3 37830 48199 0.13
55 42 3 37831 7620197 0.13
56 43 3 37832 1336258 0.13
57 44 3 37833 24948 0.13
58 45 3 37834 165266 0.13
59 46 3 37835 6400227 0.13
60 47 3 37836 20929 0.13
61 48 3 37837 289791 0.13
62 49 3 37838 35877 0.13
63 50 3 37839 413397 0.13
0 52 3 37840 1106384 0.13
1 53 3 37841 144614 0.13
2 54 3 37842 2793 0.13
3 55 3 37843 2371248 0.13
4 56 3 37844 1040427 0.13
5 57 3 37845 152517 0.13
6 58 3 37846 56736 0.13
7 59 3 37847 74526 0.13
8 60 3 37848 32845 0.13
9 61 3 37849 74780 0.13
10 62 3 37850 22296 0.13
11 63 3 37851 775448 0.13
12 0 3 37852 35973 0.13
13 1 3 37853 727945 0.13
14 2 3 37854 1973682 0.13
15 3 3 37855 4043 0.13
16 4 3 37856 67758 0.13
17 5 3 37857 31886 0.13
18 6 3 37858 2714337 0.13
19 7 3 37859 23988356 0.13
20 8 3 37860 817523 0.13
21 9 3 37861 70493 0.13
22 10 3 37862 8946080 0.13
23 11 3 37863 21051 0.13
24 12 3 37864 27385797 0.13
25 13 3 37865 617237 0.13
26 14 3 37866 5850 0.13
27 15 3 37867 893666 0.13
28 16 3 37868 65224 0.13
29 17 3 37869 9092968 0.13
30 18 3 37870 5574 0.13
31 19 3 37871 6514704 0.13
32 20 3 37872 494567 0.13
33 21 3 37873 18661 0.13
34 22 3 37874 660711 0.13
35 23 3 37875 535349 0.13
36 24 3 37876 2013 0.13
37 25 3 37877 74891 0.13
38 26 3 37878 21791 0.13
39 27 3 37879 172345 0.13
40 28 3 37880 9888 0.13
41 29 3 37881 19474 0.13
42 30 3 37882 1115993 0.13
43 31 3 37883 34309 0.13
44 32 3 37884 2068 0.13
45 33 3 37885 5299284 0.13
46 34 3 37886 52030 0.13
47 35 3 37887 179203 0.13
48 36 3 37888 38013 0.13
49 37 3 37889 8852521 0.13
50 38 3 37890 36606 0.13
51 39 3 37891 1658275 0.13
52 40 3 37892 1280454 0.13
53 41 3 37893 22420 0.13
54 42 3 37894 1649793 0.13
55 43 3 37895 9428949 0.13
56 44 3 37896 7121188 0.13
57 45 3 37897 867013 0.13
58 46 3 37898 48517 0.13
59 47 3 37899 19113 0.13
60 48 3 37900 63523 0.13
61 49 3 37901 32712 0.13
62 50 3 37902 767774 0.13
63 51 3 37903 36202 0.13
0 53 3 37904 7510 0.13
1 54 3 37905 384551 0.13
2 55 3 37906 11175 0.13
3 56 3 37907 190118 0.13
4 57 3 37908 2754 0.13
5 58 3 37909 9172 0.13
6 59 3 37910 8236 0.13
7 60 3 37911 26783 0.13
8 61 3 37912 70145 0.13
9 62 3 37913 29201 0.13
10 63 3 37914 1922106 0.13
11 0 3 37915 35947 0.13
12 1 3 37916 2278 0.13
13 2 3 37917 24302 0.13
14 3 3 37918 41386 0.13
15 4 3 37919 43628 0.13
16 5 3 37920 958885 0.13
17 6 3 37921 21129696 0.13
18 7 3 37922 2392 0.13
19 8 3 37923 17971559 0.13
20 9 3 37924 2323 0.13
21 10 3 37925 52555 0.13
22 11 3 37926 66214 0.13
23 12 3 37927 4155 0.13
24 13 3 37928 54176 0.13
25 14 3 37929 31833 0.13
26 15 3 37930 7644130 0.13
27 16 3 37931 1929669 0.13
28 17 3 37932 137601 0.13
29 18 3 37933 1993206 0.13
30 19 3 37934 1991954 0.13
31 20 3 37935 6892 0.13
32 21 3 37936 12023 0.13
33 22 3 37937 116021 0.13
34 23 3 37938 24928 0.13
35 24 3 37939 701375 0.13
36 25 3 37940 5527 0.13
37 26 3 37941 478941 0.13
38 27 3 37942 67909 0.13
39 28 3 37943 1324190 0.13
40 29 3 37944 1856955 0.13
41 30 3 37945 3282166 0.13
42 31 3 37946 34985 0.13
43 32 3 37947 58676 0.13
44 33 3 37948 51204 0.13
45 34 3 37949 5437623 0.13
46 35 3 37950 13771 0.13
47 36 3 37951 9954 0.13
48 37 3 37952 15616358 0.13
49 38 3 37953 592859 0.13
50 39 3 37954 649721 0.13
51 40 3 37955 458563 0.13
52 41 3 37956 42935 0.13
53 42 3 37957 29603 0.13
54 43 3 37958 54441 0.13
55 44 3 37959 959797 0.13
56 45 3 37960 24833 0.13
57 46 3 37961 2021 0.13
58 47 3 37962 25666 0.13
59 48 3 37963 43943 0.13
60 49 3 37964 2338355 0.13
61 50 3 37965 38021 0.13
62 51 3 37966 36593 0.13
63 52 3 37967 8085 0.13
0 54 3 37968 51820 0.13
1 55 3 37969 1056927 0.13
2 56 3 37970 56623 0.13
3 57 3 37971 73012 0.13
4 58 3 37972 70143 0.13
5 59 3 37973 95314 0.13
6 60 3 37974 2060302 0.13
7 61 3 37975 32322 0.13
8 62 3 37976 1935855 0.13
9 63 3 37977 23208 0.13
10 0 3 37978 8951 0.13
11 1 3 37979 52294 0.13
12 2 3 37980 20775973 0.13
13 3 3 37981 159814 0.13
14 4 3 37982 204848 0.13
15 5 3 37983 26285 0.13
16 6 3 37984 2704417 0.13
17 7 3 37985 2304 0.13
18 8 3 37986 77588 0.13
19 9 3 37987 954247 0.13
20 10 3 37988 2744294 0.13
21 11 3 37989 50070 0.13
22 12 3 37990 45405 0.13
23 13 3 37991 685515 0.13
24 14 3 37992 2588513 0.13
25 15 3 37993 9369 0.13
26 16 3 37994 9277918 0.13
27 17 3 37995 4693759 0.13
28 18 3 37996 136238 0.13
29 19 3 37997 16748 0.13
30 20 3 37998 885215 0.13
31 21 3 37999 9973 0.13
32 22 3 38000 138686 0.13
33 23 3 38001 44904 0.13
34 24 3 38002 37431 0.13
35 25 3 38003 2144 0.13
36 26 3 38004 6334 0.13
37 27 3 38005 1732589 0.13
38 28 3 38006 2328 0.13
39 29 3 38007 546519 0.13
40 30 3 38008 6143425 0.13
41 31 3 38009 2150 0.13
42 32 3 38010 1213021 0.13
43 33 3 38011 9013265 0.13
44 34 3 38012 825721 0.13
45 35 3 38013 14528 0.13
46 36 3 38014 2907 0.13
47 37 3 38015 172603 0.13
48 38 3 38016 20878 0.13
49 39 3 38017 31867 0.13
50 40 3 38018 2275 0.13
51 41 3 38019 58405 0.13
52 42 3 38020 67451 0.13
53 43 3 38021 12717 0.13
54 44 3 38022 7160 0.13
55 45 3 38023 16464 0.13
56 46 3 38024 4171 0.13
57 47 3 38025 592427 0.13
58 48 3 38026 886936 0.13
59 49 3 38027 1549091 0.13
60 50 3 38028 2536927 0.13
61 51 3 38029 179713 0.13
62 52 3 38030 481544 0.13
63 53 3 38031 3172387 0.13
0 55 3 38032 1406326 0.13
1 56 3 38033 11510 0.13
2 57 3 38034 6418914 0.13
3 58 3 38035 1831966 0.13
4 59 3 38036 275202 0.13
5 60 3 38037 6997 0.13
6 61 3 38038 3503025 0.13
7 62 3 38039 22433 0.13
8 63 3 38040 68550 0.13
9 0 3 38041 11923 0.13
10 1 3 38042 6403162 0.13
11 2 3 38043 2394 0.13
12 3 3 38044 2895 0.13
13 4 3 38045 130101 0.13
14 5 3 38046 4533816 0.13
15 6 3 38047 75594 0.13
16 7 3 38048 618942 0.13
17 8 3 38049 60262 0.13
18 9 3 38050 27972 0.13
19 10 3 38051 62468 0.13
20 11 3 38052 2789 0.13
21 12 3 38053 28607 0.13
22 13 3 38054 130845 0.13
23 14 3 38055 70998 0.13
24 15 3 38056 99669 0.13
25 16 3 38057 4674152 0.13
26 17 3 38058 1892859 0.13
27 18 3 38059 4719923 0.13
28 19 3 38060 7395166 0.13
29 20 3 38061 3349 0.13
30 21 3 38062 18703 0.13
31 22 3 38063 11755 0.13
32 23 3 38064 681870 0.13
33 24 3 38065 2917843 0.13
34 25 3 38066 1472906 0.13
35 26 3 38067 2177 0.13
36 27 3 38068 4540 0.13
37 28 3 38069 27885958 0.13
38 29 3 38070 54935 0.13
39 30 3 38071 160436 0.13
40 31 3 38072 2711 0.13
41 32 3 38073 29113 0.13
42 33 3 38074 53682 0.13
43 34 3 38075 54404 0.13
44 35 3 38076 73831 0.13
45 36 3 38077 34808 0.13
46 37 3 38078 1406516 0.13
47 38 3 38079 27075 0.13
48 39 3 38080 51927 0.13
49 40 3 38081 3339275 0.13
50 41 3 38082 53912 0.13
51 42 3 38083 940883 0.13
52 43 3 38084 2097 0.13
53 44 3 38085 56135 0.13
54 45 3 38086 2909446 0.13
55 46 3 38087 26526 0.13
56 47 3 38088 11126 0.13
57 48 3 38089 421017 0.13
58 49 3 38090 6201133 0.13
59 50 3 38091 29549196 0.13
60 51 3 38092 15376 0.13
61 52 3 38093 64084 0.13
62 53 3 38094 62241 0.13
63 54 3 38095 65179 0.13
0 56 3 38096 25060 0.13
1 57 3 38097 71881 0.13
2 58 3 38098 5438586 0.13
3 59 3 38099 26087 0.13
4 60 3 38100 59581 0.13
5 61 3 38101 2313905 0.13
6 62 3 38102 992597 0.13
7 63 3 38103 27258 0.13
8 0 3 38104 33616 0.13
9 1 3 38105 65716 0.13
10 2 3 38106 1754361 0.13
11 3 3 38107 2700 0.13
12 4 3 38108 57840 0.13
13 5 3 38109 9382 0.13
14 6 3 38110 318573 0.13
15 7 3 38111 73105 0.13
16 8 3 38112 62406 0.13
17 9 3 38113 6519980 0.13
18 10 3 38114 107010 0.13
19 11 3 38115 11012 0.13
20 12 3 38116 78258 0.13
21 13 3 38117 1955654 0.13
22 14 3 38118 8906 0.13
23 15 3 38119 1966489 0.13
24 16 3 38120 9730 0.13
25 17 3 38121 50243 0.13
26 18 3 38122 1195530 0.13
27 19 3 38123 1074437 0.13
28 20 3 38124 1558894 0.13
29 21 3 38125 25715 0.13
30 22 3 38126 58664 0.13
31 23 3 38127 2006 0.13
32 24 3 38128 19175 0.13
33 25 3 38129 71390 0.13
34 26 3 38130 563790 0.13
35 27 3 38131 7964722 0.13
36 28 3 38132 2277 0.13
37 29 3 38133 47438 0.13
38 30 3 38134 1172353 0.13
39 31 3 38135 101854 0.13
40 32 3 38136 2052 0.13
41 33 3 38137 20126 0.13
42 34 3 38138 919789 0.13
43 35 3 38139 9549652 0.13
44 36 3 38140 50327 0.13
45 37 3 38141 31122 0.13
46 38 3 38142 66603 0.13
47 39 3 38143 4098354 0.13
48 40 3 38144 3143411 0.13
49 41 3 38145 487819 0.13
50 42 3 38146 9547 0.13
51 43 3 38147 170228 0.13
52 44 3 38148 18181 0.13
53 45 3 38149 7856 0.13
54 46 3 38150 14840 0.13
55 47 3 38151 1617520 0.13
56 48 3 38152 26250 0.13
57 49 3 38153 125676 0.13
58 50 3 38154 42192 0.13
59 51 3 38155 18654406 0.13
60 52 3 38156 778010 0.13
61 53 3 38157 27005 0.13
62 54 3 38158 3153647 0.13
63 55 3 38159 1918032 0.13
0 57 3 38160 4931 0.13
1 58 3 38161 231442 0.13
2 59 3 38162 14736078 0.13
3 60 3 38163 125200 0.13
4 61 3 38164 26169 0.13
5 62 3 38165 2098 0.13
6 63 3 38166 59228 0.13
7 0 3 38167 7211571 0.13
8 1 3 38168 7479 0.13
9 2 3 38169 2005 0.13
10 3 3 38170 76408 0.13
11 4 3 38171 1239306 0.13
12 5 3 38172 50089 0.13
13 6 3 38173 4166678 0.13
14 7 3 38174 6221 0.13
15 8 3 38175 14110 0.13
16 9 3 38176 68355 0.13
17 10 3 38177 590913 0.13
18 11 3 38178 1245311 0.13
19 12 3 38179 2836 0.13
20 13 3 38180 2810306 0.13
21 14 3 38181 3075 0.13
22 15 3 38182 22608 0.13
23 16 3 38183 55688 0.13
24 17 3 38184 110808 0.13
25 18 3 38185 44598 0.13
26 19 3 38186 59838 0.13
27 20 3 38187 45861 0.13
28 21 3 38188 995103 0.13
29 22 3 38189 584933 0.13
30 23 3 38190 29367 0.13
31 24 3 38191 4826 0.13
32 25 3 38192 2759 0.13
33 26 3 38193 12963706 0.13
34 27 3 38194 5411 0.13
35 28 3 38195 6883779 0.13
36 29 3 38196 149685 0.13
37 30 3 38197 2002 0.13
38 31 3 38198 810284 0.13
39 32 3 38199 2569 0.13
40 33 3 38200 6490 0.13
41 34 3 38201 123315 0.13
42 35 3 38202 42424 0.13
43 36 3 38203 1265127 0.13
44 37 3 38204 2059 0.13
45 38 3 38205 2474 0.13
46 39 3 38206 39603 0.13
47 40 3 38207 28905 0.13
48 41 3 38208 66974 0.13
49 42 3 38209 888620 0.13
50 43 3 38210 7163587 0.13
51 44 3 38211 22964 0.13
52 45 3 38212 861421 0.13
53 46 3 38213 15125 0.13
54 47 3 38214 4733 0.13
55 48 3 38215 23171496 0.13
56 49 3 38216 14429 0.13
57 50 3 38217 5087156 0.13
58 51 3 38218 66307 0.13
59 52 3 38219 5319081 0.13
60 53 3 38220 1905558 0.13
61 54 3 38221 66931 0.13
62 55 3 38222 587377 0.13
63 56 3 38223 795511 0.13
0 58 3 38224 631622 0.13
1 59 3 38225 3802867 0.13
2 60 3 38226 36752 0.13
3 61 3 38227 23006 0.13
4 62 3 38228 198536 0.13
5 63 3 38229 34258 0.13
6 0 3 38230 4012043 0.13
7 1 3 38231 21842729 0.13
8 2 3 38232 1481660 0.13
9 3 3 38233 25440 0.13
10 4 3 38234 1600839 0.13
11 5 3 38235 39309 0.13
12 6 3 38236 46715 0.13
13 7 3 38237 825610 0.13
14 8 3 38238 324240 0.13
15 9 3 38239 1419958 0.13
16 10 3 38240 751592 0.13
17 11 3 38241 13152 0.13
18 12 3 38242 28128 0.13
19 13 3 38243 51030 0.13
20 14 3 38244 7040 0.13
21 15 3 38245 1785603 0.13
22 16 3 38246 21118 0.13
23 17 3 38247 29172 0.13
24 18 3 38248 7939840 0.13
25 19 3 38249 1869046 0.13
26 20 3 38250 3523622 0.13
27 21 3 38251 5504 0.13
28 22 3 38252 4942139 0.13
29 23 3 38253 17530 0.13
30 24 3 38254 63519 0.13
31 25 3 38255 1809766 0.13
32 26 3 38256 300878 0.13
33 27 3 38257 22976 0.13
34 28 3 38258 60185 0.13
35 29 3 38259 55480 0.13
36 30 3 38260 1515942 0.13
37 31 3 38261 1415586 0.13
38 32 3 38262 1714463 0.13
39 33 3 38263 893816 0.13
40 34 3 38264 60912 0.13
41 35 3 38265 86125 0.13
42 36 3 38266 1435423 0.13
43 37 3 38267 5036399 0.13
44 38 3 38268 1671224 0.13
45 39 3 38269 2023 0.13
46 40 3 38270 80333 0.13
47 41 3 38271 38701 0.13
48 42 3 38272 1668217 0.13
49 43 3 38273 2250034 0.13
50 44 3 38274 63339 0.13
51 45 3 38275 197791 0.13
52 46 3 38276 2452 0.13
53 47 3 38277 42634 0.13
54 48 3 38278 29827 0.13
55 49 3 38279 1235873 0.13
56 50 3 38280 76817 0.13
57 51 3 38281 4518 0.13
58 52 3 38282 27287 0.13
59 53 3 38283 298195 0.13
60 54 3 38284 76655 0.13
61 55 3 38285 21143 0.13
62 56 3 38286 2584619 0.13
63 57 3 38287 37481 0.13
0 59 3 38288 50177 0.13
1 60 3 38289 28324 0.13
2 61 3 38290 2435 0.13
3 62 3 38291 41096 0.13
4 63 3 38292 25549 0.13
5 0 3 38293 36140 0.13
6 1 3 38294 139892 0.13
7 2 3 38295 161529 0.13
8 3 3 38296 58476 0.13
9 4 3 38297 16531 0.13
10 5 3 38298 44777 0.13
11 6 3 38299 24348 0.13
12 7 3 38300 9628 0.13
13 8 3 38301 59547 0.13
14 9 3 38302 184849 0.13
15 10 3 38303 5801 0.13
16 11 3 38304 7324 0.13
17 12 3 38305 931795 0.13
18 13 3 38306 2972 0.13
19 14 3 38307 1011345 0.13
20 15 3 38308 44388 0.13
21 16 3 38309 943852 0.13
22 17 3 38310 3957 0.13
23 18 3 38311 87255 0.13
24 19 3 38312 52390 0.13
25 20 3 38313 55605 0.13
26 21 3 38314 75771 0.13
27 22 3 38315 120976 0.13
28 23 3 38316 26977099 0.13
29 24 3 38317 34301 0.13
30 25 3 38318 22237 0.13
31 26 3 38319 13188 0.13
32 27 3 38320 24276 0.13
33 28 3 38321 2802583 0.13
34 29 3 38322 52780 0.13
35 30 3 38323 73095 0.13
36 31 3 38324 20964 0.13
37 32 3 38325 2562027 0.13
38 33 3 38326 62452 0.13
39 34 3 38327 955573 0.13
40 35 3 38328 606675 0.13
41 36 3 38329 945439 0.13
42 37 3 38330 3542642 0.13
43 38 3 38331 2041 0.13
44 39 3 38332 1593595 0.13
45 40 3 38333 4542492 0.13
46 41 3 38334 9823 0.13
47 42 3 38335 3752782 0.13
48 43 3 38336 26469 0.13
49 44 3 38337 39233 0.13
50 45 3 38338 9843259 0.13
51 46 3 38339 72001 0.13
52 47 3 38340 7316249 0.13
53 48 3 38341 2043 0.13
54 49 3 38342 3546865 0.13
55 50 3 38343 29650 0.13
56 51 3 38344 2787030 0.13
57 52 3 38345 2679078 0.13
58 53 3 38346 77009 0.13
59 54 3 38347 4531122 0.13
60 55 3 38348 69446 0.13
61 56 3 38349 1916848 0.13
62 57 3 38350 3933893 0.13
63 58 3 38351 1182616 0.13
0 60 3 38352 9272 0.13
1 61 3 38353 3496 0.13
2 62 3 38354 1586961 0.13
3 63 3 38355 28191 0.13
4 0 3 38356 11161870 0.13
5 1 3 38357 25538 0.13
6 2 3 38358 1288439 0.13
7 3 3 38359 28004 0.13
8 4 3 38360 31009 0.13
9 5 3 38361 2024 0.13
10 6 3 38362 14900 0.13
11 7 3 38363 24790 0.13
12 8 3 38364 62846 0.13
13 9 3 38365 6295 0.13
14 10 3 38366 1210581 0.13
15 11 3 38367 6346493 0.13
16 12 3 38368 857543 0.13
17 13 3 38369 21111098 0.13
18 14 3 38370 4387370 0.13
19 15 3 38371 4642 0.13
20 16 3 38372 56872 0.13
21 17 3 38373 63387 0.13
22 18 3 38374 72854 0.13
23 19 3 38375 89146 0.13
24 20 3 38376 2260165 0.13
25 21 3 38377 38827 0.13
26 22 3 38378 9524 0.13
27 23 3 38379 2965392 0.13
28 24 3 38380 16185 0.13
29 25 3 38381 60618 0.13
30 26 3 38382 8052825 0.13
31 27 3 38383 56428 0.13
32 28 3 38384 6391634 0.13
33 29 3 38385 77339 0.13
34 30 3 38386 349274 0.13
35 31 3 38387 182309 0.13
36 32 3 38388 100156 0.13
37 33 3 38389 64082 0.13
38 34 3 38390 66300 0.13
39 35 3 38391 29319 0.13
40 36 3 38392 35877 0.13
41 37 3 38393 25798 0.13
42 38 3 38394 61981 0.13
43 39 3 38395 29491 0.13
44 40 3 38396 3848 0.13
45 41 3 38397 27763 0.13
46 42 3 38398 7243 0.13
47 43 3 38399 283013 0.13
48 44 3 38400 26743585 0.13
49 45 3 38401 1220436 0.13
50 46 3 38402 167847 0.13
51 47 3 38403 935365 0.13
52 48 3 38404 21302 0.13
53 49 3 38405 26480653 0.13
54 50 3 38406 6209944 0.13
55 51 3 38407 930046 0.13
56 52 3 38408 9468642 0.13
57 53 3 38409 58068 0.13
58 54 3 38410 963035 0.13
59 55 3 38411 36574 0.13
60 56 3 38412 24030898 0.13
61 57 3 38413 21914126 0.13
62 58 3 38414 168160 0.13
63 59 3 38415 25116 0.13
0 61 3 38416 4874378 0.13
1 62 3 38417 76753 0.13
2 63 3 38418 2196 0.13
3 0 3 38419 10638 0.13
4 1 3 38420 27880 0.13
5 2 3 38421 14969310 0.13
6 3 3 38422 28634 0.13
7 4 3 38423 29460 0.13
8 5 3 38424 232342 0.13
9 6 3 38425 55061 0.13
10 7 3 38426 1883237 0.13
11 8 3 38427 39894 0.13
12 9 3 38428 7506 0.13
13 10 3 38429 4612606 0.13
14 11 3 38430 17458921 0.13
15 12 3 38431 52212 0.13
16 13 3 38432 2099522 0.13
17 14 3 38433 8888 0.13
18 15 3 38434 8585 0.13
19 16 3 38435 6542559 0.13
20 17 3 38436 4034341 0.13
21 18 3 38437 3347 0.13
22 19 3 38438 7992383 0.13
23 20 3 38439 65077 0.13
24 21 3 38440 657846 0.13
25 22 3 38441 37057 0.13
26 23 3 38442 25232 0.13
27 24 3 38443 2236 0.13
28 25 3 38444 33214 0.13
29 26 3 38445 23206 0.13
30 27 3 38446 45753 0.13
31 28 3 38447 8505 0.13
32 29 3 38448 8442 0.13
33 30 3 38449 485325 0.13
34 31 3 38450 29950 0.13
35 32 3 38451 24807 0.13
36 33 3 38452 21317 0.13
37 34 3 38453 59229 0.13
38 35 3 38454 801498 0.13
39 36 3 38455 2252788 0.13
40 37 3 38456 5970746 0.13
41 38 3 38457 1154732 0.13
42 39 3 38458 5602840 0.13
43 40 3 38459 3718 0.13
44 41 3 38460 53197 0.13
45 42 3 38461 589601 0.13
46 43 3 38462 28426 0.13
47 44 3 38463 63054 0.13
48 45 3 38464 4230132 0.13
49 46 3 38465 54239 0.13
50 47 3 38466 3847322 0.13
51 48 3 38467 1998007 0.13
52 49 3 38468 6411 0.13
53 50 3 38469 404346 0.13
54 51 3 38470 20970 0.13
55 52 3 38471 988228 0.13
56 53 3 38472 71125 0.13
57 54 3 38473 3423078 0.13
58 55 3 38474 127315 0.13
59 56 3 38475 70370 0.13
60 57 3 38476 1582961 0.13
61 58 3 38477 2466 0.13
62 59 3 38478 49018 0.13
63 60 3 38479 4430 0.13
0 62 3 38480 975635 0.13
1 63 3 38481 29880 0.13
2 0 3 38482 380663 0.13
3 1 3 38483 75536 0.13
4 2 3 38484 76215 0.13
5 3 3 38485 45341 0.13
6 4 3 38486 40727 0.13
7 5 3 38487 35220 0.13
8 6 3 38488 3001421 0.13
9 7 3 38489 4593 0.13
10 8 3 38490 7149450 0.13
11 9 3 38491 13049 0.13
12 10 3 38492 3635431 0.13
13 11 3 38493 845295 0.13
14 12 3 38494 15204 0.13
15 13 3 38495 9160 0.13
16 14 3 38496 7724402 0.13
17 15 3 38497 6062157 0.13
18 16 3 38498 78456 0.13
19 17 3 38499 97647 0.13
20 18 3 38500 57567 0.13
21 19 3 38501 2386 0.13
22 20 3 38502 6809005 0.13
23 21 3 38503 3025433 0.13
24 22 3 38504 307622 0.13
25 23 3 38505 48022 0.13
26 24 3 38506 6595890 0.13
27 25 3 38507 245765 0.13
28 26 3 38508 1611798 0.13
29 27 3 38509 15120 0.13
30 28 3 38510 73423 0.13
31 29 3 38511 11263 0.13
32 30 3 38512 941432 0.13
33 31 3 38513 84483 0.13
34 32 3 38514 28655 0.13
35 33 3 38515 4502849 0.13
36 34 3 38516 35667 0.13
37 35 3 38517 2426 0.13
38 36 3 38518 4546 0.13
39 37 3 38519 22021 0.13
40 38 3 38520 796094 0.13
41 39 3 38521 2434738 0.13
42 40 3 38522 97818 0.13
43 41 3 38523 4011431 0.13
44 42 3 38524 63908 0.13
45 43 3 38525 1926693 0.13
46 44 3 38526 1546356 0.13
47 45 3 38527 13517 0.13
48 46 3 38528 1457921 0.13
49 47 3 38529 6283154 0.13
50 48 3 38530 20798 0.13
51 49 3 38531 57520 0.13
52 50 3 38532 46327 0.13
53 51 3 38533 58418 0.13
54 52 3 38534 29297 0.13
55 53 3 38535 1876480 0.13
56 54 3 38536 7104816 0.13
57 55 3 38537 1489720 0.13
58 56 3 38538 105954 0.13
59 57 3 38539 8894 0.13
60 58 3 38540 8195791 0.13
61 59 3 38541 1024234 0.13
62 60 3 38542 1777959 0.13
63 61 3 38543 17230 0.13
0 63 3 38544 9522 0.13
1 0 3 38545 64485 0.13
2 1 3 38546 45743 0.13
3 2 3 38547 2220 0.13
4 3 3 38548 24320 0.13
5 4 3 38549 2031 0.13
6 5 3 38550 25960910 0.13
7 6 3 38551 69180 0.13
8 7 3 38552 133208 0.13
9 8 3 38553 2934855 0.13
10 9 3 38554 58684 0.13
11 10 3 38555 4599 0.13
12 11 3 38556 1433796 0.13
13 12 3 38557 51546 0.13
14 13 3 38558 726704 0.13
15 14 3 38559 22755 0.13
16 15 3 38560 22186 0.13
17 16 3 38561 501814 0.13
18 17 3 38562 39391 0.13
19 18 3 38563 4102580 0.13
20 19 3 38564 1567457 0.13
21 20 3 38565 8996975 0.13
22 21 3 38566 1042328 0.13
23 22 3 38567 68539 0.13
24 23 3 38568 38424 0.13
25 24 3 38569 55834 0.13
26 25 3 38570 18575 0.13
27 26 3 38571 602992 0.13
28 27 3 38572 3763351 0.13
29 28 3 38573 3541084 0.13
30 29 3 38574 62211 0.13
31 30 3 38575 554533 0.13
32 31 3 38576 1671034 0.13
33 32 3 38577 2915 0.13
34 33 3 38578 36118 0.13
35 34 3 38579 37931 0.13
36 35 3 38580 41290 0.13
37 36 3 38581 172590 0.13
38 37 3 38582 21832 0.13
39 38 3 38583 7965592 0.13
40 39 3 38584 1759491 0.13
41 40 3 38585 22062 0.13
42 41 3 38586 488226 0.13
43 42 3 38587 2747425 0.13
44 43 3 38588 14043 0.13
45 44 3 38589 38878 0.13
46 45 3 38590 6747698 0.13
47 46 3 38591 61114 0.13
48 47 3 38592 5828554 0.13
49 48 3 38593 32434 0.13
50 49 3 38594 12643 0.13
51 50 3 38595 25457 0.13
52 51 3 38596 1633021 0.13
53 52 3 38597 10639080 0.13
54 53 3 38598 36213 0.13
55 54 3 38599 37550 0.13
56 55 3 38600 5588700 0.13
57 56 3 38601 77970 0.13
58 57 3 38602 1264452 0.13
59 58 3 38603 1003578 0.13
60 59 3 38604 22293 0.13
61 60 3 38605 163738 0.13
62 61 3 38606 61508 0.13
63 62 3 38607 6107338 0.13
0 1 3 38608 63420 0.13
1 2 3 38609 2349 0.13
2 3 3 38610 6340 0.13
3 4 3 38611 53592 0.13
4 5 3 38612 10710658 0.13
5 6 3 38613 92749 0.13
6 7 3 38614 8881453 0.13
7 8 3 38615 41937 0.13
8 9 3 38616 172196 0.13
9 10 3 38617 501054 0.13
10 11 3 38618 3926806 0.13
11 12 3 38619 49946 0.13
12 13 3 38620 559387 0.13
13 14 3 38621 23284 0.13
14 15 3 38622 48194 0.13
15 16 3 38623 1867708 0.13
16 17 3 38624 4212606 0.13
17 18 3 38625 46022 0.13
18 19 3 38626 2050 0.13
19 20 3 38627 9564972 0.13
20 21 3 38628 27853 0.13
21 22 3 38629 769625 0.13
22 23 3 38630 4933305 0.13
23 24 3 38631 1461279 0.13
24 25 3 38632 57207 0.13
25 26 3 38633 1461108 0.13
26 27 3 38634 20722 0.13
27 28 3 38635 1116754 0.13
28 29 3 38636 388797 0.13
29 30 3 38637 3938 0.13
30 31 3 38638 918269 0.13
31 32 3 38639 28342 0.13
32 33 3 38640 218301 0.13
33 34 3 38641 40449 0.13
34 35 3 38642 65056 0.13
35 36 3 38643 915774 0.13
36 37 3 38644 2220 0.13
37 38 3 38645 673883 0.13
38 39 3 38646 55363 0.13
39 40 3 38647 12336 0.13
40 41 3 38648 819121 0.13
41 42 3 38649 26177 0.13
42 43 3 38650 32557 0.13
43 44 3 38651 3209157 0.13
44 45 3 38652 819913 0.13
45 46 3 38653 27904 0.13
46 47 3 38654 11931 0.13
47 48 3 38655 27458 0.13
48 49 3 38656 70351 0.13
49 50 3 38657 2153 0.13
50 51 3 38658 123128 0.13
51 52 3 38659 34606 0.13
52 53 3 38660 3140 0.13
53 54 3 38661 8301 0.13
54 55 3 38662 1184108 0.13
55 56 3 38663 22538 0.13
56 57 3 38664 8943943 0.13
57 58 3 38665 158721 0.13
58 59 3 38666 2219 0.13
59 60 3 38667 7386 0.13
60 61 3 38668 1213406 0.13
61 62 3 38669 74127 0.13
62 63 3 38670 5378 0.13
63 0 3 38671 1592067 0.13
0 1 3 38672 9502 0.13
1 2 3 38673 22384 0.13
2 3 3 38674 41170 0.13
3 4 3 38675 113812 0.13
4 5 3 38676 2733 0.13
5 6 3 38677 4732775 0.13
6 7 3 38678 111053 0.13
7 8 3 38679 28807723 0.13
8 9 3 38680 2342 0.13
9 10 3 38681 789268 0.13
10 11 3 38682 8331839 0.13
11 12 3 38683 43195 0.13
12 13 3 38684 21845 0.13
13 14 3 38685 63161 0.13
14 15 3 38686 3131155 0.13
15 16 3 38687 19545 0.13
16 17 3 38688 50853 0.13
17 18 3 38689 2115 0.13
18 19 3 38690 487103 0.13
19 20 3 38691 61504 0.13
20 21 3 38692 13140 0.13
21 22 3 38693 1669465 0.13
22 23 3 38694 3961 0.13
23 24 3 38695 33754 0.13
24 25 3 38696 46194 0.13
25 26 3 38697 265223 0.13
26 27 3 38698 680401 0.13
27 28 3 38699 43618 0.13
28 29 3 38700 974700 0.13
29 30 3 38701 168056 0.13
30 31 3 38702 4939218 0.13
31 32 3 38703 40690 0.13
32 33 3 38704 71839 0.13
33 34 3 38705 145735 0.13
34 35 3 38706 292843 0.13
35 36 3 38707 44170 0.13
36 37 3 38708 43568 0.13
37 38 3 38709 4730969 0.13
38 39 3 38710 34842 0.13
39 40 3 38711 588306 0.13
40 41 3 38712 906631 0.13
41 42 3 38713 47344 0.13
42 43 3 38714 136820 0.13
43 44 3 38715 452330 0.13
44 45 3 38716 59948 0.13
45 46 3 38717 30072 0.13
46 47 3 38718 42909 0.13
47 48 3 38719 4702748 0.13
48 49 3 38720 3195230 0.13
49 50 3 38721 4927118 0.13
50 51 3 38722 129972 0.13
51 52 3 38723 394125 0.13
52 53 3 38724 8004267 0.13
53 54 3 38725 917430 0.13
54 55 3 38726 8478 0.13
55 56 3 38727 3597210 0.13
56 57 3 38728 4906537 0.13
57 58 3 38729 9472 0.13
58 59 3 38730 7359184 0.13
59 60 3 38731 8028872 0.13
60 61 3 38732 4826602 0.13
61 62 3 38733 1736401 0.13
62 63 3 38734 561901 0.13
63 0 3 38735 73220 0.13
0 2 3 38736 1748420 0.13
1 3 3 38737 4201 0.13
2 4 3 38738 600890 0.13
3 5 3 38739 5739 0.13
4 6 3 38740 3697 0.13
5 7 3 38741 433218 0.13
6 8 3 38742 16994 0.13
7 9 3 38743 29936 0.13
8 10 3 38744 5548398 0.13
9 11 3 38745 71098 0.13
10 12 3 38746 1105325 0.13
11 13 3 38747 33933 0.13
12 14 3 38748 3202 0.13
13 15 3 38749 20450 0.13
14 16 3 38750 1894919 0.13
15 17 3 38751 718488 0.13
16 18 3 38752 66980 0.13
17 19 3 38753 47143 0.13
18 20 3 38754 383689 0.13
19 21 3 38755 26207 0.13
20 22 3 38756 20248 0.13
21 23 3 38757 76051 0.13
22 24 3 38758 1746101 0.13
23 25 3 38759 9319 0.13
24 26 3 38760 8647958 0.13
25 27 3 38761 17710 0.13
26 28 3 38762 1287818 0.13
27 29 3 38763 865615 0.13
28 30 3 38764 24197 0.13
29 31 3 38765 1234954 0.13
30 32 3 38766 5409 0.13
31 33 3 38767 13706 0.13
32 34 3 38768 24677624 0.13
33 35 3 38769 4341599 0.13
34 36 3 38770 28573 0.13
35 37 3 38771 1367846 0.13
36 38 3 38772 14574 0.13
37 39 3 38773 20027 0.13
38 40 3 38774 1729037 0.13
39 41 3 38775 23355 0.13
40 42 3 38776 551885 0.13
41 43 3 38777 1942988 0.13
42 44 3 38778 2127 0.13
43 45 3 38779 25051 0.13
44 46 3 38780 15205 0.13
45 47 3 38781 1165494 0.13
46 48 3 38782 2682220 0.13
47 49 3 38783 5084159 0.13
48 50 3 38784 42339 0.13
49 51 3 38785 2913592 0.13
50 52 3 38786 12953 0.13
51 53 3 38787 68045 0.13
52 54 3 38788 33396 0.13
53 55 3 38789 145456 0.13
54 56 3 38790 1074020 0.13
55 57 3 38791 28231 0.13
56 58 3 38792 2518983 0.13
57 59 3 38793 262257 0.13
58 60 3 38794 25288 0.13
59 61 3 38795 8903 0.13
60 62 3 38796 5778351 0.13
61 63 3 38797 23666 0.13
62 0 3 38798 10772 0.13
63 1 3 38799 30497 0.13
0 3 3 38800 2040 0.13
1 4 3 38801 120608 0.13
2 5 3 38802 190303 0.13
3 6 3 38803 8915130 0.13
4 7 3 38804 1817284 0.13
5 8 3 38805 20394 0.13
6 9 3 38806 30520 0.13
7 10 3 38807 9516616 0.13
8 11 3 38808 14929428 0.13
9 12 3 38809 26198 0.13
10 13 3 38810 73616 0.13
11 14 3 38811 43377 0.13
12 15 3 38812 3806 0.13
13 16 3 38813 21433 0.13
14 17 3 38814 1671371 0.13
15 18 3 38815 387301 0.13
16 19 3 38816 935236 0.13
17 20 3 38817 4774813 0.13
18 21 3 38818 56350 0.13
19 22 3 38819 53694 0.13
20 23 3 38820 17127 0.13
21 24 3 38821 23921 0.13
22 25 3 38822 2581596 0.13
23 26 3 38823 7277 0.13
24 27 3 38824 7319 0.13
25 28 3 38825 2178 0.13
26 29 3 38826 13084 0.13
27 30 3 38827 5041 0.13
28 31 3 38828 966444 0.13
29 32 3 38829 20381 0.13
30 33 3 38830 4850 0.13
31 34 3 38831 22378 0.13
32 35 3 38832 5458 0.13
33 36 3 38833 186393 0.13
34 37 3 38834 31063 0.13
35 38 3 38835 2291 0.13
36 39 3 38836 344552 0.13
37 40 3 38837 8627712 0.13
38 41 3 38838 2551 0.13
39 42 3 38839 105775 0.13
40 43 3 38840 79605 0.13
41 44 3 38841 3916 0.13
42 45 3 38842 45969 0.13
43 46 3 38843 52808 0.13
44 47 3 38844 2287085 0.13
45 48 3 38845 11556 0.13
46 49 3 38846 7361 0.13
47 50 3 38847 152478 0.13
48 51 3 38848 808803 0.13
49 52 3 38849 4065788 0.13
50 53 3 38850 2314 0.13
51 54 3 38851 10815 0.13
52 55 3 38852 765609 0.13
53 56 3 38853 18438 0.13
54 57 3 38854 48511 0.13
55 58 3 38855 134150 0.13
56 59 3 38856 2499220 0.13
57 60 3 38857 20689 0.13
58 61 3 38858 59754 0.13
59 62 3 38859 10320 0.13
60 63 3 38860 1603753 0.13
61 0 3 38861 4430045 0.13
62 1 3 38862 408282 0.13
63 2 3 38863 70551 0.13
0 4 3 38864 24467473 0.13
1 5 3 38865 12532823 0.13
2 6 3 38866 1115248 0.13
3 7 3 38867 966180 0.13
4 8 3 38868 3844 0.13
5 9 3 38869 69443 0.13
6 10 3 38870 2056 0.13
7 11 3 38871 641557 0.13
8 12 3 38872 926253 0.13
9 13 3 38873 5136645 0.13
10 14 3 38874 5456 0.13
11 15 3 38875 7212 0.13
12 16 3 38876 74502 0.13
13 17 3 38877 1627286 0.13
14 18 3 38878 29056 0.13
15 19 3 38879 34211 0.13
16 20 3 38880 4004233 0.13
17 21 3 38881 6961 0.13
18 22 3 38882 1221769 0.13
19 23 3 38883 1817215 0.13
20 24 3 38884 2139 0.13
21 25 3 38885 4620626 0.13
22 26 3 38886 24901 0.13
23 27 3 38887 8763242 0.13
24 28 3 38888 26349 0.13
25 29 3 38889 43575 0.13
26 30 3 38890 2204 0.13
27 31 3 38891 71482 0.13
28 32 3 38892 25610 0.13
29 33 3 38893 77516 0.13
30 34 3 38894 1699467 0.13
31 35 3 38895 38988 0.13
32 36 3 38896 2791290 0.13
33 37 3 38897 72138 0.13
34 38 3 38898 39350 0.13
35 39 3 38899 1033557 0.13
36 40 3 38900 41621 0.13
37 41 3 38901 3789899 0.13
38 42 3 38902 63668 0.13
39 43 3 38903 22609 0.13
40 44 3 38904 2765287 0.13
41 45 3 38905 1559026 0.13
42 46 3 38906 20896 0.13
43 47 3 38907 48874 0.13
44 48 3 38908 3057441 0.13
45 49 3 38909 697096 0.13
46 50 3 38910 9262930 0.13
47 51 3 38911 73960 0.13
48 52 3 38912 4378 0.13
49 53 3 38913 618584 0.13
50 54 3 38914 3583292 0.13
51 55 3 38915 1443531 0.13
52 56 3 38916 1691730 0.13
53 57 3 38917 33091 0.13
54 58 3 38918 4664384 0.13
55 59 3 38919 1550431 0.13
56 60 3 38920 14369162 0.13
57 61 3 38921 10696300 0.13
58 62 3 38922 8864739 0.13
59 63 3 38923 1596921 0.13
60 0 3 38924 154281 0.13
61 1 3 38925 45823 0.13
62 2 3 38926 1714861 0.13
63 3 3 38927 3229 0.13
0 5 3 38928 49787 0.13
1 6 3 38929 64228 0.13
2 7 3 38930 2068 0.13
3 8 3 38931 189385 0.13
4 9 3 38932 28093 0.13
5 10 3 38933 5999812 0.13
6 11 3 38934 3879873 0.13
7 12 3 38935 9846290 0.13
8 13 3 38936 49442 0.13
9 14 3 38937 236768 0.13
10 15 3 38938 3838904 0.13
11 16 3 38939 8953 0.13
12 17 3 38940 1658679 0.13
13 18 3 38941 21820 0.13
14 19 3 38942 64125 0.13
15 20 3 38943 2223 0.13
16 21 3 38944 6647 0.13
17 22 3 38945 849497 0.13
18 23 3 38946 78364 0.13
19 24 3 38947 2044 0.13
20 25 3 38948 2185 0.13
21 26 3 38949 72033 0.13
22 27 3 38950 5933678 0.13
23 28 3 38951 27434 0.13
24 29 3 38952 2480 0.13
25 30 3 38953 54812 0.13
26 31 3 38954 24964 0.13
27 32 3 38955 21620 0.13
28 33 3 38956 21549 0.13
29 34 3 38957 2241 0.13
30 35 3 38958 1526361 0.13
31 36 3 38959 37529 0.13
32 37 3 38960 87743 0.13
33 38 3 38961 70981 0.13
34 39 3 38962 28531 0.13
35 40 3 38963 966757 0.13
36 41 3 38964 947916 0.13
37 42 3 38965 117816 0.13
38 43 3 38966 384409 0.13
39 44 3 38967 608724 0.13
40 45 3 38968 24340 0.13
41 46 3 38969 37010 0.13
42 47 3 38970 1322084 0.13
43 48 3 38971 3221888 0.13
44 49 3 38972 71435 0.13
45 50 3 38973 9371 0.13
46 51 3 38974 3527540 0.13
47 52 3 38975 35004 0.13
48 53 3 38976 100124 0.13
49 54 3 38977 939618 0.13
50 55 3 38978 887173 0.13
51 56 3 38979 114987 0.13
52 57 3 38980 37533 0.13
53 58 3 38981 27434 0.13
54 59 3 38982 33272 0.13
55 60 3 38983 4108003 0.13
56 61 3 38984 21157 0.13
57 62 3 38985 1692959 0.13
58 63 3 38986 4824961 0.13
59 0 3 38987 8915382 0.13
60 1 3 38988 1817230 0.13
61 2 3 38989 9561090 0.13
62 3 3 38990 6381279 0.13
63 4 3 38991 77549 0.13
0 6 3 38992 13018 0.13
1 7 3 38993 1509910 0.13
2 8 3 38994 56545 0.13
3 9 3 38995 101704 0.13
4 10 3 38996 5633975 0.13
5 11 3 38997 110521 0.13
6 12 3 38998 70547 0.13
7 13 3 38999 49275 0.13
8 14 3 39000 135872 0.13
9 15 3 39001 479247 0.13
10 16 3 39002 9629 0.13
11 17 3 39003 24052 0.13
12 18 3 39004 2084 0.13
13 19 3 39005 25809 0.13
14 20 3 39006 23538 0.13
15 21 3 39007 25533 0.13
16 22 3 39008 42818 0.13
17 23 3 39009 32240 0.13
18 24 3 39010 54867 0.13
19 25 3 39011 1995632 0.13
20 26 3 39012 77060 0.13
21 27 3 39013 1380542 0.13
22 28 3 39014 8123582 0.13
23 29 3 39015 26574 0.13
24 30 3 39016 48578 0.13
25 31 3 39017 71021 0.13
26 32 3 39018 5183 0.13
27 33 3 39019 2347 0.13
28 34 3 39020 22798 0.13
29 35 3 39021 63238 0.13
30 36 3 39022 39041 0.13
31 37 3 39023 13731 0.13
32 38 3 39024 59753 0.13
33 39 3 39025 49927 0.13
34 40 3 39026 7746 0.13
35 41 3 39027 41670 0.13
36 42 3 39028 30381 0.13
37 43 3 39029 76047 0.13
38 44 3 39030 6872 0.13
39 45 3 39031 1762528 0.13
40 46 3 39032 25306 0.13
41 47 3 39033 4562 0.13
42 48 3 39034 59095 0.13
43 49 3 39035 104085 0.13
44 50 3 39036 1067336 0.13
45 51 3 39037 1113392 0.13
46 52 3 39038 1030475 0.13
47 53 3 39039 4748974 0.13
48 54 3 39040 4088 0.13
49 55 3 39041 95454 0.13
50 56 3 39042 7461 0.13
51 57 3 39043 31383 0.13
52 58 3 39044 6245208 0.13
53 59 3 39045 3792429 0.13
54 60 3 39046 4323519 0.13
55 61 3 39047 4328 0.13
56 62 3 39048 76860 0.13
57 63 3 39049 13277 0.13
58 0 3 39050 1485157 0.13
59 1 3 39051 2128 0.13
60 2 3 39052 36569 0.13
61 3 3 39053 37957 0.13
62 4 3 39054 444740 0.13
63 5 3 39055 45816 0.13
0 7 3 39056 40126 0.13
1 8 3 39057 25820 0.13
2 9 3 39058 1415184 0.13
3 10 3 39059 73256 0.13
4 11 3 39060 24679 0.13
5 12 3 39061 74590 0.13
6 13 3 39062 25548 0.13
7 14 3 39063 3478806 0.13
8 15 3 39064 1788478 0.13
9 16 3 39065 3368772 0.13
10 17 3 39066 23147 0.13
11 18 3 39067 62017 0.13
12 19 3 39068 22425755 0.13
13 20 3 39069 2208643 0.13
14 21 3 39070 19680 0.13
15 22 3 39071 4318550 0.13
16 23 3 39072 813268 0.13
17 24 3 39073 455066 0.13
18 25 3 39074 32952 0.13
19 26 3 39075 24586623 0.13
20 27 3 39076 3427987 0.13
21 28 3 39077 40834 0.13
22 29 3 39078 52370 0.13
23 30 3 39079 55536 0.13
24 31 3 39080 2044 0.13
25 32 3 39081 24984149 0.13
26 33 3 39082 3536804 0.13
27 34 3 39083 5490 0.13
28 35 3 39084 8948646 0.13
29 36 3 39085 548230 0.13
30 37 3 39086 9013 0.13
31 38 3 39087 72279 0.13
32 39 3 39088 9986 0.13
33 40 3 39089 22054 0.13
34 41 3 39090 78306 0.13
35 42 3 39091 1998618 0.13
36 43 3 39092 66517 0.13
37 44 3 39093 26705 0.13
38 45 3 39094 8056 0.13
39 46 3 39095 5928 0.13
40 47 3 39096 3717216 0.13
41 48 3 39097 9707523 0.13
42 49 3 39098 60389 0.13
43 50 3 39099 4168606 0.13
44 51 3 39100 20765 0.13
45 52 3 39101 1978425 0.13
46 53 3 39102 23175 0.13
47 54 3 39103 43530 0.13
48 55 3 39104 1861035 0.13
49 56 3 39105 2874 0.13
50 57 3 39106 167308 0.13
51 58 3 39107 3131962 0.13
52 59 3 39108 447847 0.13
53 60 3 39109 2119 0.13
54 61 3 39110 1899934 0.13
55 62 3 39111 18735 0.13
56 63 3 39112 2225 0.13
57 0 3 39113 1161359 0.13
58 1 3 39114 154720 0.13
59 2 3 39115 51474 0.13
60 3 3 39116 6337260 0.13
61 4 3 39117 42142 0.13
62 5 3 39118 103307 0.13
63 6 3 39119 3874 0.13
0 8 3 39120 52737 0.13
1 9 3 39121 945387 0.13
2 10 3 39122 25962 0.13
3 11 3 39123 4747688 0.13
4 12 3 39124 1736443 0.13
5 13 3 39125 2096 0.13
6 14 3 39126 27509 0.13
7 15 3 39127 79466 0.13
8 16 3 39128 25187 0.13
9 17 3 39129 27201 0.13
10 18 3 39130 4148152 0.13
11 19 3 39131 9371993 0.13
12 20 3 39132 2388560 0.13
13 21 3 39133 2285 0.13
14 22 3 39134 928218 0.13
15 23 3 39135 14544 0.13
16 24 3 39136 70080 0.13
17 25 3 39137 149278 0.13
18 26 3 39138 1125281 0.13
19 27 3 39139 159545 0.13
20 28 3 39140 4288186 0.13
21 29 3 39141 7929 0.13
22 30 3 39142 2339031 0.13
23 31 3 39143 189573 0.13
24 32 3 39144 41079 0.13
25 33 3 39145 28508 0.13
26 34 3 39146 1488465 0.13
27 35 3 39147 56403 0.13
28 36 3 39148 35860 0.13
29 37 3 39149 9055 0.13
30 38 3 39150 4918 0.13
31 39 3 39151 1418787 0.13
32 40 3 39152 973594 0.13
33 41 3 39153 3277083 0.13
34 42 3 39154 985310 0.13
35 43 3 39155 40745 0.13
36 44 3 39156 58105 0.13
37 45 3 39157 67227 0.13
38 46 3 39158 13711 0.13
39 47 3 39159 2038 0.13
40 48 3 39160 2059 0.13
41 49 3 39161 53439 0.13
42 50 3 39162 7158457 0.13
43 51 3 39163 4669808 0.13
44 52 3 39164 4637977 0.13
45 53 3 39165 1184499 0.13
46 54 3 39166 3678 0.13
47 55 3 39167 25216754 0.13
48 56 3 39168 20469 0.13
49 57 3 39169 31206 0.13
50 58 3 39170 165642 0.13
51 59 3 39171 1831559 0.13
52 60 3 39172 976941 0.13
53 61 3 39173 33784 0.13
54 62 3 39174 16824 0.13
55 63 3 39175 32608 0.13
56 0 3 39176 7403 0.13
57 1 3 39177 52145 0.13
58 2 3 39178 21285 0.13
59 3 3 39179 22795 0.13
60 4 3 39180 12461 0.13
61 5 3 39181 27849 0.13
62 6 3 39182 1322829 0.13
63 7 3 39183 248315 0.13
0 9 3 39184 1184318 0.13
1 10 3 39185 894812 0.13
2 11 3 39186 868128 0.13
3 12 3 39187 2449 0.13
4 13 3 39188 5334 0.13
5 14 3 39189 2063 0.13
6 15 3 39190 124889 0.13
7 16 3 39191 8281649 0.13
8 17 3 39192 8035 0.13
9 18 3 39193 1121028 0.13
10 19 3 39194 28386 0.13
11 20 3 39195 648905 0.13
12 21 3 39196 61185 0.13
13 22 3 39197 8717055 0.13
14 23 3 39198 1376669 0.13
15 24 3 39199 23940 0.13
16 25 3 39200 3693047 0.13
17 26 3 39201 4218703 0.13
18 27 3 39202 1781859 0.13
19 28 3 39203 7850712 0.13
20 29 3 39204 30347 0.13
21 30 3 39205 28184 0.13
22 31 3 39206 990807 0.13
23 32 3 39207 3595619 0.13
24 33 3 39208 14746 0.13
25 34 3 39209 1056139 0.13
26 35 3 39210 496798 0.13
27 36 3 39211 4686419 0.13
28 37 3 39212 24522 0.13
29 38 3 39213 1136330 0.13
30 39 3 39214 1738683 0.13
31 40 3 39215 1871754 0.13
32 41 3 39216 4609956 0.13
33 42 3 39217 4758127 0.13
34 43 3 39218 20199 0.13
35 44 3 39219 21326 0.13
36 45 3 39220 13796 0.13
37 46 3 39221 88357 0.13
38 47 3 39222 66585 0.13
39 48 3 39223 41840 0.13
40 49 3 39224 51242 0.13
41 50 3 39225 71217 0.13
42 51 3 39226 25697625 0.13
43 52 3 39227 7975 0.13
44 53 3 39228 20811 0.13
45 54 3 39229 6307426 0.13
46 55 3 39230 53359 0.13
47 56 3 39231 35142 0.13
48 57 3 39232 27391 0.13
49 58 3 39233 63002 0.13
50 59 3 39234 1109753 0.13
51 60 3 39235 5709 0.13
52 61 3 39236 4795 0.13
53 62 3 39237 77150 0.13
54 63 3 39238 8391 0.13
55 0 3 39239 1287598 0.13
56 1 3 39240 19732270 0.13
57 2 3 39241 3073755 0.13
58 3 3 39242 3959139 0.13
59 4 3 39243 9295279 0.13
60 5 3 39244 9270420 0.13
61 6 3 39245 801086 0.13
62 7 3 39246 78093 0.13
63 8 3 39247 190601 0.13
0 10 3 39248 4108 0.13
1 11 3 39249 1215328 0.13
2 12 3 39250 2010 0.13
3 13 3 39251 1277213 0.13
4 14 3 39252 7665 0.13
5 15 3 39253 22563666 0.13
6 16 3 39254 7540 0.13
7 17 3 39255 30139 0.13
8 18 3 39256 50306 0.13
9 19 3 39257 25457 0.13
10 20 3 39258 1125639 0.13
11 21 3 39259 4720 0.13
12 22 3 39260 6245 0.13
13 23 3 39261 170040 0.13
14 24 3 39262 74193 0.13
15 25 3 39263 3224 0.13
16 26 3 39264 159821 0.13
17 27 3 39265 42648 0.13
18 28 3 39266 30686 0.13
19 29 3 39267 1314544 0.13
20 30 3 39268 30394 0.13
21 31 3 39269 6308048 0.13
22 32 3 39270 21288 0.13
23 33 3 39271 1316692 0.13
24 34 3 39272 1696178 0.13
25 35 3 39273 76810 0.13
26 36 3 39274 108491 0.13
27 37 3 39275 612278 0.13
28 38 3 39276 37296 0.13
29 39 3 39277 1104482 0.13
30 40 3 39278 24117 0.13
31 41 3 39279 29992572 0.13
32 42 3 39280 752842 0.13
33 43 3 39281 10325536 0.13
34 44 3 39282 130687 0.13
35 45 3 39283 3163470 0.13
36 46 3 39284 1280090 0.13
37 47 3 39285 63497 0.13
38 48 3 39286 2955 0.13
39 49 3 39287 131972 0.13
40 50 3 39288 4620683 0.13
41 51 3 39289 460184 0.13
42 52 3 39290 38127 0.13
43 53 3 39291 14516 0.13
44 54 3 39292 7244391 0.13
45 55 3 39293 11364 0.13
46 56 3 39294 1509643 0.13
47 57 3 39295 1270737 0.13
48 58 3 39296 122732 0.13
49 59 3 39297 2243 0.13
50 60 3 39298 9922300 0.13
51 61 3 39299 1549516 0.13
52 62 3 39300 51425 0.13
53 63 3 39301 151573 0.13
54 0 3 39302 175238 0.13
55 1 3 39303 316037 0.13
56 2 3 39304 726753 0.13
57 3 3 39305 52754 0.13
58 4 3 39306 2097 0.13
59 5 3 39307 99101 0.13
60 6 3 39308 42117 0.13
61 7 3 39309 1189244 0.13
62 8 3 39310 20326 0.13
63 9 3 39311 25167211 0.13
0 11 3 39312 2868342 0.13
1 12 3 39313 572697 0.13
2 13 3 39314 42201 0.13
3 14 3 39315 3422 0.13
4 15 3 39316 31487 0.13
5 16 3 39317 1579806 0.13
6 17 3 39318 749091 0.13
7 18 3 39319 8687 0.13
8 19 3 39320 6673 0.13
9 20 3 39321 1172791 0.13
10 21 3 39322 2873256 0.13
11 22 3 39323 17782 0.13
12 23 3 39324 25349445 0.13
13 24 3 39325 66704 0.13
14 25 3 39326 2958998 0.13
15 26 3 39327 1492632 0.13
16 27 3 39328 3283422 0.13
17 28 3 39329 2115 0.13
18 29 3 39330 2455 0.13
19 30 3 39331 24596 0.13
20 31 3 39332 77735 0.13
21 32 3 39333 3253 0.13
22 33 3 39334 452109 0.13
23 34 3 39335 1518142 0.13
24 35 3 39336 53903 0.13
25 36 3 39337 1135942 0.13
26 37 3 39338 1637135 0.13
27 38 3 39339 1514601 0.13
28 39 3 39340 7801461 0.13
29 40 3 39341 22479 0.13
30 41 3 39342 2321 0.13
31 42 3 39343 2016453 0.13
32 43 3 39344 1944751 0.13
33 44 3 39345 1063011 0.13
34 45 3 39346 149666 0.13
35 46 3 39347 4679058 0.13
36 47 3 39348 76503 0.13
37 48 3 39349 27296 0.13
38 49 3 39350 27131 0.13
39 50 3 39351 10910 0.13
40 51 3 39352 961955 0.13
41 52 3 39353 58121 0.13
42 53 3 39354 1225363 0.13
43 54 3 39355 98557 0.13
44 55 3 39356 3956955 0.13
45 56 3 39357 7419264 0.13
46 57 3 39358 15200 0.13
47 58 3 39359 52272 0.13
48 59 3 39360 3148 0.13
49 60 3 39361 67255 0.13
50 61 3 39362 28639 0.13
51 62 3 39363 3904459 0.13
52 63 3 39364 2362222 0.13
53 0 3 39365 48993 0.13
54 1 3 39366 59609 0.13
55 2 3 39367 56247 0.13
56 3 3 39368 49033 0.13
57 4 3 39369 815853 0.13
58 5 3 39370 5286 0.13
59 6 3 39371 196713 0.13
60 7 3 39372 12031 0.13
61 8 3 39373 6237 0.13
62 9 3 39374 28623771 0.13
63 10 3 39375 27144 0.13
0 12 3 39376 67683 0.13
1 13 3 39377 40004 0.13
2 14 3 39378 3773136 0.13
3 15 3 39379 2193959 0.13
4 16 3 39380 18766 0.13
5 17 3 39381 36768 0.13
6 18 3 39382 8590 0.13
7 19 3 39383 9933 0.13
8 20 3 39384 17180 0.13
9 21 3 39385 13312389 0.13
10 22 3 39386 49440 0.13
11 23 3 39387 24463602 0.13
12 24 3 39388 22576 0.13
13 25 3 39389 21670 0.13
14 26 3 39390 3354700 0.13
15 27 3 39391 47788 0.13
16 28 3 39392 8716803 0.13
17 29 3 39393 25568 0.13
18 30 3 39394 14366 0.13
19 31 3 39395 6886081 0.13
20 32 3 39396 8746198 0.13
21 33 3 39397 22268 0.13
22 34 3 39398 2050 0.13
23 35 3 39399 5751463 0.13
24 36 3 39400 1589365 0.13
25 37 3 39401 29396468 0.13
26 38 3 39402 64179 0.13
27 39 3 39403 1752754 0.13
28 40 3 39404 25791 0.13
29 41 3 39405 1605978 0.13
30 42 3 39406 1324407 0.13
31 43 3 39407 22710 0.13
32 44 3 39408 5057 0.13
33 45 3 39409 76524 0.13
34 46 3 39410 9731 0.13
35 47 3 39411 9878 0.13
36 48 3 39412 64996 0.13
37 49 3 39413 1446316 0.13
38 50 3 39414 43619 0.13
39 51 3 39415 8011 0.13
40 52 3 39416 1080902 0.13
41 53 3 39417 20010 0.13
42 54 3 39418 1600563 0.13
43 55 3 39419 156724 0.13
44 56 3 39420 18962948 0.13
45 57 3 39421 3329 0.13
46 58 3 39422 1985534 0.13
47 59 3 39423 3216870 0.13
48 60 3 39424 4392226 0.13
49 61 3 39425 49888 0.13
50 62 3 39426 6724969 0.13
51 63 3 39427 51891 0.13
52 0 3 39428 7193113 0.13
53 1 3 39429 18824 0.13
54 2 3 39430 71361 0.13
55 3 3 39431 23054 0.13
56 4 3 39432 25272940 0.13
57 5 3 39433 8361 0.13
58 6 3 39434 84783 0.13
59 7 3 39435 40990 0.13
60 8 3 39436 50056 0.13
61 9 3 39437 1733305 0.13
62 10 3 39438 1707781 0.13
63 11 3 39439 23087 0.13
0 13 3 39440 9185 0.13
1 14 3 39441 1865231 0.13
2 15 3 39442 3645844 0.13
3 16 3 39443 21911 0.13
4 17 3 39444 793355 0.13
5 18 3 39445 17247 0.13
6 19 3 39446 1509152 0.13
7 20 3 39447 20789 0.13
8 21 3 39448 2304 0.13
9 22 3 39449 2297392 0.13
10 23 3 39450 1174607 0.13
11 24 3 39451 2736563 0.13
12 25 3 39452 1333490 0.13
13 26 3 39453 1143808 0.13
14 27 3 39454 2724 0.13
15 28 3 39455 102659 0.13
16 29 3 39456 172686 0.13
17 30 3 39457 9405 0.13
18 31 3 39458 20761 0.13
19 32 3 39459 7543260 0.13
20 33 3 39460 2287 0.13
21 34 3 39461 1430635 0.13
22 35 3 39462 2055 0.13
23 36 3 39463 19502 0.13
24 37 3 39464 23322 0.13
25 38 3 39465 1616632 0.13
26 39 3 39466 862398 0.13
27 40 3 39467 458045 0.13
28 41 3 39468 92696 0.13
29 42 3 39469 2320933 0.13
30 43 3 39470 21054 0.13
31 44 3 39471 28093 0.13
32 45 3 39472 49724 0.13
33 46 3 39473 1660435 0.13
34 47 3 39474 4774 0.13
35 48 3 39475 42009 0.13
36 49 3 39476 70045 0.13
37 50 3 39477 109871 0.13
38 51 3 39478 6565752 0.13
39 52 3 39479 26938 0.13
40 53 3 39480 21912 0.13
41 54 3 39481 6082 0.13
42 55 3 39482 78561 0.13
43 56 3 39483 1108640 0.13
44 57 3 39484 410395 0.13
45 58 3 39485 1527410 0.13
46 59 3 39486 896666 0.13
47 60 3 39487 7093 0.13
48 61 3 39488 8534111 0.13
49 62 3 39489 150914 0.13
50 63 3 39490 47128 0.13
51 0 3 39491 2082 0.13
52 1 3 39492 14828986 0.13
53 2 3 39493 422668 0.13
54 3 3 39494 29579 0.13
55 4 3 39495 3324517 0.13
56 5 3 39496 41308 0.13
57 6 3 39497 30490 0.13
58 7 3 39498 2959962 0.13
59 8 3 39499 9526 0.13
60 9 3 39500 43529 0.13
61 10 3 39501 725502 0.13
62 11 3 39502 96078 0.13
63 12 3 39503 22245 0.13
0 14 3 39504 365792 0.13
1 15 3 39505 11468 0.13
2 16 3 39506 28936 0.13
3 17 3 39507 34641 0.13
4 18 3 39508 1132884 0.13
5 19 3 39509 433911 0.13
6 20 3 39510 61608 0.13
7 21 3 39511 581543 0.13
8 22 3 39512 23874057 0.13
9 23 3 39513 220278 0.13
10 24 3 39514 78244 0.13
11 25 3 39515 42531 0.13
12 26 3 39516 20417 0.13
13 27 3 39517 1258277 0.13
14 28 3 39518 8622 0.13
15 29 3 39519 24696515 0.13
16 30 3 39520 21338 0.13
17 31 3 39521 2083666 0.13
18 32 3 39522 2340 0.13
19 33 3 39523 225842 0.13
20 34 3 39524 308873 0.13
21 35 3 39525 257510 0.13
22 36 3 39526 5978950 0.13
23 37 3 39527 815508 0.13
24 38 3 39528 77203 0.13
25 39 3 39529 21769 0.13
26 40 3 39530 21122 0.13
27 41 3 39531 947086 0.13
28 42 3 39532 2138 0.13
29 43 3 39533 12996 0.13
30 44 3 39534 189479 0.13
31 45 3 39535 44826 0.13
32 46 3 39536 168549 0.13
33 47 3 39537 793541 0.13
34 48 3 39538 9567999 0.13
35 49 3 39539 1978678 0.13
36 50 3 39540 1793774 0.13
37 51 3 39541 847482 0.13
38 52 3 39542 1274842 0.13
39 53 3 39543 8221 0.13
40 54 3 39544 2058 0.13
41 55 3 39545 58287 0.13
42 56 3 39546 4308528 0.13
43 57 3 39547 1364411 0.13
44 58 3 39548 78617 0.13
45 59 3 39549 503171 0.13
46 60 3 39550 1674131 0.13
47 61 3 39551 50755 0.13
48 62 3 39552 63325 0.13
49 63 3 39553 23644661 0.13
50 0 3 39554 71741 0.13
51 1 3 39555 66391 0.13
52 2 3 39556 4124975 0.13
53 3 3 39557 2865145 0.13
54 4 3 39558 160581 0.13
55 5 3 39559 83243 0.13
56 6 3 39560 24661 0.13
57 7 3 39561 130595 0.13
58 8 3 39562 41674 0.13
59 9 3 39563 325102 0.13
60 10 3 39564 4717325 0.13
61 11 3 39565 2004 0.13
62 12 3 39566 79477 0.13
63 13 3 39567 17039 0.13
0 15 3 39568 9730 0.13
1 16 3 39569 66085 0.13
2 17 3 39570 13779 0.13
3 18 3 39571 6253 0.13
4 19 3 39572 40493 0.13
5 20 3 39573 1593724 0.13
6 21 3 39574 24201 0.13
7 22 3 39575 816036 0.13
8 23 3 39576 29495 0.13
9 24 3 39577 153304 0.13
10 25 3 39578 20525168 0.13
11 26 3 39579 22785 0.13
12 27 3 39580 229739 0.13
13 28 3 39581 320693 0.13
14 29 3 39582 6210988 0.13
15 30 3 39583 28903 0.13
16 31 3 39584 20106 0.13
17 32 3 39585 136369 0.13
18 33 3 39586 34077 0.13
19 34 3 39587 1440989 0.13
20 35 3 39588 53405 0.13
21 36 3 39589 58187 0.13
22 37 3 39590 700180 0.13
23 38 3 39591 43600 0.13
24 39 3 39592 4214 0.13
25 40 3 39593 3074 0.13
26 41 3 39594 70907 0.13
27 42 3 39595 2250 0.13
28 43 3 39596 9969 0.13
29 44 3 39597 3565173 0.13
30 45 3 39598 2078 0.13
31 46 3 39599 9717 0.13
32 47 3 39600 2199953 0.13
33 48 3 39601 65632 0.13
34 49 3 39602 20402 0.13
35 50 3 39603 771847 0.13
36 51 3 39604 22144 0.13
37 52 3 39605 1429050 0.13
38 53 3 39606 13548 0.13
39 54 3 39607 1358303 0.13
40 55 3 39608 654493 0.13
41 56 3 39609 64124 0.13
42 57 3 39610 1198164 0.13
43 58 3 39611 2804890 0.13
44 59 3 39612 14002 0.13
45 60 3 39613 1297138 0.13
46 61 3 39614 28508 0.13
47 62 3 39615 74228 0.13
48 63 3 39616 26790 0.13
49 0 3 39617 21382 0.13
50 1 3 39618 16459017 0.13
51 2 3 39619 56019 0.13
52 3 3 39620 48287 0.13
53 4 3 39621 1969482 0.13
54 5 3 39622 166160 0.13
55 6 3 39623 2278 0.13
56 7 3 39624 2051 0.13
57 8 3 39625 112083 0.13
58 9 3 39626 57105 0.13
59 10 3 39627 1199974 0.13
60 11 3 39628 1272569 0.13
61 12 3 39629 1477898 0.13
62 13 3 39630 20787 0.13
63 14 3 39631 3765730 0.13
0 16 3 39632 10850 0.13
1 17 3 39633 31908 0.13
2 18 3 39634 6712482 0.13
3 19 3 39635 60909 0.13
4 20 3 39636 1687937 0.13
5 21 3 39637 4597045 0.13
6 22 3 39638 423597 0.13
7 23 3 39639 19540 0.13
8 24 3 39640 65929 0.13
9 25 3 39641 41480 0.13
10 26 3 39642 42613 0.13
11 27 3 39643 7817508 0.13
12 28 3 39644 5395 0.13
13 29 3 39645 24479782 0.13
14 30 3 39646 1949594 0.13
15 31 3 39647 1868920 0.13
16 32 3 39648 330880 0.13
17 33 3 39649 2142 0.13
18 34 3 39650 19565 0.13
19 35 3 39651 5770 0.13
20 36 3 39652 53423 0.13
21 37 3 39653 6092254 0.13
22 38 3 39654 1711636 0.13
23 39 3 39655 655462 0.13
24 40 3 39656 43149 0.13
25 41 3 39657 8541932 0.13
26 42 3 39658 6595 0.13
27 43 3 39659 28556 0.13
28 44 3 39660 1512271 0.13
29 45 3 39661 2438289 0.13
30 46 3 39662 1157724 0.13
31 47 3 39663 54261 0.13
32 48 3 39664 9383291 0.13
33 49 3 39665 3061747 0.13
34 50 3 39666 25494 0.13
35 51 3 39667 71636 0.13
36 52 3 39668 21340 0.13
37 53 3 39669 9314392 0.13
38 54 3 39670 23380 0.13
39 55 3 39671 59341 0.13
40 56 3 39672 112746 0.13
41 57 3 39673 2987 0.13
42 58 3 39674 1709929 0.13
43 59 3 39675 4755807 0.13
44 60 3 39676 1115394 0.13
45 61 3 39677 8461 0.13
46 62 3 39678 8098912 0.13
47 63 3 39679 2233 0.13
48 0 3 39680 36351 0.13
49 1 3 39681 58479 0.13
50 2 3 39682 6313631 0.13
51 3 3 39683 5151 0.13
52 4 3 39684 18276 0.13
53 5 3 39685 101120 0.13
54 6 3 39686 4817869 0.13
55 7 3 39687 1401500 0.13
56 8 3 39688 59817 0.13
57 9 3 39689 188711 0.13
58 10 3 39690 6597363 0.13
59 11 3 39691 96707 0.13
60 12 3 39692 23638 0.13
61 13 3 39693 60398 0.13
62 14 3 39694 24551 0.13
63 15 3 39695 26402 0.13
0 17 3 39696 2411 0.13
1 18 3 39697 2582334 0.13
2 19 3 39698 74948 0.13
3 20 3 39699 351757 0.13
4 21 3 39700 73853 0.13
5 22 3 39701 49014 0.13
6 23 3 39702 1469064 0.13
7 24 3 39703 3043 0.13
8 25 3 39704 23974 0.13
9 26 3 39705 75731 0.13
10 27 3 39706 149683 0.13
11 28 3 39707 185758 0.13
12 29 3 39708 784530 0.13
13 30 3 39709 28041 0.13
14 31 3 39710 2066452 0.13
15 32 3 39711 8735848 0.13
16 33 3 39712 13079 0.13
17 34 3 39713 7167064 0.13
18 35 3 39714 29817 0.13
19 36 3 39715 4245962 0.13
20 37 3 39716 41665 0.13
21 38 3 39717 79628 0.13
22 39 3 39718 191196 0.13
23 40 3 39719 15360 0.13
24 41 3 39720 6967 0.13
25 42 3 39721 2607431 0.13
26 43 3 39722 888234 0.13
27 44 3 39723 47775 0.13
28 45 3 39724 2676336 0.13
29 46 3 39725 74093 0.13
30 47 3 39726 3444 0.13
31 48 3 39727 77949 0.13
32 49 3 39728 2433 0.13
33 50 3 39729 36023 0.13
34 51 3 39730 32068 0.13
35 52 3 39731 375182 0.13
36 53 3 39732 46352 0.13
37 54 3 39733 2003 0.13
38 55 3 39734 29965 0.13
39 56 3 39735 2071429 0.13
40 57 3 39736 21193 0.13
41 58 3 39737 50544 0.13
42 59 3 39738 59529 0.13
43 60 3 39739 63743 0.13
44 61 3 39740 1346553 0.13
45 62 3 39741 170580 0.13
46 63 3 39742 656587 0.13
47 0 3 39743 4440223 0.13
48 1 3 39744 56006 0.13
49 2 3 39745 17252 0.13
50 3 3 39746 7263 0.13
51 4 3 39747 37605 0.13
52 5 3 39748 20008641 0.13
53 6 3 39749 23773 0.13
54 7 3 39750 156376 0.13
55 8 3 39751 844635 0.13
56 9 3 39752 990020 0.13
57 10 3 39753 16022936 0.13
58 11 3 39754 116427 0.13
59 12 3 39755 52025 0.13
60 13 3 39756 73701 0.13
61 14 3 39757 6871011 0.13
62 15 3 39758 3909 0.13
63 16 3 39759 136621 0.13
0 18 3 39760 510644 0.13
1 19 3 39761 2398 0.13
2 20 3 39762 2856433 0.13
3 21 3 39763 7809 0.13
4 22 3 39764 77953 0.13
5 23 3 39765 22161 0.13
6 24 3 39766 21667 0.13
7 25 3 39767 8481 0.13
8 26 3 39768 103670 0.13
9 27 3 39769 1146487 0.13
10 28 3 39770 692061 0.13
11 29 3 39771 2006 0.13
12 30 3 39772 2447674 0.13
13 31 3 39773 76682 0.13
14 32 3 39774 33130 0.13
15 33 3 39775 2001 0.13
16 34 3 39776 3878206 0.13
17 35 3 39777 13470 0.13
18 36 3 39778 37747 0.13
19 37 3 39779 3637507 0.13
20 38 3 39780 18604 0.13
21 39 3 39781 77382 0.13
22 40 3 39782 6474 0.13
23 41 3 39783 4279135 0.13
24 42 3 39784 2248 0.13
25 43 3 39785 16871 0.13
26 44 3 39786 29430 0.13
27 45 3 39787 40764 0.13
28 46 3 39788 65161 0.13
29 47 3 39789 9507747 0.13
30 48 3 39790 5484 0.13
31 49 3 39791 44956 0.13
32 50 3 39792 2835 0.13
33 51 3 39793 1476736 0.13
34 52 3 39794 632604 0.13
35 53 3 39795 5343 0.13
36 54 3 39796 29520 0.13
37 55 3 39797 145493 0.13
38 56 3 39798 162968 0.13
39 57 3 39799 17938 0.13
40 58 3 39800 50270 0.13
41 59 3 39801 1844102 0.13
42 60 3 39802 44735 0.13
43 61 3 39803 4312615 0.13
44 62 3 39804 37208 0.13
45 63 3 39805 158148 0.13
46 0 3 39806 774743 0.13
47 1 3 39807 1396950 0.13
48 2 3 39808 188198 0.13
49 3 3 39809 2999425 0.13
50 4 3 39810 159522 0.13
51 5 3 39811 83865 0.13
52 6 3 39812 4703 0.13
53 7 3 39813 57638 0.13
54 8 3 39814 682114 0.13
55 9 3 39815 4376 0.13
56 10 3 39816 2038 0.13
57 11 3 39817 2057 0.13
58 12 3 39818 32237 0.13
59 13 3 39819 8422897 0.13
60 14 3 39820 195621 0.13
61 15 3 39821 20400 0.13
62 16 3 39822 12587 0.13
63 17 3 39823 3067324 0.13
0 19 3 39824 9160972 0.13
1 20 3 39825 128856 0.13
2 21 3 39826 1153884 0.13
3 22 3 39827 1814132 0.13
4 23 3 39828 7554461 0.13
5 24 3 39829 43128 0.13
6 25 3 39830 70860 0.13
7 26 3 39831 5841311 0.13
8 27 3 39832 6113 0.13
9 28 3 39833 55207 0.13
10 29 3 39834 10739 0.13
11 30 3 39835 184556 0.13
12 31 3 39836 20753 0.13
13 32 3 39837 9239 0.13
14 33 3 39838 1624061 0.13
15 34 3 39839 27944 0.13
16 35 3 39840 40602 0.13
17 36 3 39841 9408606 0.13
18 37 3 39842 2394 0.13
19 38 3 39843 4146006 0.13
20 39 3 39844 3788146 0.13
21 40 3 39845 2251059 0.13
22 41 3 39846 2384 0.13
23 42 3 39847 2651 0.13
24 43 3 39848 24684163 0.13
25 44 3 39849 21319 0.13
26 45 3 39850 4183463 0.13
27 46 3 39851 4112 0.13
28 47 3 39852 7065444 0.13
29 48 3 39853 72160 0.13
30 49 3 39854 78188 0.13
31 50 3 39855 39751 0.13
32 51 3 39856 10899 0.13
33 52 3 39857 61299 0.13
34 53 3 39858 98687 0.13
35 54 3 39859 47731 0.13
36 55 3 39860 6497 0.13
37 56 3 39861 924047 0.13
38 57 3 39862 4888889 0.13
39 58 3 39863 17760991 0.13
40 59 3 39864 5365386 0.13
41 60 3 39865 1889932 0.13
42 61 3 39866 1406564 0.13
43 62 3 39867 1208148 0.13
44 63 3 39868 597332 0.13
45 0 3 39869 6203573 0.13
46 1 3 39870 26451553 0.13
47 2 3 39871 186129 0.13
48 3 3 39872 2905013 0.13
49 4 3 39873 8085179 0.13
50 5 3 39874 56767 0.13
51 6 3 39875 70858 0.13
52 7 3 39876 5531 0.13
53 8 3 39877 6813 0.13
54 9 3 39878 121772 0.13
55 10 3 39879 2474 0.13
56 11 3 39880 545761 0.13
57 12 3 39881 100644 0.13
58 13 3 39882 4976521 0.13
59 14 3 39883 737803 0.13
60 15 3 39884 8540 0.13
61 16 3 39885 745397 0.13
62 17 3 39886 560558 0.13
63 18 3 39887 23002 0.13
0 20 3 39888 836377 0.13
1 21 3 39889 3312687 0.13
2 22 3 39890 6868939 0.13
3 23 3 39891 19133 0.13
4 24 3 39892 16421 0.13
5 25 3 39893 41435 0.13
6 26 3 39894 4244499 0.13
7 27 3 39895 74915 0.13
8 28 3 39896 71997 0.13
9 29 3 39897 1206432 0.13
10 30 3 39898 8852 0.13
11 31 3 39899 56736 0.13
12 32 3 39900 10128 0.13
13 33 3 39901 7201 0.13
14 34 3 39902 28448 0.13
15 35 3 39903 701999 0.13
16 36 3 39904 200263 0.13
17 37 3 39905 122808 0.13
18 38 3 39906 900191 0.13
19 39 3 39907 1011138 0.13
20 40 3 39908 27628568 0.13
21 41 3 39909 2463752 0.13
22 42 3 39910 3374553 0.13
23 43 3 39911 4444194 0.13
24 44 3 39912 1038927 0.13
25 45 3 39913 466126 0.13
26 46 3 39914 149806 0.13
27 47 3 39915 51052 0.13
28 48 3 39916 110125 0.13
29 49 3 39917 9777608 0.13
30 50 3 39918 41862 0.13
31 51 3 39919 38755 0.13
32 52 3 39920 5233 0.13
33 53 3 39921 9278 0.13
34 54 3 39922 2486 0.13
35 55 3 39923 21715 0.13
36 56 3 39924 55121 0.13
37 57 3 39925 77430 0.13
38 58 3 39926 51141 0.13
39 59 3 39927 27408 0.13
40 60 3 39928 6257 0.13
41 61 3 39929 912292 0.13
42 62 3 39930 125938 0.13
43 63 3 39931 2066 0.13
44 0 3 39932 25510 0.13
45 1 3 39933 1962464 0.13
46 2 3 39934 51631 0.13
47 3 3 39935 2400 0.13
48 4 3 39936 99054 0.13
49 5 3 39937 4276 0.13
50 6 3 39938 289478 0.13
51 7 3 39939 5502622 0.13
52 8 3 39940 25665 0.13
53 9 3 39941 2133270 0.13
54 10 3 39942 117390 0.13
55 11 3 39943 23608 0.13
56 12 3 39944 55735 0.13
57 13 3 39945 35136 0.13
58 14 3 39946 28048 0.13
59 15 3 39947 4258446 0.13
60 16 3 39948 2231 0.13
61 17 3 39949 50909 0.13
62 18 3 39950 183924 0.13
63 19 3 39951 2346651 0.13
0 21 3 39952 1402024 0.13
1 22 3 39953 2859031 0.13
2 23 3 39954 5837296 0.13
3 24 3 39955 2296 0.13
4 25 3 39956 2830873 0.13
5 26 3 39957 938486 0.13
6 27 3 39958 63092 0.13
7 28 3 39959 38096 0.13
8 29 3 39960 57430 0.13
9 30 3 39961 127146 0.13
10 31 3 39962 874056 0.13
11 32 3 39963 501425 0.13
12 33 3 39964 6039468 0.13
13 34 3 39965 39677 0.13
14 35 3 39966 630889 0.13
15 36 3 39967 70102 0.13
16 37 3 39968 9332 0.13
17 38 3 39969 18534675 0.13
18 39 3 39970 4472 0.13
19 40 3 39971 9446 0.13
20 41 3 39972 349302 0.13
21 42 3 39973 2080 0.13
22 43 3 39974 362384 0.13
23 44 3 39975 62530 0.13
24 45 3 39976 3781840 0.13
25 46 3 39977 604339 0.13
26 47 3 39978 5550075 0.13
27 48 3 39979 15828 0.13
28 49 3 39980 3439159 0.13
29 50 3 39981 795863 0.13
30 51 3 39982 416806 0.13
31 52 3 39983 28765 0.13
32 53 3 39984 51439 0.13
33 54 3 39985 48106 0.13
34 55 3 39986 4990 0.13
35 56 3 39987 204561 0.13
36 57 3 39988 39079 0.13
37 58 3 39989 2431 0.13
38 59 3 39990 48149 0.13
39 60 3 39991 3700417 0.13
40 61 3 39992 28569 0.13
41 62 3 39993 9118 0.13
42 63 3 39994 16940019 0.13
43 0 3 39995 50197 0.13
44 1 3 39996 66018 0.13
45 2 3 39997 29349 0.13
46 3 3 39998 1121998 0.13
47 4 3 39999 4704110 0.13
48 5 3 40000 34033 0.13
49 6 3 40001 5474043 0.13
50 7 3 40002 8780 0.13
51 8 3 40003 1823179 0.13
52 9 3 40004 891052 0.13
53 10 3 40005 8358 0.13
54 11 3 40006 2199142 0.13
55 12 3 40007 9093920 0.13
56 13 3 40008 4936 0.13
57 14 3 40009 1585549 0.13
58 15 3 40010 47389 0.13
59 16 3 40011 1687280 0.13
60 17 3 40012 97388 0.13
61 18 3 40013 58166 0.13
62 19 3 40014 1679936 0.13
63 20 3 40015 31688 0.13
0 22 3 40016 78175 0.13
1 23 3 40017 27006 0.13
2 24 3 40018 7944934 0.13
3 25 3 40019 4283877 0.13
4 26 3 40020 190564 0.13
5 27 3 40021 450612 0.13
6 28 3 40022 1861004 0.13
7 29 3 40023 53014 0.13
8 30 3 40024 603735 0.13
9 31 3 40025 7994 0.13
10 32 3 40026 43915 0.13
11 33 3 40027 11480 0.13
12 34 3 40028 72531 0.13
13 35 3 40029 71016 0.13
14 36 3 40030 870526 0.13
15 37 3 40031 2430 0.13
16 38 3 40032 3403 0.13
17 39 3 40033 42784 0.13
18 40 3 40034 7482624 0.13
19 41 3 40035 8703250 0.13
20 42 3 40036 20628 0.13
21 43 3 40037 1167984 0.13
22 44 3 40038 9801 0.13
23 45 3 40039 9836 0.13
24 46 3 40040 15862 0.13
25 47 3 40041 20307 0.13
26 48 3 40042 10274 0.13
27 49 3 40043 2834112 0.13
28 50 3 40044 48055 0.13
29 51 3 40045 2284 0.13
30 52 3 40046 77922 0.13
31 53 3 40047 1451248 0.13
32 54 3 40048 78264 0.13
33 55 3 40049 354409 0.13
34 56 3 40050 201627 0.13
35 57 3 40051 4357102 0.13
36 58 3 40052 62142 0.13
37 59 3 40053 6640 0.13
38 60 3 40054 8984996 0.13
39 61 3 40055 2959 0.13
40 62 3 40056 1727146 0.13
41 63 3 40057 2041 0.13
42 0 3 40058 41996 0.13
43 1 3 40059 1321509 0.13
44 2 3 40060 22766 0.13
45 3 3 40061 19843 0.13
46 4 3 40062 5135 0.13
47 5 3 40063 1189920 0.13
48 6 3 40064 76546 0.13
49 7 3 40065 44293 0.13
50 8 3 40066 53163 0.13
51 9 3 40067 35877 0.13
52 10 3 40068 9334280 0.13
53 11 3 40069 389410 0.13
54 12 3 40070 28815 0.13
55 13 3 40071 9953 0.13
56 14 3 40072 9953 0.13
57 15 3 40073 1256013 0.13
58 16 3 40074 1111078 0.13
59 17 3 40075 2033 0.13
60 18 3 40076 4963 0.13
61 19 3 40077 9750 0.13
62 20 3 40078 4345421 0.13
63 21 3 40079 27086 0.13
0 23 3 40080 25814 0.13
1 24 3 40081 1441702 0.13
2 25 3 40082 1255374 0.13
3 26 3 40083 1928303 0.13
4 27 3 40084 27716 0.13
5 28 3 40085 986794 0.13
6 29 3 40086 1987831 0.13
7 30 3 40087 28103 0.13
8 31 3 40088 2246 0.13
9 32 3 40089 5239079 0.13
10 33 3 40090 6874137 0.13
11 34 3 40091 69725 0.13
12 35 3 40092 22244 0.13
13 36 3 40093 957334 0.13
14 37 3 40094 2010761 0.13
15 38 3 40095 19366 0.13
16 39 3 40096 3284909 0.13
17 40 3 40097 65132 0.13
18 41 3 40098 3034198 0.13
19 42 3 40099 185841 0.13
20 43 3 40100 103985 0.13
21 44 3 40101 913397 0.13
22 45 3 40102 30747 0.13
23 46 3 40103 1563249 0.13
24 47 3 40104 5766 0.13
25 48 3 40105 7180 0.13
26 49 3 40106 7182863 0.13
27 50 3 40107 9781 0.13
28 51 3 40108 5491 0.13
29 52 3 40109 71250 0.13
30 53 3 40110 7880171 0.13
31 54 3 40111 3964816 0.13
32 55 3 40112 5085807 0.13
33 56 3 40113 77010 0.13
34 57 3 40114 73595 0.13
35 58 3 40115 625148 0.13
36 59 3 40116 9293865 0.13
37 60 3 40117 2120553 0.13
38 61 3 40118 143192 0.13
39 62 3 40119 10120 0.13
40 63 3 40120 32146 0.13
41 0 3 40121 12282720 0.13
42 1 3 40122 38760 0.13
43 2 3 40123 64576 0.13
44 3 3 40124 1723569 0.13
45 4 3 40125 1548205 0.13
46 5 3 40126 58127 0.13
47 6 3 40127 21704 0.13
48 7 3 40128 36499 0.13
49 8 3 40129 73984 0.13
50 9 3 40130 61921 0.13
51 10 3 40131 28224 0.13
52 11 3 40132 8154291 0.13
53 12 3 40133 39365 0.13
54 13 3 40134 8199 0.13
55 14 3 40135 21320 0.13
56 15 3 40136 1022714 0.13
57 16 3 40137 73600 0.13
58 17 3 40138 8596444 0.13
59 18 3 40139 9496 0.13
60 19 3 40140 1489854 0.13
61 20 3 40141 24760356 0.13
62 21 3 40142 2718950 0.13
63 22 3 40143 9927 0.13
0 24 3 40144 32163 0.13
1 25 3 40145 1478520 0.13
2 26 3 40146 8260 0.13
3 27 3 40147 34385 0.13
4 28 3 40148 35387 0.13
5 29 3 40149 3732 0.13
6 30 3 40150 65217 0.13
7 31 3 40151 79166 0.13
8 32 3 40152 126454 0.13
9 33 3 40153 17313 0.13
10 34 3 40154 2169 0.13
11 35 3 40155 2447 0.13
12 36 3 40156 24952 0.13
13 37 3 40157 37281 0.13
14 38 3 40158 23040 0.13
15 39 3 40159 1362166 0.13
16 40 3 40160 17337 0.13
17 41 3 40161 9441668 0.13
18 42 3 40162 11767 0.13
19 43 3 40163 21340936 0.13
20 44 3 40164 59549 0.13
21 45 3 40165 66803 0.13
22 46 3 40166 45938 0.13
23 47 3 40167 45772 0.13
24 48 3 40168 2423 0.13
25 49 3 40169 8280 0.13
26 50 3 40170 107397 0.13
27 51 3 40171 71956 0.13
28 52 3 40172 34190 0.13
29 53 3 40173 970373 0.13
30 54 3 40174 73204 0.13
31 55 3 40175 4532 0.13
32 56 3 40176 721011 0.13
33 57 3 40177 2893 0.13
34 58 3 40178 66762 0.13
35 59 3 40179 20760 0.13
36 60 3 40180 872114 0.13
37 61 3 40181 2646526 0.13
38 62 3 40182 1167827 0.13
39 63 3 40183 48005 0.13
40 0 3 40184 41981 0.13
41 1 3 40185 17916 0.13
42 2 3 40186 44283 0.13
43 3 3 40187 1500654 0.13
44 4 3 40188 8901 0.13
45 5 3 40189 8271 0.13
46 6 3 40190 653335 0.13
47 7 3 40191 2292 0.13
48 8 3 40192 3241911 0.13
49 9 3 40193 1118723 0.13
50 10 3 40194 7897697 0.13
51 11 3 40195 25692 0.13
52 12 3 40196 8906796 0.13
53 13 3 40197 21986 0.13
54 14 3 40198 484562 0.13
55 15 3 40199 7742 0.13
56 16 3 40200 2158082 0.13
57 17 3 40201 4713 0.13
58 18 3 40202 6569676 0.13
59 19 3 40203 41094 0.13
60 20 3 40204 184367 0.13
61 21 3 40205 4017945 0.13
62 22 3 40206 46390 0.13
63 23 3 40207 31178 0.13
0 25 3 40208 1078272 0.13
1 26 3 40209 32377 0.13
2 27 3 40210 7255247 0.13
3 28 3 40211 21353 0.13
4 29 3 40212 191701 0.13
5 30 3 40213 298642 0.13
6 31 3 40214 68190 0.13
7 32 3 40215 2323222 0.13
8 33 3 40216 868201 0.13
9 34 3 40217 42484 0.13
10 35 3 40218 22708 0.13
11 36 3 40219 24303 0.13
12 37 3 40220 27662 0.13
13 38 3 40221 166791 0.13
14 39 3 40222 61751 0.13
15 40 3 40223 377769 0.13
16 41 3 40224 3260008 0.13
17 42 3 40225 65554 0.13
18 43 3 40226 5456 0.13
19 44 3 40227 1500052 0.13
20 45 3 40228 1463116 0.13
21 46 3 40229 1918234 0.13
22 47 3 40230 30508 0.13
23 48 3 40231 29449 0.13
24 49 3 40232 199580 0.13
25 50 3 40233 72231 0.13
26 51 3 40234 1388929 0.13
27 52 3 40235 101836 0.13
28 53 3 40236 41188 0.13
29 54 3 40237 116940 0.13
30 55 3 40238 53082 0.13
31 56 3 40239 3817 0.13
32 57 3 40240 81170 0.13
33 58 3 40241 74597 0.13
34 59 3 40242 3136086 0.13
35 60 3 40243 67575 0.13
36 61 3 40244 50800 0.13
37 62 3 40245 8430722 0.13
38 63 3 40246 27316841 0.13
39 0 3 40247 2269938 0.13
40 1 3 40248 8466 0.13
41 2 3 40249 43271 0.13
42 3 3 40250 184165 0.13
43 4 3 40251 72878 0.13
44 5 3 40252 25512 0.13
45 6 3 40253 63002 0.13
46 7 3 40254 15087091 0.13
47 8 3 40255 21959 0.13
48 9 3 40256 8205 0.13
49 10 3 40257 5215880 0.13
50 11 3 40258 171493 0.13
51 12 3 40259 2433 0.13
52 13 3 40260 6416075 0.13
53 14 3 40261 21438 0.13
54 15 3 40262 12035 0.13
55 16 3 40263 17243 0.13
56 17 3 40264 4128311 0.13
57 18 3 40265 34298 0.13
58 19 3 40266 125853 0.13
59 20 3 40267 7098496 0.13
60 21 3 40268 58993 0.13
61 22 3 40269 28983 0.13
62 23 3 40270 20673 0.13
63 24 3 40271 7412 0.13
0 26 3 40272 32439 0.13
1 27 3 40273 7985777 0.13
2 28 3 40274 1378049 0.13
3 29 3 40275 5223405 0.13
4 30 3 40276 21834 0.13
5 31 3 40277 49268 0.13
6 32 3 40278 64613 0.13
7 33 3 40279 63807 0.13
8 34 3 40280 1230570 0.13
9 35 3 40281 72239 0.13
10 36 3 40282 2031 0.13
11 37 3 40283 2089 0.13
12 38 3 40284 50620 0.13
13 39 3 40285 52568 0.13
14 40 3 40286 28678078 0.13
15 41 3 40287 1623201 0.13
16 42 3 40288 50511 0.13
17 43 3 40289 2018 0.13
18 44 3 40290 9784223 0.13
19 45 3 40291 45525 0.13
20 46 3 40292 1170486 0.13
21 47 3 40293 12410 0.13
22 48 3 40294 24980094 0.13
23 49 3 40295 3574997 0.13
24 50 3 40296 7611 0.13
25 51 3 40297 9789554 0.13
26 52 3 40298 1874436 0.13
27 53 3 40299 560150 0.13
28 54 3 40300 8164 0.13
29 55 3 40301 167477 0.13
30 56 3 40302 6995091 0.13
31 57 3 40303 3761521 0.13
32 58 3 40304 73871 0.13
33 59 3 40305 3956350 0.13
34 60 3 40306 92317 0.13
35 61 3 40307 68637 0.13
36 62 3 40308 1901361 0.13
37 63 3 40309 1625575 0.13
38 0 3 40310 8693 0.13
39 1 3 40311 26142 0.13
40 2 3 40312 1904440 0.13
41 3 3 40313 197765 0.13
42 4 3 40314 19512 0.13
43 5 3 40315 2055 0.13
44 6 3 40316 29936 0.13
45 7 3 40317 1792476 0.13
46 8 3 40318 550775 0.13
47 9 3 40319 28866676 0.13
48 10 3 40320 57128 0.13
49 11 3 40321 13219 0.13
50 12 3 40322 1604901 0.13
51 13 3 40323 5009567 0.13
52 14 3 40324 50204 0.13
53 15 3 40325 9758738 0.13
54 16 3 40326 2266 0.13
55 17 3 40327 27316 0.13
56 18 3 40328 40462 0.13
57 19 3 40329 23161 0.13
58 20 3 40330 16340 0.13
59 21 3 40331 25237 0.13
60 22 3 40332 6010417 0.13
61 23 3 40333 20558 0.13
62 24 3 40334 38010 0.13
63 25 3 40335 2341174 0.13
0 27 3 40336 27711 0.13
1 28 3 40337 4348443 0.13
2 29 3 40338 135579 0.13
3 30 3 40339 6997 0.13
4 31 3 40340 77889 0.13
5 32 3 40341 31857 0.13
6 33 3 40342 3806407 0.13
7 34 3 40343 57614 0.13
8 35 3 40344 5865 0.13
9 36 3 40345 9776537 0.13
10 37 3 40346 16263 0.13
11 38 3 40347 2221 0.13
12 39 3 40348 47759 0.13
13 40 3 40349 23503 0.13
14 41 3 40350 126851 0.13
15 42 3 40351 5184 0.13
16 43 3 40352 1571421 0.13
17 44 3 40353 2094 0.13
18 45 3 40354 129904 0.13
19 46 3 40355 1258379 0.13
20 47 3 40356 22552 0.13
21 48 3 40357 45252 0.13
22 49 3 40358 407352 0.13
23 50 3 40359 79775 0.13
24 51 3 40360 4821 0.13
25 52 3 40361 52485 0.13
26 53 3 40362 37610 0.13
27 54 3 40363 39922 0.13
28 55 3 40364 42285 0.13
29 56 3 40365 19911570 0.13
30 57 3 40366 118545 0.13
31 58 3 40367 403390 0.13
32 59 3 40368 44454 0.13
33 60 3 40369 7289344 0.13
34 61 3 40370 13383 0.13
35 62 3 40371 381318 0.13
36 63 3 40372 72993 0.13
37 0 3 40373 1547055 0.13
38 1 3 40374 6528291 0.13
39 2 3 40375 20857 0.13
40 3 3 40376 3595184 0.13
41 4 3 40377 18684 0.13
42 5 3 40378 914779 0.13
43 6 3 40379 37290 0.13
44 7 3 40380 72279 0.13
45 8 3 40381 70506 0.13
46 9 3 40382 64126 0.13
47 10 3 40383 77615 0.13
48 11 3 40384 67594 0.13
49 12 3 40385 43221 0.13
50 13 3 40386 20959 0.13
51 14 3 40387 1883129 0.13
52 15 3 40388 55802 0.13
53 16 3 40389 20861 0.13
54 17 3 40390 1755578 0.13
55 18 3 40391 5250 0.13
56 19 3 40392 25683 0.13
57 20 3 40393 192483 0.13
58 21 3 40394 173984 0.13
59 22 3 40395 22005 0.13
60 23 3 40396 2420767 0.13
61 24 3 40397 123539 0.13
62 25 3 40398 9280936 0.13
63 26 3 40399 618857 0.13
0 28 3 40400 1994473 0.13
1 29 3 40401 15831 0.13
2 30 3 40402 1866228 0.13
3 31 3 40403 3648959 0.13
4 32 3 40404 18397 0.13
5 33 3 40405 262444 0.13
6 34 3 40406 2064 0.13
7 35 3 40407 2342336 0.13
8 36 3 40408 3485746 0.13
9 37 3 40409 7198 0.13
10 38 3 40410 3976595 0.13
11 39 3 40411 2275 0.13
12 40 3 40412 4249 0.13
13 41 3 40413 22394 0.13
14 42 3 40414 6500 0.13
15 43 3 40415 31589 0.13
16 44 3 40416 9786955 0.13
17 45 3 40417 31563 0.13
18 46 3 40418 16685 0.13
19 47 3 40419 19761 0.13
20 48 3 40420 11213392 0.13
21 49 3 40421 72936 0.13
22 50 3 40422 11256 0.13
23 51 3 40423 4221 0.13
24 52 3 40424 25215245 0.13
25 53 3 40425 229671 0.13
26 54 3 40426 5092 0.13
27 55 3 40427 3920202 0.13
28 56 3 40428 78747 0.13
29 57 3 40429 48756 0.13
30 58 3 40430 2006839 0.13
31 59 3 40431 46894 0.13
32 60 3 40432 2578181 0.13
33 61 3 40433 2699424 0.13
34 62 3 40434 2765556 0.13
35 63 3 40435 1040357 0.13
36 0 3 40436 2092 0.13
37 1 3 40437 3177369 0.13
38 2 3 40438 17180271 0.13
39 3 3 40439 669389 0.13
40 4 3 40440 149748 0.13
41 5 3 40441 5269 0.13
42 6 3 40442 17493951 0.13
43 7 3 40443 68740 0.13
44 8 3 40444 80540 0.13
45 9 3 40445 6581251 0.13
46 10 3 40446 46284 0.13
47 11 3 40447 304775 0.13
48 12 3 40448 152507 0.13
49 13 3 40449 64259 0.13
50 14 3 40450 23116 0.13
51 15 3 40451 62020 0.13
52 16 3 40452 15205521 0.13
53 17 3 40453 172628 0.13
54 18 3 40454 48880 0.13
55 19 3 40455 2434 0.13
56 20 3 40456 16245 0.13
57 21 3 40457 18734 0.13
58 22 3 40458 16240 0.13
59 23 3 40459 31110 0.13
60 24 3 40460 797014 0.13
61 25 3 40461 2999 0.13
62 26 3 40462 75134 0.13
63 27 3 40463 47390 0.13
0 29 3 40464 141549 0.13
1 30 3 40465 17277190 0.13
2 31 3 40466 4874154 0.13
3 32 3 40467 5797965 0.13
4 33 3 40468 363599 0.13
5 34 3 40469 65916 0.13
6 35 3 40470 716584 0.13
7 36 3 40471 1529214 0.13
8 37 3 40472 42807 0.13
9 38 3 40473 6071816 0.13
10 39 3 40474 60138 0.13
11 40 3 40475 19093 0.13
12 41 3 40476 1682207 0.13
13 42 3 40477 70513 0.13
14 43 3 40478 2035 0.13
15 44 3 40479 7250 0.13
16 45 3 40480 37128 0.13
17 46 3 40481 822631 0.13
18 47 3 40482 5711 0.13
19 48 3 40483 9647372 0.13
20 49 3 40484 807418 0.13
21 50 3 40485 20560 0.13
22 51 3 40486 2251234 0.13
23 52 3 40487 1301574 0.13
24 53 3 40488 3501429 0.13
25 54 3 40489 2023 0.13
26 55 3 40490 9743699 0.13
27 56 3 40491 55540 0.13
28 57 3 40492 38066 0.13
29 58 3 40493 75012 0.13
30 59 3 40494 902879 0.13
31 60 3 40495 4024513 0.13
32 61 3 40496 893337 0.13
33 62 3 40497 54638 0.13
34 63 3 40498 3398 0.13
35 0 3 40499 6992664 0.13
36 1 3 40500 78556 0.13
37 2 3 40501 788402 0.13
38 3 3 40502 67142 0.13
39 4 3 40503 7983138 0.13
40 5 3 40504 73297 0.13
41 6 3 40505 20873391 0.13
42 7 3 40506 68196 0.13
43 8 3 40507 2898599 0.13
44 9 3 40508 6459463 0.13
45 10 3 40509 184848 0.13
46 11 3 40510 2878318 0.13
47 12 3 40511 8492332 0.13
48 13 3 40512 6128980 0.13
49 14 3 40513 25239584 0.13
50 15 3 40514 52474 0.13
51 16 3 40515 27154 0.13
52 17 3 40516 72196 0.13
53 18 3 40517 13643 0.13
54 19 3 40518 20076 0.13
55 20 3 40519 70769 0.13
56 21 3 40520 3189713 0.13
57 22 3 40521 662823 0.13
58 23 3 40522 4550624 0.13
59 24 3 40523 1652150 0.13
60 25 3 40524 40130 0.13
61 26 3 40525 48741 0.13
62 27 3 40526 4156327 0.13
63 28 3 40527 26383 0.13
0 30 3 40528 36955 0.13
1 31 3 40529 60257 0.13
2 32 3 40530 1414165 0.13
3 33 3 40531 47002 0.13
4 34 3 40532 25928 0.13
5 35 3 40533 171487 0.13
6 36 3 40534 26507 0.13
7 37 3 40535 59835 0.13
8 38 3 40536 4481 0.13
9 39 3 40537 40716 0.13
10 40 3 40538 426857 0.13
11 41 3 40539 1382767 0.13
12 42 3 40540 27507 0.13
13 43 3 40541 60004 0.13
14 44 3 40542 25274 0.13
15 45 3 40543 33943 0.13
16 46 3 40544 2314 0.13
17 47 3 40545 508208 0.13
18 48 3 40546 25318 0.13
19 49 3 40547 1746527 0.13
20 50 3 40548 24133 0.13
21 51 3 40549 71958 0.13
22 52 3 40550 204126 0.13
23 53 3 40551 2027 0.13
24 54 3 40552 1249750 0.13
25 55 3 40553 833808 0.13
26 56 3 40554 1480371 0.13
27 57 3 40555 289131 0.13
28 58 3 40556 32964 0.13
29 59 3 40557 22699 0.13
30 60 3 40558 389947 0.13
31 61 3 40559 36553 0.13
32 62 3 40560 2193 0.13
33 63 3 40561 59444 0.13
34 0 3 40562 2442247 0.13
35 1 3 40563 27965 0.13
36 2 3 40564 4006988 0.13
37 3 3 40565 2267 0.13
38 4 3 40566 9845527 0.13
39 5 3 40567 78840 0.13
40 6 3 40568 44919 0.13
41 7 3 40569 83592 0.13
42 8 3 40570 19744 0.13
43 9 3 40571 86305 0.13
44 10 3 40572 6779489 0.13
45 11 3 40573 166307 0.13
46 12 3 40574 17305 0.13
47 13 3 40575 257300 0.13
48 14 3 40576 24767 0.13
49 15 3 40577 206684 0.13
50 16 3 40578 30588 0.13
51 17 3 40579 1403329 0.13
52 18 3 40580 2405 0.13
53 19 3 40581 6343095 0.13
54 20 3 40582 2342673 0.13
55 21 3 40583 2222 0.13
56 22 3 40584 22141 0.13
57 23 3 40585 20903 0.13
58 24 3 40586 9827880 0.13
59 25 3 40587 4264207 0.13
60 26 3 40588 5115 0.13
61 27 3 40589 2006 0.13
62 28 3 40590 4397336 0.13
63 29 3 40591 21842 0.13
0 31 3 40592 2323936 0.13
1 32 3 40593 1065238 0.13
2 33 3 40594 3152930 0.13
3 34 3 40595 32845 0.13
4 35 3 40596 2445 0.13
5 36 3 40597 1380945 0.13
6 37 3 40598 9292 0.13
7 38 3 40599 42192 0.13
8 39 3 40600 23046 0.13
9 40 3 40601 85079 0.13
10 41 3 40602 453117 0.13
11 42 3 40603 57357 0.13
12 43 3 40604 20209 0.13
13 44 3 40605 29135 0.13
14 45 3 40606 48913 0.13
15 46 3 40607 28113 0.13
16 47 3 40608 56240 0.13
17 48 3 40609 933255 0.13
18 49 3 40610 28536277 0.13
19 50 3 40611 8851205 0.13
20 51 3 40612 48819 0.13
21 52 3 40613 57357 0.13
22 53 3 40614 2331 0.13
23 54 3 40615 21841 0.13
24 55 3 40616 3713351 0.13
25 56 3 40617 8919 0.13
26 57 3 40618 69775 0.13
27 58 3 40619 2667082 0.13
28 59 3 40620 149216 0.13
29 60 3 40621 67200 0.13
30 61 3 40622 6916 0.13
31 62 3 40623 190803 0.13
32 63 3 40624 1825595 0.13
33 0 3 40625 1087122 0.13
34 1 3 40626 1579058 0.13
35 2 3 40627 28367 0.13
36 3 3 40628 2471494 0.13
37 4 3 40629 2736 0.13
38 5 3 40630 5215 0.13
39 6 3 40631 15807 0.13
40 7 3 40632 70592 0.13
41 8 3 40633 2432 0.13
42 9 3 40634 2125820 0.13
43 10 3 40635 6814 0.13
44 11 3 40636 4215572 0.13
45 12 3 40637 35579 0.13
46 13 3 40638 48348 0.13
47 14 3 40639 14502144 0.13
48 15 3 40640 26237 0.13
49 16 3 40641 4434566 0.13
50 17 3 40642 67486 0.13
51 18 3 40643 470780 0.13
52 19 3 40644 20218 0.13
53 20 3 40645 19262 0.13
54 21 3 40646 23605 0.13
55 22 3 40647 3035803 0.13
56 23 3 40648 56257 0.13
57 24 3 40649 26358 0.13
58 25 3 40650 21496 0.13
59 26 3 40651 34286 0.13
60 27 3 40652 3866330 0.13
61 28 3 40653 44240 0.13
62 29 3 40654 1058145 0.13
63 30 3 40655 66859 0.13
0 32 3 40656 182929 0.13
1 33 3 40657 3650390 0.13
2 34 3 40658 2139 0.13
3 35 3 40659 2256858 0.13
4 36 3 40660 38787 0.13
5 37 3 40661 1574011 0.13
6 38 3 40662 530616 0.13
7 39 3 40663 16684 0.13
8 40 3 40664 2256 0.13
9 41 3 40665 1605263 0.13
10 42 3 40666 2219 0.13
11 43 3 40667 50804 0.13
12 44 3 40668 79505 0.13
13 45 3 40669 36824 0.13
14 46 3 40670 1562173 0.13
15 47 3 40671 3232 0.13
16 48 3 40672 4963 0.13
17 49 3 40673 3384156 0.13
18 50 3 40674 996786 0.13
19 51 3 40675 841600 0.13
20 52 3 40676 7580 0.13
21 53 3 40677 11984 0.13
22 54 3 40678 16466 0.13
23 55 3 40679 4491386 0.13
24 56 3 40680 49825 0.13
25 57 3 40681 5639 0.13
26 58 3 40682 21842 0.13
27 59 3 40683 6782 0.13
28 60 3 40684 17520 0.13
29 61 3 40685 64243 0.13
30 62 3 40686 42783 0.13
31 63 3 40687 556862 0.13
32 0 3 40688 77903 0.13
33 1 3 40689 29759 0.13
34 2 3 40690 777373 0.13
35 3 3 40691 999061 0.13
36 4 3 40692 9716566 0.13
37 5 3 40693 5659049 0.13
38 6 3 40694 24846 0.13
39 7 3 40695 52590 0.13
40 8 3 40696 73203 0.13
41 9 3 40697 2044 0.13
42 10 3 40698 6190457 0.13
43 11 3 40699 74236 0.13
44 12 3 40700 16140837 0.13
45 13 3 40701 70602 0.13
46 14 3 40702 3629 0.13
47 15 3 40703 2431 0.13
48 16 3 40704 2079336 0.13
49 17 3 40705 51029 0.13
50 18 3 40706 529439 0.13
51 19 3 40707 7528 0.13
52 20 3 40708 2232 0.13
53 21 3 40709 56303 0.13
54 22 3 40710 2377 0.13
55 23 3 40711 2310 0.13
56 24 3 40712 62708 0.13
57 25 3 40713 20498 0.13
58 26 3 40714 93443 0.13
59 27 3 40715 563898 0.13
60 28 3 40716 59546 0.13
61 29 3 40717 1307510 0.13
62 30 3 40718 75913 0.13
63 31 3 40719 19255 0.13
0 33 3 40720 2053 0.13
1 34 3 40721 25430 0.13
2 35 3 40722 3242751 0.13
3 36 3 40723 40253 0.13
4 37 3 40724 21306 0.13
5 38 3 40725 7121184 0.13
6 39 3 40726 35712 0.13
7 40 3 40727 28474 0.13
8 41 3 40728 827147 0.13
9 42 3 40729 4039300 0.13
10 43 3 40730 4329227 0.13
11 44 3 40731 361528 0.13
12 45 3 40732 68278 0.13
13 46 3 40733 76324 0.13
14 47 3 40734 314712 0.13
15 48 3 40735 17828 0.13
16 49 3 40736 4006139 0.13
17 50 3 40737 121281 0.13
18 51 3 40738 2575028 0.13
19 52 3 40739 24485 0.13
20 53 3 40740 705762 0.13
21 54 3 40741 47992 0.13
22 55 3 40742 20685429 0.13
23 56 3 40743 24570 0.13
24 57 3 40744 8444509 0.13
25 58 3 40745 56466 0.13
26 59 3 40746 1442058 0.13
27 60 3 40747 35124 0.13
28 61 3 40748 393399 0.13
29 62 3 40749 2858887 0.13
30 63 3 40750 8440380 0.13
31 0 3 40751 25898148 0.13
32 1 3 40752 4662724 0.13
33 2 3 40753 115701 0.13
34 3 3 40754 671912 0.13
35 4 3 40755 5071433 0.13
36 5 3 40756 27677007 0.13
37 6 3 40757 178783 0.13
38 7 3 40758 2152 0.13
39 8 3 40759 27232115 0.13
40 9 3 40760 11145171 0.13
41 10 3 40761 2282 0.13
42 11 3 40762 410666 0.13
43 12 3 40763 44348 0.13
44 13 3 40764 2025 0.13
45 14 3 40765 1132459 0.13
46 15 3 40766 38455 0.13
47 16 3 40767 55382 0.13
48 17 3 40768 399956 0.13
49 18 3 40769 2785 0.13
50 19 3 40770 1432171 0.13
51 20 3 40771 11790 0.13
52 21 3 40772 3002150 0.13
53 22 3 40773 591788 0.13
54 23 3 40774 4967987 0.13
55 24 3 40775 256413 0.13
56 25 3 40776 196771 0.13
57 26 3 40777 379605 0.13
58 27 3 40778 46219 0.13
59 28 3 40779 21894 0.13
60 29 3 40780 9242481 0.13
61 30 3 40781 2675627 0.13
62 31 3 40782 13026 0.13
63 32 3 40783 24588 0.13
0 34 3 40784 3490585 0.13
1 35 3 40785 49910 0.13
2 36 3 40786 26473 0.13
3 37 3 40787 2016 0.13
4 38 3 40788 24482 0.13
5 39 3 40789 59269 0.13
6 40 3 40790 541336 0.13
7 41 3 40791 7387 0.13
8 42 3 40792 40643 0.13
9 43 3 40793 2152827 0.13
10 44 3 40794 3247631 0.13
11 45 3 40795 2129316 0.13
12 46 3 40796 860938 0.13
13 47 3 40797 20848 0.13
14 48 3 40798 12670 0.13
15 49 3 40799 7398 0.13
16 50 3 40800 3991454 0.13
17 51 3 40801 423643 0.13
18 52 3 40802 41456 0.13
19 53 3 40803 5539 0.13
20 54 3 40804 14261462 0.13
21 55 3 40805 35271 0.13
22 56 3 40806 2126 0.13
23 57 3 40807 8241 0.13
24 58 3 40808 4487 0.13
25 59 3 40809 8383626 0.13
26 60 3 40810 9202 0.13
27 61 3 40811 2353 0.13
28 62 3 40812 27806900 0.13
29 63 3 40813 3629703 0.13
30 0 3 40814 7377166 0.13
31 1 3 40815 8105 0.13
32 2 3 40816 5611830 0.13
33 3 3 40817 30191 0.13
34 4 3 40818 4234588 0.13
35 5 3 40819 1817621 0.13
36 6 3 40820 2267 0.13
37 7 3 40821 23751 0.13
38 8 3 40822 9835970 0.13
39 9 3 40823 5681673 0.13
40 10 3 40824 39318 0.13
41 11 3 40825 81177 0.13
42 12 3 40826 1088165 0.13
43 13 3 40827 21751 0.13
44 14 3 40828 76816 0.13
45 15 3 40829 60030 0.13
46 16 3 40830 2736638 0.13
47 17 3 40831 200024 0.13
48 18 3 40832 4549290 0.13
49 19 3 40833 177564 0.13
50 20 3 40834 78946 0.13
51 21 3 40835 1484691 0.13
52 22 3 40836 27089 0.13
53 23 3 40837 1166900 0.13
54 24 3 40838 504678 0.13
55 25 3 40839 35483 0.13
56 26 3 40840 79138 0.13
57 27 3 40841 6398 0.13
58 28 3 40842 3740638 0.13
59 29 3 40843 89915 0.13
60 30 3 40844 69850 0.13
61 31 3 40845 3786885 0.13
62 32 3 40846 17558 0.13
63 33 3 40847 76589 0.13
0 35 3 40848 9046 0.13
1 36 3 40849 7271260 0.13
2 37 3 40850 3558554 0.13
3 38 3 40851 177511 0.13
4 39 3 40852 4042202 0.13
5 40 3 40853 5892 0.13
6 41 3 40854 38659 0.13
7 42 3 40855 4124681 0.13
8 43 3 40856 43025 0.13
9 44 3 40857 65470 0.13
10 45 3 40858 54339 0.13
11 46 3 40859 79507 0.13
12 47 3 40860 79065 0.13
13 48 3 40861 1238174 0.13
14 49 3 40862 37308 0.13
15 50 3 40863 37689 0.13
16 51 3 40864 2380 0.13
17 52 3 40865 2754 0.13
18 53 3 40866 76146 0.13
19 54 3 40867 157464 0.13
20 55 3 40868 1279308 0.13
21 56 3 40869 3571758 0.13
22 57 3 40870 364604 0.13
23 58 3 40871 3348981 0.13
24 59 3 40872 26180 0.13
25 60 3 40873 73494 0.13
26 61 3 40874 47536 0.13
27 62 3 40875 801657 0.13
28 63 3 40876 37716 0.13
29 0 3 40877 2736715 0.13
30 1 3 40878 1622070 0.13
31 2 3 40879 75961 0.13
32 3 3 40880 28172 0.13
33 4 3 40881 1394510 0.13
34 5 3 40882 4543256 0.13
35 6 3 40883 3359202 0.13
36 7 3 40884 1370942 0.13
37 8 3 40885 75481 0.13
38 9 3 40886 8898 0.13
39 10 3 40887 25530 0.13
40 11 3 40888 51666 0.13
41 12 3 40889 29048 0.13
42 13 3 40890 23732 0.13
43 14 3 40891 36487 0.13
44 15 3 40892 60066 0.13
45 16 3 40893 3520211 0.13
46 17 3 40894 192559 0.13
47 18 3 40895 42222 0.13
48 19 3 40896 1838542 0.13
49 20 3 40897 210675 0.13
50 21 3 40898 1999233 0.13
51 22 3 40899 7439686 0.13
52 23 3 40900 43653 0.13
53 24 3 40901 36528 0.13
54 25 3 40902 75564 0.13
55 26 3 40903 3764086 0.13
56 27 3 40904 74874 0.13
57 28 3 40905 1118055 0.13
58 29 3 40906 712377 0.13
59 30 3 40907 60762 0.13
60 31 3 40908 1759641 0.13
61 32 3 40909 30005 0.13
62 33 3 40910 1676391 0.13
63 34 3 40911 62005 0.13
0 36 3 40912 72304 0.13
1 37 3 40913 71498 0.13
2 38 3 40914 44420 0.13
3 39 3 40915 4216393 0.13
4 40 3 40916 43987 0.13
5 41 3 40917 4381519 0.13
6 42 3 40918 7397 0.13
7 43 3 40919 21682 0.13
8 44 3 40920 60933 0.13
9 45 3 40921 3545776 0.13
10 46 3 40922 1366607 0.13
11 47 3 40923 2367017 0.13
12 48 3 40924 24831 0.13
13 49 3 40925 193374 0.13
14 50 3 40926 325559 0.13
15 51 3 40927 2085 0.13
16 52 3 40928 3348 0.13
17 53 3 40929 28502 0.13
18 54 3 40930 36186 0.13
19 55 3 40931 42837 0.13
20 56 3 40932 18848508 0.13
21 57 3 40933 109861 0.13
22 58 3 40934 32107 0.13
23 59 3 40935 903911 0.13
24 60 3 40936 53704 0.13
25 61 3 40937 4891645 0.13
26 62 3 40938 6573071 0.13
27 63 3 40939 3363556 0.13
28 0 3 40940 6441 0.13
29 1 3 40941 56085 0.13
30 2 3 40942 19495 0.13
31 3 3 40943 137668 0.13
32 4 3 40944 1880921 0.13
33 5 3 40945 671928 0.13
34 6 3 40946 70441 0.13
35 7 3 40947 10807 0.13
36 8 3 40948 42802 0.13
37 9 3 40949 22099 0.13
38 10 3 40950 5116991 0.13
39 11 3 40951 7152086 0.13
40 12 3 40952 1765232 0.13
41 13 3 40953 57136 0.13
42 14 3 40954 26350 0.13
43 15 3 40955 1342375 0.13
44 16 3 40956 2110 0.13
45 17 3 40957 30225 0.13
46 18 3 40958 1822384 0.13
47 19 3 40959 5804755 0.13
48 20 3 40960 20486667 0.13
49 21 3 40961 70958 0.13
50 22 3 40962 836319 0.13
51 23 3 40963 49460 0.13
52 24 3 40964 19468 0.13
53 25 3 40965 3392 0.13
54 26 3 40966 28302 0.13
55 27 3 40967 43563 0.13
56 28 3 40968 7054 0.13
57 29 3 40969 420920 0.13
58 30 3 40970 27630 0.13
59 31 3 40971 72254 0.13
60 32 3 40972 7063489 0.13
61 33 3 40973 2573718 0.13
62 34 3 40974 2911 0.13
63 35 3 40975 28291 0.13
0 37 3 40976 42907 0.13
1 38 3 40977 124030 0.13
2 39 3 40978 1903057 0.13
3 40 3 40979 40638 0.13
4 41 3 40980 379896 0.13
5 42 3 40981 37242 0.13
6 43 3 40982 2923385 0.13
7 44 3 40983 6688006 0.13
8 45 3 40984 2042603 0.13
9 46 3 40985 9158519 0.13
10 47 3 40986 55529 0.13
11 48 3 40987 128417 0.13
12 49 3 40988 9990061 0.13
13 50 3 40989 21468 0.13
14 51 3 40990 44602 0.13
15 52 3 40991 10058992 0.13
16 53 3 40992 664217 0.13
17 54 3 40993 994843 0.13
18 55 3 40994 3819289 0.13
19 56 3 40995 53372 0.13
20 57 3 40996 75147 0.13
21 58 3 40997 132269 0.13
22 59 3 40998 1823192 0.13
23 60 3 40999 41224 0.13
24 61 3 41000 2038 0.13
25 62 3 41001 22341577 0.13
26 63 3 41002 1438180 0.13
27 0 3 41003 5416 0.13
28 1 3 41004 73709 0.13
29 2 3 41005 1591323 0.13
30 3 3 41006 2557 0.13
31 4 3 41007 20092 0.13
32 5 3 41008 66996 0.13
33 6 3 41009 44111 0.13
34 7 3 41010 35925 0.13
35 8 3 41011 66511 0.13
36 9 3 41012 34212 0.13
37 10 3 41013 11735 0.13
38 11 3 41014 405977 0.13
39 12 3 41015 164145 0.13
40 13 3 41016 170978 0.13
41 14 3 41017 22306 0.13
42 15 3 41018 124550 0.13
43 16 3 41019 4615007 0.13
44 17 3 41020 1784363 0.13
45 18 3 41021 328500 0.13
46 19 3 41022 9680469 0.13
47 20 3 41023 4110213 0.13
48 21 3 41024 745837 0.13
49 22 3 41025 54669 0.13
50 23 3 41026 78502 0.13
51 24 3 41027 8976022 0.13
52 25 3 41028 4500592 0.13
53 26 3 41029 18882713 0.13
54 27 3 41030 107979 0.13
55 28 3 41031 569838 0.13
56 29 3 41032 2159 0.13
57 30 3 41033 5159 0.13
58 31 3 41034 43710 0.13
59 32 3 41035 1900552 0.13
60 33 3 41036 117487 0.13
61 34 3 41037 195229 0.13
62 35 3 41038 5498 0.13
63 36 3 41039 43884 0.13
0 38 3 41040 20460 0.13
1 39 3 41041 2416 0.13
2 40 3 41042 51360 0.13
3 41 3 41043 2479 0.13
4 42 3 41044 288713 0.13
5 43 3 41045 17971 0.13
6 44 3 41046 822926 0.13
7 45 3 41047 23736 0.13
8 46 3 41048 21713 0.13
9 47 3 41049 149709 0.13
10 48 3 41050 24299 0.13
11 49 3 41051 178460 0.13
12 50 3 41052 16988 0.13
13 51 3 41053 2012 0.13
14 52 3 41054 752889 0.13
15 53 3 41055 23620 0.13
16 54 3 41056 132313 0.13
17 55 3 41057 60972 0.13
18 56 3 41058 13911 0.13
19 57 3 41059 639066 0.13
20 58 3 41060 8718623 0.13
21 59 3 41061 130738 0.13
22 60 3 41062 319506 0.13
23 61 3 41063 79587 0.13
24 62 3 41064 28332 0.13
25 63 3 41065 7794881 0.13
26 0 3 41066 77630 0.13
27 1 3 41067 1526905 0.13
28 2 3 41068 52818 0.13
29 3 3 41069 62185 0.13
30 4 3 41070 50964 0.13
31 5 3 41071 1477312 0.13
32 6 3 41072 27296 0.13
33 7 3 41073 3299706 0.13
34 8 3 41074 8809 0.13
35 9 3 41075 2039 0.13
36 10 3 41076 23258 0.13
37 11 3 41077 75962 0.13
38 12 3 41078 5489 0.13
39 13 3 41079 29394 0.13
40 14 3 41080 1428578 0.13
41 15 3 41081 51097 0.13
42 16 3 41082 29210 0.13
43 17 3 41083 27809 0.13
44 18 3 41084 1279307 0.13
45 19 3 41085 53006 0.13
46 20 3 41086 27481 0.13
47 21 3 41087 2233 0.13
48 22 3 41088 64561 0.13
49 23 3 41089 129380 0.13
50 24 3 41090 1664958 0.13
51 25 3 41091 1649838 0.13
52 26 3 41092 1616254 0.13
53 27 3 41093 198750 0.13
54 28 3 41094 57867 0.13
55 29 3 41095 23961 0.13
56 30 3 41096 189514 0.13
57 31 3 41097 609639 0.13
58 32 3 41098 77296 0.13
59 33 3 41099 864794 0.13
60 34 3 41100 113713 0.13
61 35 3 41101 60067 0.13
62 36 3 41102 3642126 0.13
63 37 3 41103 27262 0.13
0 39 3 41104 142534 0.13
1 40 3 41105 32220 0.13
2 41 3 41106 79186 0.13
3 42 3 41107 710011 0.13
4 43 3 41108 31191 0.13
5 44 3 41109 8562328 0.13
6 45 3 41110 46804 0.13
7 46 3 41111 278879 0.13
8 47 3 41112 18505377 0.13
9 48 3 41113 146919 0.13
10 49 3 41114 1031381 0.13
11 50 3 41115 24932 0.13
12 51 3 41116 2311209 0.13
13 52 3 41117 36056 0.13
14 53 3 41118 58575 0.13
15 54 3 41119 32190 0.13
16 55 3 41120 9533 0.13
17 56 3 41121 320400 0.13
18 57 3 41122 2051 0.13
19 58 3 41123 10519 0.13
20 59 3 41124 45770 0.13
21 60 3 41125 1939260 0.13
22 61 3 41126 1590043 0.13
23 62 3 41127 3406716 0.13
24 63 3 41128 7767336 0.13
25 0 3 41129 2156115 0.13
26 1 3 41130 26826 0.13
27 2 3 41131 8939324 0.13
28 3 3 41132 47720 0.13
29 4 3 41133 54222 0.13
30 5 3 41134 27333123 0.13
31 6 3 41135 77544 0.13
32 7 3 41136 9195486 0.13
33 8 3 41137 7738 0.13
34 9 3 41138 20902063 0.13
35 10 3 41139 16412 0.13
36 11 3 41140 9128 0.13
37 12 3 41141 1815022 0.13
38 13 3 41142 9671 0.13
39 14 3 41143 719912 0.13
40 15 3 41144 599411 0.13
41 16 3 41145 13182240 0.13
42 17 3 41146 564816 0.13
43 18 3 41147 26628 0.13
44 19 3 41148 131745 0.13
45 20 3 41149 8989 0.13
46 21 3 41150 5236850 0.13
47 22 3 41151 22655 0.13
48 23 3 41152 20778 0.13
49 24 3 41153 69839 0.13
50 25 3 41154 127995 0.13
51 26 3 41155 26984 0.13
52 27 3 41156 17498975 0.13
53 28 3 41157 803919 0.13
54 29 3 41158 3502 0.13
55 30 3 41159 76464 0.13
56 31 3 41160 71216 0.13
57 32 3 41161 30160 0.13
58 33 3 41162 4497520 0.13
59 34 3 41163 77883 0.13
60 35 3 41164 35356 0.13
61 36 3 41165 73409 0.13
62 37 3 41166 2602 0.13
63 38 3 41167 26549 0.13
0 40 3 41168 35940 0.13
1 41 3 41169 172779 0.13
2 42 3 41170 891888 0.13
3 43 3 41171 5954537 0.13
4 44 3 41172 35110 0.13
5 45 3 41173 1755576 0.13
6 46 3 41174 700738 0.13
7 47 3 41175 613809 0.13
8 48 3 41176 728676 0.13
9 49 3 41177 1908043 0.13
10 50 3 41178 44367 0.13
11 51 3 41179 2034256 0.13
12 52 3 41180 73634 0.13
13 53 3 41181 134209 0.13
14 54 3 41182 2010 0.13
15 55 3 41183 4600771 0.13
16 56 3 41184 37464 0.13
17 57 3 41185 3491886 0.13
18 58 3 41186 8541 0.13
19 59 3 41187 49119 0.13
20 60 3 41188 1486109 0.13
21 61 3 41189 613268 0.13
22 62 3 41190 26113 0.13
23 63 3 41191 25544 0.13
24 0 3 41192 213234 0.13
25 1 3 41193 21483 0.13
26 2 3 41194 53284 0.13
27 3 3 41195 22419 0.13
28 4 3 41196 65436 0.13
29 5 3 41197 43529 0.13
30 6 3 41198 6589 0.13
31 7 3 41199 9437772 0.13
32 8 3 41200 41026 0.13
33 9 3 41201 4484310 0.13
34 10 3 41202 1996361 0.13
35 11 3 41203 15514 0.13
36 12 3 41204 3301 0.13
37 13 3 41205 10185 0.13
38 14 3 41206 17123636 0.13
39 15 3 41207 75408 0.13
40 16 3 41208 59940 0.13
41 17 3 41209 62903 0.13
42 18 3 41210 5982 0.13
43 19 3 41211 43731 0.13
44 20 3 41212 2549 0.13
45 21 3 41213 35159 0.13
46 22 3 41214 452577 0.13
47 23 3 41215 5488 0.13
48 24 3 41216 10674229 0.13
49 25 3 41217 39520 0.13
50 26 3 41218 8146892 0.13
51 27 3 41219 2122 0.13
52 28 3 41220 38066 0.13
53 29 3 41221 44813 0.13
54 30 3 41222 6102 0.13
55 31 3 41223 22379 0.13
56 32 3 41224 4373722 0.13
57 33 3 41225 109708 0.13
58 34 3 41226 2495 0.13
59 35 3 41227 5131 0.13
60 36 3 41228 26311 0.13
61 37 3 41229 17507 0.13
62 38 3 41230 17125 0.13
63 39 3 41231 17160 0.13
0 41 3 41232 135979 0.13
1 42 3 41233 4040947 0.13
2 43 3 41234 67490 0.13
3 44 3 41235 55380 0.13
4 45 3 41236 1102175 0.13
5 46 3 41237 20481 0.13
6 47 3 41238 3626252 0.13
7 48 3 41239 772945 0.13
8 49 3 41240 934713 0.13
9 50 3 41241 2468 0.13
10 51 3 41242 27914 0.13
11 52 3 41243 20720 0.13
12 53 3 41244 110801 0.13
13 54 3 41245 2007 0.13
14 55 3 41246 2374 0.13
15 56 3 41247 17802355 0.13
16 57 3 41248 2012012 0.13
17 58 3 41249 324821 0.13
18 59 3 41250 4419 0.13
19 60 3 41251 2704217 0.13
20 61 3 41252 2409 0.13
21 62 3 41253 42726 0.13
22 63 3 41254 8152 0.13
23 0 3 41255 4706 0.13
24 1 3 41256 26727 0.13
25 2 3 41257 63644 0.13
26 3 3 41258 3157782 0.13
27 4 3 41259 1785070 0.13
28 5 3 41260 6307406 0.13
29 6 3 41261 166363 0.13
30 7 3 41262 1666222 0.13
31 8 3 41263 42369 0.13
32 9 3 41264 197596 0.13
33 10 3 41265 36750 0.13
34 11 3 41266 8616 0.13
35 12 3 41267 2094 0.13
36 13 3 41268 16038 0.13
37 14 3 41269 331370 0.13
38 15 3 41270 56741 0.13
39 16 3 41271 9105597 0.13
40 17 3 41272 2053195 0.13
41 18 3 41273 21556 0.13
42 19 3 41274 5254707 0.13
43 20 3 41275 73953 0.13
44 21 3 41276 18748 0.13
45 22 3 41277 32422 0.13
46 23 3 41278 4020402 0.13
47 24 3 41279 420089 0.13
48 25 3 41280 68261 0.13
49 26 3 41281 4905496 0.13
50 27 3 41282 1195445 0.13
51 28 3 41283 7880 0.13
52 29 3 41284 2368 0.13
53 30 3 41285 4376 0.13
54 31 3 41286 192008 0.13
55 32 3 41287 10628 0.13
56 33 3 41288 4683343 0.13
57 34 3 41289 9194 0.13
58 35 3 41290 50335 0.13
59 36 3 41291 178869 0.13
60 37 3 41292 28750 0.13
61 38 3 41293 2107288 0.13
62 39 3 41294 20116 0.13
63 40 3 41295 63823 0.13
0 42 3 41296 28251 0.13
1 43 3 41297 60848 0.13
2 44 3 41298 9744759 0.13
3 45 3 41299 10999 0.13
4 46 3 41300 28341 0.13
5 47 3 41301 4787 0.13
6 48 3 41302 8100 0.13
7 49 3 41303 28200 0.13
8 50 3 41304 1998499 0.13
9 51 3 41305 15923 0.13
10 52 3 41306 55765 0.13
11 53 3 41307 40278 0.13
12 54 3 41308 3676812 0.13
13 55 3 41309 15106 0.13
14 56 3 41310 20124 0.13
15 57 3 41311 5051 0.13
16 58 3 41312 53189 0.13
17 59 3 41313 41160 0.13
18 60 3 41314 75429 0.13
19 61 3 41315 54273 0.13
20 62 3 41316 9643 0.13
21 63 3 41317 62389 0.13
22 0 3 41318 36351 0.13
23 1 3 41319 9983 0.13
24 2 3 41320 63131 0.13
25 3 3 41321 9107 0.13
26 4 3 41322 2789 0.13
27 5 3 41323 24195 0.13
28 6 3 41324 432453 0.13
29 7 3 41325 66862 0.13
30 8 3 41326 3021 0.13
31 9 3 41327 62621 0.13
32 10 3 41328 32817 0.13
33 11 3 41329 2038 0.13
34 12 3 41330 4677780 0.13
35 13 3 41331 41249 0.13
36 14 3 41332 1483263 0.13
37 15 3 41333 3259379 0.13
38 16 3 41334 881477 0.13
39 17 3 41335 58451 0.13
40 18 3 41336 70175 0.13
41 19 3 41337 56061 0.13
42 20 3 41338 2013 0.13
43 21 3 41339 64390 0.13
44 22 3 41340 4321 0.13
45 23 3 41341 3969 0.13
46 24 3 41342 15566 0.13
47 25 3 41343 982594 0.13
48 26 3 41344 5391 0.13
49 27 3 41345 46614 0.13
50 28 3 41346 4085013 0.13
51 29 3 41347 197991 0.13
52 30 3 41348 2305787 0.13
53 31 3 41349 11225844 0.13
54 32 3 41350 42995 0.13
55 33 3 41351 1957407 0.13
56 34 3 41352 156027 0.13
57 35 3 41353 22963 0.13
58 36 3 41354 970093 0.13
59 37 3 41355 23134 0.13
60 38 3 41356 437150 0.13
61 39 3 41357 44115 0.13
62 40 3 41358 79936 0.13
63 41 3 41359 1340759 0.13
0 43 3 41360 1008628 0.13
1 44 3 41361 9879835 0.13
2 45 3 41362 4126184 0.13
3 46 3 41363 54293 0.13
4 47 3 41364 66864 0.13
5 48 3 41365 2924 0.13
6 49 3 41366 59775 0.13
7 50 3 41367 29679 0.13
8 51 3 41368 9622 0.13
9 52 3 41369 6661 0.13
10 53 3 41370 79541 0.13
11 54 3 41371 2260 0.13
12 55 3 41372 27140 0.13
13 56 3 41373 49188 0.13
14 57 3 41374 26506 0.13
15 58 3 41375 1498761 0.13
16 59 3 41376 1841213 0.13
17 60 3 41377 424640 0.13
18 61 3 41378 872870 0.13
19 62 3 41379 1392155 0.13
20 63 3 41380 154634 0.13
21 0 3 41381 9414 0.13
22 1 3 41382 2293 0.13
23 2 3 41383 3817 0.13
24 3 3 41384 1748150 0.13
25 4 3 41385 5422765 0.13
26 5 3 41386 34598 0.13
27 6 3 41387 30956 0.13
28 7 3 41388 74097 0.13
29 8 3 41389 1790578 0.13
30 9 3 41390 5896 0.13
31 10 3 41391 254333 0.13
32 11 3 41392 18072 0.13
33 12 3 41393 48270 0.13
34 13 3 41394 43004 0.13
35 14 3 41395 24781 0.13
36 15 3 41396 17014141 0.13
37 16 3 41397 20308 0.13
38 17 3 41398 23811 0.13
39 18 3 41399 33141 0.13
40 19 3 41400 1086682 0.13
41 20 3 41401 43660 0.13
42 21 3 41402 30531 0.13
43 22 3 41403 65106 0.13
44 23 3 41404 4115308 0.13
45 24 3 41405 2014 0.13
46 25 3 41406 2588952 0.13
47 26 3 41407 4991247 0.13
48 27 3 41408 7561 0.13
49 28 3 41409 1710688 0.13
50 29 3 41410 26354 0.13
51 30 3 41411 61731 0.13
52 31 3 41412 61301 0.13
53 32 3 41413 518300 0.13
54 33 3 41414 9737 0.13
55 34 3 41415 1862897 0.13
56 35 3 41416 2053 0.13
57 36 3 41417 9761208 0.13
58 37 3 41418 26955 0.13
59 38 3 41419 3304 0.13
60 39 3 41420 2567452 0.13
61 40 3 41421 38201 0.13
62 41 3 41422 1000710 0.13
63 42 3 41423 379192 0.13
0 44 3 41424 117370 0.13
1 45 3 41425 839692 0.13
2 46 3 41426 2149794 0.13
3 47 3 41427 3878251 0.13
4 48 3 41428 6458980 0.13
5 49 3 41429 420689 0.13
6 50 3 41430 140681 0.13
7 51 3 41431 66315 0.13
8 52 3 41432 61326 0.13
9 53 3 41433 3217028 0.13
10 54 3 41434 95560 0.13
11 55 3 41435 46136 0.13
12 56 3 41436 6675 0.13
13 57 3 41437 45718 0.13
14 58 3 41438 60257 0.13
15 59 3 41439 2324 0.13
16 60 3 41440 234451 0.13
17 61 3 41441 71595 0.13
18 62 3 41442 1394967 0.13
19 63 3 41443 9848027 0.13
20 0 3 41444 1742306 0.13
21 1 3 41445 23897 0.13
22 2 3 41446 1634736 0.13
23 3 3 41447 3843 0.13
24 4 3 41448 3004 0.13
25 5 3 41449 39432 0.13
26 6 3 41450 42616 0.13
27 7 3 41451 2759216 0.13
28 8 3 41452 4877 0.13
29 9 3 41453 45684 0.13
30 10 3 41454 1690780 0.13
31 11 3 41455 17840 0.13
32 12 3 41456 1174744 0.13
33 13 3 41457 4154 0.13
34 14 3 41458 180899 0.13
35 15 3 41459 26683686 0.13
36 16 3 41460 45158 0.13
37 17 3 41461 548665 0.13
38 18 3 41462 2205 0.13
39 19 3 41463 217265 0.13
40 20 3 41464 2498642 0.13
41 21 3 41465 1226827 0.13
42 22 3 41466 2408 0.13
43 23 3 41467 40077 0.13
44 24 3 41468 1173754 0.13
45 25 3 41469 435843 0.13
46 26 3 41470 7005458 0.13
47 27 3 41471 4103401 0.13
48 28 3 41472 2841039 0.13
49 29 3 41473 16077923 0.13
50 30 3 41474 36809 0.13
51 31 3 41475 20263 0.13
52 32 3 41476 3228106 0.13
53 33 3 41477 65481 0.13
54 34 3 41478 711574 0.13
55 35 3 41479 3574756 0.13
56 36 3 41480 23646231 0.13
57 37 3 41481 3950129 0.13
58 38 3 41482 2033 0.13
59 39 3 41483 26095 0.13
60 40 3 41484 15985 0.13
61 41 3 41485 2061 0.13
62 42 3 41486 93688 0.13
63 43 3 41487 584260 0.13
0 45 3 41488 55856 0.13
1 46 3 41489 620423 0.13
2 47 3 41490 1212381 0.13
3 48 3 41491 61576 0.13
4 49 3 41492 167371 0.13
5 50 3 41493 2563271 0.13
6 51 3 41494 52462 0.13
7 52 3 41495 1600869 0.13
8 53 3 41496 15462103 0.13
9 54 3 41497 2905842 0.13
10 55 3 41498 661184 0.13
11 56 3 41499 1876358 0.13
12 57 3 41500 2572471 0.13
13 58 3 41501 3539 0.13
14 59 3 41502 133336 0.13
15 60 3 41503 75969 0.13
16 61 3 41504 3953375 0.13
17 62 3 41505 1395038 0.13
18 63 3 41506 2185 0.13
19 0 3 41507 250911 0.13
20 1 3 41508 7806492 0.13
21 2 3 41509 22027 0.13
22 3 3 41510 3153118 0.13
23 4 3 41511 178802 0.13
24 5 3 41512 3760 0.13
25 6 3 41513 27833 0.13
26 7 3 41514 151608 0.13
27 8 3 41515 2437451 0.13
28 9 3 41516 3707 0.13
29 10 3 41517 65543 0.13
30 11 3 41518 2486 0.13
31 12 3 41519 19260 0.13
32 13 3 41520 8874 0.13
33 14 3 41521 922357 0.13
34 15 3 41522 734174 0.13
35 16 3 41523 79395 0.13
36 17 3 41524 38945 0.13
37 18 3 41525 3320263 0.13
38 19 3 41526 746617 0.13
39 20 3 41527 922519 0.13
40 21 3 41528 64268 0.13
41 22 3 41529 2698418 0.13
42 23 3 41530 3534114 0.13
43 24 3 41531 1848947 0.13
44 25 3 41532 4923 0.13
45 26 3 41533 768196 0.13
46 27 3 41534 64802 0.13
47 28 3 41535 981285 0.13
48 29 3 41536 74581 0.13
49 30 3 41537 4428238 0.13
50 31 3 41538 6044 0.13
51 32 3 41539 136859 0.13
52 33 3 41540 56185 0.13
53 34 3 41541 648303 0.13
54 35 3 41542 1352492 0.13
55 36 3 41543 5625745 0.13
56 37 3 41544 31181 0.13
57 38 3 41545 2208 0.13
58 39 3 41546 70967 0.13
59 40 3 41547 20228 0.13
60 41 3 41548 33586 0.13
61 42 3 41549 190787 0.13
62 43 3 41550 48068 0.13
63 44 3 41551 1981568 0.13
0 46 3 41552 886773 0.13
1 47 3 41553 23659459 0.13
2 48 3 41554 2523063 0.13
3 49 3 41555 9943 0.13
4 50 3 41556 40820 0.13
5 51 3 41557 2478636 0.13
6 52 3 41558 3329032 0.13
7 53 3 41559 10622918 0.13
8 54 3 41560 43678 0.13
9 55 3 41561 24015 0.13
10 56 3 41562 6961145 0.13
11 57 3 41563 3017256 0.13
12 58 3 41564 7410777 0.13
13 59 3 41565 703164 0.13
14 60 3 41566 1970805 0.13
15 61 3 41567 1306069 0.13
16 62 3 41568 1824357 0.13
17 63 3 41569 278491 0.13
18 0 3 41570 40341 0.13
19 1 3 41571 2482 0.13
20 2 3 41572 41384 0.13
21 3 3 41573 55634 0.13
22 4 3 41574 1470075 0.13
23 5 3 41575 4378421 0.13
24 6 3 41576 1224794 0.13
25 7 3 41577 53707 0.13
26 8 3 41578 66819 0.13
27 9 3 41579 42621 0.13
28 10 3 41580 7651 0.13
29 11 3 41581 8457 0.13
30 12 3 41582 7040 0.13
31 13 3 41583 1269383 0.13
32 14 3 41584 26214 0.13
33 15 3 41585 61371 0.13
34 16 3 41586 16918341 0.13
35 17 3 41587 72875 0.13
36 18 3 41588 257702 0.13
37 19 3 41589 44763 0.13
38 20 3 41590 19936394 0.13
39 21 3 41591 7036273 0.13
40 22 3 41592 733342 0.13
41 23 3 41593 8223096 0.13
42 24 3 41594 636842 0.13
43 25 3 41595 31378 0.13
44 26 3 41596 92080 0.13
45 27 3 41597 44568 0.13
46 28 3 41598 235283 0.13
47 29 3 41599 183293 0.13
48 30 3 41600 1517259 0.13
49 31 3 41601 15488 0.13
50 32 3 41602 9567 0.13
51 33 3 41603 2314 0.13
52 34 3 41604 4617 0.13
53 35 3 41605 20014 0.13
54 36 3 41606 976226 0.13
55 37 3 41607 4761763 0.13
56 38 3 41608 55950 0.13
57 39 3 41609 162165 0.13
58 40 3 41610 9896 0.13
59 41 3 41611 2295678 0.13
60 42 3 41612 6954 0.13
61 43 3 41613 5233 0.13
62 44 3 41614 54668 0.13
63 45 3 41615 174745 0.13
0 47 3 41616 17829 0.13
1 48 3 41617 43912 0.13
2 49 3 41618 825950 0.13
3 50 3 41619 21288 0.13
4 51 3 41620 4341 0.13
5 52 3 41621 1646554 0.13
6 53 3 41622 68090 0.13
7 54 3 41623 21674 0.13
8 55 3 41624 34187 0.13
9 56 3 41625 48662 0.13
10 57 3 41626 8608 0.13
11 58 3 41627 1978423 0.13
12 59 3 41628 1236979 0.13
13 60 3 41629 67871 0.13
14 61 3 41630 23214 0.13
15 62 3 41631 35884 0.13
16 63 3 41632 36296 0.13
17 0 3 41633 55429 0.13
18 1 3 41634 14332 0.13
19 2 3 41635 8860 0.13
20 3 3 41636 804294 0.13
21 4 3 41637 1755520 0.13
22 5 3 41638 9007464 0.13
23 6 3 41639 25358 0.13
24 7 3 41640 74041 0.13
25 8 3 41641 7098 0.13
26 9 3 41642 128909 0.13
27 10 3 41643 50745 0.13
28 11 3 41644 3634808 0.13
29 12 3 41645 181543 0.13
30 13 3 41646 29038 0.13
31 14 3 41647 43677 0.13
32 15 3 41648 62013 0.13
33 16 3 41649 149575 0.13
34 17 3 41650 13040 0.13
35 18 3 41651 8202 0.13
36 19 3 41652 164015 0.13
37 20 3 41653 4789 0.13
38 21 3 41654 558312 0.13
39 22 3 41655 75542 0.13
40 23 3 41656 37129 0.13
41 24 3 41657 7335843 0.13
42 25 3 41658 1932157 0.13
43 26 3 41659 144556 0.13
44 27 3 41660 27690 0.13
45 28 3 41661 1212210 0.13
46 29 3 41662 3319785 0.13
47 30 3 41663 44704 0.13
48 31 3 41664 1580353 0.13
49 32 3 41665 586980 0.13
50 33 3 41666 33253 0.13
51 34 3 41667 9674008 0.13
52 35 3 41668 941785 0.13
53 36 3 41669 71911 0.13
54 37 3 41670 69042 0.13
55 38 3 41671 3350951 0.13
56 39 3 41672 4521 0.13
57 40 3 41673 30131 0.13
58 41 3 41674 4191 0.13
59 42 3 41675 8043 0.13
60 43 3 41676 30253 0.13
61 44 3 41677 30361 0.13
62 45 3 41678 33852 0.13
63 46 3 41679 39948 0.13
0 48 3 41680 73747 0.13
1 49 3 41681 965339 0.13
2 50 3 41682 3809 0.13
3 51 3 41683 36085 0.13
4 52 3 41684 40343 0.13
5 53 3 41685 3711462 0.13
6 54 3 41686 9257 0.13
7 55 3 41687 9906427 0.13
8 56 3 41688 11584 0.13
9 57 3 41689 351207 0.13
10 58 3 41690 76669 0.13
11 59 3 41691 1330728 0.13
12 60 3 41692 17619 0.13
13 61 3 41693 185469 0.13
14 62 3 41694 3639293 0.13
15 63 3 41695 61701 0.13
16 0 3 41696 40467 0.13
17 1 3 41697 54085 0.13
18 2 3 41698 4461813 0.13
19 3 3 41699 25658 0.13
20 4 3 41700 19893 0.13
21 5 3 41701 6033 0.13
22 6 3 41702 90012 0.13
23 7 3 41703 4697365 0.13
24 8 3 41704 1909915 0.13
25 9 3 41705 14320402 0.13
26 10 3 41706 2197597 0.13
27 11 3 41707 92183 0.13
28 12 3 41708 34902 0.13
29 13 3 41709 49947 0.13
30 14 3 41710 1590170 0.13
31 15 3 41711 22782 0.13
32 16 3 41712 6624195 0.13
33 17 3 41713 545730 0.13
34 18 3 41714 27258 0.13
35 19 3 41715 2055964 0.13
36 20 3 41716 3231 0.13
37 21 3 41717 1168539 0.13
38 22 3 41718 2078 0.13
39 23 3 41719 9672 0.13
40 24 3 41720 70027 0.13
41 25 3 41721 1486733 0.13
42 26 3 41722 67063 0.13
43 27 3 41723 377870 0.13
44 28 3 41724 39761 0.13
45 29 3 41725 3244806 0.13
46 30 3 41726 10050 0.13
47 31 3 41727 6487323 0.13
48 32 3 41728 2006 0.13
49 33 3 41729 3524020 0.13
50 34 3 41730 1996962 0.13
51 35 3 41731 74214 0.13
52 36 3 41732 4318740 0.13
53 37 3 41733 319621 0.13
54 38 3 41734 290365 0.13
55 39 3 41735 7718945 0.13
56 40 3 41736 532009 0.13
57 41 3 41737 21412 0.13
58 42 3 41738 11124 0.13
59 43 3 41739 3425681 0.13
60 44 3 41740 421248 0.13
61 45 3 41741 24541 0.13
62 46 3 41742 61145 0.13
63 47 3 41743 8803105 0.13
0 49 3 41744 21013 0.13
1 50 3 41745 31337 0.13
2 51 3 41746 73722 0.13
3 52 3 41747 473287 0.13
4 53 3 41748 6059 0.13
5 54 3 41749 34990 0.13
6 55 3 41750 72957 0.13
7 56 3 41751 3652733 0.13
8 57 3 41752 29956 0.13
9 58 3 41753 43886 0.13
10 59 3 41754 2724 0.13
11 60 3 41755 5475 0.13
12 61 3 41756 15119928 0.13
13 62 3 41757 52777 0.13
14 63 3 41758 3246881 0.13
15 0 3 41759 4363684 0.13
16 1 3 41760 12274 0.13
17 2 3 41761 17475 0.13
18 3 3 41762 2965092 0.13
19 4 3 41763 36864 0.13
20 5 3 41764 34666 0.13
21 6 3 41765 53744 0.13
22 7 3 41766 12533 0.13
23 8 3 41767 5859473 0.13
24 9 3 41768 9393794 0.13
25 10 3 41769 2915867 0.13
26 11 3 41770 38336 0.13
27 12 3 41771 25066 0.13
28 13 3 41772 47877 0.13
29 14 3 41773 1091951 0.13
30 15 3 41774 13923 0.13
31 16 3 41775 708890 0.13
32 17 3 41776 147913 0.13
33 18 3 41777 2019 0.13
34 19 3 41778 3096005 0.13
35 20 3 41779 4835 0.13
36 21 3 41780 60343 0.13
37 22 3 41781 731263 0.13
38 23 3 41782 22907 0.13
39 24 3 41783 46984 0.13
40 25 3 41784 5933545 0.13
41 26 3 41785 6309034 0.13
42 27 3 41786 2043147 0.13
43 28 3 41787 6851295 0.13
44 29 3 41788 2996006 0.13
45 30 3 41789 25918 0.13
46 31 3 41790 881443 0.13
47 32 3 41791 1207423 0.13
48 33 3 41792 2544 0.13
49 34 3 41793 2550 0.13
50 35 3 41794 1914096 0.13
51 36 3 41795 6881272 0.13
52 37 3 41796 78959 0.13
53 38 3 41797 20188360 0.13
54 39 3 41798 2602 0.13
55 40 3 41799 162439 0.13
56 41 3 41800 1737905 0.13
57 42 3 41801 6668 0.13
58 43 3 41802 17977 0.13
59 44 3 41803 8676 0.13
60 45 3 41804 25975 0.13
61 46 3 41805 1625449 0.13
62 47 3 41806 4978 0.13
63 48 3 41807 15464 0.13
0 50 3 41808 5902173 0.13
1 51 3 41809 13091 0.13
2 52 3 41810 464863 0.13
3 53 3 41811 70216 0.13
4 54 3 41812 49872 0.13
5 55 3 41813 46593 0.13
6 56 3 41814 2388 0.13
7 57 3 41815 258982 0.13
8 58 3 41816 58335 0.13
9 59 3 41817 715660 0.13
10 60 3 41818 5012 0.13
11 61 3 41819 1319321 0.13
12 62 3 41820 5524901 0.13
13 63 3 41821 26981 0.13
14 0 3 41822 18348 0.13
15 1 3 41823 792891 0.13
16 2 3 41824 58019 0.13
17 3 3 41825 41931 0.13
18 4 3 41826 2108567 0.13
19 5 3 41827 9238 0.13
20 6 3 41828 38108 0.13
21 7 3 41829 7883827 0.13
22 8 3 41830 2003727 0.13
23 9 3 41831 3713 0.13
24 10 3 41832 5342201 0.13
25 11 3 41833 973139 0.13
26 12 3 41834 4378054 0.13
27 13 3 41835 117586 0.13
28 14 3 41836 59056 0.13
29 15 3 41837 300993 0.13
30 16 3 41838 735861 0.13
31 17 3 41839 1270271 0.13
32 18 3 41840 112235 0.13
33 19 3 41841 141405 0.13
34 20 3 41842 1038898 0.13
35 21 3 41843 15535 0.13
36 22 3 41844 2089816 0.13
37 23 3 41845 187397 0.13
38 24 3 41846 14036 0.13
39 25 3 41847 2433197 0.13
40 26 3 41848 3883609 0.13
41 27 3 41849 545000 0.13
42 28 3 41850 6211 0.13
43 29 3 41851 28314 0.13
44 30 3 41852 149306 0.13
45 31 3 41853 5749174 0.13
46 32 3 41854 27033 0.13
47 33 3 41855 7032 0.13
48 34 3 41856 6812 0.13
49 35 3 41857 2034 0.13
50 36 3 41858 4886 0.13
51 37 3 41859 2467022 0.13
52 38 3 41860 9391251 0.13
53 39 3 41861 946939 0.13
54 40 3 41862 49354 0.13
55 41 3 41863 160993 0.13
56 42 3 41864 17912 0.13
57 43 3 41865 7679 0.13
58 44 3 41866 3641620 0.13
59 45 3 41867 52812 0.13
60 46 3 41868 10767 0.13
61 47 3 41869 5411766 0.13
62 48 3 41870 2865457 0.13
63 49 3 41871 2623728 0.13
0 51 3 41872 2240 0.13
1 52 3 41873 61590 0.13
2 53 3 41874 4700885 0.13
3 54 3 41875 10429 0.13
4 55 3 41876 354238 0.13
5 56 3 41877 74482 0.13
6 57 3 41878 30545 0.13
7 58 3 41879 31444 0.13
8 59 3 41880 346165 0.13
9 60 3 41881 73814 0.13
10 61 3 41882 9311165 0.13
11 62 3 41883 48200 0.13
12 63 3 41884 42797 0.13
13 0 3 41885 29729 0.13
14 1 3 41886 4187 0.13
15 2 3 41887 101364 0.13
16 3 3 41888 64619 0.13
17 4 3 41889 7821113 0.13
18 5 3 41890 199756 0.13
19 6 3 41891 24729 0.13
20 7 3 41892 47117 0.13
21 8 3 41893 4607457 0.13
22 9 3 41894 35389 0.13
23 10 3 41895 253367 0.13
24 11 3 41896 6142 0.13
25 12 3 41897 53771 0.13
26 13 3 41898 9042273 0.13
27 14 3 41899 950789 0.13
28 15 3 41900 160081 0.13
29 16 3 41901 27429370 0.13
30 17 3 41902 9761676 0.13
31 18 3 41903 18277 0.13
32 19 3 41904 9962 0.13
33 20 3 41905 7094 0.13
34 21 3 41906 637051 0.13
35 22 3 41907 4772911 0.13
36 23 3 41908 5886 0.13
37 24 3 41909 3314 0.13
38 25 3 41910 32929 0.13
39 26 3 41911 8991 0.13
40 27 3 41912 6187 0.13
41 28 3 41913 50609 0.13
42 29 3 41914 4334668 0.13
43 30 3 41915 1675025 0.13
44 31 3 41916 4616340 0.13
45 32 3 41917 23582 0.13
46 33 3 41918 16606 0.13
47 34 3 41919 25070 0.13
48 35 3 41920 1152654 0.13
49 36 3 41921 2061 0.13
50 37 3 41922 8030 0.13
51 38 3 41923 4442237 0.13
52 39 3 41924 4302181 0.13
53 40 3 41925 6509705 0.13
54 41 3 41926 48907 0.13
55 42 3 41927 8047824 0.13
56 43 3 41928 67680 0.13
57 44 3 41929 4717 0.13
58 45 3 41930 24269 0.13
59 46 3 41931 1803584 0.13
60 47 3 41932 2050 0.13
61 48 3 41933 9155 0.13
62 49 3 41934 24689 0.13
63 50 3 41935 3050987 0.13
0 52 3 41936 1575730 0.13
1 53 3 41937 25313 0.13
2 54 3 41938 24174 0.13
3 55 3 41939 55518 0.13
4 56 3 41940 1998415 0.13
5 57 3 41941 2406276 0.13
6 58 3 41942 67096 0.13
7 59 3 41943 2228 0.13
8 60 3 41944 1727579 0.13
9 61 3 41945 352635 0.13
10 62 3 41946 1317410 0.13
11 63 3 41947 614502 0.13
12 0 3 41948 475844 0.13
13 1 3 41949 688919 0.13
14 2 3 41950 182930 0.13
15 3 3 41951 89022 0.13
16 4 3 41952 518333 0.13
17 5 3 41953 5709194 0.13
18 6 3 41954 56139 0.13
19 7 3 41955 49027 0.13
20 8 3 41956 66099 0.13
21 9 3 41957 2626 0.13
22 10 3 41958 95566 0.13
23 11 3 41959 4295384 0.13
24 12 3 41960 3954836 0.13
25 13 3 41961 70029 0.13
26 14 3 41962 8727 0.13
27 15 3 41963 2362 0.13
28 16 3 41964 602309 0.13
29 17 3 41965 15695 0.13
30 18 3 41966 29211 0.13
31 19 3 41967 905193 0.13
32 20 3 41968 2106 0.13
33 21 3 41969 2976801 0.13
34 22 3 41970 991663 0.13
35 23 3 41971 4474092 0.13
36 24 3 41972 44074 0.13
37 25 3 41973 4112 0.13
38 26 3 41974 903380 0.13
39 27 3 41975 2431265 0.13
40 28 3 41976 1543274 0.13
41 29 3 41977 1146847 0.13
42 30 3 41978 71472 0.13
43 31 3 41979 6230418 0.13
44 32 3 41980 28365 0.13
45 33 3 41981 64296 0.13
46 34 3 41982 13083934 0.13
47 35 3 41983 38933 0.13
48 36 3 41984 16569 0.13
49 37 3 41985 39271 0.13
50 38 3 41986 4560882 0.13
51 39 3 41987 58508 0.13
52 40 3 41988 2324684 0.13
53 41 3 41989 22525038 0.13
54 42 3 41990 187332 0.13
55 43 3 41991 20736 0.13
56 44 3 41992 15576 0.13
57 45 3 41993 28726103 0.13
58 46 3 41994 57938 0.13
59 47 3 41995 1239180 0.13
60 48 3 41996 1534398 0.13
61 49 3 41997 1133094 0.13
62 50 3 41998 167308 0.13
63 51 3 41999 33812 0.13
0 53 3 42000 17056 0.13
1 54 3 42001 123801 0.13
2 55 3 42002 6271 0.13
3 56 3 42003 116569 0.13
4 57 3 42004 1950355 0.13
5 58 3 42005 75682 0.13
6 59 3 42006 18144 0.13
7 60 3 42007 46265 0.13
8 61 3 42008 18340 0.13
9 62 3 42009 764941 0.13
10 63 3 42010 13282 0.13
11 0 3 42011 3025977 0.13
12 1 3 42012 113052 0.13
13 2 3 42013 56110 0.13
14 3 3 42014 2117 0.13
15 4 3 42015 4539174 0.13
16 5 3 42016 1375937 0.13
17 6 3 42017 2363 0.13
18 7 3 42018 16129 0.13
19 8 3 42019 4292110 0.13
20 9 3 42020 40456 0.13
21 10 3 42021 6006136 0.13
22 11 3 42022 1732729 0.13
23 12 3 42023 23098 0.13
24 13 3 42024 77937 0.13
25 14 3 42025 216680 0.13
26 15 3 42026 163679 0.13
27 16 3 42027 3954 0.13
28 17 3 42028 4645 0.13
29 18 3 42029 56088 0.13
30 19 3 42030 163310 0.13
31 20 3 42031 17417 0.13
32 21 3 42032 4661 0.13
33 22 3 42033 18233 0.13
34 23 3 42034 24944 0.13
35 24 3 42035 1071088 0.13
36 25 3 42036 1199148 0.13
37 26 3 42037 39236 0.13
38 27 3 42038 2452873 0.13
39 28 3 42039 18937059 0.13
40 29 3 42040 27773412 0.13
41 30 3 42041 2016 0.13
42 31 3 42042 68342 0.13
43 32 3 42043 2030 0.13
44 33 3 42044 129011 0.13
45 34 3 42045 6344779 0.13
46 35 3 42046 5170470 0.13
47 36 3 42047 142301 0.13
48 37 3 42048 668980 0.13
49 38 3 42049 275373 0.13
50 39 3 42050 1923686 0.13
51 40 3 42051 49899 0.13
52 41 3 42052 1822381 0.13
53 42 3 42053 62938 0.13
54 43 3 42054 74131 0.13
55 44 3 42055 1043493 0.13
56 45 3 42056 53370 0.13
57 46 3 42057 1686969 0.13
58 47 3 42058 23768 0.13
59 48 3 42059 7454566 0.13
60 49 3 42060 2355999 0.13
61 50 3 42061 5853767 0.13
62 51 3 42062 41680 0.13
63 52 3 42063 287099 0.13
0 54 3 42064 2696180 0.13
1 55 3 42065 118477 0.13
2 56 3 42066 1398480 0.13
3 57 3 42067 27790 0.13
4 58 3 42068 14262 0.13
5 59 3 42069 5016052 0.13
6 60 3 42070 170341 0.13
7 61 3 42071 37329 0.13
8 62 3 42072 19228 0.13
9 63 3 42073 3383230 0.13
10 0 3 42074 17785 0.13
11 1 3 42075 2294 0.13
12 2 3 42076 35481 0.13
13 3 3 42077 3712 0.13
14 4 3 42078 29414 0.13
15 5 3 42079 168860 0.13
16 6 3 42080 20816 0.13
17 7 3 42081 910116 0.13
18 8 3 42082 6778 0.13
19 9 3 42083 1476588 0.13
20 10 3 42084 6702860 0.13
21 11 3 42085 5965 0.13
22 12 3 42086 194257 0.13
23 13 3 42087 72588 0.13
24 14 3 42088 38524 0.13
25 15 3 42089 780195 0.13
26 16 3 42090 14884658 0.13
27 17 3 42091 2200608 0.13
28 18 3 42092 56666 0.13
29 19 3 42093 50439 0.13
30 20 3 42094 41096 0.13
31 21 3 42095 243249 0.13
32 22 3 42096 8055824 0.13
33 23 3 42097 37034 0.13
34 24 3 42098 2239 0.13
35 25 3 42099 3541 0.13
36 26 3 42100 23735 0.13
37 27 3 42101 4487083 0.13
38 28 3 42102 5400698 0.13
39 29 3 42103 9253 0.13
40 30 3 42104 26081 0.13
41 31 3 42105 54571 0.13
42 32 3 42106 1020624 0.13
43 33 3 42107 3298342 0.13
44 34 3 42108 1868459 0.13
45 35 3 42109 65258 0.13
46 36 3 42110 9324313 0.13
47 37 3 42111 2360 0.13
48 38 3 42112 1093700 0.13
49 39 3 42113 4505591 0.13
50 40 3 42114 2781774 0.13
51 41 3 42115 14497 0.13
52 42 3 42116 466407 0.13
53 43 3 42117 105701 0.13
54 44 3 42118 9194 0.13
55 45 3 42119 4612 0.13
56 46 3 42120 3418 0.13
57 47 3 42121 1924518 0.13
58 48 3 42122 79152 0.13
59 49 3 42123 376700 0.13
60 50 3 42124 1254798 0.13
61 51 3 42125 1501167 0.13
62 52 3 42126 40660 0.13
63 53 3 42127 3821581 0.13
0 55 3 42128 797964 0.13
1 56 3 42129 1417235 0.13
2 57 3 42130 3548274 0.13
3 58 3 42131 34031 0.13
4 59 3 42132 9122 0.13
5 60 3 42133 2633093 0.13
6 61 3 42134 3942 0.13
7 62 3 42135 12246 0.13
8 63 3 42136 1492044 0.13
9 0 3 42137 8427914 0.13
10 1 3 42138 55333 0.13
11 2 3 42139 1574200 0.13
12 3 3 42140 72625 0.13
13 4 3 42141 2502280 0.13
14 5 3 42142 3923 0.13
15 6 3 42143 31162 0.13
16 7 3 42144 3237880 0.13
17 8 3 42145 20584 0.13
18 9 3 42146 23688220 0.13
19 10 3 42147 6412 0.13
20 11 3 42148 2080 0.13
21 12 3 42149 88638 0.13
22 13 3 42150 50634 0.13
23 14 3 42151 12659365 0.13
24 15 3 42152 2768 0.13
25 16 3 42153 57381 0.13
26 17 3 42154 1668482 0.13
27 18 3 42155 1814695 0.13
28 19 3 42156 168226 0.13
29 20 3 42157 25941 0.13
30 21 3 42158 2915726 0.13
31 22 3 42159 2190 0.13
32 23 3 42160 2421170 0.13
33 24 3 42161 84366 0.13
34 25 3 42162 75253 0.13
35 26 3 42163 2093 0.13
36 27 3 42164 1049842 0.13
37 28 3 42165 29784 0.13
38 29 3 42166 8702502 0.13
39 30 3 42167 1152633 0.13
40 31 3 42168 820081 0.13
41 32 3 42169 6263947 0.13
42 33 3 42170 8319 0.13
43 34 3 42171 73261 0.13
44 35 3 42172 30910 0.13
45 36 3 42173 1064219 0.13
46 37 3 42174 2149 0.13
47 38 3 42175 5107 0.13
48 39 3 42176 2440 0.13
49 40 3 42177 77183 0.13
50 41 3 42178 11676704 0.13
51 42 3 42179 3387 0.13
52 43 3 42180 475258 0.13
53 44 3 42181 66288 0.13
54 45 3 42182 60526 0.13
55 46 3 42183 1925405 0.13
56 47 3 42184 18312 0.13
57 48 3 42185 1594882 0.13
58 49 3 42186 28154 0.13
59 50 3 42187 252658 0.13
60 51 3 42188 68057 0.13
61 52 3 42189 6054339 0.13
62 53 3 42190 2053 0.13
63 54 3 42191 717919 0.13
0 56 3 42192 9474660 0.13
1 57 3 42193 28010 0.13
2 58 3 42194 553817 0.13
3 59 3 42195 714332 0.13
4 60 3 42196 25581 0.13
5 61 3 42197 1242368 0.13
6 62 3 42198 31357 0.13
7 63 3 42199 8376 0.13
8 0 3 42200 2411 0.13
9 1 3 42201 42244 0.13
10 2 3 42202 4123657 0.13
11 3 3 42203 2143687 0.13
12 4 3 42204 29422 0.13
13 5 3 42205 49019 0.13
14 6 3 42206 3594 0.13
15 7 3 42207 432049 0.13
16 8 3 42208 6842 0.13
17 9 3 42209 7756 0.13
18 10 3 42210 37245 0.13
19 11 3 42211 36791 0.13
20 12 3 42212 1451986 0.13
21 13 3 42213 150670 0.13
22 14 3 42214 8652 0.13
23 15 3 42215 1207516 0.13
24 16 3 42216 1598392 0.13
25 17 3 42217 29004325 0.13
26 18 3 42218 877060 0.13
27 19 3 42219 8232 0.13
28 20 3 42220 23202 0.13
29 21 3 42221 9292619 0.13
30 22 3 42222 55368 0.13
31 23 3 42223 3818755 0.13
32 24 3 42224 939590 0.13
33 25 3 42225 8438 0.13
34 26 3 42226 4956 0.13
35 27 3 42227 45554 0.13
36 28 3 42228 1811037 0.13
37 29 3 42229 1107728 0.13
38 30 3 42230 2022124 0.13
39 31 3 42231 199845 0.13
40 32 3 42232 1585045 0.13
41 33 3 42233 7924545 0.13
42 34 3 42234 121683 0.13
43 35 3 42235 1153143 0.13
44 36 3 42236 5444503 0.13
45 37 3 42237 2695141 0.13
46 38 3 42238 71024 0.13
47 39 3 42239 67566 0.13
48 40 3 42240 58758 0.13
49 41 3 42241 44213 0.13
50 42 3 42242 3449 0.13
51 43 3 42243 73100 0.13
52 44 3 42244 64935 0.13
53 45 3 42245 4351 0.13
54 46 3 42246 1898339 0.13
55 47 3 42247 251771 0.13
56 48 3 42248 4881 0.13
57 49 3 42249 10640930 0.13
58 50 3 42250 22320 0.13
59 51 3 42251 63031 0.13
60 52 3 42252 486888 0.13
61 53 3 42253 12147 0.13
62 54 3 42254 27773 0.13
63 55 3 42255 67665 0.13
0 57 3 42256 2351 0.13
1 58 3 42257 42249 0.13
2 59 3 42258 177592 0.13
3 60 3 42259 33817 0.13
4 61 3 42260 1392638 0.13
5 62 3 42261 52282 0.13
6 63 3 42262 75339 0.13
7 0 3 42263 2871072 0.13
8 1 3 42264 561603 0.13
9 2 3 42265 1903657 0.13
10 3 3 42266 2848976 0.13
11 4 3 42267 22334 0.13
12 5 3 42268 7077 0.13
13 6 3 42269 123749 0.13
14 7 3 42270 884727 0.13
15 8 3 42271 72761 0.13
16 9 3 42272 12987113 0.13
17 10 3 42273 658564 0.13
18 11 3 42274 1788595 0.13
19 12 3 42275 1279143 0.13
20 13 3 42276 2367 0.13
21 14 3 42277 411028 0.13
22 15 3 42278 1953591 0.13
23 16 3 42279 39567 0.13
24 17 3 42280 69490 0.13
25 18 3 42281 33799 0.13
26 19 3 42282 36290 0.13
27 20 3 42283 18541 0.13
28 21 3 42284 146390 0.13
29 22 3 42285 1672313 0.13
30 23 3 42286 95999 0.13
31 24 3 42287 35057 0.13
32 25 3 42288 693399 0.13
33 26 3 42289 1202926 0.13
34 27 3 42290 2272 0.13
35 28 3 42291 5037682 0.13
36 29 3 42292 2817161 0.13
37 30 3 42293 207605 0.13
38 31 3 42294 1672073 0.13
39 32 3 42295 171764 0.13
40 33 3 42296 61090 0.13
41 34 3 42297 794176 0.13
42 35 3 42298 33240 0.13
43 36 3 42299 2247 0.13
44 37 3 42300 52441 0.13
45 38 3 42301 76898 0.13
46 39 3 42302 3423199 0.13
47 40 3 42303 4892161 0.13
48 41 3 42304 2042 0.13
49 42 3 42305 14747434 0.13
50 43 3 42306 1388815 0.13
51 44 3 42307 9538136 0.13
52 45 3 42308 4229 0.13
53 46 3 42309 41023 0.13
54 47 3 42310 63531 0.13
55 48 3 42311 653842 0.13
56 49 3 42312 17182 0.13
57 50 3 42313 894264 0.13
58 51 3 42314 39273 0.13
59 52 3 42315 859532 0.13
60 53 3 42316 39648 0.13
61 54 3 42317 37315 0.13
62 55 3 42318 21904 0.13
63 56 3 42319 33922 0.13
0 58 3 42320 28241 0.13
1 59 3 42321 1593211 0.13
2 60 3 42322 2313 0.13
3 61 3 42323 1588447 0.13
4 62 3 42324 6313881 0.13
5 63 3 42325 1082064 0.13
6 0 3 42326 820247 0.13
7 1 3 42327 62930 0.13
8 2 3 42328 988349 0.13
9 3 3 42329 73846 0.13
10 4 3 42330 78992 0.13
11 5 3 42331 11365322 0.13
12 6 3 42332 179115 0.13
13 7 3 42333 4301812 0.13
14 8 3 42334 554755 0.13
15 9 3 42335 4924638 0.13
16 10 3 42336 8833 0.13
17 11 3 42337 12288712 0.13
18 12 3 42338 6468 0.13
19 13 3 42339 6784964 0.13
20 14 3 42340 1402671 0.13
21 15 3 42341 62815 0.13
22 16 3 42342 9187 0.13
23 17 3 42343 728673 0.13
24 18 3 42344 6826199 0.13
25 19 3 42345 2122 0.13
26 20 3 42346 1560966 0.13
27 21 3 42347 32071 0.13
28 22 3 42348 1598144 0.13
29 23 3 42349 3763 0.13
30 24 3 42350 7983 0.13
31 25 3 42351 14757 0.13
32 26 3 42352 50584 0.13
33 27 3 42353 904661 0.13
34 28 3 42354 43412 0.13
35 29 3 42355 71180 0.13
36 30 3 42356 942804 0.13
37 31 3 42357 4775141 0.13
38 32 3 42358 27948 0.13
39 33 3 42359 8043628 0.13
40 34 3 42360 2139 0.13
41 35 3 42361 952450 0.13
42 36 3 42362 32125 0.13
43 37 3 42363 56351 0.13
44 38 3 42364 69263 0.13
45 39 3 42365 78111 0.13
46 40 3 42366 25711 0.13
47 41 3 42367 27342 0.13
48 42 3 42368 9280643 0.13
49 43 3 42369 8086 0.13
50 44 3 42370 29234 0.13
51 45 3 42371 2711768 0.13
52 46 3 42372 9370661 0.13
53 47 3 42373 3150 0.13
54 48 3 42374 25876 0.13
55 49 3 42375 111909 0.13
56 50 3 42376 66158 0.13
57 51 3 42377 7198 0.13
58 52 3 42378 2078 0.13
59 53 3 42379 7397 0.13
60 54 3 42380 64581 0.13
61 55 3 42381 1785882 0.13
62 56 3 42382 23093 0.13
63 57 3 42383 11406 0.13
0 59 3 42384 64594 0.13
1 60 3 42385 2460 0.13
2 61 3 42386 28526 0.13
3 62 3 42387 29375 0.13
4 63 3 42388 1858302 0.13
5 0 3 42389 2221 0.13
6 1 3 42390 24427 0.13
7 2 3 42391 31591 0.13
8 3 3 42392 45241 0.13
9 4 3 42393 55341 0.13
10 5 3 42394 80191 0.13
11 6 3 42395 24585055 0.13
12 7 3 42396 4245866 0.13
13 8 3 42397 658148 0.13
14 9 3 42398 25636 0.13
15 10 3 42399 2338566 0.13
16 11 3 42400 834532 0.13
17 12 3 42401 1547626 0.13
18 13 3 42402 512697 0.13
19 14 3 42403 2993 0.13
20 15 3 42404 1980948 0.13
21 16 3 42405 22757 0.13
22 17 3 42406 18408148 0.13
23 18 3 42407 2083970 0.13
24 19 3 42408 59763 0.13
25 20 3 42409 191087 0.13
26 21 3 42410 1406862 0.13
27 22 3 42411 7392761 0.13
28 23 3 42412 154426 0.13
29 24 3 42413 26112 0.13
30 25 3 42414 3244426 0.13
31 26 3 42415 12168 0.13
32 27 3 42416 65488 0.13
33 28 3 42417 28250 0.13
34 29 3 42418 79399 0.13
35 30 3 42419 6422 0.13
36 31 3 42420 7492518 0.13
37 32 3 42421 18329 0.13
38 33 3 42422 5527 0.13
39 34 3 42423 56001 0.13
40 35 3 42424 15064493 0.13
41 36 3 42425 24506 0.13
42 37 3 42426 24746 0.13
43 38 3 42427 2422147 0.13
44 39 3 42428 6594772 0.13
45 40 3 42429 914718 0.13
46 41 3 42430 2467719 0.13
47 42 3 42431 5782 0.13
48 43 3 42432 1871415 0.13
49 44 3 42433 13210 0.13
50 45 3 42434 43440 0.13
51 46 3 42435 4647 0.13
52 47 3 42436 2506387 0.13
53 48 3 42437 2980 0.13
54 49 3 42438 24573 0.13
55 50 3 42439 24203 0.13
56 51 3 42440 1589291 0.13
57 52 3 42441 27081 0.13
58 53 3 42442 1288372 0.13
59 54 3 42443 10911 0.13
60 55 3 42444 4648982 0.13
61 56 3 42445 2181959 0.13
62 57 3 42446 65922 0.13
63 58 3 42447 2211 0.13
0 60 3 42448 2375539 0.13
1 61 3 42449 9821596 0.13
2 62 3 42450 910606 0.13
3 63 3 42451 20998 0.13
4 0 3 42452 9045 0.13
5 1 3 42453 5398 0.13
6 2 3 42454 595228 0.13
7 3 3 42455 10967 0.13
8 4 3 42456 7877 0.13
9 5 3 42457 2648570 0.13
10 6 3 42458 25783 0.13
11 7 3 42459 495899 0.13
12 8 3 42460 7083 0.13
13 9 3 42461 3079018 0.13
14 10 3 42462 5069965 0.13
15 11 3 42463 520621 0.13
16 12 3 42464 2203 0.13
17 13 3 42465 2057 0.13
18 14 3 42466 6196 0.13
19 15 3 42467 1370053 0.13
20 16 3 42468 596921 0.13
21 17 3 42469 20390 0.13
22 18 3 42470 1840593 0.13
23 19 3 42471 42096 0.13
24 20 3 42472 8287 0.13
25 21 3 42473 4277 0.13
26 22 3 42474 799174 0.13
27 23 3 42475 26477 0.13
28 24 3 42476 573831 0.13
29 25 3 42477 55499 0.13
30 26 3 42478 6961062 0.13
31 27 3 42479 631886 0.13
32 28 3 42480 8302262 0.13
33 29 3 42481 1482627 0.13
34 30 3 42482 43107 0.13
35 31 3 42483 20016 0.13
36 32 3 42484 26551 0.13
37 33 3 42485 8887 0.13
38 34 3 42486 1749548 0.13
39 35 3 42487 7593 0.13
40 36 3 42488 2975578 0.13
41 37 3 42489 6693 0.13
42 38 3 42490 883355 0.13
43 39 3 42491 744603 0.13
44 40 3 42492 369390 0.13
45 41 3 42493 1154227 0.13
46 42 3 42494 32216 0.13
47 43 3 42495 1345582 0.13
48 44 3 42496 53020 0.13
49 45 3 42497 1017764 0.13
50 46 3 42498 86751 0.13
51 47 3 42499 3530555 0.13
52 48 3 42500 35890 0.13
53 49 3 42501 20965 0.13
54 50 3 42502 1631886 0.13
55 51 3 42503 27839927 0.13
56 52 3 42504 33346 0.13
57 53 3 42505 10817502 0.13
58 54 3 42506 50340 0.13
59 55 3 42507 8180 0.13
60 56 3 42508 529245 0.13
61 57 3 42509 43748 0.13
62 58 3 42510 86612 0.13
63 59 3 42511 26971 0.13
0 61 3 42512 296326 0.13
1 62 3 42513 2510827 0.13
2 63 3 42514 655269 0.13
3 0 3 42515 9820502 0.13
4 1 3 42516 16594 0.13
5 2 3 42517 18300 0.13
6 3 3 42518 18970 0.13
7 4 3 42519 123132 0.13
8 5 3 42520 188277 0.13
9 6 3 42521 2764313 0.13
10 7 3 42522 75656 0.13
11 8 3 42523 949315 0.13
12 9 3 42524 8500440 0.13
13 10 3 42525 1368096 0.13
14 11 3 42526 428650 0.13
15 12 3 42527 4276854 0.13
16 13 3 42528 14278 0.13
17 14 3 42529 77201 0.13
18 15 3 42530 37212 0.13
19 16 3 42531 6861236 0.13
20 17 3 42532 72116 0.13
21 18 3 42533 2440 0.13
22 19 3 42534 72401 0.13
23 20 3 42535 725221 0.13
24 21 3 42536 5162 0.13
25 22 3 42537 889005 0.13
26 23 3 42538 4751901 0.13
27 24 3 42539 2638376 0.13
28 25 3 42540 2248856 0.13
29 26 3 42541 42142 0.13
30 27 3 42542 1883625 0.13
31 28 3 42543 2673324 0.13
32 29 3 42544 5862063 0.13
33 30 3 42545 41625 0.13
34 31 3 42546 28049 0.13
35 32 3 42547 1012318 0.13
36 33 3 42548 71309 0.13
37 34 3 42549 69020 0.13
38 35 3 42550 28527 0.13
39 36 3 42551 5696217 0.13
40 37 3 42552 140846 0.13
41 38 3 42553 26454 0.13
42 39 3 42554 178229 0.13
43 40 3 42555 2285 0.13
44 41 3 42556 56262 0.13
45 42 3 42557 2201974 0.13
46 43 3 42558 2484 0.13
47 44 3 42559 2043 0.13
48 45 3 42560 145657 0.13
49 46 3 42561 4213691 0.13
50 47 3 42562 6709175 0.13
51 48 3 42563 48034 0.13
52 49 3 42564 108005 0.13
53 50 3 42565 8072 0.13
54 51 3 42566 1417155 0.13
55 52 3 42567 63263 0.13
56 53 3 42568 2186822 0.13
57 54 3 42569 2069804 0.13
58 55 3 42570 72347 0.13
59 56 3 42571 189187 0.13
60 57 3 42572 1851573 0.13
61 58 3 42573 2467240 0.13
62 59 3 42574 135666 0.13
63 60 3 42575 5229447 0.13
0 62 3 42576 3960310 0.13
1 63 3 42577 625797 0.13
2 0 3 42578 45967 0.13
3 1 3 42579 170530 0.13
4 2 3 42580 9177 0.13
5 3 3 42581 2128 0.13
6 4 3 42582 3393318 0.13
7 5 3 42583 2158 0.13
8 6 3 42584 11432 0.13
9 7 3 42585 42092 0.13
10 8 3 42586 2294785 0.13
11 9 3 42587 40845 0.13
12 10 3 42588 19623 0.13
13 11 3 42589 58091 0.13
14 12 3 42590 5480 0.13
15 13 3 42591 57878 0.13
16 14 3 42592 154579 0.13
17 15 3 42593 24428210 0.13
18 16 3 42594 3633031 0.13
19 17 3 42595 2427780 0.13
20 18 3 42596 9306 0.13
21 19 3 42597 457865 0.13
22 20 3 42598 25287 0.13
23 21 3 42599 2247 0.13
24 22 3 42600 137713 0.13
25 23 3 42601 49427 0.13
26 24 3 42602 8886 0.13
27 25 3 42603 747430 0.13
28 26 3 42604 4782674 0.13
29 27 3 42605 6332 0.13
30 28 3 42606 67751 0.13
31 29 3 42607 20129 0.13
32 30 3 42608 885101 0.13
33 31 3 42609 1738514 0.13
34 32 3 42610 21760 0.13
35 33 3 42611 44346 0.13
36 34 3 42612 592678 0.13
37 35 3 42613 23113 0.13
38 36 3 42614 843179 0.13
39 37 3 42615 940353 0.13
40 38 3 42616 173408 0.13
41 39 3 42617 24652 0.13
42 40 3 42618 476971 0.13
43 41 3 42619 75042 0.13
44 42 3 42620 81995 0.13
45 43 3 42621 8409665 0.13
46 44 3 42622 7702211 0.13
47 45 3 42623 63829 0.13
48 46 3 42624 154069 0.13
49 47 3 42625 11058 0.13
50 48 3 42626 6760511 0.13
51 49 3 42627 56318 0.13
52 50 3 42628 1863581 0.13
53 51 3 42629 72932 0.13
54 52 3 42630 5737669 0.13
55 53 3 42631 148415 0.13
56 54 3 42632 1259087 0.13
57 55 3 42633 37224 0.13
58 56 3 42634 1984384 0.13
59 57 3 42635 235975 0.13
60 58 3 42636 1484566 0.13
61 59 3 42637 40868 0.13
62 60 3 42638 385433 0.13
63 61 3 42639 3281702 0.13
0 63 3 42640 1330459 0.13
1 0 3 42641 4275397 0.13
2 1 3 42642 14660 0.13
3 2 3 42643 1251365 0.13
4 3 3 42644 1256478 0.13
5 4 3 42645 71464 0.13
6 5 3 42646 4222455 0.13
7 6 3 42647 848431 0.13
8 7 3 42648 3895016 0.13
9 8 3 42649 2030604 0.13
10 9 3 42650 59103 0.13
11 10 3 42651 6517 0.13
12 11 3 42652 22858 0.13
13 12 3 42653 3500194 0.13
14 13 3 42654 7269654 0.13
15 14 3 42655 27985 0.13
16 15 3 42656 2148 0.13
17 16 3 42657 21327 0.13
18 17 3 42658 9642202 0.13
19 18 3 42659 48827 0.13
20 19 3 42660 725284 0.13
21 20 3 42661 8347 0.13
22 21 3 42662 47492 0.13
23 22 3 42663 64231 0.13
24 23 3 42664 6294426 0.13
25 24 3 42665 27062 0.13
26 25 3 42666 2238 0.13
27 26 3 42667 730513 0.13
28 27 3 42668 15662689 0.13
29 28 3 42669 27816 0.13
30 29 3 42670 6643972 0.13
31 30 3 42671 37271 0.13
32 31 3 42672 43316 0.13
33 32 3 42673 4653 0.13
34 33 3 42674 118453 0.13
35 34 3 42675 23140 0.13
36 35 3 42676 4561 0.13
37 36 3 42677 7821 0.13
38 37 3 42678 2079 0.13
39 38 3 42679 2032 0.13
40 39 3 42680 8868 0.13
41 40 3 42681 4083462 0.13
42 41 3 42682 8500 0.13
43 42 3 42683 1184585 0.13
44 43 3 42684 12387 0.13
45 44 3 42685 67729 0.13
46 45 3 42686 598795 0.13
47 46 3 42687 833367 0.13
48 47 3 42688 37701 0.13
49 48 3 42689 41301 0.13
50 49 3 42690 1931415 0.13
51 50 3 42691 7290004 0.13
52 51 3 42692 14868490 0.13
53 52 3 42693 8383775 0.13
54 53 3 42694 59773 0.13
55 54 3 42695 7232333 0.13
56 55 3 42696 54615 0.13
57 56 3 42697 68812 0.13
58 57 3 42698 27290 0.13
59 58 3 42699 20627 0.13
60 59 3 42700 21019 0.13
61 60 3 42701 993695 0.13
62 61 3 42702 21702 0.13
63 62 3 42703 1520084 0.13
0 1 3 42704 2597587 0.13
1 2 3 42705 26519713 0.13
2 3 3 42706 63109 0.13
3 4 3 42707 1314089 0.13
4 5 3 42708 8655 0.13
5 6 3 42709 59338 0.13
6 7 3 42710 9527854 0.13
7 8 3 42711 263289 0.13
8 9 3 42712 1697365 0.13
9 10 3 42713 163087 0.13
10 11 3 42714 4586 0.13
11 12 3 42715 9179775 0.13
12 13 3 42716 7575 0.13
13 14 3 42717 2059 0.13
14 15 3 42718 45871 0.13
15 16 3 42719 70703 0.13
16 17 3 42720 1565903 0.13
17 18 3 42721 3739 0.13
18 19 3 42722 18742 0.13
19 20 3 42723 424256 0.13
20 21 3 42724 25138 0.13
21 22 3 42725 27781175 0.13
22 23 3 42726 78136 0.13
23 24 3 42727 9029519 0.13
24 25 3 42728 147287 0.13
25 26 3 42729 1872973 0.13
26 27 3 42730 10833787 0.13
27 28 3 42731 6888913 0.13
28 29 3 42732 38653 0.13
29 30 3 42733 4237590 0.13
30 31 3 42734 3779 0.13
31 32 3 42735 5185994 0.13
32 33 3 42736 67631 0.13
33 34 3 42737 6911 0.13
34 35 3 42738 2184 0.13
35 36 3 42739 16303 0.13
36 37 3 42740 131968 0.13
37 38 3 42741 130455 0.13
38 39 3 42742 3584 0.13
39 40 3 42743 62271 0.13
40 41 3 42744 2237 0.13
41 42 3 42745 2296998 0.13
42 43 3 42746 22095670 0.13
43 44 3 42747 2621 0.13
44 45 3 42748 381574 0.13
45 46 3 42749 3238898 0.13
46 47 3 42750 65478 0.13
47 48 3 42751 3499730 0.13
48 49 3 42752 5325637 0.13
49 50 3 42753 6436 0.13
50 51 3 42754 8414 0.13
51 52 3 42755 67615 0.13
52 53 3 42756 18554 0.13
53 54 3 42757 8321688 0.13
54 55 3 42758 7952963 0.13
55 56 3 42759 1420768 0.13
56 57 3 42760 77044 0.13
57 58 3 42761 2616 0.13
58 59 3 42762 15803240 0.13
59 60 3 42763 11981 0.13
60 61 3 42764 922631 0.13
61 62 3 42765 758733 0.13
62 63 3 42766 28455700 0.13
63 0 3 42767 252297 0.13
