8192
0 1 3 10000 515414 0.13
1 2 3 10001 2166 0.13
2 3 3 10002 27502 0.13
3 4 3 10003 22321 0.13
4 5 3 10004 1364712 0.13
5 6 3 10005 813595 0.13
6 7 3 10006 4765387 0.13
7 8 3 10007 5085 0.13
8 9 3 10008 55058 0.13
9 10 3 10009 2230 0.13
10 11 3 10010 21863 0.13
11 12 3 10011 74312 0.13
12 13 3 10012 2187 0.13
13 14 3 10013 19767 0.13
14 15 3 10014 599075 0.13
15 16 3 10015 105613 0.13
16 17 3 10016 22044 0.13
17 18 3 10017 181598 0.13
18 19 3 10018 2282913 0.13
19 20 3 10019 2032 0.13
20 21 3 10020 2174577 0.13
21 22 3 10021 985115 0.13
22 23 3 10022 38050 0.13
23 24 3 10023 11095 0.13
24 25 3 10024 9086648 0.13
25 26 3 10025 37318 0.13
26 27 3 10026 5492 0.13
27 28 3 10027 5770 0.13
28 29 3 10028 3424830 0.13
29 30 3 10029 229808 0.13
30 31 3 10030 2213848 0.13
31 32 3 10031 1297317 0.13
32 33 3 10032 90676 0.13
33 34 3 10033 12077175 0.13
34 35 3 10034 45706 0.13
35 36 3 10035 117783 0.13
36 37 3 10036 2882139 0.13
37 38 3 10037 348158 0.13
38 39 3 10038 3851207 0.13
39 40 3 10039 161175 0.13
40 41 3 10040 1045718 0.13
41 42 3 10041 2444 0.13
42 43 3 10042 22789 0.13
43 44 3 10043 28938 0.13
44 45 3 10044 4585 0.13
45 46 3 10045 23279 0.13
46 47 3 10046 6080 0.13
47 48 3 10047 27797 0.13
48 49 3 10048 485475 0.13
49 50 3 10049 42966 0.13
50 51 3 10050 44036 0.13
51 52 3 10051 20950 0.13
52 53 3 10052 26697 0.13
53 54 3 10053 7618184 0.13
54 55 3 10054 584283 0.13
55 56 3 10055 273048 0.13
56 57 3 10056 14227 0.13
57 58 3 10057 1291267 0.13
58 59 3 10058 12680 0.13
59 60 3 10059 45891 0.13
60 61 3 10060 23015567 0.13
61 62 3 10061 519998 0.13
62 63 3 10062 126199 0.13
63 0 3 10063 876914 0.13
0 2 3 10064 3285557 0.13
1 3 3 10065 1759999 0.13
2 4 3 10066 22904 0.13
3 5 3 10067 2261 0.13
4 6 3 10068 33090 0.13
5 7 3 10069 26774 0.13
6 8 3 10070 21098 0.13
7 9 3 10071 8064979 0.13
8 10 3 10072 4291028 0.13
9 11 3 10073 32935 0.13
10 12 3 10074 643509 0.13
11 13 3 10075 49126 0.13
12 14 3 10076 6039113 0.13
13 15 3 10077 63581 0.13
14 16 3 10078 26488 0.13
15 17 3 10079 24662 0.13
16 18 3 10080 133773 0.13
17 19 3 10081 26274 0.13
18 20 3 10082 173575 0.13
19 21 3 10083 4934686 0.13
20 22 3 10084 49880 0.13
21 23 3 10085 21932 0.13
22 24 3 10086 28358404 0.13
23 25 3 10087 75275 0.13
24 26 3 10088 5363 0.13
25 27 3 10089 2461 0.13
26 28 3 10090 6771 0.13
27 29 3 10091 419568 0.13
28 30 3 10092 1920793 0.13
29 31 3 10093 55113 0.13
30 32 3 10094 3446 0.13
31 33 3 10095 46323 0.13
32 34 3 10096 27414253 0.13
33 35 3 10097 79795 0.13
34 36 3 10098 10718918 0.13
35 37 3 10099 3823391 0.13
36 38 3 10100 2057 0.13
37 39 3 10101 1207218 0.13
38 40 3 10102 853682 0.13
39 41 3 10103 91949 0.13
40 42 3 10104 26682 0.13
41 43 3 10105 527694 0.13
42 44 3 10106 6924 0.13
43 45 3 10107 58022 0.13
44 46 3 10108 62397 0.13
45 47 3 10109 8843994 0.13
46 48 3 10110 4275588 0.13
47 49 3 10111 26338 0.13
48 50 3 10112 73212 0.13
49 51 3 10113 15730 0.13
50 52 3 10114 5901988 0.13
51 53 3 10115 4115557 0.13
52 54 3 10116 29844 0.13
53 55 3 10117 511595 0.13
54 56 3 10118 271761 0.13
55 57 3 10119 10567 0.13
56 58 3 10120 1625108 0.13
57 59 3 10121 96078 0.13
58 60 3 10122 1786264 0.13
59 61 3 10123 80606 0.13
60 62 3 10124 2002 0.13
61 63 3 10125 34831 0.13
62 0 3 10126 2097 0.13
63 1 3 10127 7078472 0.13
0 3 3 10128 4361656 0.13
1 4 3 10129 2949965 0.13
2 5 3 10130 31502 0.13
3 6 3 10131 3054 0.13
4 7 3 10132 4340287 0.13
5 8 3 10133 8353531 0.13
6 9 3 10134 4995 0.13
7 10 3 10135 69843 0.13
8 11 3 10136 3844 0.13
9 12 3 10137 1606021 0.13
10 13 3 10138 1658344 0.13
11 14 3 10139 8271 0.13
12 15 3 10140 67372 0.13
13 16 3 10141 113949 0.13
14 17 3 10142 26505 0.13
15 18 3 10143 4172991 0.13
16 19 3 10144 55339 0.13
17 20 3 10145 21179 0.13
18 21 3 10146 95936 0.13
19 22 3 10147 1299310 0.13
20 23 3 10148 20115 0.13
21 24 3 10149 32343 0.13
22 25 3 10150 26766237 0.13
23 26 3 10151 599024 0.13
24 27 3 10152 58792 0.13
25 28 3 10153 77132 0.13
26 29 3 10154 7680 0.13
27 30 3 10155 22469 0.13
28 31 3 10156 37617 0.13
29 32 3 10157 179957 0.13
30 33 3 10158 23011 0.13
31 34 3 10159 22021 0.13
32 35 3 10160 3969 0.13
33 36 3 10161 448823 0.13
34 37 3 10162 22894 0.13
35 38 3 10163 5387143 0.13
36 39 3 10164 3789062 0.13
37 40 3 10165 3960 0.13
38 41 3 10166 23800 0.13
39 42 3 10167 751822 0.13
40 43 3 10168 21423 0.13
41 44 3 10169 8584 0.13
42 45 3 10170 7536731 0.13
43 46 3 10171 150359 0.13
44 47 3 10172 66770 0.13
45 48 3 10173 1846194 0.13
46 49 3 10174 2224909 0.13
47 50 3 10175 18081 0.13
48 51 3 10176 5785 0.13
49 52 3 10177 57165 0.13
50 53 3 10178 55441 0.13
51 54 3 10179 65467 0.13
52 55 3 10180 1290758 0.13
53 56 3 10181 786916 0.13
54 57 3 10182 19443474 0.13
55 58 3 10183 5889 0.13
56 59 3 10184 50604 0.13
57 60 3 10185 37860 0.13
58 61 3 10186 3850176 0.13
59 62 3 10187 24865 0.13
60 63 3 10188 18041 0.13
61 0 3 10189 61218 0.13
62 1 3 10190 55049 0.13
63 2 3 10191 27854 0.13
0 4 3 10192 24980 0.13
1 5 3 10193 6661828 0.13
2 6 3 10194 59953 0.13
3 7 3 10195 3840473 0.13
4 8 3 10196 114843 0.13
5 9 3 10197 2541 0.13
6 10 3 10198 29521645 0.13
7 11 3 10199 3080827 0.13
8 12 3 10200 9928304 0.13
9 13 3 10201 6883355 0.13
10 14 3 10202 3460872 0.13
11 15 3 10203 13262 0.13
12 16 3 10204 69763 0.13
13 17 3 10205 21374 0.13
14 18 3 10206 50240 0.13
15 19 3 10207 3104 0.13
16 20 3 10208 45794 0.13
17 21 3 10209 20205895 0.13
18 22 3 10210 26520 0.13
19 23 3 10211 1840706 0.13
20 24 3 10212 62694 0.13
21 25 3 10213 55309 0.13
22 26 3 10214 9094117 0.13
23 27 3 10215 26948459 0.13
24 28 3 10216 124174 0.13
25 29 3 10217 1184082 0.13
26 30 3 10218 10959 0.13
27 31 3 10219 29670 0.13
28 32 3 10220 9907811 0.13
29 33 3 10221 164309 0.13
30 34 3 10222 100906 0.13
31 35 3 10223 1479755 0.13
32 36 3 10224 3001 0.13
33 37 3 10225 172875 0.13
34 38 3 10226 73734 0.13
35 39 3 10227 3581596 0.13
36 40 3 10228 11486 0.13
37 41 3 10229 9341350 0.13
38 42 3 10230 4607 0.13
39 43 3 10231 17164 0.13
40 44 3 10232 191488 0.13
41 45 3 10233 801700 0.13
42 46 3 10234 23520 0.13
43 47 3 10235 7590 0.13
44 48 3 10236 4708619 0.13
45 49 3 10237 24621 0.13
46 50 3 10238 190604 0.13
47 51 3 10239 355052 0.13
48 52 3 10240 54436 0.13
49 53 3 10241 172009 0.13
50 54 3 10242 78334 0.13
51 55 3 10243 7479018 0.13
52 56 3 10244 20425 0.13
53 57 3 10245 1161918 0.13
54 58 3 10246 23868 0.13
55 59 3 10247 49157 0.13
56 60 3 10248 773521 0.13
57 61 3 10249 29999 0.13
58 62 3 10250 33235 0.13
59 63 3 10251 1518644 0.13
60 0 3 10252 4078 0.13
61 1 3 10253 63450 0.13
62 2 3 10254 28969627 0.13
63 3 3 10255 27397631 0.13
0 5 3 10256 4128 0.13
1 6 3 10257 21315 0.13
2 7 3 10258 26520 0.13
3 8 3 10259 7375669 0.13
4 9 3 10260 4425925 0.13
5 10 3 10261 4378107 0.13
6 11 3 10262 43905 0.13
7 12 3 10263 11549 0.13
8 13 3 10264 3012348 0.13
9 14 3 10265 1035399 0.13
10 15 3 10266 293422 0.13
11 16 3 10267 21488709 0.13
12 17 3 10268 631810 0.13
13 18 3 10269 2039 0.13
14 19 3 10270 2513124 0.13
15 20 3 10271 29937 0.13
16 21 3 10272 707109 0.13
17 22 3 10273 7780714 0.13
18 23 3 10274 8743 0.13
19 24 3 10275 7234 0.13
20 25 3 10276 6562 0.13
21 26 3 10277 119811 0.13
22 27 3 10278 27234 0.13
23 28 3 10279 238638 0.13
24 29 3 10280 1176121 0.13
25 30 3 10281 20359 0.13
26 31 3 10282 473903 0.13
27 32 3 10283 26398 0.13
28 33 3 10284 70430 0.13
29 34 3 10285 5381177 0.13
30 35 3 10286 3383111 0.13
31 36 3 10287 5460 0.13
32 37 3 10288 55440 0.13
33 38 3 10289 27668 0.13
34 39 3 10290 2017 0.13
35 40 3 10291 1711192 0.13
36 41 3 10292 496907 0.13
37 42 3 10293 26195 0.13
38 43 3 10294 1412309 0.13
39 44 3 10295 117166 0.13
40 45 3 10296 56389 0.13
41 46 3 10297 2048 0.13
42 47 3 10298 4267 0.13
43 48 3 10299 4493191 0.13
44 49 3 10300 5280612 0.13
45 50 3 10301 106726 0.13
46 51 3 10302 3037850 0.13
47 52 3 10303 170016 0.13
48 53 3 10304 9847 0.13
49 54 3 10305 8195 0.13
50 55 3 10306 31651 0.13
51 56 3 10307 4969444 0.13
52 57 3 10308 1961223 0.13
53 58 3 10309 3821077 0.13
54 59 3 10310 4967739 0.13
55 60 3 10311 21007 0.13
56 61 3 10312 24952 0.13
57 62 3 10313 6223 0.13
58 63 3 10314 1801162 0.13
59 0 3 10315 4524041 0.13
60 1 3 10316 51471 0.13
61 2 3 10317 365292 0.13
62 3 3 10318 10910 0.13
63 4 3 10319 7134358 0.13
0 6 3 10320 3938170 0.13
1 7 3 10321 14137355 0.13
2 8 3 10322 2323151 0.13
3 9 3 10323 4442486 0.13
4 10 3 10324 2163 0.13
5 11 3 10325 1365644 0.13
6 12 3 10326 36437 0.13
7 13 3 10327 7201134 0.13
8 14 3 10328 2067054 0.13
9 15 3 10329 3921920 0.13
10 16 3 10330 2322479 0.13
11 17 3 10331 26680 0.13
12 18 3 10332 1873745 0.13
13 19 3 10333 6647 0.13
14 20 3 10334 4165003 0.13
15 21 3 10335 3757797 0.13
16 22 3 10336 22243 0.13
17 23 3 10337 2497598 0.13
18 24 3 10338 63916 0.13
19 25 3 10339 31038 0.13
20 26 3 10340 1953454 0.13
21 27 3 10341 22759 0.13
22 28 3 10342 2148 0.13
23 29 3 10343 18625 0.13
24 30 3 10344 35652 0.13
25 31 3 10345 3930588 0.13
26 32 3 10346 9777793 0.13
27 33 3 10347 27912 0.13
28 34 3 10348 531853 0.13
29 35 3 10349 49935 0.13
30 36 3 10350 17433124 0.13
31 37 3 10351 90655 0.13
32 38 3 10352 7802652 0.13
33 39 3 10353 7227 0.13
34 40 3 10354 10267074 0.13
35 41 3 10355 15713 0.13
36 42 3 10356 9466736 0.13
37 43 3 10357 26546 0.13
38 44 3 10358 6672 0.13
39 45 3 10359 57976 0.13
40 46 3 10360 1285450 0.13
41 47 3 10361 32735 0.13
42 48 3 10362 249670 0.13
43 49 3 10363 75713 0.13
44 50 3 10364 47039 0.13
45 51 3 10365 159865 0.13
46 52 3 10366 25472 0.13
47 53 3 10367 1087852 0.13
48 54 3 10368 2008 0.13
49 55 3 10369 6826797 0.13
50 56 3 10370 94489 0.13
51 57 3 10371 1194299 0.13
52 58 3 10372 1419500 0.13
53 59 3 10373 765028 0.13
54 60 3 10374 42844 0.13
55 61 3 10375 3898 0.13
56 62 3 10376 713901 0.13
57 63 3 10377 36040 0.13
58 0 3 10378 32783 0.13
59 1 3 10379 3440458 0.13
60 2 3 10380 1197542 0.13
61 3 3 10381 30064 0.13
62 4 3 10382 31856 0.13
63 5 3 10383 51936 0.13
0 7 3 10384 50553 0.13
1 8 3 10385 29565 0.13
2 9 3 10386 8183 0.13
3 10 3 10387 54718 0.13
4 11 3 10388 7883119 0.13
5 12 3 10389 818543 0.13
6 13 3 10390 5200396 0.13
7 14 3 10391 324119 0.13
8 15 3 10392 30189 0.13
9 16 3 10393 110749 0.13
10 17 3 10394 2002 0.13
11 18 3 10395 28691 0.13
12 19 3 10396 56897 0.13
13 20 3 10397 165688 0.13
14 21 3 10398 637644 0.13
15 22 3 10399 64997 0.13
16 23 3 10400 59729 0.13
17 24 3 10401 21370 0.13
18 25 3 10402 66889 0.13
19 26 3 10403 5084344 0.13
20 27 3 10404 1960247 0.13
21 28 3 10405 13938 0.13
22 29 3 10406 4935 0.13
23 30 3 10407 76642 0.13
24 31 3 10408 463526 0.13
25 32 3 10409 37037 0.13
26 33 3 10410 2552703 0.13
27 34 3 10411 1511381 0.13
28 35 3 10412 782365 0.13
29 36 3 10413 22464 0.13
30 37 3 10414 19825 0.13
31 38 3 10415 2159 0.13
32 39 3 10416 24484 0.13
33 40 3 10417 67339 0.13
34 41 3 10418 3492130 0.13
35 42 3 10419 4097 0.13
36 43 3 10420 53332 0.13
37 44 3 10421 438123 0.13
38 45 3 10422 18887 0.13
39 46 3 10423 970834 0.13
40 47 3 10424 71779 0.13
41 48 3 10425 24398 0.13
42 49 3 10426 648464 0.13
43 50 3 10427 2027 0.13
44 51 3 10428 1509644 0.13
45 52 3 10429 1700461 0.13
46 53 3 10430 6526 0.13
47 54 3 10431 55802 0.13
48 55 3 10432 15177 0.13
49 56 3 10433 9140431 0.13
50 57 3 10434 77221 0.13
51 58 3 10435 2515 0.13
52 59 3 10436 24919 0.13
53 60 3 10437 3450090 0.13
54 61 3 10438 63029 0.13
55 62 3 10439 2042498 0.13
56 63 3 10440 740621 0.13
57 0 3 10441 21928302 0.13
58 1 3 10442 192203 0.13
59 2 3 10443 8574257 0.13
60 3 3 10444 4742777 0.13
61 4 3 10445 301218 0.13
62 5 3 10446 1192739 0.13
63 6 3 10447 74179 0.13
0 8 3 10448 2917075 0.13
1 9 3 10449 110637 0.13
2 10 3 10450 4916243 0.13
3 11 3 10451 1436554 0.13
4 12 3 10452 67232 0.13
5 13 3 10453 25919 0.13
6 14 3 10454 24723 0.13
7 15 3 10455 501291 0.13
8 16 3 10456 1658136 0.13
9 17 3 10457 77992 0.13
10 18 3 10458 413987 0.13
11 19 3 10459 27459 0.13
12 20 3 10460 4423 0.13
13 21 3 10461 28572 0.13
14 22 3 10462 27171 0.13
15 23 3 10463 33941 0.13
16 24 3 10464 97403 0.13
17 25 3 10465 9069 0.13
18 26 3 10466 23126 0.13
19 27 3 10467 951598 0.13
20 28 3 10468 1064191 0.13
21 29 3 10469 3496 0.13
22 30 3 10470 51753 0.13
23 31 3 10471 101619 0.13
24 32 3 10472 53640 0.13
25 33 3 10473 20683 0.13
26 34 3 10474 54648 0.13
27 35 3 10475 5345605 0.13
28 36 3 10476 172707 0.13
29 37 3 10477 964183 0.13
30 38 3 10478 3701960 0.13
31 39 3 10479 1655945 0.13
32 40 3 10480 46076 0.13
33 41 3 10481 2029 0.13
34 42 3 10482 40351 0.13
35 43 3 10483 1534751 0.13
36 44 3 10484 3603438 0.13
37 45 3 10485 8816452 0.13
38 46 3 10486 54389 0.13
39 47 3 10487 1475156 0.13
40 48 3 10488 107655 0.13
41 49 3 10489 226020 0.13
42 50 3 10490 22053 0.13
43 51 3 10491 21942 0.13
44 52 3 10492 58269 0.13
45 53 3 10493 2220 0.13
46 54 3 10494 37225 0.13
47 55 3 10495 833135 0.13
48 56 3 10496 50996 0.13
49 57 3 10497 13008 0.13
50 58 3 10498 65551 0.13
51 59 3 10499 8210 0.13
52 60 3 10500 378055 0.13
53 61 3 10501 2192 0.13
54 62 3 10502 48804 0.13
55 63 3 10503 138957 0.13
56 0 3 10504 2194 0.13
57 1 3 10505 541997 0.13
58 2 3 10506 8855 0.13
59 3 3 10507 64238 0.13
60 4 3 10508 2519 0.13
61 5 3 10509 45820 0.13
62 6 3 10510 21166 0.13
63 7 3 10511 35369 0.13
0 9 3 10512 1612297 0.13
1 10 3 10513 45825 0.13
2 11 3 10514 1520098 0.13
3 12 3 10515 2957728 0.13
4 13 3 10516 25227 0.13
5 14 3 10517 4733 0.13
6 15 3 10518 2096 0.13
7 16 3 10519 96146 0.13
8 17 3 10520 29938552 0.13
9 18 3 10521 39992 0.13
10 19 3 10522 601152 0.13
11 20 3 10523 1812330 0.13
12 21 3 10524 614037 0.13
13 22 3 10525 1542332 0.13
14 23 3 10526 8543695 0.13
15 24 3 10527 19872 0.13
16 25 3 10528 2105 0.13
17 26 3 10529 10476 0.13
18 27 3 10530 8097 0.13
19 28 3 10531 755670 0.13
20 29 3 10532 138233 0.13
21 30 3 10533 21796 0.13
22 31 3 10534 995719 0.13
23 32 3 10535 1668980 0.13
24 33 3 10536 13557 0.13
25 34 3 10537 257979 0.13
26 35 3 10538 1479256 0.13
27 36 3 10539 7162 0.13
28 37 3 10540 2579035 0.13
29 38 3 10541 9622912 0.13
30 39 3 10542 6647 0.13
31 40 3 10543 2175 0.13
32 41 3 10544 32391 0.13
33 42 3 10545 818778 0.13
34 43 3 10546 9155202 0.13
35 44 3 10547 49330 0.13
36 45 3 10548 1150147 0.13
37 46 3 10549 4319 0.13
38 47 3 10550 924915 0.13
39 48 3 10551 417939 0.13
40 49 3 10552 6152 0.13
41 50 3 10553 1724808 0.13
42 51 3 10554 3508797 0.13
43 52 3 10555 203292 0.13
44 53 3 10556 7684 0.13
45 54 3 10557 19229567 0.13
46 55 3 10558 1826353 0.13
47 56 3 10559 39440 0.13
48 57 3 10560 56548 0.13
49 58 3 10561 44114 0.13
50 59 3 10562 74452 0.13
51 60 3 10563 38246 0.13
52 61 3 10564 3487268 0.13
53 62 3 10565 2669927 0.13
54 63 3 10566 6443 0.13
55 0 3 10567 9341969 0.13
56 1 3 10568 484680 0.13
57 2 3 10569 2861219 0.13
58 3 3 10570 1073086 0.13
59 4 3 10571 58189 0.13
60 5 3 10572 1337953 0.13
61 6 3 10573 9676695 0.13
62 7 3 10574 27008 0.13
63 8 3 10575 2245976 0.13
0 10 3 10576 94010 0.13
1 11 3 10577 69268 0.13
2 12 3 10578 58209 0.13
3 13 3 10579 1310262 0.13
4 14 3 10580 26839 0.13
5 15 3 10581 3551394 0.13
6 16 3 10582 2921930 0.13
7 17 3 10583 5066 0.13
8 18 3 10584 4448935 0.13
9 19 3 10585 24386 0.13
10 20 3 10586 64932 0.13
11 21 3 10587 282653 0.13
12 22 3 10588 45797 0.13
13 23 3 10589 2215 0.13
14 24 3 10590 3528585 0.13
15 25 3 10591 16367 0.13
16 26 3 10592 21211 0.13
17 27 3 10593 1978323 0.13
18 28 3 10594 38067 0.13
19 29 3 10595 4409599 0.13
20 30 3 10596 1011837 0.13
21 31 3 10597 27626 0.13
22 32 3 10598 2050 0.13
23 33 3 10599 8433041 0.13
24 34 3 10600 4992 0.13
25 35 3 10601 1200746 0.13
26 36 3 10602 70441 0.13
27 37 3 10603 1581646 0.13
28 38 3 10604 924874 0.13
29 39 3 10605 567223 0.13
30 40 3 10606 70958 0.13
31 41 3 10607 1929328 0.13
32 42 3 10608 5513 0.13
33 43 3 10609 22159 0.13
34 44 3 10610 934297 0.13
35 45 3 10611 31241 0.13
36 46 3 10612 168381 0.13
37 47 3 10613 66906 0.13
38 48 3 10614 81580 0.13
39 49 3 10615 55885 0.13
40 50 3 10616 1459354 0.13
41 51 3 10617 36158 0.13
42 52 3 10618 1028549 0.13
43 53 3 10619 27091 0.13
44 54 3 10620 25140 0.13
45 55 3 10621 7652 0.13
46 56 3 10622 18516 0.13
47 57 3 10623 7564 0.13
48 58 3 10624 90052 0.13
49 59 3 10625 1621896 0.13
50 60 3 10626 17029 0.13
51 61 3 10627 21638 0.13
52 62 3 10628 69430 0.13
53 63 3 10629 1245850 0.13
54 0 3 10630 14404681 0.13
55 1 3 10631 78762 0.13
56 2 3 10632 28299 0.13
57 3 3 10633 6042 0.13
58 4 3 10634 18823 0.13
59 5 3 10635 22748 0.13
60 6 3 10636 15888 0.13
61 7 3 10637 2070 0.13
62 8 3 10638 87088 0.13
63 9 3 10639 27431 0.13
0 11 3 10640 12863287 0.13
1 12 3 10641 120043 0.13
2 13 3 10642 979339 0.13
3 14 3 10643 8102 0.13
4 15 3 10644 4053835 0.13
5 16 3 10645 70972 0.13
6 17 3 10646 4181592 0.13
7 18 3 10647 155538 0.13
8 19 3 10648 66014 0.13
9 20 3 10649 59338 0.13
10 21 3 10650 16872 0.13
11 22 3 10651 2596 0.13
12 23 3 10652 7933114 0.13
13 24 3 10653 67937 0.13
14 25 3 10654 2663469 0.13
15 26 3 10655 50163 0.13
16 27 3 10656 4185 0.13
17 28 3 10657 435565 0.13
18 29 3 10658 2752 0.13
19 30 3 10659 9935 0.13
20 31 3 10660 136296 0.13
21 32 3 10661 30767 0.13
22 33 3 10662 25945415 0.13
23 34 3 10663 7476 0.13
24 35 3 10664 1644434 0.13
25 36 3 10665 250541 0.13
26 37 3 10666 1907408 0.13
27 38 3 10667 22568 0.13
28 39 3 10668 78285 0.13
29 40 3 10669 61657 0.13
30 41 3 10670 59858 0.13
31 42 3 10671 3804999 0.13
32 43 3 10672 23354173 0.13
33 44 3 10673 31076 0.13
34 45 3 10674 368218 0.13
35 46 3 10675 277047 0.13
36 47 3 10676 1400893 0.13
37 48 3 10677 8399300 0.13
38 49 3 10678 20778 0.13
39 50 3 10679 21102 0.13
40 51 3 10680 683425 0.13
41 52 3 10681 11411 0.13
42 53 3 10682 14762 0.13
43 54 3 10683 4254 0.13
44 55 3 10684 2013 0.13
45 56 3 10685 61654 0.13
46 57 3 10686 189390 0.13
47 58 3 10687 29125 0.13
48 59 3 10688 23147 0.13
49 60 3 10689 1069558 0.13
50 61 3 10690 1029875 0.13
51 62 3 10691 62468 0.13
52 63 3 10692 899079 0.13
53 0 3 10693 6707931 0.13
54 1 3 10694 1878280 0.13
55 2 3 10695 400464 0.13
56 3 3 10696 689464 0.13
57 4 3 10697 7404889 0.13
58 5 3 10698 55801 0.13
59 6 3 10699 104964 0.13
60 7 3 10700 581077 0.13
61 8 3 10701 5600817 0.13
62 9 3 10702 2798934 0.13
63 10 3 10703 3998 0.13
0 12 3 10704 13184 0.13
1 13 3 10705 31522 0.13
2 14 3 10706 1489577 0.13
3 15 3 10707 147212 0.13
4 16 3 10708 28861 0.13
5 17 3 10709 7948 0.13
6 18 3 10710 909423 0.13
7 19 3 10711 997869 0.13
8 20 3 10712 8048302 0.13
9 21 3 10713 73185 0.13
10 22 3 10714 71645 0.13
11 23 3 10715 4630 0.13
12 24 3 10716 2364 0.13
13 25 3 10717 57391 0.13
14 26 3 10718 34464 0.13
15 27 3 10719 25036 0.13
16 28 3 10720 5392 0.13
17 29 3 10721 9422221 0.13
18 30 3 10722 3078758 0.13
19 31 3 10723 157484 0.13
20 32 3 10724 8627591 0.13
21 33 3 10725 29714944 0.13
22 34 3 10726 778252 0.13
23 35 3 10727 26951 0.13
24 36 3 10728 2369 0.13
25 37 3 10729 1562688 0.13
26 38 3 10730 66269 0.13
27 39 3 10731 612075 0.13
28 40 3 10732 6148056 0.13
29 41 3 10733 16297 0.13
30 42 3 10734 174850 0.13
31 43 3 10735 478277 0.13
32 44 3 10736 71167 0.13
33 45 3 10737 5386 0.13
34 46 3 10738 39592 0.13
35 47 3 10739 36661 0.13
36 48 3 10740 761068 0.13
37 49 3 10741 3731992 0.13
38 50 3 10742 35960 0.13
39 51 3 10743 949389 0.13
40 52 3 10744 28821 0.13
41 53 3 10745 8228109 0.13
42 54 3 10746 2406981 0.13
43 55 3 10747 114451 0.13
44 56 3 10748 62652 0.13
45 57 3 10749 32903 0.13
46 58 3 10750 34654 0.13
47 59 3 10751 10123151 0.13
48 60 3 10752 50963 0.13
49 61 3 10753 76445 0.13
50 62 3 10754 22079476 0.13
51 63 3 10755 661283 0.13
52 0 3 10756 101589 0.13
53 1 3 10757 53057 0.13
54 2 3 10758 17516 0.13
55 3 3 10759 42355 0.13
56 4 3 10760 1564431 0.13
57 5 3 10761 403269 0.13
58 6 3 10762 1599905 0.13
59 7 3 10763 20355 0.13
60 8 3 10764 112947 0.13
61 9 3 10765 6976625 0.13
62 10 3 10766 58796 0.13
63 11 3 10767 986000 0.13
0 13 3 10768 7714 0.13
1 14 3 10769 12097877 0.13
2 15 3 10770 270973 0.13
3 16 3 10771 23929 0.13
4 17 3 10772 11675 0.13
5 18 3 10773 115724 0.13
6 19 3 10774 118145 0.13
7 20 3 10775 5524 0.13
8 21 3 10776 24838092 0.13
9 22 3 10777 5923562 0.13
10 23 3 10778 64180 0.13
11 24 3 10779 7397 0.13
12 25 3 10780 2964295 0.13
13 26 3 10781 72702 0.13
14 27 3 10782 1166033 0.13
15 28 3 10783 75124 0.13
16 29 3 10784 27342 0.13
17 30 3 10785 3041718 0.13
18 31 3 10786 16829755 0.13
19 32 3 10787 24373 0.13
20 33 3 10788 116454 0.13
21 34 3 10789 46717 0.13
22 35 3 10790 6562010 0.13
23 36 3 10791 74978 0.13
24 37 3 10792 4379787 0.13
25 38 3 10793 3920808 0.13
26 39 3 10794 27624 0.13
27 40 3 10795 1900061 0.13
28 41 3 10796 53448 0.13
29 42 3 10797 7446313 0.13
30 43 3 10798 74862 0.13
31 44 3 10799 2616484 0.13
32 45 3 10800 28283 0.13
33 46 3 10801 29855 0.13
34 47 3 10802 177607 0.13
35 48 3 10803 29268222 0.13
36 49 3 10804 70686 0.13
37 50 3 10805 9887 0.13
38 51 3 10806 94709 0.13
39 52 3 10807 39024 0.13
40 53 3 10808 117572 0.13
41 54 3 10809 103022 0.13
42 55 3 10810 62771 0.13
43 56 3 10811 34355 0.13
44 57 3 10812 17730 0.13
45 58 3 10813 979987 0.13
46 59 3 10814 151653 0.13
47 60 3 10815 23356 0.13
48 61 3 10816 1755444 0.13
49 62 3 10817 2415 0.13
50 63 3 10818 1447051 0.13
51 0 3 10819 1052278 0.13
52 1 3 10820 2342267 0.13
53 2 3 10821 47215 0.13
54 3 3 10822 709510 0.13
55 4 3 10823 2622426 0.13
56 5 3 10824 17212092 0.13
57 6 3 10825 71998 0.13
58 7 3 10826 2326 0.13
59 8 3 10827 73605 0.13
60 9 3 10828 183166 0.13
61 10 3 10829 4091009 0.13
62 11 3 10830 4225711 0.13
63 12 3 10831 59301 0.13
0 14 3 10832 79065 0.13
1 15 3 10833 63137 0.13
2 16 3 10834 1224438 0.13
3 17 3 10835 52302 0.13
4 18 3 10836 638250 0.13
5 19 3 10837 10872 0.13
6 20 3 10838 66036 0.13
7 21 3 10839 9943116 0.13
8 22 3 10840 37712 0.13
9 23 3 10841 941636 0.13
10 24 3 10842 598693 0.13
11 25 3 10843 3552958 0.13
12 26 3 10844 3570240 0.13
13 27 3 10845 3780265 0.13
14 28 3 10846 46001 0.13
15 29 3 10847 33332 0.13
16 30 3 10848 1187174 0.13
17 31 3 10849 1594018 0.13
18 32 3 10850 4171490 0.13
19 33 3 10851 2311 0.13
20 34 3 10852 3789 0.13
21 35 3 10853 449288 0.13
22 36 3 10854 6494935 0.13
23 37 3 10855 28283948 0.13
24 38 3 10856 1467663 0.13
25 39 3 10857 57839 0.13
26 40 3 10858 5891 0.13
27 41 3 10859 469982 0.13
28 42 3 10860 4177376 0.13
29 43 3 10861 60079 0.13
30 44 3 10862 952009 0.13
31 45 3 10863 5244575 0.13
32 46 3 10864 2446 0.13
33 47 3 10865 1961434 0.13
34 48 3 10866 29336 0.13
35 49 3 10867 44968 0.13
36 50 3 10868 9645 0.13
37 51 3 10869 81999 0.13
38 52 3 10870 141590 0.13
39 53 3 10871 1925194 0.13
40 54 3 10872 13996 0.13
41 55 3 10873 4527 0.13
42 56 3 10874 4125187 0.13
43 57 3 10875 357682 0.13
44 58 3 10876 24082 0.13
45 59 3 10877 5916358 0.13
46 60 3 10878 9449 0.13
47 61 3 10879 64111 0.13
48 62 3 10880 25397 0.13
49 63 3 10881 25532 0.13
50 0 3 10882 2046 0.13
51 1 3 10883 2138992 0.13
52 2 3 10884 5086387 0.13
53 3 3 10885 820887 0.13
54 4 3 10886 11595 0.13
55 5 3 10887 59629 0.13
56 6 3 10888 39113 0.13
57 7 3 10889 178694 0.13
58 8 3 10890 511509 0.13
59 9 3 10891 55609 0.13
60 10 3 10892 25009 0.13
61 11 3 10893 3359117 0.13
62 12 3 10894 19843 0.13
63 13 3 10895 46938 0.13
0 15 3 10896 69201 0.13
1 16 3 10897 23720 0.13
2 17 3 10898 151867 0.13
3 18 3 10899 156820 0.13
4 19 3 10900 25128029 0.13
5 20 3 10901 29523 0.13
6 21 3 10902 15296323 0.13
7 22 3 10903 665838 0.13
8 23 3 10904 27448 0.13
9 24 3 10905 141592 0.13
10 25 3 10906 886395 0.13
11 26 3 10907 1446688 0.13
12 27 3 10908 2487 0.13
13 28 3 10909 251251 0.13
14 29 3 10910 72321 0.13
15 30 3 10911 5296806 0.13
16 31 3 10912 28619 0.13
17 32 3 10913 1988601 0.13
18 33 3 10914 256519 0.13
19 34 3 10915 40464 0.13
20 35 3 10916 492943 0.13
21 36 3 10917 367129 0.13
22 37 3 10918 822115 0.13
23 38 3 10919 1209283 0.13
24 39 3 10920 673452 0.13
25 40 3 10921 3150113 0.13
26 41 3 10922 425984 0.13
27 42 3 10923 5243121 0.13
28 43 3 10924 570724 0.13
29 44 3 10925 31786 0.13
30 45 3 10926 59420 0.13
31 46 3 10927 164983 0.13
32 47 3 10928 1323597 0.13
33 48 3 10929 5309 0.13
34 49 3 10930 29511 0.13
35 50 3 10931 1474808 0.13
36 51 3 10932 15128 0.13
37 52 3 10933 8572 0.13
38 53 3 10934 96127 0.13
39 54 3 10935 10993054 0.13
40 55 3 10936 81461 0.13
41 56 3 10937 5963355 0.13
42 57 3 10938 2914178 0.13
43 58 3 10939 25697 0.13
44 59 3 10940 2740694 0.13
45 60 3 10941 68887 0.13
46 61 3 10942 2194654 0.13
47 62 3 10943 1465593 0.13
48 63 3 10944 37743 0.13
49 0 3 10945 7213 0.13
50 1 3 10946 9492378 0.13
51 2 3 10947 9260 0.13
52 3 3 10948 9750014 0.13
53 4 3 10949 3804217 0.13
54 5 3 10950 1242167 0.13
55 6 3 10951 16628161 0.13
56 7 3 10952 9804981 0.13
57 8 3 10953 2137629 0.13
58 9 3 10954 43155 0.13
59 10 3 10955 1906819 0.13
60 11 3 10956 2069 0.13
61 12 3 10957 91266 0.13
62 13 3 10958 62642 0.13
63 14 3 10959 782627 0.13
0 16 3 10960 778726 0.13
1 17 3 10961 173531 0.13
2 18 3 10962 2672519 0.13
3 19 3 10963 7877992 0.13
4 20 3 10964 6667 0.13
5 21 3 10965 23382 0.13
6 22 3 10966 2166 0.13
7 23 3 10967 4527045 0.13
8 24 3 10968 133841 0.13
9 25 3 10969 6089707 0.13
10 26 3 10970 22136 0.13
11 27 3 10971 3425 0.13
12 28 3 10972 2715660 0.13
13 29 3 10973 5670545 0.13
14 30 3 10974 30438 0.13
15 31 3 10975 51914 0.13
16 32 3 10976 9182 0.13
17 33 3 10977 8304395 0.13
18 34 3 10978 30872 0.13
19 35 3 10979 71374 0.13
20 36 3 10980 5803 0.13
21 37 3 10981 4617779 0.13
22 38 3 10982 8853 0.13
23 39 3 10983 62379 0.13
24 40 3 10984 763889 0.13
25 41 3 10985 1431401 0.13
26 42 3 10986 8283863 0.13
27 43 3 10987 54413 0.13
28 44 3 10988 1422690 0.13
29 45 3 10989 10904 0.13
30 46 3 10990 53434 0.13
31 47 3 10991 5931 0.13
32 48 3 10992 70618 0.13
33 49 3 10993 51872 0.13
34 50 3 10994 8680108 0.13
35 51 3 10995 2269 0.13
36 52 3 10996 44105 0.13
37 53 3 10997 60011 0.13
38 54 3 10998 8611083 0.13
39 55 3 10999 3663505 0.13
40 56 3 11000 5954 0.13
41 57 3 11001 885442 0.13
42 58 3 11002 104798 0.13
43 59 3 11003 15228352 0.13
44 60 3 11004 41734 0.13
45 61 3 11005 49627 0.13
46 62 3 11006 17961 0.13
47 63 3 11007 7772 0.13
48 0 3 11008 3440995 0.13
49 1 3 11009 62627 0.13
50 2 3 11010 702149 0.13
51 3 3 11011 533635 0.13
52 4 3 11012 195107 0.13
53 5 3 11013 2118 0.13
54 6 3 11014 1867945 0.13
55 7 3 11015 24356 0.13
56 8 3 11016 8073 0.13
57 9 3 11017 139276 0.13
58 10 3 11018 3802 0.13
59 11 3 11019 1651573 0.13
60 12 3 11020 20715 0.13
61 13 3 11021 21595 0.13
62 14 3 11022 4090862 0.13
63 15 3 11023 35711 0.13
0 17 3 11024 9804 0.13
1 18 3 11025 5037931 0.13
2 19 3 11026 2014 0.13
3 20 3 11027 3752183 0.13
4 21 3 11028 9575 0.13
5 22 3 11029 8399 0.13
6 23 3 11030 25065 0.13
7 24 3 11031 14899 0.13
8 25 3 11032 688461 0.13
9 26 3 11033 2177 0.13
10 27 3 11034 2074 0.13
11 28 3 11035 1899846 0.13
12 29 3 11036 23793 0.13
13 30 3 11037 34754 0.13
14 31 3 11038 14849 0.13
15 32 3 11039 2667 0.13
16 33 3 11040 1417180 0.13
17 34 3 11041 79096 0.13
18 35 3 11042 1456652 0.13
19 36 3 11043 67595 0.13
20 37 3 11044 1780170 0.13
21 38 3 11045 76131 0.13
22 39 3 11046 6724 0.13
23 40 3 11047 73962 0.13
24 41 3 11048 8243974 0.13
25 42 3 11049 2411 0.13
26 43 3 11050 1832269 0.13
27 44 3 11051 4009427 0.13
28 45 3 11052 78027 0.13
29 46 3 11053 63394 0.13
30 47 3 11054 9573298 0.13
31 48 3 11055 3257 0.13
32 49 3 11056 68226 0.13
33 50 3 11057 50373 0.13
34 51 3 11058 888779 0.13
35 52 3 11059 70831 0.13
36 53 3 11060 5692916 0.13
37 54 3 11061 4144 0.13
38 55 3 11062 4655 0.13
39 56 3 11063 266379 0.13
40 57 3 11064 3597 0.13
41 58 3 11065 27501 0.13
42 59 3 11066 464613 0.13
43 60 3 11067 111468 0.13
44 61 3 11068 35037 0.13
45 62 3 11069 26418503 0.13
46 63 3 11070 80954 0.13
47 0 3 11071 62395 0.13
48 1 3 11072 243414 0.13
49 2 3 11073 5942 0.13
50 3 3 11074 1017794 0.13
51 4 3 11075 3583782 0.13
52 5 3 11076 607333 0.13
53 6 3 11077 1689627 0.13
54 7 3 11078 1208399 0.13
55 8 3 11079 21502 0.13
56 9 3 11080 61897 0.13
57 10 3 11081 22849 0.13
58 11 3 11082 37786 0.13
59 12 3 11083 62345 0.13
60 13 3 11084 53689 0.13
61 14 3 11085 5656 0.13
62 15 3 11086 56176 0.13
63 16 3 11087 720862 0.13
0 18 3 11088 44860 0.13
1 19 3 11089 10527 0.13
2 20 3 11090 6641788 0.13
3 21 3 11091 3699 0.13
4 22 3 11092 2953156 0.13
5 23 3 11093 5526 0.13
6 24 3 11094 5759 0.13
7 25 3 11095 1387959 0.13
8 26 3 11096 2353078 0.13
9 27 3 11097 125206 0.13
10 28 3 11098 176797 0.13
11 29 3 11099 134148 0.13
12 30 3 11100 35929 0.13
13 31 3 11101 7778 0.13
14 32 3 11102 40719 0.13
15 33 3 11103 722724 0.13
16 34 3 11104 1502842 0.13
17 35 3 11105 4042764 0.13
18 36 3 11106 1210606 0.13
19 37 3 11107 9885616 0.13
20 38 3 11108 203280 0.13
21 39 3 11109 40329 0.13
22 40 3 11110 162146 0.13
23 41 3 11111 21273 0.13
24 42 3 11112 653890 0.13
25 43 3 11113 22424 0.13
26 44 3 11114 6657 0.13
27 45 3 11115 3361202 0.13
28 46 3 11116 43512 0.13
29 47 3 11117 1626056 0.13
30 48 3 11118 155600 0.13
31 49 3 11119 2216641 0.13
32 50 3 11120 3354654 0.13
33 51 3 11121 13031068 0.13
34 52 3 11122 2552805 0.13
35 53 3 11123 308586 0.13
36 54 3 11124 541593 0.13
37 55 3 11125 2183 0.13
38 56 3 11126 7077449 0.13
39 57 3 11127 2883823 0.13
40 58 3 11128 26744 0.13
41 59 3 11129 16083 0.13
42 60 3 11130 1026987 0.13
43 61 3 11131 31796 0.13
44 62 3 11132 37964 0.13
45 63 3 11133 2030 0.13
46 0 3 11134 4095881 0.13
47 1 3 11135 142264 0.13
48 2 3 11136 50181 0.13
49 3 3 11137 9349 0.13
50 4 3 11138 465376 0.13
51 5 3 11139 2242 0.13
52 6 3 11140 1461117 0.13
53 7 3 11141 21513 0.13
54 8 3 11142 54576 0.13
55 9 3 11143 38179 0.13
56 10 3 11144 44010 0.13
57 11 3 11145 1215959 0.13
58 12 3 11146 1768356 0.13
59 13 3 11147 144446 0.13
60 14 3 11148 4946 0.13
61 15 3 11149 2682 0.13
62 16 3 11150 11481 0.13
63 17 3 11151 342705 0.13
0 19 3 11152 791749 0.13
1 20 3 11153 27210 0.13
2 21 3 11154 695509 0.13
3 22 3 11155 69768 0.13
4 23 3 11156 59702 0.13
5 24 3 11157 27316 0.13
6 25 3 11158 1549431 0.13
7 26 3 11159 7105 0.13
8 27 3 11160 56903 0.13
9 28 3 11161 28324 0.13
10 29 3 11162 827890 0.13
11 30 3 11163 69992 0.13
12 31 3 11164 737060 0.13
13 32 3 11165 2438 0.13
14 33 3 11166 49052 0.13
15 34 3 11167 198842 0.13
16 35 3 11168 2038 0.13
17 36 3 11169 30283 0.13
18 37 3 11170 21123 0.13
19 38 3 11171 8978 0.13
20 39 3 11172 25551 0.13
21 40 3 11173 35624 0.13
22 41 3 11174 2038 0.13
23 42 3 11175 1470141 0.13
24 43 3 11176 15138 0.13
25 44 3 11177 46041 0.13
26 45 3 11178 1036712 0.13
27 46 3 11179 73137 0.13
28 47 3 11180 3000626 0.13
29 48 3 11181 2186005 0.13
30 49 3 11182 4045 0.13
31 50 3 11183 3852930 0.13
32 51 3 11184 2397 0.13
33 52 3 11185 2093 0.13
34 53 3 11186 6511602 0.13
35 54 3 11187 3863300 0.13
36 55 3 11188 158444 0.13
37 56 3 11189 154399 0.13
38 57 3 11190 1094989 0.13
39 58 3 11191 54083 0.13
40 59 3 11192 7213 0.13
41 60 3 11193 2111 0.13
42 61 3 11194 34953 0.13
43 62 3 11195 2039664 0.13
44 63 3 11196 345002 0.13
45 0 3 11197 2960777 0.13
46 1 3 11198 6412125 0.13
47 2 3 11199 5169 0.13
48 3 3 11200 3334530 0.13
49 4 3 11201 24331 0.13
50 5 3 11202 180922 0.13
51 6 3 11203 78606 0.13
52 7 3 11204 49153 0.13
53 8 3 11205 32054 0.13
54 9 3 11206 37902 0.13
55 10 3 11207 36613 0.13
56 11 3 11208 13626 0.13
57 12 3 11209 75496 0.13
58 13 3 11210 7122 0.13
59 14 3 11211 75373 0.13
60 15 3 11212 5423052 0.13
61 16 3 11213 39875 0.13
62 17 3 11214 1273791 0.13
63 18 3 11215 2568458 0.13
0 20 3 11216 2451110 0.13
1 21 3 11217 23626 0.13
2 22 3 11218 9715 0.13
3 23 3 11219 19454 0.13
4 24 3 11220 219191 0.13
5 25 3 11221 1602152 0.13
6 26 3 11222 644072 0.13
7 27 3 11223 15429 0.13
8 28 3 11224 1728480 0.13
9 29 3 11225 71719 0.13
10 30 3 11226 1544458 0.13
11 31 3 11227 1598771 0.13
12 32 3 11228 61285 0.13
13 33 3 11229 6725304 0.13
14 34 3 11230 139128 0.13
15 35 3 11231 482386 0.13
16 36 3 11232 396174 0.13
17 37 3 11233 3927406 0.13
18 38 3 11234 417739 0.13
19 39 3 11235 10191 0.13
20 40 3 11236 3780 0.13
21 41 3 11237 59740 0.13
22 42 3 11238 30564 0.13
23 43 3 11239 27467 0.13
24 44 3 11240 2932 0.13
25 45 3 11241 74770 0.13
26 46 3 11242 32081 0.13
27 47 3 11243 61980 0.13
28 48 3 11244 2982 0.13
29 49 3 11245 2950898 0.13
30 50 3 11246 4371 0.13
31 51 3 11247 3927501 0.13
32 52 3 11248 3658801 0.13
33 53 3 11249 320067 0.13
34 54 3 11250 74707 0.13
35 55 3 11251 64471 0.13
36 56 3 11252 121685 0.13
37 57 3 11253 1918177 0.13
38 58 3 11254 4876302 0.13
39 59 3 11255 61477 0.13
40 60 3 11256 2294477 0.13
41 61 3 11257 614699 0.13
42 62 3 11258 34305 0.13
43 63 3 11259 67452 0.13
44 0 3 11260 10172 0.13
45 1 3 11261 3331 0.13
46 2 3 11262 6280 0.13
47 3 3 11263 4973805 0.13
48 4 3 11264 38687 0.13
49 5 3 11265 1143155 0.13
50 6 3 11266 74126 0.13
51 7 3 11267 14511 0.13
52 8 3 11268 24774 0.13
53 9 3 11269 58713 0.13
54 10 3 11270 59097 0.13
55 11 3 11271 78326 0.13
56 12 3 11272 11749 0.13
57 13 3 11273 44570 0.13
58 14 3 11274 28289 0.13
59 15 3 11275 52023 0.13
60 16 3 11276 37673 0.13
61 17 3 11277 196375 0.13
62 18 3 11278 1892269 0.13
63 19 3 11279 578442 0.13
0 21 3 11280 3613 0.13
1 22 3 11281 5615 0.13
2 23 3 11282 827034 0.13
3 24 3 11283 28414 0.13
4 25 3 11284 1237336 0.13
5 26 3 11285 652512 0.13
6 27 3 11286 5453049 0.13
7 28 3 11287 4198389 0.13
8 29 3 11288 36672 0.13
9 30 3 11289 170410 0.13
10 31 3 11290 9314 0.13
11 32 3 11291 39964 0.13
12 33 3 11292 9835464 0.13
13 34 3 11293 987839 0.13
14 35 3 11294 48391 0.13
15 36 3 11295 191499 0.13
16 37 3 11296 7714442 0.13
17 38 3 11297 31916 0.13
18 39 3 11298 45335 0.13
19 40 3 11299 1916619 0.13
20 41 3 11300 2395543 0.13
21 42 3 11301 760931 0.13
22 43 3 11302 2868769 0.13
23 44 3 11303 1387746 0.13
24 45 3 11304 883315 0.13
25 46 3 11305 79167 0.13
26 47 3 11306 568198 0.13
27 48 3 11307 55401 0.13
28 49 3 11308 42365 0.13
29 50 3 11309 42519 0.13
30 51 3 11310 16052 0.13
31 52 3 11311 21419 0.13
32 53 3 11312 8404876 0.13
33 54 3 11313 69908 0.13
34 55 3 11314 22654 0.13
35 56 3 11315 9005 0.13
36 57 3 11316 4401 0.13
37 58 3 11317 3332851 0.13
38 59 3 11318 6091 0.13
39 60 3 11319 1708747 0.13
40 61 3 11320 3053594 0.13
41 62 3 11321 4510464 0.13
42 63 3 11322 2336 0.13
43 0 3 11323 37352 0.13
44 1 3 11324 1663076 0.13
45 2 3 11325 8483 0.13
46 3 3 11326 45343 0.13
47 4 3 11327 12449 0.13
48 5 3 11328 2940351 0.13
49 6 3 11329 1710978 0.13
50 7 3 11330 2271311 0.13
51 8 3 11331 13107 0.13
52 9 3 11332 58693 0.13
53 10 3 11333 52505 0.13
54 11 3 11334 810903 0.13
55 12 3 11335 23753 0.13
56 13 3 11336 60199 0.13
57 14 3 11337 28492 0.13
58 15 3 11338 1485365 0.13
59 16 3 11339 61291 0.13
60 17 3 11340 86876 0.13
61 18 3 11341 31893 0.13
62 19 3 11342 2258716 0.13
63 20 3 11343 65926 0.13
0 22 3 11344 3053401 0.13
1 23 3 11345 43568 0.13
2 24 3 11346 8366440 0.13
3 25 3 11347 19626529 0.13
4 26 3 11348 64233 0.13
5 27 3 11349 28177 0.13
6 28 3 11350 46374 0.13
7 29 3 11351 79413 0.13
8 30 3 11352 9733439 0.13
9 31 3 11353 2506737 0.13
10 32 3 11354 2037776 0.13
11 33 3 11355 9071 0.13
12 34 3 11356 25000 0.13
13 35 3 11357 529432 0.13
14 36 3 11358 4223508 0.13
15 37 3 11359 122069 0.13
16 38 3 11360 6207 0.13
17 39 3 11361 3376768 0.13
18 40 3 11362 3534981 0.13
19 41 3 11363 28506 0.13
20 42 3 11364 1631168 0.13
21 43 3 11365 27279 0.13
22 44 3 11366 5379014 0.13
23 45 3 11367 9787 0.13
24 46 3 11368 58647 0.13
25 47 3 11369 8315233 0.13
26 48 3 11370 22203 0.13
27 49 3 11371 61798 0.13
28 50 3 11372 39917 0.13
29 51 3 11373 2188 0.13
30 52 3 11374 2727 0.13
31 53 3 11375 73540 0.13
32 54 3 11376 23577 0.13
33 55 3 11377 26350234 0.13
34 56 3 11378 44982 0.13
35 57 3 11379 2209 0.13
36 58 3 11380 7201850 0.13
37 59 3 11381 3175288 0.13
38 60 3 11382 599685 0.13
39 61 3 11383 1913806 0.13
40 62 3 11384 9007 0.13
41 63 3 11385 28687 0.13
42 0 3 11386 2892847 0.13
43 1 3 11387 968575 0.13
44 2 3 11388 9103 0.13
45 3 3 11389 1055361 0.13
46 4 3 11390 61215 0.13
47 5 3 11391 2026 0.13
48 6 3 11392 4545 0.13
49 7 3 11393 25592 0.13
50 8 3 11394 3048892 0.13
51 9 3 11395 112235 0.13
52 10 3 11396 1272347 0.13
53 11 3 11397 79485 0.13
54 12 3 11398 6894 0.13
55 13 3 11399 28810 0.13
56 14 3 11400 30230 0.13
57 15 3 11401 2469 0.13
58 16 3 11402 54575 0.13
59 17 3 11403 1938991 0.13
60 18 3 11404 63180 0.13
61 19 3 11405 6868 0.13
62 20 3 11406 5367634 0.13
63 21 3 11407 194409 0.13
0 23 3 11408 2082 0.13
1 24 3 11409 76625 0.13
2 25 3 11410 24193 0.13
3 26 3 11411 9486 0.13
4 27 3 11412 56747 0.13
5 28 3 11413 318476 0.13
6 29 3 11414 24056 0.13
7 30 3 11415 53823 0.13
8 31 3 11416 714970 0.13
9 32 3 11417 4992 0.13
10 33 3 11418 13102993 0.13
11 34 3 11419 3737 0.13
12 35 3 11420 79090 0.13
13 36 3 11421 74767 0.13
14 37 3 11422 22220990 0.13
15 38 3 11423 121403 0.13
16 39 3 11424 48090 0.13
17 40 3 11425 66185 0.13
18 41 3 11426 485366 0.13
19 42 3 11427 17359615 0.13
20 43 3 11428 25365 0.13
21 44 3 11429 2081 0.13
22 45 3 11430 1885200 0.13
23 46 3 11431 38960 0.13
24 47 3 11432 1329410 0.13
25 48 3 11433 426055 0.13
26 49 3 11434 1715013 0.13
27 50 3 11435 1351869 0.13
28 51 3 11436 36503 0.13
29 52 3 11437 2424 0.13
30 53 3 11438 107452 0.13
31 54 3 11439 2405265 0.13
32 55 3 11440 15017 0.13
33 56 3 11441 1791425 0.13
34 57 3 11442 64912 0.13
35 58 3 11443 963114 0.13
36 59 3 11444 453886 0.13
37 60 3 11445 2344930 0.13
38 61 3 11446 3417 0.13
39 62 3 11447 1761903 0.13
40 63 3 11448 63310 0.13
41 0 3 11449 29344 0.13
42 1 3 11450 2417 0.13
43 2 3 11451 19893 0.13
44 3 3 11452 2392 0.13
45 4 3 11453 7383641 0.13
46 5 3 11454 76626 0.13
47 6 3 11455 22748468 0.13
48 7 3 11456 102338 0.13
49 8 3 11457 25331 0.13
50 9 3 11458 1532909 0.13
51 10 3 11459 18220 0.13
52 11 3 11460 41394 0.13
53 12 3 11461 1808415 0.13
54 13 3 11462 3973948 0.13
55 14 3 11463 36384 0.13
56 15 3 11464 7958 0.13
57 16 3 11465 43603 0.13
58 17 3 11466 4684595 0.13
59 18 3 11467 1433077 0.13
60 19 3 11468 4839124 0.13
61 20 3 11469 47328 0.13
62 21 3 11470 12482389 0.13
63 22 3 11471 72200 0.13
0 24 3 11472 72505 0.13
1 25 3 11473 6736461 0.13
2 26 3 11474 77525 0.13
3 27 3 11475 2034442 0.13
4 28 3 11476 1270813 0.13
5 29 3 11477 4524 0.13
6 30 3 11478 219626 0.13
7 31 3 11479 2670238 0.13
8 32 3 11480 106527 0.13
9 33 3 11481 34242 0.13
10 34 3 11482 4604 0.13
11 35 3 11483 687353 0.13
12 36 3 11484 31299 0.13
13 37 3 11485 220973 0.13
14 38 3 11486 56026 0.13
15 39 3 11487 918118 0.13
16 40 3 11488 40309 0.13
17 41 3 11489 2398 0.13
18 42 3 11490 4101115 0.13
19 43 3 11491 40511 0.13
20 44 3 11492 28767065 0.13
21 45 3 11493 27455 0.13
22 46 3 11494 16684852 0.13
23 47 3 11495 8421741 0.13
24 48 3 11496 4252 0.13
25 49 3 11497 500100 0.13
26 50 3 11498 42662 0.13
27 51 3 11499 2032879 0.13
28 52 3 11500 835284 0.13
29 53 3 11501 8770671 0.13
30 54 3 11502 9422 0.13
31 55 3 11503 260583 0.13
32 56 3 11504 1813119 0.13
33 57 3 11505 2297 0.13
34 58 3 11506 3706 0.13
35 59 3 11507 1785153 0.13
36 60 3 11508 43265 0.13
37 61 3 11509 46570 0.13
38 62 3 11510 143847 0.13
39 63 3 11511 240758 0.13
40 0 3 11512 832496 0.13
41 1 3 11513 8487394 0.13
42 2 3 11514 44402 0.13
43 3 3 11515 1630844 0.13
44 4 3 11516 155294 0.13
45 5 3 11517 79875 0.13
46 6 3 11518 49606 0.13
47 7 3 11519 596485 0.13
48 8 3 11520 24961 0.13
49 9 3 11521 7075 0.13
50 10 3 11522 1356748 0.13
51 11 3 11523 72856 0.13
52 12 3 11524 47397 0.13
53 13 3 11525 134296 0.13
54 14 3 11526 26177 0.13
55 15 3 11527 26028 0.13
56 16 3 11528 60678 0.13
57 17 3 11529 27576741 0.13
58 18 3 11530 28557 0.13
59 19 3 11531 6177064 0.13
60 20 3 11532 71046 0.13
61 21 3 11533 7810 0.13
62 22 3 11534 3584788 0.13
63 23 3 11535 62009 0.13
0 25 3 11536 4960370 0.13
1 26 3 11537 60410 0.13
2 27 3 11538 5145 0.13
3 28 3 11539 855434 0.13
4 29 3 11540 3365636 0.13
5 30 3 11541 33917 0.13
6 31 3 11542 39485 0.13
7 32 3 11543 3545 0.13
8 33 3 11544 100865 0.13
9 34 3 11545 4739950 0.13
10 35 3 11546 3540861 0.13
11 36 3 11547 1118091 0.13
12 37 3 11548 6951746 0.13
13 38 3 11549 501600 0.13
14 39 3 11550 1936963 0.13
15 40 3 11551 75097 0.13
16 41 3 11552 7708 0.13
17 42 3 11553 20098 0.13
18 43 3 11554 9110 0.13
19 44 3 11555 1903730 0.13
20 45 3 11556 2183 0.13
21 46 3 11557 121179 0.13
22 47 3 11558 43782 0.13
23 48 3 11559 2109851 0.13
24 49 3 11560 117109 0.13
25 50 3 11561 295586 0.13
26 51 3 11562 5035 0.13
27 52 3 11563 31858 0.13
28 53 3 11564 29730029 0.13
29 54 3 11565 1188696 0.13
30 55 3 11566 79006 0.13
31 56 3 11567 1691645 0.13
32 57 3 11568 2700181 0.13
33 58 3 11569 4162 0.13
34 59 3 11570 11586487 0.13
35 60 3 11571 538708 0.13
36 61 3 11572 61532 0.13
37 62 3 11573 840871 0.13
38 63 3 11574 38902 0.13
39 0 3 11575 4338804 0.13
40 1 3 11576 1802629 0.13
41 2 3 11577 518351 0.13
42 3 3 11578 16392 0.13
43 4 3 11579 9733186 0.13
44 5 3 11580 57527 0.13
45 6 3 11581 5765162 0.13
46 7 3 11582 2878 0.13
47 8 3 11583 7932 0.13
48 9 3 11584 10603 0.13
49 10 3 11585 12931 0.13
50 11 3 11586 34532 0.13
51 12 3 11587 1093321 0.13
52 13 3 11588 39204 0.13
53 14 3 11589 7921718 0.13
54 15 3 11590 4847777 0.13
55 16 3 11591 3378011 0.13
56 17 3 11592 25060 0.13
57 18 3 11593 480456 0.13
58 19 3 11594 115728 0.13
59 20 3 11595 8013 0.13
60 21 3 11596 30564 0.13
61 22 3 11597 85962 0.13
62 23 3 11598 73670 0.13
63 24 3 11599 13727 0.13
0 26 3 11600 7971927 0.13
1 27 3 11601 10838 0.13
2 28 3 11602 669862 0.13
3 29 3 11603 1206327 0.13
4 30 3 11604 241111 0.13
5 31 3 11605 3275900 0.13
6 32 3 11606 137630 0.13
7 33 3 11607 2757088 0.13
8 34 3 11608 2211 0.13
9 35 3 11609 2439 0.13
10 36 3 11610 531629 0.13
11 37 3 11611 160179 0.13
12 38 3 11612 609039 0.13
13 39 3 11613 1669590 0.13
14 40 3 11614 53827 0.13
15 41 3 11615 511929 0.13
16 42 3 11616 72624 0.13
17 43 3 11617 417312 0.13
18 44 3 11618 28967 0.13
19 45 3 11619 9046440 0.13
20 46 3 11620 69141 0.13
21 47 3 11621 2140644 0.13
22 48 3 11622 879926 0.13
23 49 3 11623 29743 0.13
24 50 3 11624 4108 0.13
25 51 3 11625 3193 0.13
26 52 3 11626 59139 0.13
27 53 3 11627 69442 0.13
28 54 3 11628 20402 0.13
29 55 3 11629 253282 0.13
30 56 3 11630 32516 0.13
31 57 3 11631 1183628 0.13
32 58 3 11632 1341997 0.13
33 59 3 11633 3823320 0.13
34 60 3 11634 13582751 0.13
35 61 3 11635 8461 0.13
36 62 3 11636 44108 0.13
37 63 3 11637 134259 0.13
38 0 3 11638 33823 0.13
39 1 3 11639 65339 0.13
40 2 3 11640 26747 0.13
41 3 3 11641 24791 0.13
42 4 3 11642 5776 0.13
43 5 3 11643 29021 0.13
44 6 3 11644 46829 0.13
45 7 3 11645 323019 0.13
46 8 3 11646 24827 0.13
47 9 3 11647 3959225 0.13
48 10 3 11648 11939 0.13
49 11 3 11649 35487 0.13
50 12 3 11650 161749 0.13
51 13 3 11651 32542 0.13
52 14 3 11652 1631213 0.13
53 15 3 11653 72676 0.13
54 16 3 11654 76474 0.13
55 17 3 11655 72790 0.13
56 18 3 11656 31708 0.13
57 19 3 11657 2142 0.13
58 20 3 11658 8230914 0.13
59 21 3 11659 74333 0.13
60 22 3 11660 9763330 0.13
61 23 3 11661 21514 0.13
62 24 3 11662 40579 0.13
63 25 3 11663 2537 0.13
0 27 3 11664 71898 0.13
1 28 3 11665 4470184 0.13
2 29 3 11666 634080 0.13
3 30 3 11667 66289 0.13
4 31 3 11668 91469 0.13
5 32 3 11669 3415170 0.13
6 33 3 11670 57137 0.13
7 34 3 11671 4473671 0.13
8 35 3 11672 1275080 0.13
9 36 3 11673 1638567 0.13
10 37 3 11674 43187 0.13
11 38 3 11675 50134 0.13
12 39 3 11676 149054 0.13
13 40 3 11677 18931 0.13
14 41 3 11678 119810 0.13
15 42 3 11679 4147 0.13
16 43 3 11680 74058 0.13
17 44 3 11681 1644041 0.13
18 45 3 11682 27972 0.13
19 46 3 11683 22727133 0.13
20 47 3 11684 843189 0.13
21 48 3 11685 7504 0.13
22 49 3 11686 13388543 0.13
23 50 3 11687 48780 0.13
24 51 3 11688 1948972 0.13
25 52 3 11689 37817 0.13
26 53 3 11690 7782040 0.13
27 54 3 11691 1549651 0.13
28 55 3 11692 19811 0.13
29 56 3 11693 75182 0.13
30 57 3 11694 73094 0.13
31 58 3 11695 2437 0.13
32 59 3 11696 8962 0.13
33 60 3 11697 36608 0.13
34 61 3 11698 67017 0.13
35 62 3 11699 63151 0.13
36 63 3 11700 250084 0.13
37 0 3 11701 76655 0.13
38 1 3 11702 35593 0.13
39 2 3 11703 304544 0.13
40 3 3 11704 12500 0.13
41 4 3 11705 23743825 0.13
42 5 3 11706 1393193 0.13
43 6 3 11707 29923 0.13
44 7 3 11708 37274 0.13
45 8 3 11709 2848681 0.13
46 9 3 11710 84011 0.13
47 10 3 11711 1087398 0.13
48 11 3 11712 29979 0.13
49 12 3 11713 2472464 0.13
50 13 3 11714 43671 0.13
51 14 3 11715 790451 0.13
52 15 3 11716 16598687 0.13
53 16 3 11717 172060 0.13
54 17 3 11718 1967548 0.13
55 18 3 11719 1253242 0.13
56 19 3 11720 904349 0.13
57 20 3 11721 2188 0.13
58 21 3 11722 67213 0.13
59 22 3 11723 9790764 0.13
60 23 3 11724 1829039 0.13
61 24 3 11725 1761620 0.13
62 25 3 11726 161658 0.13
63 26 3 11727 1214001 0.13
0 28 3 11728 171754 0.13
1 29 3 11729 14102 0.13
2 30 3 11730 432201 0.13
3 31 3 11731 357886 0.13
4 32 3 11732 3235013 0.13
5 33 3 11733 9822 0.13
6 34 3 11734 845815 0.13
7 35 3 11735 2254 0.13
8 36 3 11736 8443226 0.13
9 37 3 11737 6791 0.13
10 38 3 11738 2094 0.13
11 39 3 11739 32738 0.13
12 40 3 11740 10286 0.13
13 41 3 11741 924002 0.13
14 42 3 11742 52394 0.13
15 43 3 11743 1749723 0.13
16 44 3 11744 6465782 0.13
17 45 3 11745 4184531 0.13
18 46 3 11746 1358372 0.13
19 47 3 11747 3359 0.13
20 48 3 11748 9046 0.13
21 49 3 11749 20734 0.13
22 50 3 11750 35009 0.13
23 51 3 11751 697814 0.13
24 52 3 11752 78956 0.13
25 53 3 11753 32750 0.13
26 54 3 11754 14636 0.13
27 55 3 11755 5866011 0.13
28 56 3 11756 38465 0.13
29 57 3 11757 40857 0.13
30 58 3 11758 1719897 0.13
31 59 3 11759 1209245 0.13
32 60 3 11760 546472 0.13
33 61 3 11761 946506 0.13
34 62 3 11762 280612 0.13
35 63 3 11763 18452 0.13
36 0 3 11764 24651 0.13
37 1 3 11765 128148 0.13
38 2 3 11766 22486 0.13
39 3 3 11767 11940418 0.13
40 4 3 11768 29761 0.13
41 5 3 11769 28900 0.13
42 6 3 11770 20727 0.13
43 7 3 11771 1049882 0.13
44 8 3 11772 33408 0.13
45 9 3 11773 39760 0.13
46 10 3 11774 7407169 0.13
47 11 3 11775 1954053 0.13
48 12 3 11776 27345 0.13
49 13 3 11777 7749 0.13
50 14 3 11778 812977 0.13
51 15 3 11779 45938 0.13
52 16 3 11780 16773691 0.13
53 17 3 11781 2551323 0.13
54 18 3 11782 8900633 0.13
55 19 3 11783 2138475 0.13
56 20 3 11784 29045 0.13
57 21 3 11785 28763 0.13
58 22 3 11786 1141412 0.13
59 23 3 11787 39272 0.13
60 24 3 11788 59779 0.13
61 25 3 11789 25644 0.13
62 26 3 11790 68249 0.13
63 27 3 11791 20206 0.13
0 29 3 11792 94705 0.13
1 30 3 11793 7358852 0.13
2 31 3 11794 969370 0.13
3 32 3 11795 8981 0.13
4 33 3 11796 325416 0.13
5 34 3 11797 177423 0.13
6 35 3 11798 24245 0.13
7 36 3 11799 758671 0.13
8 37 3 11800 81785 0.13
9 38 3 11801 503556 0.13
10 39 3 11802 2674 0.13
11 40 3 11803 53069 0.13
12 41 3 11804 1173580 0.13
13 42 3 11805 6043 0.13
14 43 3 11806 1707660 0.13
15 44 3 11807 2025 0.13
16 45 3 11808 114890 0.13
17 46 3 11809 7078548 0.13
18 47 3 11810 51594 0.13
19 48 3 11811 7502292 0.13
20 49 3 11812 4351988 0.13
21 50 3 11813 67872 0.13
22 51 3 11814 19891 0.13
23 52 3 11815 9565288 0.13
24 53 3 11816 34233 0.13
25 54 3 11817 567183 0.13
26 55 3 11818 5566925 0.13
27 56 3 11819 5262 0.13
28 57 3 11820 155657 0.13
29 58 3 11821 88832 0.13
30 59 3 11822 1231176 0.13
31 60 3 11823 7619241 0.13
32 61 3 11824 5944980 0.13
33 62 3 11825 15012 0.13
34 63 3 11826 4467349 0.13
35 0 3 11827 15157 0.13
36 1 3 11828 6402486 0.13
37 2 3 11829 28114535 0.13
38 3 3 11830 49398 0.13
39 4 3 11831 72011 0.13
40 5 3 11832 7614910 0.13
41 6 3 11833 9437955 0.13
42 7 3 11834 6859978 0.13
43 8 3 11835 4302295 0.13
44 9 3 11836 2046 0.13
45 10 3 11837 145077 0.13
46 11 3 11838 6584 0.13
47 12 3 11839 18662592 0.13
48 13 3 11840 28456 0.13
49 14 3 11841 22732980 0.13
50 15 3 11842 102800 0.13
51 16 3 11843 71672 0.13
52 17 3 11844 7754321 0.13
53 18 3 11845 3531792 0.13
54 19 3 11846 65697 0.13
55 20 3 11847 18562 0.13
56 21 3 11848 7011 0.13
57 22 3 11849 12498 0.13
58 23 3 11850 63595 0.13
59 24 3 11851 25726 0.13
60 25 3 11852 17239 0.13
61 26 3 11853 1366178 0.13
62 27 3 11854 1907676 0.13
63 28 3 11855 144767 0.13
0 30 3 11856 1572827 0.13
1 31 3 11857 15098 0.13
2 32 3 11858 3684395 0.13
3 33 3 11859 4911282 0.13
4 34 3 11860 2809694 0.13
5 35 3 11861 76603 0.13
6 36 3 11862 5071 0.13
7 37 3 11863 754046 0.13
8 38 3 11864 16956 0.13
9 39 3 11865 9248 0.13
10 40 3 11866 34720 0.13
11 41 3 11867 24804 0.13
12 42 3 11868 26078 0.13
13 43 3 11869 23552 0.13
14 44 3 11870 1537566 0.13
15 45 3 11871 8859630 0.13
16 46 3 11872 30389 0.13
17 47 3 11873 1228825 0.13
18 48 3 11874 2057 0.13
19 49 3 11875 629466 0.13
20 50 3 11876 942148 0.13
21 51 3 11877 3348 0.13
22 52 3 11878 7457 0.13
23 53 3 11879 31361 0.13
24 54 3 11880 51249 0.13
25 55 3 11881 73658 0.13
26 56 3 11882 4853551 0.13
27 57 3 11883 1035570 0.13
28 58 3 11884 32195 0.13
29 59 3 11885 7393 0.13
30 60 3 11886 6152170 0.13
31 61 3 11887 29503 0.13
32 62 3 11888 317003 0.13
33 63 3 11889 21912 0.13
34 0 3 11890 8685 0.13
35 1 3 11891 10637 0.13
36 2 3 11892 1477348 0.13
37 3 3 11893 245911 0.13
38 4 3 11894 53656 0.13
39 5 3 11895 112973 0.13
40 6 3 11896 66344 0.13
41 7 3 11897 92887 0.13
42 8 3 11898 712755 0.13
43 9 3 11899 21841 0.13
44 10 3 11900 24746 0.13
45 11 3 11901 1547395 0.13
46 12 3 11902 4194051 0.13
47 13 3 11903 4730 0.13
48 14 3 11904 60787 0.13
49 15 3 11905 1037661 0.13
50 16 3 11906 4467 0.13
51 17 3 11907 138574 0.13
52 18 3 11908 3323 0.13
53 19 3 11909 110255 0.13
54 20 3 11910 74343 0.13
55 21 3 11911 153202 0.13
56 22 3 11912 9988 0.13
57 23 3 11913 35623 0.13
58 24 3 11914 77771 0.13
59 25 3 11915 7299 0.13
60 26 3 11916 20540 0.13
61 27 3 11917 171110 0.13
62 28 3 11918 5365 0.13
63 29 3 11919 75471 0.13
0 31 3 11920 2260762 0.13
1 32 3 11921 62330 0.13
2 33 3 11922 76134 0.13
3 34 3 11923 63107 0.13
4 35 3 11924 3041 0.13
5 36 3 11925 64394 0.13
6 37 3 11926 2207460 0.13
7 38 3 11927 1232800 0.13
8 39 3 11928 49189 0.13
9 40 3 11929 2493596 0.13
10 41 3 11930 1458044 0.13
11 42 3 11931 162819 0.13
12 43 3 11932 2437 0.13
13 44 3 11933 38905 0.13
14 45 3 11934 3463 0.13
15 46 3 11935 26082440 0.13
16 47 3 11936 7470199 0.13
17 48 3 11937 3831 0.13
18 49 3 11938 7412540 0.13
19 50 3 11939 2256 0.13
20 51 3 11940 52046 0.13
21 52 3 11941 1689720 0.13
22 53 3 11942 1658276 0.13
23 54 3 11943 15555523 0.13
24 55 3 11944 567046 0.13
25 56 3 11945 54698 0.13
26 57 3 11946 25237732 0.13
27 58 3 11947 46495 0.13
28 59 3 11948 4088608 0.13
29 60 3 11949 5483379 0.13
30 61 3 11950 45129 0.13
31 62 3 11951 861842 0.13
32 63 3 11952 694340 0.13
33 0 3 11953 95943 0.13
34 1 3 11954 628272 0.13
35 2 3 11955 39553 0.13
36 3 3 11956 15694 0.13
37 4 3 11957 92443 0.13
38 5 3 11958 79732 0.13
39 6 3 11959 1278581 0.13
40 7 3 11960 22269 0.13
41 8 3 11961 2017 0.13
42 9 3 11962 2136 0.13
43 10 3 11963 29836 0.13
44 11 3 11964 787998 0.13
45 12 3 11965 104763 0.13
46 13 3 11966 83314 0.13
47 14 3 11967 2700813 0.13
48 15 3 11968 24751 0.13
49 16 3 11969 39231 0.13
50 17 3 11970 27564 0.13
51 18 3 11971 7672168 0.13
52 19 3 11972 1250239 0.13
53 20 3 11973 7027 0.13
54 21 3 11974 2284345 0.13
55 22 3 11975 54440 0.13
56 23 3 11976 1660534 0.13
57 24 3 11977 4512698 0.13
58 25 3 11978 2078 0.13
59 26 3 11979 20608 0.13
60 27 3 11980 6071 0.13
61 28 3 11981 2281 0.13
62 29 3 11982 196202 0.13
63 30 3 11983 1032862 0.13
0 32 3 11984 2482 0.13
1 33 3 11985 1405410 0.13
2 34 3 11986 50522 0.13
3 35 3 11987 23433 0.13
4 36 3 11988 21726 0.13
5 37 3 11989 3911907 0.13
6 38 3 11990 2951 0.13
7 39 3 11991 73975 0.13
8 40 3 11992 28926 0.13
9 41 3 11993 2473587 0.13
10 42 3 11994 1315174 0.13
11 43 3 11995 33780 0.13
12 44 3 11996 196430 0.13
13 45 3 11997 780255 0.13
14 46 3 11998 34133 0.13
15 47 3 11999 30352 0.13
16 48 3 12000 9460 0.13
17 49 3 12001 681699 0.13
18 50 3 12002 22104 0.13
19 51 3 12003 30100 0.13
20 52 3 12004 3267 0.13
21 53 3 12005 8465732 0.13
22 54 3 12006 4391416 0.13
23 55 3 12007 5826976 0.13
24 56 3 12008 407945 0.13
25 57 3 12009 56277 0.13
26 58 3 12010 72066 0.13
27 59 3 12011 11526823 0.13
28 60 3 12012 7970457 0.13
29 61 3 12013 770740 0.13
30 62 3 12014 1858045 0.13
31 63 3 12015 33746 0.13
32 0 3 12016 53767 0.13
33 1 3 12017 9937 0.13
34 2 3 12018 45292 0.13
35 3 3 12019 1544160 0.13
36 4 3 12020 66965 0.13
37 5 3 12021 3480227 0.13
38 6 3 12022 30147 0.13
39 7 3 12023 1075767 0.13
40 8 3 12024 2173284 0.13
41 9 3 12025 6052940 0.13
42 10 3 12026 135518 0.13
43 11 3 12027 9841870 0.13
44 12 3 12028 126777 0.13
45 13 3 12029 8727 0.13
46 14 3 12030 24285 0.13
47 15 3 12031 20333 0.13
48 16 3 12032 573646 0.13
49 17 3 12033 6587578 0.13
50 18 3 12034 3414001 0.13
51 19 3 12035 5472 0.13
52 20 3 12036 1245847 0.13
53 21 3 12037 18096 0.13
54 22 3 12038 26846 0.13
55 23 3 12039 789375 0.13
56 24 3 12040 223376 0.13
57 25 3 12041 4208613 0.13
58 26 3 12042 17632 0.13
59 27 3 12043 1616964 0.13
60 28 3 12044 1243052 0.13
61 29 3 12045 129457 0.13
62 30 3 12046 68321 0.13
63 31 3 12047 4084215 0.13
0 33 3 12048 36592 0.13
1 34 3 12049 9072840 0.13
2 35 3 12050 2076 0.13
3 36 3 12051 7654268 0.13
4 37 3 12052 9434111 0.13
5 38 3 12053 7385 0.13
6 39 3 12054 29714671 0.13
7 40 3 12055 68212 0.13
8 41 3 12056 24259 0.13
9 42 3 12057 235212 0.13
10 43 3 12058 20451 0.13
11 44 3 12059 6080461 0.13
12 45 3 12060 117850 0.13
13 46 3 12061 1755138 0.13
14 47 3 12062 46132 0.13
15 48 3 12063 86257 0.13
16 49 3 12064 41851 0.13
17 50 3 12065 26156 0.13
18 51 3 12066 76034 0.13
19 52 3 12067 72448 0.13
20 53 3 12068 5902 0.13
21 54 3 12069 17545637 0.13
22 55 3 12070 66036 0.13
23 56 3 12071 3191935 0.13
24 57 3 12072 6023607 0.13
25 58 3 12073 44140 0.13
26 59 3 12074 53214 0.13
27 60 3 12075 135756 0.13
28 61 3 12076 22127 0.13
29 62 3 12077 9673 0.13
30 63 3 12078 26077 0.13
31 0 3 12079 7482732 0.13
32 1 3 12080 164245 0.13
33 2 3 12081 54056 0.13
34 3 3 12082 10482 0.13
35 4 3 12083 35973 0.13
36 5 3 12084 45967 0.13
37 6 3 12085 3000881 0.13
38 7 3 12086 72915 0.13
39 8 3 12087 636863 0.13
40 9 3 12088 878772 0.13
41 10 3 12089 25732 0.13
42 11 3 12090 2647758 0.13
43 12 3 12091 9750590 0.13
44 13 3 12092 533555 0.13
45 14 3 12093 70906 0.13
46 15 3 12094 13646 0.13
47 16 3 12095 1949755 0.13
48 17 3 12096 13853 0.13
49 18 3 12097 1203135 0.13
50 19 3 12098 70380 0.13
51 20 3 12099 6207099 0.13
52 21 3 12100 100806 0.13
53 22 3 12101 534475 0.13
54 23 3 12102 3111 0.13
55 24 3 12103 2284 0.13
56 25 3 12104 3400921 0.13
57 26 3 12105 8227722 0.13
58 27 3 12106 745724 0.13
59 28 3 12107 1643388 0.13
60 29 3 12108 52859 0.13
61 30 3 12109 3276341 0.13
62 31 3 12110 23143 0.13
63 32 3 12111 1071695 0.13
0 34 3 12112 2045 0.13
1 35 3 12113 74399 0.13
2 36 3 12114 44640 0.13
3 37 3 12115 342681 0.13
4 38 3 12116 734037 0.13
5 39 3 12117 332154 0.13
6 40 3 12118 69200 0.13
7 41 3 12119 70274 0.13
8 42 3 12120 2033 0.13
9 43 3 12121 117103 0.13
10 44 3 12122 2059 0.13
11 45 3 12123 79865 0.13
12 46 3 12124 27474 0.13
13 47 3 12125 14986232 0.13
14 48 3 12126 2085 0.13
15 49 3 12127 2394716 0.13
16 50 3 12128 792263 0.13
17 51 3 12129 2185030 0.13
18 52 3 12130 5698097 0.13
19 53 3 12131 6561 0.13
20 54 3 12132 5741 0.13
21 55 3 12133 9911 0.13
22 56 3 12134 18386 0.13
23 57 3 12135 79182 0.13
24 58 3 12136 2456431 0.13
25 59 3 12137 26732 0.13
26 60 3 12138 49379 0.13
27 61 3 12139 44610 0.13
28 62 3 12140 51390 0.13
29 63 3 12141 140003 0.13
30 0 3 12142 23488687 0.13
31 1 3 12143 22585 0.13
32 2 3 12144 872333 0.13
33 3 3 12145 3436013 0.13
34 4 3 12146 629885 0.13
35 5 3 12147 3746574 0.13
36 6 3 12148 1595858 0.13
37 7 3 12149 5545 0.13
38 8 3 12150 45852 0.13
39 9 3 12151 118916 0.13
40 10 3 12152 2928 0.13
41 11 3 12153 2047 0.13
42 12 3 12154 14276 0.13
43 13 3 12155 73044 0.13
44 14 3 12156 57825 0.13
45 15 3 12157 1843763 0.13
46 16 3 12158 141468 0.13
47 17 3 12159 3738809 0.13
48 18 3 12160 5675 0.13
49 19 3 12161 79575 0.13
50 20 3 12162 2400 0.13
51 21 3 12163 21141 0.13
52 22 3 12164 4043506 0.13
53 23 3 12165 4626629 0.13
54 24 3 12166 67423 0.13
55 25 3 12167 2454 0.13
56 26 3 12168 4204 0.13
57 27 3 12169 6827486 0.13
58 28 3 12170 4979349 0.13
59 29 3 12171 137445 0.13
60 30 3 12172 2272 0.13
61 31 3 12173 7054740 0.13
62 32 3 12174 32896 0.13
63 33 3 12175 9390656 0.13
0 35 3 12176 177776 0.13
1 36 3 12177 1522544 0.13
2 37 3 12178 1127113 0.13
3 38 3 12179 49659 0.13
4 39 3 12180 4385 0.13
5 40 3 12181 12490 0.13
6 41 3 12182 24047 0.13
7 42 3 12183 3039516 0.13
8 43 3 12184 47831 0.13
9 44 3 12185 4895773 0.13
10 45 3 12186 36345 0.13
11 46 3 12187 1556092 0.13
12 47 3 12188 9196 0.13
13 48 3 12189 22318638 0.13
14 49 3 12190 1241635 0.13
15 50 3 12191 73259 0.13
16 51 3 12192 12882218 0.13
17 52 3 12193 2758 0.13
18 53 3 12194 58558 0.13
19 54 3 12195 3160239 0.13
20 55 3 12196 38118 0.13
21 56 3 12197 1690056 0.13
22 57 3 12198 8918456 0.13
23 58 3 12199 49340 0.13
24 59 3 12200 1735549 0.13
25 60 3 12201 2228 0.13
26 61 3 12202 27332 0.13
27 62 3 12203 25057252 0.13
28 63 3 12204 70908 0.13
29 0 3 12205 41162 0.13
30 1 3 12206 7938774 0.13
31 2 3 12207 57349 0.13
32 3 3 12208 837558 0.13
33 4 3 12209 685375 0.13
34 5 3 12210 4998 0.13
35 6 3 12211 348927 0.13
36 7 3 12212 1980551 0.13
37 8 3 12213 1131085 0.13
38 9 3 12214 4742 0.13
39 10 3 12215 10844 0.13
40 11 3 12216 1116771 0.13
41 12 3 12217 471207 0.13
42 13 3 12218 1396552 0.13
43 14 3 12219 33335 0.13
44 15 3 12220 6524 0.13
45 16 3 12221 2025 0.13
46 17 3 12222 31653 0.13
47 18 3 12223 41983 0.13
48 19 3 12224 26976 0.13
49 20 3 12225 8600 0.13
50 21 3 12226 17478 0.13
51 22 3 12227 61271 0.13
52 23 3 12228 122411 0.13
53 24 3 12229 51856 0.13
54 25 3 12230 2183 0.13
55 26 3 12231 40782 0.13
56 27 3 12232 5514 0.13
57 28 3 12233 196646 0.13
58 29 3 12234 34886 0.13
59 30 3 12235 47047 0.13
60 31 3 12236 29184 0.13
61 32 3 12237 47559 0.13
62 33 3 12238 4928 0.13
63 34 3 12239 5081146 0.13
0 36 3 12240 5371969 0.13
1 37 3 12241 15448709 0.13
2 38 3 12242 151932 0.13
3 39 3 12243 13916 0.13
4 40 3 12244 46146 0.13
5 41 3 12245 9107 0.13
6 42 3 12246 30226 0.13
7 43 3 12247 71490 0.13
8 44 3 12248 3428 0.13
9 45 3 12249 58002 0.13
10 46 3 12250 54869 0.13
11 47 3 12251 69437 0.13
12 48 3 12252 4384 0.13
13 49 3 12253 25169 0.13
14 50 3 12254 24659 0.13
15 51 3 12255 400269 0.13
16 52 3 12256 189382 0.13
17 53 3 12257 19109 0.13
18 54 3 12258 6557 0.13
19 55 3 12259 30931 0.13
20 56 3 12260 8487390 0.13
21 57 3 12261 36443 0.13
22 58 3 12262 361537 0.13
23 59 3 12263 2122293 0.13
24 60 3 12264 35908 0.13
25 61 3 12265 36947 0.13
26 62 3 12266 2464264 0.13
27 63 3 12267 3785254 0.13
28 0 3 12268 12816917 0.13
29 1 3 12269 8889 0.13
30 2 3 12270 34133 0.13
31 3 3 12271 8377065 0.13
32 4 3 12272 20085 0.13
33 5 3 12273 32836 0.13
34 6 3 12274 9612473 0.13
35 7 3 12275 9908944 0.13
36 8 3 12276 29144 0.13
37 9 3 12277 959662 0.13
38 10 3 12278 71001 0.13
39 11 3 12279 158650 0.13
40 12 3 12280 24242 0.13
41 13 3 12281 45211 0.13
42 14 3 12282 2494835 0.13
43 15 3 12283 48587 0.13
44 16 3 12284 7111 0.13
45 17 3 12285 138029 0.13
46 18 3 12286 186674 0.13
47 19 3 12287 106792 0.13
48 20 3 12288 853701 0.13
49 21 3 12289 114455 0.13
50 22 3 12290 8786043 0.13
51 23 3 12291 64220 0.13
52 24 3 12292 1083670 0.13
53 25 3 12293 58874 0.13
54 26 3 12294 29133 0.13
55 27 3 12295 942682 0.13
56 28 3 12296 2568967 0.13
57 29 3 12297 1956568 0.13
58 30 3 12298 52109 0.13
59 31 3 12299 72916 0.13
60 32 3 12300 466688 0.13
61 33 3 12301 24202 0.13
62 34 3 12302 669303 0.13
63 35 3 12303 1152363 0.13
0 37 3 12304 1890767 0.13
1 38 3 12305 4177 0.13
2 39 3 12306 23800409 0.13
3 40 3 12307 68284 0.13
4 41 3 12308 50185 0.13
5 42 3 12309 74602 0.13
6 43 3 12310 6456584 0.13
7 44 3 12311 933670 0.13
8 45 3 12312 103391 0.13
9 46 3 12313 1907209 0.13
10 47 3 12314 41905 0.13
11 48 3 12315 4865045 0.13
12 49 3 12316 91838 0.13
13 50 3 12317 505442 0.13
14 51 3 12318 4948 0.13
15 52 3 12319 1689540 0.13
16 53 3 12320 660813 0.13
17 54 3 12321 41001 0.13
18 55 3 12322 575998 0.13
19 56 3 12323 2423 0.13
20 57 3 12324 19072137 0.13
21 58 3 12325 819775 0.13
22 59 3 12326 49923 0.13
23 60 3 12327 1526827 0.13
24 61 3 12328 9694055 0.13
25 62 3 12329 57028 0.13
26 63 3 12330 2052 0.13
27 0 3 12331 25873 0.13
28 1 3 12332 75540 0.13
29 2 3 12333 77414 0.13
30 3 3 12334 166602 0.13
31 4 3 12335 157546 0.13
32 5 3 12336 60564 0.13
33 6 3 12337 48226 0.13
34 7 3 12338 1723422 0.13
35 8 3 12339 180439 0.13
36 9 3 12340 73184 0.13
37 10 3 12341 38993 0.13
38 11 3 12342 2160 0.13
39 12 3 12343 6363 0.13
40 13 3 12344 53686 0.13
41 14 3 12345 9409133 0.13
42 15 3 12346 7285 0.13
43 16 3 12347 7905439 0.13
44 17 3 12348 9334 0.13
45 18 3 12349 32378 0.13
46 19 3 12350 62769 0.13
47 20 3 12351 20686 0.13
48 21 3 12352 69136 0.13
49 22 3 12353 67575 0.13
50 23 3 12354 58807 0.13
51 24 3 12355 974106 0.13
52 25 3 12356 33781 0.13
53 26 3 12357 30052 0.13
54 27 3 12358 2305578 0.13
55 28 3 12359 7206 0.13
56 29 3 12360 3475400 0.13
57 30 3 12361 583759 0.13
58 31 3 12362 817114 0.13
59 32 3 12363 12870 0.13
60 33 3 12364 19266980 0.13
61 34 3 12365 24391 0.13
62 35 3 12366 14890 0.13
63 36 3 12367 12027 0.13
0 38 3 12368 131169 0.13
1 39 3 12369 9175901 0.13
2 40 3 12370 23185 0.13
3 41 3 12371 51164 0.13
4 42 3 12372 16890 0.13
5 43 3 12373 523831 0.13
6 44 3 12374 57415 0.13
7 45 3 12375 2222 0.13
8 46 3 12376 312855 0.13
9 47 3 12377 19464 0.13
10 48 3 12378 186633 0.13
11 49 3 12379 47767 0.13
12 50 3 12380 1047356 0.13
13 51 3 12381 20578 0.13
14 52 3 12382 1523254 0.13
15 53 3 12383 2261893 0.13
16 54 3 12384 3379 0.13
17 55 3 12385 6140 0.13
18 56 3 12386 4159379 0.13
19 57 3 12387 17391 0.13
20 58 3 12388 35196 0.13
21 59 3 12389 63280 0.13
22 60 3 12390 26235 0.13
23 61 3 12391 3879096 0.13
24 62 3 12392 79472 0.13
25 63 3 12393 512868 0.13
26 0 3 12394 194807 0.13
27 1 3 12395 290467 0.13
28 2 3 12396 177722 0.13
29 3 3 12397 39584 0.13
30 4 3 12398 3365534 0.13
31 5 3 12399 338901 0.13
32 6 3 12400 2412147 0.13
33 7 3 12401 1059883 0.13
34 8 3 12402 29744 0.13
35 9 3 12403 315876 0.13
36 10 3 12404 4932 0.13
37 11 3 12405 8715 0.13
38 12 3 12406 7428 0.13
39 13 3 12407 31076 0.13
40 14 3 12408 16608 0.13
41 15 3 12409 947492 0.13
42 16 3 12410 75574 0.13
43 17 3 12411 54209 0.13
44 18 3 12412 9029 0.13
45 19 3 12413 46741 0.13
46 20 3 12414 17150 0.13
47 21 3 12415 484013 0.13
48 22 3 12416 947463 0.13
49 23 3 12417 562080 0.13
50 24 3 12418 29933035 0.13
51 25 3 12419 122707 0.13
52 26 3 12420 70686 0.13
53 27 3 12421 9223 0.13
54 28 3 12422 32916 0.13
55 29 3 12423 61769 0.13
56 30 3 12424 2752 0.13
57 31 3 12425 41807 0.13
58 32 3 12426 2047 0.13
59 33 3 12427 8922 0.13
60 34 3 12428 2456478 0.13
61 35 3 12429 9559220 0.13
62 36 3 12430 74331 0.13
63 37 3 12431 71916 0.13
0 39 3 12432 877573 0.13
1 40 3 12433 53607 0.13
2 41 3 12434 3196754 0.13
3 42 3 12435 70469 0.13
4 43 3 12436 4786 0.13
5 44 3 12437 2244 0.13
6 45 3 12438 1610566 0.13
7 46 3 12439 29208 0.13
8 47 3 12440 27485 0.13
9 48 3 12441 93043 0.13
10 49 3 12442 13641 0.13
11 50 3 12443 63228 0.13
12 51 3 12444 1425182 0.13
13 52 3 12445 1659195 0.13
14 53 3 12446 113816 0.13
15 54 3 12447 7056 0.13
16 55 3 12448 7136 0.13
17 56 3 12449 1751130 0.13
18 57 3 12450 2698484 0.13
19 58 3 12451 43372 0.13
20 59 3 12452 2678327 0.13
21 60 3 12453 2388 0.13
22 61 3 12454 1189802 0.13
23 62 3 12455 108034 0.13
24 63 3 12456 23183818 0.13
25 0 3 12457 6193 0.13
26 1 3 12458 2902121 0.13
27 2 3 12459 1513454 0.13
28 3 3 12460 29770 0.13
29 4 3 12461 29541779 0.13
30 5 3 12462 61476 0.13
31 6 3 12463 39715 0.13
32 7 3 12464 2501857 0.13
33 8 3 12465 59016 0.13
34 9 3 12466 25971789 0.13
35 10 3 12467 1756316 0.13
36 11 3 12468 23694 0.13
37 12 3 12469 2321081 0.13
38 13 3 12470 179298 0.13
39 14 3 12471 40126 0.13
40 15 3 12472 1107539 0.13
41 16 3 12473 462165 0.13
42 17 3 12474 13196 0.13
43 18 3 12475 9138 0.13
44 19 3 12476 20661 0.13
45 20 3 12477 20694 0.13
46 21 3 12478 3155 0.13
47 22 3 12479 40163 0.13
48 23 3 12480 28108 0.13
49 24 3 12481 95031 0.13
50 25 3 12482 34730 0.13
51 26 3 12483 1040537 0.13
52 27 3 12484 28933 0.13
53 28 3 12485 26734 0.13
54 29 3 12486 3740505 0.13
55 30 3 12487 20325534 0.13
56 31 3 12488 834394 0.13
57 32 3 12489 5665 0.13
58 33 3 12490 9483713 0.13
59 34 3 12491 1856910 0.13
60 35 3 12492 6340622 0.13
61 36 3 12493 24990817 0.13
62 37 3 12494 4011427 0.13
63 38 3 12495 8151 0.13
0 40 3 12496 3982363 0.13
1 41 3 12497 24967 0.13
2 42 3 12498 1113948 0.13
3 43 3 12499 2854454 0.13
4 44 3 12500 1614735 0.13
5 45 3 12501 809876 0.13
6 46 3 12502 70644 0.13
7 47 3 12503 161300 0.13
8 48 3 12504 26871 0.13
9 49 3 12505 53282 0.13
10 50 3 12506 61998 0.13
11 51 3 12507 469022 0.13
12 52 3 12508 4403752 0.13
13 53 3 12509 5516 0.13
14 54 3 12510 76680 0.13
15 55 3 12511 27822 0.13
16 56 3 12512 7595436 0.13
17 57 3 12513 43814 0.13
18 58 3 12514 8589577 0.13
19 59 3 12515 35457 0.13
20 60 3 12516 2012 0.13
21 61 3 12517 1741352 0.13
22 62 3 12518 1327240 0.13
23 63 3 12519 1309319 0.13
24 0 3 12520 63488 0.13
25 1 3 12521 713150 0.13
26 2 3 12522 41644 0.13
27 3 3 12523 3433 0.13
28 4 3 12524 87584 0.13
29 5 3 12525 21782 0.13
30 6 3 12526 56840 0.13
31 7 3 12527 21185 0.13
32 8 3 12528 26853 0.13
33 9 3 12529 2850308 0.13
34 10 3 12530 37551 0.13
35 11 3 12531 162171 0.13
36 12 3 12532 141957 0.13
37 13 3 12533 69693 0.13
38 14 3 12534 38747 0.13
39 15 3 12535 860415 0.13
40 16 3 12536 2478 0.13
41 17 3 12537 5970 0.13
42 18 3 12538 1838897 0.13
43 19 3 12539 63749 0.13
44 20 3 12540 7938 0.13
45 21 3 12541 3729547 0.13
46 22 3 12542 59527 0.13
47 23 3 12543 2003 0.13
48 24 3 12544 9145126 0.13
49 25 3 12545 20231 0.13
50 26 3 12546 908735 0.13
51 27 3 12547 8553 0.13
52 28 3 12548 599977 0.13
53 29 3 12549 11795 0.13
54 30 3 12550 7337540 0.13
55 31 3 12551 27401 0.13
56 32 3 12552 636703 0.13
57 33 3 12553 25038 0.13
58 34 3 12554 44368 0.13
59 35 3 12555 5271447 0.13
60 36 3 12556 13105 0.13
61 37 3 12557 49268 0.13
62 38 3 12558 31101 0.13
63 39 3 12559 995530 0.13
0 41 3 12560 23414 0.13
1 42 3 12561 643881 0.13
2 43 3 12562 1036980 0.13
3 44 3 12563 2005 0.13
4 45 3 12564 67724 0.13
5 46 3 12565 8615 0.13
6 47 3 12566 22619 0.13
7 48 3 12567 839861 0.13
8 49 3 12568 2046 0.13
9 50 3 12569 964776 0.13
10 51 3 12570 2513270 0.13
11 52 3 12571 22103272 0.13
12 53 3 12572 55149 0.13
13 54 3 12573 8574 0.13
14 55 3 12574 3957 0.13
15 56 3 12575 46613 0.13
16 57 3 12576 1307633 0.13
17 58 3 12577 6194 0.13
18 59 3 12578 32670 0.13
19 60 3 12579 4429669 0.13
20 61 3 12580 8970 0.13
21 62 3 12581 1734604 0.13
22 63 3 12582 1531578 0.13
23 0 3 12583 8651 0.13
24 1 3 12584 25293436 0.13
25 2 3 12585 9428 0.13
26 3 3 12586 80871 0.13
27 4 3 12587 2042 0.13
28 5 3 12588 600161 0.13
29 6 3 12589 59253 0.13
30 7 3 12590 1224320 0.13
31 8 3 12591 424640 0.13
32 9 3 12592 10274 0.13
33 10 3 12593 52702 0.13
34 11 3 12594 892529 0.13
35 12 3 12595 3798875 0.13
36 13 3 12596 5068 0.13
37 14 3 12597 6037 0.13
38 15 3 12598 1524456 0.13
39 16 3 12599 182126 0.13
40 17 3 12600 46806 0.13
41 18 3 12601 9517765 0.13
42 19 3 12602 32900 0.13
43 20 3 12603 9186 0.13
44 21 3 12604 27696 0.13
45 22 3 12605 4897 0.13
46 23 3 12606 120108 0.13
47 24 3 12607 200062 0.13
48 25 3 12608 260744 0.13
49 26 3 12609 1789696 0.13
50 27 3 12610 923808 0.13
51 28 3 12611 3436763 0.13
52 29 3 12612 667242 0.13
53 30 3 12613 30329 0.13
54 31 3 12614 77172 0.13
55 32 3 12615 75274 0.13
56 33 3 12616 1478436 0.13
57 34 3 12617 29554 0.13
58 35 3 12618 2819 0.13
59 36 3 12619 4937376 0.13
60 37 3 12620 8905107 0.13
61 38 3 12621 71897 0.13
62 39 3 12622 7019 0.13
63 40 3 12623 72980 0.13
0 42 3 12624 189593 0.13
1 43 3 12625 79604 0.13
2 44 3 12626 15131298 0.13
3 45 3 12627 21255021 0.13
4 46 3 12628 7423171 0.13
5 47 3 12629 8558 0.13
6 48 3 12630 3824420 0.13
7 49 3 12631 145794 0.13
8 50 3 12632 43082 0.13
9 51 3 12633 863536 0.13
10 52 3 12634 1627259 0.13
11 53 3 12635 8889498 0.13
12 54 3 12636 1703670 0.13
13 55 3 12637 2083 0.13
14 56 3 12638 3727 0.13
15 57 3 12639 26218 0.13
16 58 3 12640 2364 0.13
17 59 3 12641 3232 0.13
18 60 3 12642 1892899 0.13
19 61 3 12643 74602 0.13
20 62 3 12644 428565 0.13
21 63 3 12645 73318 0.13
22 0 3 12646 53561 0.13
23 1 3 12647 1018106 0.13
24 2 3 12648 4769 0.13
25 3 3 12649 91253 0.13
26 4 3 12650 328376 0.13
27 5 3 12651 27746 0.13
28 6 3 12652 31981 0.13
29 7 3 12653 75685 0.13
30 8 3 12654 20319 0.13
31 9 3 12655 2241802 0.13
32 10 3 12656 90954 0.13
33 11 3 12657 48146 0.13
34 12 3 12658 474353 0.13
35 13 3 12659 3035794 0.13
36 14 3 12660 848445 0.13
37 15 3 12661 3628 0.13
38 16 3 12662 989407 0.13
39 17 3 12663 1299583 0.13
40 18 3 12664 3394043 0.13
41 19 3 12665 3053 0.13
42 20 3 12666 5034 0.13
43 21 3 12667 57957 0.13
44 22 3 12668 62316 0.13
45 23 3 12669 270659 0.13
46 24 3 12670 31858 0.13
47 25 3 12671 1416935 0.13
48 26 3 12672 1406581 0.13
49 27 3 12673 7555 0.13
50 28 3 12674 1079006 0.13
51 29 3 12675 1014996 0.13
52 30 3 12676 12766 0.13
53 31 3 12677 8786871 0.13
54 32 3 12678 78385 0.13
55 33 3 12679 1829871 0.13
56 34 3 12680 1207655 0.13
57 35 3 12681 13392 0.13
58 36 3 12682 8154 0.13
59 37 3 12683 1811239 0.13
60 38 3 12684 26876 0.13
61 39 3 12685 4592442 0.13
62 40 3 12686 1714302 0.13
63 41 3 12687 2224 0.13
0 43 3 12688 2213235 0.13
1 44 3 12689 27198 0.13
2 45 3 12690 3471 0.13
3 46 3 12691 1123232 0.13
4 47 3 12692 159974 0.13
5 48 3 12693 4394 0.13
6 49 3 12694 62737 0.13
7 50 3 12695 42024 0.13
8 51 3 12696 72986 0.13
9 52 3 12697 143233 0.13
10 53 3 12698 43537 0.13
11 54 3 12699 25511 0.13
12 55 3 12700 6232 0.13
13 56 3 12701 155278 0.13
14 57 3 12702 1227783 0.13
15 58 3 12703 22840 0.13
16 59 3 12704 75113 0.13
17 60 3 12705 2420 0.13
18 61 3 12706 3887854 0.13
19 62 3 12707 24455 0.13
20 63 3 12708 66561 0.13
21 0 3 12709 46595 0.13
22 1 3 12710 10016 0.13
23 2 3 12711 7225719 0.13
24 3 3 12712 3724555 0.13
25 4 3 12713 119196 0.13
26 5 3 12714 5996262 0.13
27 6 3 12715 1406658 0.13
28 7 3 12716 54469 0.13
29 8 3 12717 34360 0.13
30 9 3 12718 53751 0.13
31 10 3 12719 1202879 0.13
32 11 3 12720 27125 0.13
33 12 3 12721 4452 0.13
34 13 3 12722 44561 0.13
35 14 3 12723 73547 0.13
36 15 3 12724 5138643 0.13
37 16 3 12725 15868 0.13
38 17 3 12726 2130140 0.13
39 18 3 12727 17609242 0.13
40 19 3 12728 8862814 0.13
41 20 3 12729 3824 0.13
42 21 3 12730 65021 0.13
43 22 3 12731 28230 0.13
44 23 3 12732 3345395 0.13
45 24 3 12733 35460 0.13
46 25 3 12734 119585 0.13
47 26 3 12735 2039 0.13
48 27 3 12736 20067 0.13
49 28 3 12737 137954 0.13
50 29 3 12738 30781 0.13
51 30 3 12739 381740 0.13
52 31 3 12740 64752 0.13
53 32 3 12741 185755 0.13
54 33 3 12742 71544 0.13
55 34 3 12743 1726132 0.13
56 35 3 12744 19084 0.13
57 36 3 12745 5031664 0.13
58 37 3 12746 1604822 0.13
59 38 3 12747 24512 0.13
60 39 3 12748 2031 0.13
61 40 3 12749 52316 0.13
62 41 3 12750 23299 0.13
63 42 3 12751 39284 0.13
0 44 3 12752 3187220 0.13
1 45 3 12753 4315958 0.13
2 46 3 12754 8642161 0.13
3 47 3 12755 2007 0.13
4 48 3 12756 658430 0.13
5 49 3 12757 3470179 0.13
6 50 3 12758 1272150 0.13
7 51 3 12759 6315 0.13
8 52 3 12760 79957 0.13
9 53 3 12761 23816 0.13
10 54 3 12762 71237 0.13
11 55 3 12763 3192 0.13
12 56 3 12764 27972846 0.13
13 57 3 12765 1116524 0.13
14 58 3 12766 5511 0.13
15 59 3 12767 6519600 0.13
16 60 3 12768 4918624 0.13
17 61 3 12769 77636 0.13
18 62 3 12770 1008469 0.13
19 63 3 12771 44498 0.13
20 0 3 12772 13036526 0.13
21 1 3 12773 4943 0.13
22 2 3 12774 5690 0.13
23 3 3 12775 8681 0.13
24 4 3 12776 2598886 0.13
25 5 3 12777 4238 0.13
26 6 3 12778 144835 0.13
27 7 3 12779 58072 0.13
28 8 3 12780 9587019 0.13
29 9 3 12781 23677 0.13
30 10 3 12782 26099 0.13
31 11 3 12783 33001 0.13
32 12 3 12784 2024504 0.13
33 13 3 12785 1007256 0.13
34 14 3 12786 1353528 0.13
35 15 3 12787 33611 0.13
36 16 3 12788 27195 0.13
37 17 3 12789 4228 0.13
38 18 3 12790 20271 0.13
39 19 3 12791 1799369 0.13
40 20 3 12792 173785 0.13
41 21 3 12793 11082 0.13
42 22 3 12794 12874 0.13
43 23 3 12795 65243 0.13
44 24 3 12796 51502 0.13
45 25 3 12797 90156 0.13
46 26 3 12798 9616765 0.13
47 27 3 12799 20763 0.13
48 28 3 12800 31661 0.13
49 29 3 12801 26500 0.13
50 30 3 12802 7593 0.13
51 31 3 12803 11523 0.13
52 32 3 12804 888438 0.13
53 33 3 12805 2791600 0.13
54 34 3 12806 975023 0.13
55 35 3 12807 2371 0.13
56 36 3 12808 3077742 0.13
57 37 3 12809 35558 0.13
58 38 3 12810 5384 0.13
59 39 3 12811 24821 0.13
60 40 3 12812 41148 0.13
61 41 3 12813 76183 0.13
62 42 3 12814 817467 0.13
63 43 3 12815 26016 0.13
0 45 3 12816 23784413 0.13
1 46 3 12817 2247 0.13
2 47 3 12818 51013 0.13
3 48 3 12819 62046 0.13
4 49 3 12820 1480784 0.13
5 50 3 12821 24985 0.13
6 51 3 12822 64317 0.13
7 52 3 12823 2116902 0.13
8 53 3 12824 9183 0.13
9 54 3 12825 2059 0.13
10 55 3 12826 2911169 0.13
11 56 3 12827 18378158 0.13
12 57 3 12828 8457 0.13
13 58 3 12829 2710202 0.13
14 59 3 12830 44447 0.13
15 60 3 12831 442380 0.13
16 61 3 12832 557480 0.13
17 62 3 12833 169697 0.13
18 63 3 12834 25882 0.13
19 0 3 12835 2382412 0.13
20 1 3 12836 2124 0.13
21 2 3 12837 3513 0.13
22 3 3 12838 5178291 0.13
23 4 3 12839 60022 0.13
24 5 3 12840 8303 0.13
25 6 3 12841 5362712 0.13
26 7 3 12842 2880685 0.13
27 8 3 12843 36309 0.13
28 9 3 12844 2402 0.13
29 10 3 12845 64075 0.13
30 11 3 12846 13597 0.13
31 12 3 12847 155230 0.13
32 13 3 12848 2650562 0.13
33 14 3 12849 48999 0.13
34 15 3 12850 2226 0.13
35 16 3 12851 865703 0.13
36 17 3 12852 14561 0.13
37 18 3 12853 21471 0.13
38 19 3 12854 17430 0.13
39 20 3 12855 27985 0.13
40 21 3 12856 4502713 0.13
41 22 3 12857 2295 0.13
42 23 3 12858 353412 0.13
43 24 3 12859 24578 0.13
44 25 3 12860 29510 0.13
45 26 3 12861 52767 0.13
46 27 3 12862 115466 0.13
47 28 3 12863 3268 0.13
48 29 3 12864 27977 0.13
49 30 3 12865 8978 0.13
50 31 3 12866 19891 0.13
51 32 3 12867 4539575 0.13
52 33 3 12868 79034 0.13
53 34 3 12869 446035 0.13
54 35 3 12870 2065042 0.13
55 36 3 12871 1948462 0.13
56 37 3 12872 22935743 0.13
57 38 3 12873 1819157 0.13
58 39 3 12874 41822 0.13
59 40 3 12875 104887 0.13
60 41 3 12876 69541 0.13
61 42 3 12877 5905501 0.13
62 43 3 12878 73629 0.13
63 44 3 12879 47676 0.13
0 46 3 12880 15963 0.13
1 47 3 12881 33775 0.13
2 48 3 12882 21902 0.13
3 49 3 12883 4872943 0.13
4 50 3 12884 1785382 0.13
5 51 3 12885 3101 0.13
6 52 3 12886 24354215 0.13
7 53 3 12887 79868 0.13
8 54 3 12888 1668421 0.13
9 55 3 12889 29737164 0.13
10 56 3 12890 12653241 0.13
11 57 3 12891 6010 0.13
12 58 3 12892 654915 0.13
13 59 3 12893 26652 0.13
14 60 3 12894 2488554 0.13
15 61 3 12895 6232820 0.13
16 62 3 12896 2913 0.13
17 63 3 12897 27594699 0.13
18 0 3 12898 21941 0.13
19 1 3 12899 3395152 0.13
20 2 3 12900 1973906 0.13
21 3 3 12901 40960 0.13
22 4 3 12902 3176667 0.13
23 5 3 12903 3356627 0.13
24 6 3 12904 15220 0.13
25 7 3 12905 187176 0.13
26 8 3 12906 2186306 0.13
27 9 3 12907 981012 0.13
28 10 3 12908 5998571 0.13
29 11 3 12909 2209 0.13
30 12 3 12910 1005608 0.13
31 13 3 12911 8397052 0.13
32 14 3 12912 137611 0.13
33 15 3 12913 136758 0.13
34 16 3 12914 17646 0.13
35 17 3 12915 22004140 0.13
36 18 3 12916 4448790 0.13
37 19 3 12917 71283 0.13
38 20 3 12918 31810 0.13
39 21 3 12919 70869 0.13
40 22 3 12920 5318 0.13
41 23 3 12921 23262 0.13
42 24 3 12922 21880 0.13
43 25 3 12923 79180 0.13
44 26 3 12924 2003 0.13
45 27 3 12925 6278298 0.13
46 28 3 12926 20146 0.13
47 29 3 12927 8439 0.13
48 30 3 12928 1169376 0.13
49 31 3 12929 6341484 0.13
50 32 3 12930 3328522 0.13
51 33 3 12931 34717 0.13
52 34 3 12932 2125 0.13
53 35 3 12933 177044 0.13
54 36 3 12934 6230296 0.13
55 37 3 12935 1743664 0.13
56 38 3 12936 3394426 0.13
57 39 3 12937 3820083 0.13
58 40 3 12938 9325625 0.13
59 41 3 12939 44718 0.13
60 42 3 12940 7994515 0.13
61 43 3 12941 49119 0.13
62 44 3 12942 6082 0.13
63 45 3 12943 30353 0.13
0 47 3 12944 8916 0.13
1 48 3 12945 11500 0.13
2 49 3 12946 8478109 0.13
3 50 3 12947 1918425 0.13
4 51 3 12948 9333007 0.13
5 52 3 12949 593442 0.13
6 53 3 12950 14840 0.13
7 54 3 12951 9910206 0.13
8 55 3 12952 948483 0.13
9 56 3 12953 7060372 0.13
10 57 3 12954 1869917 0.13
11 58 3 12955 22323 0.13
12 59 3 12956 181057 0.13
13 60 3 12957 15070 0.13
14 61 3 12958 31364 0.13
15 62 3 12959 907987 0.13
16 63 3 12960 8187 0.13
17 0 3 12961 1288309 0.13
18 1 3 12962 8484864 0.13
19 2 3 12963 8478439 0.13
20 3 3 12964 48320 0.13
21 4 3 12965 26188753 0.13
22 5 3 12966 9655995 0.13
23 6 3 12967 2265 0.13
24 7 3 12968 219109 0.13
25 8 3 12969 6502729 0.13
26 9 3 12970 9823691 0.13
27 10 3 12971 22089 0.13
28 11 3 12972 140943 0.13
29 12 3 12973 7620556 0.13
30 13 3 12974 9251 0.13
31 14 3 12975 1453433 0.13
32 15 3 12976 23799 0.13
33 16 3 12977 18253103 0.13
34 17 3 12978 13577 0.13
35 18 3 12979 4559607 0.13
36 19 3 12980 5210 0.13
37 20 3 12981 1089658 0.13
38 21 3 12982 512821 0.13
39 22 3 12983 4599605 0.13
40 23 3 12984 60760 0.13
41 24 3 12985 26521 0.13
42 25 3 12986 24954 0.13
43 26 3 12987 3745 0.13
44 27 3 12988 25665 0.13
45 28 3 12989 6642 0.13
46 29 3 12990 2006 0.13
47 30 3 12991 47187 0.13
48 31 3 12992 1325844 0.13
49 32 3 12993 9935844 0.13
50 33 3 12994 4536559 0.13
51 34 3 12995 71480 0.13
52 35 3 12996 45742 0.13
53 36 3 12997 107469 0.13
54 37 3 12998 6114 0.13
55 38 3 12999 68343 0.13
56 39 3 13000 3921521 0.13
57 40 3 13001 607756 0.13
58 41 3 13002 897283 0.13
59 42 3 13003 12531 0.13
60 43 3 13004 4159 0.13
61 44 3 13005 3372874 0.13
62 45 3 13006 29490 0.13
63 46 3 13007 33743 0.13
0 48 3 13008 8690152 0.13
1 49 3 13009 4194 0.13
2 50 3 13010 14021 0.13
3 51 3 13011 45091 0.13
4 52 3 13012 1319850 0.13
5 53 3 13013 109222 0.13
6 54 3 13014 4943725 0.13
7 55 3 13015 5517 0.13
8 56 3 13016 189766 0.13
9 57 3 13017 309157 0.13
10 58 3 13018 69093 0.13
11 59 3 13019 2246 0.13
12 60 3 13020 8031589 0.13
13 61 3 13021 12999 0.13
14 62 3 13022 4692598 0.13
15 63 3 13023 11420 0.13
16 0 3 13024 6100 0.13
17 1 3 13025 20555 0.13
18 2 3 13026 17996 0.13
19 3 3 13027 977573 0.13
20 4 3 13028 1220381 0.13
21 5 3 13029 1299740 0.13
22 6 3 13030 26526 0.13
23 7 3 13031 28152 0.13
24 8 3 13032 23754 0.13
25 9 3 13033 2495 0.13
26 10 3 13034 151605 0.13
27 11 3 13035 3195635 0.13
28 12 3 13036 10717 0.13
29 13 3 13037 42165 0.13
30 14 3 13038 56370 0.13
31 15 3 13039 29454 0.13
32 16 3 13040 696161 0.13
33 17 3 13041 201724 0.13
34 18 3 13042 19934 0.13
35 19 3 13043 2176 0.13
36 20 3 13044 14166 0.13
37 21 3 13045 29181 0.13
38 22 3 13046 4735 0.13
39 23 3 13047 3313072 0.13
40 24 3 13048 31670 0.13
41 25 3 13049 49493 0.13
42 26 3 13050 70560 0.13
43 27 3 13051 688320 0.13
44 28 3 13052 5379 0.13
45 29 3 13053 104216 0.13
46 30 3 13054 16976 0.13
47 31 3 13055 4564780 0.13
48 32 3 13056 43880 0.13
49 33 3 13057 60563 0.13
50 34 3 13058 26329 0.13
51 35 3 13059 65013 0.13
52 36 3 13060 22624 0.13
53 37 3 13061 26856 0.13
54 38 3 13062 3314 0.13
55 39 3 13063 1522351 0.13
56 40 3 13064 739747 0.13
57 41 3 13065 4999 0.13
58 42 3 13066 38758 0.13
59 43 3 13067 99626 0.13
60 44 3 13068 10470358 0.13
61 45 3 13069 182388 0.13
62 46 3 13070 120460 0.13
63 47 3 13071 3223914 0.13
0 49 3 13072 2552156 0.13
1 50 3 13073 54299 0.13
2 51 3 13074 89453 0.13
3 52 3 13075 4006820 0.13
4 53 3 13076 67267 0.13
5 54 3 13077 4449616 0.13
6 55 3 13078 67598 0.13
7 56 3 13079 4526 0.13
8 57 3 13080 5198371 0.13
9 58 3 13081 1143056 0.13
10 59 3 13082 73561 0.13
11 60 3 13083 5032504 0.13
12 61 3 13084 2013510 0.13
13 62 3 13085 820279 0.13
14 63 3 13086 362184 0.13
15 0 3 13087 7622 0.13
16 1 3 13088 1571887 0.13
17 2 3 13089 14575 0.13
18 3 3 13090 19578660 0.13
19 4 3 13091 11443252 0.13
20 5 3 13092 2253821 0.13
21 6 3 13093 8094 0.13
22 7 3 13094 55394 0.13
23 8 3 13095 22186624 0.13
24 9 3 13096 58167 0.13
25 10 3 13097 28179484 0.13
26 11 3 13098 417809 0.13
27 12 3 13099 3023243 0.13
28 13 3 13100 25788 0.13
29 14 3 13101 5771748 0.13
30 15 3 13102 6012424 0.13
31 16 3 13103 3690 0.13
32 17 3 13104 47619 0.13
33 18 3 13105 49470 0.13
34 19 3 13106 35225 0.13
35 20 3 13107 27620 0.13
36 21 3 13108 63420 0.13
37 22 3 13109 4203987 0.13
38 23 3 13110 1865506 0.13
39 24 3 13111 384463 0.13
40 25 3 13112 78283 0.13
41 26 3 13113 54521 0.13
42 27 3 13114 53332 0.13
43 28 3 13115 9855 0.13
44 29 3 13116 179315 0.13
45 30 3 13117 1583773 0.13
46 31 3 13118 7832141 0.13
47 32 3 13119 6780583 0.13
48 33 3 13120 136029 0.13
49 34 3 13121 6079 0.13
50 35 3 13122 28609 0.13
51 36 3 13123 89657 0.13
52 37 3 13124 38773 0.13
53 38 3 13125 52513 0.13
54 39 3 13126 46608 0.13
55 40 3 13127 69750 0.13
56 41 3 13128 271697 0.13
57 42 3 13129 2332 0.13
58 43 3 13130 27541 0.13
59 44 3 13131 9508 0.13
60 45 3 13132 269242 0.13
61 46 3 13133 949290 0.13
62 47 3 13134 2350 0.13
63 48 3 13135 4687226 0.13
0 50 3 13136 36298 0.13
1 51 3 13137 23757 0.13
2 52 3 13138 1457498 0.13
3 53 3 13139 6488213 0.13
4 54 3 13140 4910940 0.13
5 55 3 13141 2103 0.13
6 56 3 13142 2521577 0.13
7 57 3 13143 30610 0.13
8 58 3 13144 28034 0.13
9 59 3 13145 71142 0.13
10 60 3 13146 969462 0.13
11 61 3 13147 5875 0.13
12 62 3 13148 4067000 0.13
13 63 3 13149 8750 0.13
14 0 3 13150 12812949 0.13
15 1 3 13151 59948 0.13
16 2 3 13152 2774699 0.13
17 3 3 13153 26941 0.13
18 4 3 13154 53870 0.13
19 5 3 13155 564438 0.13
20 6 3 13156 17587 0.13
21 7 3 13157 21139 0.13
22 8 3 13158 2719083 0.13
23 9 3 13159 1409447 0.13
24 10 3 13160 1594932 0.13
25 11 3 13161 4015669 0.13
26 12 3 13162 2630521 0.13
27 13 3 13163 76600 0.13
28 14 3 13164 11794 0.13
29 15 3 13165 32224 0.13
30 16 3 13166 74645 0.13
31 17 3 13167 8851 0.13
32 18 3 13168 3538860 0.13
33 19 3 13169 4379977 0.13
34 20 3 13170 2219 0.13
35 21 3 13171 18552 0.13
36 22 3 13172 2987897 0.13
37 23 3 13173 3109300 0.13
38 24 3 13174 24949 0.13
39 25 3 13175 63026 0.13
40 26 3 13176 6287933 0.13
41 27 3 13177 1046339 0.13
42 28 3 13178 27397 0.13
43 29 3 13179 2705188 0.13
44 30 3 13180 74259 0.13
45 31 3 13181 483278 0.13
46 32 3 13182 7909 0.13
47 33 3 13183 2240 0.13
48 34 3 13184 44493 0.13
49 35 3 13185 189789 0.13
50 36 3 13186 15516 0.13
51 37 3 13187 4114423 0.13
52 38 3 13188 177508 0.13
53 39 3 13189 39951 0.13
54 40 3 13190 12702 0.13
55 41 3 13191 4834757 0.13
56 42 3 13192 1489611 0.13
57 43 3 13193 910804 0.13
58 44 3 13194 28506 0.13
59 45 3 13195 47313 0.13
60 46 3 13196 12581 0.13
61 47 3 13197 152442 0.13
62 48 3 13198 9636972 0.13
63 49 3 13199 3713335 0.13
0 51 3 13200 579039 0.13
1 52 3 13201 821561 0.13
2 53 3 13202 26908 0.13
3 54 3 13203 52193 0.13
4 55 3 13204 2100 0.13
5 56 3 13205 1803036 0.13
6 57 3 13206 1675727 0.13
7 58 3 13207 2044 0.13
8 59 3 13208 5822531 0.13
9 60 3 13209 578972 0.13
10 61 3 13210 209135 0.13
11 62 3 13211 2042 0.13
12 63 3 13212 25239 0.13
13 0 3 13213 2152567 0.13
14 1 3 13214 31091 0.13
15 2 3 13215 9787460 0.13
16 3 3 13216 541922 0.13
17 4 3 13217 55493 0.13
18 5 3 13218 45295 0.13
19 6 3 13219 39741 0.13
20 7 3 13220 25199 0.13
21 8 3 13221 65391 0.13
22 9 3 13222 817569 0.13
23 10 3 13223 2729324 0.13
24 11 3 13224 49430 0.13
25 12 3 13225 6184 0.13
26 13 3 13226 75733 0.13
27 14 3 13227 698843 0.13
28 15 3 13228 3298518 0.13
29 16 3 13229 44845 0.13
30 17 3 13230 578736 0.13
31 18 3 13231 272400 0.13
32 19 3 13232 29847 0.13
33 20 3 13233 6648 0.13
34 21 3 13234 3468 0.13
35 22 3 13235 22240643 0.13
36 23 3 13236 524757 0.13
37 24 3 13237 3844748 0.13
38 25 3 13238 26114 0.13
39 26 3 13239 1110937 0.13
40 27 3 13240 4771213 0.13
41 28 3 13241 29879 0.13
42 29 3 13242 9994 0.13
43 30 3 13243 1654743 0.13
44 31 3 13244 4990611 0.13
45 32 3 13245 2162894 0.13
46 33 3 13246 2070912 0.13
47 34 3 13247 200266 0.13
48 35 3 13248 684242 0.13
49 36 3 13249 846046 0.13
50 37 3 13250 1212831 0.13
51 38 3 13251 643204 0.13
52 39 3 13252 28312733 0.13
53 40 3 13253 25942 0.13
54 41 3 13254 54284 0.13
55 42 3 13255 47654 0.13
56 43 3 13256 2304 0.13
57 44 3 13257 1080689 0.13
58 45 3 13258 152072 0.13
59 46 3 13259 17983 0.13
60 47 3 13260 1265498 0.13
61 48 3 13261 22236 0.13
62 49 3 13262 87945 0.13
63 50 3 13263 1848970 0.13
0 52 3 13264 5466178 0.13
1 53 3 13265 774947 0.13
2 54 3 13266 74764 0.13
3 55 3 13267 3362577 0.13
4 56 3 13268 3219160 0.13
5 57 3 13269 4294843 0.13
6 58 3 13270 16227 0.13
7 59 3 13271 5832 0.13
8 60 3 13272 8235 0.13
9 61 3 13273 25865 0.13
10 62 3 13274 2250316 0.13
11 63 3 13275 1629182 0.13
12 0 3 13276 16613 0.13
13 1 3 13277 837698 0.13
14 2 3 13278 37126 0.13
15 3 3 13279 5250 0.13
16 4 3 13280 41056 0.13
17 5 3 13281 1442099 0.13
18 6 3 13282 31417 0.13
19 7 3 13283 1880904 0.13
20 8 3 13284 36263 0.13
21 9 3 13285 26055 0.13
22 10 3 13286 29405 0.13
23 11 3 13287 3536416 0.13
24 12 3 13288 66277 0.13
25 13 3 13289 3991801 0.13
26 14 3 13290 171842 0.13
27 15 3 13291 8164356 0.13
28 16 3 13292 3985 0.13
29 17 3 13293 4682781 0.13
30 18 3 13294 73187 0.13
31 19 3 13295 4024932 0.13
32 20 3 13296 46333 0.13
33 21 3 13297 29835 0.13
34 22 3 13298 2784 0.13
35 23 3 13299 3627193 0.13
36 24 3 13300 8989 0.13
37 25 3 13301 20029 0.13
38 26 3 13302 52121 0.13
39 27 3 13303 147549 0.13
40 28 3 13304 5472923 0.13
41 29 3 13305 63285 0.13
42 30 3 13306 33276 0.13
43 31 3 13307 1156684 0.13
44 32 3 13308 1789411 0.13
45 33 3 13309 70210 0.13
46 34 3 13310 448262 0.13
47 35 3 13311 15364 0.13
48 36 3 13312 475991 0.13
49 37 3 13313 2023 0.13
50 38 3 13314 27352 0.13
51 39 3 13315 1611932 0.13
52 40 3 13316 13721 0.13
53 41 3 13317 1644837 0.13
54 42 3 13318 70671 0.13
55 43 3 13319 1635691 0.13
56 44 3 13320 5162 0.13
57 45 3 13321 315837 0.13
58 46 3 13322 467900 0.13
59 47 3 13323 50783 0.13
60 48 3 13324 9666274 0.13
61 49 3 13325 46663 0.13
62 50 3 13326 2336 0.13
63 51 3 13327 19882 0.13
0 53 3 13328 44620 0.13
1 54 3 13329 2070 0.13
2 55 3 13330 34442 0.13
3 56 3 13331 2996859 0.13
4 57 3 13332 18115 0.13
5 58 3 13333 813985 0.13
6 59 3 13334 413495 0.13
7 60 3 13335 24882 0.13
8 61 3 13336 948197 0.13
9 62 3 13337 38869 0.13
10 63 3 13338 8314 0.13
11 0 3 13339 46710 0.13
12 1 3 13340 180578 0.13
13 2 3 13341 13404 0.13
14 3 3 13342 2715314 0.13
15 4 3 13343 29820 0.13
16 5 3 13344 29082 0.13
17 6 3 13345 1278319 0.13
18 7 3 13346 193777 0.13
19 8 3 13347 37567 0.13
20 9 3 13348 4639221 0.13
21 10 3 13349 26981606 0.13
22 11 3 13350 38546 0.13
23 12 3 13351 5098841 0.13
24 13 3 13352 41850 0.13
25 14 3 13353 17685 0.13
26 15 3 13354 8434596 0.13
27 16 3 13355 6300386 0.13
28 17 3 13356 50782 0.13
29 18 3 13357 22841 0.13
30 19 3 13358 1271688 0.13
31 20 3 13359 8496 0.13
32 21 3 13360 1340766 0.13
33 22 3 13361 182330 0.13
34 23 3 13362 13796 0.13
35 24 3 13363 43318 0.13
36 25 3 13364 604323 0.13
37 26 3 13365 2331 0.13
38 27 3 13366 4296324 0.13
39 28 3 13367 25578 0.13
40 29 3 13368 88114 0.13
41 30 3 13369 2481 0.13
42 31 3 13370 26453489 0.13
43 32 3 13371 695759 0.13
44 33 3 13372 628540 0.13
45 34 3 13373 2098 0.13
46 35 3 13374 917997 0.13
47 36 3 13375 53871 0.13
48 37 3 13376 46050 0.13
49 38 3 13377 109626 0.13
50 39 3 13378 67168 0.13
51 40 3 13379 10625 0.13
52 41 3 13380 961536 0.13
53 42 3 13381 442490 0.13
54 43 3 13382 30223 0.13
55 44 3 13383 693316 0.13
56 45 3 13384 699863 0.13
57 46 3 13385 26997 0.13
58 47 3 13386 245074 0.13
59 48 3 13387 8973 0.13
60 49 3 13388 2919581 0.13
61 50 3 13389 6393 0.13
62 51 3 13390 1187662 0.13
63 52 3 13391 7418 0.13
0 54 3 13392 7121 0.13
1 55 3 13393 6501 0.13
2 56 3 13394 19729 0.13
3 57 3 13395 19949 0.13
4 58 3 13396 26299 0.13
5 59 3 13397 78418 0.13
6 60 3 13398 20167 0.13
7 61 3 13399 1034367 0.13
8 62 3 13400 29535 0.13
9 63 3 13401 2358 0.13
10 0 3 13402 72235 0.13
11 1 3 13403 20769 0.13
12 2 3 13404 7366024 0.13
13 3 3 13405 36120 0.13
14 4 3 13406 2013 0.13
15 5 3 13407 773065 0.13
16 6 3 13408 5491431 0.13
17 7 3 13409 3056964 0.13
18 8 3 13410 752175 0.13
19 9 3 13411 9931 0.13
20 10 3 13412 5305 0.13
21 11 3 13413 75778 0.13
22 12 3 13414 1235636 0.13
23 13 3 13415 6103 0.13
24 14 3 13416 25589 0.13
25 15 3 13417 23116 0.13
26 16 3 13418 22443953 0.13
27 17 3 13419 29602 0.13
28 18 3 13420 64833 0.13
29 19 3 13421 5986 0.13
30 20 3 13422 14940 0.13
31 21 3 13423 2359 0.13
32 22 3 13424 29056 0.13
33 23 3 13425 2047883 0.13
34 24 3 13426 32541 0.13
35 25 3 13427 1385401 0.13
36 26 3 13428 5649 0.13
37 27 3 13429 1582040 0.13
38 28 3 13430 2445 0.13
39 29 3 13431 3559961 0.13
40 30 3 13432 706840 0.13
41 31 3 13433 14102 0.13
42 32 3 13434 41505 0.13
43 33 3 13435 58703 0.13
44 34 3 13436 374456 0.13
45 35 3 13437 4354266 0.13
46 36 3 13438 5506 0.13
47 37 3 13439 2448928 0.13
48 38 3 13440 16573 0.13
49 39 3 13441 50179 0.13
50 40 3 13442 9450709 0.13
51 41 3 13443 27183 0.13
52 42 3 13444 47143 0.13
53 43 3 13445 3520147 0.13
54 44 3 13446 1998990 0.13
55 45 3 13447 590771 0.13
56 46 3 13448 1969095 0.13
57 47 3 13449 7044 0.13
58 48 3 13450 969358 0.13
59 49 3 13451 3105 0.13
60 50 3 13452 8033356 0.13
61 51 3 13453 11879 0.13
62 52 3 13454 53698 0.13
63 53 3 13455 184143 0.13
0 55 3 13456 2067943 0.13
1 56 3 13457 827145 0.13
2 57 3 13458 16252 0.13
3 58 3 13459 45950 0.13
4 59 3 13460 41719 0.13
5 60 3 13461 2217 0.13
6 61 3 13462 875713 0.13
7 62 3 13463 3156094 0.13
8 63 3 13464 12296386 0.13
9 0 3 13465 8452 0.13
10 1 3 13466 6456998 0.13
11 2 3 13467 7034 0.13
12 3 3 13468 52604 0.13
13 4 3 13469 2446 0.13
14 5 3 13470 26161 0.13
15 6 3 13471 32847 0.13
16 7 3 13472 1045681 0.13
17 8 3 13473 823431 0.13
18 9 3 13474 1675287 0.13
19 10 3 13475 159969 0.13
20 11 3 13476 140020 0.13
21 12 3 13477 15263705 0.13
22 13 3 13478 758754 0.13
23 14 3 13479 37660 0.13
24 15 3 13480 78408 0.13
25 16 3 13481 1005801 0.13
26 17 3 13482 5666 0.13
27 18 3 13483 693706 0.13
28 19 3 13484 24857 0.13
29 20 3 13485 39149 0.13
30 21 3 13486 810364 0.13
31 22 3 13487 46975 0.13
32 23 3 13488 3170990 0.13
33 24 3 13489 128590 0.13
34 25 3 13490 21861083 0.13
35 26 3 13491 2819 0.13
36 27 3 13492 547189 0.13
37 28 3 13493 11385 0.13
38 29 3 13494 3465367 0.13
39 30 3 13495 3556134 0.13
40 31 3 13496 4082469 0.13
41 32 3 13497 4240 0.13
42 33 3 13498 71149 0.13
43 34 3 13499 24089 0.13
44 35 3 13500 10096699 0.13
45 36 3 13501 2524 0.13
46 37 3 13502 22270 0.13
47 38 3 13503 546538 0.13
48 39 3 13504 50756 0.13
49 40 3 13505 23499 0.13
50 41 3 13506 63637 0.13
51 42 3 13507 2037838 0.13
52 43 3 13508 61099 0.13
53 44 3 13509 3697676 0.13
54 45 3 13510 60861 0.13
55 46 3 13511 7496 0.13
56 47 3 13512 72470 0.13
57 48 3 13513 626984 0.13
58 49 3 13514 6211 0.13
59 50 3 13515 52847 0.13
60 51 3 13516 126510 0.13
61 52 3 13517 2000 0.13
62 53 3 13518 5362 0.13
63 54 3 13519 233626 0.13
0 56 3 13520 352529 0.13
1 57 3 13521 30919 0.13
2 58 3 13522 75001 0.13
3 59 3 13523 20685 0.13
4 60 3 13524 771794 0.13
5 61 3 13525 8596794 0.13
6 62 3 13526 42668 0.13
7 63 3 13527 2799 0.13
8 0 3 13528 22291 0.13
9 1 3 13529 62567 0.13
10 2 3 13530 131687 0.13
11 3 3 13531 358063 0.13
12 4 3 13532 66877 0.13
13 5 3 13533 657337 0.13
14 6 3 13534 1159135 0.13
15 7 3 13535 7121 0.13
16 8 3 13536 1593199 0.13
17 9 3 13537 22174 0.13
18 10 3 13538 38271 0.13
19 11 3 13539 2896516 0.13
20 12 3 13540 9602405 0.13
21 13 3 13541 29198 0.13
22 14 3 13542 78150 0.13
23 15 3 13543 1020960 0.13
24 16 3 13544 2443 0.13
25 17 3 13545 12831 0.13
26 18 3 13546 9235 0.13
27 19 3 13547 1168561 0.13
28 20 3 13548 1215590 0.13
29 21 3 13549 6556 0.13
30 22 3 13550 286814 0.13
31 23 3 13551 17508 0.13
32 24 3 13552 7158304 0.13
33 25 3 13553 48579 0.13
34 26 3 13554 63164 0.13
35 27 3 13555 1814204 0.13
36 28 3 13556 1167879 0.13
37 29 3 13557 6621 0.13
38 30 3 13558 53339 0.13
39 31 3 13559 6901895 0.13
40 32 3 13560 3123987 0.13
41 33 3 13561 180819 0.13
42 34 3 13562 1721451 0.13
43 35 3 13563 61654 0.13
44 36 3 13564 667653 0.13
45 37 3 13565 9013594 0.13
46 38 3 13566 8770 0.13
47 39 3 13567 72806 0.13
48 40 3 13568 80624 0.13
49 41 3 13569 2480 0.13
50 42 3 13570 7522020 0.13
51 43 3 13571 3164483 0.13
52 44 3 13572 69138 0.13
53 45 3 13573 74999 0.13
54 46 3 13574 6511593 0.13
55 47 3 13575 15440 0.13
56 48 3 13576 163236 0.13
57 49 3 13577 1304946 0.13
58 50 3 13578 8270 0.13
59 51 3 13579 47481 0.13
60 52 3 13580 204368 0.13
61 53 3 13581 4480875 0.13
62 54 3 13582 74025 0.13
63 55 3 13583 46932 0.13
0 57 3 13584 16333840 0.13
1 58 3 13585 6136445 0.13
2 59 3 13586 1623746 0.13
3 60 3 13587 27359 0.13
4 61 3 13588 9542395 0.13
5 62 3 13589 10327766 0.13
6 63 3 13590 62195 0.13
7 0 3 13591 8669 0.13
8 1 3 13592 52941 0.13
9 2 3 13593 1000142 0.13
10 3 3 13594 1484268 0.13
11 4 3 13595 29891 0.13
12 5 3 13596 1014943 0.13
13 6 3 13597 3821226 0.13
14 7 3 13598 1118743 0.13
15 8 3 13599 7536576 0.13
16 9 3 13600 460666 0.13
17 10 3 13601 20088 0.13
18 11 3 13602 393340 0.13
19 12 3 13603 29057 0.13
20 13 3 13604 39058 0.13
21 14 3 13605 778989 0.13
22 15 3 13606 17556997 0.13
23 16 3 13607 600691 0.13
24 17 3 13608 9166175 0.13
25 18 3 13609 73975 0.13
26 19 3 13610 954495 0.13
27 20 3 13611 34476 0.13
28 21 3 13612 7232 0.13
29 22 3 13613 40447 0.13
30 23 3 13614 68546 0.13
31 24 3 13615 149665 0.13
32 25 3 13616 737257 0.13
33 26 3 13617 54033 0.13
34 27 3 13618 1478687 0.13
35 28 3 13619 3241679 0.13
36 29 3 13620 28592 0.13
37 30 3 13621 3419032 0.13
38 31 3 13622 2249143 0.13
39 32 3 13623 78322 0.13
40 33 3 13624 2170 0.13
41 34 3 13625 9626 0.13
42 35 3 13626 762033 0.13
43 36 3 13627 19980 0.13
44 37 3 13628 1501850 0.13
45 38 3 13629 12187 0.13
46 39 3 13630 28661 0.13
47 40 3 13631 25056 0.13
48 41 3 13632 3181454 0.13
49 42 3 13633 924758 0.13
50 43 3 13634 29514 0.13
51 44 3 13635 1535939 0.13
52 45 3 13636 2264 0.13
53 46 3 13637 2420786 0.13
54 47 3 13638 6198 0.13
55 48 3 13639 4041061 0.13
56 49 3 13640 1394924 0.13
57 50 3 13641 3945244 0.13
58 51 3 13642 1424127 0.13
59 52 3 13643 133606 0.13
60 53 3 13644 23759 0.13
61 54 3 13645 1843071 0.13
62 55 3 13646 1988217 0.13
63 56 3 13647 28763 0.13
0 58 3 13648 715948 0.13
1 59 3 13649 6891772 0.13
2 60 3 13650 47510 0.13
3 61 3 13651 9050140 0.13
4 62 3 13652 13881814 0.13
5 63 3 13653 32530 0.13
6 0 3 13654 117927 0.13
7 1 3 13655 2064 0.13
8 2 3 13656 25134 0.13
9 3 3 13657 364493 0.13
10 4 3 13658 1809248 0.13
11 5 3 13659 4103542 0.13
12 6 3 13660 2899504 0.13
13 7 3 13661 5820455 0.13
14 8 3 13662 1046290 0.13
15 9 3 13663 581059 0.13
16 10 3 13664 1551077 0.13
17 11 3 13665 108483 0.13
18 12 3 13666 227095 0.13
19 13 3 13667 1761467 0.13
20 14 3 13668 9592130 0.13
21 15 3 13669 29417 0.13
22 16 3 13670 15485 0.13
23 17 3 13671 861270 0.13
24 18 3 13672 17395 0.13
25 19 3 13673 14759 0.13
26 20 3 13674 76272 0.13
27 21 3 13675 45439 0.13
28 22 3 13676 56578 0.13
29 23 3 13677 125597 0.13
30 24 3 13678 8405 0.13
31 25 3 13679 172547 0.13
32 26 3 13680 25501 0.13
33 27 3 13681 36112 0.13
34 28 3 13682 1096892 0.13
35 29 3 13683 10961 0.13
36 30 3 13684 10740 0.13
37 31 3 13685 34526 0.13
38 32 3 13686 2559 0.13
39 33 3 13687 7312990 0.13
40 34 3 13688 324869 0.13
41 35 3 13689 695121 0.13
42 36 3 13690 70896 0.13
43 37 3 13691 153160 0.13
44 38 3 13692 41617 0.13
45 39 3 13693 1840314 0.13
46 40 3 13694 33571 0.13
47 41 3 13695 21996 0.13
48 42 3 13696 16773 0.13
49 43 3 13697 3772 0.13
50 44 3 13698 74263 0.13
51 45 3 13699 53676 0.13
52 46 3 13700 92061 0.13
53 47 3 13701 5436 0.13
54 48 3 13702 22119 0.13
55 49 3 13703 21335 0.13
56 50 3 13704 36376 0.13
57 51 3 13705 42159 0.13
58 52 3 13706 21844 0.13
59 53 3 13707 1526556 0.13
60 54 3 13708 80855 0.13
61 55 3 13709 27754055 0.13
62 56 3 13710 2710652 0.13
63 57 3 13711 17422131 0.13
0 59 3 13712 2044 0.13
1 60 3 13713 751507 0.13
2 61 3 13714 60538 0.13
3 62 3 13715 5321175 0.13
4 63 3 13716 309608 0.13
5 0 3 13717 369053 0.13
6 1 3 13718 9206915 0.13
7 2 3 13719 860410 0.13
8 3 3 13720 34187 0.13
9 4 3 13721 6138030 0.13
10 5 3 13722 8213405 0.13
11 6 3 13723 47175 0.13
12 7 3 13724 97549 0.13
13 8 3 13725 28282 0.13
14 9 3 13726 5809709 0.13
15 10 3 13727 2663271 0.13
16 11 3 13728 44991 0.13
17 12 3 13729 2084502 0.13
18 13 3 13730 60513 0.13
19 14 3 13731 2418 0.13
20 15 3 13732 4948448 0.13
21 16 3 13733 18502 0.13
22 17 3 13734 76283 0.13
23 18 3 13735 8443701 0.13
24 19 3 13736 13478 0.13
25 20 3 13737 9019729 0.13
26 21 3 13738 93671 0.13
27 22 3 13739 2036 0.13
28 23 3 13740 3583 0.13
29 24 3 13741 762681 0.13
30 25 3 13742 1735822 0.13
31 26 3 13743 3948525 0.13
32 27 3 13744 55586 0.13
33 28 3 13745 6314 0.13
34 29 3 13746 93292 0.13
35 30 3 13747 1027428 0.13
36 31 3 13748 14149280 0.13
37 32 3 13749 1752067 0.13
38 33 3 13750 572489 0.13
39 34 3 13751 7839365 0.13
40 35 3 13752 1468908 0.13
41 36 3 13753 10750 0.13
42 37 3 13754 63667 0.13
43 38 3 13755 36343 0.13
44 39 3 13756 5126 0.13
45 40 3 13757 2798 0.13
46 41 3 13758 1942147 0.13
47 42 3 13759 128144 0.13
48 43 3 13760 157078 0.13
49 44 3 13761 22764 0.13
50 45 3 13762 25864 0.13
51 46 3 13763 47606 0.13
52 47 3 13764 441738 0.13
53 48 3 13765 57621 0.13
54 49 3 13766 2084 0.13
55 50 3 13767 786389 0.13
56 51 3 13768 88287 0.13
57 52 3 13769 531381 0.13
58 53 3 13770 346794 0.13
59 54 3 13771 1559605 0.13
60 55 3 13772 175328 0.13
61 56 3 13773 1008820 0.13
62 57 3 13774 4081 0.13
63 58 3 13775 7003410 0.13
0 60 3 13776 6490 0.13
1 61 3 13777 1868918 0.13
2 62 3 13778 30270 0.13
3 63 3 13779 5055 0.13
4 0 3 13780 1652742 0.13
5 1 3 13781 58694 0.13
6 2 3 13782 49022 0.13
7 3 3 13783 685785 0.13
8 4 3 13784 67074 0.13
9 5 3 13785 85944 0.13
10 6 3 13786 8910 0.13
11 7 3 13787 48198 0.13
12 8 3 13788 1974846 0.13
13 9 3 13789 106956 0.13
14 10 3 13790 9295304 0.13
15 11 3 13791 9526 0.13
16 12 3 13792 818312 0.13
17 13 3 13793 6012065 0.13
18 14 3 13794 1950171 0.13
19 15 3 13795 1293245 0.13
20 16 3 13796 44626 0.13
21 17 3 13797 8533221 0.13
22 18 3 13798 120327 0.13
23 19 3 13799 122976 0.13
24 20 3 13800 7858 0.13
25 21 3 13801 2025 0.13
26 22 3 13802 194265 0.13
27 23 3 13803 92260 0.13
28 24 3 13804 8355670 0.13
29 25 3 13805 30938 0.13
30 26 3 13806 1482965 0.13
31 27 3 13807 5253312 0.13
32 28 3 13808 38770 0.13
33 29 3 13809 52920 0.13
34 30 3 13810 567452 0.13
35 31 3 13811 75973 0.13
36 32 3 13812 12190 0.13
37 33 3 13813 22078 0.13
38 34 3 13814 3042451 0.13
39 35 3 13815 18865 0.13
40 36 3 13816 16271 0.13
41 37 3 13817 1996600 0.13
42 38 3 13818 3567533 0.13
43 39 3 13819 3541631 0.13
44 40 3 13820 7312133 0.13
45 41 3 13821 26208700 0.13
46 42 3 13822 64138 0.13
47 43 3 13823 113710 0.13
48 44 3 13824 29065 0.13
49 45 3 13825 3715 0.13
50 46 3 13826 5874 0.13
51 47 3 13827 1255892 0.13
52 48 3 13828 70120 0.13
53 49 3 13829 36170 0.13
54 50 3 13830 8257 0.13
55 51 3 13831 643783 0.13
56 52 3 13832 6003 0.13
57 53 3 13833 356126 0.13
58 54 3 13834 5008470 0.13
59 55 3 13835 33557 0.13
60 56 3 13836 61687 0.13
61 57 3 13837 330739 0.13
62 58 3 13838 31135 0.13
63 59 3 13839 172862 0.13
0 61 3 13840 140946 0.13
1 62 3 13841 42898 0.13
2 63 3 13842 33266 0.13
3 0 3 13843 56532 0.13
4 1 3 13844 2024 0.13
5 2 3 13845 24617 0.13
6 3 3 13846 22152 0.13
7 4 3 13847 1398162 0.13
8 5 3 13848 58336 0.13
9 6 3 13849 3203301 0.13
10 7 3 13850 8744 0.13
11 8 3 13851 1329727 0.13
12 9 3 13852 4336574 0.13
13 10 3 13853 64503 0.13
14 11 3 13854 41748 0.13
15 12 3 13855 31094 0.13
16 13 3 13856 117151 0.13
17 14 3 13857 15154 0.13
18 15 3 13858 253021 0.13
19 16 3 13859 3253789 0.13
20 17 3 13860 3761409 0.13
21 18 3 13861 9200 0.13
22 19 3 13862 94773 0.13
23 20 3 13863 26323 0.13
24 21 3 13864 4590074 0.13
25 22 3 13865 4352 0.13
26 23 3 13866 4277 0.13
27 24 3 13867 2093 0.13
28 25 3 13868 74733 0.13
29 26 3 13869 2249 0.13
30 27 3 13870 168955 0.13
31 28 3 13871 51184 0.13
32 29 3 13872 182919 0.13
33 30 3 13873 5450255 0.13
34 31 3 13874 117018 0.13
35 32 3 13875 103090 0.13
36 33 3 13876 29152116 0.13
37 34 3 13877 66639 0.13
38 35 3 13878 1751972 0.13
39 36 3 13879 43163 0.13
40 37 3 13880 22330 0.13
41 38 3 13881 1721448 0.13
42 39 3 13882 1332268 0.13
43 40 3 13883 29099 0.13
44 41 3 13884 64931 0.13
45 42 3 13885 75479 0.13
46 43 3 13886 49357 0.13
47 44 3 13887 73577 0.13
48 45 3 13888 701427 0.13
49 46 3 13889 3439455 0.13
50 47 3 13890 2196201 0.13
51 48 3 13891 312287 0.13
52 49 3 13892 13168 0.13
53 50 3 13893 76339 0.13
54 51 3 13894 60666 0.13
55 52 3 13895 15829 0.13
56 53 3 13896 8479416 0.13
57 54 3 13897 675306 0.13
58 55 3 13898 9838254 0.13
59 56 3 13899 1359198 0.13
60 57 3 13900 69270 0.13
61 58 3 13901 41759 0.13
62 59 3 13902 21881 0.13
63 60 3 13903 70225 0.13
0 62 3 13904 3400 0.13
1 63 3 13905 43887 0.13
2 0 3 13906 2404 0.13
3 1 3 13907 20677 0.13
4 2 3 13908 5551863 0.13
5 3 3 13909 42250 0.13
6 4 3 13910 66078 0.13
7 5 3 13911 62610 0.13
8 6 3 13912 2452 0.13
9 7 3 13913 17059854 0.13
10 8 3 13914 34814 0.13
11 9 3 13915 1037362 0.13
12 10 3 13916 78009 0.13
13 11 3 13917 2889414 0.13
14 12 3 13918 3046167 0.13
15 13 3 13919 26331 0.13
16 14 3 13920 104600 0.13
17 15 3 13921 14769 0.13
18 16 3 13922 629402 0.13
19 17 3 13923 43059 0.13
20 18 3 13924 626692 0.13
21 19 3 13925 3064072 0.13
22 20 3 13926 76922 0.13
23 21 3 13927 45265 0.13
24 22 3 13928 5517316 0.13
25 23 3 13929 76855 0.13
26 24 3 13930 40579 0.13
27 25 3 13931 4031582 0.13
28 26 3 13932 70044 0.13
29 27 3 13933 68948 0.13
30 28 3 13934 233687 0.13
31 29 3 13935 73500 0.13
32 30 3 13936 9117 0.13
33 31 3 13937 13121 0.13
34 32 3 13938 4396 0.13
35 33 3 13939 547816 0.13
36 34 3 13940 21151 0.13
37 35 3 13941 17381 0.13
38 36 3 13942 42444 0.13
39 37 3 13943 1173027 0.13
40 38 3 13944 7466 0.13
41 39 3 13945 23034 0.13
42 40 3 13946 2335178 0.13
43 41 3 13947 1202556 0.13
44 42 3 13948 68811 0.13
45 43 3 13949 68187 0.13
46 44 3 13950 21070 0.13
47 45 3 13951 12249 0.13
48 46 3 13952 3000949 0.13
49 47 3 13953 2132 0.13
50 48 3 13954 2408 0.13
51 49 3 13955 154548 0.13
52 50 3 13956 12225 0.13
53 51 3 13957 436323 0.13
54 52 3 13958 2355 0.13
55 53 3 13959 152461 0.13
56 54 3 13960 2913 0.13
57 55 3 13961 25825 0.13
58 56 3 13962 16007 0.13
59 57 3 13963 9159881 0.13
60 58 3 13964 198898 0.13
61 59 3 13965 137608 0.13
62 60 3 13966 2093 0.13
63 61 3 13967 1195472 0.13
0 63 3 13968 693960 0.13
1 0 3 13969 28345 0.13
2 1 3 13970 5002 0.13
3 2 3 13971 61354 0.13
4 3 3 13972 25183882 0.13
5 4 3 13973 4019071 0.13
6 5 3 13974 14113 0.13
7 6 3 13975 2910907 0.13
8 7 3 13976 206709 0.13
9 8 3 13977 1946160 0.13
10 9 3 13978 2613595 0.13
11 10 3 13979 16376 0.13
12 11 3 13980 677190 0.13
13 12 3 13981 26452 0.13
14 13 3 13982 1241867 0.13
15 14 3 13983 38534 0.13
16 15 3 13984 62339 0.13
17 16 3 13985 183878 0.13
18 17 3 13986 22981 0.13
19 18 3 13987 47092 0.13
20 19 3 13988 6685 0.13
21 20 3 13989 20234 0.13
22 21 3 13990 3787750 0.13
23 22 3 13991 74082 0.13
24 23 3 13992 54568 0.13
25 24 3 13993 9964 0.13
26 25 3 13994 5740 0.13
27 26 3 13995 67508 0.13
28 27 3 13996 317985 0.13
29 28 3 13997 2353 0.13
30 29 3 13998 1838682 0.13
31 30 3 13999 73845 0.13
32 31 3 14000 7401 0.13
33 32 3 14001 68978 0.13
34 33 3 14002 8426 0.13
35 34 3 14003 227797 0.13
36 35 3 14004 2825653 0.13
37 36 3 14005 4909068 0.13
38 37 3 14006 1748704 0.13
39 38 3 14007 593853 0.13
40 39 3 14008 78164 0.13
41 40 3 14009 44075 0.13
42 41 3 14010 2412 0.13
43 42 3 14011 79957 0.13
44 43 3 14012 22948 0.13
45 44 3 14013 2069005 0.13
46 45 3 14014 1895555 0.13
47 46 3 14015 46247 0.13
48 47 3 14016 181225 0.13
49 48 3 14017 1413940 0.13
50 49 3 14018 1615392 0.13
51 50 3 14019 973660 0.13
52 51 3 14020 5840 0.13
53 52 3 14021 8710 0.13
54 53 3 14022 67801 0.13
55 54 3 14023 23251 0.13
56 55 3 14024 3771597 0.13
57 56 3 14025 28326 0.13
58 57 3 14026 4302989 0.13
59 58 3 14027 51995 0.13
60 59 3 14028 17804 0.13
61 60 3 14029 1091488 0.13
62 61 3 14030 1894224 0.13
63 62 3 14031 162263 0.13
0 1 3 14032 7426 0.13
1 2 3 14033 2035 0.13
2 3 3 14034 636368 0.13
3 4 3 14035 902133 0.13
4 5 3 14036 33180 0.13
5 6 3 14037 42453 0.13
6 7 3 14038 10955 0.13
7 8 3 14039 612607 0.13
8 9 3 14040 25363 0.13
9 10 3 14041 3649307 0.13
10 11 3 14042 55437 0.13
11 12 3 14043 43128 0.13
12 13 3 14044 27556 0.13
13 14 3 14045 844845 0.13
14 15 3 14046 1549719 0.13
15 16 3 14047 53052 0.13
16 17 3 14048 1837884 0.13
17 18 3 14049 69031 0.13
18 19 3 14050 44042 0.13
19 20 3 14051 122705 0.13
20 21 3 14052 25377 0.13
21 22 3 14053 31330 0.13
22 23 3 14054 38871 0.13
23 24 3 14055 1054946 0.13
24 25 3 14056 1357824 0.13
25 26 3 14057 3649967 0.13
26 27 3 14058 674262 0.13
27 28 3 14059 1478141 0.13
28 29 3 14060 60752 0.13
29 30 3 14061 994491 0.13
30 31 3 14062 12359 0.13
31 32 3 14063 21445 0.13
32 33 3 14064 50129 0.13
33 34 3 14065 37687 0.13
34 35 3 14066 115273 0.13
35 36 3 14067 976459 0.13
36 37 3 14068 1067899 0.13
37 38 3 14069 12147 0.13
38 39 3 14070 9612160 0.13
39 40 3 14071 2026 0.13
40 41 3 14072 5376 0.13
41 42 3 14073 9626 0.13
42 43 3 14074 6847270 0.13
43 44 3 14075 58164 0.13
44 45 3 14076 3485 0.13
45 46 3 14077 22177 0.13
46 47 3 14078 4602 0.13
47 48 3 14079 2336 0.13
48 49 3 14080 46865 0.13
49 50 3 14081 19632067 0.13
50 51 3 14082 311724 0.13
51 52 3 14083 77924 0.13
52 53 3 14084 1116058 0.13
53 54 3 14085 195667 0.13
54 55 3 14086 8265418 0.13
55 56 3 14087 2606862 0.13
56 57 3 14088 522330 0.13
57 58 3 14089 58993 0.13
58 59 3 14090 20170 0.13
59 60 3 14091 655073 0.13
60 61 3 14092 2117297 0.13
61 62 3 14093 28600 0.13
62 63 3 14094 2281 0.13
63 0 3 14095 199168 0.13
0 1 3 14096 76726 0.13
1 2 3 14097 23167 0.13
2 3 3 14098 13896 0.13
3 4 3 14099 2314 0.13
4 5 3 14100 23925 0.13
5 6 3 14101 2001 0.13
6 7 3 14102 11488 0.13
7 8 3 14103 27878095 0.13
8 9 3 14104 1796728 0.13
9 10 3 14105 40625 0.13
10 11 3 14106 49028 0.13
11 12 3 14107 176137 0.13
12 13 3 14108 77171 0.13
13 14 3 14109 1369255 0.13
14 15 3 14110 3803 0.13
15 16 3 14111 5311 0.13
16 17 3 14112 28449 0.13
17 18 3 14113 2892944 0.13
18 19 3 14114 6072069 0.13
19 20 3 14115 39619 0.13
20 21 3 14116 9520547 0.13
21 22 3 14117 27650 0.13
22 23 3 14118 250907 0.13
23 24 3 14119 18905 0.13
24 25 3 14120 7122417 0.13
25 26 3 14121 156982 0.13
26 27 3 14122 26110 0.13
27 28 3 14123 51646 0.13
28 29 3 14124 6517 0.13
29 30 3 14125 4067 0.13
30 31 3 14126 29425 0.13
31 32 3 14127 8358247 0.13
32 33 3 14128 2088267 0.13
33 34 3 14129 9050667 0.13
34 35 3 14130 4283391 0.13
35 36 3 14131 2394420 0.13
36 37 3 14132 156960 0.13
37 38 3 14133 953534 0.13
38 39 3 14134 9718246 0.13
39 40 3 14135 136860 0.13
40 41 3 14136 1699671 0.13
41 42 3 14137 1574732 0.13
42 43 3 14138 9374194 0.13
43 44 3 14139 63580 0.13
44 45 3 14140 64012 0.13
45 46 3 14141 177416 0.13
46 47 3 14142 2198 0.13
47 48 3 14143 7301 0.13
48 49 3 14144 3728 0.13
49 50 3 14145 469294 0.13
50 51 3 14146 26132022 0.13
51 52 3 14147 815303 0.13
52 53 3 14148 22993 0.13
53 54 3 14149 33146 0.13
54 55 3 14150 8960406 0.13
55 56 3 14151 76885 0.13
56 57 3 14152 2048 0.13
57 58 3 14153 2965311 0.13
58 59 3 14154 24825 0.13
59 60 3 14155 5510 0.13
60 61 3 14156 789583 0.13
61 62 3 14157 2632240 0.13
62 63 3 14158 4322 0.13
63 0 3 14159 7242588 0.13
0 2 3 14160 67666 0.13
1 3 3 14161 40707 0.13
2 4 3 14162 4829487 0.13
3 5 3 14163 26907 0.13
4 6 3 14164 8365579 0.13
5 7 3 14165 864858 0.13
6 8 3 14166 5709104 0.13
7 9 3 14167 72846 0.13
8 10 3 14168 19933 0.13
9 11 3 14169 1354290 0.13
10 12 3 14170 4182274 0.13
11 13 3 14171 20677 0.13
12 14 3 14172 20276 0.13
13 15 3 14173 24969 0.13
14 16 3 14174 348775 0.13
15 17 3 14175 11199 0.13
16 18 3 14176 6535 0.13
17 19 3 14177 6442009 0.13
18 20 3 14178 806496 0.13
19 21 3 14179 707392 0.13
20 22 3 14180 310615 0.13
21 23 3 14181 1642442 0.13
22 24 3 14182 99669 0.13
23 25 3 14183 2396 0.13
24 26 3 14184 68990 0.13
25 27 3 14185 365339 0.13
26 28 3 14186 71309 0.13
27 29 3 14187 20240886 0.13
28 30 3 14188 4909993 0.13
29 31 3 14189 4063065 0.13
30 32 3 14190 70955 0.13
31 33 3 14191 19596455 0.13
32 34 3 14192 6143344 0.13
33 35 3 14193 28026 0.13
34 36 3 14194 22209 0.13
35 37 3 14195 159997 0.13
36 38 3 14196 2790 0.13
37 39 3 14197 1992699 0.13
38 40 3 14198 68073 0.13
39 41 3 14199 98459 0.13
40 42 3 14200 73648 0.13
41 43 3 14201 48743 0.13
42 44 3 14202 890709 0.13
43 45 3 14203 14960 0.13
44 46 3 14204 14338130 0.13
45 47 3 14205 985956 0.13
46 48 3 14206 63862 0.13
47 49 3 14207 913684 0.13
48 50 3 14208 2059 0.13
49 51 3 14209 21075 0.13
50 52 3 14210 167442 0.13
51 53 3 14211 35087 0.13
52 54 3 14212 302224 0.13
53 55 3 14213 25970 0.13
54 56 3 14214 111822 0.13
55 57 3 14215 23713 0.13
56 58 3 14216 66464 0.13
57 59 3 14217 304672 0.13
58 60 3 14218 43184 0.13
59 61 3 14219 72793 0.13
60 62 3 14220 21053 0.13
61 63 3 14221 1007126 0.13
62 0 3 14222 44461 0.13
63 1 3 14223 3629782 0.13
0 3 3 14224 27962 0.13
1 4 3 14225 15977 0.13
2 5 3 14226 8491 0.13
3 6 3 14227 158673 0.13
4 7 3 14228 22856 0.13
5 8 3 14229 5990 0.13
6 9 3 14230 26994 0.13
7 10 3 14231 23580 0.13
8 11 3 14232 57435 0.13
9 12 3 14233 46176 0.13
10 13 3 14234 9667 0.13
11 14 3 14235 9224851 0.13
12 15 3 14236 9963 0.13
13 16 3 14237 2170050 0.13
14 17 3 14238 15321 0.13
15 18 3 14239 72984 0.13
16 19 3 14240 27041180 0.13
17 20 3 14241 3481697 0.13
18 21 3 14242 77001 0.13
19 22 3 14243 1205603 0.13
20 23 3 14244 1853329 0.13
21 24 3 14245 30006 0.13
22 25 3 14246 135094 0.13
23 26 3 14247 144859 0.13
24 27 3 14248 49680 0.13
25 28 3 14249 924345 0.13
26 29 3 14250 3202 0.13
27 30 3 14251 2414542 0.13
28 31 3 14252 67662 0.13
29 32 3 14253 438897 0.13
30 33 3 14254 61504 0.13
31 34 3 14255 36931 0.13
32 35 3 14256 42192 0.13
33 36 3 14257 132028 0.13
34 37 3 14258 7274612 0.13
35 38 3 14259 25771 0.13
36 39 3 14260 2099 0.13
37 40 3 14261 7698 0.13
38 41 3 14262 4021057 0.13
39 42 3 14263 9508325 0.13
40 43 3 14264 19791 0.13
41 44 3 14265 158676 0.13
42 45 3 14266 593047 0.13
43 46 3 14267 14907 0.13
44 47 3 14268 1803090 0.13
45 48 3 14269 41021 0.13
46 49 3 14270 785542 0.13
47 50 3 14271 70190 0.13
48 51 3 14272 1365261 0.13
49 52 3 14273 4688973 0.13
50 53 3 14274 46214 0.13
51 54 3 14275 28652 0.13
52 55 3 14276 453697 0.13
53 56 3 14277 9587 0.13
54 57 3 14278 13515 0.13
55 58 3 14279 2231514 0.13
56 59 3 14280 37477 0.13
57 60 3 14281 450187 0.13
58 61 3 14282 151378 0.13
59 62 3 14283 3467023 0.13
60 63 3 14284 3994 0.13
61 0 3 14285 12399 0.13
62 1 3 14286 22821 0.13
63 2 3 14287 33375 0.13
0 4 3 14288 29135 0.13
1 5 3 14289 26747 0.13
2 6 3 14290 557154 0.13
3 7 3 14291 27124 0.13
4 8 3 14292 60361 0.13
5 9 3 14293 3884194 0.13
6 10 3 14294 42632 0.13
7 11 3 14295 177576 0.13
8 12 3 14296 9680430 0.13
9 13 3 14297 53228 0.13
10 14 3 14298 16777 0.13
11 15 3 14299 2141 0.13
12 16 3 14300 1277724 0.13
13 17 3 14301 696180 0.13
14 18 3 14302 7888381 0.13
15 19 3 14303 1006969 0.13
16 20 3 14304 4604 0.13
17 21 3 14305 13382 0.13
18 22 3 14306 6240 0.13
19 23 3 14307 3465 0.13
20 24 3 14308 4360729 0.13
21 25 3 14309 111600 0.13
22 26 3 14310 2184 0.13
23 27 3 14311 49402 0.13
24 28 3 14312 1649963 0.13
25 29 3 14313 4827 0.13
26 30 3 14314 26245 0.13
27 31 3 14315 11054 0.13
28 32 3 14316 638661 0.13
29 33 3 14317 4564139 0.13
30 34 3 14318 31874 0.13
31 35 3 14319 24739 0.13
32 36 3 14320 28417 0.13
33 37 3 14321 411845 0.13
34 38 3 14322 8502 0.13
35 39 3 14323 3155533 0.13
36 40 3 14324 2214 0.13
37 41 3 14325 708393 0.13
38 42 3 14326 3811064 0.13
39 43 3 14327 35040 0.13
40 44 3 14328 67574 0.13
41 45 3 14329 13321030 0.13
42 46 3 14330 98144 0.13
43 47 3 14331 27241 0.13
44 48 3 14332 60348 0.13
45 49 3 14333 9967304 0.13
46 50 3 14334 980983 0.13
47 51 3 14335 15407 0.13
48 52 3 14336 195858 0.13
49 53 3 14337 448380 0.13
50 54 3 14338 486809 0.13
51 55 3 14339 138259 0.13
52 56 3 14340 78490 0.13
53 57 3 14341 516225 0.13
54 58 3 14342 31932 0.13
55 59 3 14343 39433 0.13
56 60 3 14344 96573 0.13
57 61 3 14345 2141232 0.13
58 62 3 14346 59660 0.13
59 63 3 14347 43156 0.13
60 0 3 14348 25980 0.13
61 1 3 14349 30714 0.13
62 2 3 14350 2000 0.13
63 3 3 14351 2461393 0.13
0 5 3 14352 3438394 0.13
1 6 3 14353 38776 0.13
2 7 3 14354 65968 0.13
3 8 3 14355 2041 0.13
4 9 3 14356 6577742 0.13
5 10 3 14357 8354107 0.13
6 11 3 14358 67784 0.13
7 12 3 14359 2045 0.13
8 13 3 14360 57023 0.13
9 14 3 14361 29292 0.13
10 15 3 14362 23121 0.13
11 16 3 14363 2036 0.13
12 17 3 14364 44728 0.13
13 18 3 14365 52708 0.13
14 19 3 14366 132378 0.13
15 20 3 14367 48950 0.13
16 21 3 14368 12653 0.13
17 22 3 14369 1371178 0.13
18 23 3 14370 47944 0.13
19 24 3 14371 45671 0.13
20 25 3 14372 26298 0.13
21 26 3 14373 55132 0.13
22 27 3 14374 23956 0.13
23 28 3 14375 1645382 0.13
24 29 3 14376 5711028 0.13
25 30 3 14377 2227248 0.13
26 31 3 14378 877122 0.13
27 32 3 14379 28467 0.13
28 33 3 14380 1429268 0.13
29 34 3 14381 2264259 0.13
30 35 3 14382 52977 0.13
31 36 3 14383 3604460 0.13
32 37 3 14384 16481 0.13
33 38 3 14385 28959 0.13
34 39 3 14386 495141 0.13
35 40 3 14387 341835 0.13
36 41 3 14388 27213 0.13
37 42 3 14389 382030 0.13
38 43 3 14390 17557 0.13
39 44 3 14391 2096 0.13
40 45 3 14392 2495 0.13
41 46 3 14393 88521 0.13
42 47 3 14394 17187 0.13
43 48 3 14395 6181 0.13
44 49 3 14396 26919 0.13
45 50 3 14397 1151959 0.13
46 51 3 14398 1271070 0.13
47 52 3 14399 23281 0.13
48 53 3 14400 10136 0.13
49 54 3 14401 71595 0.13
50 55 3 14402 38382 0.13
51 56 3 14403 32315 0.13
52 57 3 14404 1994623 0.13
53 58 3 14405 28642297 0.13
54 59 3 14406 64696 0.13
55 60 3 14407 1914247 0.13
56 61 3 14408 36049 0.13
57 62 3 14409 3306388 0.13
58 63 3 14410 8688860 0.13
59 0 3 14411 2922 0.13
60 1 3 14412 1756529 0.13
61 2 3 14413 3996 0.13
62 3 3 14414 66187 0.13
63 4 3 14415 18438 0.13
0 6 3 14416 3246178 0.13
1 7 3 14417 2517521 0.13
2 8 3 14418 2847561 0.13
3 9 3 14419 7756 0.13
4 10 3 14420 1681456 0.13
5 11 3 14421 24896 0.13
6 12 3 14422 1712253 0.13
7 13 3 14423 59914 0.13
8 14 3 14424 1376190 0.13
9 15 3 14425 2280 0.13
10 16 3 14426 64038 0.13
11 17 3 14427 1709959 0.13
12 18 3 14428 77955 0.13
13 19 3 14429 18077234 0.13
14 20 3 14430 66805 0.13
15 21 3 14431 851538 0.13
16 22 3 14432 32421 0.13
17 23 3 14433 34612 0.13
18 24 3 14434 433314 0.13
19 25 3 14435 2395 0.13
20 26 3 14436 7672923 0.13
21 27 3 14437 77906 0.13
22 28 3 14438 25331 0.13
23 29 3 14439 508160 0.13
24 30 3 14440 19744 0.13
25 31 3 14441 4625587 0.13
26 32 3 14442 3909729 0.13
27 33 3 14443 21778 0.13
28 34 3 14444 7034 0.13
29 35 3 14445 463271 0.13
30 36 3 14446 34902 0.13
31 37 3 14447 13472 0.13
32 38 3 14448 27610 0.13
33 39 3 14449 7571 0.13
34 40 3 14450 1891437 0.13
35 41 3 14451 2044 0.13
36 42 3 14452 2393 0.13
37 43 3 14453 1834752 0.13
38 44 3 14454 67370 0.13
39 45 3 14455 193506 0.13
40 46 3 14456 44279 0.13
41 47 3 14457 5263 0.13
42 48 3 14458 11539 0.13
43 49 3 14459 5398 0.13
44 50 3 14460 349158 0.13
45 51 3 14461 7203484 0.13
46 52 3 14462 27982068 0.13
47 53 3 14463 401058 0.13
48 54 3 14464 3184 0.13
49 55 3 14465 556599 0.13
50 56 3 14466 1013281 0.13
51 57 3 14467 1914662 0.13
52 58 3 14468 8066 0.13
53 59 3 14469 23267 0.13
54 60 3 14470 17783807 0.13
55 61 3 14471 1885618 0.13
56 62 3 14472 1566975 0.13
57 63 3 14473 2165761 0.13
58 0 3 14474 58935 0.13
59 1 3 14475 18593 0.13
60 2 3 14476 913999 0.13
61 3 3 14477 41633 0.13
62 4 3 14478 8778 0.13
63 5 3 14479 4959891 0.13
0 7 3 14480 69685 0.13
1 8 3 14481 58653 0.13
2 9 3 14482 29471 0.13
3 10 3 14483 976302 0.13
4 11 3 14484 17955 0.13
5 12 3 14485 17325 0.13
6 13 3 14486 39532 0.13
7 14 3 14487 1324024 0.13
8 15 3 14488 27532 0.13
9 16 3 14489 2940487 0.13
10 17 3 14490 6033857 0.13
11 18 3 14491 122034 0.13
12 19 3 14492 3821 0.13
13 20 3 14493 11005 0.13
14 21 3 14494 29567 0.13
15 22 3 14495 26334 0.13
16 23 3 14496 43422 0.13
17 24 3 14497 2003 0.13
18 25 3 14498 504208 0.13
19 26 3 14499 45808 0.13
20 27 3 14500 17106 0.13
21 28 3 14501 2093 0.13
22 29 3 14502 3704878 0.13
23 30 3 14503 1760165 0.13
24 31 3 14504 23878 0.13
25 32 3 14505 1210035 0.13
26 33 3 14506 666315 0.13
27 34 3 14507 95354 0.13
28 35 3 14508 47498 0.13
29 36 3 14509 78631 0.13
30 37 3 14510 72511 0.13
31 38 3 14511 116801 0.13
32 39 3 14512 304313 0.13
33 40 3 14513 34520 0.13
34 41 3 14514 527231 0.13
35 42 3 14515 6837 0.13
36 43 3 14516 78430 0.13
37 44 3 14517 3667 0.13
38 45 3 14518 3055800 0.13
39 46 3 14519 8381 0.13
40 47 3 14520 4204783 0.13
41 48 3 14521 20207 0.13
42 49 3 14522 69700 0.13
43 50 3 14523 5912 0.13
44 51 3 14524 150306 0.13
45 52 3 14525 3088985 0.13
46 53 3 14526 663370 0.13
47 54 3 14527 79035 0.13
48 55 3 14528 1013140 0.13
49 56 3 14529 25593 0.13
50 57 3 14530 43270 0.13
51 58 3 14531 247628 0.13
52 59 3 14532 3961 0.13
53 60 3 14533 7157931 0.13
54 61 3 14534 20873 0.13
55 62 3 14535 71093 0.13
56 63 3 14536 4693019 0.13
57 0 3 14537 4596 0.13
58 1 3 14538 2030598 0.13
59 2 3 14539 3249 0.13
60 3 3 14540 128034 0.13
61 4 3 14541 7731704 0.13
62 5 3 14542 53681 0.13
63 6 3 14543 43813 0.13
0 8 3 14544 1084337 0.13
1 9 3 14545 2709288 0.13
2 10 3 14546 26581 0.13
3 11 3 14547 2375 0.13
4 12 3 14548 3927 0.13
5 13 3 14549 30780 0.13
6 14 3 14550 8185963 0.13
7 15 3 14551 9327624 0.13
8 16 3 14552 5798 0.13
9 17 3 14553 1251719 0.13
10 18 3 14554 82847 0.13
11 19 3 14555 17892 0.13
12 20 3 14556 79121 0.13
13 21 3 14557 24876 0.13
14 22 3 14558 402600 0.13
15 23 3 14559 15779 0.13
16 24 3 14560 1491943 0.13
17 25 3 14561 53504 0.13
18 26 3 14562 6441 0.13
19 27 3 14563 508994 0.13
20 28 3 14564 41592 0.13
21 29 3 14565 63550 0.13
22 30 3 14566 721938 0.13
23 31 3 14567 4484720 0.13
24 32 3 14568 13361 0.13
25 33 3 14569 16079 0.13
26 34 3 14570 50359 0.13
27 35 3 14571 37502 0.13
28 36 3 14572 11635 0.13
29 37 3 14573 28955714 0.13
30 38 3 14574 59925 0.13
31 39 3 14575 40464 0.13
32 40 3 14576 33030 0.13
33 41 3 14577 24308660 0.13
34 42 3 14578 34930 0.13
35 43 3 14579 44343 0.13
36 44 3 14580 1641843 0.13
37 45 3 14581 57058 0.13
38 46 3 14582 1258676 0.13
39 47 3 14583 267306 0.13
40 48 3 14584 136819 0.13
41 49 3 14585 21392 0.13
42 50 3 14586 1657082 0.13
43 51 3 14587 6867637 0.13
44 52 3 14588 25408 0.13
45 53 3 14589 9403698 0.13
46 54 3 14590 60961 0.13
47 55 3 14591 49418 0.13
48 56 3 14592 1263132 0.13
49 57 3 14593 18637647 0.13
50 58 3 14594 192736 0.13
51 59 3 14595 77140 0.13
52 60 3 14596 25608006 0.13
53 61 3 14597 30368 0.13
54 62 3 14598 30066 0.13
55 63 3 14599 22188 0.13
56 0 3 14600 3671612 0.13
57 1 3 14601 2122 0.13
58 2 3 14602 2658197 0.13
59 3 3 14603 917753 0.13
60 4 3 14604 27595 0.13
61 5 3 14605 120565 0.13
62 6 3 14606 125125 0.13
63 7 3 14607 6851603 0.13
0 9 3 14608 10942 0.13
1 10 3 14609 2336 0.13
2 11 3 14610 41131 0.13
3 12 3 14611 9072 0.13
4 13 3 14612 43416 0.13
5 14 3 14613 169409 0.13
6 15 3 14614 23299 0.13
7 16 3 14615 2332227 0.13
8 17 3 14616 5433 0.13
9 18 3 14617 49959 0.13
10 19 3 14618 6277271 0.13
11 20 3 14619 1342659 0.13
12 21 3 14620 1235805 0.13
13 22 3 14621 1929041 0.13
14 23 3 14622 14580 0.13
15 24 3 14623 2771157 0.13
16 25 3 14624 916760 0.13
17 26 3 14625 159255 0.13
18 27 3 14626 5546831 0.13
19 28 3 14627 191824 0.13
20 29 3 14628 30078 0.13
21 30 3 14629 1307893 0.13
22 31 3 14630 159343 0.13
23 32 3 14631 4493 0.13
24 33 3 14632 2914 0.13
25 34 3 14633 1709015 0.13
26 35 3 14634 39586 0.13
27 36 3 14635 2514251 0.13
28 37 3 14636 53812 0.13
29 38 3 14637 4034932 0.13
30 39 3 14638 4093595 0.13
31 40 3 14639 22671 0.13
32 41 3 14640 622233 0.13
33 42 3 14641 218413 0.13
34 43 3 14642 2057 0.13
35 44 3 14643 1774186 0.13
36 45 3 14644 46497 0.13
37 46 3 14645 30956 0.13
38 47 3 14646 2382 0.13
39 48 3 14647 97022 0.13
40 49 3 14648 9966 0.13
41 50 3 14649 73631 0.13
42 51 3 14650 22079 0.13
43 52 3 14651 2536 0.13
44 53 3 14652 1315785 0.13
45 54 3 14653 48576 0.13
46 55 3 14654 60526 0.13
47 56 3 14655 191655 0.13
48 57 3 14656 74168 0.13
49 58 3 14657 22208 0.13
50 59 3 14658 28978 0.13
51 60 3 14659 48864 0.13
52 61 3 14660 8575 0.13
53 62 3 14661 4778 0.13
54 63 3 14662 151041 0.13
55 0 3 14663 2490 0.13
56 1 3 14664 49838 0.13
57 2 3 14665 4955 0.13
58 3 3 14666 73497 0.13
59 4 3 14667 1738251 0.13
60 5 3 14668 8430 0.13
61 6 3 14669 8789 0.13
62 7 3 14670 130222 0.13
63 8 3 14671 70275 0.13
0 10 3 14672 617987 0.13
1 11 3 14673 19219 0.13
2 12 3 14674 327974 0.13
3 13 3 14675 1356677 0.13
4 14 3 14676 24624 0.13
5 15 3 14677 4015 0.13
6 16 3 14678 1767718 0.13
7 17 3 14679 34682 0.13
8 18 3 14680 6724148 0.13
9 19 3 14681 5271 0.13
10 20 3 14682 773980 0.13
11 21 3 14683 55432 0.13
12 22 3 14684 39661 0.13
13 23 3 14685 34147 0.13
14 24 3 14686 189503 0.13
15 25 3 14687 2156 0.13
16 26 3 14688 30963 0.13
17 27 3 14689 21767944 0.13
18 28 3 14690 329767 0.13
19 29 3 14691 23439454 0.13
20 30 3 14692 59740 0.13
21 31 3 14693 9665 0.13
22 32 3 14694 2431 0.13
23 33 3 14695 2545157 0.13
24 34 3 14696 19937 0.13
25 35 3 14697 44764 0.13
26 36 3 14698 1577337 0.13
27 37 3 14699 3582924 0.13
28 38 3 14700 6989 0.13
29 39 3 14701 2817 0.13
30 40 3 14702 8495779 0.13
31 41 3 14703 6909263 0.13
32 42 3 14704 4062570 0.13
33 43 3 14705 2604018 0.13
34 44 3 14706 2068 0.13
35 45 3 14707 950361 0.13
36 46 3 14708 6902 0.13
37 47 3 14709 61552 0.13
38 48 3 14710 2136 0.13
39 49 3 14711 20900 0.13
40 50 3 14712 93723 0.13
41 51 3 14713 20380 0.13
42 52 3 14714 78445 0.13
43 53 3 14715 25865 0.13
44 54 3 14716 69159 0.13
45 55 3 14717 1299235 0.13
46 56 3 14718 9307 0.13
47 57 3 14719 990041 0.13
48 58 3 14720 2091 0.13
49 59 3 14721 170865 0.13
50 60 3 14722 708226 0.13
51 61 3 14723 2413 0.13
52 62 3 14724 14063 0.13
53 63 3 14725 28401 0.13
54 0 3 14726 1891884 0.13
55 1 3 14727 343718 0.13
56 2 3 14728 2715 0.13
57 3 3 14729 638062 0.13
58 4 3 14730 2041 0.13
59 5 3 14731 47729 0.13
60 6 3 14732 27131 0.13
61 7 3 14733 3562488 0.13
62 8 3 14734 680802 0.13
63 9 3 14735 3928468 0.13
0 11 3 14736 2095 0.13
1 12 3 14737 4022313 0.13
2 13 3 14738 595289 0.13
3 14 3 14739 23116 0.13
4 15 3 14740 46140 0.13
5 16 3 14741 14407959 0.13
6 17 3 14742 5972 0.13
7 18 3 14743 33091 0.13
8 19 3 14744 4003182 0.13
9 20 3 14745 82675 0.13
10 21 3 14746 17283 0.13
11 22 3 14747 73227 0.13
12 23 3 14748 63381 0.13
13 24 3 14749 6882140 0.13
14 25 3 14750 2119 0.13
15 26 3 14751 24739 0.13
16 27 3 14752 79865 0.13
17 28 3 14753 36713 0.13
18 29 3 14754 48679 0.13
19 30 3 14755 11401 0.13
20 31 3 14756 39355 0.13
21 32 3 14757 40382 0.13
22 33 3 14758 401847 0.13
23 34 3 14759 23620 0.13
24 35 3 14760 15496178 0.13
25 36 3 14761 73365 0.13
26 37 3 14762 2356785 0.13
27 38 3 14763 406338 0.13
28 39 3 14764 4360318 0.13
29 40 3 14765 4712062 0.13
30 41 3 14766 2445759 0.13
31 42 3 14767 2226 0.13
32 43 3 14768 122753 0.13
33 44 3 14769 28019 0.13
34 45 3 14770 10341 0.13
35 46 3 14771 4915259 0.13
36 47 3 14772 655454 0.13
37 48 3 14773 5145 0.13
38 49 3 14774 46441 0.13
39 50 3 14775 9328978 0.13
40 51 3 14776 299587 0.13
41 52 3 14777 404196 0.13
42 53 3 14778 22742 0.13
43 54 3 14779 24036 0.13
44 55 3 14780 10549 0.13
45 56 3 14781 10358115 0.13
46 57 3 14782 5695385 0.13
47 58 3 14783 35856 0.13
48 59 3 14784 100972 0.13
49 60 3 14785 20675 0.13
50 61 3 14786 9086 0.13
51 62 3 14787 99463 0.13
52 63 3 14788 2003151 0.13
53 0 3 14789 3877629 0.13
54 1 3 14790 31799 0.13
55 2 3 14791 1051363 0.13
56 3 3 14792 78570 0.13
57 4 3 14793 8820 0.13
58 5 3 14794 27123866 0.13
59 6 3 14795 13851272 0.13
60 7 3 14796 9612 0.13
61 8 3 14797 7359281 0.13
62 9 3 14798 6222294 0.13
63 10 3 14799 33499 0.13
0 12 3 14800 126869 0.13
1 13 3 14801 8471540 0.13
2 14 3 14802 7470 0.13
3 15 3 14803 33519 0.13
4 16 3 14804 4389143 0.13
5 17 3 14805 1270795 0.13
6 18 3 14806 1654350 0.13
7 19 3 14807 4403957 0.13
8 20 3 14808 53240 0.13
9 21 3 14809 52596 0.13
10 22 3 14810 59924 0.13
11 23 3 14811 7412037 0.13
12 24 3 14812 4823902 0.13
13 25 3 14813 7375002 0.13
14 26 3 14814 27379 0.13
15 27 3 14815 1791078 0.13
16 28 3 14816 6541 0.13
17 29 3 14817 16949 0.13
18 30 3 14818 1624474 0.13
19 31 3 14819 295852 0.13
20 32 3 14820 26686 0.13
21 33 3 14821 143502 0.13
22 34 3 14822 23091 0.13
23 35 3 14823 23218 0.13
24 36 3 14824 899023 0.13
25 37 3 14825 41852 0.13
26 38 3 14826 905130 0.13
27 39 3 14827 67677 0.13
28 40 3 14828 73613 0.13
29 41 3 14829 237694 0.13
30 42 3 14830 1120191 0.13
31 43 3 14831 44791 0.13
32 44 3 14832 3563882 0.13
33 45 3 14833 71102 0.13
34 46 3 14834 9001 0.13
35 47 3 14835 18651 0.13
36 48 3 14836 2263 0.13
37 49 3 14837 1645388 0.13
38 50 3 14838 2075 0.13
39 51 3 14839 26985 0.13
40 52 3 14840 53010 0.13
41 53 3 14841 1423666 0.13
42 54 3 14842 22162278 0.13
43 55 3 14843 1577765 0.13
44 56 3 14844 3629 0.13
45 57 3 14845 6935943 0.13
46 58 3 14846 20418426 0.13
47 59 3 14847 4013870 0.13
48 60 3 14848 70756 0.13
49 61 3 14849 34979 0.13
50 62 3 14850 63279 0.13
51 63 3 14851 24678 0.13
52 0 3 14852 51123 0.13
53 1 3 14853 2391 0.13
54 2 3 14854 1353317 0.13
55 3 3 14855 46074 0.13
56 4 3 14856 32579 0.13
57 5 3 14857 292038 0.13
58 6 3 14858 1424678 0.13
59 7 3 14859 189381 0.13
60 8 3 14860 78899 0.13
61 9 3 14861 4273489 0.13
62 10 3 14862 1869198 0.13
63 11 3 14863 77842 0.13
0 13 3 14864 61909 0.13
1 14 3 14865 2810303 0.13
2 15 3 14866 2398 0.13
3 16 3 14867 27224247 0.13
4 17 3 14868 77392 0.13
5 18 3 14869 49122 0.13
6 19 3 14870 1351700 0.13
7 20 3 14871 127487 0.13
8 21 3 14872 76798 0.13
9 22 3 14873 445188 0.13
10 23 3 14874 2490 0.13
11 24 3 14875 29117 0.13
12 25 3 14876 49607 0.13
13 26 3 14877 30910 0.13
14 27 3 14878 2828630 0.13
15 28 3 14879 64157 0.13
16 29 3 14880 55183 0.13
17 30 3 14881 305074 0.13
18 31 3 14882 2818 0.13
19 32 3 14883 76992 0.13
20 33 3 14884 9379 0.13
21 34 3 14885 2896805 0.13
22 35 3 14886 61930 0.13
23 36 3 14887 1226467 0.13
24 37 3 14888 7053 0.13
25 38 3 14889 1787311 0.13
26 39 3 14890 7703032 0.13
27 40 3 14891 968913 0.13
28 41 3 14892 8824 0.13
29 42 3 14893 53129 0.13
30 43 3 14894 61742 0.13
31 44 3 14895 15775 0.13
32 45 3 14896 183397 0.13
33 46 3 14897 1126343 0.13
34 47 3 14898 20193 0.13
35 48 3 14899 62619 0.13
36 49 3 14900 25008 0.13
37 50 3 14901 933739 0.13
38 51 3 14902 5511604 0.13
39 52 3 14903 1964862 0.13
40 53 3 14904 1183747 0.13
41 54 3 14905 7883 0.13
42 55 3 14906 7133 0.13
43 56 3 14907 61399 0.13
44 57 3 14908 42588 0.13
45 58 3 14909 78573 0.13
46 59 3 14910 46817 0.13
47 60 3 14911 1910665 0.13
48 61 3 14912 75769 0.13
49 62 3 14913 8553849 0.13
50 63 3 14914 45735 0.13
51 0 3 14915 46121 0.13
52 1 3 14916 1682603 0.13
53 2 3 14917 5875198 0.13
54 3 3 14918 140842 0.13
55 4 3 14919 676242 0.13
56 5 3 14920 10017 0.13
57 6 3 14921 4064556 0.13
58 7 3 14922 15773 0.13
59 8 3 14923 1120474 0.13
60 9 3 14924 54518 0.13
61 10 3 14925 31903 0.13
62 11 3 14926 1686304 0.13
63 12 3 14927 60674 0.13
0 14 3 14928 411622 0.13
1 15 3 14929 7404 0.13
2 16 3 14930 8525 0.13
3 17 3 14931 20285 0.13
4 18 3 14932 380482 0.13
5 19 3 14933 25311 0.13
6 20 3 14934 63532 0.13
7 21 3 14935 3662331 0.13
8 22 3 14936 103144 0.13
9 23 3 14937 2028 0.13
10 24 3 14938 4481087 0.13
11 25 3 14939 23787 0.13
12 26 3 14940 180906 0.13
13 27 3 14941 67471 0.13
14 28 3 14942 52342 0.13
15 29 3 14943 4558 0.13
16 30 3 14944 200816 0.13
17 31 3 14945 24471 0.13
18 32 3 14946 109728 0.13
19 33 3 14947 358128 0.13
20 34 3 14948 127226 0.13
21 35 3 14949 2757575 0.13
22 36 3 14950 2485 0.13
23 37 3 14951 9860 0.13
24 38 3 14952 626215 0.13
25 39 3 14953 2322 0.13
26 40 3 14954 3614878 0.13
27 41 3 14955 735972 0.13
28 42 3 14956 3140433 0.13
29 43 3 14957 29844 0.13
30 44 3 14958 6456049 0.13
31 45 3 14959 2487 0.13
32 46 3 14960 53913 0.13
33 47 3 14961 15649 0.13
34 48 3 14962 776723 0.13
35 49 3 14963 288718 0.13
36 50 3 14964 932108 0.13
37 51 3 14965 191375 0.13
38 52 3 14966 1873075 0.13
39 53 3 14967 15483 0.13
40 54 3 14968 62770 0.13
41 55 3 14969 163942 0.13
42 56 3 14970 7248558 0.13
43 57 3 14971 5518 0.13
44 58 3 14972 29929 0.13
45 59 3 14973 43713 0.13
46 60 3 14974 45787 0.13
47 61 3 14975 3736 0.13
48 62 3 14976 56305 0.13
49 63 3 14977 115093 0.13
50 0 3 14978 29283 0.13
51 1 3 14979 8763 0.13
52 2 3 14980 956955 0.13
53 3 3 14981 27441 0.13
54 4 3 14982 79319 0.13
55 5 3 14983 78764 0.13
56 6 3 14984 966635 0.13
57 7 3 14985 296429 0.13
58 8 3 14986 6744 0.13
59 9 3 14987 1297285 0.13
60 10 3 14988 431828 0.13
61 11 3 14989 21459509 0.13
62 12 3 14990 69306 0.13
63 13 3 14991 909234 0.13
0 15 3 14992 7420833 0.13
1 16 3 14993 20852294 0.13
2 17 3 14994 28718 0.13
3 18 3 14995 270756 0.13
4 19 3 14996 33297 0.13
5 20 3 14997 78936 0.13
6 21 3 14998 26682890 0.13
7 22 3 14999 40770 0.13
8 23 3 15000 8377 0.13
9 24 3 15001 135944 0.13
10 25 3 15002 77624 0.13
11 26 3 15003 454860 0.13
12 27 3 15004 71347 0.13
13 28 3 15005 15981 0.13
14 29 3 15006 275246 0.13
15 30 3 15007 1085870 0.13
16 31 3 15008 16171773 0.13
17 32 3 15009 2007 0.13
18 33 3 15010 2153 0.13
19 34 3 15011 403685 0.13
20 35 3 15012 7434 0.13
21 36 3 15013 3442093 0.13
22 37 3 15014 1995643 0.13
23 38 3 15015 29324671 0.13
24 39 3 15016 53240 0.13
25 40 3 15017 36758 0.13
26 41 3 15018 132140 0.13
27 42 3 15019 500028 0.13
28 43 3 15020 2056 0.13
29 44 3 15021 20118 0.13
30 45 3 15022 28162 0.13
31 46 3 15023 1901955 0.13
32 47 3 15024 31554 0.13
33 48 3 15025 74620 0.13
34 49 3 15026 34784 0.13
35 50 3 15027 2030 0.13
36 51 3 15028 886686 0.13
37 52 3 15029 38272 0.13
38 53 3 15030 1243966 0.13
39 54 3 15031 327946 0.13
40 55 3 15032 2221 0.13
41 56 3 15033 15125 0.13
42 57 3 15034 36102 0.13
43 58 3 15035 37587 0.13
44 59 3 15036 779783 0.13
45 60 3 15037 6154503 0.13
46 61 3 15038 1972543 0.13
47 62 3 15039 565217 0.13
48 63 3 15040 68806 0.13
49 0 3 15041 417603 0.13
50 1 3 15042 4761749 0.13
51 2 3 15043 91944 0.13
52 3 3 15044 37021 0.13
53 4 3 15045 1839890 0.13
54 5 3 15046 53219 0.13
55 6 3 15047 1425846 0.13
56 7 3 15048 3053172 0.13
57 8 3 15049 29934 0.13
58 9 3 15050 1249641 0.13
59 10 3 15051 33100 0.13
60 11 3 15052 90089 0.13
61 12 3 15053 20826 0.13
62 13 3 15054 883946 0.13
63 14 3 15055 1995353 0.13
0 16 3 15056 4640884 0.13
1 17 3 15057 40719 0.13
2 18 3 15058 9972378 0.13
3 19 3 15059 28046 0.13
4 20 3 15060 2248 0.13
5 21 3 15061 19079179 0.13
6 22 3 15062 412086 0.13
7 23 3 15063 3272173 0.13
8 24 3 15064 150254 0.13
9 25 3 15065 47913 0.13
10 26 3 15066 191757 0.13
11 27 3 15067 3937810 0.13
12 28 3 15068 1515402 0.13
13 29 3 15069 1052661 0.13
14 30 3 15070 32899 0.13
15 31 3 15071 2255 0.13
16 32 3 15072 53200 0.13
17 33 3 15073 72397 0.13
18 34 3 15074 23764 0.13
19 35 3 15075 61978 0.13
20 36 3 15076 8623339 0.13
21 37 3 15077 21613 0.13
22 38 3 15078 30463 0.13
23 39 3 15079 6978 0.13
24 40 3 15080 1849439 0.13
25 41 3 15081 1777903 0.13
26 42 3 15082 5953846 0.13
27 43 3 15083 60101 0.13
28 44 3 15084 2165 0.13
29 45 3 15085 69076 0.13
30 46 3 15086 73089 0.13
31 47 3 15087 18042 0.13
32 48 3 15088 6688340 0.13
33 49 3 15089 1324410 0.13
34 50 3 15090 78529 0.13
35 51 3 15091 1755332 0.13
36 52 3 15092 9463 0.13
37 53 3 15093 4153969 0.13
38 54 3 15094 2664155 0.13
39 55 3 15095 7715989 0.13
40 56 3 15096 813738 0.13
41 57 3 15097 8617 0.13
42 58 3 15098 1245706 0.13
43 59 3 15099 63700 0.13
44 60 3 15100 1136773 0.13
45 61 3 15101 78233 0.13
46 62 3 15102 2020 0.13
47 63 3 15103 7309810 0.13
48 0 3 15104 896418 0.13
49 1 3 15105 190207 0.13
50 2 3 15106 5095 0.13
51 3 3 15107 65432 0.13
52 4 3 15108 2448 0.13
53 5 3 15109 77825 0.13
54 6 3 15110 671874 0.13
55 7 3 15111 32496 0.13
56 8 3 15112 161531 0.13
57 9 3 15113 32428 0.13
58 10 3 15114 4764067 0.13
59 11 3 15115 34176 0.13
60 12 3 15116 18509 0.13
61 13 3 15117 27664 0.13
62 14 3 15118 33829 0.13
63 15 3 15119 59488 0.13
0 17 3 15120 7412 0.13
1 18 3 15121 9945 0.13
2 19 3 15122 27363 0.13
3 20 3 15123 2076 0.13
4 21 3 15124 383559 0.13
5 22 3 15125 76321 0.13
6 23 3 15126 20657 0.13
7 24 3 15127 40063 0.13
8 25 3 15128 33696 0.13
9 26 3 15129 9324 0.13
10 27 3 15130 1043536 0.13
11 28 3 15131 28326 0.13
12 29 3 15132 24482 0.13
13 30 3 15133 3987 0.13
14 31 3 15134 306103 0.13
15 32 3 15135 37747 0.13
16 33 3 15136 60072 0.13
17 34 3 15137 8405 0.13
18 35 3 15138 66323 0.13
19 36 3 15139 803967 0.13
20 37 3 15140 6474 0.13
21 38 3 15141 2765 0.13
22 39 3 15142 56107 0.13
23 40 3 15143 15796 0.13
24 41 3 15144 193350 0.13
25 42 3 15145 187582 0.13
26 43 3 15146 3085232 0.13
27 44 3 15147 994923 0.13
28 45 3 15148 330522 0.13
29 46 3 15149 32488 0.13
30 47 3 15150 2523259 0.13
31 48 3 15151 1128986 0.13
32 49 3 15152 766962 0.13
33 50 3 15153 85974 0.13
34 51 3 15154 12454592 0.13
35 52 3 15155 1557429 0.13
36 53 3 15156 65160 0.13
37 54 3 15157 8543 0.13
38 55 3 15158 2385530 0.13
39 56 3 15159 6406360 0.13
40 57 3 15160 65755 0.13
41 58 3 15161 62827 0.13
42 59 3 15162 875823 0.13
43 60 3 15163 1102159 0.13
44 61 3 15164 65091 0.13
45 62 3 15165 23169 0.13
46 63 3 15166 22379 0.13
47 0 3 15167 3832888 0.13
48 1 3 15168 335536 0.13
49 2 3 15169 5918686 0.13
50 3 3 15170 48415 0.13
51 4 3 15171 996916 0.13
52 5 3 15172 721444 0.13
53 6 3 15173 1887787 0.13
54 7 3 15174 4472116 0.13
55 8 3 15175 62296 0.13
56 9 3 15176 2236 0.13
57 10 3 15177 67384 0.13
58 11 3 15178 40288 0.13
59 12 3 15179 64132 0.13
60 13 3 15180 14160 0.13
61 14 3 15181 1679415 0.13
62 15 3 15182 235521 0.13
63 16 3 15183 8191 0.13
0 18 3 15184 6234 0.13
1 19 3 15185 2526586 0.13
2 20 3 15186 1967577 0.13
3 21 3 15187 35173 0.13
4 22 3 15188 595611 0.13
5 23 3 15189 1924309 0.13
6 24 3 15190 84706 0.13
7 25 3 15191 50188 0.13
8 26 3 15192 53101 0.13
9 27 3 15193 366998 0.13
10 28 3 15194 110769 0.13
11 29 3 15195 12594487 0.13
12 30 3 15196 46763 0.13
13 31 3 15197 38142 0.13
14 32 3 15198 2417471 0.13
15 33 3 15199 184520 0.13
16 34 3 15200 1843139 0.13
17 35 3 15201 58158 0.13
18 36 3 15202 1873267 0.13
19 37 3 15203 104903 0.13
20 38 3 15204 23615 0.13
21 39 3 15205 700898 0.13
22 40 3 15206 4452 0.13
23 41 3 15207 7204518 0.13
24 42 3 15208 155751 0.13
25 43 3 15209 69991 0.13
26 44 3 15210 186565 0.13
27 45 3 15211 64517 0.13
28 46 3 15212 123007 0.13
29 47 3 15213 2660691 0.13
30 48 3 15214 15234 0.13
31 49 3 15215 8991674 0.13
32 50 3 15216 3872 0.13
33 51 3 15217 6699 0.13
34 52 3 15218 2422001 0.13
35 53 3 15219 1713433 0.13
36 54 3 15220 45782 0.13
37 55 3 15221 71760 0.13
38 56 3 15222 681318 0.13
39 57 3 15223 5337 0.13
40 58 3 15224 2511007 0.13
41 59 3 15225 4617846 0.13
42 60 3 15226 5232571 0.13
43 61 3 15227 489062 0.13
44 62 3 15228 2000 0.13
45 63 3 15229 9738 0.13
46 0 3 15230 9937 0.13
47 1 3 15231 82152 0.13
48 2 3 15232 47996 0.13
49 3 3 15233 162168 0.13
50 4 3 15234 19133 0.13
51 5 3 15235 852134 0.13
52 6 3 15236 33319 0.13
53 7 3 15237 149045 0.13
54 8 3 15238 5943161 0.13
55 9 3 15239 30910 0.13
56 10 3 15240 8095235 0.13
57 11 3 15241 58013 0.13
58 12 3 15242 18386869 0.13
59 13 3 15243 38852 0.13
60 14 3 15244 5250 0.13
61 15 3 15245 2040 0.13
62 16 3 15246 20947765 0.13
63 17 3 15247 50968 0.13
0 19 3 15248 8204 0.13
1 20 3 15249 29418 0.13
2 21 3 15250 43844 0.13
3 22 3 15251 112374 0.13
4 23 3 15252 2718 0.13
5 24 3 15253 1033541 0.13
6 25 3 15254 2622598 0.13
7 26 3 15255 41848 0.13
8 27 3 15256 3837435 0.13
9 28 3 15257 3970389 0.13
10 29 3 15258 23524 0.13
11 30 3 15259 1022218 0.13
12 31 3 15260 48853 0.13
13 32 3 15261 33625 0.13
14 33 3 15262 46557 0.13
15 34 3 15263 46313 0.13
16 35 3 15264 105917 0.13
17 36 3 15265 699900 0.13
18 37 3 15266 67278 0.13
19 38 3 15267 17645 0.13
20 39 3 15268 46919 0.13
21 40 3 15269 6748717 0.13
22 41 3 15270 3198880 0.13
23 42 3 15271 10853 0.13
24 43 3 15272 28304028 0.13
25 44 3 15273 760528 0.13
26 45 3 15274 8742 0.13
27 46 3 15275 4022 0.13
28 47 3 15276 2078 0.13
29 48 3 15277 1213392 0.13
30 49 3 15278 70008 0.13
31 50 3 15279 58477 0.13
32 51 3 15280 23478428 0.13
33 52 3 15281 4926 0.13
34 53 3 15282 537943 0.13
35 54 3 15283 53658 0.13
36 55 3 15284 62929 0.13
37 56 3 15285 1889284 0.13
38 57 3 15286 235436 0.13
39 58 3 15287 55931 0.13
40 59 3 15288 15959 0.13
41 60 3 15289 75249 0.13
42 61 3 15290 117800 0.13
43 62 3 15291 61549 0.13
44 63 3 15292 41061 0.13
45 0 3 15293 17158 0.13
46 1 3 15294 236586 0.13
47 2 3 15295 162180 0.13
48 3 3 15296 3404116 0.13
49 4 3 15297 23674 0.13
50 5 3 15298 73475 0.13
51 6 3 15299 52501 0.13
52 7 3 15300 107713 0.13
53 8 3 15301 43394 0.13
54 9 3 15302 15488966 0.13
55 10 3 15303 145399 0.13
56 11 3 15304 1048825 0.13
57 12 3 15305 7053 0.13
58 13 3 15306 68815 0.13
59 14 3 15307 923978 0.13
60 15 3 15308 9366 0.13
61 16 3 15309 1312931 0.13
62 17 3 15310 19052732 0.13
63 18 3 15311 19112251 0.13
0 20 3 15312 1788698 0.13
1 21 3 15313 64985 0.13
2 22 3 15314 4476 0.13
3 23 3 15315 4697464 0.13
4 24 3 15316 5191 0.13
5 25 3 15317 66719 0.13
6 26 3 15318 1416861 0.13
7 27 3 15319 9315074 0.13
8 28 3 15320 4465 0.13
9 29 3 15321 469501 0.13
10 30 3 15322 1980982 0.13
11 31 3 15323 32499 0.13
12 32 3 15324 2694 0.13
13 33 3 15325 38709 0.13
14 34 3 15326 1785271 0.13
15 35 3 15327 65892 0.13
16 36 3 15328 75999 0.13
17 37 3 15329 65976 0.13
18 38 3 15330 1338145 0.13
19 39 3 15331 54849 0.13
20 40 3 15332 9327235 0.13
21 41 3 15333 1982232 0.13
22 42 3 15334 28920 0.13
23 43 3 15335 2304 0.13
24 44 3 15336 6633179 0.13
25 45 3 15337 1494252 0.13
26 46 3 15338 1269717 0.13
27 47 3 15339 137782 0.13
28 48 3 15340 3299 0.13
29 49 3 15341 66883 0.13
30 50 3 15342 13815 0.13
31 51 3 15343 2613 0.13
32 52 3 15344 23576552 0.13
33 53 3 15345 2266873 0.13
34 54 3 15346 394536 0.13
35 55 3 15347 28681 0.13
36 56 3 15348 4775 0.13
37 57 3 15349 74368 0.13
38 58 3 15350 3543357 0.13
39 59 3 15351 27784 0.13
40 60 3 15352 8603 0.13
41 61 3 15353 28097 0.13
42 62 3 15354 3735751 0.13
43 63 3 15355 2071 0.13
44 0 3 15356 6923 0.13
45 1 3 15357 14922 0.13
46 2 3 15358 185891 0.13
47 3 3 15359 10227 0.13
48 4 3 15360 60766 0.13
49 5 3 15361 2235220 0.13
50 6 3 15362 26125 0.13
51 7 3 15363 1007748 0.13
52 8 3 15364 69596 0.13
53 9 3 15365 1993720 0.13
54 10 3 15366 3860432 0.13
55 11 3 15367 38569 0.13
56 12 3 15368 4908 0.13
57 13 3 15369 9605 0.13
58 14 3 15370 7424418 0.13
59 15 3 15371 10830 0.13
60 16 3 15372 72141 0.13
61 17 3 15373 25723716 0.13
62 18 3 15374 1703677 0.13
63 19 3 15375 23794 0.13
0 21 3 15376 59273 0.13
1 22 3 15377 500597 0.13
2 23 3 15378 21085 0.13
3 24 3 15379 1343611 0.13
4 25 3 15380 39015 0.13
5 26 3 15381 538088 0.13
6 27 3 15382 1554839 0.13
7 28 3 15383 7279 0.13
8 29 3 15384 13520 0.13
9 30 3 15385 49748 0.13
10 31 3 15386 30273 0.13
11 32 3 15387 1461505 0.13
12 33 3 15388 1524278 0.13
13 34 3 15389 84321 0.13
14 35 3 15390 45960 0.13
15 36 3 15391 1056078 0.13
16 37 3 15392 67212 0.13
17 38 3 15393 9611 0.13
18 39 3 15394 4108332 0.13
19 40 3 15395 2059 0.13
20 41 3 15396 6944466 0.13
21 42 3 15397 61266 0.13
22 43 3 15398 827947 0.13
23 44 3 15399 9411623 0.13
24 45 3 15400 863010 0.13
25 46 3 15401 2380 0.13
26 47 3 15402 6265152 0.13
27 48 3 15403 499393 0.13
28 49 3 15404 9013118 0.13
29 50 3 15405 57335 0.13
30 51 3 15406 6288715 0.13
31 52 3 15407 3750670 0.13
32 53 3 15408 36993 0.13
33 54 3 15409 26708 0.13
34 55 3 15410 5879 0.13
35 56 3 15411 634746 0.13
36 57 3 15412 48230 0.13
37 58 3 15413 1731510 0.13
38 59 3 15414 1490909 0.13
39 60 3 15415 1343134 0.13
40 61 3 15416 180670 0.13
41 62 3 15417 18985 0.13
42 63 3 15418 37481 0.13
43 0 3 15419 922226 0.13
44 1 3 15420 15983 0.13
45 2 3 15421 110192 0.13
46 3 3 15422 782414 0.13
47 4 3 15423 2950684 0.13
48 5 3 15424 2059 0.13
49 6 3 15425 5838 0.13
50 7 3 15426 6312 0.13
51 8 3 15427 60602 0.13
52 9 3 15428 21941 0.13
53 10 3 15429 28329 0.13
54 11 3 15430 18615 0.13
55 12 3 15431 2149 0.13
56 13 3 15432 5435 0.13
57 14 3 15433 7750390 0.13
58 15 3 15434 652844 0.13
59 16 3 15435 3063774 0.13
60 17 3 15436 8606354 0.13
61 18 3 15437 504663 0.13
62 19 3 15438 1080751 0.13
63 20 3 15439 7598 0.13
0 22 3 15440 3693224 0.13
1 23 3 15441 8392 0.13
2 24 3 15442 651157 0.13
3 25 3 15443 4996916 0.13
4 26 3 15444 141832 0.13
5 27 3 15445 9797536 0.13
6 28 3 15446 4880048 0.13
7 29 3 15447 965229 0.13
8 30 3 15448 25333 0.13
9 31 3 15449 65451 0.13
10 32 3 15450 7584432 0.13
11 33 3 15451 510244 0.13
12 34 3 15452 6621099 0.13
13 35 3 15453 27638 0.13
14 36 3 15454 56226 0.13
15 37 3 15455 5242249 0.13
16 38 3 15456 1698805 0.13
17 39 3 15457 34680 0.13
18 40 3 15458 12393 0.13
19 41 3 15459 4179 0.13
20 42 3 15460 1771059 0.13
21 43 3 15461 46559 0.13
22 44 3 15462 36530 0.13
23 45 3 15463 3204 0.13
24 46 3 15464 8971835 0.13
25 47 3 15465 26466 0.13
26 48 3 15466 59363 0.13
27 49 3 15467 71166 0.13
28 50 3 15468 7041878 0.13
29 51 3 15469 282415 0.13
30 52 3 15470 15688 0.13
31 53 3 15471 71243 0.13
32 54 3 15472 9509 0.13
33 55 3 15473 1687073 0.13
34 56 3 15474 21838 0.13
35 57 3 15475 546705 0.13
36 58 3 15476 5900658 0.13
37 59 3 15477 1154003 0.13
38 60 3 15478 6262 0.13
39 61 3 15479 4104 0.13
40 62 3 15480 150876 0.13
41 63 3 15481 25059 0.13
42 0 3 15482 60588 0.13
43 1 3 15483 4895371 0.13
44 2 3 15484 9908 0.13
45 3 3 15485 522682 0.13
46 4 3 15486 7349551 0.13
47 5 3 15487 716846 0.13
48 6 3 15488 26643 0.13
49 7 3 15489 1000551 0.13
50 8 3 15490 5329824 0.13
51 9 3 15491 156526 0.13
52 10 3 15492 76626 0.13
53 11 3 15493 7850790 0.13
54 12 3 15494 70926 0.13
55 13 3 15495 58321 0.13
56 14 3 15496 3321474 0.13
57 15 3 15497 1809370 0.13
58 16 3 15498 1853817 0.13
59 17 3 15499 97363 0.13
60 18 3 15500 2016 0.13
61 19 3 15501 8868238 0.13
62 20 3 15502 2539299 0.13
63 21 3 15503 68938 0.13
0 23 3 15504 143846 0.13
1 24 3 15505 7503013 0.13
2 25 3 15506 41783 0.13
3 26 3 15507 854685 0.13
4 27 3 15508 50141 0.13
5 28 3 15509 458180 0.13
6 29 3 15510 9201706 0.13
7 30 3 15511 5346 0.13
8 31 3 15512 87930 0.13
9 32 3 15513 9351823 0.13
10 33 3 15514 4631 0.13
11 34 3 15515 63762 0.13
12 35 3 15516 1665080 0.13
13 36 3 15517 582340 0.13
14 37 3 15518 15323 0.13
15 38 3 15519 2357 0.13
16 39 3 15520 46832 0.13
17 40 3 15521 18200 0.13
18 41 3 15522 967058 0.13
19 42 3 15523 4893820 0.13
20 43 3 15524 444936 0.13
21 44 3 15525 41852 0.13
22 45 3 15526 4940 0.13
23 46 3 15527 462330 0.13
24 47 3 15528 1353241 0.13
25 48 3 15529 9195 0.13
26 49 3 15530 18618 0.13
27 50 3 15531 1197390 0.13
28 51 3 15532 187906 0.13
29 52 3 15533 70592 0.13
30 53 3 15534 3409 0.13
31 54 3 15535 98089 0.13
32 55 3 15536 31546 0.13
33 56 3 15537 86754 0.13
34 57 3 15538 3027508 0.13
35 58 3 15539 61378 0.13
36 59 3 15540 27222418 0.13
37 60 3 15541 2327 0.13
38 61 3 15542 2923 0.13
39 62 3 15543 1877785 0.13
40 63 3 15544 2404 0.13
41 0 3 15545 7454 0.13
42 1 3 15546 2213111 0.13
43 2 3 15547 738531 0.13
44 3 3 15548 63470 0.13
45 4 3 15549 824622 0.13
46 5 3 15550 4227661 0.13
47 6 3 15551 9916 0.13
48 7 3 15552 164592 0.13
49 8 3 15553 6772557 0.13
50 9 3 15554 2325 0.13
51 10 3 15555 9327 0.13
52 11 3 15556 630652 0.13
53 12 3 15557 66435 0.13
54 13 3 15558 6287076 0.13
55 14 3 15559 2444 0.13
56 15 3 15560 1012968 0.13
57 16 3 15561 8443 0.13
58 17 3 15562 14449 0.13
59 18 3 15563 2499 0.13
60 19 3 15564 31467 0.13
61 20 3 15565 1936971 0.13
62 21 3 15566 62965 0.13
63 22 3 15567 14137 0.13
0 24 3 15568 184644 0.13
1 25 3 15569 2534005 0.13
2 26 3 15570 6506 0.13
3 27 3 15571 72417 0.13
4 28 3 15572 1991752 0.13
5 29 3 15573 22057 0.13
6 30 3 15574 2133605 0.13
7 31 3 15575 56048 0.13
8 32 3 15576 2345630 0.13
9 33 3 15577 18128501 0.13
10 34 3 15578 827182 0.13
11 35 3 15579 34846 0.13
12 36 3 15580 13902179 0.13
13 37 3 15581 158800 0.13
14 38 3 15582 8986 0.13
15 39 3 15583 3092812 0.13
16 40 3 15584 1931016 0.13
17 41 3 15585 1642278 0.13
18 42 3 15586 188146 0.13
19 43 3 15587 37100 0.13
20 44 3 15588 7659 0.13
21 45 3 15589 9298 0.13
22 46 3 15590 53497 0.13
23 47 3 15591 970366 0.13
24 48 3 15592 120127 0.13
25 49 3 15593 58921 0.13
26 50 3 15594 6833966 0.13
27 51 3 15595 2375 0.13
28 52 3 15596 5997 0.13
29 53 3 15597 3421001 0.13
30 54 3 15598 299532 0.13
31 55 3 15599 1776616 0.13
32 56 3 15600 2078 0.13
33 57 3 15601 70069 0.13
34 58 3 15602 2031 0.13
35 59 3 15603 15882 0.13
36 60 3 15604 5239 0.13
37 61 3 15605 614046 0.13
38 62 3 15606 4607454 0.13
39 63 3 15607 53743 0.13
40 0 3 15608 2222354 0.13
41 1 3 15609 1725627 0.13
42 2 3 15610 938866 0.13
43 3 3 15611 20616 0.13
44 4 3 15612 518605 0.13
45 5 3 15613 78404 0.13
46 6 3 15614 52776 0.13
47 7 3 15615 7720686 0.13
48 8 3 15616 284303 0.13
49 9 3 15617 2334 0.13
50 10 3 15618 16000 0.13
51 11 3 15619 73050 0.13
52 12 3 15620 8592718 0.13
53 13 3 15621 417533 0.13
54 14 3 15622 1825830 0.13
55 15 3 15623 39570 0.13
56 16 3 15624 2022 0.13
57 17 3 15625 23563 0.13
58 18 3 15626 7400 0.13
59 19 3 15627 80341 0.13
60 20 3 15628 5697 0.13
61 21 3 15629 42380 0.13
62 22 3 15630 1611282 0.13
63 23 3 15631 96667 0.13
0 25 3 15632 21927 0.13
1 26 3 15633 1703312 0.13
2 27 3 15634 674617 0.13
3 28 3 15635 27642 0.13
4 29 3 15636 18743 0.13
5 30 3 15637 1966129 0.13
6 31 3 15638 881950 0.13
7 32 3 15639 9898131 0.13
8 33 3 15640 67172 0.13
9 34 3 15641 15264 0.13
10 35 3 15642 761141 0.13
11 36 3 15643 2408 0.13
12 37 3 15644 558886 0.13
13 38 3 15645 28506 0.13
14 39 3 15646 58001 0.13
15 40 3 15647 36858 0.13
16 41 3 15648 2154610 0.13
17 42 3 15649 1584080 0.13
18 43 3 15650 2410 0.13
19 44 3 15651 1404168 0.13
20 45 3 15652 6775810 0.13
21 46 3 15653 15177 0.13
22 47 3 15654 1854920 0.13
23 48 3 15655 69629 0.13
24 49 3 15656 7285 0.13
25 50 3 15657 4852375 0.13
26 51 3 15658 1214030 0.13
27 52 3 15659 187497 0.13
28 53 3 15660 35194 0.13
29 54 3 15661 19750 0.13
30 55 3 15662 814820 0.13
31 56 3 15663 35136 0.13
32 57 3 15664 1789752 0.13
33 58 3 15665 35226 0.13
34 59 3 15666 5864 0.13
35 60 3 15667 1377478 0.13
36 61 3 15668 4096589 0.13
37 62 3 15669 45106 0.13
38 63 3 15670 22066 0.13
39 0 3 15671 66382 0.13
40 1 3 15672 69478 0.13
41 2 3 15673 4714665 0.13
42 3 3 15674 9595 0.13
43 4 3 15675 6991936 0.13
44 5 3 15676 62690 0.13
45 6 3 15677 47466 0.13
46 7 3 15678 8912 0.13
47 8 3 15679 1198212 0.13
48 9 3 15680 456168 0.13
49 10 3 15681 13703927 0.13
50 11 3 15682 20221 0.13
51 12 3 15683 8176 0.13
52 13 3 15684 937684 0.13
53 14 3 15685 3175 0.13
54 15 3 15686 8920 0.13
55 16 3 15687 3549540 0.13
56 17 3 15688 63518 0.13
57 18 3 15689 14240 0.13
58 19 3 15690 38715 0.13
59 20 3 15691 4592269 0.13
60 21 3 15692 229087 0.13
61 22 3 15693 1895469 0.13
62 23 3 15694 503993 0.13
63 24 3 15695 292224 0.13
0 26 3 15696 13987 0.13
1 27 3 15697 10090561 0.13
2 28 3 15698 3650120 0.13
3 29 3 15699 5053 0.13
4 30 3 15700 3709212 0.13
5 31 3 15701 70587 0.13
6 32 3 15702 27109558 0.13
7 33 3 15703 185567 0.13
8 34 3 15704 3109670 0.13
9 35 3 15705 27917 0.13
10 36 3 15706 1300177 0.13
11 37 3 15707 1361788 0.13
12 38 3 15708 24665 0.13
13 39 3 15709 35459 0.13
14 40 3 15710 164800 0.13
15 41 3 15711 4754678 0.13
16 42 3 15712 185894 0.13
17 43 3 15713 9917 0.13
18 44 3 15714 154915 0.13
19 45 3 15715 2025 0.13
20 46 3 15716 16789360 0.13
21 47 3 15717 2367 0.13
22 48 3 15718 66304 0.13
23 49 3 15719 1686063 0.13
24 50 3 15720 2281 0.13
25 51 3 15721 81922 0.13
26 52 3 15722 68292 0.13
27 53 3 15723 1980175 0.13
28 54 3 15724 2638739 0.13
29 55 3 15725 62101 0.13
30 56 3 15726 24051 0.13
31 57 3 15727 128834 0.13
32 58 3 15728 2062 0.13
33 59 3 15729 1317862 0.13
34 60 3 15730 8566706 0.13
35 61 3 15731 8616 0.13
36 62 3 15732 29579 0.13
37 63 3 15733 581121 0.13
38 0 3 15734 5351 0.13
39 1 3 15735 68411 0.13
40 2 3 15736 30967 0.13
41 3 3 15737 1033044 0.13
42 4 3 15738 3737663 0.13
43 5 3 15739 1472866 0.13
44 6 3 15740 2158 0.13
45 7 3 15741 62655 0.13
46 8 3 15742 1718350 0.13
47 9 3 15743 4225971 0.13
48 10 3 15744 51237 0.13
49 11 3 15745 1898587 0.13
50 12 3 15746 44084 0.13
51 13 3 15747 64837 0.13
52 14 3 15748 467218 0.13
53 15 3 15749 3811479 0.13
54 16 3 15750 3948 0.13
55 17 3 15751 4803033 0.13
56 18 3 15752 36581 0.13
57 19 3 15753 2269 0.13
58 20 3 15754 55977 0.13
59 21 3 15755 26978 0.13
60 22 3 15756 8292535 0.13
61 23 3 15757 101317 0.13
62 24 3 15758 1944787 0.13
63 25 3 15759 1876918 0.13
0 27 3 15760 4667 0.13
1 28 3 15761 4425417 0.13
2 29 3 15762 1357607 0.13
3 30 3 15763 2836 0.13
4 31 3 15764 8237302 0.13
5 32 3 15765 797223 0.13
6 33 3 15766 4639337 0.13
7 34 3 15767 6877 0.13
8 35 3 15768 43118 0.13
9 36 3 15769 353067 0.13
10 37 3 15770 43114 0.13
11 38 3 15771 15053 0.13
12 39 3 15772 129355 0.13
13 40 3 15773 3690 0.13
14 41 3 15774 1093371 0.13
15 42 3 15775 20471 0.13
16 43 3 15776 17501081 0.13
17 44 3 15777 23863 0.13
18 45 3 15778 7084 0.13
19 46 3 15779 68113 0.13
20 47 3 15780 7796280 0.13
21 48 3 15781 165918 0.13
22 49 3 15782 9221695 0.13
23 50 3 15783 20979 0.13
24 51 3 15784 1450167 0.13
25 52 3 15785 22543 0.13
26 53 3 15786 40542 0.13
27 54 3 15787 26735 0.13
28 55 3 15788 841813 0.13
29 56 3 15789 27714 0.13
30 57 3 15790 3435 0.13
31 58 3 15791 39045 0.13
32 59 3 15792 69898 0.13
33 60 3 15793 79234 0.13
34 61 3 15794 7816 0.13
35 62 3 15795 1098252 0.13
36 63 3 15796 826466 0.13
37 0 3 15797 84895 0.13
38 1 3 15798 29226 0.13
39 2 3 15799 367610 0.13
40 3 3 15800 1999038 0.13
41 4 3 15801 8240380 0.13
42 5 3 15802 2263876 0.13
43 6 3 15803 7919706 0.13
44 7 3 15804 3593 0.13
45 8 3 15805 4757096 0.13
46 9 3 15806 63355 0.13
47 10 3 15807 4611 0.13
48 11 3 15808 4938375 0.13
49 12 3 15809 28837 0.13
50 13 3 15810 9044780 0.13
51 14 3 15811 6749 0.13
52 15 3 15812 27594 0.13
53 16 3 15813 976656 0.13
54 17 3 15814 72229 0.13
55 18 3 15815 4249794 0.13
56 19 3 15816 77850 0.13
57 20 3 15817 418209 0.13
58 21 3 15818 29316 0.13
59 22 3 15819 9969614 0.13
60 23 3 15820 99602 0.13
61 24 3 15821 8562 0.13
62 25 3 15822 39340 0.13
63 26 3 15823 60121 0.13
0 28 3 15824 557475 0.13
1 29 3 15825 29151 0.13
2 30 3 15826 3406 0.13
3 31 3 15827 4153811 0.13
4 32 3 15828 23232 0.13
5 33 3 15829 8389193 0.13
6 34 3 15830 557376 0.13
7 35 3 15831 52698 0.13
8 36 3 15832 38558 0.13
9 37 3 15833 568409 0.13
10 38 3 15834 35261 0.13
11 39 3 15835 188612 0.13
12 40 3 15836 974908 0.13
13 41 3 15837 3257236 0.13
14 42 3 15838 60443 0.13
15 43 3 15839 30816 0.13
16 44 3 15840 8556 0.13
17 45 3 15841 1893482 0.13
18 46 3 15842 14347 0.13
19 47 3 15843 26000 0.13
20 48 3 15844 69440 0.13
21 49 3 15845 10482698 0.13
22 50 3 15846 1697497 0.13
23 51 3 15847 2464 0.13
24 52 3 15848 40624 0.13
25 53 3 15849 62906 0.13
26 54 3 15850 13272 0.13
27 55 3 15851 6723688 0.13
28 56 3 15852 1118121 0.13
29 57 3 15853 28524 0.13
30 58 3 15854 12137392 0.13
31 59 3 15855 3179950 0.13
32 60 3 15856 942874 0.13
33 61 3 15857 730847 0.13
34 62 3 15858 10696 0.13
35 63 3 15859 23790 0.13
36 0 3 15860 2382 0.13
37 1 3 15861 33325 0.13
38 2 3 15862 8117 0.13
39 3 3 15863 26040 0.13
40 4 3 15864 16899 0.13
41 5 3 15865 135692 0.13
42 6 3 15866 2295 0.13
43 7 3 15867 33388 0.13
44 8 3 15868 38769 0.13
45 9 3 15869 44582 0.13
46 10 3 15870 96914 0.13
47 11 3 15871 12519 0.13
48 12 3 15872 30311 0.13
49 13 3 15873 6459569 0.13
50 14 3 15874 51052 0.13
51 15 3 15875 72942 0.13
52 16 3 15876 9630 0.13
53 17 3 15877 63394 0.13
54 18 3 15878 34043 0.13
55 19 3 15879 2021 0.13
56 20 3 15880 1384949 0.13
57 21 3 15881 13734024 0.13
58 22 3 15882 36256 0.13
59 23 3 15883 1054513 0.13
60 24 3 15884 67056 0.13
61 25 3 15885 28982 0.13
62 26 3 15886 8143537 0.13
63 27 3 15887 17126519 0.13
0 29 3 15888 154961 0.13
1 30 3 15889 9766 0.13
2 31 3 15890 140396 0.13
3 32 3 15891 5491484 0.13
4 33 3 15892 59716 0.13
5 34 3 15893 913175 0.13
6 35 3 15894 1316405 0.13
7 36 3 15895 5012462 0.13
8 37 3 15896 9153 0.13
9 38 3 15897 115931 0.13
10 39 3 15898 31616 0.13
11 40 3 15899 50376 0.13
12 41 3 15900 3226307 0.13
13 42 3 15901 60609 0.13
14 43 3 15902 5473 0.13
15 44 3 15903 2852 0.13
16 45 3 15904 530501 0.13
17 46 3 15905 171596 0.13
18 47 3 15906 22214 0.13
19 48 3 15907 7547505 0.13
20 49 3 15908 27792 0.13
21 50 3 15909 2133 0.13
22 51 3 15910 94421 0.13
23 52 3 15911 60490 0.13
24 53 3 15912 772462 0.13
25 54 3 15913 5116 0.13
26 55 3 15914 75797 0.13
27 56 3 15915 18890 0.13
28 57 3 15916 33551 0.13
29 58 3 15917 240622 0.13
30 59 3 15918 8100154 0.13
31 60 3 15919 5603353 0.13
32 61 3 15920 42212 0.13
33 62 3 15921 9835 0.13
34 63 3 15922 3614122 0.13
35 0 3 15923 43925 0.13
36 1 3 15924 44566 0.13
37 2 3 15925 28465 0.13
38 3 3 15926 40271 0.13
39 4 3 15927 15015752 0.13
40 5 3 15928 4229052 0.13
41 6 3 15929 5131 0.13
42 7 3 15930 1278533 0.13
43 8 3 15931 60204 0.13
44 9 3 15932 25064777 0.13
45 10 3 15933 2110565 0.13
46 11 3 15934 28863 0.13
47 12 3 15935 2170183 0.13
48 13 3 15936 10240448 0.13
49 14 3 15937 55499 0.13
50 15 3 15938 4892864 0.13
51 16 3 15939 9165 0.13
52 17 3 15940 178022 0.13
53 18 3 15941 5025 0.13
54 19 3 15942 20778 0.13
55 20 3 15943 67218 0.13
56 21 3 15944 4025774 0.13
57 22 3 15945 21092231 0.13
58 23 3 15946 3628 0.13
59 24 3 15947 9292521 0.13
60 25 3 15948 1561140 0.13
61 26 3 15949 5191 0.13
62 27 3 15950 52183 0.13
63 28 3 15951 6029321 0.13
0 30 3 15952 53349 0.13
1 31 3 15953 124252 0.13
2 32 3 15954 1102470 0.13
3 33 3 15955 1552437 0.13
4 34 3 15956 8954 0.13
5 35 3 15957 17201 0.13
6 36 3 15958 46353 0.13
7 37 3 15959 120914 0.13
8 38 3 15960 2396 0.13
9 39 3 15961 2787449 0.13
10 40 3 15962 3037556 0.13
11 41 3 15963 30782 0.13
12 42 3 15964 130196 0.13
13 43 3 15965 64642 0.13
14 44 3 15966 2191 0.13
15 45 3 15967 2012 0.13
16 46 3 15968 26267 0.13
17 47 3 15969 9001899 0.13
18 48 3 15970 3027292 0.13
19 49 3 15971 66740 0.13
20 50 3 15972 630503 0.13
21 51 3 15973 4780595 0.13
22 52 3 15974 53959 0.13
23 53 3 15975 71204 0.13
24 54 3 15976 902745 0.13
25 55 3 15977 24475 0.13
26 56 3 15978 7548 0.13
27 57 3 15979 27721 0.13
28 58 3 15980 26221969 0.13
29 59 3 15981 3670 0.13
30 60 3 15982 1455655 0.13
31 61 3 15983 167541 0.13
32 62 3 15984 140985 0.13
33 63 3 15985 4050377 0.13
34 0 3 15986 423968 0.13
35 1 3 15987 67547 0.13
36 2 3 15988 953960 0.13
37 3 3 15989 7566 0.13
38 4 3 15990 75967 0.13
39 5 3 15991 157594 0.13
40 6 3 15992 3358402 0.13
41 7 3 15993 12569 0.13
42 8 3 15994 3095 0.13
43 9 3 15995 33936 0.13
44 10 3 15996 4349517 0.13
45 11 3 15997 8839 0.13
46 12 3 15998 12661 0.13
47 13 3 15999 27267 0.13
48 14 3 16000 54503 0.13
49 15 3 16001 5864615 0.13
50 16 3 16002 41196 0.13
51 17 3 16003 28985 0.13
52 18 3 16004 79910 0.13
53 19 3 16005 7594072 0.13
54 20 3 16006 76276 0.13
55 21 3 16007 1664424 0.13
56 22 3 16008 16649 0.13
57 23 3 16009 5615 0.13
58 24 3 16010 1526285 0.13
59 25 3 16011 103506 0.13
60 26 3 16012 4173294 0.13
61 27 3 16013 2804659 0.13
62 28 3 16014 879737 0.13
63 29 3 16015 30214 0.13
0 31 3 16016 883549 0.13
1 32 3 16017 906773 0.13
2 33 3 16018 5708 0.13
3 34 3 16019 165794 0.13
4 35 3 16020 2699444 0.13
5 36 3 16021 2064 0.13
6 37 3 16022 77270 0.13
7 38 3 16023 44602 0.13
8 39 3 16024 69592 0.13
9 40 3 16025 38062 0.13
10 41 3 16026 5770569 0.13
11 42 3 16027 6193 0.13
12 43 3 16028 10910 0.13
13 44 3 16029 22111 0.13
14 45 3 16030 17683 0.13
15 46 3 16031 4911701 0.13
16 47 3 16032 307426 0.13
17 48 3 16033 2942485 0.13
18 49 3 16034 78996 0.13
19 50 3 16035 83592 0.13
20 51 3 16036 116193 0.13
21 52 3 16037 1563067 0.13
22 53 3 16038 7117 0.13
23 54 3 16039 63959 0.13
24 55 3 16040 4348 0.13
25 56 3 16041 2565342 0.13
26 57 3 16042 6672125 0.13
27 58 3 16043 68350 0.13
28 59 3 16044 32314 0.13
29 60 3 16045 42513 0.13
30 61 3 16046 2511161 0.13
31 62 3 16047 4691791 0.13
32 63 3 16048 195969 0.13
33 0 3 16049 1635895 0.13
34 1 3 16050 38409 0.13
35 2 3 16051 1098948 0.13
36 3 3 16052 2216 0.13
37 4 3 16053 2437223 0.13
38 5 3 16054 22235 0.13
39 6 3 16055 3704456 0.13
40 7 3 16056 9388 0.13
41 8 3 16057 22657 0.13
42 9 3 16058 8027 0.13
43 10 3 16059 8417 0.13
44 11 3 16060 4502 0.13
45 12 3 16061 926545 0.13
46 13 3 16062 1840297 0.13
47 14 3 16063 4441 0.13
48 15 3 16064 1746923 0.13
49 16 3 16065 1573340 0.13
50 17 3 16066 2400 0.13
51 18 3 16067 6625 0.13
52 19 3 16068 1930551 0.13
53 20 3 16069 76187 0.13
54 21 3 16070 3148 0.13
55 22 3 16071 7513 0.13
56 23 3 16072 25301 0.13
57 24 3 16073 3637 0.13
58 25 3 16074 740691 0.13
59 26 3 16075 1545502 0.13
60 27 3 16076 1823708 0.13
61 28 3 16077 6435576 0.13
62 29 3 16078 20540 0.13
63 30 3 16079 5083919 0.13
0 32 3 16080 16956 0.13
1 33 3 16081 40306 0.13
2 34 3 16082 5354 0.13
3 35 3 16083 3375845 0.13
4 36 3 16084 7988927 0.13
5 37 3 16085 8485114 0.13
6 38 3 16086 39567 0.13
7 39 3 16087 12111 0.13
8 40 3 16088 73223 0.13
9 41 3 16089 1285540 0.13
10 42 3 16090 24182 0.13
11 43 3 16091 148974 0.13
12 44 3 16092 5937 0.13
13 45 3 16093 162514 0.13
14 46 3 16094 2069 0.13
15 47 3 16095 21699 0.13
16 48 3 16096 18309 0.13
17 49 3 16097 28185 0.13
18 50 3 16098 5118592 0.13
19 51 3 16099 92216 0.13
20 52 3 16100 12386602 0.13
21 53 3 16101 5908 0.13
22 54 3 16102 21401 0.13
23 55 3 16103 74045 0.13
24 56 3 16104 1077560 0.13
25 57 3 16105 43292 0.13
26 58 3 16106 181795 0.13
27 59 3 16107 59153 0.13
28 60 3 16108 9124838 0.13
29 61 3 16109 16169 0.13
30 62 3 16110 40964 0.13
31 63 3 16111 45923 0.13
32 0 3 16112 21427 0.13
33 1 3 16113 22755 0.13
34 2 3 16114 7027 0.13
35 3 3 16115 19741833 0.13
36 4 3 16116 7889 0.13
37 5 3 16117 6825 0.13
38 6 3 16118 8872 0.13
39 7 3 16119 1622736 0.13
40 8 3 16120 1047309 0.13
41 9 3 16121 126512 0.13
42 10 3 16122 2374 0.13
43 11 3 16123 35623 0.13
44 12 3 16124 7257 0.13
45 13 3 16125 28361 0.13
46 14 3 16126 203116 0.13
47 15 3 16127 32401 0.13
48 16 3 16128 14119364 0.13
49 17 3 16129 60143 0.13
50 18 3 16130 120998 0.13
51 19 3 16131 29058 0.13
52 20 3 16132 3660970 0.13
53 21 3 16133 17756 0.13
54 22 3 16134 3872 0.13
55 23 3 16135 3231748 0.13
56 24 3 16136 67463 0.13
57 25 3 16137 833048 0.13
58 26 3 16138 15859 0.13
59 27 3 16139 29148883 0.13
60 28 3 16140 71149 0.13
61 29 3 16141 6413 0.13
62 30 3 16142 58782 0.13
63 31 3 16143 668386 0.13
0 33 3 16144 4950 0.13
1 34 3 16145 9469 0.13
2 35 3 16146 50144 0.13
3 36 3 16147 183812 0.13
4 37 3 16148 6137 0.13
5 38 3 16149 6806451 0.13
6 39 3 16150 15235552 0.13
7 40 3 16151 3529 0.13
8 41 3 16152 13471662 0.13
9 42 3 16153 37726 0.13
10 43 3 16154 191361 0.13
11 44 3 16155 23774212 0.13
12 45 3 16156 7820 0.13
13 46 3 16157 3143273 0.13
14 47 3 16158 1252005 0.13
15 48 3 16159 27851 0.13
16 49 3 16160 1134938 0.13
17 50 3 16161 169003 0.13
18 51 3 16162 27297 0.13
19 52 3 16163 1894927 0.13
20 53 3 16164 550649 0.13
21 54 3 16165 50054 0.13
22 55 3 16166 67498 0.13
23 56 3 16167 225323 0.13
24 57 3 16168 51025 0.13
25 58 3 16169 69507 0.13
26 59 3 16170 27889 0.13
27 60 3 16171 1679995 0.13
28 61 3 16172 6642 0.13
29 62 3 16173 25068 0.13
30 63 3 16174 72447 0.13
31 0 3 16175 426968 0.13
32 1 3 16176 8768 0.13
33 2 3 16177 5972 0.13
34 3 3 16178 2699 0.13
35 4 3 16179 3776 0.13
36 5 3 16180 824859 0.13
37 6 3 16181 11381700 0.13
38 7 3 16182 46526 0.13
39 8 3 16183 833634 0.13
40 9 3 16184 10547 0.13
41 10 3 16185 375734 0.13
42 11 3 16186 5743 0.13
43 12 3 16187 4356 0.13
44 13 3 16188 1516097 0.13
45 14 3 16189 1675721 0.13
46 15 3 16190 1927314 0.13
47 16 3 16191 20193 0.13
48 17 3 16192 696745 0.13
49 18 3 16193 70827 0.13
50 19 3 16194 26166 0.13
51 20 3 16195 38723 0.13
52 21 3 16196 3790169 0.13
53 22 3 16197 108491 0.13
54 23 3 16198 8755749 0.13
55 24 3 16199 2254 0.13
56 25 3 16200 57016 0.13
57 26 3 16201 6067082 0.13
58 27 3 16202 46725 0.13
59 28 3 16203 32911 0.13
60 29 3 16204 45267 0.13
61 30 3 16205 63766 0.13
62 31 3 16206 2271 0.13
63 32 3 16207 125714 0.13
0 34 3 16208 3810821 0.13
1 35 3 16209 30608 0.13
2 36 3 16210 1060592 0.13
3 37 3 16211 71110 0.13
4 38 3 16212 8759 0.13
5 39 3 16213 1157231 0.13
6 40 3 16214 70181 0.13
7 41 3 16215 6750 0.13
8 42 3 16216 800196 0.13
9 43 3 16217 680628 0.13
10 44 3 16218 882993 0.13
11 45 3 16219 152360 0.13
12 46 3 16220 67517 0.13
13 47 3 16221 3630544 0.13
14 48 3 16222 74619 0.13
15 49 3 16223 48276 0.13
16 50 3 16224 71851 0.13
17 51 3 16225 10580505 0.13
18 52 3 16226 335517 0.13
19 53 3 16227 40552 0.13
20 54 3 16228 15188629 0.13
21 55 3 16229 34096 0.13
22 56 3 16230 2208 0.13
23 57 3 16231 2434 0.13
24 58 3 16232 3108024 0.13
25 59 3 16233 39775 0.13
26 60 3 16234 1420571 0.13
27 61 3 16235 2191 0.13
28 62 3 16236 4740286 0.13
29 63 3 16237 38251 0.13
30 0 3 16238 5814 0.13
31 1 3 16239 39028 0.13
32 2 3 16240 41473 0.13
33 3 3 16241 40253 0.13
34 4 3 16242 689920 0.13
35 5 3 16243 24761 0.13
36 6 3 16244 584662 0.13
37 7 3 16245 187197 0.13
38 8 3 16246 5742072 0.13
39 9 3 16247 3585 0.13
40 10 3 16248 30982 0.13
41 11 3 16249 37518 0.13
42 12 3 16250 2098 0.13
43 13 3 16251 35223 0.13
44 14 3 16252 64056 0.13
45 15 3 16253 3901055 0.13
46 16 3 16254 145227 0.13
47 17 3 16255 5100703 0.13
48 18 3 16256 26661 0.13
49 19 3 16257 967667 0.13
50 20 3 16258 179410 0.13
51 21 3 16259 20509854 0.13
52 22 3 16260 45547 0.13
53 23 3 16261 48060 0.13
54 24 3 16262 152923 0.13
55 25 3 16263 2249797 0.13
56 26 3 16264 6004 0.13
57 27 3 16265 800890 0.13
58 28 3 16266 37193 0.13
59 29 3 16267 73715 0.13
60 30 3 16268 1649039 0.13
61 31 3 16269 37907 0.13
62 32 3 16270 318622 0.13
63 33 3 16271 42666 0.13
0 35 3 16272 58305 0.13
1 36 3 16273 72373 0.13
2 37 3 16274 3420022 0.13
3 38 3 16275 1871496 0.13
4 39 3 16276 3211414 0.13
5 40 3 16277 90001 0.13
6 41 3 16278 28735 0.13
7 42 3 16279 2467 0.13
8 43 3 16280 27485128 0.13
9 44 3 16281 50467 0.13
10 45 3 16282 22588 0.13
11 46 3 16283 1428880 0.13
12 47 3 16284 5437 0.13
13 48 3 16285 3325606 0.13
14 49 3 16286 5631 0.13
15 50 3 16287 37367 0.13
16 51 3 16288 3708 0.13
17 52 3 16289 2035570 0.13
18 53 3 16290 67369 0.13
19 54 3 16291 20973 0.13
20 55 3 16292 1956517 0.13
21 56 3 16293 612294 0.13
22 57 3 16294 30369 0.13
23 58 3 16295 2123801 0.13
24 59 3 16296 57594 0.13
25 60 3 16297 97052 0.13
26 61 3 16298 20007 0.13
27 62 3 16299 50530 0.13
28 63 3 16300 399711 0.13
29 0 3 16301 62283 0.13
30 1 3 16302 1634422 0.13
31 2 3 16303 16120 0.13
32 3 3 16304 2093 0.13
33 4 3 16305 1033316 0.13
34 5 3 16306 3881294 0.13
35 6 3 16307 160302 0.13
36 7 3 16308 21295 0.13
37 8 3 16309 9436933 0.13
38 9 3 16310 1422080 0.13
39 10 3 16311 65529 0.13
40 11 3 16312 7654494 0.13
41 12 3 16313 84661 0.13
42 13 3 16314 315378 0.13
43 14 3 16315 1691191 0.13
44 15 3 16316 57782 0.13
45 16 3 16317 141913 0.13
46 17 3 16318 414067 0.13
47 18 3 16319 78216 0.13
48 19 3 16320 42854 0.13
49 20 3 16321 9819 0.13
50 21 3 16322 10094 0.13
51 22 3 16323 882453 0.13
52 23 3 16324 30055 0.13
53 24 3 16325 58166 0.13
54 25 3 16326 33730 0.13
55 26 3 16327 2906431 0.13
56 27 3 16328 3509 0.13
57 28 3 16329 20355 0.13
58 29 3 16330 52870 0.13
59 30 3 16331 2711321 0.13
60 31 3 16332 568341 0.13
61 32 3 16333 25644 0.13
62 33 3 16334 209858 0.13
63 34 3 16335 51353 0.13
0 36 3 16336 7084 0.13
1 37 3 16337 18383 0.13
2 38 3 16338 24558 0.13
3 39 3 16339 2816864 0.13
4 40 3 16340 64806 0.13
5 41 3 16341 131128 0.13
6 42 3 16342 58338 0.13
7 43 3 16343 575376 0.13
8 44 3 16344 2326 0.13
9 45 3 16345 11871 0.13
10 46 3 16346 8914 0.13
11 47 3 16347 25839 0.13
12 48 3 16348 2106145 0.13
13 49 3 16349 669365 0.13
14 50 3 16350 15197 0.13
15 51 3 16351 3575630 0.13
16 52 3 16352 9556206 0.13
17 53 3 16353 69809 0.13
18 54 3 16354 2099 0.13
19 55 3 16355 3787520 0.13
20 56 3 16356 4875 0.13
21 57 3 16357 212797 0.13
22 58 3 16358 4015153 0.13
23 59 3 16359 5041063 0.13
24 60 3 16360 51616 0.13
25 61 3 16361 42686 0.13
26 62 3 16362 659444 0.13
27 63 3 16363 5321 0.13
28 0 3 16364 8083010 0.13
29 1 3 16365 1242344 0.13
30 2 3 16366 9244 0.13
31 3 3 16367 6954 0.13
32 4 3 16368 1344804 0.13
33 5 3 16369 7352531 0.13
34 6 3 16370 78144 0.13
35 7 3 16371 2869447 0.13
36 8 3 16372 8548178 0.13
37 9 3 16373 7253973 0.13
38 10 3 16374 25180 0.13
39 11 3 16375 4536945 0.13
40 12 3 16376 23807 0.13
41 13 3 16377 7782 0.13
42 14 3 16378 2200617 0.13
43 15 3 16379 35857 0.13
44 16 3 16380 173130 0.13
45 17 3 16381 47990 0.13
46 18 3 16382 1483742 0.13
47 19 3 16383 23593 0.13
48 20 3 16384 55277 0.13
49 21 3 16385 9542 0.13
50 22 3 16386 15030 0.13
51 23 3 16387 9994533 0.13
52 24 3 16388 59109 0.13
53 25 3 16389 25430 0.13
54 26 3 16390 181967 0.13
55 27 3 16391 70851 0.13
56 28 3 16392 44940 0.13
57 29 3 16393 8479349 0.13
58 30 3 16394 33297 0.13
59 31 3 16395 55487 0.13
60 32 3 16396 861907 0.13
61 33 3 16397 9522524 0.13
62 34 3 16398 4383006 0.13
63 35 3 16399 7640877 0.13
0 37 3 16400 42599 0.13
1 38 3 16401 1156712 0.13
2 39 3 16402 2640960 0.13
3 40 3 16403 2114 0.13
4 41 3 16404 9771797 0.13
5 42 3 16405 246517 0.13
6 43 3 16406 3244188 0.13
7 44 3 16407 697787 0.13
8 45 3 16408 7917734 0.13
9 46 3 16409 925459 0.13
10 47 3 16410 1888027 0.13
11 48 3 16411 23967 0.13
12 49 3 16412 118962 0.13
13 50 3 16413 31853 0.13
14 51 3 16414 9177400 0.13
15 52 3 16415 42571 0.13
16 53 3 16416 2367508 0.13
17 54 3 16417 7764 0.13
18 55 3 16418 4008588 0.13
19 56 3 16419 3729414 0.13
20 57 3 16420 47694 0.13
21 58 3 16421 5699221 0.13
22 59 3 16422 48595 0.13
23 60 3 16423 15328569 0.13
24 61 3 16424 25553 0.13
25 62 3 16425 5317 0.13
26 63 3 16426 2681231 0.13
27 0 3 16427 23546 0.13
28 1 3 16428 21038 0.13
29 2 3 16429 4707401 0.13
30 3 3 16430 6135057 0.13
31 4 3 16431 450821 0.13
32 5 3 16432 4384017 0.13
33 6 3 16433 1667409 0.13
34 7 3 16434 51451 0.13
35 8 3 16435 2285 0.13
36 9 3 16436 3993337 0.13
37 10 3 16437 2695933 0.13
38 11 3 16438 7892530 0.13
39 12 3 16439 66405 0.13
40 13 3 16440 52991 0.13
41 14 3 16441 3234903 0.13
42 15 3 16442 1173860 0.13
43 16 3 16443 4302836 0.13
44 17 3 16444 2607239 0.13
45 18 3 16445 2732025 0.13
46 19 3 16446 987857 0.13
47 20 3 16447 74538 0.13
48 21 3 16448 40371 0.13
49 22 3 16449 216927 0.13
50 23 3 16450 2402841 0.13
51 24 3 16451 1377855 0.13
52 25 3 16452 62291 0.13
53 26 3 16453 2198 0.13
54 27 3 16454 2646 0.13
55 28 3 16455 532740 0.13
56 29 3 16456 441250 0.13
57 30 3 16457 1910193 0.13
58 31 3 16458 8887 0.13
59 32 3 16459 50152 0.13
60 33 3 16460 426370 0.13
61 34 3 16461 32744 0.13
62 35 3 16462 4756 0.13
63 36 3 16463 11564 0.13
0 38 3 16464 76853 0.13
1 39 3 16465 9976041 0.13
2 40 3 16466 2918641 0.13
3 41 3 16467 1631627 0.13
4 42 3 16468 3408812 0.13
5 43 3 16469 886027 0.13
6 44 3 16470 1926422 0.13
7 45 3 16471 33879 0.13
8 46 3 16472 68084 0.13
9 47 3 16473 1351721 0.13
10 48 3 16474 26067 0.13
11 49 3 16475 899734 0.13
12 50 3 16476 2803058 0.13
13 51 3 16477 1995286 0.13
14 52 3 16478 19732 0.13
15 53 3 16479 53345 0.13
16 54 3 16480 16377 0.13
17 55 3 16481 4291700 0.13
18 56 3 16482 8196939 0.13
19 57 3 16483 4530242 0.13
20 58 3 16484 22448 0.13
21 59 3 16485 8436372 0.13
22 60 3 16486 6650882 0.13
23 61 3 16487 576853 0.13
24 62 3 16488 413018 0.13
25 63 3 16489 5488912 0.13
26 0 3 16490 12751714 0.13
27 1 3 16491 19653 0.13
28 2 3 16492 1012611 0.13
29 3 3 16493 13751 0.13
30 4 3 16494 50238 0.13
31 5 3 16495 56670 0.13
32 6 3 16496 26015 0.13
33 7 3 16497 5234 0.13
34 8 3 16498 43584 0.13
35 9 3 16499 8374536 0.13
36 10 3 16500 7388 0.13
37 11 3 16501 1185834 0.13
38 12 3 16502 58113 0.13
39 13 3 16503 6427789 0.13
40 14 3 16504 62394 0.13
41 15 3 16505 788880 0.13
42 16 3 16506 7480 0.13
43 17 3 16507 1135637 0.13
44 18 3 16508 18108 0.13
45 19 3 16509 3858101 0.13
46 20 3 16510 1821219 0.13
47 21 3 16511 28796 0.13
48 22 3 16512 71731 0.13
49 23 3 16513 8415 0.13
50 24 3 16514 3690131 0.13
51 25 3 16515 200662 0.13
52 26 3 16516 26804966 0.13
53 27 3 16517 28296 0.13
54 28 3 16518 817509 0.13
55 29 3 16519 54230 0.13
56 30 3 16520 51967 0.13
57 31 3 16521 9675 0.13
58 32 3 16522 29019 0.13
59 33 3 16523 26179 0.13
60 34 3 16524 341441 0.13
61 35 3 16525 5523445 0.13
62 36 3 16526 43927 0.13
63 37 3 16527 874136 0.13
0 39 3 16528 63422 0.13
1 40 3 16529 2051 0.13
2 41 3 16530 8656 0.13
3 42 3 16531 34649 0.13
4 43 3 16532 944188 0.13
5 44 3 16533 894819 0.13
6 45 3 16534 1133359 0.13
7 46 3 16535 1084531 0.13
8 47 3 16536 1361041 0.13
9 48 3 16537 25622 0.13
10 49 3 16538 5669 0.13
11 50 3 16539 3112 0.13
12 51 3 16540 36572 0.13
13 52 3 16541 23484 0.13
14 53 3 16542 5587609 0.13
15 54 3 16543 27826291 0.13
16 55 3 16544 7808710 0.13
17 56 3 16545 9800703 0.13
18 57 3 16546 196969 0.13
19 58 3 16547 1482418 0.13
20 59 3 16548 2440 0.13
21 60 3 16549 25365 0.13
22 61 3 16550 357263 0.13
23 62 3 16551 30501 0.13
24 63 3 16552 48939 0.13
25 0 3 16553 44180 0.13
26 1 3 16554 9861272 0.13
27 2 3 16555 130674 0.13
28 3 3 16556 166548 0.13
29 4 3 16557 26029 0.13
30 5 3 16558 73941 0.13
31 6 3 16559 7166210 0.13
32 7 3 16560 4336902 0.13
33 8 3 16561 8553 0.13
34 9 3 16562 33463 0.13
35 10 3 16563 80726 0.13
36 11 3 16564 9343 0.13
37 12 3 16565 7347 0.13
38 13 3 16566 2422 0.13
39 14 3 16567 8229 0.13
40 15 3 16568 4150386 0.13
41 16 3 16569 3044121 0.13
42 17 3 16570 1478233 0.13
43 18 3 16571 6874074 0.13
44 19 3 16572 28292 0.13
45 20 3 16573 4308091 0.13
46 21 3 16574 303452 0.13
47 22 3 16575 1615639 0.13
48 23 3 16576 26375 0.13
49 24 3 16577 32602 0.13
50 25 3 16578 4780154 0.13
51 26 3 16579 33108 0.13
52 27 3 16580 26376710 0.13
53 28 3 16581 1636754 0.13
54 29 3 16582 10252 0.13
55 30 3 16583 3591009 0.13
56 31 3 16584 659355 0.13
57 32 3 16585 1982201 0.13
58 33 3 16586 2725 0.13
59 34 3 16587 9889 0.13
60 35 3 16588 22986 0.13
61 36 3 16589 2311 0.13
62 37 3 16590 26022 0.13
63 38 3 16591 1059628 0.13
0 40 3 16592 58406 0.13
1 41 3 16593 26801162 0.13
2 42 3 16594 6943310 0.13
3 43 3 16595 2377 0.13
4 44 3 16596 41304 0.13
5 45 3 16597 1090291 0.13
6 46 3 16598 69661 0.13
7 47 3 16599 71458 0.13
8 48 3 16600 3375150 0.13
9 49 3 16601 4006379 0.13
10 50 3 16602 7892 0.13
11 51 3 16603 5550 0.13
12 52 3 16604 4045193 0.13
13 53 3 16605 16130 0.13
14 54 3 16606 13659 0.13
15 55 3 16607 75093 0.13
16 56 3 16608 27279 0.13
17 57 3 16609 4726835 0.13
18 58 3 16610 175446 0.13
19 59 3 16611 171795 0.13
20 60 3 16612 11084903 0.13
21 61 3 16613 79080 0.13
22 62 3 16614 149921 0.13
23 63 3 16615 53788 0.13
24 0 3 16616 4378 0.13
25 1 3 16617 1682534 0.13
26 2 3 16618 815268 0.13
27 3 3 16619 4621030 0.13
28 4 3 16620 2179 0.13
29 5 3 16621 850498 0.13
30 6 3 16622 845115 0.13
31 7 3 16623 48833 0.13
32 8 3 16624 183437 0.13
33 9 3 16625 8658560 0.13
34 10 3 16626 3109316 0.13
35 11 3 16627 10755 0.13
36 12 3 16628 4674 0.13
37 13 3 16629 2920976 0.13
38 14 3 16630 676314 0.13
39 15 3 16631 62474 0.13
40 16 3 16632 8942966 0.13
41 17 3 16633 190064 0.13
42 18 3 16634 2029 0.13
43 19 3 16635 9983608 0.13
44 20 3 16636 649382 0.13
45 21 3 16637 8635426 0.13
46 22 3 16638 34983 0.13
47 23 3 16639 1315452 0.13
48 24 3 16640 1343195 0.13
49 25 3 16641 9100198 0.13
50 26 3 16642 147128 0.13
51 27 3 16643 21136 0.13
52 28 3 16644 2482 0.13
53 29 3 16645 549152 0.13
54 30 3 16646 34634 0.13
55 31 3 16647 2887 0.13
56 32 3 16648 3950 0.13
57 33 3 16649 8707156 0.13
58 34 3 16650 46278 0.13
59 35 3 16651 49771 0.13
60 36 3 16652 15602 0.13
61 37 3 16653 9646379 0.13
62 38 3 16654 3965465 0.13
63 39 3 16655 5243 0.13
0 41 3 16656 3570374 0.13
1 42 3 16657 12588 0.13
2 43 3 16658 1794925 0.13
3 44 3 16659 28493 0.13
4 45 3 16660 1525585 0.13
5 46 3 16661 632514 0.13
6 47 3 16662 7648 0.13
7 48 3 16663 70964 0.13
8 49 3 16664 57467 0.13
9 50 3 16665 2190595 0.13
10 51 3 16666 32020 0.13
11 52 3 16667 879695 0.13
12 53 3 16668 8502 0.13
13 54 3 16669 724162 0.13
14 55 3 16670 2961586 0.13
15 56 3 16671 75996 0.13
16 57 3 16672 70682 0.13
17 58 3 16673 4562391 0.13
18 59 3 16674 67639 0.13
19 60 3 16675 136669 0.13
20 61 3 16676 55323 0.13
21 62 3 16677 1564906 0.13
22 63 3 16678 2329830 0.13
23 0 3 16679 310942 0.13
24 1 3 16680 57870 0.13
25 2 3 16681 56003 0.13
26 3 3 16682 2372 0.13
27 4 3 16683 38348 0.13
28 5 3 16684 64659 0.13
29 6 3 16685 22423 0.13
30 7 3 16686 889892 0.13
31 8 3 16687 11013 0.13
32 9 3 16688 71997 0.13
33 10 3 16689 436476 0.13
34 11 3 16690 78771 0.13
35 12 3 16691 29070 0.13
36 13 3 16692 58620 0.13
37 14 3 16693 5514836 0.13
38 15 3 16694 67910 0.13
39 16 3 16695 9888 0.13
40 17 3 16696 8223 0.13
41 18 3 16697 5207401 0.13
42 19 3 16698 3246138 0.13
43 20 3 16699 78405 0.13
44 21 3 16700 29548 0.13
45 22 3 16701 2469 0.13
46 23 3 16702 4357 0.13
47 24 3 16703 2434 0.13
48 25 3 16704 6610 0.13
49 26 3 16705 55749 0.13
50 27 3 16706 5613 0.13
51 28 3 16707 686842 0.13
52 29 3 16708 145962 0.13
53 30 3 16709 25338 0.13
54 31 3 16710 25486 0.13
55 32 3 16711 4723 0.13
56 33 3 16712 73871 0.13
57 34 3 16713 7114 0.13
58 35 3 16714 692626 0.13
59 36 3 16715 15910 0.13
60 37 3 16716 16441 0.13
61 38 3 16717 48591 0.13
62 39 3 16718 4830 0.13
63 40 3 16719 4302660 0.13
0 42 3 16720 29764 0.13
1 43 3 16721 178071 0.13
2 44 3 16722 62691 0.13
3 45 3 16723 762078 0.13
4 46 3 16724 390483 0.13
5 47 3 16725 26507 0.13
6 48 3 16726 9765687 0.13
7 49 3 16727 4140344 0.13
8 50 3 16728 17438 0.13
9 51 3 16729 17017 0.13
10 52 3 16730 1470293 0.13
11 53 3 16731 232422 0.13
12 54 3 16732 4148473 0.13
13 55 3 16733 6506 0.13
14 56 3 16734 87501 0.13
15 57 3 16735 2029 0.13
16 58 3 16736 7334 0.13
17 59 3 16737 14347 0.13
18 60 3 16738 67796 0.13
19 61 3 16739 934449 0.13
20 62 3 16740 4063415 0.13
21 63 3 16741 9700271 0.13
22 0 3 16742 215099 0.13
23 1 3 16743 70012 0.13
24 2 3 16744 347994 0.13
25 3 3 16745 12614594 0.13
26 4 3 16746 42145 0.13
27 5 3 16747 790425 0.13
28 6 3 16748 922346 0.13
29 7 3 16749 48999 0.13
30 8 3 16750 30531 0.13
31 9 3 16751 8007 0.13
32 10 3 16752 2069 0.13
33 11 3 16753 6953 0.13
34 12 3 16754 2079 0.13
35 13 3 16755 10346909 0.13
36 14 3 16756 3770360 0.13
37 15 3 16757 20922 0.13
38 16 3 16758 588985 0.13
39 17 3 16759 597918 0.13
40 18 3 16760 58258 0.13
41 19 3 16761 408473 0.13
42 20 3 16762 1900115 0.13
43 21 3 16763 18182 0.13
44 22 3 16764 30183 0.13
45 23 3 16765 64636 0.13
46 24 3 16766 67074 0.13
47 25 3 16767 2124 0.13
48 26 3 16768 13221 0.13
49 27 3 16769 10484 0.13
50 28 3 16770 1025981 0.13
51 29 3 16771 9561919 0.13
52 30 3 16772 66497 0.13
53 31 3 16773 3793893 0.13
54 32 3 16774 174673 0.13
55 33 3 16775 20133 0.13
56 34 3 16776 147595 0.13
57 35 3 16777 3015155 0.13
58 36 3 16778 2564 0.13
59 37 3 16779 2039 0.13
60 38 3 16780 443279 0.13
61 39 3 16781 1130928 0.13
62 40 3 16782 16324625 0.13
63 41 3 16783 3458487 0.13
0 43 3 16784 1370783 0.13
1 44 3 16785 192867 0.13
2 45 3 16786 121664 0.13
3 46 3 16787 29077 0.13
4 47 3 16788 70191 0.13
5 48 3 16789 69869 0.13
6 49 3 16790 184638 0.13
7 50 3 16791 291962 0.13
8 51 3 16792 829343 0.13
9 52 3 16793 2500677 0.13
10 53 3 16794 70284 0.13
11 54 3 16795 1142903 0.13
12 55 3 16796 79609 0.13
13 56 3 16797 55077 0.13
14 57 3 16798 33170 0.13
15 58 3 16799 3445 0.13
16 59 3 16800 4786315 0.13
17 60 3 16801 53954 0.13
18 61 3 16802 66924 0.13
19 62 3 16803 71874 0.13
20 63 3 16804 7783176 0.13
21 0 3 16805 39352 0.13
22 1 3 16806 980115 0.13
23 2 3 16807 2110 0.13
24 3 3 16808 28801 0.13
25 4 3 16809 18440 0.13
26 5 3 16810 38769 0.13
27 6 3 16811 23210 0.13
28 7 3 16812 21970 0.13
29 8 3 16813 5647868 0.13
30 9 3 16814 37830 0.13
31 10 3 16815 216801 0.13
32 11 3 16816 3274014 0.13
33 12 3 16817 655665 0.13
34 13 3 16818 8492 0.13
35 14 3 16819 29339 0.13
36 15 3 16820 1113851 0.13
37 16 3 16821 9271669 0.13
38 17 3 16822 2992422 0.13
39 18 3 16823 784858 0.13
40 19 3 16824 1345846 0.13
41 20 3 16825 1959726 0.13
42 21 3 16826 1997550 0.13
43 22 3 16827 3335938 0.13
44 23 3 16828 374739 0.13
45 24 3 16829 28245 0.13
46 25 3 16830 1492543 0.13
47 26 3 16831 736451 0.13
48 27 3 16832 8327 0.13
49 28 3 16833 19896 0.13
50 29 3 16834 245992 0.13
51 30 3 16835 6072 0.13
52 31 3 16836 53688 0.13
53 32 3 16837 25844823 0.13
54 33 3 16838 30730 0.13
55 34 3 16839 20943 0.13
56 35 3 16840 2460 0.13
57 36 3 16841 2090 0.13
58 37 3 16842 4427183 0.13
59 38 3 16843 41408 0.13
60 39 3 16844 11721 0.13
61 40 3 16845 2838460 0.13
62 41 3 16846 4833724 0.13
63 42 3 16847 2259 0.13
0 44 3 16848 3456 0.13
1 45 3 16849 57066 0.13
2 46 3 16850 340503 0.13
3 47 3 16851 7655 0.13
4 48 3 16852 22409 0.13
5 49 3 16853 25782 0.13
6 50 3 16854 38064 0.13
7 51 3 16855 41048 0.13
8 52 3 16856 2455 0.13
9 53 3 16857 4331409 0.13
10 54 3 16858 26749 0.13
11 55 3 16859 10235 0.13
12 56 3 16860 921084 0.13
13 57 3 16861 76627 0.13
14 58 3 16862 755887 0.13
15 59 3 16863 1064049 0.13
16 60 3 16864 6902292 0.13
17 61 3 16865 58729 0.13
18 62 3 16866 63185 0.13
19 63 3 16867 3247909 0.13
20 0 3 16868 6874 0.13
21 1 3 16869 6471 0.13
22 2 3 16870 284580 0.13
23 3 3 16871 1821562 0.13
24 4 3 16872 8384535 0.13
25 5 3 16873 2708306 0.13
26 6 3 16874 2392 0.13
27 7 3 16875 6432 0.13
28 8 3 16876 439408 0.13
29 9 3 16877 4126084 0.13
30 10 3 16878 5784697 0.13
31 11 3 16879 11406 0.13
32 12 3 16880 29212 0.13
33 13 3 16881 59581 0.13
34 14 3 16882 74437 0.13
35 15 3 16883 1325518 0.13
36 16 3 16884 5950 0.13
37 17 3 16885 576743 0.13
38 18 3 16886 36921 0.13
39 19 3 16887 9021 0.13
40 20 3 16888 3457852 0.13
41 21 3 16889 59025 0.13
42 22 3 16890 53634 0.13
43 23 3 16891 1690331 0.13
44 24 3 16892 24531 0.13
45 25 3 16893 2274356 0.13
46 26 3 16894 38264 0.13
47 27 3 16895 74236 0.13
48 28 3 16896 4966 0.13
49 29 3 16897 44487 0.13
50 30 3 16898 1548452 0.13
51 31 3 16899 42128 0.13
52 32 3 16900 719962 0.13
53 33 3 16901 10322 0.13
54 34 3 16902 1535071 0.13
55 35 3 16903 55012 0.13
56 36 3 16904 22818 0.13
57 37 3 16905 2053060 0.13
58 38 3 16906 53094 0.13
59 39 3 16907 52148 0.13
60 40 3 16908 63558 0.13
61 41 3 16909 3571714 0.13
62 42 3 16910 1946073 0.13
63 43 3 16911 42354 0.13
0 45 3 16912 2230 0.13
1 46 3 16913 9646 0.13
2 47 3 16914 2049 0.13
3 48 3 16915 2187405 0.13
4 49 3 16916 8117345 0.13
5 50 3 16917 4934 0.13
6 51 3 16918 32960 0.13
7 52 3 16919 17963282 0.13
8 53 3 16920 12864 0.13
9 54 3 16921 3302 0.13
10 55 3 16922 1591923 0.13
11 56 3 16923 681409 0.13
12 57 3 16924 531726 0.13
13 58 3 16925 5179366 0.13
14 59 3 16926 3046 0.13
15 60 3 16927 452860 0.13
16 61 3 16928 1133695 0.13
17 62 3 16929 682893 0.13
18 63 3 16930 77641 0.13
19 0 3 16931 29572 0.13
20 1 3 16932 50462 0.13
21 2 3 16933 846965 0.13
22 3 3 16934 120475 0.13
23 4 3 16935 30864 0.13
24 5 3 16936 1426975 0.13
25 6 3 16937 5659346 0.13
26 7 3 16938 2039 0.13
27 8 3 16939 27978 0.13
28 9 3 16940 79490 0.13
29 10 3 16941 6460756 0.13
30 11 3 16942 1002950 0.13
31 12 3 16943 60659 0.13
32 13 3 16944 20513 0.13
33 14 3 16945 104729 0.13
34 15 3 16946 1883415 0.13
35 16 3 16947 616296 0.13
36 17 3 16948 979767 0.13
37 18 3 16949 4630246 0.13
38 19 3 16950 1815630 0.13
39 20 3 16951 51039 0.13
40 21 3 16952 19459 0.13
41 22 3 16953 30306 0.13
42 23 3 16954 2326 0.13
43 24 3 16955 36898 0.13
44 25 3 16956 1250986 0.13
45 26 3 16957 1400522 0.13
46 27 3 16958 8080 0.13
47 28 3 16959 24615979 0.13
48 29 3 16960 28392 0.13
49 30 3 16961 5497 0.13
50 31 3 16962 117347 0.13
51 32 3 16963 78000 0.13
52 33 3 16964 1570463 0.13
53 34 3 16965 12005 0.13
54 35 3 16966 2205 0.13
55 36 3 16967 1965986 0.13
56 37 3 16968 187149 0.13
57 38 3 16969 24133 0.13
58 39 3 16970 1741577 0.13
59 40 3 16971 1265092 0.13
60 41 3 16972 21303133 0.13
61 42 3 16973 6835 0.13
62 43 3 16974 3196 0.13
63 44 3 16975 44595 0.13
0 46 3 16976 415916 0.13
1 47 3 16977 40894 0.13
2 48 3 16978 2469 0.13
3 49 3 16979 607699 0.13
4 50 3 16980 7979 0.13
5 51 3 16981 29796 0.13
6 52 3 16982 1368586 0.13
7 53 3 16983 62264 0.13
8 54 3 16984 18633708 0.13
9 55 3 16985 2161626 0.13
10 56 3 16986 22666719 0.13
11 57 3 16987 141023 0.13
12 58 3 16988 4830166 0.13
13 59 3 16989 421954 0.13
14 60 3 16990 85637 0.13
15 61 3 16991 192369 0.13
16 62 3 16992 40067 0.13
17 63 3 16993 28453 0.13
18 0 3 16994 1847892 0.13
19 1 3 16995 1148544 0.13
20 2 3 16996 779470 0.13
21 3 3 16997 1143509 0.13
22 4 3 16998 77615 0.13
23 5 3 16999 24763 0.13
24 6 3 17000 35569 0.13
25 7 3 17001 169775 0.13
26 8 3 17002 2685281 0.13
27 9 3 17003 42253 0.13
28 10 3 17004 5859 0.13
29 11 3 17005 1116404 0.13
30 12 3 17006 2853128 0.13
31 13 3 17007 4736 0.13
32 14 3 17008 3353 0.13
33 15 3 17009 4655278 0.13
34 16 3 17010 67596 0.13
35 17 3 17011 60653 0.13
36 18 3 17012 43858 0.13
37 19 3 17013 79135 0.13
38 20 3 17014 179839 0.13
39 21 3 17015 77448 0.13
40 22 3 17016 48956 0.13
41 23 3 17017 26369 0.13
42 24 3 17018 72806 0.13
43 25 3 17019 55405 0.13
44 26 3 17020 59249 0.13
45 27 3 17021 7216829 0.13
46 28 3 17022 70663 0.13
47 29 3 17023 12181655 0.13
48 30 3 17024 2714354 0.13
49 31 3 17025 9547 0.13
50 32 3 17026 8169 0.13
51 33 3 17027 1111505 0.13
52 34 3 17028 8350 0.13
53 35 3 17029 1045246 0.13
54 36 3 17030 3898149 0.13
55 37 3 17031 7444 0.13
56 38 3 17032 21264 0.13
57 39 3 17033 66928 0.13
58 40 3 17034 1464963 0.13
59 41 3 17035 8147825 0.13
60 42 3 17036 43866 0.13
61 43 3 17037 8701553 0.13
62 44 3 17038 212801 0.13
63 45 3 17039 51989 0.13
0 47 3 17040 7669 0.13
1 48 3 17041 151596 0.13
2 49 3 17042 2370 0.13
3 50 3 17043 10660 0.13
4 51 3 17044 44293 0.13
5 52 3 17045 24013400 0.13
6 53 3 17046 30652 0.13
7 54 3 17047 69828 0.13
8 55 3 17048 1912037 0.13
9 56 3 17049 9371 0.13
10 57 3 17050 182212 0.13
11 58 3 17051 2482 0.13
12 59 3 17052 4827587 0.13
13 60 3 17053 4671716 0.13
14 61 3 17054 21558 0.13
15 62 3 17055 2573752 0.13
16 63 3 17056 70490 0.13
17 0 3 17057 7786 0.13
18 1 3 17058 39729 0.13
19 2 3 17059 4112796 0.13
20 3 3 17060 54055 0.13
21 4 3 17061 153815 0.13
22 5 3 17062 141309 0.13
23 6 3 17063 5020520 0.13
24 7 3 17064 1813493 0.13
25 8 3 17065 67360 0.13
26 9 3 17066 1200334 0.13
27 10 3 17067 245677 0.13
28 11 3 17068 1619512 0.13
29 12 3 17069 74176 0.13
30 13 3 17070 64062 0.13
31 14 3 17071 61522 0.13
32 15 3 17072 61324 0.13
33 16 3 17073 3990366 0.13
34 17 3 17074 35043 0.13
35 18 3 17075 1998116 0.13
36 19 3 17076 716018 0.13
37 20 3 17077 52221 0.13
38 21 3 17078 23282 0.13
39 22 3 17079 49079 0.13
40 23 3 17080 98847 0.13
41 24 3 17081 9148535 0.13
42 25 3 17082 4701294 0.13
43 26 3 17083 1359127 0.13
44 27 3 17084 567332 0.13
45 28 3 17085 3978607 0.13
46 29 3 17086 1072086 0.13
47 30 3 17087 151991 0.13
48 31 3 17088 1961587 0.13
49 32 3 17089 1073988 0.13
50 33 3 17090 133218 0.13
51 34 3 17091 7902 0.13
52 35 3 17092 130319 0.13
53 36 3 17093 18485 0.13
54 37 3 17094 349632 0.13
55 38 3 17095 160323 0.13
56 39 3 17096 2701 0.13
57 40 3 17097 148990 0.13
58 41 3 17098 17879 0.13
59 42 3 17099 67500 0.13
60 43 3 17100 4905928 0.13
61 44 3 17101 7622 0.13
62 45 3 17102 7584414 0.13
63 46 3 17103 15948 0.13
0 48 3 17104 2094 0.13
1 49 3 17105 1867570 0.13
2 50 3 17106 24528 0.13
3 51 3 17107 1056177 0.13
4 52 3 17108 4629674 0.13
5 53 3 17109 60206 0.13
6 54 3 17110 2207630 0.13
7 55 3 17111 254838 0.13
8 56 3 17112 50414 0.13
9 57 3 17113 2433 0.13
10 58 3 17114 3859230 0.13
11 59 3 17115 2143 0.13
12 60 3 17116 58542 0.13
13 61 3 17117 53446 0.13
14 62 3 17118 3789452 0.13
15 63 3 17119 33476 0.13
16 0 3 17120 25717 0.13
17 1 3 17121 7171 0.13
18 2 3 17122 5953 0.13
19 3 3 17123 13631 0.13
20 4 3 17124 9522 0.13
21 5 3 17125 25555 0.13
22 6 3 17126 5273 0.13
23 7 3 17127 31358 0.13
24 8 3 17128 51679 0.13
25 9 3 17129 13838 0.13
26 10 3 17130 315803 0.13
27 11 3 17131 35058 0.13
28 12 3 17132 2195 0.13
29 13 3 17133 3095 0.13
30 14 3 17134 47987 0.13
31 15 3 17135 34008 0.13
32 16 3 17136 52959 0.13
33 17 3 17137 34843 0.13
34 18 3 17138 45102 0.13
35 19 3 17139 2832241 0.13
36 20 3 17140 7677 0.13
37 21 3 17141 20255 0.13
38 22 3 17142 1521337 0.13
39 23 3 17143 176049 0.13
40 24 3 17144 71456 0.13
41 25 3 17145 1523899 0.13
42 26 3 17146 47009 0.13
43 27 3 17147 7206 0.13
44 28 3 17148 3244 0.13
45 29 3 17149 64959 0.13
46 30 3 17150 51633 0.13
47 31 3 17151 69424 0.13
48 32 3 17152 51729 0.13
49 33 3 17153 23374 0.13
50 34 3 17154 4584676 0.13
51 35 3 17155 26915 0.13
52 36 3 17156 9533906 0.13
53 37 3 17157 800779 0.13
54 38 3 17158 24631 0.13
55 39 3 17159 122355 0.13
56 40 3 17160 1852141 0.13
57 41 3 17161 30922 0.13
58 42 3 17162 51556 0.13
59 43 3 17163 4873 0.13
60 44 3 17164 486391 0.13
61 45 3 17165 20345 0.13
62 46 3 17166 9850822 0.13
63 47 3 17167 44661 0.13
0 49 3 17168 20205810 0.13
1 50 3 17169 1820236 0.13
2 51 3 17170 92918 0.13
3 52 3 17171 55481 0.13
4 53 3 17172 5820909 0.13
5 54 3 17173 61940 0.13
6 55 3 17174 2005 0.13
7 56 3 17175 64919 0.13
8 57 3 17176 2881153 0.13
9 58 3 17177 28924 0.13
10 59 3 17178 11387869 0.13
11 60 3 17179 2002 0.13
12 61 3 17180 7393344 0.13
13 62 3 17181 68966 0.13
14 63 3 17182 196344 0.13
15 0 3 17183 3184631 0.13
16 1 3 17184 46030 0.13
17 2 3 17185 40283 0.13
18 3 3 17186 457655 0.13
19 4 3 17187 174558 0.13
20 5 3 17188 75460 0.13
21 6 3 17189 2439 0.13
22 7 3 17190 1391829 0.13
23 8 3 17191 136711 0.13
24 9 3 17192 30127 0.13
25 10 3 17193 49060 0.13
26 11 3 17194 7838 0.13
27 12 3 17195 9172 0.13
28 13 3 17196 125392 0.13
29 14 3 17197 27945 0.13
30 15 3 17198 57375 0.13
31 16 3 17199 283562 0.13
32 17 3 17200 9101226 0.13
33 18 3 17201 33660 0.13
34 19 3 17202 856807 0.13
35 20 3 17203 38527 0.13
36 21 3 17204 26136 0.13
37 22 3 17205 1526940 0.13
38 23 3 17206 62165 0.13
39 24 3 17207 24592 0.13
40 25 3 17208 18681298 0.13
41 26 3 17209 38325 0.13
42 27 3 17210 63799 0.13
43 28 3 17211 199166 0.13
44 29 3 17212 2079 0.13
45 30 3 17213 934760 0.13
46 31 3 17214 571546 0.13
47 32 3 17215 2010 0.13
48 33 3 17216 67660 0.13
49 34 3 17217 5103213 0.13
50 35 3 17218 781651 0.13
51 36 3 17219 53037 0.13
52 37 3 17220 4858045 0.13
53 38 3 17221 1032996 0.13
54 39 3 17222 1624652 0.13
55 40 3 17223 93939 0.13
56 41 3 17224 1873052 0.13
57 42 3 17225 592778 0.13
58 43 3 17226 4426 0.13
59 44 3 17227 2245 0.13
60 45 3 17228 2962515 0.13
61 46 3 17229 772904 0.13
62 47 3 17230 777967 0.13
63 48 3 17231 40598 0.13
0 50 3 17232 2383437 0.13
1 51 3 17233 2824005 0.13
2 52 3 17234 41593 0.13
3 53 3 17235 15437 0.13
4 54 3 17236 1679658 0.13
5 55 3 17237 976241 0.13
6 56 3 17238 2042 0.13
7 57 3 17239 64467 0.13
8 58 3 17240 7589132 0.13
9 59 3 17241 60287 0.13
10 60 3 17242 22152 0.13
11 61 3 17243 2098 0.13
12 62 3 17244 28113 0.13
13 63 3 17245 6528477 0.13
14 0 3 17246 41564 0.13
15 1 3 17247 5297 0.13
16 2 3 17248 307541 0.13
17 3 3 17249 30635 0.13
18 4 3 17250 1178095 0.13
19 5 3 17251 23425 0.13
20 6 3 17252 71648 0.13
21 7 3 17253 42599 0.13
22 8 3 17254 28075 0.13
23 9 3 17255 5321970 0.13
24 10 3 17256 1069680 0.13
25 11 3 17257 20908 0.13
26 12 3 17258 19217 0.13
27 13 3 17259 2633704 0.13
28 14 3 17260 49217 0.13
29 15 3 17261 4097486 0.13
30 16 3 17262 147032 0.13
31 17 3 17263 71694 0.13
32 18 3 17264 117346 0.13
33 19 3 17265 678707 0.13
34 20 3 17266 141212 0.13
35 21 3 17267 859068 0.13
36 22 3 17268 140240 0.13
37 23 3 17269 3575 0.13
38 24 3 17270 8259 0.13
39 25 3 17271 3553 0.13
40 26 3 17272 25962 0.13
41 27 3 17273 148405 0.13
42 28 3 17274 22796 0.13
43 29 3 17275 78403 0.13
44 30 3 17276 1822527 0.13
45 31 3 17277 18370 0.13
46 32 3 17278 823829 0.13
47 33 3 17279 24634235 0.13
48 34 3 17280 943886 0.13
49 35 3 17281 85042 0.13
50 36 3 17282 25292 0.13
51 37 3 17283 131627 0.13
52 38 3 17284 62444 0.13
53 39 3 17285 7706454 0.13
54 40 3 17286 527730 0.13
55 41 3 17287 8076730 0.13
56 42 3 17288 2630 0.13
57 43 3 17289 7768523 0.13
58 44 3 17290 57511 0.13
59 45 3 17291 26737651 0.13
60 46 3 17292 27403 0.13
61 47 3 17293 841387 0.13
62 48 3 17294 65366 0.13
63 49 3 17295 42294 0.13
0 51 3 17296 1590217 0.13
1 52 3 17297 4514073 0.13
2 53 3 17298 22454 0.13
3 54 3 17299 27793 0.13
4 55 3 17300 54629 0.13
5 56 3 17301 61275 0.13
6 57 3 17302 2025 0.13
7 58 3 17303 18921 0.13
8 59 3 17304 4726 0.13
9 60 3 17305 151690 0.13
10 61 3 17306 2171 0.13
11 62 3 17307 1374441 0.13
12 63 3 17308 15397074 0.13
13 0 3 17309 55496 0.13
14 1 3 17310 4210 0.13
15 2 3 17311 24998 0.13
16 3 3 17312 12896 0.13
17 4 3 17313 32161 0.13
18 5 3 17314 407957 0.13
19 6 3 17315 5770 0.13
20 7 3 17316 68453 0.13
21 8 3 17317 2241772 0.13
22 9 3 17318 187195 0.13
23 10 3 17319 410376 0.13
24 11 3 17320 36860 0.13
25 12 3 17321 25040 0.13
26 13 3 17322 6627 0.13
27 14 3 17323 23835 0.13
28 15 3 17324 38160 0.13
29 16 3 17325 2810 0.13
30 17 3 17326 36717 0.13
31 18 3 17327 1941111 0.13
32 19 3 17328 8110541 0.13
33 20 3 17329 1757494 0.13
34 21 3 17330 356532 0.13
35 22 3 17331 1640985 0.13
36 23 3 17332 402790 0.13
37 24 3 17333 163887 0.13
38 25 3 17334 4987 0.13
39 26 3 17335 3248 0.13
40 27 3 17336 2277 0.13
41 28 3 17337 32655 0.13
42 29 3 17338 3430764 0.13
43 30 3 17339 3551 0.13
44 31 3 17340 8202 0.13
45 32 3 17341 6365413 0.13
46 33 3 17342 59673 0.13
47 34 3 17343 30294 0.13
48 35 3 17344 409481 0.13
49 36 3 17345 3605 0.13
50 37 3 17346 820515 0.13
51 38 3 17347 130156 0.13
52 39 3 17348 29491 0.13
53 40 3 17349 46291 0.13
54 41 3 17350 5708 0.13
55 42 3 17351 1519633 0.13
56 43 3 17352 23311 0.13
57 44 3 17353 199272 0.13
58 45 3 17354 677792 0.13
59 46 3 17355 2053 0.13
60 47 3 17356 46784 0.13
61 48 3 17357 1951646 0.13
62 49 3 17358 4398145 0.13
63 50 3 17359 353844 0.13
0 52 3 17360 37923 0.13
1 53 3 17361 7684632 0.13
2 54 3 17362 1829291 0.13
3 55 3 17363 62479 0.13
4 56 3 17364 35638 0.13
5 57 3 17365 18496 0.13
6 58 3 17366 6215 0.13
7 59 3 17367 191728 0.13
8 60 3 17368 3728 0.13
9 61 3 17369 1894164 0.13
10 62 3 17370 18722 0.13
11 63 3 17371 154077 0.13
12 0 3 17372 498909 0.13
13 1 3 17373 25628 0.13
14 2 3 17374 54847 0.13
15 3 3 17375 1246230 0.13
16 4 3 17376 60297 0.13
17 5 3 17377 24315 0.13
18 6 3 17378 1970255 0.13
19 7 3 17379 3234 0.13
20 8 3 17380 32333 0.13
21 9 3 17381 58272 0.13
22 10 3 17382 9267239 0.13
23 11 3 17383 1543736 0.13
24 12 3 17384 32237 0.13
25 13 3 17385 4556657 0.13
26 14 3 17386 1754956 0.13
27 15 3 17387 9792 0.13
28 16 3 17388 31734 0.13
29 17 3 17389 38580 0.13
30 18 3 17390 43765 0.13
31 19 3 17391 2040 0.13
32 20 3 17392 176754 0.13
33 21 3 17393 826402 0.13
34 22 3 17394 3012 0.13
35 23 3 17395 74717 0.13
36 24 3 17396 3055247 0.13
37 25 3 17397 3761066 0.13
38 26 3 17398 55091 0.13
39 27 3 17399 19081 0.13
40 28 3 17400 20037 0.13
41 29 3 17401 5607158 0.13
42 30 3 17402 1852638 0.13
43 31 3 17403 38310 0.13
44 32 3 17404 742881 0.13
45 33 3 17405 958252 0.13
46 34 3 17406 17948837 0.13
47 35 3 17407 199592 0.13
48 36 3 17408 36229 0.13
49 37 3 17409 162989 0.13
50 38 3 17410 9504634 0.13
51 39 3 17411 328825 0.13
52 40 3 17412 54314 0.13
53 41 3 17413 12455 0.13
54 42 3 17414 62531 0.13
55 43 3 17415 1891913 0.13
56 44 3 17416 2395 0.13
57 45 3 17417 21940 0.13
58 46 3 17418 2018 0.13
59 47 3 17419 22302 0.13
60 48 3 17420 23027 0.13
61 49 3 17421 391360 0.13
62 50 3 17422 23901 0.13
63 51 3 17423 1345861 0.13
0 53 3 17424 8756302 0.13
1 54 3 17425 36303 0.13
2 55 3 17426 1400813 0.13
3 56 3 17427 20531 0.13
4 57 3 17428 16848 0.13
5 58 3 17429 23252029 0.13
6 59 3 17430 42563 0.13
7 60 3 17431 4161 0.13
8 61 3 17432 2233 0.13
9 62 3 17433 7215 0.13
10 63 3 17434 29057 0.13
11 0 3 17435 18880 0.13
12 1 3 17436 175462 0.13
13 2 3 17437 1655327 0.13
14 3 3 17438 2418 0.13
15 4 3 17439 2229 0.13
16 5 3 17440 19564 0.13
17 6 3 17441 14829 0.13
18 7 3 17442 4561466 0.13
19 8 3 17443 1188366 0.13
20 9 3 17444 37963 0.13
21 10 3 17445 122008 0.13
22 11 3 17446 15708 0.13
23 12 3 17447 2119 0.13
24 13 3 17448 3286442 0.13
25 14 3 17449 5760639 0.13
26 15 3 17450 2113 0.13
27 16 3 17451 819619 0.13
28 17 3 17452 45784 0.13
29 18 3 17453 1874140 0.13
30 19 3 17454 6877 0.13
31 20 3 17455 7579578 0.13
32 21 3 17456 31014 0.13
33 22 3 17457 24014 0.13
34 23 3 17458 2284633 0.13
35 24 3 17459 687269 0.13
36 25 3 17460 7940125 0.13
37 26 3 17461 14734564 0.13
38 27 3 17462 28463276 0.13
39 28 3 17463 4449913 0.13
40 29 3 17464 4351635 0.13
41 30 3 17465 3576 0.13
42 31 3 17466 9554 0.13
43 32 3 17467 6725390 0.13
44 33 3 17468 1948981 0.13
45 34 3 17469 18336 0.13
46 35 3 17470 45639 0.13
47 36 3 17471 44851 0.13
48 37 3 17472 199227 0.13
49 38 3 17473 14654360 0.13
50 39 3 17474 24454 0.13
51 40 3 17475 2449 0.13
52 41 3 17476 328224 0.13
53 42 3 17477 17820 0.13
54 43 3 17478 89374 0.13
55 44 3 17479 1895877 0.13
56 45 3 17480 35536 0.13
57 46 3 17481 2728 0.13
58 47 3 17482 1956119 0.13
59 48 3 17483 4185544 0.13
60 49 3 17484 3545079 0.13
61 50 3 17485 9884593 0.13
62 51 3 17486 4575028 0.13
63 52 3 17487 20923 0.13
0 54 3 17488 4698 0.13
1 55 3 17489 66307 0.13
2 56 3 17490 708017 0.13
3 57 3 17491 3541 0.13
4 58 3 17492 75064 0.13
5 59 3 17493 1513080 0.13
6 60 3 17494 560572 0.13
7 61 3 17495 75190 0.13
8 62 3 17496 72751 0.13
9 63 3 17497 64830 0.13
10 0 3 17498 34364 0.13
11 1 3 17499 44775 0.13
12 2 3 17500 956077 0.13
13 3 3 17501 1156498 0.13
14 4 3 17502 71875 0.13
15 5 3 17503 26833 0.13
16 6 3 17504 50218 0.13
17 7 3 17505 6513230 0.13
18 8 3 17506 172541 0.13
19 9 3 17507 2321 0.13
20 10 3 17508 21952 0.13
21 11 3 17509 20300 0.13
22 12 3 17510 3895047 0.13
23 13 3 17511 49179 0.13
24 14 3 17512 31199 0.13
25 15 3 17513 4661267 0.13
26 16 3 17514 150920 0.13
27 17 3 17515 7535636 0.13
28 18 3 17516 44821 0.13
29 19 3 17517 115231 0.13
30 20 3 17518 8746 0.13
31 21 3 17519 4881 0.13
32 22 3 17520 60270 0.13
33 23 3 17521 40314 0.13
34 24 3 17522 172506 0.13
35 25 3 17523 65058 0.13
36 26 3 17524 369006 0.13
37 27 3 17525 56023 0.13
38 28 3 17526 65588 0.13
39 29 3 17527 52066 0.13
40 30 3 17528 2135133 0.13
41 31 3 17529 33404 0.13
42 32 3 17530 46474 0.13
43 33 3 17531 15913 0.13
44 34 3 17532 23379 0.13
45 35 3 17533 562838 0.13
46 36 3 17534 41818 0.13
47 37 3 17535 4769 0.13
48 38 3 17536 3278101 0.13
49 39 3 17537 76028 0.13
50 40 3 17538 549235 0.13
51 41 3 17539 1858732 0.13
52 42 3 17540 6900422 0.13
53 43 3 17541 5888 0.13
54 44 3 17542 3994 0.13
55 45 3 17543 2343 0.13
56 46 3 17544 20030 0.13
57 47 3 17545 19329 0.13
58 48 3 17546 35848 0.13
59 49 3 17547 30543 0.13
60 50 3 17548 2466943 0.13
61 51 3 17549 868314 0.13
62 52 3 17550 27446 0.13
63 53 3 17551 1056426 0.13
0 55 3 17552 28663803 0.13
1 56 3 17553 28936731 0.13
2 57 3 17554 1523833 0.13
3 58 3 17555 1398210 0.13
4 59 3 17556 5884466 0.13
5 60 3 17557 2042 0.13
6 61 3 17558 29947 0.13
7 62 3 17559 2669265 0.13
8 63 3 17560 1831282 0.13
9 0 3 17561 50879 0.13
10 1 3 17562 51328 0.13
11 2 3 17563 165635 0.13
12 3 3 17564 642468 0.13
13 4 3 17565 66616 0.13
14 5 3 17566 75995 0.13
15 6 3 17567 1611605 0.13
16 7 3 17568 9942 0.13
17 8 3 17569 49501 0.13
18 9 3 17570 22692 0.13
19 10 3 17571 1491370 0.13
20 11 3 17572 67178 0.13
21 12 3 17573 76728 0.13
22 13 3 17574 1859746 0.13
23 14 3 17575 1576212 0.13
24 15 3 17576 1225103 0.13
25 16 3 17577 64169 0.13
26 17 3 17578 1919148 0.13
27 18 3 17579 32614 0.13
28 19 3 17580 17569 0.13
29 20 3 17581 1701310 0.13
30 21 3 17582 983530 0.13
31 22 3 17583 20958 0.13
32 23 3 17584 61531 0.13
33 24 3 17585 128765 0.13
34 25 3 17586 44940 0.13
35 26 3 17587 161443 0.13
36 27 3 17588 8267 0.13
37 28 3 17589 8096714 0.13
38 29 3 17590 2048 0.13
39 30 3 17591 2312041 0.13
40 31 3 17592 3028966 0.13
41 32 3 17593 37964 0.13
42 33 3 17594 54418 0.13
43 34 3 17595 886102 0.13
44 35 3 17596 50777 0.13
45 36 3 17597 1786434 0.13
46 37 3 17598 93035 0.13
47 38 3 17599 35215 0.13
48 39 3 17600 2143 0.13
49 40 3 17601 1853578 0.13
50 41 3 17602 6581727 0.13
51 42 3 17603 10738 0.13
52 43 3 17604 8759824 0.13
53 44 3 17605 36050 0.13
54 45 3 17606 438714 0.13
55 46 3 17607 224022 0.13
56 47 3 17608 262698 0.13
57 48 3 17609 4008342 0.13
58 49 3 17610 16781410 0.13
59 50 3 17611 20420 0.13
60 51 3 17612 48127 0.13
61 52 3 17613 87698 0.13
62 53 3 17614 17667 0.13
63 54 3 17615 6691 0.13
0 56 3 17616 147740 0.13
1 57 3 17617 61892 0.13
2 58 3 17618 4842313 0.13
3 59 3 17619 5526 0.13
4 60 3 17620 6345 0.13
5 61 3 17621 119268 0.13
6 62 3 17622 2260 0.13
7 63 3 17623 912196 0.13
8 0 3 17624 70449 0.13
9 1 3 17625 17338 0.13
10 2 3 17626 3864 0.13
11 3 3 17627 9499611 0.13
12 4 3 17628 28381 0.13
13 5 3 17629 23303 0.13
14 6 3 17630 676559 0.13
15 7 3 17631 3898 0.13
16 8 3 17632 3021 0.13
17 9 3 17633 77353 0.13
18 10 3 17634 14365 0.13
19 11 3 17635 3791220 0.13
20 12 3 17636 52506 0.13
21 13 3 17637 11407 0.13
22 14 3 17638 6859 0.13
23 15 3 17639 91062 0.13
24 16 3 17640 68057 0.13
25 17 3 17641 3813 0.13
26 18 3 17642 8935483 0.13
27 19 3 17643 3970984 0.13
28 20 3 17644 8394 0.13
29 21 3 17645 20567 0.13
30 22 3 17646 57430 0.13
31 23 3 17647 1096716 0.13
32 24 3 17648 67256 0.13
33 25 3 17649 229675 0.13
34 26 3 17650 7796732 0.13
35 27 3 17651 178557 0.13
36 28 3 17652 73648 0.13
37 29 3 17653 878687 0.13
38 30 3 17654 27544 0.13
39 31 3 17655 2037 0.13
40 32 3 17656 9415 0.13
41 33 3 17657 3477 0.13
42 34 3 17658 49847 0.13
43 35 3 17659 2226974 0.13
44 36 3 17660 79043 0.13
45 37 3 17661 5735895 0.13
46 38 3 17662 4377181 0.13
47 39 3 17663 63893 0.13
48 40 3 17664 159084 0.13
49 41 3 17665 1372907 0.13
50 42 3 17666 28791 0.13
51 43 3 17667 4429822 0.13
52 44 3 17668 62993 0.13
53 45 3 17669 1003165 0.13
54 46 3 17670 1116479 0.13
55 47 3 17671 29744 0.13
56 48 3 17672 304220 0.13
57 49 3 17673 2299542 0.13
58 50 3 17674 15025 0.13
59 51 3 17675 24913 0.13
60 52 3 17676 4998938 0.13
61 53 3 17677 1332439 0.13
62 54 3 17678 63344 0.13
63 55 3 17679 5773792 0.13
0 57 3 17680 16688 0.13
1 58 3 17681 146197 0.13
2 59 3 17682 48710 0.13
3 60 3 17683 8263382 0.13
4 61 3 17684 23969 0.13
5 62 3 17685 4116187 0.13
6 63 3 17686 27377 0.13
7 0 3 17687 424665 0.13
8 1 3 17688 29188 0.13
9 2 3 17689 6164023 0.13
10 3 3 17690 984351 0.13
11 4 3 17691 1224093 0.13
12 5 3 17692 21725 0.13
13 6 3 17693 71574 0.13
14 7 3 17694 24926481 0.13
15 8 3 17695 119126 0.13
16 9 3 17696 26877587 0.13
17 10 3 17697 4357 0.13
18 11 3 17698 6417 0.13
19 12 3 17699 1665390 0.13
20 13 3 17700 35202 0.13
21 14 3 17701 61754 0.13
22 15 3 17702 25276 0.13
23 16 3 17703 74476 0.13
24 17 3 17704 64346 0.13
25 18 3 17705 4123 0.13
26 19 3 17706 955885 0.13
27 20 3 17707 1497361 0.13
28 21 3 17708 46231 0.13
29 22 3 17709 1459574 0.13
30 23 3 17710 3673194 0.13
31 24 3 17711 49334 0.13
32 25 3 17712 2053 0.13
33 26 3 17713 7174 0.13
34 27 3 17714 6224069 0.13
35 28 3 17715 35422 0.13
36 29 3 17716 1486760 0.13
37 30 3 17717 69559 0.13
38 31 3 17718 3776 0.13
39 32 3 17719 111591 0.13
40 33 3 17720 24229 0.13
41 34 3 17721 8572744 0.13
42 35 3 17722 9220 0.13
43 36 3 17723 2612800 0.13
44 37 3 17724 3246875 0.13
45 38 3 17725 14117 0.13
46 39 3 17726 2090 0.13
47 40 3 17727 6041 0.13
48 41 3 17728 29414 0.13
49 42 3 17729 87977 0.13
50 43 3 17730 48169 0.13
51 44 3 17731 4430 0.13
52 45 3 17732 1635890 0.13
53 46 3 17733 819065 0.13
54 47 3 17734 10699 0.13
55 48 3 17735 41617 0.13
56 49 3 17736 21667 0.13
57 50 3 17737 2292 0.13
58 51 3 17738 800353 0.13
59 52 3 17739 21616 0.13
60 53 3 17740 973938 0.13
61 54 3 17741 3095034 0.13
62 55 3 17742 2345354 0.13
63 56 3 17743 528097 0.13
0 58 3 17744 1164104 0.13
1 59 3 17745 4910296 0.13
2 60 3 17746 48123 0.13
3 61 3 17747 31664 0.13
4 62 3 17748 2669 0.13
5 63 3 17749 2023 0.13
6 0 3 17750 1724096 0.13
7 1 3 17751 1671142 0.13
8 2 3 17752 7058610 0.13
9 3 3 17753 44928 0.13
10 4 3 17754 23854 0.13
11 5 3 17755 5397 0.13
12 6 3 17756 55003 0.13
13 7 3 17757 22860416 0.13
14 8 3 17758 37423 0.13
15 9 3 17759 18430 0.13
16 10 3 17760 751595 0.13
17 11 3 17761 22056 0.13
18 12 3 17762 4468581 0.13
19 13 3 17763 1969241 0.13
20 14 3 17764 2913519 0.13
21 15 3 17765 13576 0.13
22 16 3 17766 13409 0.13
23 17 3 17767 53618 0.13
24 18 3 17768 6614 0.13
25 19 3 17769 35428 0.13
26 20 3 17770 134949 0.13
27 21 3 17771 17909 0.13
28 22 3 17772 20711 0.13
29 23 3 17773 100061 0.13
30 24 3 17774 7780230 0.13
31 25 3 17775 7664 0.13
32 26 3 17776 21377 0.13
33 27 3 17777 41315 0.13
34 28 3 17778 14724 0.13
35 29 3 17779 50493 0.13
36 30 3 17780 33248 0.13
37 31 3 17781 47837 0.13
38 32 3 17782 63563 0.13
39 33 3 17783 3621 0.13
40 34 3 17784 2452546 0.13
41 35 3 17785 599559 0.13
42 36 3 17786 43795 0.13
43 37 3 17787 3713 0.13
44 38 3 17788 21856 0.13
45 39 3 17789 30306 0.13
46 40 3 17790 198061 0.13
47 41 3 17791 18734995 0.13
48 42 3 17792 6145 0.13
49 43 3 17793 90596 0.13
50 44 3 17794 23687525 0.13
51 45 3 17795 3513951 0.13
52 46 3 17796 14291 0.13
53 47 3 17797 9216764 0.13
54 48 3 17798 199772 0.13
55 49 3 17799 17610596 0.13
56 50 3 17800 970522 0.13
57 51 3 17801 823204 0.13
58 52 3 17802 11577901 0.13
59 53 3 17803 949765 0.13
60 54 3 17804 36409 0.13
61 55 3 17805 482827 0.13
62 56 3 17806 4519010 0.13
63 57 3 17807 33593 0.13
0 59 3 17808 3546626 0.13
1 60 3 17809 68953 0.13
2 61 3 17810 37021 0.13
3 62 3 17811 268266 0.13
4 63 3 17812 174348 0.13
5 0 3 17813 46474 0.13
6 1 3 17814 524735 0.13
7 2 3 17815 23242 0.13
8 3 3 17816 178517 0.13
9 4 3 17817 22253909 0.13
10 5 3 17818 23260 0.13
11 6 3 17819 330789 0.13
12 7 3 17820 4903382 0.13
13 8 3 17821 31769 0.13
14 9 3 17822 1379132 0.13
15 10 3 17823 1572457 0.13
16 11 3 17824 358129 0.13
17 12 3 17825 3194 0.13
18 13 3 17826 44904 0.13
19 14 3 17827 29661 0.13
20 15 3 17828 10334 0.13
21 16 3 17829 20438 0.13
22 17 3 17830 2338 0.13
23 18 3 17831 6672081 0.13
24 19 3 17832 196700 0.13
25 20 3 17833 8276892 0.13
26 21 3 17834 1392556 0.13
27 22 3 17835 35737 0.13
28 23 3 17836 27812 0.13
29 24 3 17837 548816 0.13
30 25 3 17838 1604938 0.13
31 26 3 17839 77893 0.13
32 27 3 17840 15045002 0.13
33 28 3 17841 584371 0.13
34 29 3 17842 28845 0.13
35 30 3 17843 2149 0.13
36 31 3 17844 3408045 0.13
37 32 3 17845 36254 0.13
38 33 3 17846 24224 0.13
39 34 3 17847 95963 0.13
40 35 3 17848 5473718 0.13
41 36 3 17849 720048 0.13
42 37 3 17850 24833 0.13
43 38 3 17851 898798 0.13
44 39 3 17852 1195022 0.13
45 40 3 17853 264505 0.13
46 41 3 17854 46297 0.13
47 42 3 17855 34327 0.13
48 43 3 17856 59775 0.13
49 44 3 17857 2030 0.13
50 45 3 17858 4096002 0.13
51 46 3 17859 3898 0.13
52 47 3 17860 18493 0.13
53 48 3 17861 474935 0.13
54 49 3 17862 9322 0.13
55 50 3 17863 20422 0.13
56 51 3 17864 5423 0.13
57 52 3 17865 187366 0.13
58 53 3 17866 2936626 0.13
59 54 3 17867 7272335 0.13
60 55 3 17868 23631 0.13
61 56 3 17869 4471 0.13
62 57 3 17870 1249891 0.13
63 58 3 17871 32292 0.13
0 60 3 17872 1216737 0.13
1 61 3 17873 24492 0.13
2 62 3 17874 15287 0.13
3 63 3 17875 24896 0.13
4 0 3 17876 28535 0.13
5 1 3 17877 61139 0.13
6 2 3 17878 484830 0.13
7 3 3 17879 27186 0.13
8 4 3 17880 1812889 0.13
9 5 3 17881 4601 0.13
10 6 3 17882 11703466 0.13
11 7 3 17883 49648 0.13
12 8 3 17884 13553 0.13
13 9 3 17885 59548 0.13
14 10 3 17886 74298 0.13
15 11 3 17887 1349281 0.13
16 12 3 17888 1603244 0.13
17 13 3 17889 2588114 0.13
18 14 3 17890 1935586 0.13
19 15 3 17891 2099 0.13
20 16 3 17892 46283 0.13
21 17 3 17893 3621266 0.13
22 18 3 17894 1588583 0.13
23 19 3 17895 6538035 0.13
24 20 3 17896 191742 0.13
25 21 3 17897 10559 0.13
26 22 3 17898 1266482 0.13
27 23 3 17899 25729 0.13
28 24 3 17900 64688 0.13
29 25 3 17901 62369 0.13
30 26 3 17902 45029 0.13
31 27 3 17903 248202 0.13
32 28 3 17904 4035 0.13
33 29 3 17905 8932 0.13
34 30 3 17906 65982 0.13
35 31 3 17907 10944 0.13
36 32 3 17908 17925 0.13
37 33 3 17909 2064 0.13
38 34 3 17910 73238 0.13
39 35 3 17911 1253453 0.13
40 36 3 17912 71104 0.13
41 37 3 17913 6835076 0.13
42 38 3 17914 7877498 0.13
43 39 3 17915 10328424 0.13
44 40 3 17916 44628 0.13
45 41 3 17917 70665 0.13
46 42 3 17918 528389 0.13
47 43 3 17919 179958 0.13
48 44 3 17920 52027 0.13
49 45 3 17921 2351 0.13
50 46 3 17922 6543089 0.13
51 47 3 17923 46965 0.13
52 48 3 17924 141043 0.13
53 49 3 17925 18845 0.13
54 50 3 17926 58376 0.13
55 51 3 17927 25525 0.13
56 52 3 17928 5934713 0.13
57 53 3 17929 1222452 0.13
58 54 3 17930 75294 0.13
59 55 3 17931 70451 0.13
60 56 3 17932 907915 0.13
61 57 3 17933 971643 0.13
62 58 3 17934 607250 0.13
63 59 3 17935 6894196 0.13
0 61 3 17936 1356642 0.13
1 62 3 17937 24235 0.13
2 63 3 17938 2293 0.13
3 0 3 17939 2393792 0.13
4 1 3 17940 447621 0.13
5 2 3 17941 811404 0.13
6 3 3 17942 979771 0.13
7 4 3 17943 562668 0.13
8 5 3 17944 26133 0.13
9 6 3 17945 62800 0.13
10 7 3 17946 848531 0.13
11 8 3 17947 25428 0.13
12 9 3 17948 217194 0.13
13 10 3 17949 8698446 0.13
14 11 3 17950 3245476 0.13
15 12 3 17951 2061 0.13
16 13 3 17952 1709721 0.13
17 14 3 17953 555179 0.13
18 15 3 17954 6205918 0.13
19 16 3 17955 49533 0.13
20 17 3 17956 176275 0.13
21 18 3 17957 5071117 0.13
22 19 3 17958 77354 0.13
23 20 3 17959 17764 0.13
24 21 3 17960 55294 0.13
25 22 3 17961 2892486 0.13
26 23 3 17962 25287 0.13
27 24 3 17963 30443 0.13
28 25 3 17964 9834530 0.13
29 26 3 17965 667888 0.13
30 27 3 17966 46557 0.13
31 28 3 17967 31595 0.13
32 29 3 17968 52678 0.13
33 30 3 17969 4292014 0.13
34 31 3 17970 1276520 0.13
35 32 3 17971 5221 0.13
36 33 3 17972 489441 0.13
37 34 3 17973 1766911 0.13
38 35 3 17974 38878 0.13
39 36 3 17975 9417 0.13
40 37 3 17976 1487300 0.13
41 38 3 17977 7144061 0.13
42 39 3 17978 49594 0.13
43 40 3 17979 31620 0.13
44 41 3 17980 21350328 0.13
45 42 3 17981 2491681 0.13
46 43 3 17982 2007 0.13
47 44 3 17983 3888 0.13
48 45 3 17984 970533 0.13
49 46 3 17985 78837 0.13
50 47 3 17986 636169 0.13
51 48 3 17987 1330422 0.13
52 49 3 17988 14126 0.13
53 50 3 17989 44930 0.13
54 51 3 17990 1040471 0.13
55 52 3 17991 19604 0.13
56 53 3 17992 16396 0.13
57 54 3 17993 8463093 0.13
58 55 3 17994 61690 0.13
59 56 3 17995 2431113 0.13
60 57 3 17996 17127 0.13
61 58 3 17997 3128 0.13
62 59 3 17998 16545 0.13
63 60 3 17999 1591646 0.13
0 62 3 18000 25935 0.13
1 63 3 18001 5162377 0.13
2 0 3 18002 52029 0.13
3 1 3 18003 414699 0.13
4 2 3 18004 395371 0.13
5 3 3 18005 4050859 0.13
6 4 3 18006 13225 0.13
7 5 3 18007 29312 0.13
8 6 3 18008 45545 0.13
9 7 3 18009 27676 0.13
10 8 3 18010 38430 0.13
11 9 3 18011 175393 0.13
12 10 3 18012 67976 0.13
13 11 3 18013 782436 0.13
14 12 3 18014 6064 0.13
15 13 3 18015 3273 0.13
16 14 3 18016 1517986 0.13
17 15 3 18017 2036 0.13
18 16 3 18018 169906 0.13
19 17 3 18019 21745889 0.13
20 18 3 18020 5778 0.13
21 19 3 18021 78231 0.13
22 20 3 18022 2036 0.13
23 21 3 18023 223878 0.13
24 22 3 18024 21264561 0.13
25 23 3 18025 1613639 0.13
26 24 3 18026 7294884 0.13
27 25 3 18027 66899 0.13
28 26 3 18028 37405 0.13
29 27 3 18029 56796 0.13
30 28 3 18030 44157 0.13
31 29 3 18031 4704565 0.13
32 30 3 18032 29630090 0.13
33 31 3 18033 2505415 0.13
34 32 3 18034 7927931 0.13
35 33 3 18035 720626 0.13
36 34 3 18036 45687 0.13
37 35 3 18037 3006 0.13
38 36 3 18038 41205 0.13
39 37 3 18039 36051 0.13
40 38 3 18040 6014 0.13
41 39 3 18041 63135 0.13
42 40 3 18042 986466 0.13
43 41 3 18043 1252201 0.13
44 42 3 18044 4639116 0.13
45 43 3 18045 9109 0.13
46 44 3 18046 215273 0.13
47 45 3 18047 4070158 0.13
48 46 3 18048 27946 0.13
49 47 3 18049 994116 0.13
50 48 3 18050 2451552 0.13
51 49 3 18051 43685 0.13
52 50 3 18052 346813 0.13
53 51 3 18053 671008 0.13
54 52 3 18054 67353 0.13
55 53 3 18055 53029 0.13
56 54 3 18056 17586 0.13
57 55 3 18057 20787603 0.13
58 56 3 18058 9110510 0.13
59 57 3 18059 2378571 0.13
60 58 3 18060 2083 0.13
61 59 3 18061 42041 0.13
62 60 3 18062 2443 0.13
63 61 3 18063 2226734 0.13
0 63 3 18064 35105 0.13
1 0 3 18065 60224 0.13
2 1 3 18066 254104 0.13
3 2 3 18067 50038 0.13
4 3 3 18068 300738 0.13
5 4 3 18069 4695 0.13
6 5 3 18070 56442 0.13
7 6 3 18071 7248819 0.13
8 7 3 18072 7203178 0.13
9 8 3 18073 21247642 0.13
10 9 3 18074 3713000 0.13
11 10 3 18075 5371625 0.13
12 11 3 18076 1342777 0.13
13 12 3 18077 29386 0.13
14 13 3 18078 19015 0.13
15 14 3 18079 9452 0.13
16 15 3 18080 77704 0.13
17 16 3 18081 151815 0.13
18 17 3 18082 3704078 0.13
19 18 3 18083 74146 0.13
20 19 3 18084 8228 0.13
21 20 3 18085 1968207 0.13
22 21 3 18086 30269 0.13
23 22 3 18087 784497 0.13
24 23 3 18088 112137 0.13
25 24 3 18089 4243573 0.13
26 25 3 18090 13610 0.13
27 26 3 18091 60681 0.13
28 27 3 18092 7254 0.13
29 28 3 18093 701136 0.13
30 29 3 18094 24090 0.13
31 30 3 18095 21164 0.13
32 31 3 18096 1532525 0.13
33 32 3 18097 677960 0.13
34 33 3 18098 5260 0.13
35 34 3 18099 58052 0.13
36 35 3 18100 1157651 0.13
37 36 3 18101 12047 0.13
38 37 3 18102 7069097 0.13
39 38 3 18103 5189179 0.13
40 39 3 18104 1663088 0.13
41 40 3 18105 22037 0.13
42 41 3 18106 25762 0.13
43 42 3 18107 67608 0.13
44 43 3 18108 4925326 0.13
45 44 3 18109 7847 0.13
46 45 3 18110 8860 0.13
47 46 3 18111 87788 0.13
48 47 3 18112 1254144 0.13
49 48 3 18113 5330 0.13
50 49 3 18114 934276 0.13
51 50 3 18115 4158218 0.13
52 51 3 18116 7269996 0.13
53 52 3 18117 1663373 0.13
54 53 3 18118 205435 0.13
55 54 3 18119 551892 0.13
56 55 3 18120 45402 0.13
57 56 3 18121 1174427 0.13
58 57 3 18122 1360024 0.13
59 58 3 18123 46330 0.13
60 59 3 18124 536817 0.13
61 60 3 18125 134685 0.13
62 61 3 18126 3684230 0.13
63 62 3 18127 2253424 0.13
0 1 3 18128 22355 0.13
1 2 3 18129 7255 0.13
2 3 3 18130 5137 0.13
3 4 3 18131 5239 0.13
4 5 3 18132 1405812 0.13
5 6 3 18133 7657903 0.13
6 7 3 18134 1446177 0.13
7 8 3 18135 7288 0.13
8 9 3 18136 43547 0.13
9 10 3 18137 3599909 0.13
10 11 3 18138 8862044 0.13
11 12 3 18139 160428 0.13
12 13 3 18140 2008 0.13
13 14 3 18141 3331 0.13
14 15 3 18142 89605 0.13
15 16 3 18143 3413557 0.13
16 17 3 18144 16566332 0.13
17 18 3 18145 33928 0.13
18 19 3 18146 43004 0.13
19 20 3 18147 834417 0.13
20 21 3 18148 1965653 0.13
21 22 3 18149 77634 0.13
22 23 3 18150 212941 0.13
23 24 3 18151 22214 0.13
24 25 3 18152 49062 0.13
25 26 3 18153 94216 0.13
26 27 3 18154 63985 0.13
27 28 3 18155 9576 0.13
28 29 3 18156 8063564 0.13
29 30 3 18157 3116499 0.13
30 31 3 18158 73038 0.13
31 32 3 18159 62873 0.13
32 33 3 18160 211723 0.13
33 34 3 18161 9669 0.13
34 35 3 18162 722805 0.13
35 36 3 18163 2038752 0.13
36 37 3 18164 1029668 0.13
37 38 3 18165 198080 0.13
38 39 3 18166 31778 0.13
39 40 3 18167 23556741 0.13
40 41 3 18168 7877 0.13
41 42 3 18169 27899069 0.13
42 43 3 18170 1065222 0.13
43 44 3 18171 68065 0.13
44 45 3 18172 2860619 0.13
45 46 3 18173 71928 0.13
46 47 3 18174 1041404 0.13
47 48 3 18175 45341 0.13
48 49 3 18176 17428530 0.13
49 50 3 18177 36628 0.13
50 51 3 18178 2836540 0.13
51 52 3 18179 21061 0.13
52 53 3 18180 1326581 0.13
53 54 3 18181 2312559 0.13
54 55 3 18182 1004074 0.13
55 56 3 18183 2679 0.13
56 57 3 18184 3962956 0.13
57 58 3 18185 15804 0.13
58 59 3 18186 70193 0.13
59 60 3 18187 48361 0.13
60 61 3 18188 19593028 0.13
61 62 3 18189 674002 0.13
62 63 3 18190 3455547 0.13
63 0 3 18191 24042143 0.13
