16384
0 1 3 10000 1000000 0.13
1 2 3 10001 1000000 0.13
2 3 3 10002 1000000 0.13
3 4 3 10003 1000000 0.13
4 5 3 10004 1000000 0.13
5 6 3 10005 1000000 0.13
6 7 3 10006 1000000 0.13
7 8 3 10007 1000000 0.13
8 9 3 10008 1000000 0.13
9 10 3 10009 1000000 0.13
10 11 3 10010 1000000 0.13
11 12 3 10011 1000000 0.13
12 13 3 10012 1000000 0.13
13 14 3 10013 1000000 0.13
14 15 3 10014 1000000 0.13
15 16 3 10015 1000000 0.13
16 17 3 10016 1000000 0.13
17 18 3 10017 1000000 0.13
18 19 3 10018 1000000 0.13
19 20 3 10019 1000000 0.13
20 21 3 10020 1000000 0.13
21 22 3 10021 1000000 0.13
22 23 3 10022 1000000 0.13
23 24 3 10023 1000000 0.13
24 25 3 10024 1000000 0.13
25 26 3 10025 1000000 0.13
26 27 3 10026 1000000 0.13
27 28 3 10027 1000000 0.13
28 29 3 10028 1000000 0.13
29 30 3 10029 1000000 0.13
30 31 3 10030 1000000 0.13
31 32 3 10031 1000000 0.13
32 33 3 10032 1000000 0.13
33 34 3 10033 1000000 0.13
34 35 3 10034 1000000 0.13
35 36 3 10035 1000000 0.13
36 37 3 10036 1000000 0.13
37 38 3 10037 1000000 0.13
38 39 3 10038 1000000 0.13
39 40 3 10039 1000000 0.13
40 41 3 10040 1000000 0.13
41 42 3 10041 1000000 0.13
42 43 3 10042 1000000 0.13
43 44 3 10043 1000000 0.13
44 45 3 10044 1000000 0.13
45 46 3 10045 1000000 0.13
46 47 3 10046 1000000 0.13
47 48 3 10047 1000000 0.13
48 49 3 10048 1000000 0.13
49 50 3 10049 1000000 0.13
50 51 3 10050 1000000 0.13
51 52 3 10051 1000000 0.13
52 53 3 10052 1000000 0.13
53 54 3 10053 1000000 0.13
54 55 3 10054 1000000 0.13
55 56 3 10055 1000000 0.13
56 57 3 10056 1000000 0.13
57 58 3 10057 1000000 0.13
58 59 3 10058 1000000 0.13
59 60 3 10059 1000000 0.13
60 61 3 10060 1000000 0.13
61 62 3 10061 1000000 0.13
62 63 3 10062 1000000 0.13
63 0 3 10063 1000000 0.13
0 2 3 10064 1000000 0.13
1 3 3 10065 1000000 0.13
2 4 3 10066 1000000 0.13
3 5 3 10067 1000000 0.13
4 6 3 10068 1000000 0.13
5 7 3 10069 1000000 0.13
6 8 3 10070 1000000 0.13
7 9 3 10071 1000000 0.13
8 10 3 10072 1000000 0.13
9 11 3 10073 1000000 0.13
10 12 3 10074 1000000 0.13
11 13 3 10075 1000000 0.13
12 14 3 10076 1000000 0.13
13 15 3 10077 1000000 0.13
14 16 3 10078 1000000 0.13
15 17 3 10079 1000000 0.13
16 18 3 10080 1000000 0.13
17 19 3 10081 1000000 0.13
18 20 3 10082 1000000 0.13
19 21 3 10083 1000000 0.13
20 22 3 10084 1000000 0.13
21 23 3 10085 1000000 0.13
22 24 3 10086 1000000 0.13
23 25 3 10087 1000000 0.13
24 26 3 10088 1000000 0.13
25 27 3 10089 1000000 0.13
26 28 3 10090 1000000 0.13
27 29 3 10091 1000000 0.13
28 30 3 10092 1000000 0.13
29 31 3 10093 1000000 0.13
30 32 3 10094 1000000 0.13
31 33 3 10095 1000000 0.13
32 34 3 10096 1000000 0.13
33 35 3 10097 1000000 0.13
34 36 3 10098 1000000 0.13
35 37 3 10099 1000000 0.13
36 38 3 10100 1000000 0.13
37 39 3 10101 1000000 0.13
38 40 3 10102 1000000 0.13
39 41 3 10103 1000000 0.13
40 42 3 10104 1000000 0.13
41 43 3 10105 1000000 0.13
42 44 3 10106 1000000 0.13
43 45 3 10107 1000000 0.13
44 46 3 10108 1000000 0.13
45 47 3 10109 1000000 0.13
46 48 3 10110 1000000 0.13
47 49 3 10111 1000000 0.13
48 50 3 10112 1000000 0.13
49 51 3 10113 1000000 0.13
50 52 3 10114 1000000 0.13
51 53 3 10115 1000000 0.13
52 54 3 10116 1000000 0.13
53 55 3 10117 1000000 0.13
54 56 3 10118 1000000 0.13
55 57 3 10119 1000000 0.13
56 58 3 10120 1000000 0.13
57 59 3 10121 1000000 0.13
58 60 3 10122 1000000 0.13
59 61 3 10123 1000000 0.13
60 62 3 10124 1000000 0.13
61 63 3 10125 1000000 0.13
62 0 3 10126 1000000 0.13
63 1 3 10127 1000000 0.13
0 3 3 10128 1000000 0.13
1 4 3 10129 1000000 0.13
2 5 3 10130 1000000 0.13
3 6 3 10131 1000000 0.13
4 7 3 10132 1000000 0.13
5 8 3 10133 1000000 0.13
6 9 3 10134 1000000 0.13
7 10 3 10135 1000000 0.13
8 11 3 10136 1000000 0.13
9 12 3 10137 1000000 0.13
10 13 3 10138 1000000 0.13
11 14 3 10139 1000000 0.13
12 15 3 10140 1000000 0.13
13 16 3 10141 1000000 0.13
14 17 3 10142 1000000 0.13
15 18 3 10143 1000000 0.13
16 19 3 10144 1000000 0.13
17 20 3 10145 1000000 0.13
18 21 3 10146 1000000 0.13
19 22 3 10147 1000000 0.13
20 23 3 10148 1000000 0.13
21 24 3 10149 1000000 0.13
22 25 3 10150 1000000 0.13
23 26 3 10151 1000000 0.13
24 27 3 10152 1000000 0.13
25 28 3 10153 1000000 0.13
26 29 3 10154 1000000 0.13
27 30 3 10155 1000000 0.13
28 31 3 10156 1000000 0.13
29 32 3 10157 1000000 0.13
30 33 3 10158 1000000 0.13
31 34 3 10159 1000000 0.13
32 35 3 10160 1000000 0.13
33 36 3 10161 1000000 0.13
34 37 3 10162 1000000 0.13
35 38 3 10163 1000000 0.13
36 39 3 10164 1000000 0.13
37 40 3 10165 1000000 0.13
38 41 3 10166 1000000 0.13
39 42 3 10167 1000000 0.13
40 43 3 10168 1000000 0.13
41 44 3 10169 1000000 0.13
42 45 3 10170 1000000 0.13
43 46 3 10171 1000000 0.13
44 47 3 10172 1000000 0.13
45 48 3 10173 1000000 0.13
46 49 3 10174 1000000 0.13
47 50 3 10175 1000000 0.13
48 51 3 10176 1000000 0.13
49 52 3 10177 1000000 0.13
50 53 3 10178 1000000 0.13
51 54 3 10179 1000000 0.13
52 55 3 10180 1000000 0.13
53 56 3 10181 1000000 0.13
54 57 3 10182 1000000 0.13
55 58 3 10183 1000000 0.13
56 59 3 10184 1000000 0.13
57 60 3 10185 1000000 0.13
58 61 3 10186 1000000 0.13
59 62 3 10187 1000000 0.13
60 63 3 10188 1000000 0.13
61 0 3 10189 1000000 0.13
62 1 3 10190 1000000 0.13
63 2 3 10191 1000000 0.13
0 4 3 10192 1000000 0.13
1 5 3 10193 1000000 0.13
2 6 3 10194 1000000 0.13
3 7 3 10195 1000000 0.13
4 8 3 10196 1000000 0.13
5 9 3 10197 1000000 0.13
6 10 3 10198 1000000 0.13
7 11 3 10199 1000000 0.13
8 12 3 10200 1000000 0.13
9 13 3 10201 1000000 0.13
10 14 3 10202 1000000 0.13
11 15 3 10203 1000000 0.13
12 16 3 10204 1000000 0.13
13 17 3 10205 1000000 0.13
14 18 3 10206 1000000 0.13
15 19 3 10207 1000000 0.13
16 20 3 10208 1000000 0.13
17 21 3 10209 1000000 0.13
18 22 3 10210 1000000 0.13
19 23 3 10211 1000000 0.13
20 24 3 10212 1000000 0.13
21 25 3 10213 1000000 0.13
22 26 3 10214 1000000 0.13
23 27 3 10215 1000000 0.13
24 28 3 10216 1000000 0.13
25 29 3 10217 1000000 0.13
26 30 3 10218 1000000 0.13
27 31 3 10219 1000000 0.13
28 32 3 10220 1000000 0.13
29 33 3 10221 1000000 0.13
30 34 3 10222 1000000 0.13
31 35 3 10223 1000000 0.13
32 36 3 10224 1000000 0.13
33 37 3 10225 1000000 0.13
34 38 3 10226 1000000 0.13
35 39 3 10227 1000000 0.13
36 40 3 10228 1000000 0.13
37 41 3 10229 1000000 0.13
38 42 3 10230 1000000 0.13
39 43 3 10231 1000000 0.13
40 44 3 10232 1000000 0.13
41 45 3 10233 1000000 0.13
42 46 3 10234 1000000 0.13
43 47 3 10235 1000000 0.13
44 48 3 10236 1000000 0.13
45 49 3 10237 1000000 0.13
46 50 3 10238 1000000 0.13
47 51 3 10239 1000000 0.13
48 52 3 10240 1000000 0.13
49 53 3 10241 1000000 0.13
50 54 3 10242 1000000 0.13
51 55 3 10243 1000000 0.13
52 56 3 10244 1000000 0.13
53 57 3 10245 1000000 0.13
54 58 3 10246 1000000 0.13
55 59 3 10247 1000000 0.13
56 60 3 10248 1000000 0.13
57 61 3 10249 1000000 0.13
58 62 3 10250 1000000 0.13
59 63 3 10251 1000000 0.13
60 0 3 10252 1000000 0.13
61 1 3 10253 1000000 0.13
62 2 3 10254 1000000 0.13
63 3 3 10255 1000000 0.13
0 5 3 10256 1000000 0.13
1 6 3 10257 1000000 0.13
2 7 3 10258 1000000 0.13
3 8 3 10259 1000000 0.13
4 9 3 10260 1000000 0.13
5 10 3 10261 1000000 0.13
6 11 3 10262 1000000 0.13
7 12 3 10263 1000000 0.13
8 13 3 10264 1000000 0.13
9 14 3 10265 1000000 0.13
10 15 3 10266 1000000 0.13
11 16 3 10267 1000000 0.13
12 17 3 10268 1000000 0.13
13 18 3 10269 1000000 0.13
14 19 3 10270 1000000 0.13
15 20 3 10271 1000000 0.13
16 21 3 10272 1000000 0.13
17 22 3 10273 1000000 0.13
18 23 3 10274 1000000 0.13
19 24 3 10275 1000000 0.13
20 25 3 10276 1000000 0.13
21 26 3 10277 1000000 0.13
22 27 3 10278 1000000 0.13
23 28 3 10279 1000000 0.13
24 29 3 10280 1000000 0.13
25 30 3 10281 1000000 0.13
26 31 3 10282 1000000 0.13
27 32 3 10283 1000000 0.13
28 33 3 10284 1000000 0.13
29 34 3 10285 1000000 0.13
30 35 3 10286 1000000 0.13
31 36 3 10287 1000000 0.13
32 37 3 10288 1000000 0.13
33 38 3 10289 1000000 0.13
34 39 3 10290 1000000 0.13
35 40 3 10291 1000000 0.13
36 41 3 10292 1000000 0.13
37 42 3 10293 1000000 0.13
38 43 3 10294 1000000 0.13
39 44 3 10295 1000000 0.13
40 45 3 10296 1000000 0.13
41 46 3 10297 1000000 0.13
42 47 3 10298 1000000 0.13
43 48 3 10299 1000000 0.13
44 49 3 10300 1000000 0.13
45 50 3 10301 1000000 0.13
46 51 3 10302 1000000 0.13
47 52 3 10303 1000000 0.13
48 53 3 10304 1000000 0.13
49 54 3 10305 1000000 0.13
50 55 3 10306 1000000 0.13
51 56 3 10307 1000000 0.13
52 57 3 10308 1000000 0.13
53 58 3 10309 1000000 0.13
54 59 3 10310 1000000 0.13
55 60 3 10311 1000000 0.13
56 61 3 10312 1000000 0.13
57 62 3 10313 1000000 0.13
58 63 3 10314 1000000 0.13
59 0 3 10315 1000000 0.13
60 1 3 10316 1000000 0.13
61 2 3 10317 1000000 0.13
62 3 3 10318 1000000 0.13
63 4 3 10319 1000000 0.13
0 6 3 10320 1000000 0.13
1 7 3 10321 1000000 0.13
2 8 3 10322 1000000 0.13
3 9 3 10323 1000000 0.13
4 10 3 10324 1000000 0.13
5 11 3 10325 1000000 0.13
6 12 3 10326 1000000 0.13
7 13 3 10327 1000000 0.13
8 14 3 10328 1000000 0.13
9 15 3 10329 1000000 0.13
10 16 3 10330 1000000 0.13
11 17 3 10331 1000000 0.13
12 18 3 10332 1000000 0.13
13 19 3 10333 1000000 0.13
14 20 3 10334 1000000 0.13
15 21 3 10335 1000000 0.13
16 22 3 10336 1000000 0.13
17 23 3 10337 1000000 0.13
18 24 3 10338 1000000 0.13
19 25 3 10339 1000000 0.13
20 26 3 10340 1000000 0.13
21 27 3 10341 1000000 0.13
22 28 3 10342 1000000 0.13
23 29 3 10343 1000000 0.13
24 30 3 10344 1000000 0.13
25 31 3 10345 1000000 0.13
26 32 3 10346 1000000 0.13
27 33 3 10347 1000000 0.13
28 34 3 10348 1000000 0.13
29 35 3 10349 1000000 0.13
30 36 3 10350 1000000 0.13
31 37 3 10351 1000000 0.13
32 38 3 10352 1000000 0.13
33 39 3 10353 1000000 0.13
34 40 3 10354 1000000 0.13
35 41 3 10355 1000000 0.13
36 42 3 10356 1000000 0.13
37 43 3 10357 1000000 0.13
38 44 3 10358 1000000 0.13
39 45 3 10359 1000000 0.13
40 46 3 10360 1000000 0.13
41 47 3 10361 1000000 0.13
42 48 3 10362 1000000 0.13
43 49 3 10363 1000000 0.13
44 50 3 10364 1000000 0.13
45 51 3 10365 1000000 0.13
46 52 3 10366 1000000 0.13
47 53 3 10367 1000000 0.13
48 54 3 10368 1000000 0.13
49 55 3 10369 1000000 0.13
50 56 3 10370 1000000 0.13
51 57 3 10371 1000000 0.13
52 58 3 10372 1000000 0.13
53 59 3 10373 1000000 0.13
54 60 3 10374 1000000 0.13
55 61 3 10375 1000000 0.13
56 62 3 10376 1000000 0.13
57 63 3 10377 1000000 0.13
58 0 3 10378 1000000 0.13
59 1 3 10379 1000000 0.13
60 2 3 10380 1000000 0.13
61 3 3 10381 1000000 0.13
62 4 3 10382 1000000 0.13
63 5 3 10383 1000000 0.13
0 7 3 10384 1000000 0.13
1 8 3 10385 1000000 0.13
2 9 3 10386 1000000 0.13
3 10 3 10387 1000000 0.13
4 11 3 10388 1000000 0.13
5 12 3 10389 1000000 0.13
6 13 3 10390 1000000 0.13
7 14 3 10391 1000000 0.13
8 15 3 10392 1000000 0.13
9 16 3 10393 1000000 0.13
10 17 3 10394 1000000 0.13
11 18 3 10395 1000000 0.13
12 19 3 10396 1000000 0.13
13 20 3 10397 1000000 0.13
14 21 3 10398 1000000 0.13
15 22 3 10399 1000000 0.13
16 23 3 10400 1000000 0.13
17 24 3 10401 1000000 0.13
18 25 3 10402 1000000 0.13
19 26 3 10403 1000000 0.13
20 27 3 10404 1000000 0.13
21 28 3 10405 1000000 0.13
22 29 3 10406 1000000 0.13
23 30 3 10407 1000000 0.13
24 31 3 10408 1000000 0.13
25 32 3 10409 1000000 0.13
26 33 3 10410 1000000 0.13
27 34 3 10411 1000000 0.13
28 35 3 10412 1000000 0.13
29 36 3 10413 1000000 0.13
30 37 3 10414 1000000 0.13
31 38 3 10415 1000000 0.13
32 39 3 10416 1000000 0.13
33 40 3 10417 1000000 0.13
34 41 3 10418 1000000 0.13
35 42 3 10419 1000000 0.13
36 43 3 10420 1000000 0.13
37 44 3 10421 1000000 0.13
38 45 3 10422 1000000 0.13
39 46 3 10423 1000000 0.13
40 47 3 10424 1000000 0.13
41 48 3 10425 1000000 0.13
42 49 3 10426 1000000 0.13
43 50 3 10427 1000000 0.13
44 51 3 10428 1000000 0.13
45 52 3 10429 1000000 0.13
46 53 3 10430 1000000 0.13
47 54 3 10431 1000000 0.13
48 55 3 10432 1000000 0.13
49 56 3 10433 1000000 0.13
50 57 3 10434 1000000 0.13
51 58 3 10435 1000000 0.13
52 59 3 10436 1000000 0.13
53 60 3 10437 1000000 0.13
54 61 3 10438 1000000 0.13
55 62 3 10439 1000000 0.13
56 63 3 10440 1000000 0.13
57 0 3 10441 1000000 0.13
58 1 3 10442 1000000 0.13
59 2 3 10443 1000000 0.13
60 3 3 10444 1000000 0.13
61 4 3 10445 1000000 0.13
62 5 3 10446 1000000 0.13
63 6 3 10447 1000000 0.13
0 8 3 10448 1000000 0.13
1 9 3 10449 1000000 0.13
2 10 3 10450 1000000 0.13
3 11 3 10451 1000000 0.13
4 12 3 10452 1000000 0.13
5 13 3 10453 1000000 0.13
6 14 3 10454 1000000 0.13
7 15 3 10455 1000000 0.13
8 16 3 10456 1000000 0.13
9 17 3 10457 1000000 0.13
10 18 3 10458 1000000 0.13
11 19 3 10459 1000000 0.13
12 20 3 10460 1000000 0.13
13 21 3 10461 1000000 0.13
14 22 3 10462 1000000 0.13
15 23 3 10463 1000000 0.13
16 24 3 10464 1000000 0.13
17 25 3 10465 1000000 0.13
18 26 3 10466 1000000 0.13
19 27 3 10467 1000000 0.13
20 28 3 10468 1000000 0.13
21 29 3 10469 1000000 0.13
22 30 3 10470 1000000 0.13
23 31 3 10471 1000000 0.13
24 32 3 10472 1000000 0.13
25 33 3 10473 1000000 0.13
26 34 3 10474 1000000 0.13
27 35 3 10475 1000000 0.13
28 36 3 10476 1000000 0.13
29 37 3 10477 1000000 0.13
30 38 3 10478 1000000 0.13
31 39 3 10479 1000000 0.13
32 40 3 10480 1000000 0.13
33 41 3 10481 1000000 0.13
34 42 3 10482 1000000 0.13
35 43 3 10483 1000000 0.13
36 44 3 10484 1000000 0.13
37 45 3 10485 1000000 0.13
38 46 3 10486 1000000 0.13
39 47 3 10487 1000000 0.13
40 48 3 10488 1000000 0.13
41 49 3 10489 1000000 0.13
42 50 3 10490 1000000 0.13
43 51 3 10491 1000000 0.13
44 52 3 10492 1000000 0.13
45 53 3 10493 1000000 0.13
46 54 3 10494 1000000 0.13
47 55 3 10495 1000000 0.13
48 56 3 10496 1000000 0.13
49 57 3 10497 1000000 0.13
50 58 3 10498 1000000 0.13
51 59 3 10499 1000000 0.13
52 60 3 10500 1000000 0.13
53 61 3 10501 1000000 0.13
54 62 3 10502 1000000 0.13
55 63 3 10503 1000000 0.13
56 0 3 10504 1000000 0.13
57 1 3 10505 1000000 0.13
58 2 3 10506 1000000 0.13
59 3 3 10507 1000000 0.13
60 4 3 10508 1000000 0.13
61 5 3 10509 1000000 0.13
62 6 3 10510 1000000 0.13
63 7 3 10511 1000000 0.13
0 9 3 10512 1000000 0.13
1 10 3 10513 1000000 0.13
2 11 3 10514 1000000 0.13
3 12 3 10515 1000000 0.13
4 13 3 10516 1000000 0.13
5 14 3 10517 1000000 0.13
6 15 3 10518 1000000 0.13
7 16 3 10519 1000000 0.13
8 17 3 10520 1000000 0.13
9 18 3 10521 1000000 0.13
10 19 3 10522 1000000 0.13
11 20 3 10523 1000000 0.13
12 21 3 10524 1000000 0.13
13 22 3 10525 1000000 0.13
14 23 3 10526 1000000 0.13
15 24 3 10527 1000000 0.13
16 25 3 10528 1000000 0.13
17 26 3 10529 1000000 0.13
18 27 3 10530 1000000 0.13
19 28 3 10531 1000000 0.13
20 29 3 10532 1000000 0.13
21 30 3 10533 1000000 0.13
22 31 3 10534 1000000 0.13
23 32 3 10535 1000000 0.13
24 33 3 10536 1000000 0.13
25 34 3 10537 1000000 0.13
26 35 3 10538 1000000 0.13
27 36 3 10539 1000000 0.13
28 37 3 10540 1000000 0.13
29 38 3 10541 1000000 0.13
30 39 3 10542 1000000 0.13
31 40 3 10543 1000000 0.13
32 41 3 10544 1000000 0.13
33 42 3 10545 1000000 0.13
34 43 3 10546 1000000 0.13
35 44 3 10547 1000000 0.13
36 45 3 10548 1000000 0.13
37 46 3 10549 1000000 0.13
38 47 3 10550 1000000 0.13
39 48 3 10551 1000000 0.13
40 49 3 10552 1000000 0.13
41 50 3 10553 1000000 0.13
42 51 3 10554 1000000 0.13
43 52 3 10555 1000000 0.13
44 53 3 10556 1000000 0.13
45 54 3 10557 1000000 0.13
46 55 3 10558 1000000 0.13
47 56 3 10559 1000000 0.13
48 57 3 10560 1000000 0.13
49 58 3 10561 1000000 0.13
50 59 3 10562 1000000 0.13
51 60 3 10563 1000000 0.13
52 61 3 10564 1000000 0.13
53 62 3 10565 1000000 0.13
54 63 3 10566 1000000 0.13
55 0 3 10567 1000000 0.13
56 1 3 10568 1000000 0.13
57 2 3 10569 1000000 0.13
58 3 3 10570 1000000 0.13
59 4 3 10571 1000000 0.13
60 5 3 10572 1000000 0.13
61 6 3 10573 1000000 0.13
62 7 3 10574 1000000 0.13
63 8 3 10575 1000000 0.13
0 10 3 10576 1000000 0.13
1 11 3 10577 1000000 0.13
2 12 3 10578 1000000 0.13
3 13 3 10579 1000000 0.13
4 14 3 10580 1000000 0.13
5 15 3 10581 1000000 0.13
6 16 3 10582 1000000 0.13
7 17 3 10583 1000000 0.13
8 18 3 10584 1000000 0.13
9 19 3 10585 1000000 0.13
10 20 3 10586 1000000 0.13
11 21 3 10587 1000000 0.13
12 22 3 10588 1000000 0.13
13 23 3 10589 1000000 0.13
14 24 3 10590 1000000 0.13
15 25 3 10591 1000000 0.13
16 26 3 10592 1000000 0.13
17 27 3 10593 1000000 0.13
18 28 3 10594 1000000 0.13
19 29 3 10595 1000000 0.13
20 30 3 10596 1000000 0.13
21 31 3 10597 1000000 0.13
22 32 3 10598 1000000 0.13
23 33 3 10599 1000000 0.13
24 34 3 10600 1000000 0.13
25 35 3 10601 1000000 0.13
26 36 3 10602 1000000 0.13
27 37 3 10603 1000000 0.13
28 38 3 10604 1000000 0.13
29 39 3 10605 1000000 0.13
30 40 3 10606 1000000 0.13
31 41 3 10607 1000000 0.13
32 42 3 10608 1000000 0.13
33 43 3 10609 1000000 0.13
34 44 3 10610 1000000 0.13
35 45 3 10611 1000000 0.13
36 46 3 10612 1000000 0.13
37 47 3 10613 1000000 0.13
38 48 3 10614 1000000 0.13
39 49 3 10615 1000000 0.13
40 50 3 10616 1000000 0.13
41 51 3 10617 1000000 0.13
42 52 3 10618 1000000 0.13
43 53 3 10619 1000000 0.13
44 54 3 10620 1000000 0.13
45 55 3 10621 1000000 0.13
46 56 3 10622 1000000 0.13
47 57 3 10623 1000000 0.13
48 58 3 10624 1000000 0.13
49 59 3 10625 1000000 0.13
50 60 3 10626 1000000 0.13
51 61 3 10627 1000000 0.13
52 62 3 10628 1000000 0.13
53 63 3 10629 1000000 0.13
54 0 3 10630 1000000 0.13
55 1 3 10631 1000000 0.13
56 2 3 10632 1000000 0.13
57 3 3 10633 1000000 0.13
58 4 3 10634 1000000 0.13
59 5 3 10635 1000000 0.13
60 6 3 10636 1000000 0.13
61 7 3 10637 1000000 0.13
62 8 3 10638 1000000 0.13
63 9 3 10639 1000000 0.13
0 11 3 10640 1000000 0.13
1 12 3 10641 1000000 0.13
2 13 3 10642 1000000 0.13
3 14 3 10643 1000000 0.13
4 15 3 10644 1000000 0.13
5 16 3 10645 1000000 0.13
6 17 3 10646 1000000 0.13
7 18 3 10647 1000000 0.13
8 19 3 10648 1000000 0.13
9 20 3 10649 1000000 0.13
10 21 3 10650 1000000 0.13
11 22 3 10651 1000000 0.13
12 23 3 10652 1000000 0.13
13 24 3 10653 1000000 0.13
14 25 3 10654 1000000 0.13
15 26 3 10655 1000000 0.13
16 27 3 10656 1000000 0.13
17 28 3 10657 1000000 0.13
18 29 3 10658 1000000 0.13
19 30 3 10659 1000000 0.13
20 31 3 10660 1000000 0.13
21 32 3 10661 1000000 0.13
22 33 3 10662 1000000 0.13
23 34 3 10663 1000000 0.13
24 35 3 10664 1000000 0.13
25 36 3 10665 1000000 0.13
26 37 3 10666 1000000 0.13
27 38 3 10667 1000000 0.13
28 39 3 10668 1000000 0.13
29 40 3 10669 1000000 0.13
30 41 3 10670 1000000 0.13
31 42 3 10671 1000000 0.13
32 43 3 10672 1000000 0.13
33 44 3 10673 1000000 0.13
34 45 3 10674 1000000 0.13
35 46 3 10675 1000000 0.13
36 47 3 10676 1000000 0.13
37 48 3 10677 1000000 0.13
38 49 3 10678 1000000 0.13
39 50 3 10679 1000000 0.13
40 51 3 10680 1000000 0.13
41 52 3 10681 1000000 0.13
42 53 3 10682 1000000 0.13
43 54 3 10683 1000000 0.13
44 55 3 10684 1000000 0.13
45 56 3 10685 1000000 0.13
46 57 3 10686 1000000 0.13
47 58 3 10687 1000000 0.13
48 59 3 10688 1000000 0.13
49 60 3 10689 1000000 0.13
50 61 3 10690 1000000 0.13
51 62 3 10691 1000000 0.13
52 63 3 10692 1000000 0.13
53 0 3 10693 1000000 0.13
54 1 3 10694 1000000 0.13
55 2 3 10695 1000000 0.13
56 3 3 10696 1000000 0.13
57 4 3 10697 1000000 0.13
58 5 3 10698 1000000 0.13
59 6 3 10699 1000000 0.13
60 7 3 10700 1000000 0.13
61 8 3 10701 1000000 0.13
62 9 3 10702 1000000 0.13
63 10 3 10703 1000000 0.13
0 12 3 10704 1000000 0.13
1 13 3 10705 1000000 0.13
2 14 3 10706 1000000 0.13
3 15 3 10707 1000000 0.13
4 16 3 10708 1000000 0.13
5 17 3 10709 1000000 0.13
6 18 3 10710 1000000 0.13
7 19 3 10711 1000000 0.13
8 20 3 10712 1000000 0.13
9 21 3 10713 1000000 0.13
10 22 3 10714 1000000 0.13
11 23 3 10715 1000000 0.13
12 24 3 10716 1000000 0.13
13 25 3 10717 1000000 0.13
14 26 3 10718 1000000 0.13
15 27 3 10719 1000000 0.13
16 28 3 10720 1000000 0.13
17 29 3 10721 1000000 0.13
18 30 3 10722 1000000 0.13
19 31 3 10723 1000000 0.13
20 32 3 10724 1000000 0.13
21 33 3 10725 1000000 0.13
22 34 3 10726 1000000 0.13
23 35 3 10727 1000000 0.13
24 36 3 10728 1000000 0.13
25 37 3 10729 1000000 0.13
26 38 3 10730 1000000 0.13
27 39 3 10731 1000000 0.13
28 40 3 10732 1000000 0.13
29 41 3 10733 1000000 0.13
30 42 3 10734 1000000 0.13
31 43 3 10735 1000000 0.13
32 44 3 10736 1000000 0.13
33 45 3 10737 1000000 0.13
34 46 3 10738 1000000 0.13
35 47 3 10739 1000000 0.13
36 48 3 10740 1000000 0.13
37 49 3 10741 1000000 0.13
38 50 3 10742 1000000 0.13
39 51 3 10743 1000000 0.13
40 52 3 10744 1000000 0.13
41 53 3 10745 1000000 0.13
42 54 3 10746 1000000 0.13
43 55 3 10747 1000000 0.13
44 56 3 10748 1000000 0.13
45 57 3 10749 1000000 0.13
46 58 3 10750 1000000 0.13
47 59 3 10751 1000000 0.13
48 60 3 10752 1000000 0.13
49 61 3 10753 1000000 0.13
50 62 3 10754 1000000 0.13
51 63 3 10755 1000000 0.13
52 0 3 10756 1000000 0.13
53 1 3 10757 1000000 0.13
54 2 3 10758 1000000 0.13
55 3 3 10759 1000000 0.13
56 4 3 10760 1000000 0.13
57 5 3 10761 1000000 0.13
58 6 3 10762 1000000 0.13
59 7 3 10763 1000000 0.13
60 8 3 10764 1000000 0.13
61 9 3 10765 1000000 0.13
62 10 3 10766 1000000 0.13
63 11 3 10767 1000000 0.13
0 13 3 10768 1000000 0.13
1 14 3 10769 1000000 0.13
2 15 3 10770 1000000 0.13
3 16 3 10771 1000000 0.13
4 17 3 10772 1000000 0.13
5 18 3 10773 1000000 0.13
6 19 3 10774 1000000 0.13
7 20 3 10775 1000000 0.13
8 21 3 10776 1000000 0.13
9 22 3 10777 1000000 0.13
10 23 3 10778 1000000 0.13
11 24 3 10779 1000000 0.13
12 25 3 10780 1000000 0.13
13 26 3 10781 1000000 0.13
14 27 3 10782 1000000 0.13
15 28 3 10783 1000000 0.13
16 29 3 10784 1000000 0.13
17 30 3 10785 1000000 0.13
18 31 3 10786 1000000 0.13
19 32 3 10787 1000000 0.13
20 33 3 10788 1000000 0.13
21 34 3 10789 1000000 0.13
22 35 3 10790 1000000 0.13
23 36 3 10791 1000000 0.13
24 37 3 10792 1000000 0.13
25 38 3 10793 1000000 0.13
26 39 3 10794 1000000 0.13
27 40 3 10795 1000000 0.13
28 41 3 10796 1000000 0.13
29 42 3 10797 1000000 0.13
30 43 3 10798 1000000 0.13
31 44 3 10799 1000000 0.13
32 45 3 10800 1000000 0.13
33 46 3 10801 1000000 0.13
34 47 3 10802 1000000 0.13
35 48 3 10803 1000000 0.13
36 49 3 10804 1000000 0.13
37 50 3 10805 1000000 0.13
38 51 3 10806 1000000 0.13
39 52 3 10807 1000000 0.13
40 53 3 10808 1000000 0.13
41 54 3 10809 1000000 0.13
42 55 3 10810 1000000 0.13
43 56 3 10811 1000000 0.13
44 57 3 10812 1000000 0.13
45 58 3 10813 1000000 0.13
46 59 3 10814 1000000 0.13
47 60 3 10815 1000000 0.13
48 61 3 10816 1000000 0.13
49 62 3 10817 1000000 0.13
50 63 3 10818 1000000 0.13
51 0 3 10819 1000000 0.13
52 1 3 10820 1000000 0.13
53 2 3 10821 1000000 0.13
54 3 3 10822 1000000 0.13
55 4 3 10823 1000000 0.13
56 5 3 10824 1000000 0.13
57 6 3 10825 1000000 0.13
58 7 3 10826 1000000 0.13
59 8 3 10827 1000000 0.13
60 9 3 10828 1000000 0.13
61 10 3 10829 1000000 0.13
62 11 3 10830 1000000 0.13
63 12 3 10831 1000000 0.13
0 14 3 10832 1000000 0.13
1 15 3 10833 1000000 0.13
2 16 3 10834 1000000 0.13
3 17 3 10835 1000000 0.13
4 18 3 10836 1000000 0.13
5 19 3 10837 1000000 0.13
6 20 3 10838 1000000 0.13
7 21 3 10839 1000000 0.13
8 22 3 10840 1000000 0.13
9 23 3 10841 1000000 0.13
10 24 3 10842 1000000 0.13
11 25 3 10843 1000000 0.13
12 26 3 10844 1000000 0.13
13 27 3 10845 1000000 0.13
14 28 3 10846 1000000 0.13
15 29 3 10847 1000000 0.13
16 30 3 10848 1000000 0.13
17 31 3 10849 1000000 0.13
18 32 3 10850 1000000 0.13
19 33 3 10851 1000000 0.13
20 34 3 10852 1000000 0.13
21 35 3 10853 1000000 0.13
22 36 3 10854 1000000 0.13
23 37 3 10855 1000000 0.13
24 38 3 10856 1000000 0.13
25 39 3 10857 1000000 0.13
26 40 3 10858 1000000 0.13
27 41 3 10859 1000000 0.13
28 42 3 10860 1000000 0.13
29 43 3 10861 1000000 0.13
30 44 3 10862 1000000 0.13
31 45 3 10863 1000000 0.13
32 46 3 10864 1000000 0.13
33 47 3 10865 1000000 0.13
34 48 3 10866 1000000 0.13
35 49 3 10867 1000000 0.13
36 50 3 10868 1000000 0.13
37 51 3 10869 1000000 0.13
38 52 3 10870 1000000 0.13
39 53 3 10871 1000000 0.13
40 54 3 10872 1000000 0.13
41 55 3 10873 1000000 0.13
42 56 3 10874 1000000 0.13
43 57 3 10875 1000000 0.13
44 58 3 10876 1000000 0.13
45 59 3 10877 1000000 0.13
46 60 3 10878 1000000 0.13
47 61 3 10879 1000000 0.13
48 62 3 10880 1000000 0.13
49 63 3 10881 1000000 0.13
50 0 3 10882 1000000 0.13
51 1 3 10883 1000000 0.13
52 2 3 10884 1000000 0.13
53 3 3 10885 1000000 0.13
54 4 3 10886 1000000 0.13
55 5 3 10887 1000000 0.13
56 6 3 10888 1000000 0.13
57 7 3 10889 1000000 0.13
58 8 3 10890 1000000 0.13
59 9 3 10891 1000000 0.13
60 10 3 10892 1000000 0.13
61 11 3 10893 1000000 0.13
62 12 3 10894 1000000 0.13
63 13 3 10895 1000000 0.13
0 15 3 10896 1000000 0.13
1 16 3 10897 1000000 0.13
2 17 3 10898 1000000 0.13
3 18 3 10899 1000000 0.13
4 19 3 10900 1000000 0.13
5 20 3 10901 1000000 0.13
6 21 3 10902 1000000 0.13
7 22 3 10903 1000000 0.13
8 23 3 10904 1000000 0.13
9 24 3 10905 1000000 0.13
10 25 3 10906 1000000 0.13
11 26 3 10907 1000000 0.13
12 27 3 10908 1000000 0.13
13 28 3 10909 1000000 0.13
14 29 3 10910 1000000 0.13
15 30 3 10911 1000000 0.13
16 31 3 10912 1000000 0.13
17 32 3 10913 1000000 0.13
18 33 3 10914 1000000 0.13
19 34 3 10915 1000000 0.13
20 35 3 10916 1000000 0.13
21 36 3 10917 1000000 0.13
22 37 3 10918 1000000 0.13
23 38 3 10919 1000000 0.13
24 39 3 10920 1000000 0.13
25 40 3 10921 1000000 0.13
26 41 3 10922 1000000 0.13
27 42 3 10923 1000000 0.13
28 43 3 10924 1000000 0.13
29 44 3 10925 1000000 0.13
30 45 3 10926 1000000 0.13
31 46 3 10927 1000000 0.13
32 47 3 10928 1000000 0.13
33 48 3 10929 1000000 0.13
34 49 3 10930 1000000 0.13
35 50 3 10931 1000000 0.13
36 51 3 10932 1000000 0.13
37 52 3 10933 1000000 0.13
38 53 3 10934 1000000 0.13
39 54 3 10935 1000000 0.13
40 55 3 10936 1000000 0.13
41 56 3 10937 1000000 0.13
42 57 3 10938 1000000 0.13
43 58 3 10939 1000000 0.13
44 59 3 10940 1000000 0.13
45 60 3 10941 1000000 0.13
46 61 3 10942 1000000 0.13
47 62 3 10943 1000000 0.13
48 63 3 10944 1000000 0.13
49 0 3 10945 1000000 0.13
50 1 3 10946 1000000 0.13
51 2 3 10947 1000000 0.13
52 3 3 10948 1000000 0.13
53 4 3 10949 1000000 0.13
54 5 3 10950 1000000 0.13
55 6 3 10951 1000000 0.13
56 7 3 10952 1000000 0.13
57 8 3 10953 1000000 0.13
58 9 3 10954 1000000 0.13
59 10 3 10955 1000000 0.13
60 11 3 10956 1000000 0.13
61 12 3 10957 1000000 0.13
62 13 3 10958 1000000 0.13
63 14 3 10959 1000000 0.13
0 16 3 10960 1000000 0.13
1 17 3 10961 1000000 0.13
2 18 3 10962 1000000 0.13
3 19 3 10963 1000000 0.13
4 20 3 10964 1000000 0.13
5 21 3 10965 1000000 0.13
6 22 3 10966 1000000 0.13
7 23 3 10967 1000000 0.13
8 24 3 10968 1000000 0.13
9 25 3 10969 1000000 0.13
10 26 3 10970 1000000 0.13
11 27 3 10971 1000000 0.13
12 28 3 10972 1000000 0.13
13 29 3 10973 1000000 0.13
14 30 3 10974 1000000 0.13
15 31 3 10975 1000000 0.13
16 32 3 10976 1000000 0.13
17 33 3 10977 1000000 0.13
18 34 3 10978 1000000 0.13
19 35 3 10979 1000000 0.13
20 36 3 10980 1000000 0.13
21 37 3 10981 1000000 0.13
22 38 3 10982 1000000 0.13
23 39 3 10983 1000000 0.13
24 40 3 10984 1000000 0.13
25 41 3 10985 1000000 0.13
26 42 3 10986 1000000 0.13
27 43 3 10987 1000000 0.13
28 44 3 10988 1000000 0.13
29 45 3 10989 1000000 0.13
30 46 3 10990 1000000 0.13
31 47 3 10991 1000000 0.13
32 48 3 10992 1000000 0.13
33 49 3 10993 1000000 0.13
34 50 3 10994 1000000 0.13
35 51 3 10995 1000000 0.13
36 52 3 10996 1000000 0.13
37 53 3 10997 1000000 0.13
38 54 3 10998 1000000 0.13
39 55 3 10999 1000000 0.13
40 56 3 11000 1000000 0.13
41 57 3 11001 1000000 0.13
42 58 3 11002 1000000 0.13
43 59 3 11003 1000000 0.13
44 60 3 11004 1000000 0.13
45 61 3 11005 1000000 0.13
46 62 3 11006 1000000 0.13
47 63 3 11007 1000000 0.13
48 0 3 11008 1000000 0.13
49 1 3 11009 1000000 0.13
50 2 3 11010 1000000 0.13
51 3 3 11011 1000000 0.13
52 4 3 11012 1000000 0.13
53 5 3 11013 1000000 0.13
54 6 3 11014 1000000 0.13
55 7 3 11015 1000000 0.13
56 8 3 11016 1000000 0.13
57 9 3 11017 1000000 0.13
58 10 3 11018 1000000 0.13
59 11 3 11019 1000000 0.13
60 12 3 11020 1000000 0.13
61 13 3 11021 1000000 0.13
62 14 3 11022 1000000 0.13
63 15 3 11023 1000000 0.13
0 17 3 11024 1000000 0.13
1 18 3 11025 1000000 0.13
2 19 3 11026 1000000 0.13
3 20 3 11027 1000000 0.13
4 21 3 11028 1000000 0.13
5 22 3 11029 1000000 0.13
6 23 3 11030 1000000 0.13
7 24 3 11031 1000000 0.13
8 25 3 11032 1000000 0.13
9 26 3 11033 1000000 0.13
10 27 3 11034 1000000 0.13
11 28 3 11035 1000000 0.13
12 29 3 11036 1000000 0.13
13 30 3 11037 1000000 0.13
14 31 3 11038 1000000 0.13
15 32 3 11039 1000000 0.13
16 33 3 11040 1000000 0.13
17 34 3 11041 1000000 0.13
18 35 3 11042 1000000 0.13
19 36 3 11043 1000000 0.13
20 37 3 11044 1000000 0.13
21 38 3 11045 1000000 0.13
22 39 3 11046 1000000 0.13
23 40 3 11047 1000000 0.13
24 41 3 11048 1000000 0.13
25 42 3 11049 1000000 0.13
26 43 3 11050 1000000 0.13
27 44 3 11051 1000000 0.13
28 45 3 11052 1000000 0.13
29 46 3 11053 1000000 0.13
30 47 3 11054 1000000 0.13
31 48 3 11055 1000000 0.13
32 49 3 11056 1000000 0.13
33 50 3 11057 1000000 0.13
34 51 3 11058 1000000 0.13
35 52 3 11059 1000000 0.13
36 53 3 11060 1000000 0.13
37 54 3 11061 1000000 0.13
38 55 3 11062 1000000 0.13
39 56 3 11063 1000000 0.13
40 57 3 11064 1000000 0.13
41 58 3 11065 1000000 0.13
42 59 3 11066 1000000 0.13
43 60 3 11067 1000000 0.13
44 61 3 11068 1000000 0.13
45 62 3 11069 1000000 0.13
46 63 3 11070 1000000 0.13
47 0 3 11071 1000000 0.13
48 1 3 11072 1000000 0.13
49 2 3 11073 1000000 0.13
50 3 3 11074 1000000 0.13
51 4 3 11075 1000000 0.13
52 5 3 11076 1000000 0.13
53 6 3 11077 1000000 0.13
54 7 3 11078 1000000 0.13
55 8 3 11079 1000000 0.13
56 9 3 11080 1000000 0.13
57 10 3 11081 1000000 0.13
58 11 3 11082 1000000 0.13
59 12 3 11083 1000000 0.13
60 13 3 11084 1000000 0.13
61 14 3 11085 1000000 0.13
62 15 3 11086 1000000 0.13
63 16 3 11087 1000000 0.13
0 18 3 11088 1000000 0.13
1 19 3 11089 1000000 0.13
2 20 3 11090 1000000 0.13
3 21 3 11091 1000000 0.13
4 22 3 11092 1000000 0.13
5 23 3 11093 1000000 0.13
6 24 3 11094 1000000 0.13
7 25 3 11095 1000000 0.13
8 26 3 11096 1000000 0.13
9 27 3 11097 1000000 0.13
10 28 3 11098 1000000 0.13
11 29 3 11099 1000000 0.13
12 30 3 11100 1000000 0.13
13 31 3 11101 1000000 0.13
14 32 3 11102 1000000 0.13
15 33 3 11103 1000000 0.13
16 34 3 11104 1000000 0.13
17 35 3 11105 1000000 0.13
18 36 3 11106 1000000 0.13
19 37 3 11107 1000000 0.13
20 38 3 11108 1000000 0.13
21 39 3 11109 1000000 0.13
22 40 3 11110 1000000 0.13
23 41 3 11111 1000000 0.13
24 42 3 11112 1000000 0.13
25 43 3 11113 1000000 0.13
26 44 3 11114 1000000 0.13
27 45 3 11115 1000000 0.13
28 46 3 11116 1000000 0.13
29 47 3 11117 1000000 0.13
30 48 3 11118 1000000 0.13
31 49 3 11119 1000000 0.13
32 50 3 11120 1000000 0.13
33 51 3 11121 1000000 0.13
34 52 3 11122 1000000 0.13
35 53 3 11123 1000000 0.13
36 54 3 11124 1000000 0.13
37 55 3 11125 1000000 0.13
38 56 3 11126 1000000 0.13
39 57 3 11127 1000000 0.13
40 58 3 11128 1000000 0.13
41 59 3 11129 1000000 0.13
42 60 3 11130 1000000 0.13
43 61 3 11131 1000000 0.13
44 62 3 11132 1000000 0.13
45 63 3 11133 1000000 0.13
46 0 3 11134 1000000 0.13
47 1 3 11135 1000000 0.13
48 2 3 11136 1000000 0.13
49 3 3 11137 1000000 0.13
50 4 3 11138 1000000 0.13
51 5 3 11139 1000000 0.13
52 6 3 11140 1000000 0.13
53 7 3 11141 1000000 0.13
54 8 3 11142 1000000 0.13
55 9 3 11143 1000000 0.13
56 10 3 11144 1000000 0.13
57 11 3 11145 1000000 0.13
58 12 3 11146 1000000 0.13
59 13 3 11147 1000000 0.13
60 14 3 11148 1000000 0.13
61 15 3 11149 1000000 0.13
62 16 3 11150 1000000 0.13
63 17 3 11151 1000000 0.13
0 19 3 11152 1000000 0.13
1 20 3 11153 1000000 0.13
2 21 3 11154 1000000 0.13
3 22 3 11155 1000000 0.13
4 23 3 11156 1000000 0.13
5 24 3 11157 1000000 0.13
6 25 3 11158 1000000 0.13
7 26 3 11159 1000000 0.13
8 27 3 11160 1000000 0.13
9 28 3 11161 1000000 0.13
10 29 3 11162 1000000 0.13
11 30 3 11163 1000000 0.13
12 31 3 11164 1000000 0.13
13 32 3 11165 1000000 0.13
14 33 3 11166 1000000 0.13
15 34 3 11167 1000000 0.13
16 35 3 11168 1000000 0.13
17 36 3 11169 1000000 0.13
18 37 3 11170 1000000 0.13
19 38 3 11171 1000000 0.13
20 39 3 11172 1000000 0.13
21 40 3 11173 1000000 0.13
22 41 3 11174 1000000 0.13
23 42 3 11175 1000000 0.13
24 43 3 11176 1000000 0.13
25 44 3 11177 1000000 0.13
26 45 3 11178 1000000 0.13
27 46 3 11179 1000000 0.13
28 47 3 11180 1000000 0.13
29 48 3 11181 1000000 0.13
30 49 3 11182 1000000 0.13
31 50 3 11183 1000000 0.13
32 51 3 11184 1000000 0.13
33 52 3 11185 1000000 0.13
34 53 3 11186 1000000 0.13
35 54 3 11187 1000000 0.13
36 55 3 11188 1000000 0.13
37 56 3 11189 1000000 0.13
38 57 3 11190 1000000 0.13
39 58 3 11191 1000000 0.13
40 59 3 11192 1000000 0.13
41 60 3 11193 1000000 0.13
42 61 3 11194 1000000 0.13
43 62 3 11195 1000000 0.13
44 63 3 11196 1000000 0.13
45 0 3 11197 1000000 0.13
46 1 3 11198 1000000 0.13
47 2 3 11199 1000000 0.13
48 3 3 11200 1000000 0.13
49 4 3 11201 1000000 0.13
50 5 3 11202 1000000 0.13
51 6 3 11203 1000000 0.13
52 7 3 11204 1000000 0.13
53 8 3 11205 1000000 0.13
54 9 3 11206 1000000 0.13
55 10 3 11207 1000000 0.13
56 11 3 11208 1000000 0.13
57 12 3 11209 1000000 0.13
58 13 3 11210 1000000 0.13
59 14 3 11211 1000000 0.13
60 15 3 11212 1000000 0.13
61 16 3 11213 1000000 0.13
62 17 3 11214 1000000 0.13
63 18 3 11215 1000000 0.13
0 20 3 11216 1000000 0.13
1 21 3 11217 1000000 0.13
2 22 3 11218 1000000 0.13
3 23 3 11219 1000000 0.13
4 24 3 11220 1000000 0.13
5 25 3 11221 1000000 0.13
6 26 3 11222 1000000 0.13
7 27 3 11223 1000000 0.13
8 28 3 11224 1000000 0.13
9 29 3 11225 1000000 0.13
10 30 3 11226 1000000 0.13
11 31 3 11227 1000000 0.13
12 32 3 11228 1000000 0.13
13 33 3 11229 1000000 0.13
14 34 3 11230 1000000 0.13
15 35 3 11231 1000000 0.13
16 36 3 11232 1000000 0.13
17 37 3 11233 1000000 0.13
18 38 3 11234 1000000 0.13
19 39 3 11235 1000000 0.13
20 40 3 11236 1000000 0.13
21 41 3 11237 1000000 0.13
22 42 3 11238 1000000 0.13
23 43 3 11239 1000000 0.13
24 44 3 11240 1000000 0.13
25 45 3 11241 1000000 0.13
26 46 3 11242 1000000 0.13
27 47 3 11243 1000000 0.13
28 48 3 11244 1000000 0.13
29 49 3 11245 1000000 0.13
30 50 3 11246 1000000 0.13
31 51 3 11247 1000000 0.13
32 52 3 11248 1000000 0.13
33 53 3 11249 1000000 0.13
34 54 3 11250 1000000 0.13
35 55 3 11251 1000000 0.13
36 56 3 11252 1000000 0.13
37 57 3 11253 1000000 0.13
38 58 3 11254 1000000 0.13
39 59 3 11255 1000000 0.13
40 60 3 11256 1000000 0.13
41 61 3 11257 1000000 0.13
42 62 3 11258 1000000 0.13
43 63 3 11259 1000000 0.13
44 0 3 11260 1000000 0.13
45 1 3 11261 1000000 0.13
46 2 3 11262 1000000 0.13
47 3 3 11263 1000000 0.13
48 4 3 11264 1000000 0.13
49 5 3 11265 1000000 0.13
50 6 3 11266 1000000 0.13
51 7 3 11267 1000000 0.13
52 8 3 11268 1000000 0.13
53 9 3 11269 1000000 0.13
54 10 3 11270 1000000 0.13
55 11 3 11271 1000000 0.13
56 12 3 11272 1000000 0.13
57 13 3 11273 1000000 0.13
58 14 3 11274 1000000 0.13
59 15 3 11275 1000000 0.13
60 16 3 11276 1000000 0.13
61 17 3 11277 1000000 0.13
62 18 3 11278 1000000 0.13
63 19 3 11279 1000000 0.13
0 21 3 11280 1000000 0.13
1 22 3 11281 1000000 0.13
2 23 3 11282 1000000 0.13
3 24 3 11283 1000000 0.13
4 25 3 11284 1000000 0.13
5 26 3 11285 1000000 0.13
6 27 3 11286 1000000 0.13
7 28 3 11287 1000000 0.13
8 29 3 11288 1000000 0.13
9 30 3 11289 1000000 0.13
10 31 3 11290 1000000 0.13
11 32 3 11291 1000000 0.13
12 33 3 11292 1000000 0.13
13 34 3 11293 1000000 0.13
14 35 3 11294 1000000 0.13
15 36 3 11295 1000000 0.13
16 37 3 11296 1000000 0.13
17 38 3 11297 1000000 0.13
18 39 3 11298 1000000 0.13
19 40 3 11299 1000000 0.13
20 41 3 11300 1000000 0.13
21 42 3 11301 1000000 0.13
22 43 3 11302 1000000 0.13
23 44 3 11303 1000000 0.13
24 45 3 11304 1000000 0.13
25 46 3 11305 1000000 0.13
26 47 3 11306 1000000 0.13
27 48 3 11307 1000000 0.13
28 49 3 11308 1000000 0.13
29 50 3 11309 1000000 0.13
30 51 3 11310 1000000 0.13
31 52 3 11311 1000000 0.13
32 53 3 11312 1000000 0.13
33 54 3 11313 1000000 0.13
34 55 3 11314 1000000 0.13
35 56 3 11315 1000000 0.13
36 57 3 11316 1000000 0.13
37 58 3 11317 1000000 0.13
38 59 3 11318 1000000 0.13
39 60 3 11319 1000000 0.13
40 61 3 11320 1000000 0.13
41 62 3 11321 1000000 0.13
42 63 3 11322 1000000 0.13
43 0 3 11323 1000000 0.13
44 1 3 11324 1000000 0.13
45 2 3 11325 1000000 0.13
46 3 3 11326 1000000 0.13
47 4 3 11327 1000000 0.13
48 5 3 11328 1000000 0.13
49 6 3 11329 1000000 0.13
50 7 3 11330 1000000 0.13
51 8 3 11331 1000000 0.13
52 9 3 11332 1000000 0.13
53 10 3 11333 1000000 0.13
54 11 3 11334 1000000 0.13
55 12 3 11335 1000000 0.13
56 13 3 11336 1000000 0.13
57 14 3 11337 1000000 0.13
58 15 3 11338 1000000 0.13
59 16 3 11339 1000000 0.13
60 17 3 11340 1000000 0.13
61 18 3 11341 1000000 0.13
62 19 3 11342 1000000 0.13
63 20 3 11343 1000000 0.13
0 22 3 11344 1000000 0.13
1 23 3 11345 1000000 0.13
2 24 3 11346 1000000 0.13
3 25 3 11347 1000000 0.13
4 26 3 11348 1000000 0.13
5 27 3 11349 1000000 0.13
6 28 3 11350 1000000 0.13
7 29 3 11351 1000000 0.13
8 30 3 11352 1000000 0.13
9 31 3 11353 1000000 0.13
10 32 3 11354 1000000 0.13
11 33 3 11355 1000000 0.13
12 34 3 11356 1000000 0.13
13 35 3 11357 1000000 0.13
14 36 3 11358 1000000 0.13
15 37 3 11359 1000000 0.13
16 38 3 11360 1000000 0.13
17 39 3 11361 1000000 0.13
18 40 3 11362 1000000 0.13
19 41 3 11363 1000000 0.13
20 42 3 11364 1000000 0.13
21 43 3 11365 1000000 0.13
22 44 3 11366 1000000 0.13
23 45 3 11367 1000000 0.13
24 46 3 11368 1000000 0.13
25 47 3 11369 1000000 0.13
26 48 3 11370 1000000 0.13
27 49 3 11371 1000000 0.13
28 50 3 11372 1000000 0.13
29 51 3 11373 1000000 0.13
30 52 3 11374 1000000 0.13
31 53 3 11375 1000000 0.13
32 54 3 11376 1000000 0.13
33 55 3 11377 1000000 0.13
34 56 3 11378 1000000 0.13
35 57 3 11379 1000000 0.13
36 58 3 11380 1000000 0.13
37 59 3 11381 1000000 0.13
38 60 3 11382 1000000 0.13
39 61 3 11383 1000000 0.13
40 62 3 11384 1000000 0.13
41 63 3 11385 1000000 0.13
42 0 3 11386 1000000 0.13
43 1 3 11387 1000000 0.13
44 2 3 11388 1000000 0.13
45 3 3 11389 1000000 0.13
46 4 3 11390 1000000 0.13
47 5 3 11391 1000000 0.13
48 6 3 11392 1000000 0.13
49 7 3 11393 1000000 0.13
50 8 3 11394 1000000 0.13
51 9 3 11395 1000000 0.13
52 10 3 11396 1000000 0.13
53 11 3 11397 1000000 0.13
54 12 3 11398 1000000 0.13
55 13 3 11399 1000000 0.13
56 14 3 11400 1000000 0.13
57 15 3 11401 1000000 0.13
58 16 3 11402 1000000 0.13
59 17 3 11403 1000000 0.13
60 18 3 11404 1000000 0.13
61 19 3 11405 1000000 0.13
62 20 3 11406 1000000 0.13
63 21 3 11407 1000000 0.13
0 23 3 11408 1000000 0.13
1 24 3 11409 1000000 0.13
2 25 3 11410 1000000 0.13
3 26 3 11411 1000000 0.13
4 27 3 11412 1000000 0.13
5 28 3 11413 1000000 0.13
6 29 3 11414 1000000 0.13
7 30 3 11415 1000000 0.13
8 31 3 11416 1000000 0.13
9 32 3 11417 1000000 0.13
10 33 3 11418 1000000 0.13
11 34 3 11419 1000000 0.13
12 35 3 11420 1000000 0.13
13 36 3 11421 1000000 0.13
14 37 3 11422 1000000 0.13
15 38 3 11423 1000000 0.13
16 39 3 11424 1000000 0.13
17 40 3 11425 1000000 0.13
18 41 3 11426 1000000 0.13
19 42 3 11427 1000000 0.13
20 43 3 11428 1000000 0.13
21 44 3 11429 1000000 0.13
22 45 3 11430 1000000 0.13
23 46 3 11431 1000000 0.13
24 47 3 11432 1000000 0.13
25 48 3 11433 1000000 0.13
26 49 3 11434 1000000 0.13
27 50 3 11435 1000000 0.13
28 51 3 11436 1000000 0.13
29 52 3 11437 1000000 0.13
30 53 3 11438 1000000 0.13
31 54 3 11439 1000000 0.13
32 55 3 11440 1000000 0.13
33 56 3 11441 1000000 0.13
34 57 3 11442 1000000 0.13
35 58 3 11443 1000000 0.13
36 59 3 11444 1000000 0.13
37 60 3 11445 1000000 0.13
38 61 3 11446 1000000 0.13
39 62 3 11447 1000000 0.13
40 63 3 11448 1000000 0.13
41 0 3 11449 1000000 0.13
42 1 3 11450 1000000 0.13
43 2 3 11451 1000000 0.13
44 3 3 11452 1000000 0.13
45 4 3 11453 1000000 0.13
46 5 3 11454 1000000 0.13
47 6 3 11455 1000000 0.13
48 7 3 11456 1000000 0.13
49 8 3 11457 1000000 0.13
50 9 3 11458 1000000 0.13
51 10 3 11459 1000000 0.13
52 11 3 11460 1000000 0.13
53 12 3 11461 1000000 0.13
54 13 3 11462 1000000 0.13
55 14 3 11463 1000000 0.13
56 15 3 11464 1000000 0.13
57 16 3 11465 1000000 0.13
58 17 3 11466 1000000 0.13
59 18 3 11467 1000000 0.13
60 19 3 11468 1000000 0.13
61 20 3 11469 1000000 0.13
62 21 3 11470 1000000 0.13
63 22 3 11471 1000000 0.13
0 24 3 11472 1000000 0.13
1 25 3 11473 1000000 0.13
2 26 3 11474 1000000 0.13
3 27 3 11475 1000000 0.13
4 28 3 11476 1000000 0.13
5 29 3 11477 1000000 0.13
6 30 3 11478 1000000 0.13
7 31 3 11479 1000000 0.13
8 32 3 11480 1000000 0.13
9 33 3 11481 1000000 0.13
10 34 3 11482 1000000 0.13
11 35 3 11483 1000000 0.13
12 36 3 11484 1000000 0.13
13 37 3 11485 1000000 0.13
14 38 3 11486 1000000 0.13
15 39 3 11487 1000000 0.13
16 40 3 11488 1000000 0.13
17 41 3 11489 1000000 0.13
18 42 3 11490 1000000 0.13
19 43 3 11491 1000000 0.13
20 44 3 11492 1000000 0.13
21 45 3 11493 1000000 0.13
22 46 3 11494 1000000 0.13
23 47 3 11495 1000000 0.13
24 48 3 11496 1000000 0.13
25 49 3 11497 1000000 0.13
26 50 3 11498 1000000 0.13
27 51 3 11499 1000000 0.13
28 52 3 11500 1000000 0.13
29 53 3 11501 1000000 0.13
30 54 3 11502 1000000 0.13
31 55 3 11503 1000000 0.13
32 56 3 11504 1000000 0.13
33 57 3 11505 1000000 0.13
34 58 3 11506 1000000 0.13
35 59 3 11507 1000000 0.13
36 60 3 11508 1000000 0.13
37 61 3 11509 1000000 0.13
38 62 3 11510 1000000 0.13
39 63 3 11511 1000000 0.13
40 0 3 11512 1000000 0.13
41 1 3 11513 1000000 0.13
42 2 3 11514 1000000 0.13
43 3 3 11515 1000000 0.13
44 4 3 11516 1000000 0.13
45 5 3 11517 1000000 0.13
46 6 3 11518 1000000 0.13
47 7 3 11519 1000000 0.13
48 8 3 11520 1000000 0.13
49 9 3 11521 1000000 0.13
50 10 3 11522 1000000 0.13
51 11 3 11523 1000000 0.13
52 12 3 11524 1000000 0.13
53 13 3 11525 1000000 0.13
54 14 3 11526 1000000 0.13
55 15 3 11527 1000000 0.13
56 16 3 11528 1000000 0.13
57 17 3 11529 1000000 0.13
58 18 3 11530 1000000 0.13
59 19 3 11531 1000000 0.13
60 20 3 11532 1000000 0.13
61 21 3 11533 1000000 0.13
62 22 3 11534 1000000 0.13
63 23 3 11535 1000000 0.13
0 25 3 11536 1000000 0.13
1 26 3 11537 1000000 0.13
2 27 3 11538 1000000 0.13
3 28 3 11539 1000000 0.13
4 29 3 11540 1000000 0.13
5 30 3 11541 1000000 0.13
6 31 3 11542 1000000 0.13
7 32 3 11543 1000000 0.13
8 33 3 11544 1000000 0.13
9 34 3 11545 1000000 0.13
10 35 3 11546 1000000 0.13
11 36 3 11547 1000000 0.13
12 37 3 11548 1000000 0.13
13 38 3 11549 1000000 0.13
14 39 3 11550 1000000 0.13
15 40 3 11551 1000000 0.13
16 41 3 11552 1000000 0.13
17 42 3 11553 1000000 0.13
18 43 3 11554 1000000 0.13
19 44 3 11555 1000000 0.13
20 45 3 11556 1000000 0.13
21 46 3 11557 1000000 0.13
22 47 3 11558 1000000 0.13
23 48 3 11559 1000000 0.13
24 49 3 11560 1000000 0.13
25 50 3 11561 1000000 0.13
26 51 3 11562 1000000 0.13
27 52 3 11563 1000000 0.13
28 53 3 11564 1000000 0.13
29 54 3 11565 1000000 0.13
30 55 3 11566 1000000 0.13
31 56 3 11567 1000000 0.13
32 57 3 11568 1000000 0.13
33 58 3 11569 1000000 0.13
34 59 3 11570 1000000 0.13
35 60 3 11571 1000000 0.13
36 61 3 11572 1000000 0.13
37 62 3 11573 1000000 0.13
38 63 3 11574 1000000 0.13
39 0 3 11575 1000000 0.13
40 1 3 11576 1000000 0.13
41 2 3 11577 1000000 0.13
42 3 3 11578 1000000 0.13
43 4 3 11579 1000000 0.13
44 5 3 11580 1000000 0.13
45 6 3 11581 1000000 0.13
46 7 3 11582 1000000 0.13
47 8 3 11583 1000000 0.13
48 9 3 11584 1000000 0.13
49 10 3 11585 1000000 0.13
50 11 3 11586 1000000 0.13
51 12 3 11587 1000000 0.13
52 13 3 11588 1000000 0.13
53 14 3 11589 1000000 0.13
54 15 3 11590 1000000 0.13
55 16 3 11591 1000000 0.13
56 17 3 11592 1000000 0.13
57 18 3 11593 1000000 0.13
58 19 3 11594 1000000 0.13
59 20 3 11595 1000000 0.13
60 21 3 11596 1000000 0.13
61 22 3 11597 1000000 0.13
62 23 3 11598 1000000 0.13
63 24 3 11599 1000000 0.13
0 26 3 11600 1000000 0.13
1 27 3 11601 1000000 0.13
2 28 3 11602 1000000 0.13
3 29 3 11603 1000000 0.13
4 30 3 11604 1000000 0.13
5 31 3 11605 1000000 0.13
6 32 3 11606 1000000 0.13
7 33 3 11607 1000000 0.13
8 34 3 11608 1000000 0.13
9 35 3 11609 1000000 0.13
10 36 3 11610 1000000 0.13
11 37 3 11611 1000000 0.13
12 38 3 11612 1000000 0.13
13 39 3 11613 1000000 0.13
14 40 3 11614 1000000 0.13
15 41 3 11615 1000000 0.13
16 42 3 11616 1000000 0.13
17 43 3 11617 1000000 0.13
18 44 3 11618 1000000 0.13
19 45 3 11619 1000000 0.13
20 46 3 11620 1000000 0.13
21 47 3 11621 1000000 0.13
22 48 3 11622 1000000 0.13
23 49 3 11623 1000000 0.13
24 50 3 11624 1000000 0.13
25 51 3 11625 1000000 0.13
26 52 3 11626 1000000 0.13
27 53 3 11627 1000000 0.13
28 54 3 11628 1000000 0.13
29 55 3 11629 1000000 0.13
30 56 3 11630 1000000 0.13
31 57 3 11631 1000000 0.13
32 58 3 11632 1000000 0.13
33 59 3 11633 1000000 0.13
34 60 3 11634 1000000 0.13
35 61 3 11635 1000000 0.13
36 62 3 11636 1000000 0.13
37 63 3 11637 1000000 0.13
38 0 3 11638 1000000 0.13
39 1 3 11639 1000000 0.13
40 2 3 11640 1000000 0.13
41 3 3 11641 1000000 0.13
42 4 3 11642 1000000 0.13
43 5 3 11643 1000000 0.13
44 6 3 11644 1000000 0.13
45 7 3 11645 1000000 0.13
46 8 3 11646 1000000 0.13
47 9 3 11647 1000000 0.13
48 10 3 11648 1000000 0.13
49 11 3 11649 1000000 0.13
50 12 3 11650 1000000 0.13
51 13 3 11651 1000000 0.13
52 14 3 11652 1000000 0.13
53 15 3 11653 1000000 0.13
54 16 3 11654 1000000 0.13
55 17 3 11655 1000000 0.13
56 18 3 11656 1000000 0.13
57 19 3 11657 1000000 0.13
58 20 3 11658 1000000 0.13
59 21 3 11659 1000000 0.13
60 22 3 11660 1000000 0.13
61 23 3 11661 1000000 0.13
62 24 3 11662 1000000 0.13
63 25 3 11663 1000000 0.13
0 27 3 11664 1000000 0.13
1 28 3 11665 1000000 0.13
2 29 3 11666 1000000 0.13
3 30 3 11667 1000000 0.13
4 31 3 11668 1000000 0.13
5 32 3 11669 1000000 0.13
6 33 3 11670 1000000 0.13
7 34 3 11671 1000000 0.13
8 35 3 11672 1000000 0.13
9 36 3 11673 1000000 0.13
10 37 3 11674 1000000 0.13
11 38 3 11675 1000000 0.13
12 39 3 11676 1000000 0.13
13 40 3 11677 1000000 0.13
14 41 3 11678 1000000 0.13
15 42 3 11679 1000000 0.13
16 43 3 11680 1000000 0.13
17 44 3 11681 1000000 0.13
18 45 3 11682 1000000 0.13
19 46 3 11683 1000000 0.13
20 47 3 11684 1000000 0.13
21 48 3 11685 1000000 0.13
22 49 3 11686 1000000 0.13
23 50 3 11687 1000000 0.13
24 51 3 11688 1000000 0.13
25 52 3 11689 1000000 0.13
26 53 3 11690 1000000 0.13
27 54 3 11691 1000000 0.13
28 55 3 11692 1000000 0.13
29 56 3 11693 1000000 0.13
30 57 3 11694 1000000 0.13
31 58 3 11695 1000000 0.13
32 59 3 11696 1000000 0.13
33 60 3 11697 1000000 0.13
34 61 3 11698 1000000 0.13
35 62 3 11699 1000000 0.13
36 63 3 11700 1000000 0.13
37 0 3 11701 1000000 0.13
38 1 3 11702 1000000 0.13
39 2 3 11703 1000000 0.13
40 3 3 11704 1000000 0.13
41 4 3 11705 1000000 0.13
42 5 3 11706 1000000 0.13
43 6 3 11707 1000000 0.13
44 7 3 11708 1000000 0.13
45 8 3 11709 1000000 0.13
46 9 3 11710 1000000 0.13
47 10 3 11711 1000000 0.13
48 11 3 11712 1000000 0.13
49 12 3 11713 1000000 0.13
50 13 3 11714 1000000 0.13
51 14 3 11715 1000000 0.13
52 15 3 11716 1000000 0.13
53 16 3 11717 1000000 0.13
54 17 3 11718 1000000 0.13
55 18 3 11719 1000000 0.13
56 19 3 11720 1000000 0.13
57 20 3 11721 1000000 0.13
58 21 3 11722 1000000 0.13
59 22 3 11723 1000000 0.13
60 23 3 11724 1000000 0.13
61 24 3 11725 1000000 0.13
62 25 3 11726 1000000 0.13
63 26 3 11727 1000000 0.13
0 28 3 11728 1000000 0.13
1 29 3 11729 1000000 0.13
2 30 3 11730 1000000 0.13
3 31 3 11731 1000000 0.13
4 32 3 11732 1000000 0.13
5 33 3 11733 1000000 0.13
6 34 3 11734 1000000 0.13
7 35 3 11735 1000000 0.13
8 36 3 11736 1000000 0.13
9 37 3 11737 1000000 0.13
10 38 3 11738 1000000 0.13
11 39 3 11739 1000000 0.13
12 40 3 11740 1000000 0.13
13 41 3 11741 1000000 0.13
14 42 3 11742 1000000 0.13
15 43 3 11743 1000000 0.13
16 44 3 11744 1000000 0.13
17 45 3 11745 1000000 0.13
18 46 3 11746 1000000 0.13
19 47 3 11747 1000000 0.13
20 48 3 11748 1000000 0.13
21 49 3 11749 1000000 0.13
22 50 3 11750 1000000 0.13
23 51 3 11751 1000000 0.13
24 52 3 11752 1000000 0.13
25 53 3 11753 1000000 0.13
26 54 3 11754 1000000 0.13
27 55 3 11755 1000000 0.13
28 56 3 11756 1000000 0.13
29 57 3 11757 1000000 0.13
30 58 3 11758 1000000 0.13
31 59 3 11759 1000000 0.13
32 60 3 11760 1000000 0.13
33 61 3 11761 1000000 0.13
34 62 3 11762 1000000 0.13
35 63 3 11763 1000000 0.13
36 0 3 11764 1000000 0.13
37 1 3 11765 1000000 0.13
38 2 3 11766 1000000 0.13
39 3 3 11767 1000000 0.13
40 4 3 11768 1000000 0.13
41 5 3 11769 1000000 0.13
42 6 3 11770 1000000 0.13
43 7 3 11771 1000000 0.13
44 8 3 11772 1000000 0.13
45 9 3 11773 1000000 0.13
46 10 3 11774 1000000 0.13
47 11 3 11775 1000000 0.13
48 12 3 11776 1000000 0.13
49 13 3 11777 1000000 0.13
50 14 3 11778 1000000 0.13
51 15 3 11779 1000000 0.13
52 16 3 11780 1000000 0.13
53 17 3 11781 1000000 0.13
54 18 3 11782 1000000 0.13
55 19 3 11783 1000000 0.13
56 20 3 11784 1000000 0.13
57 21 3 11785 1000000 0.13
58 22 3 11786 1000000 0.13
59 23 3 11787 1000000 0.13
60 24 3 11788 1000000 0.13
61 25 3 11789 1000000 0.13
62 26 3 11790 1000000 0.13
63 27 3 11791 1000000 0.13
0 29 3 11792 1000000 0.13
1 30 3 11793 1000000 0.13
2 31 3 11794 1000000 0.13
3 32 3 11795 1000000 0.13
4 33 3 11796 1000000 0.13
5 34 3 11797 1000000 0.13
6 35 3 11798 1000000 0.13
7 36 3 11799 1000000 0.13
8 37 3 11800 1000000 0.13
9 38 3 11801 1000000 0.13
10 39 3 11802 1000000 0.13
11 40 3 11803 1000000 0.13
12 41 3 11804 1000000 0.13
13 42 3 11805 1000000 0.13
14 43 3 11806 1000000 0.13
15 44 3 11807 1000000 0.13
16 45 3 11808 1000000 0.13
17 46 3 11809 1000000 0.13
18 47 3 11810 1000000 0.13
19 48 3 11811 1000000 0.13
20 49 3 11812 1000000 0.13
21 50 3 11813 1000000 0.13
22 51 3 11814 1000000 0.13
23 52 3 11815 1000000 0.13
24 53 3 11816 1000000 0.13
25 54 3 11817 1000000 0.13
26 55 3 11818 1000000 0.13
27 56 3 11819 1000000 0.13
28 57 3 11820 1000000 0.13
29 58 3 11821 1000000 0.13
30 59 3 11822 1000000 0.13
31 60 3 11823 1000000 0.13
32 61 3 11824 1000000 0.13
33 62 3 11825 1000000 0.13
34 63 3 11826 1000000 0.13
35 0 3 11827 1000000 0.13
36 1 3 11828 1000000 0.13
37 2 3 11829 1000000 0.13
38 3 3 11830 1000000 0.13
39 4 3 11831 1000000 0.13
40 5 3 11832 1000000 0.13
41 6 3 11833 1000000 0.13
42 7 3 11834 1000000 0.13
43 8 3 11835 1000000 0.13
44 9 3 11836 1000000 0.13
45 10 3 11837 1000000 0.13
46 11 3 11838 1000000 0.13
47 12 3 11839 1000000 0.13
48 13 3 11840 1000000 0.13
49 14 3 11841 1000000 0.13
50 15 3 11842 1000000 0.13
51 16 3 11843 1000000 0.13
52 17 3 11844 1000000 0.13
53 18 3 11845 1000000 0.13
54 19 3 11846 1000000 0.13
55 20 3 11847 1000000 0.13
56 21 3 11848 1000000 0.13
57 22 3 11849 1000000 0.13
58 23 3 11850 1000000 0.13
59 24 3 11851 1000000 0.13
60 25 3 11852 1000000 0.13
61 26 3 11853 1000000 0.13
62 27 3 11854 1000000 0.13
63 28 3 11855 1000000 0.13
0 30 3 11856 1000000 0.13
1 31 3 11857 1000000 0.13
2 32 3 11858 1000000 0.13
3 33 3 11859 1000000 0.13
4 34 3 11860 1000000 0.13
5 35 3 11861 1000000 0.13
6 36 3 11862 1000000 0.13
7 37 3 11863 1000000 0.13
8 38 3 11864 1000000 0.13
9 39 3 11865 1000000 0.13
10 40 3 11866 1000000 0.13
11 41 3 11867 1000000 0.13
12 42 3 11868 1000000 0.13
13 43 3 11869 1000000 0.13
14 44 3 11870 1000000 0.13
15 45 3 11871 1000000 0.13
16 46 3 11872 1000000 0.13
17 47 3 11873 1000000 0.13
18 48 3 11874 1000000 0.13
19 49 3 11875 1000000 0.13
20 50 3 11876 1000000 0.13
21 51 3 11877 1000000 0.13
22 52 3 11878 1000000 0.13
23 53 3 11879 1000000 0.13
24 54 3 11880 1000000 0.13
25 55 3 11881 1000000 0.13
26 56 3 11882 1000000 0.13
27 57 3 11883 1000000 0.13
28 58 3 11884 1000000 0.13
29 59 3 11885 1000000 0.13
30 60 3 11886 1000000 0.13
31 61 3 11887 1000000 0.13
32 62 3 11888 1000000 0.13
33 63 3 11889 1000000 0.13
34 0 3 11890 1000000 0.13
35 1 3 11891 1000000 0.13
36 2 3 11892 1000000 0.13
37 3 3 11893 1000000 0.13
38 4 3 11894 1000000 0.13
39 5 3 11895 1000000 0.13
40 6 3 11896 1000000 0.13
41 7 3 11897 1000000 0.13
42 8 3 11898 1000000 0.13
43 9 3 11899 1000000 0.13
44 10 3 11900 1000000 0.13
45 11 3 11901 1000000 0.13
46 12 3 11902 1000000 0.13
47 13 3 11903 1000000 0.13
48 14 3 11904 1000000 0.13
49 15 3 11905 1000000 0.13
50 16 3 11906 1000000 0.13
51 17 3 11907 1000000 0.13
52 18 3 11908 1000000 0.13
53 19 3 11909 1000000 0.13
54 20 3 11910 1000000 0.13
55 21 3 11911 1000000 0.13
56 22 3 11912 1000000 0.13
57 23 3 11913 1000000 0.13
58 24 3 11914 1000000 0.13
59 25 3 11915 1000000 0.13
60 26 3 11916 1000000 0.13
61 27 3 11917 1000000 0.13
62 28 3 11918 1000000 0.13
63 29 3 11919 1000000 0.13
0 31 3 11920 1000000 0.13
1 32 3 11921 1000000 0.13
2 33 3 11922 1000000 0.13
3 34 3 11923 1000000 0.13
4 35 3 11924 1000000 0.13
5 36 3 11925 1000000 0.13
6 37 3 11926 1000000 0.13
7 38 3 11927 1000000 0.13
8 39 3 11928 1000000 0.13
9 40 3 11929 1000000 0.13
10 41 3 11930 1000000 0.13
11 42 3 11931 1000000 0.13
12 43 3 11932 1000000 0.13
13 44 3 11933 1000000 0.13
14 45 3 11934 1000000 0.13
15 46 3 11935 1000000 0.13
16 47 3 11936 1000000 0.13
17 48 3 11937 1000000 0.13
18 49 3 11938 1000000 0.13
19 50 3 11939 1000000 0.13
20 51 3 11940 1000000 0.13
21 52 3 11941 1000000 0.13
22 53 3 11942 1000000 0.13
23 54 3 11943 1000000 0.13
24 55 3 11944 1000000 0.13
25 56 3 11945 1000000 0.13
26 57 3 11946 1000000 0.13
27 58 3 11947 1000000 0.13
28 59 3 11948 1000000 0.13
29 60 3 11949 1000000 0.13
30 61 3 11950 1000000 0.13
31 62 3 11951 1000000 0.13
32 63 3 11952 1000000 0.13
33 0 3 11953 1000000 0.13
34 1 3 11954 1000000 0.13
35 2 3 11955 1000000 0.13
36 3 3 11956 1000000 0.13
37 4 3 11957 1000000 0.13
38 5 3 11958 1000000 0.13
39 6 3 11959 1000000 0.13
40 7 3 11960 1000000 0.13
41 8 3 11961 1000000 0.13
42 9 3 11962 1000000 0.13
43 10 3 11963 1000000 0.13
44 11 3 11964 1000000 0.13
45 12 3 11965 1000000 0.13
46 13 3 11966 1000000 0.13
47 14 3 11967 1000000 0.13
48 15 3 11968 1000000 0.13
49 16 3 11969 1000000 0.13
50 17 3 11970 1000000 0.13
51 18 3 11971 1000000 0.13
52 19 3 11972 1000000 0.13
53 20 3 11973 1000000 0.13
54 21 3 11974 1000000 0.13
55 22 3 11975 1000000 0.13
56 23 3 11976 1000000 0.13
57 24 3 11977 1000000 0.13
58 25 3 11978 1000000 0.13
59 26 3 11979 1000000 0.13
60 27 3 11980 1000000 0.13
61 28 3 11981 1000000 0.13
62 29 3 11982 1000000 0.13
63 30 3 11983 1000000 0.13
0 32 3 11984 1000000 0.13
1 33 3 11985 1000000 0.13
2 34 3 11986 1000000 0.13
3 35 3 11987 1000000 0.13
4 36 3 11988 1000000 0.13
5 37 3 11989 1000000 0.13
6 38 3 11990 1000000 0.13
7 39 3 11991 1000000 0.13
8 40 3 11992 1000000 0.13
9 41 3 11993 1000000 0.13
10 42 3 11994 1000000 0.13
11 43 3 11995 1000000 0.13
12 44 3 11996 1000000 0.13
13 45 3 11997 1000000 0.13
14 46 3 11998 1000000 0.13
15 47 3 11999 1000000 0.13
16 48 3 12000 1000000 0.13
17 49 3 12001 1000000 0.13
18 50 3 12002 1000000 0.13
19 51 3 12003 1000000 0.13
20 52 3 12004 1000000 0.13
21 53 3 12005 1000000 0.13
22 54 3 12006 1000000 0.13
23 55 3 12007 1000000 0.13
24 56 3 12008 1000000 0.13
25 57 3 12009 1000000 0.13
26 58 3 12010 1000000 0.13
27 59 3 12011 1000000 0.13
28 60 3 12012 1000000 0.13
29 61 3 12013 1000000 0.13
30 62 3 12014 1000000 0.13
31 63 3 12015 1000000 0.13
32 0 3 12016 1000000 0.13
33 1 3 12017 1000000 0.13
34 2 3 12018 1000000 0.13
35 3 3 12019 1000000 0.13
36 4 3 12020 1000000 0.13
37 5 3 12021 1000000 0.13
38 6 3 12022 1000000 0.13
39 7 3 12023 1000000 0.13
40 8 3 12024 1000000 0.13
41 9 3 12025 1000000 0.13
42 10 3 12026 1000000 0.13
43 11 3 12027 1000000 0.13
44 12 3 12028 1000000 0.13
45 13 3 12029 1000000 0.13
46 14 3 12030 1000000 0.13
47 15 3 12031 1000000 0.13
48 16 3 12032 1000000 0.13
49 17 3 12033 1000000 0.13
50 18 3 12034 1000000 0.13
51 19 3 12035 1000000 0.13
52 20 3 12036 1000000 0.13
53 21 3 12037 1000000 0.13
54 22 3 12038 1000000 0.13
55 23 3 12039 1000000 0.13
56 24 3 12040 1000000 0.13
57 25 3 12041 1000000 0.13
58 26 3 12042 1000000 0.13
59 27 3 12043 1000000 0.13
60 28 3 12044 1000000 0.13
61 29 3 12045 1000000 0.13
62 30 3 12046 1000000 0.13
63 31 3 12047 1000000 0.13
0 33 3 12048 1000000 0.13
1 34 3 12049 1000000 0.13
2 35 3 12050 1000000 0.13
3 36 3 12051 1000000 0.13
4 37 3 12052 1000000 0.13
5 38 3 12053 1000000 0.13
6 39 3 12054 1000000 0.13
7 40 3 12055 1000000 0.13
8 41 3 12056 1000000 0.13
9 42 3 12057 1000000 0.13
10 43 3 12058 1000000 0.13
11 44 3 12059 1000000 0.13
12 45 3 12060 1000000 0.13
13 46 3 12061 1000000 0.13
14 47 3 12062 1000000 0.13
15 48 3 12063 1000000 0.13
16 49 3 12064 1000000 0.13
17 50 3 12065 1000000 0.13
18 51 3 12066 1000000 0.13
19 52 3 12067 1000000 0.13
20 53 3 12068 1000000 0.13
21 54 3 12069 1000000 0.13
22 55 3 12070 1000000 0.13
23 56 3 12071 1000000 0.13
24 57 3 12072 1000000 0.13
25 58 3 12073 1000000 0.13
26 59 3 12074 1000000 0.13
27 60 3 12075 1000000 0.13
28 61 3 12076 1000000 0.13
29 62 3 12077 1000000 0.13
30 63 3 12078 1000000 0.13
31 0 3 12079 1000000 0.13
32 1 3 12080 1000000 0.13
33 2 3 12081 1000000 0.13
34 3 3 12082 1000000 0.13
35 4 3 12083 1000000 0.13
36 5 3 12084 1000000 0.13
37 6 3 12085 1000000 0.13
38 7 3 12086 1000000 0.13
39 8 3 12087 1000000 0.13
40 9 3 12088 1000000 0.13
41 10 3 12089 1000000 0.13
42 11 3 12090 1000000 0.13
43 12 3 12091 1000000 0.13
44 13 3 12092 1000000 0.13
45 14 3 12093 1000000 0.13
46 15 3 12094 1000000 0.13
47 16 3 12095 1000000 0.13
48 17 3 12096 1000000 0.13
49 18 3 12097 1000000 0.13
50 19 3 12098 1000000 0.13
51 20 3 12099 1000000 0.13
52 21 3 12100 1000000 0.13
53 22 3 12101 1000000 0.13
54 23 3 12102 1000000 0.13
55 24 3 12103 1000000 0.13
56 25 3 12104 1000000 0.13
57 26 3 12105 1000000 0.13
58 27 3 12106 1000000 0.13
59 28 3 12107 1000000 0.13
60 29 3 12108 1000000 0.13
61 30 3 12109 1000000 0.13
62 31 3 12110 1000000 0.13
63 32 3 12111 1000000 0.13
0 34 3 12112 1000000 0.13
1 35 3 12113 1000000 0.13
2 36 3 12114 1000000 0.13
3 37 3 12115 1000000 0.13
4 38 3 12116 1000000 0.13
5 39 3 12117 1000000 0.13
6 40 3 12118 1000000 0.13
7 41 3 12119 1000000 0.13
8 42 3 12120 1000000 0.13
9 43 3 12121 1000000 0.13
10 44 3 12122 1000000 0.13
11 45 3 12123 1000000 0.13
12 46 3 12124 1000000 0.13
13 47 3 12125 1000000 0.13
14 48 3 12126 1000000 0.13
15 49 3 12127 1000000 0.13
16 50 3 12128 1000000 0.13
17 51 3 12129 1000000 0.13
18 52 3 12130 1000000 0.13
19 53 3 12131 1000000 0.13
20 54 3 12132 1000000 0.13
21 55 3 12133 1000000 0.13
22 56 3 12134 1000000 0.13
23 57 3 12135 1000000 0.13
24 58 3 12136 1000000 0.13
25 59 3 12137 1000000 0.13
26 60 3 12138 1000000 0.13
27 61 3 12139 1000000 0.13
28 62 3 12140 1000000 0.13
29 63 3 12141 1000000 0.13
30 0 3 12142 1000000 0.13
31 1 3 12143 1000000 0.13
32 2 3 12144 1000000 0.13
33 3 3 12145 1000000 0.13
34 4 3 12146 1000000 0.13
35 5 3 12147 1000000 0.13
36 6 3 12148 1000000 0.13
37 7 3 12149 1000000 0.13
38 8 3 12150 1000000 0.13
39 9 3 12151 1000000 0.13
40 10 3 12152 1000000 0.13
41 11 3 12153 1000000 0.13
42 12 3 12154 1000000 0.13
43 13 3 12155 1000000 0.13
44 14 3 12156 1000000 0.13
45 15 3 12157 1000000 0.13
46 16 3 12158 1000000 0.13
47 17 3 12159 1000000 0.13
48 18 3 12160 1000000 0.13
49 19 3 12161 1000000 0.13
50 20 3 12162 1000000 0.13
51 21 3 12163 1000000 0.13
52 22 3 12164 1000000 0.13
53 23 3 12165 1000000 0.13
54 24 3 12166 1000000 0.13
55 25 3 12167 1000000 0.13
56 26 3 12168 1000000 0.13
57 27 3 12169 1000000 0.13
58 28 3 12170 1000000 0.13
59 29 3 12171 1000000 0.13
60 30 3 12172 1000000 0.13
61 31 3 12173 1000000 0.13
62 32 3 12174 1000000 0.13
63 33 3 12175 1000000 0.13
0 35 3 12176 1000000 0.13
1 36 3 12177 1000000 0.13
2 37 3 12178 1000000 0.13
3 38 3 12179 1000000 0.13
4 39 3 12180 1000000 0.13
5 40 3 12181 1000000 0.13
6 41 3 12182 1000000 0.13
7 42 3 12183 1000000 0.13
8 43 3 12184 1000000 0.13
9 44 3 12185 1000000 0.13
10 45 3 12186 1000000 0.13
11 46 3 12187 1000000 0.13
12 47 3 12188 1000000 0.13
13 48 3 12189 1000000 0.13
14 49 3 12190 1000000 0.13
15 50 3 12191 1000000 0.13
16 51 3 12192 1000000 0.13
17 52 3 12193 1000000 0.13
18 53 3 12194 1000000 0.13
19 54 3 12195 1000000 0.13
20 55 3 12196 1000000 0.13
21 56 3 12197 1000000 0.13
22 57 3 12198 1000000 0.13
23 58 3 12199 1000000 0.13
24 59 3 12200 1000000 0.13
25 60 3 12201 1000000 0.13
26 61 3 12202 1000000 0.13
27 62 3 12203 1000000 0.13
28 63 3 12204 1000000 0.13
29 0 3 12205 1000000 0.13
30 1 3 12206 1000000 0.13
31 2 3 12207 1000000 0.13
32 3 3 12208 1000000 0.13
33 4 3 12209 1000000 0.13
34 5 3 12210 1000000 0.13
35 6 3 12211 1000000 0.13
36 7 3 12212 1000000 0.13
37 8 3 12213 1000000 0.13
38 9 3 12214 1000000 0.13
39 10 3 12215 1000000 0.13
40 11 3 12216 1000000 0.13
41 12 3 12217 1000000 0.13
42 13 3 12218 1000000 0.13
43 14 3 12219 1000000 0.13
44 15 3 12220 1000000 0.13
45 16 3 12221 1000000 0.13
46 17 3 12222 1000000 0.13
47 18 3 12223 1000000 0.13
48 19 3 12224 1000000 0.13
49 20 3 12225 1000000 0.13
50 21 3 12226 1000000 0.13
51 22 3 12227 1000000 0.13
52 23 3 12228 1000000 0.13
53 24 3 12229 1000000 0.13
54 25 3 12230 1000000 0.13
55 26 3 12231 1000000 0.13
56 27 3 12232 1000000 0.13
57 28 3 12233 1000000 0.13
58 29 3 12234 1000000 0.13
59 30 3 12235 1000000 0.13
60 31 3 12236 1000000 0.13
61 32 3 12237 1000000 0.13
62 33 3 12238 1000000 0.13
63 34 3 12239 1000000 0.13
0 36 3 12240 1000000 0.13
1 37 3 12241 1000000 0.13
2 38 3 12242 1000000 0.13
3 39 3 12243 1000000 0.13
4 40 3 12244 1000000 0.13
5 41 3 12245 1000000 0.13
6 42 3 12246 1000000 0.13
7 43 3 12247 1000000 0.13
8 44 3 12248 1000000 0.13
9 45 3 12249 1000000 0.13
10 46 3 12250 1000000 0.13
11 47 3 12251 1000000 0.13
12 48 3 12252 1000000 0.13
13 49 3 12253 1000000 0.13
14 50 3 12254 1000000 0.13
15 51 3 12255 1000000 0.13
16 52 3 12256 1000000 0.13
17 53 3 12257 1000000 0.13
18 54 3 12258 1000000 0.13
19 55 3 12259 1000000 0.13
20 56 3 12260 1000000 0.13
21 57 3 12261 1000000 0.13
22 58 3 12262 1000000 0.13
23 59 3 12263 1000000 0.13
24 60 3 12264 1000000 0.13
25 61 3 12265 1000000 0.13
26 62 3 12266 1000000 0.13
27 63 3 12267 1000000 0.13
28 0 3 12268 1000000 0.13
29 1 3 12269 1000000 0.13
30 2 3 12270 1000000 0.13
31 3 3 12271 1000000 0.13
32 4 3 12272 1000000 0.13
33 5 3 12273 1000000 0.13
34 6 3 12274 1000000 0.13
35 7 3 12275 1000000 0.13
36 8 3 12276 1000000 0.13
37 9 3 12277 1000000 0.13
38 10 3 12278 1000000 0.13
39 11 3 12279 1000000 0.13
40 12 3 12280 1000000 0.13
41 13 3 12281 1000000 0.13
42 14 3 12282 1000000 0.13
43 15 3 12283 1000000 0.13
44 16 3 12284 1000000 0.13
45 17 3 12285 1000000 0.13
46 18 3 12286 1000000 0.13
47 19 3 12287 1000000 0.13
48 20 3 12288 1000000 0.13
49 21 3 12289 1000000 0.13
50 22 3 12290 1000000 0.13
51 23 3 12291 1000000 0.13
52 24 3 12292 1000000 0.13
53 25 3 12293 1000000 0.13
54 26 3 12294 1000000 0.13
55 27 3 12295 1000000 0.13
56 28 3 12296 1000000 0.13
57 29 3 12297 1000000 0.13
58 30 3 12298 1000000 0.13
59 31 3 12299 1000000 0.13
60 32 3 12300 1000000 0.13
61 33 3 12301 1000000 0.13
62 34 3 12302 1000000 0.13
63 35 3 12303 1000000 0.13
0 37 3 12304 1000000 0.13
1 38 3 12305 1000000 0.13
2 39 3 12306 1000000 0.13
3 40 3 12307 1000000 0.13
4 41 3 12308 1000000 0.13
5 42 3 12309 1000000 0.13
6 43 3 12310 1000000 0.13
7 44 3 12311 1000000 0.13
8 45 3 12312 1000000 0.13
9 46 3 12313 1000000 0.13
10 47 3 12314 1000000 0.13
11 48 3 12315 1000000 0.13
12 49 3 12316 1000000 0.13
13 50 3 12317 1000000 0.13
14 51 3 12318 1000000 0.13
15 52 3 12319 1000000 0.13
16 53 3 12320 1000000 0.13
17 54 3 12321 1000000 0.13
18 55 3 12322 1000000 0.13
19 56 3 12323 1000000 0.13
20 57 3 12324 1000000 0.13
21 58 3 12325 1000000 0.13
22 59 3 12326 1000000 0.13
23 60 3 12327 1000000 0.13
24 61 3 12328 1000000 0.13
25 62 3 12329 1000000 0.13
26 63 3 12330 1000000 0.13
27 0 3 12331 1000000 0.13
28 1 3 12332 1000000 0.13
29 2 3 12333 1000000 0.13
30 3 3 12334 1000000 0.13
31 4 3 12335 1000000 0.13
32 5 3 12336 1000000 0.13
33 6 3 12337 1000000 0.13
34 7 3 12338 1000000 0.13
35 8 3 12339 1000000 0.13
36 9 3 12340 1000000 0.13
37 10 3 12341 1000000 0.13
38 11 3 12342 1000000 0.13
39 12 3 12343 1000000 0.13
40 13 3 12344 1000000 0.13
41 14 3 12345 1000000 0.13
42 15 3 12346 1000000 0.13
43 16 3 12347 1000000 0.13
44 17 3 12348 1000000 0.13
45 18 3 12349 1000000 0.13
46 19 3 12350 1000000 0.13
47 20 3 12351 1000000 0.13
48 21 3 12352 1000000 0.13
49 22 3 12353 1000000 0.13
50 23 3 12354 1000000 0.13
51 24 3 12355 1000000 0.13
52 25 3 12356 1000000 0.13
53 26 3 12357 1000000 0.13
54 27 3 12358 1000000 0.13
55 28 3 12359 1000000 0.13
56 29 3 12360 1000000 0.13
57 30 3 12361 1000000 0.13
58 31 3 12362 1000000 0.13
59 32 3 12363 1000000 0.13
60 33 3 12364 1000000 0.13
61 34 3 12365 1000000 0.13
62 35 3 12366 1000000 0.13
63 36 3 12367 1000000 0.13
0 38 3 12368 1000000 0.13
1 39 3 12369 1000000 0.13
2 40 3 12370 1000000 0.13
3 41 3 12371 1000000 0.13
4 42 3 12372 1000000 0.13
5 43 3 12373 1000000 0.13
6 44 3 12374 1000000 0.13
7 45 3 12375 1000000 0.13
8 46 3 12376 1000000 0.13
9 47 3 12377 1000000 0.13
10 48 3 12378 1000000 0.13
11 49 3 12379 1000000 0.13
12 50 3 12380 1000000 0.13
13 51 3 12381 1000000 0.13
14 52 3 12382 1000000 0.13
15 53 3 12383 1000000 0.13
16 54 3 12384 1000000 0.13
17 55 3 12385 1000000 0.13
18 56 3 12386 1000000 0.13
19 57 3 12387 1000000 0.13
20 58 3 12388 1000000 0.13
21 59 3 12389 1000000 0.13
22 60 3 12390 1000000 0.13
23 61 3 12391 1000000 0.13
24 62 3 12392 1000000 0.13
25 63 3 12393 1000000 0.13
26 0 3 12394 1000000 0.13
27 1 3 12395 1000000 0.13
28 2 3 12396 1000000 0.13
29 3 3 12397 1000000 0.13
30 4 3 12398 1000000 0.13
31 5 3 12399 1000000 0.13
32 6 3 12400 1000000 0.13
33 7 3 12401 1000000 0.13
34 8 3 12402 1000000 0.13
35 9 3 12403 1000000 0.13
36 10 3 12404 1000000 0.13
37 11 3 12405 1000000 0.13
38 12 3 12406 1000000 0.13
39 13 3 12407 1000000 0.13
40 14 3 12408 1000000 0.13
41 15 3 12409 1000000 0.13
42 16 3 12410 1000000 0.13
43 17 3 12411 1000000 0.13
44 18 3 12412 1000000 0.13
45 19 3 12413 1000000 0.13
46 20 3 12414 1000000 0.13
47 21 3 12415 1000000 0.13
48 22 3 12416 1000000 0.13
49 23 3 12417 1000000 0.13
50 24 3 12418 1000000 0.13
51 25 3 12419 1000000 0.13
52 26 3 12420 1000000 0.13
53 27 3 12421 1000000 0.13
54 28 3 12422 1000000 0.13
55 29 3 12423 1000000 0.13
56 30 3 12424 1000000 0.13
57 31 3 12425 1000000 0.13
58 32 3 12426 1000000 0.13
59 33 3 12427 1000000 0.13
60 34 3 12428 1000000 0.13
61 35 3 12429 1000000 0.13
62 36 3 12430 1000000 0.13
63 37 3 12431 1000000 0.13
0 39 3 12432 1000000 0.13
1 40 3 12433 1000000 0.13
2 41 3 12434 1000000 0.13
3 42 3 12435 1000000 0.13
4 43 3 12436 1000000 0.13
5 44 3 12437 1000000 0.13
6 45 3 12438 1000000 0.13
7 46 3 12439 1000000 0.13
8 47 3 12440 1000000 0.13
9 48 3 12441 1000000 0.13
10 49 3 12442 1000000 0.13
11 50 3 12443 1000000 0.13
12 51 3 12444 1000000 0.13
13 52 3 12445 1000000 0.13
14 53 3 12446 1000000 0.13
15 54 3 12447 1000000 0.13
16 55 3 12448 1000000 0.13
17 56 3 12449 1000000 0.13
18 57 3 12450 1000000 0.13
19 58 3 12451 1000000 0.13
20 59 3 12452 1000000 0.13
21 60 3 12453 1000000 0.13
22 61 3 12454 1000000 0.13
23 62 3 12455 1000000 0.13
24 63 3 12456 1000000 0.13
25 0 3 12457 1000000 0.13
26 1 3 12458 1000000 0.13
27 2 3 12459 1000000 0.13
28 3 3 12460 1000000 0.13
29 4 3 12461 1000000 0.13
30 5 3 12462 1000000 0.13
31 6 3 12463 1000000 0.13
32 7 3 12464 1000000 0.13
33 8 3 12465 1000000 0.13
34 9 3 12466 1000000 0.13
35 10 3 12467 1000000 0.13
36 11 3 12468 1000000 0.13
37 12 3 12469 1000000 0.13
38 13 3 12470 1000000 0.13
39 14 3 12471 1000000 0.13
40 15 3 12472 1000000 0.13
41 16 3 12473 1000000 0.13
42 17 3 12474 1000000 0.13
43 18 3 12475 1000000 0.13
44 19 3 12476 1000000 0.13
45 20 3 12477 1000000 0.13
46 21 3 12478 1000000 0.13
47 22 3 12479 1000000 0.13
48 23 3 12480 1000000 0.13
49 24 3 12481 1000000 0.13
50 25 3 12482 1000000 0.13
51 26 3 12483 1000000 0.13
52 27 3 12484 1000000 0.13
53 28 3 12485 1000000 0.13
54 29 3 12486 1000000 0.13
55 30 3 12487 1000000 0.13
56 31 3 12488 1000000 0.13
57 32 3 12489 1000000 0.13
58 33 3 12490 1000000 0.13
59 34 3 12491 1000000 0.13
60 35 3 12492 1000000 0.13
61 36 3 12493 1000000 0.13
62 37 3 12494 1000000 0.13
63 38 3 12495 1000000 0.13
0 40 3 12496 1000000 0.13
1 41 3 12497 1000000 0.13
2 42 3 12498 1000000 0.13
3 43 3 12499 1000000 0.13
4 44 3 12500 1000000 0.13
5 45 3 12501 1000000 0.13
6 46 3 12502 1000000 0.13
7 47 3 12503 1000000 0.13
8 48 3 12504 1000000 0.13
9 49 3 12505 1000000 0.13
10 50 3 12506 1000000 0.13
11 51 3 12507 1000000 0.13
12 52 3 12508 1000000 0.13
13 53 3 12509 1000000 0.13
14 54 3 12510 1000000 0.13
15 55 3 12511 1000000 0.13
16 56 3 12512 1000000 0.13
17 57 3 12513 1000000 0.13
18 58 3 12514 1000000 0.13
19 59 3 12515 1000000 0.13
20 60 3 12516 1000000 0.13
21 61 3 12517 1000000 0.13
22 62 3 12518 1000000 0.13
23 63 3 12519 1000000 0.13
24 0 3 12520 1000000 0.13
25 1 3 12521 1000000 0.13
26 2 3 12522 1000000 0.13
27 3 3 12523 1000000 0.13
28 4 3 12524 1000000 0.13
29 5 3 12525 1000000 0.13
30 6 3 12526 1000000 0.13
31 7 3 12527 1000000 0.13
32 8 3 12528 1000000 0.13
33 9 3 12529 1000000 0.13
34 10 3 12530 1000000 0.13
35 11 3 12531 1000000 0.13
36 12 3 12532 1000000 0.13
37 13 3 12533 1000000 0.13
38 14 3 12534 1000000 0.13
39 15 3 12535 1000000 0.13
40 16 3 12536 1000000 0.13
41 17 3 12537 1000000 0.13
42 18 3 12538 1000000 0.13
43 19 3 12539 1000000 0.13
44 20 3 12540 1000000 0.13
45 21 3 12541 1000000 0.13
46 22 3 12542 1000000 0.13
47 23 3 12543 1000000 0.13
48 24 3 12544 1000000 0.13
49 25 3 12545 1000000 0.13
50 26 3 12546 1000000 0.13
51 27 3 12547 1000000 0.13
52 28 3 12548 1000000 0.13
53 29 3 12549 1000000 0.13
54 30 3 12550 1000000 0.13
55 31 3 12551 1000000 0.13
56 32 3 12552 1000000 0.13
57 33 3 12553 1000000 0.13
58 34 3 12554 1000000 0.13
59 35 3 12555 1000000 0.13
60 36 3 12556 1000000 0.13
61 37 3 12557 1000000 0.13
62 38 3 12558 1000000 0.13
63 39 3 12559 1000000 0.13
0 41 3 12560 1000000 0.13
1 42 3 12561 1000000 0.13
2 43 3 12562 1000000 0.13
3 44 3 12563 1000000 0.13
4 45 3 12564 1000000 0.13
5 46 3 12565 1000000 0.13
6 47 3 12566 1000000 0.13
7 48 3 12567 1000000 0.13
8 49 3 12568 1000000 0.13
9 50 3 12569 1000000 0.13
10 51 3 12570 1000000 0.13
11 52 3 12571 1000000 0.13
12 53 3 12572 1000000 0.13
13 54 3 12573 1000000 0.13
14 55 3 12574 1000000 0.13
15 56 3 12575 1000000 0.13
16 57 3 12576 1000000 0.13
17 58 3 12577 1000000 0.13
18 59 3 12578 1000000 0.13
19 60 3 12579 1000000 0.13
20 61 3 12580 1000000 0.13
21 62 3 12581 1000000 0.13
22 63 3 12582 1000000 0.13
23 0 3 12583 1000000 0.13
24 1 3 12584 1000000 0.13
25 2 3 12585 1000000 0.13
26 3 3 12586 1000000 0.13
27 4 3 12587 1000000 0.13
28 5 3 12588 1000000 0.13
29 6 3 12589 1000000 0.13
30 7 3 12590 1000000 0.13
31 8 3 12591 1000000 0.13
32 9 3 12592 1000000 0.13
33 10 3 12593 1000000 0.13
34 11 3 12594 1000000 0.13
35 12 3 12595 1000000 0.13
36 13 3 12596 1000000 0.13
37 14 3 12597 1000000 0.13
38 15 3 12598 1000000 0.13
39 16 3 12599 1000000 0.13
40 17 3 12600 1000000 0.13
41 18 3 12601 1000000 0.13
42 19 3 12602 1000000 0.13
43 20 3 12603 1000000 0.13
44 21 3 12604 1000000 0.13
45 22 3 12605 1000000 0.13
46 23 3 12606 1000000 0.13
47 24 3 12607 1000000 0.13
48 25 3 12608 1000000 0.13
49 26 3 12609 1000000 0.13
50 27 3 12610 1000000 0.13
51 28 3 12611 1000000 0.13
52 29 3 12612 1000000 0.13
53 30 3 12613 1000000 0.13
54 31 3 12614 1000000 0.13
55 32 3 12615 1000000 0.13
56 33 3 12616 1000000 0.13
57 34 3 12617 1000000 0.13
58 35 3 12618 1000000 0.13
59 36 3 12619 1000000 0.13
60 37 3 12620 1000000 0.13
61 38 3 12621 1000000 0.13
62 39 3 12622 1000000 0.13
63 40 3 12623 1000000 0.13
0 42 3 12624 1000000 0.13
1 43 3 12625 1000000 0.13
2 44 3 12626 1000000 0.13
3 45 3 12627 1000000 0.13
4 46 3 12628 1000000 0.13
5 47 3 12629 1000000 0.13
6 48 3 12630 1000000 0.13
7 49 3 12631 1000000 0.13
8 50 3 12632 1000000 0.13
9 51 3 12633 1000000 0.13
10 52 3 12634 1000000 0.13
11 53 3 12635 1000000 0.13
12 54 3 12636 1000000 0.13
13 55 3 12637 1000000 0.13
14 56 3 12638 1000000 0.13
15 57 3 12639 1000000 0.13
16 58 3 12640 1000000 0.13
17 59 3 12641 1000000 0.13
18 60 3 12642 1000000 0.13
19 61 3 12643 1000000 0.13
20 62 3 12644 1000000 0.13
21 63 3 12645 1000000 0.13
22 0 3 12646 1000000 0.13
23 1 3 12647 1000000 0.13
24 2 3 12648 1000000 0.13
25 3 3 12649 1000000 0.13
26 4 3 12650 1000000 0.13
27 5 3 12651 1000000 0.13
28 6 3 12652 1000000 0.13
29 7 3 12653 1000000 0.13
30 8 3 12654 1000000 0.13
31 9 3 12655 1000000 0.13
32 10 3 12656 1000000 0.13
33 11 3 12657 1000000 0.13
34 12 3 12658 1000000 0.13
35 13 3 12659 1000000 0.13
36 14 3 12660 1000000 0.13
37 15 3 12661 1000000 0.13
38 16 3 12662 1000000 0.13
39 17 3 12663 1000000 0.13
40 18 3 12664 1000000 0.13
41 19 3 12665 1000000 0.13
42 20 3 12666 1000000 0.13
43 21 3 12667 1000000 0.13
44 22 3 12668 1000000 0.13
45 23 3 12669 1000000 0.13
46 24 3 12670 1000000 0.13
47 25 3 12671 1000000 0.13
48 26 3 12672 1000000 0.13
49 27 3 12673 1000000 0.13
50 28 3 12674 1000000 0.13
51 29 3 12675 1000000 0.13
52 30 3 12676 1000000 0.13
53 31 3 12677 1000000 0.13
54 32 3 12678 1000000 0.13
55 33 3 12679 1000000 0.13
56 34 3 12680 1000000 0.13
57 35 3 12681 1000000 0.13
58 36 3 12682 1000000 0.13
59 37 3 12683 1000000 0.13
60 38 3 12684 1000000 0.13
61 39 3 12685 1000000 0.13
62 40 3 12686 1000000 0.13
63 41 3 12687 1000000 0.13
0 43 3 12688 1000000 0.13
1 44 3 12689 1000000 0.13
2 45 3 12690 1000000 0.13
3 46 3 12691 1000000 0.13
4 47 3 12692 1000000 0.13
5 48 3 12693 1000000 0.13
6 49 3 12694 1000000 0.13
7 50 3 12695 1000000 0.13
8 51 3 12696 1000000 0.13
9 52 3 12697 1000000 0.13
10 53 3 12698 1000000 0.13
11 54 3 12699 1000000 0.13
12 55 3 12700 1000000 0.13
13 56 3 12701 1000000 0.13
14 57 3 12702 1000000 0.13
15 58 3 12703 1000000 0.13
16 59 3 12704 1000000 0.13
17 60 3 12705 1000000 0.13
18 61 3 12706 1000000 0.13
19 62 3 12707 1000000 0.13
20 63 3 12708 1000000 0.13
21 0 3 12709 1000000 0.13
22 1 3 12710 1000000 0.13
23 2 3 12711 1000000 0.13
24 3 3 12712 1000000 0.13
25 4 3 12713 1000000 0.13
26 5 3 12714 1000000 0.13
27 6 3 12715 1000000 0.13
28 7 3 12716 1000000 0.13
29 8 3 12717 1000000 0.13
30 9 3 12718 1000000 0.13
31 10 3 12719 1000000 0.13
32 11 3 12720 1000000 0.13
33 12 3 12721 1000000 0.13
34 13 3 12722 1000000 0.13
35 14 3 12723 1000000 0.13
36 15 3 12724 1000000 0.13
37 16 3 12725 1000000 0.13
38 17 3 12726 1000000 0.13
39 18 3 12727 1000000 0.13
40 19 3 12728 1000000 0.13
41 20 3 12729 1000000 0.13
42 21 3 12730 1000000 0.13
43 22 3 12731 1000000 0.13
44 23 3 12732 1000000 0.13
45 24 3 12733 1000000 0.13
46 25 3 12734 1000000 0.13
47 26 3 12735 1000000 0.13
48 27 3 12736 1000000 0.13
49 28 3 12737 1000000 0.13
50 29 3 12738 1000000 0.13
51 30 3 12739 1000000 0.13
52 31 3 12740 1000000 0.13
53 32 3 12741 1000000 0.13
54 33 3 12742 1000000 0.13
55 34 3 12743 1000000 0.13
56 35 3 12744 1000000 0.13
57 36 3 12745 1000000 0.13
58 37 3 12746 1000000 0.13
59 38 3 12747 1000000 0.13
60 39 3 12748 1000000 0.13
61 40 3 12749 1000000 0.13
62 41 3 12750 1000000 0.13
63 42 3 12751 1000000 0.13
0 44 3 12752 1000000 0.13
1 45 3 12753 1000000 0.13
2 46 3 12754 1000000 0.13
3 47 3 12755 1000000 0.13
4 48 3 12756 1000000 0.13
5 49 3 12757 1000000 0.13
6 50 3 12758 1000000 0.13
7 51 3 12759 1000000 0.13
8 52 3 12760 1000000 0.13
9 53 3 12761 1000000 0.13
10 54 3 12762 1000000 0.13
11 55 3 12763 1000000 0.13
12 56 3 12764 1000000 0.13
13 57 3 12765 1000000 0.13
14 58 3 12766 1000000 0.13
15 59 3 12767 1000000 0.13
16 60 3 12768 1000000 0.13
17 61 3 12769 1000000 0.13
18 62 3 12770 1000000 0.13
19 63 3 12771 1000000 0.13
20 0 3 12772 1000000 0.13
21 1 3 12773 1000000 0.13
22 2 3 12774 1000000 0.13
23 3 3 12775 1000000 0.13
24 4 3 12776 1000000 0.13
25 5 3 12777 1000000 0.13
26 6 3 12778 1000000 0.13
27 7 3 12779 1000000 0.13
28 8 3 12780 1000000 0.13
29 9 3 12781 1000000 0.13
30 10 3 12782 1000000 0.13
31 11 3 12783 1000000 0.13
32 12 3 12784 1000000 0.13
33 13 3 12785 1000000 0.13
34 14 3 12786 1000000 0.13
35 15 3 12787 1000000 0.13
36 16 3 12788 1000000 0.13
37 17 3 12789 1000000 0.13
38 18 3 12790 1000000 0.13
39 19 3 12791 1000000 0.13
40 20 3 12792 1000000 0.13
41 21 3 12793 1000000 0.13
42 22 3 12794 1000000 0.13
43 23 3 12795 1000000 0.13
44 24 3 12796 1000000 0.13
45 25 3 12797 1000000 0.13
46 26 3 12798 1000000 0.13
47 27 3 12799 1000000 0.13
48 28 3 12800 1000000 0.13
49 29 3 12801 1000000 0.13
50 30 3 12802 1000000 0.13
51 31 3 12803 1000000 0.13
52 32 3 12804 1000000 0.13
53 33 3 12805 1000000 0.13
54 34 3 12806 1000000 0.13
55 35 3 12807 1000000 0.13
56 36 3 12808 1000000 0.13
57 37 3 12809 1000000 0.13
58 38 3 12810 1000000 0.13
59 39 3 12811 1000000 0.13
60 40 3 12812 1000000 0.13
61 41 3 12813 1000000 0.13
62 42 3 12814 1000000 0.13
63 43 3 12815 1000000 0.13
0 45 3 12816 1000000 0.13
1 46 3 12817 1000000 0.13
2 47 3 12818 1000000 0.13
3 48 3 12819 1000000 0.13
4 49 3 12820 1000000 0.13
5 50 3 12821 1000000 0.13
6 51 3 12822 1000000 0.13
7 52 3 12823 1000000 0.13
8 53 3 12824 1000000 0.13
9 54 3 12825 1000000 0.13
10 55 3 12826 1000000 0.13
11 56 3 12827 1000000 0.13
12 57 3 12828 1000000 0.13
13 58 3 12829 1000000 0.13
14 59 3 12830 1000000 0.13
15 60 3 12831 1000000 0.13
16 61 3 12832 1000000 0.13
17 62 3 12833 1000000 0.13
18 63 3 12834 1000000 0.13
19 0 3 12835 1000000 0.13
20 1 3 12836 1000000 0.13
21 2 3 12837 1000000 0.13
22 3 3 12838 1000000 0.13
23 4 3 12839 1000000 0.13
24 5 3 12840 1000000 0.13
25 6 3 12841 1000000 0.13
26 7 3 12842 1000000 0.13
27 8 3 12843 1000000 0.13
28 9 3 12844 1000000 0.13
29 10 3 12845 1000000 0.13
30 11 3 12846 1000000 0.13
31 12 3 12847 1000000 0.13
32 13 3 12848 1000000 0.13
33 14 3 12849 1000000 0.13
34 15 3 12850 1000000 0.13
35 16 3 12851 1000000 0.13
36 17 3 12852 1000000 0.13
37 18 3 12853 1000000 0.13
38 19 3 12854 1000000 0.13
39 20 3 12855 1000000 0.13
40 21 3 12856 1000000 0.13
41 22 3 12857 1000000 0.13
42 23 3 12858 1000000 0.13
43 24 3 12859 1000000 0.13
44 25 3 12860 1000000 0.13
45 26 3 12861 1000000 0.13
46 27 3 12862 1000000 0.13
47 28 3 12863 1000000 0.13
48 29 3 12864 1000000 0.13
49 30 3 12865 1000000 0.13
50 31 3 12866 1000000 0.13
51 32 3 12867 1000000 0.13
52 33 3 12868 1000000 0.13
53 34 3 12869 1000000 0.13
54 35 3 12870 1000000 0.13
55 36 3 12871 1000000 0.13
56 37 3 12872 1000000 0.13
57 38 3 12873 1000000 0.13
58 39 3 12874 1000000 0.13
59 40 3 12875 1000000 0.13
60 41 3 12876 1000000 0.13
61 42 3 12877 1000000 0.13
62 43 3 12878 1000000 0.13
63 44 3 12879 1000000 0.13
0 46 3 12880 1000000 0.13
1 47 3 12881 1000000 0.13
2 48 3 12882 1000000 0.13
3 49 3 12883 1000000 0.13
4 50 3 12884 1000000 0.13
5 51 3 12885 1000000 0.13
6 52 3 12886 1000000 0.13
7 53 3 12887 1000000 0.13
8 54 3 12888 1000000 0.13
9 55 3 12889 1000000 0.13
10 56 3 12890 1000000 0.13
11 57 3 12891 1000000 0.13
12 58 3 12892 1000000 0.13
13 59 3 12893 1000000 0.13
14 60 3 12894 1000000 0.13
15 61 3 12895 1000000 0.13
16 62 3 12896 1000000 0.13
17 63 3 12897 1000000 0.13
18 0 3 12898 1000000 0.13
19 1 3 12899 1000000 0.13
20 2 3 12900 1000000 0.13
21 3 3 12901 1000000 0.13
22 4 3 12902 1000000 0.13
23 5 3 12903 1000000 0.13
24 6 3 12904 1000000 0.13
25 7 3 12905 1000000 0.13
26 8 3 12906 1000000 0.13
27 9 3 12907 1000000 0.13
28 10 3 12908 1000000 0.13
29 11 3 12909 1000000 0.13
30 12 3 12910 1000000 0.13
31 13 3 12911 1000000 0.13
32 14 3 12912 1000000 0.13
33 15 3 12913 1000000 0.13
34 16 3 12914 1000000 0.13
35 17 3 12915 1000000 0.13
36 18 3 12916 1000000 0.13
37 19 3 12917 1000000 0.13
38 20 3 12918 1000000 0.13
39 21 3 12919 1000000 0.13
40 22 3 12920 1000000 0.13
41 23 3 12921 1000000 0.13
42 24 3 12922 1000000 0.13
43 25 3 12923 1000000 0.13
44 26 3 12924 1000000 0.13
45 27 3 12925 1000000 0.13
46 28 3 12926 1000000 0.13
47 29 3 12927 1000000 0.13
48 30 3 12928 1000000 0.13
49 31 3 12929 1000000 0.13
50 32 3 12930 1000000 0.13
51 33 3 12931 1000000 0.13
52 34 3 12932 1000000 0.13
53 35 3 12933 1000000 0.13
54 36 3 12934 1000000 0.13
55 37 3 12935 1000000 0.13
56 38 3 12936 1000000 0.13
57 39 3 12937 1000000 0.13
58 40 3 12938 1000000 0.13
59 41 3 12939 1000000 0.13
60 42 3 12940 1000000 0.13
61 43 3 12941 1000000 0.13
62 44 3 12942 1000000 0.13
63 45 3 12943 1000000 0.13
0 47 3 12944 1000000 0.13
1 48 3 12945 1000000 0.13
2 49 3 12946 1000000 0.13
3 50 3 12947 1000000 0.13
4 51 3 12948 1000000 0.13
5 52 3 12949 1000000 0.13
6 53 3 12950 1000000 0.13
7 54 3 12951 1000000 0.13
8 55 3 12952 1000000 0.13
9 56 3 12953 1000000 0.13
10 57 3 12954 1000000 0.13
11 58 3 12955 1000000 0.13
12 59 3 12956 1000000 0.13
13 60 3 12957 1000000 0.13
14 61 3 12958 1000000 0.13
15 62 3 12959 1000000 0.13
16 63 3 12960 1000000 0.13
17 0 3 12961 1000000 0.13
18 1 3 12962 1000000 0.13
19 2 3 12963 1000000 0.13
20 3 3 12964 1000000 0.13
21 4 3 12965 1000000 0.13
22 5 3 12966 1000000 0.13
23 6 3 12967 1000000 0.13
24 7 3 12968 1000000 0.13
25 8 3 12969 1000000 0.13
26 9 3 12970 1000000 0.13
27 10 3 12971 1000000 0.13
28 11 3 12972 1000000 0.13
29 12 3 12973 1000000 0.13
30 13 3 12974 1000000 0.13
31 14 3 12975 1000000 0.13
32 15 3 12976 1000000 0.13
33 16 3 12977 1000000 0.13
34 17 3 12978 1000000 0.13
35 18 3 12979 1000000 0.13
36 19 3 12980 1000000 0.13
37 20 3 12981 1000000 0.13
38 21 3 12982 1000000 0.13
39 22 3 12983 1000000 0.13
40 23 3 12984 1000000 0.13
41 24 3 12985 1000000 0.13
42 25 3 12986 1000000 0.13
43 26 3 12987 1000000 0.13
44 27 3 12988 1000000 0.13
45 28 3 12989 1000000 0.13
46 29 3 12990 1000000 0.13
47 30 3 12991 1000000 0.13
48 31 3 12992 1000000 0.13
49 32 3 12993 1000000 0.13
50 33 3 12994 1000000 0.13
51 34 3 12995 1000000 0.13
52 35 3 12996 1000000 0.13
53 36 3 12997 1000000 0.13
54 37 3 12998 1000000 0.13
55 38 3 12999 1000000 0.13
56 39 3 13000 1000000 0.13
57 40 3 13001 1000000 0.13
58 41 3 13002 1000000 0.13
59 42 3 13003 1000000 0.13
60 43 3 13004 1000000 0.13
61 44 3 13005 1000000 0.13
62 45 3 13006 1000000 0.13
63 46 3 13007 1000000 0.13
0 48 3 13008 1000000 0.13
1 49 3 13009 1000000 0.13
2 50 3 13010 1000000 0.13
3 51 3 13011 1000000 0.13
4 52 3 13012 1000000 0.13
5 53 3 13013 1000000 0.13
6 54 3 13014 1000000 0.13
7 55 3 13015 1000000 0.13
8 56 3 13016 1000000 0.13
9 57 3 13017 1000000 0.13
10 58 3 13018 1000000 0.13
11 59 3 13019 1000000 0.13
12 60 3 13020 1000000 0.13
13 61 3 13021 1000000 0.13
14 62 3 13022 1000000 0.13
15 63 3 13023 1000000 0.13
16 0 3 13024 1000000 0.13
17 1 3 13025 1000000 0.13
18 2 3 13026 1000000 0.13
19 3 3 13027 1000000 0.13
20 4 3 13028 1000000 0.13
21 5 3 13029 1000000 0.13
22 6 3 13030 1000000 0.13
23 7 3 13031 1000000 0.13
24 8 3 13032 1000000 0.13
25 9 3 13033 1000000 0.13
26 10 3 13034 1000000 0.13
27 11 3 13035 1000000 0.13
28 12 3 13036 1000000 0.13
29 13 3 13037 1000000 0.13
30 14 3 13038 1000000 0.13
31 15 3 13039 1000000 0.13
32 16 3 13040 1000000 0.13
33 17 3 13041 1000000 0.13
34 18 3 13042 1000000 0.13
35 19 3 13043 1000000 0.13
36 20 3 13044 1000000 0.13
37 21 3 13045 1000000 0.13
38 22 3 13046 1000000 0.13
39 23 3 13047 1000000 0.13
40 24 3 13048 1000000 0.13
41 25 3 13049 1000000 0.13
42 26 3 13050 1000000 0.13
43 27 3 13051 1000000 0.13
44 28 3 13052 1000000 0.13
45 29 3 13053 1000000 0.13
46 30 3 13054 1000000 0.13
47 31 3 13055 1000000 0.13
48 32 3 13056 1000000 0.13
49 33 3 13057 1000000 0.13
50 34 3 13058 1000000 0.13
51 35 3 13059 1000000 0.13
52 36 3 13060 1000000 0.13
53 37 3 13061 1000000 0.13
54 38 3 13062 1000000 0.13
55 39 3 13063 1000000 0.13
56 40 3 13064 1000000 0.13
57 41 3 13065 1000000 0.13
58 42 3 13066 1000000 0.13
59 43 3 13067 1000000 0.13
60 44 3 13068 1000000 0.13
61 45 3 13069 1000000 0.13
62 46 3 13070 1000000 0.13
63 47 3 13071 1000000 0.13
0 49 3 13072 1000000 0.13
1 50 3 13073 1000000 0.13
2 51 3 13074 1000000 0.13
3 52 3 13075 1000000 0.13
4 53 3 13076 1000000 0.13
5 54 3 13077 1000000 0.13
6 55 3 13078 1000000 0.13
7 56 3 13079 1000000 0.13
8 57 3 13080 1000000 0.13
9 58 3 13081 1000000 0.13
10 59 3 13082 1000000 0.13
11 60 3 13083 1000000 0.13
12 61 3 13084 1000000 0.13
13 62 3 13085 1000000 0.13
14 63 3 13086 1000000 0.13
15 0 3 13087 1000000 0.13
16 1 3 13088 1000000 0.13
17 2 3 13089 1000000 0.13
18 3 3 13090 1000000 0.13
19 4 3 13091 1000000 0.13
20 5 3 13092 1000000 0.13
21 6 3 13093 1000000 0.13
22 7 3 13094 1000000 0.13
23 8 3 13095 1000000 0.13
24 9 3 13096 1000000 0.13
25 10 3 13097 1000000 0.13
26 11 3 13098 1000000 0.13
27 12 3 13099 1000000 0.13
28 13 3 13100 1000000 0.13
29 14 3 13101 1000000 0.13
30 15 3 13102 1000000 0.13
31 16 3 13103 1000000 0.13
32 17 3 13104 1000000 0.13
33 18 3 13105 1000000 0.13
34 19 3 13106 1000000 0.13
35 20 3 13107 1000000 0.13
36 21 3 13108 1000000 0.13
37 22 3 13109 1000000 0.13
38 23 3 13110 1000000 0.13
39 24 3 13111 1000000 0.13
40 25 3 13112 1000000 0.13
41 26 3 13113 1000000 0.13
42 27 3 13114 1000000 0.13
43 28 3 13115 1000000 0.13
44 29 3 13116 1000000 0.13
45 30 3 13117 1000000 0.13
46 31 3 13118 1000000 0.13
47 32 3 13119 1000000 0.13
48 33 3 13120 1000000 0.13
49 34 3 13121 1000000 0.13
50 35 3 13122 1000000 0.13
51 36 3 13123 1000000 0.13
52 37 3 13124 1000000 0.13
53 38 3 13125 1000000 0.13
54 39 3 13126 1000000 0.13
55 40 3 13127 1000000 0.13
56 41 3 13128 1000000 0.13
57 42 3 13129 1000000 0.13
58 43 3 13130 1000000 0.13
59 44 3 13131 1000000 0.13
60 45 3 13132 1000000 0.13
61 46 3 13133 1000000 0.13
62 47 3 13134 1000000 0.13
63 48 3 13135 1000000 0.13
0 50 3 13136 1000000 0.13
1 51 3 13137 1000000 0.13
2 52 3 13138 1000000 0.13
3 53 3 13139 1000000 0.13
4 54 3 13140 1000000 0.13
5 55 3 13141 1000000 0.13
6 56 3 13142 1000000 0.13
7 57 3 13143 1000000 0.13
8 58 3 13144 1000000 0.13
9 59 3 13145 1000000 0.13
10 60 3 13146 1000000 0.13
11 61 3 13147 1000000 0.13
12 62 3 13148 1000000 0.13
13 63 3 13149 1000000 0.13
14 0 3 13150 1000000 0.13
15 1 3 13151 1000000 0.13
16 2 3 13152 1000000 0.13
17 3 3 13153 1000000 0.13
18 4 3 13154 1000000 0.13
19 5 3 13155 1000000 0.13
20 6 3 13156 1000000 0.13
21 7 3 13157 1000000 0.13
22 8 3 13158 1000000 0.13
23 9 3 13159 1000000 0.13
24 10 3 13160 1000000 0.13
25 11 3 13161 1000000 0.13
26 12 3 13162 1000000 0.13
27 13 3 13163 1000000 0.13
28 14 3 13164 1000000 0.13
29 15 3 13165 1000000 0.13
30 16 3 13166 1000000 0.13
31 17 3 13167 1000000 0.13
32 18 3 13168 1000000 0.13
33 19 3 13169 1000000 0.13
34 20 3 13170 1000000 0.13
35 21 3 13171 1000000 0.13
36 22 3 13172 1000000 0.13
37 23 3 13173 1000000 0.13
38 24 3 13174 1000000 0.13
39 25 3 13175 1000000 0.13
40 26 3 13176 1000000 0.13
41 27 3 13177 1000000 0.13
42 28 3 13178 1000000 0.13
43 29 3 13179 1000000 0.13
44 30 3 13180 1000000 0.13
45 31 3 13181 1000000 0.13
46 32 3 13182 1000000 0.13
47 33 3 13183 1000000 0.13
48 34 3 13184 1000000 0.13
49 35 3 13185 1000000 0.13
50 36 3 13186 1000000 0.13
51 37 3 13187 1000000 0.13
52 38 3 13188 1000000 0.13
53 39 3 13189 1000000 0.13
54 40 3 13190 1000000 0.13
55 41 3 13191 1000000 0.13
56 42 3 13192 1000000 0.13
57 43 3 13193 1000000 0.13
58 44 3 13194 1000000 0.13
59 45 3 13195 1000000 0.13
60 46 3 13196 1000000 0.13
61 47 3 13197 1000000 0.13
62 48 3 13198 1000000 0.13
63 49 3 13199 1000000 0.13
0 51 3 13200 1000000 0.13
1 52 3 13201 1000000 0.13
2 53 3 13202 1000000 0.13
3 54 3 13203 1000000 0.13
4 55 3 13204 1000000 0.13
5 56 3 13205 1000000 0.13
6 57 3 13206 1000000 0.13
7 58 3 13207 1000000 0.13
8 59 3 13208 1000000 0.13
9 60 3 13209 1000000 0.13
10 61 3 13210 1000000 0.13
11 62 3 13211 1000000 0.13
12 63 3 13212 1000000 0.13
13 0 3 13213 1000000 0.13
14 1 3 13214 1000000 0.13
15 2 3 13215 1000000 0.13
16 3 3 13216 1000000 0.13
17 4 3 13217 1000000 0.13
18 5 3 13218 1000000 0.13
19 6 3 13219 1000000 0.13
20 7 3 13220 1000000 0.13
21 8 3 13221 1000000 0.13
22 9 3 13222 1000000 0.13
23 10 3 13223 1000000 0.13
24 11 3 13224 1000000 0.13
25 12 3 13225 1000000 0.13
26 13 3 13226 1000000 0.13
27 14 3 13227 1000000 0.13
28 15 3 13228 1000000 0.13
29 16 3 13229 1000000 0.13
30 17 3 13230 1000000 0.13
31 18 3 13231 1000000 0.13
32 19 3 13232 1000000 0.13
33 20 3 13233 1000000 0.13
34 21 3 13234 1000000 0.13
35 22 3 13235 1000000 0.13
36 23 3 13236 1000000 0.13
37 24 3 13237 1000000 0.13
38 25 3 13238 1000000 0.13
39 26 3 13239 1000000 0.13
40 27 3 13240 1000000 0.13
41 28 3 13241 1000000 0.13
42 29 3 13242 1000000 0.13
43 30 3 13243 1000000 0.13
44 31 3 13244 1000000 0.13
45 32 3 13245 1000000 0.13
46 33 3 13246 1000000 0.13
47 34 3 13247 1000000 0.13
48 35 3 13248 1000000 0.13
49 36 3 13249 1000000 0.13
50 37 3 13250 1000000 0.13
51 38 3 13251 1000000 0.13
52 39 3 13252 1000000 0.13
53 40 3 13253 1000000 0.13
54 41 3 13254 1000000 0.13
55 42 3 13255 1000000 0.13
56 43 3 13256 1000000 0.13
57 44 3 13257 1000000 0.13
58 45 3 13258 1000000 0.13
59 46 3 13259 1000000 0.13
60 47 3 13260 1000000 0.13
61 48 3 13261 1000000 0.13
62 49 3 13262 1000000 0.13
63 50 3 13263 1000000 0.13
0 52 3 13264 1000000 0.13
1 53 3 13265 1000000 0.13
2 54 3 13266 1000000 0.13
3 55 3 13267 1000000 0.13
4 56 3 13268 1000000 0.13
5 57 3 13269 1000000 0.13
6 58 3 13270 1000000 0.13
7 59 3 13271 1000000 0.13
8 60 3 13272 1000000 0.13
9 61 3 13273 1000000 0.13
10 62 3 13274 1000000 0.13
11 63 3 13275 1000000 0.13
12 0 3 13276 1000000 0.13
13 1 3 13277 1000000 0.13
14 2 3 13278 1000000 0.13
15 3 3 13279 1000000 0.13
16 4 3 13280 1000000 0.13
17 5 3 13281 1000000 0.13
18 6 3 13282 1000000 0.13
19 7 3 13283 1000000 0.13
20 8 3 13284 1000000 0.13
21 9 3 13285 1000000 0.13
22 10 3 13286 1000000 0.13
23 11 3 13287 1000000 0.13
24 12 3 13288 1000000 0.13
25 13 3 13289 1000000 0.13
26 14 3 13290 1000000 0.13
27 15 3 13291 1000000 0.13
28 16 3 13292 1000000 0.13
29 17 3 13293 1000000 0.13
30 18 3 13294 1000000 0.13
31 19 3 13295 1000000 0.13
32 20 3 13296 1000000 0.13
33 21 3 13297 1000000 0.13
34 22 3 13298 1000000 0.13
35 23 3 13299 1000000 0.13
36 24 3 13300 1000000 0.13
37 25 3 13301 1000000 0.13
38 26 3 13302 1000000 0.13
39 27 3 13303 1000000 0.13
40 28 3 13304 1000000 0.13
41 29 3 13305 1000000 0.13
42 30 3 13306 1000000 0.13
43 31 3 13307 1000000 0.13
44 32 3 13308 1000000 0.13
45 33 3 13309 1000000 0.13
46 34 3 13310 1000000 0.13
47 35 3 13311 1000000 0.13
48 36 3 13312 1000000 0.13
49 37 3 13313 1000000 0.13
50 38 3 13314 1000000 0.13
51 39 3 13315 1000000 0.13
52 40 3 13316 1000000 0.13
53 41 3 13317 1000000 0.13
54 42 3 13318 1000000 0.13
55 43 3 13319 1000000 0.13
56 44 3 13320 1000000 0.13
57 45 3 13321 1000000 0.13
58 46 3 13322 1000000 0.13
59 47 3 13323 1000000 0.13
60 48 3 13324 1000000 0.13
61 49 3 13325 1000000 0.13
62 50 3 13326 1000000 0.13
63 51 3 13327 1000000 0.13
0 53 3 13328 1000000 0.13
1 54 3 13329 1000000 0.13
2 55 3 13330 1000000 0.13
3 56 3 13331 1000000 0.13
4 57 3 13332 1000000 0.13
5 58 3 13333 1000000 0.13
6 59 3 13334 1000000 0.13
7 60 3 13335 1000000 0.13
8 61 3 13336 1000000 0.13
9 62 3 13337 1000000 0.13
10 63 3 13338 1000000 0.13
11 0 3 13339 1000000 0.13
12 1 3 13340 1000000 0.13
13 2 3 13341 1000000 0.13
14 3 3 13342 1000000 0.13
15 4 3 13343 1000000 0.13
16 5 3 13344 1000000 0.13
17 6 3 13345 1000000 0.13
18 7 3 13346 1000000 0.13
19 8 3 13347 1000000 0.13
20 9 3 13348 1000000 0.13
21 10 3 13349 1000000 0.13
22 11 3 13350 1000000 0.13
23 12 3 13351 1000000 0.13
24 13 3 13352 1000000 0.13
25 14 3 13353 1000000 0.13
26 15 3 13354 1000000 0.13
27 16 3 13355 1000000 0.13
28 17 3 13356 1000000 0.13
29 18 3 13357 1000000 0.13
30 19 3 13358 1000000 0.13
31 20 3 13359 1000000 0.13
32 21 3 13360 1000000 0.13
33 22 3 13361 1000000 0.13
34 23 3 13362 1000000 0.13
35 24 3 13363 1000000 0.13
36 25 3 13364 1000000 0.13
37 26 3 13365 1000000 0.13
38 27 3 13366 1000000 0.13
39 28 3 13367 1000000 0.13
40 29 3 13368 1000000 0.13
41 30 3 13369 1000000 0.13
42 31 3 13370 1000000 0.13
43 32 3 13371 1000000 0.13
44 33 3 13372 1000000 0.13
45 34 3 13373 1000000 0.13
46 35 3 13374 1000000 0.13
47 36 3 13375 1000000 0.13
48 37 3 13376 1000000 0.13
49 38 3 13377 1000000 0.13
50 39 3 13378 1000000 0.13
51 40 3 13379 1000000 0.13
52 41 3 13380 1000000 0.13
53 42 3 13381 1000000 0.13
54 43 3 13382 1000000 0.13
55 44 3 13383 1000000 0.13
56 45 3 13384 1000000 0.13
57 46 3 13385 1000000 0.13
58 47 3 13386 1000000 0.13
59 48 3 13387 1000000 0.13
60 49 3 13388 1000000 0.13
61 50 3 13389 1000000 0.13
62 51 3 13390 1000000 0.13
63 52 3 13391 1000000 0.13
0 54 3 13392 1000000 0.13
1 55 3 13393 1000000 0.13
2 56 3 13394 1000000 0.13
3 57 3 13395 1000000 0.13
4 58 3 13396 1000000 0.13
5 59 3 13397 1000000 0.13
6 60 3 13398 1000000 0.13
7 61 3 13399 1000000 0.13
8 62 3 13400 1000000 0.13
9 63 3 13401 1000000 0.13
10 0 3 13402 1000000 0.13
11 1 3 13403 1000000 0.13
12 2 3 13404 1000000 0.13
13 3 3 13405 1000000 0.13
14 4 3 13406 1000000 0.13
15 5 3 13407 1000000 0.13
16 6 3 13408 1000000 0.13
17 7 3 13409 1000000 0.13
18 8 3 13410 1000000 0.13
19 9 3 13411 1000000 0.13
20 10 3 13412 1000000 0.13
21 11 3 13413 1000000 0.13
22 12 3 13414 1000000 0.13
23 13 3 13415 1000000 0.13
24 14 3 13416 1000000 0.13
25 15 3 13417 1000000 0.13
26 16 3 13418 1000000 0.13
27 17 3 13419 1000000 0.13
28 18 3 13420 1000000 0.13
29 19 3 13421 1000000 0.13
30 20 3 13422 1000000 0.13
31 21 3 13423 1000000 0.13
32 22 3 13424 1000000 0.13
33 23 3 13425 1000000 0.13
34 24 3 13426 1000000 0.13
35 25 3 13427 1000000 0.13
36 26 3 13428 1000000 0.13
37 27 3 13429 1000000 0.13
38 28 3 13430 1000000 0.13
39 29 3 13431 1000000 0.13
40 30 3 13432 1000000 0.13
41 31 3 13433 1000000 0.13
42 32 3 13434 1000000 0.13
43 33 3 13435 1000000 0.13
44 34 3 13436 1000000 0.13
45 35 3 13437 1000000 0.13
46 36 3 13438 1000000 0.13
47 37 3 13439 1000000 0.13
48 38 3 13440 1000000 0.13
49 39 3 13441 1000000 0.13
50 40 3 13442 1000000 0.13
51 41 3 13443 1000000 0.13
52 42 3 13444 1000000 0.13
53 43 3 13445 1000000 0.13
54 44 3 13446 1000000 0.13
55 45 3 13447 1000000 0.13
56 46 3 13448 1000000 0.13
57 47 3 13449 1000000 0.13
58 48 3 13450 1000000 0.13
59 49 3 13451 1000000 0.13
60 50 3 13452 1000000 0.13
61 51 3 13453 1000000 0.13
62 52 3 13454 1000000 0.13
63 53 3 13455 1000000 0.13
0 55 3 13456 1000000 0.13
1 56 3 13457 1000000 0.13
2 57 3 13458 1000000 0.13
3 58 3 13459 1000000 0.13
4 59 3 13460 1000000 0.13
5 60 3 13461 1000000 0.13
6 61 3 13462 1000000 0.13
7 62 3 13463 1000000 0.13
8 63 3 13464 1000000 0.13
9 0 3 13465 1000000 0.13
10 1 3 13466 1000000 0.13
11 2 3 13467 1000000 0.13
12 3 3 13468 1000000 0.13
13 4 3 13469 1000000 0.13
14 5 3 13470 1000000 0.13
15 6 3 13471 1000000 0.13
16 7 3 13472 1000000 0.13
17 8 3 13473 1000000 0.13
18 9 3 13474 1000000 0.13
19 10 3 13475 1000000 0.13
20 11 3 13476 1000000 0.13
21 12 3 13477 1000000 0.13
22 13 3 13478 1000000 0.13
23 14 3 13479 1000000 0.13
24 15 3 13480 1000000 0.13
25 16 3 13481 1000000 0.13
26 17 3 13482 1000000 0.13
27 18 3 13483 1000000 0.13
28 19 3 13484 1000000 0.13
29 20 3 13485 1000000 0.13
30 21 3 13486 1000000 0.13
31 22 3 13487 1000000 0.13
32 23 3 13488 1000000 0.13
33 24 3 13489 1000000 0.13
34 25 3 13490 1000000 0.13
35 26 3 13491 1000000 0.13
36 27 3 13492 1000000 0.13
37 28 3 13493 1000000 0.13
38 29 3 13494 1000000 0.13
39 30 3 13495 1000000 0.13
40 31 3 13496 1000000 0.13
41 32 3 13497 1000000 0.13
42 33 3 13498 1000000 0.13
43 34 3 13499 1000000 0.13
44 35 3 13500 1000000 0.13
45 36 3 13501 1000000 0.13
46 37 3 13502 1000000 0.13
47 38 3 13503 1000000 0.13
48 39 3 13504 1000000 0.13
49 40 3 13505 1000000 0.13
50 41 3 13506 1000000 0.13
51 42 3 13507 1000000 0.13
52 43 3 13508 1000000 0.13
53 44 3 13509 1000000 0.13
54 45 3 13510 1000000 0.13
55 46 3 13511 1000000 0.13
56 47 3 13512 1000000 0.13
57 48 3 13513 1000000 0.13
58 49 3 13514 1000000 0.13
59 50 3 13515 1000000 0.13
60 51 3 13516 1000000 0.13
61 52 3 13517 1000000 0.13
62 53 3 13518 1000000 0.13
63 54 3 13519 1000000 0.13
0 56 3 13520 1000000 0.13
1 57 3 13521 1000000 0.13
2 58 3 13522 1000000 0.13
3 59 3 13523 1000000 0.13
4 60 3 13524 1000000 0.13
5 61 3 13525 1000000 0.13
6 62 3 13526 1000000 0.13
7 63 3 13527 1000000 0.13
8 0 3 13528 1000000 0.13
9 1 3 13529 1000000 0.13
10 2 3 13530 1000000 0.13
11 3 3 13531 1000000 0.13
12 4 3 13532 1000000 0.13
13 5 3 13533 1000000 0.13
14 6 3 13534 1000000 0.13
15 7 3 13535 1000000 0.13
16 8 3 13536 1000000 0.13
17 9 3 13537 1000000 0.13
18 10 3 13538 1000000 0.13
19 11 3 13539 1000000 0.13
20 12 3 13540 1000000 0.13
21 13 3 13541 1000000 0.13
22 14 3 13542 1000000 0.13
23 15 3 13543 1000000 0.13
24 16 3 13544 1000000 0.13
25 17 3 13545 1000000 0.13
26 18 3 13546 1000000 0.13
27 19 3 13547 1000000 0.13
28 20 3 13548 1000000 0.13
29 21 3 13549 1000000 0.13
30 22 3 13550 1000000 0.13
31 23 3 13551 1000000 0.13
32 24 3 13552 1000000 0.13
33 25 3 13553 1000000 0.13
34 26 3 13554 1000000 0.13
35 27 3 13555 1000000 0.13
36 28 3 13556 1000000 0.13
37 29 3 13557 1000000 0.13
38 30 3 13558 1000000 0.13
39 31 3 13559 1000000 0.13
40 32 3 13560 1000000 0.13
41 33 3 13561 1000000 0.13
42 34 3 13562 1000000 0.13
43 35 3 13563 1000000 0.13
44 36 3 13564 1000000 0.13
45 37 3 13565 1000000 0.13
46 38 3 13566 1000000 0.13
47 39 3 13567 1000000 0.13
48 40 3 13568 1000000 0.13
49 41 3 13569 1000000 0.13
50 42 3 13570 1000000 0.13
51 43 3 13571 1000000 0.13
52 44 3 13572 1000000 0.13
53 45 3 13573 1000000 0.13
54 46 3 13574 1000000 0.13
55 47 3 13575 1000000 0.13
56 48 3 13576 1000000 0.13
57 49 3 13577 1000000 0.13
58 50 3 13578 1000000 0.13
59 51 3 13579 1000000 0.13
60 52 3 13580 1000000 0.13
61 53 3 13581 1000000 0.13
62 54 3 13582 1000000 0.13
63 55 3 13583 1000000 0.13
0 57 3 13584 1000000 0.13
1 58 3 13585 1000000 0.13
2 59 3 13586 1000000 0.13
3 60 3 13587 1000000 0.13
4 61 3 13588 1000000 0.13
5 62 3 13589 1000000 0.13
6 63 3 13590 1000000 0.13
7 0 3 13591 1000000 0.13
8 1 3 13592 1000000 0.13
9 2 3 13593 1000000 0.13
10 3 3 13594 1000000 0.13
11 4 3 13595 1000000 0.13
12 5 3 13596 1000000 0.13
13 6 3 13597 1000000 0.13
14 7 3 13598 1000000 0.13
15 8 3 13599 1000000 0.13
16 9 3 13600 1000000 0.13
17 10 3 13601 1000000 0.13
18 11 3 13602 1000000 0.13
19 12 3 13603 1000000 0.13
20 13 3 13604 1000000 0.13
21 14 3 13605 1000000 0.13
22 15 3 13606 1000000 0.13
23 16 3 13607 1000000 0.13
24 17 3 13608 1000000 0.13
25 18 3 13609 1000000 0.13
26 19 3 13610 1000000 0.13
27 20 3 13611 1000000 0.13
28 21 3 13612 1000000 0.13
29 22 3 13613 1000000 0.13
30 23 3 13614 1000000 0.13
31 24 3 13615 1000000 0.13
32 25 3 13616 1000000 0.13
33 26 3 13617 1000000 0.13
34 27 3 13618 1000000 0.13
35 28 3 13619 1000000 0.13
36 29 3 13620 1000000 0.13
37 30 3 13621 1000000 0.13
38 31 3 13622 1000000 0.13
39 32 3 13623 1000000 0.13
40 33 3 13624 1000000 0.13
41 34 3 13625 1000000 0.13
42 35 3 13626 1000000 0.13
43 36 3 13627 1000000 0.13
44 37 3 13628 1000000 0.13
45 38 3 13629 1000000 0.13
46 39 3 13630 1000000 0.13
47 40 3 13631 1000000 0.13
48 41 3 13632 1000000 0.13
49 42 3 13633 1000000 0.13
50 43 3 13634 1000000 0.13
51 44 3 13635 1000000 0.13
52 45 3 13636 1000000 0.13
53 46 3 13637 1000000 0.13
54 47 3 13638 1000000 0.13
55 48 3 13639 1000000 0.13
56 49 3 13640 1000000 0.13
57 50 3 13641 1000000 0.13
58 51 3 13642 1000000 0.13
59 52 3 13643 1000000 0.13
60 53 3 13644 1000000 0.13
61 54 3 13645 1000000 0.13
62 55 3 13646 1000000 0.13
63 56 3 13647 1000000 0.13
0 58 3 13648 1000000 0.13
1 59 3 13649 1000000 0.13
2 60 3 13650 1000000 0.13
3 61 3 13651 1000000 0.13
4 62 3 13652 1000000 0.13
5 63 3 13653 1000000 0.13
6 0 3 13654 1000000 0.13
7 1 3 13655 1000000 0.13
8 2 3 13656 1000000 0.13
9 3 3 13657 1000000 0.13
10 4 3 13658 1000000 0.13
11 5 3 13659 1000000 0.13
12 6 3 13660 1000000 0.13
13 7 3 13661 1000000 0.13
14 8 3 13662 1000000 0.13
15 9 3 13663 1000000 0.13
16 10 3 13664 1000000 0.13
17 11 3 13665 1000000 0.13
18 12 3 13666 1000000 0.13
19 13 3 13667 1000000 0.13
20 14 3 13668 1000000 0.13
21 15 3 13669 1000000 0.13
22 16 3 13670 1000000 0.13
23 17 3 13671 1000000 0.13
24 18 3 13672 1000000 0.13
25 19 3 13673 1000000 0.13
26 20 3 13674 1000000 0.13
27 21 3 13675 1000000 0.13
28 22 3 13676 1000000 0.13
29 23 3 13677 1000000 0.13
30 24 3 13678 1000000 0.13
31 25 3 13679 1000000 0.13
32 26 3 13680 1000000 0.13
33 27 3 13681 1000000 0.13
34 28 3 13682 1000000 0.13
35 29 3 13683 1000000 0.13
36 30 3 13684 1000000 0.13
37 31 3 13685 1000000 0.13
38 32 3 13686 1000000 0.13
39 33 3 13687 1000000 0.13
40 34 3 13688 1000000 0.13
41 35 3 13689 1000000 0.13
42 36 3 13690 1000000 0.13
43 37 3 13691 1000000 0.13
44 38 3 13692 1000000 0.13
45 39 3 13693 1000000 0.13
46 40 3 13694 1000000 0.13
47 41 3 13695 1000000 0.13
48 42 3 13696 1000000 0.13
49 43 3 13697 1000000 0.13
50 44 3 13698 1000000 0.13
51 45 3 13699 1000000 0.13
52 46 3 13700 1000000 0.13
53 47 3 13701 1000000 0.13
54 48 3 13702 1000000 0.13
55 49 3 13703 1000000 0.13
56 50 3 13704 1000000 0.13
57 51 3 13705 1000000 0.13
58 52 3 13706 1000000 0.13
59 53 3 13707 1000000 0.13
60 54 3 13708 1000000 0.13
61 55 3 13709 1000000 0.13
62 56 3 13710 1000000 0.13
63 57 3 13711 1000000 0.13
0 59 3 13712 1000000 0.13
1 60 3 13713 1000000 0.13
2 61 3 13714 1000000 0.13
3 62 3 13715 1000000 0.13
4 63 3 13716 1000000 0.13
5 0 3 13717 1000000 0.13
6 1 3 13718 1000000 0.13
7 2 3 13719 1000000 0.13
8 3 3 13720 1000000 0.13
9 4 3 13721 1000000 0.13
10 5 3 13722 1000000 0.13
11 6 3 13723 1000000 0.13
12 7 3 13724 1000000 0.13
13 8 3 13725 1000000 0.13
14 9 3 13726 1000000 0.13
15 10 3 13727 1000000 0.13
16 11 3 13728 1000000 0.13
17 12 3 13729 1000000 0.13
18 13 3 13730 1000000 0.13
19 14 3 13731 1000000 0.13
20 15 3 13732 1000000 0.13
21 16 3 13733 1000000 0.13
22 17 3 13734 1000000 0.13
23 18 3 13735 1000000 0.13
24 19 3 13736 1000000 0.13
25 20 3 13737 1000000 0.13
26 21 3 13738 1000000 0.13
27 22 3 13739 1000000 0.13
28 23 3 13740 1000000 0.13
29 24 3 13741 1000000 0.13
30 25 3 13742 1000000 0.13
31 26 3 13743 1000000 0.13
32 27 3 13744 1000000 0.13
33 28 3 13745 1000000 0.13
34 29 3 13746 1000000 0.13
35 30 3 13747 1000000 0.13
36 31 3 13748 1000000 0.13
37 32 3 13749 1000000 0.13
38 33 3 13750 1000000 0.13
39 34 3 13751 1000000 0.13
40 35 3 13752 1000000 0.13
41 36 3 13753 1000000 0.13
42 37 3 13754 1000000 0.13
43 38 3 13755 1000000 0.13
44 39 3 13756 1000000 0.13
45 40 3 13757 1000000 0.13
46 41 3 13758 1000000 0.13
47 42 3 13759 1000000 0.13
48 43 3 13760 1000000 0.13
49 44 3 13761 1000000 0.13
50 45 3 13762 1000000 0.13
51 46 3 13763 1000000 0.13
52 47 3 13764 1000000 0.13
53 48 3 13765 1000000 0.13
54 49 3 13766 1000000 0.13
55 50 3 13767 1000000 0.13
56 51 3 13768 1000000 0.13
57 52 3 13769 1000000 0.13
58 53 3 13770 1000000 0.13
59 54 3 13771 1000000 0.13
60 55 3 13772 1000000 0.13
61 56 3 13773 1000000 0.13
62 57 3 13774 1000000 0.13
63 58 3 13775 1000000 0.13
0 60 3 13776 1000000 0.13
1 61 3 13777 1000000 0.13
2 62 3 13778 1000000 0.13
3 63 3 13779 1000000 0.13
4 0 3 13780 1000000 0.13
5 1 3 13781 1000000 0.13
6 2 3 13782 1000000 0.13
7 3 3 13783 1000000 0.13
8 4 3 13784 1000000 0.13
9 5 3 13785 1000000 0.13
10 6 3 13786 1000000 0.13
11 7 3 13787 1000000 0.13
12 8 3 13788 1000000 0.13
13 9 3 13789 1000000 0.13
14 10 3 13790 1000000 0.13
15 11 3 13791 1000000 0.13
16 12 3 13792 1000000 0.13
17 13 3 13793 1000000 0.13
18 14 3 13794 1000000 0.13
19 15 3 13795 1000000 0.13
20 16 3 13796 1000000 0.13
21 17 3 13797 1000000 0.13
22 18 3 13798 1000000 0.13
23 19 3 13799 1000000 0.13
24 20 3 13800 1000000 0.13
25 21 3 13801 1000000 0.13
26 22 3 13802 1000000 0.13
27 23 3 13803 1000000 0.13
28 24 3 13804 1000000 0.13
29 25 3 13805 1000000 0.13
30 26 3 13806 1000000 0.13
31 27 3 13807 1000000 0.13
32 28 3 13808 1000000 0.13
33 29 3 13809 1000000 0.13
34 30 3 13810 1000000 0.13
35 31 3 13811 1000000 0.13
36 32 3 13812 1000000 0.13
37 33 3 13813 1000000 0.13
38 34 3 13814 1000000 0.13
39 35 3 13815 1000000 0.13
40 36 3 13816 1000000 0.13
41 37 3 13817 1000000 0.13
42 38 3 13818 1000000 0.13
43 39 3 13819 1000000 0.13
44 40 3 13820 1000000 0.13
45 41 3 13821 1000000 0.13
46 42 3 13822 1000000 0.13
47 43 3 13823 1000000 0.13
48 44 3 13824 1000000 0.13
49 45 3 13825 1000000 0.13
50 46 3 13826 1000000 0.13
51 47 3 13827 1000000 0.13
52 48 3 13828 1000000 0.13
53 49 3 13829 1000000 0.13
54 50 3 13830 1000000 0.13
55 51 3 13831 1000000 0.13
56 52 3 13832 1000000 0.13
57 53 3 13833 1000000 0.13
58 54 3 13834 1000000 0.13
59 55 3 13835 1000000 0.13
60 56 3 13836 1000000 0.13
61 57 3 13837 1000000 0.13
62 58 3 13838 1000000 0.13
63 59 3 13839 1000000 0.13
0 61 3 13840 1000000 0.13
1 62 3 13841 1000000 0.13
2 63 3 13842 1000000 0.13
3 0 3 13843 1000000 0.13
4 1 3 13844 1000000 0.13
5 2 3 13845 1000000 0.13
6 3 3 13846 1000000 0.13
7 4 3 13847 1000000 0.13
8 5 3 13848 1000000 0.13
9 6 3 13849 1000000 0.13
10 7 3 13850 1000000 0.13
11 8 3 13851 1000000 0.13
12 9 3 13852 1000000 0.13
13 10 3 13853 1000000 0.13
14 11 3 13854 1000000 0.13
15 12 3 13855 1000000 0.13
16 13 3 13856 1000000 0.13
17 14 3 13857 1000000 0.13
18 15 3 13858 1000000 0.13
19 16 3 13859 1000000 0.13
20 17 3 13860 1000000 0.13
21 18 3 13861 1000000 0.13
22 19 3 13862 1000000 0.13
23 20 3 13863 1000000 0.13
24 21 3 13864 1000000 0.13
25 22 3 13865 1000000 0.13
26 23 3 13866 1000000 0.13
27 24 3 13867 1000000 0.13
28 25 3 13868 1000000 0.13
29 26 3 13869 1000000 0.13
30 27 3 13870 1000000 0.13
31 28 3 13871 1000000 0.13
32 29 3 13872 1000000 0.13
33 30 3 13873 1000000 0.13
34 31 3 13874 1000000 0.13
35 32 3 13875 1000000 0.13
36 33 3 13876 1000000 0.13
37 34 3 13877 1000000 0.13
38 35 3 13878 1000000 0.13
39 36 3 13879 1000000 0.13
40 37 3 13880 1000000 0.13
41 38 3 13881 1000000 0.13
42 39 3 13882 1000000 0.13
43 40 3 13883 1000000 0.13
44 41 3 13884 1000000 0.13
45 42 3 13885 1000000 0.13
46 43 3 13886 1000000 0.13
47 44 3 13887 1000000 0.13
48 45 3 13888 1000000 0.13
49 46 3 13889 1000000 0.13
50 47 3 13890 1000000 0.13
51 48 3 13891 1000000 0.13
52 49 3 13892 1000000 0.13
53 50 3 13893 1000000 0.13
54 51 3 13894 1000000 0.13
55 52 3 13895 1000000 0.13
56 53 3 13896 1000000 0.13
57 54 3 13897 1000000 0.13
58 55 3 13898 1000000 0.13
59 56 3 13899 1000000 0.13
60 57 3 13900 1000000 0.13
61 58 3 13901 1000000 0.13
62 59 3 13902 1000000 0.13
63 60 3 13903 1000000 0.13
0 62 3 13904 1000000 0.13
1 63 3 13905 1000000 0.13
2 0 3 13906 1000000 0.13
3 1 3 13907 1000000 0.13
4 2 3 13908 1000000 0.13
5 3 3 13909 1000000 0.13
6 4 3 13910 1000000 0.13
7 5 3 13911 1000000 0.13
8 6 3 13912 1000000 0.13
9 7 3 13913 1000000 0.13
10 8 3 13914 1000000 0.13
11 9 3 13915 1000000 0.13
12 10 3 13916 1000000 0.13
13 11 3 13917 1000000 0.13
14 12 3 13918 1000000 0.13
15 13 3 13919 1000000 0.13
16 14 3 13920 1000000 0.13
17 15 3 13921 1000000 0.13
18 16 3 13922 1000000 0.13
19 17 3 13923 1000000 0.13
20 18 3 13924 1000000 0.13
21 19 3 13925 1000000 0.13
22 20 3 13926 1000000 0.13
23 21 3 13927 1000000 0.13
24 22 3 13928 1000000 0.13
25 23 3 13929 1000000 0.13
26 24 3 13930 1000000 0.13
27 25 3 13931 1000000 0.13
28 26 3 13932 1000000 0.13
29 27 3 13933 1000000 0.13
30 28 3 13934 1000000 0.13
31 29 3 13935 1000000 0.13
32 30 3 13936 1000000 0.13
33 31 3 13937 1000000 0.13
34 32 3 13938 1000000 0.13
35 33 3 13939 1000000 0.13
36 34 3 13940 1000000 0.13
37 35 3 13941 1000000 0.13
38 36 3 13942 1000000 0.13
39 37 3 13943 1000000 0.13
40 38 3 13944 1000000 0.13
41 39 3 13945 1000000 0.13
42 40 3 13946 1000000 0.13
43 41 3 13947 1000000 0.13
44 42 3 13948 1000000 0.13
45 43 3 13949 1000000 0.13
46 44 3 13950 1000000 0.13
47 45 3 13951 1000000 0.13
48 46 3 13952 1000000 0.13
49 47 3 13953 1000000 0.13
50 48 3 13954 1000000 0.13
51 49 3 13955 1000000 0.13
52 50 3 13956 1000000 0.13
53 51 3 13957 1000000 0.13
54 52 3 13958 1000000 0.13
55 53 3 13959 1000000 0.13
56 54 3 13960 1000000 0.13
57 55 3 13961 1000000 0.13
58 56 3 13962 1000000 0.13
59 57 3 13963 1000000 0.13
60 58 3 13964 1000000 0.13
61 59 3 13965 1000000 0.13
62 60 3 13966 1000000 0.13
63 61 3 13967 1000000 0.13
0 63 3 13968 1000000 0.13
1 0 3 13969 1000000 0.13
2 1 3 13970 1000000 0.13
3 2 3 13971 1000000 0.13
4 3 3 13972 1000000 0.13
5 4 3 13973 1000000 0.13
6 5 3 13974 1000000 0.13
7 6 3 13975 1000000 0.13
8 7 3 13976 1000000 0.13
9 8 3 13977 1000000 0.13
10 9 3 13978 1000000 0.13
11 10 3 13979 1000000 0.13
12 11 3 13980 1000000 0.13
13 12 3 13981 1000000 0.13
14 13 3 13982 1000000 0.13
15 14 3 13983 1000000 0.13
16 15 3 13984 1000000 0.13
17 16 3 13985 1000000 0.13
18 17 3 13986 1000000 0.13
19 18 3 13987 1000000 0.13
20 19 3 13988 1000000 0.13
21 20 3 13989 1000000 0.13
22 21 3 13990 1000000 0.13
23 22 3 13991 1000000 0.13
24 23 3 13992 1000000 0.13
25 24 3 13993 1000000 0.13
26 25 3 13994 1000000 0.13
27 26 3 13995 1000000 0.13
28 27 3 13996 1000000 0.13
29 28 3 13997 1000000 0.13
30 29 3 13998 1000000 0.13
31 30 3 13999 1000000 0.13
32 31 3 14000 1000000 0.13
33 32 3 14001 1000000 0.13
34 33 3 14002 1000000 0.13
35 34 3 14003 1000000 0.13
36 35 3 14004 1000000 0.13
37 36 3 14005 1000000 0.13
38 37 3 14006 1000000 0.13
39 38 3 14007 1000000 0.13
40 39 3 14008 1000000 0.13
41 40 3 14009 1000000 0.13
42 41 3 14010 1000000 0.13
43 42 3 14011 1000000 0.13
44 43 3 14012 1000000 0.13
45 44 3 14013 1000000 0.13
46 45 3 14014 1000000 0.13
47 46 3 14015 1000000 0.13
48 47 3 14016 1000000 0.13
49 48 3 14017 1000000 0.13
50 49 3 14018 1000000 0.13
51 50 3 14019 1000000 0.13
52 51 3 14020 1000000 0.13
53 52 3 14021 1000000 0.13
54 53 3 14022 1000000 0.13
55 54 3 14023 1000000 0.13
56 55 3 14024 1000000 0.13
57 56 3 14025 1000000 0.13
58 57 3 14026 1000000 0.13
59 58 3 14027 1000000 0.13
60 59 3 14028 1000000 0.13
61 60 3 14029 1000000 0.13
62 61 3 14030 1000000 0.13
63 62 3 14031 1000000 0.13
0 1 3 14032 1000000 0.13
1 2 3 14033 1000000 0.13
2 3 3 14034 1000000 0.13
3 4 3 14035 1000000 0.13
4 5 3 14036 1000000 0.13
5 6 3 14037 1000000 0.13
6 7 3 14038 1000000 0.13
7 8 3 14039 1000000 0.13
8 9 3 14040 1000000 0.13
9 10 3 14041 1000000 0.13
10 11 3 14042 1000000 0.13
11 12 3 14043 1000000 0.13
12 13 3 14044 1000000 0.13
13 14 3 14045 1000000 0.13
14 15 3 14046 1000000 0.13
15 16 3 14047 1000000 0.13
16 17 3 14048 1000000 0.13
17 18 3 14049 1000000 0.13
18 19 3 14050 1000000 0.13
19 20 3 14051 1000000 0.13
20 21 3 14052 1000000 0.13
21 22 3 14053 1000000 0.13
22 23 3 14054 1000000 0.13
23 24 3 14055 1000000 0.13
24 25 3 14056 1000000 0.13
25 26 3 14057 1000000 0.13
26 27 3 14058 1000000 0.13
27 28 3 14059 1000000 0.13
28 29 3 14060 1000000 0.13
29 30 3 14061 1000000 0.13
30 31 3 14062 1000000 0.13
31 32 3 14063 1000000 0.13
32 33 3 14064 1000000 0.13
33 34 3 14065 1000000 0.13
34 35 3 14066 1000000 0.13
35 36 3 14067 1000000 0.13
36 37 3 14068 1000000 0.13
37 38 3 14069 1000000 0.13
38 39 3 14070 1000000 0.13
39 40 3 14071 1000000 0.13
40 41 3 14072 1000000 0.13
41 42 3 14073 1000000 0.13
42 43 3 14074 1000000 0.13
43 44 3 14075 1000000 0.13
44 45 3 14076 1000000 0.13
45 46 3 14077 1000000 0.13
46 47 3 14078 1000000 0.13
47 48 3 14079 1000000 0.13
48 49 3 14080 1000000 0.13
49 50 3 14081 1000000 0.13
50 51 3 14082 1000000 0.13
51 52 3 14083 1000000 0.13
52 53 3 14084 1000000 0.13
53 54 3 14085 1000000 0.13
54 55 3 14086 1000000 0.13
55 56 3 14087 1000000 0.13
56 57 3 14088 1000000 0.13
57 58 3 14089 1000000 0.13
58 59 3 14090 1000000 0.13
59 60 3 14091 1000000 0.13
60 61 3 14092 1000000 0.13
61 62 3 14093 1000000 0.13
62 63 3 14094 1000000 0.13
63 0 3 14095 1000000 0.13
0 1 3 14096 1000000 0.13
1 2 3 14097 1000000 0.13
2 3 3 14098 1000000 0.13
3 4 3 14099 1000000 0.13
4 5 3 14100 1000000 0.13
5 6 3 14101 1000000 0.13
6 7 3 14102 1000000 0.13
7 8 3 14103 1000000 0.13
8 9 3 14104 1000000 0.13
9 10 3 14105 1000000 0.13
10 11 3 14106 1000000 0.13
11 12 3 14107 1000000 0.13
12 13 3 14108 1000000 0.13
13 14 3 14109 1000000 0.13
14 15 3 14110 1000000 0.13
15 16 3 14111 1000000 0.13
16 17 3 14112 1000000 0.13
17 18 3 14113 1000000 0.13
18 19 3 14114 1000000 0.13
19 20 3 14115 1000000 0.13
20 21 3 14116 1000000 0.13
21 22 3 14117 1000000 0.13
22 23 3 14118 1000000 0.13
23 24 3 14119 1000000 0.13
24 25 3 14120 1000000 0.13
25 26 3 14121 1000000 0.13
26 27 3 14122 1000000 0.13
27 28 3 14123 1000000 0.13
28 29 3 14124 1000000 0.13
29 30 3 14125 1000000 0.13
30 31 3 14126 1000000 0.13
31 32 3 14127 1000000 0.13
32 33 3 14128 1000000 0.13
33 34 3 14129 1000000 0.13
34 35 3 14130 1000000 0.13
35 36 3 14131 1000000 0.13
36 37 3 14132 1000000 0.13
37 38 3 14133 1000000 0.13
38 39 3 14134 1000000 0.13
39 40 3 14135 1000000 0.13
40 41 3 14136 1000000 0.13
41 42 3 14137 1000000 0.13
42 43 3 14138 1000000 0.13
43 44 3 14139 1000000 0.13
44 45 3 14140 1000000 0.13
45 46 3 14141 1000000 0.13
46 47 3 14142 1000000 0.13
47 48 3 14143 1000000 0.13
48 49 3 14144 1000000 0.13
49 50 3 14145 1000000 0.13
50 51 3 14146 1000000 0.13
51 52 3 14147 1000000 0.13
52 53 3 14148 1000000 0.13
53 54 3 14149 1000000 0.13
54 55 3 14150 1000000 0.13
55 56 3 14151 1000000 0.13
56 57 3 14152 1000000 0.13
57 58 3 14153 1000000 0.13
58 59 3 14154 1000000 0.13
59 60 3 14155 1000000 0.13
60 61 3 14156 1000000 0.13
61 62 3 14157 1000000 0.13
62 63 3 14158 1000000 0.13
63 0 3 14159 1000000 0.13
0 2 3 14160 1000000 0.13
1 3 3 14161 1000000 0.13
2 4 3 14162 1000000 0.13
3 5 3 14163 1000000 0.13
4 6 3 14164 1000000 0.13
5 7 3 14165 1000000 0.13
6 8 3 14166 1000000 0.13
7 9 3 14167 1000000 0.13
8 10 3 14168 1000000 0.13
9 11 3 14169 1000000 0.13
10 12 3 14170 1000000 0.13
11 13 3 14171 1000000 0.13
12 14 3 14172 1000000 0.13
13 15 3 14173 1000000 0.13
14 16 3 14174 1000000 0.13
15 17 3 14175 1000000 0.13
16 18 3 14176 1000000 0.13
17 19 3 14177 1000000 0.13
18 20 3 14178 1000000 0.13
19 21 3 14179 1000000 0.13
20 22 3 14180 1000000 0.13
21 23 3 14181 1000000 0.13
22 24 3 14182 1000000 0.13
23 25 3 14183 1000000 0.13
24 26 3 14184 1000000 0.13
25 27 3 14185 1000000 0.13
26 28 3 14186 1000000 0.13
27 29 3 14187 1000000 0.13
28 30 3 14188 1000000 0.13
29 31 3 14189 1000000 0.13
30 32 3 14190 1000000 0.13
31 33 3 14191 1000000 0.13
32 34 3 14192 1000000 0.13
33 35 3 14193 1000000 0.13
34 36 3 14194 1000000 0.13
35 37 3 14195 1000000 0.13
36 38 3 14196 1000000 0.13
37 39 3 14197 1000000 0.13
38 40 3 14198 1000000 0.13
39 41 3 14199 1000000 0.13
40 42 3 14200 1000000 0.13
41 43 3 14201 1000000 0.13
42 44 3 14202 1000000 0.13
43 45 3 14203 1000000 0.13
44 46 3 14204 1000000 0.13
45 47 3 14205 1000000 0.13
46 48 3 14206 1000000 0.13
47 49 3 14207 1000000 0.13
48 50 3 14208 1000000 0.13
49 51 3 14209 1000000 0.13
50 52 3 14210 1000000 0.13
51 53 3 14211 1000000 0.13
52 54 3 14212 1000000 0.13
53 55 3 14213 1000000 0.13
54 56 3 14214 1000000 0.13
55 57 3 14215 1000000 0.13
56 58 3 14216 1000000 0.13
57 59 3 14217 1000000 0.13
58 60 3 14218 1000000 0.13
59 61 3 14219 1000000 0.13
60 62 3 14220 1000000 0.13
61 63 3 14221 1000000 0.13
62 0 3 14222 1000000 0.13
63 1 3 14223 1000000 0.13
0 3 3 14224 1000000 0.13
1 4 3 14225 1000000 0.13
2 5 3 14226 1000000 0.13
3 6 3 14227 1000000 0.13
4 7 3 14228 1000000 0.13
5 8 3 14229 1000000 0.13
6 9 3 14230 1000000 0.13
7 10 3 14231 1000000 0.13
8 11 3 14232 1000000 0.13
9 12 3 14233 1000000 0.13
10 13 3 14234 1000000 0.13
11 14 3 14235 1000000 0.13
12 15 3 14236 1000000 0.13
13 16 3 14237 1000000 0.13
14 17 3 14238 1000000 0.13
15 18 3 14239 1000000 0.13
16 19 3 14240 1000000 0.13
17 20 3 14241 1000000 0.13
18 21 3 14242 1000000 0.13
19 22 3 14243 1000000 0.13
20 23 3 14244 1000000 0.13
21 24 3 14245 1000000 0.13
22 25 3 14246 1000000 0.13
23 26 3 14247 1000000 0.13
24 27 3 14248 1000000 0.13
25 28 3 14249 1000000 0.13
26 29 3 14250 1000000 0.13
27 30 3 14251 1000000 0.13
28 31 3 14252 1000000 0.13
29 32 3 14253 1000000 0.13
30 33 3 14254 1000000 0.13
31 34 3 14255 1000000 0.13
32 35 3 14256 1000000 0.13
33 36 3 14257 1000000 0.13
34 37 3 14258 1000000 0.13
35 38 3 14259 1000000 0.13
36 39 3 14260 1000000 0.13
37 40 3 14261 1000000 0.13
38 41 3 14262 1000000 0.13
39 42 3 14263 1000000 0.13
40 43 3 14264 1000000 0.13
41 44 3 14265 1000000 0.13
42 45 3 14266 1000000 0.13
43 46 3 14267 1000000 0.13
44 47 3 14268 1000000 0.13
45 48 3 14269 1000000 0.13
46 49 3 14270 1000000 0.13
47 50 3 14271 1000000 0.13
48 51 3 14272 1000000 0.13
49 52 3 14273 1000000 0.13
50 53 3 14274 1000000 0.13
51 54 3 14275 1000000 0.13
52 55 3 14276 1000000 0.13
53 56 3 14277 1000000 0.13
54 57 3 14278 1000000 0.13
55 58 3 14279 1000000 0.13
56 59 3 14280 1000000 0.13
57 60 3 14281 1000000 0.13
58 61 3 14282 1000000 0.13
59 62 3 14283 1000000 0.13
60 63 3 14284 1000000 0.13
61 0 3 14285 1000000 0.13
62 1 3 14286 1000000 0.13
63 2 3 14287 1000000 0.13
0 4 3 14288 1000000 0.13
1 5 3 14289 1000000 0.13
2 6 3 14290 1000000 0.13
3 7 3 14291 1000000 0.13
4 8 3 14292 1000000 0.13
5 9 3 14293 1000000 0.13
6 10 3 14294 1000000 0.13
7 11 3 14295 1000000 0.13
8 12 3 14296 1000000 0.13
9 13 3 14297 1000000 0.13
10 14 3 14298 1000000 0.13
11 15 3 14299 1000000 0.13
12 16 3 14300 1000000 0.13
13 17 3 14301 1000000 0.13
14 18 3 14302 1000000 0.13
15 19 3 14303 1000000 0.13
16 20 3 14304 1000000 0.13
17 21 3 14305 1000000 0.13
18 22 3 14306 1000000 0.13
19 23 3 14307 1000000 0.13
20 24 3 14308 1000000 0.13
21 25 3 14309 1000000 0.13
22 26 3 14310 1000000 0.13
23 27 3 14311 1000000 0.13
24 28 3 14312 1000000 0.13
25 29 3 14313 1000000 0.13
26 30 3 14314 1000000 0.13
27 31 3 14315 1000000 0.13
28 32 3 14316 1000000 0.13
29 33 3 14317 1000000 0.13
30 34 3 14318 1000000 0.13
31 35 3 14319 1000000 0.13
32 36 3 14320 1000000 0.13
33 37 3 14321 1000000 0.13
34 38 3 14322 1000000 0.13
35 39 3 14323 1000000 0.13
36 40 3 14324 1000000 0.13
37 41 3 14325 1000000 0.13
38 42 3 14326 1000000 0.13
39 43 3 14327 1000000 0.13
40 44 3 14328 1000000 0.13
41 45 3 14329 1000000 0.13
42 46 3 14330 1000000 0.13
43 47 3 14331 1000000 0.13
44 48 3 14332 1000000 0.13
45 49 3 14333 1000000 0.13
46 50 3 14334 1000000 0.13
47 51 3 14335 1000000 0.13
48 52 3 14336 1000000 0.13
49 53 3 14337 1000000 0.13
50 54 3 14338 1000000 0.13
51 55 3 14339 1000000 0.13
52 56 3 14340 1000000 0.13
53 57 3 14341 1000000 0.13
54 58 3 14342 1000000 0.13
55 59 3 14343 1000000 0.13
56 60 3 14344 1000000 0.13
57 61 3 14345 1000000 0.13
58 62 3 14346 1000000 0.13
59 63 3 14347 1000000 0.13
60 0 3 14348 1000000 0.13
61 1 3 14349 1000000 0.13
62 2 3 14350 1000000 0.13
63 3 3 14351 1000000 0.13
0 5 3 14352 1000000 0.13
1 6 3 14353 1000000 0.13
2 7 3 14354 1000000 0.13
3 8 3 14355 1000000 0.13
4 9 3 14356 1000000 0.13
5 10 3 14357 1000000 0.13
6 11 3 14358 1000000 0.13
7 12 3 14359 1000000 0.13
8 13 3 14360 1000000 0.13
9 14 3 14361 1000000 0.13
10 15 3 14362 1000000 0.13
11 16 3 14363 1000000 0.13
12 17 3 14364 1000000 0.13
13 18 3 14365 1000000 0.13
14 19 3 14366 1000000 0.13
15 20 3 14367 1000000 0.13
16 21 3 14368 1000000 0.13
17 22 3 14369 1000000 0.13
18 23 3 14370 1000000 0.13
19 24 3 14371 1000000 0.13
20 25 3 14372 1000000 0.13
21 26 3 14373 1000000 0.13
22 27 3 14374 1000000 0.13
23 28 3 14375 1000000 0.13
24 29 3 14376 1000000 0.13
25 30 3 14377 1000000 0.13
26 31 3 14378 1000000 0.13
27 32 3 14379 1000000 0.13
28 33 3 14380 1000000 0.13
29 34 3 14381 1000000 0.13
30 35 3 14382 1000000 0.13
31 36 3 14383 1000000 0.13
32 37 3 14384 1000000 0.13
33 38 3 14385 1000000 0.13
34 39 3 14386 1000000 0.13
35 40 3 14387 1000000 0.13
36 41 3 14388 1000000 0.13
37 42 3 14389 1000000 0.13
38 43 3 14390 1000000 0.13
39 44 3 14391 1000000 0.13
40 45 3 14392 1000000 0.13
41 46 3 14393 1000000 0.13
42 47 3 14394 1000000 0.13
43 48 3 14395 1000000 0.13
44 49 3 14396 1000000 0.13
45 50 3 14397 1000000 0.13
46 51 3 14398 1000000 0.13
47 52 3 14399 1000000 0.13
48 53 3 14400 1000000 0.13
49 54 3 14401 1000000 0.13
50 55 3 14402 1000000 0.13
51 56 3 14403 1000000 0.13
52 57 3 14404 1000000 0.13
53 58 3 14405 1000000 0.13
54 59 3 14406 1000000 0.13
55 60 3 14407 1000000 0.13
56 61 3 14408 1000000 0.13
57 62 3 14409 1000000 0.13
58 63 3 14410 1000000 0.13
59 0 3 14411 1000000 0.13
60 1 3 14412 1000000 0.13
61 2 3 14413 1000000 0.13
62 3 3 14414 1000000 0.13
63 4 3 14415 1000000 0.13
0 6 3 14416 1000000 0.13
1 7 3 14417 1000000 0.13
2 8 3 14418 1000000 0.13
3 9 3 14419 1000000 0.13
4 10 3 14420 1000000 0.13
5 11 3 14421 1000000 0.13
6 12 3 14422 1000000 0.13
7 13 3 14423 1000000 0.13
8 14 3 14424 1000000 0.13
9 15 3 14425 1000000 0.13
10 16 3 14426 1000000 0.13
11 17 3 14427 1000000 0.13
12 18 3 14428 1000000 0.13
13 19 3 14429 1000000 0.13
14 20 3 14430 1000000 0.13
15 21 3 14431 1000000 0.13
16 22 3 14432 1000000 0.13
17 23 3 14433 1000000 0.13
18 24 3 14434 1000000 0.13
19 25 3 14435 1000000 0.13
20 26 3 14436 1000000 0.13
21 27 3 14437 1000000 0.13
22 28 3 14438 1000000 0.13
23 29 3 14439 1000000 0.13
24 30 3 14440 1000000 0.13
25 31 3 14441 1000000 0.13
26 32 3 14442 1000000 0.13
27 33 3 14443 1000000 0.13
28 34 3 14444 1000000 0.13
29 35 3 14445 1000000 0.13
30 36 3 14446 1000000 0.13
31 37 3 14447 1000000 0.13
32 38 3 14448 1000000 0.13
33 39 3 14449 1000000 0.13
34 40 3 14450 1000000 0.13
35 41 3 14451 1000000 0.13
36 42 3 14452 1000000 0.13
37 43 3 14453 1000000 0.13
38 44 3 14454 1000000 0.13
39 45 3 14455 1000000 0.13
40 46 3 14456 1000000 0.13
41 47 3 14457 1000000 0.13
42 48 3 14458 1000000 0.13
43 49 3 14459 1000000 0.13
44 50 3 14460 1000000 0.13
45 51 3 14461 1000000 0.13
46 52 3 14462 1000000 0.13
47 53 3 14463 1000000 0.13
48 54 3 14464 1000000 0.13
49 55 3 14465 1000000 0.13
50 56 3 14466 1000000 0.13
51 57 3 14467 1000000 0.13
52 58 3 14468 1000000 0.13
53 59 3 14469 1000000 0.13
54 60 3 14470 1000000 0.13
55 61 3 14471 1000000 0.13
56 62 3 14472 1000000 0.13
57 63 3 14473 1000000 0.13
58 0 3 14474 1000000 0.13
59 1 3 14475 1000000 0.13
60 2 3 14476 1000000 0.13
61 3 3 14477 1000000 0.13
62 4 3 14478 1000000 0.13
63 5 3 14479 1000000 0.13
0 7 3 14480 1000000 0.13
1 8 3 14481 1000000 0.13
2 9 3 14482 1000000 0.13
3 10 3 14483 1000000 0.13
4 11 3 14484 1000000 0.13
5 12 3 14485 1000000 0.13
6 13 3 14486 1000000 0.13
7 14 3 14487 1000000 0.13
8 15 3 14488 1000000 0.13
9 16 3 14489 1000000 0.13
10 17 3 14490 1000000 0.13
11 18 3 14491 1000000 0.13
12 19 3 14492 1000000 0.13
13 20 3 14493 1000000 0.13
14 21 3 14494 1000000 0.13
15 22 3 14495 1000000 0.13
16 23 3 14496 1000000 0.13
17 24 3 14497 1000000 0.13
18 25 3 14498 1000000 0.13
19 26 3 14499 1000000 0.13
20 27 3 14500 1000000 0.13
21 28 3 14501 1000000 0.13
22 29 3 14502 1000000 0.13
23 30 3 14503 1000000 0.13
24 31 3 14504 1000000 0.13
25 32 3 14505 1000000 0.13
26 33 3 14506 1000000 0.13
27 34 3 14507 1000000 0.13
28 35 3 14508 1000000 0.13
29 36 3 14509 1000000 0.13
30 37 3 14510 1000000 0.13
31 38 3 14511 1000000 0.13
32 39 3 14512 1000000 0.13
33 40 3 14513 1000000 0.13
34 41 3 14514 1000000 0.13
35 42 3 14515 1000000 0.13
36 43 3 14516 1000000 0.13
37 44 3 14517 1000000 0.13
38 45 3 14518 1000000 0.13
39 46 3 14519 1000000 0.13
40 47 3 14520 1000000 0.13
41 48 3 14521 1000000 0.13
42 49 3 14522 1000000 0.13
43 50 3 14523 1000000 0.13
44 51 3 14524 1000000 0.13
45 52 3 14525 1000000 0.13
46 53 3 14526 1000000 0.13
47 54 3 14527 1000000 0.13
48 55 3 14528 1000000 0.13
49 56 3 14529 1000000 0.13
50 57 3 14530 1000000 0.13
51 58 3 14531 1000000 0.13
52 59 3 14532 1000000 0.13
53 60 3 14533 1000000 0.13
54 61 3 14534 1000000 0.13
55 62 3 14535 1000000 0.13
56 63 3 14536 1000000 0.13
57 0 3 14537 1000000 0.13
58 1 3 14538 1000000 0.13
59 2 3 14539 1000000 0.13
60 3 3 14540 1000000 0.13
61 4 3 14541 1000000 0.13
62 5 3 14542 1000000 0.13
63 6 3 14543 1000000 0.13
0 8 3 14544 1000000 0.13
1 9 3 14545 1000000 0.13
2 10 3 14546 1000000 0.13
3 11 3 14547 1000000 0.13
4 12 3 14548 1000000 0.13
5 13 3 14549 1000000 0.13
6 14 3 14550 1000000 0.13
7 15 3 14551 1000000 0.13
8 16 3 14552 1000000 0.13
9 17 3 14553 1000000 0.13
10 18 3 14554 1000000 0.13
11 19 3 14555 1000000 0.13
12 20 3 14556 1000000 0.13
13 21 3 14557 1000000 0.13
14 22 3 14558 1000000 0.13
15 23 3 14559 1000000 0.13
16 24 3 14560 1000000 0.13
17 25 3 14561 1000000 0.13
18 26 3 14562 1000000 0.13
19 27 3 14563 1000000 0.13
20 28 3 14564 1000000 0.13
21 29 3 14565 1000000 0.13
22 30 3 14566 1000000 0.13
23 31 3 14567 1000000 0.13
24 32 3 14568 1000000 0.13
25 33 3 14569 1000000 0.13
26 34 3 14570 1000000 0.13
27 35 3 14571 1000000 0.13
28 36 3 14572 1000000 0.13
29 37 3 14573 1000000 0.13
30 38 3 14574 1000000 0.13
31 39 3 14575 1000000 0.13
32 40 3 14576 1000000 0.13
33 41 3 14577 1000000 0.13
34 42 3 14578 1000000 0.13
35 43 3 14579 1000000 0.13
36 44 3 14580 1000000 0.13
37 45 3 14581 1000000 0.13
38 46 3 14582 1000000 0.13
39 47 3 14583 1000000 0.13
40 48 3 14584 1000000 0.13
41 49 3 14585 1000000 0.13
42 50 3 14586 1000000 0.13
43 51 3 14587 1000000 0.13
44 52 3 14588 1000000 0.13
45 53 3 14589 1000000 0.13
46 54 3 14590 1000000 0.13
47 55 3 14591 1000000 0.13
48 56 3 14592 1000000 0.13
49 57 3 14593 1000000 0.13
50 58 3 14594 1000000 0.13
51 59 3 14595 1000000 0.13
52 60 3 14596 1000000 0.13
53 61 3 14597 1000000 0.13
54 62 3 14598 1000000 0.13
55 63 3 14599 1000000 0.13
56 0 3 14600 1000000 0.13
57 1 3 14601 1000000 0.13
58 2 3 14602 1000000 0.13
59 3 3 14603 1000000 0.13
60 4 3 14604 1000000 0.13
61 5 3 14605 1000000 0.13
62 6 3 14606 1000000 0.13
63 7 3 14607 1000000 0.13
0 9 3 14608 1000000 0.13
1 10 3 14609 1000000 0.13
2 11 3 14610 1000000 0.13
3 12 3 14611 1000000 0.13
4 13 3 14612 1000000 0.13
5 14 3 14613 1000000 0.13
6 15 3 14614 1000000 0.13
7 16 3 14615 1000000 0.13
8 17 3 14616 1000000 0.13
9 18 3 14617 1000000 0.13
10 19 3 14618 1000000 0.13
11 20 3 14619 1000000 0.13
12 21 3 14620 1000000 0.13
13 22 3 14621 1000000 0.13
14 23 3 14622 1000000 0.13
15 24 3 14623 1000000 0.13
16 25 3 14624 1000000 0.13
17 26 3 14625 1000000 0.13
18 27 3 14626 1000000 0.13
19 28 3 14627 1000000 0.13
20 29 3 14628 1000000 0.13
21 30 3 14629 1000000 0.13
22 31 3 14630 1000000 0.13
23 32 3 14631 1000000 0.13
24 33 3 14632 1000000 0.13
25 34 3 14633 1000000 0.13
26 35 3 14634 1000000 0.13
27 36 3 14635 1000000 0.13
28 37 3 14636 1000000 0.13
29 38 3 14637 1000000 0.13
30 39 3 14638 1000000 0.13
31 40 3 14639 1000000 0.13
32 41 3 14640 1000000 0.13
33 42 3 14641 1000000 0.13
34 43 3 14642 1000000 0.13
35 44 3 14643 1000000 0.13
36 45 3 14644 1000000 0.13
37 46 3 14645 1000000 0.13
38 47 3 14646 1000000 0.13
39 48 3 14647 1000000 0.13
40 49 3 14648 1000000 0.13
41 50 3 14649 1000000 0.13
42 51 3 14650 1000000 0.13
43 52 3 14651 1000000 0.13
44 53 3 14652 1000000 0.13
45 54 3 14653 1000000 0.13
46 55 3 14654 1000000 0.13
47 56 3 14655 1000000 0.13
48 57 3 14656 1000000 0.13
49 58 3 14657 1000000 0.13
50 59 3 14658 1000000 0.13
51 60 3 14659 1000000 0.13
52 61 3 14660 1000000 0.13
53 62 3 14661 1000000 0.13
54 63 3 14662 1000000 0.13
55 0 3 14663 1000000 0.13
56 1 3 14664 1000000 0.13
57 2 3 14665 1000000 0.13
58 3 3 14666 1000000 0.13
59 4 3 14667 1000000 0.13
60 5 3 14668 1000000 0.13
61 6 3 14669 1000000 0.13
62 7 3 14670 1000000 0.13
63 8 3 14671 1000000 0.13
0 10 3 14672 1000000 0.13
1 11 3 14673 1000000 0.13
2 12 3 14674 1000000 0.13
3 13 3 14675 1000000 0.13
4 14 3 14676 1000000 0.13
5 15 3 14677 1000000 0.13
6 16 3 14678 1000000 0.13
7 17 3 14679 1000000 0.13
8 18 3 14680 1000000 0.13
9 19 3 14681 1000000 0.13
10 20 3 14682 1000000 0.13
11 21 3 14683 1000000 0.13
12 22 3 14684 1000000 0.13
13 23 3 14685 1000000 0.13
14 24 3 14686 1000000 0.13
15 25 3 14687 1000000 0.13
16 26 3 14688 1000000 0.13
17 27 3 14689 1000000 0.13
18 28 3 14690 1000000 0.13
19 29 3 14691 1000000 0.13
20 30 3 14692 1000000 0.13
21 31 3 14693 1000000 0.13
22 32 3 14694 1000000 0.13
23 33 3 14695 1000000 0.13
24 34 3 14696 1000000 0.13
25 35 3 14697 1000000 0.13
26 36 3 14698 1000000 0.13
27 37 3 14699 1000000 0.13
28 38 3 14700 1000000 0.13
29 39 3 14701 1000000 0.13
30 40 3 14702 1000000 0.13
31 41 3 14703 1000000 0.13
32 42 3 14704 1000000 0.13
33 43 3 14705 1000000 0.13
34 44 3 14706 1000000 0.13
35 45 3 14707 1000000 0.13
36 46 3 14708 1000000 0.13
37 47 3 14709 1000000 0.13
38 48 3 14710 1000000 0.13
39 49 3 14711 1000000 0.13
40 50 3 14712 1000000 0.13
41 51 3 14713 1000000 0.13
42 52 3 14714 1000000 0.13
43 53 3 14715 1000000 0.13
44 54 3 14716 1000000 0.13
45 55 3 14717 1000000 0.13
46 56 3 14718 1000000 0.13
47 57 3 14719 1000000 0.13
48 58 3 14720 1000000 0.13
49 59 3 14721 1000000 0.13
50 60 3 14722 1000000 0.13
51 61 3 14723 1000000 0.13
52 62 3 14724 1000000 0.13
53 63 3 14725 1000000 0.13
54 0 3 14726 1000000 0.13
55 1 3 14727 1000000 0.13
56 2 3 14728 1000000 0.13
57 3 3 14729 1000000 0.13
58 4 3 14730 1000000 0.13
59 5 3 14731 1000000 0.13
60 6 3 14732 1000000 0.13
61 7 3 14733 1000000 0.13
62 8 3 14734 1000000 0.13
63 9 3 14735 1000000 0.13
0 11 3 14736 1000000 0.13
1 12 3 14737 1000000 0.13
2 13 3 14738 1000000 0.13
3 14 3 14739 1000000 0.13
4 15 3 14740 1000000 0.13
5 16 3 14741 1000000 0.13
6 17 3 14742 1000000 0.13
7 18 3 14743 1000000 0.13
8 19 3 14744 1000000 0.13
9 20 3 14745 1000000 0.13
10 21 3 14746 1000000 0.13
11 22 3 14747 1000000 0.13
12 23 3 14748 1000000 0.13
13 24 3 14749 1000000 0.13
14 25 3 14750 1000000 0.13
15 26 3 14751 1000000 0.13
16 27 3 14752 1000000 0.13
17 28 3 14753 1000000 0.13
18 29 3 14754 1000000 0.13
19 30 3 14755 1000000 0.13
20 31 3 14756 1000000 0.13
21 32 3 14757 1000000 0.13
22 33 3 14758 1000000 0.13
23 34 3 14759 1000000 0.13
24 35 3 14760 1000000 0.13
25 36 3 14761 1000000 0.13
26 37 3 14762 1000000 0.13
27 38 3 14763 1000000 0.13
28 39 3 14764 1000000 0.13
29 40 3 14765 1000000 0.13
30 41 3 14766 1000000 0.13
31 42 3 14767 1000000 0.13
32 43 3 14768 1000000 0.13
33 44 3 14769 1000000 0.13
34 45 3 14770 1000000 0.13
35 46 3 14771 1000000 0.13
36 47 3 14772 1000000 0.13
37 48 3 14773 1000000 0.13
38 49 3 14774 1000000 0.13
39 50 3 14775 1000000 0.13
40 51 3 14776 1000000 0.13
41 52 3 14777 1000000 0.13
42 53 3 14778 1000000 0.13
43 54 3 14779 1000000 0.13
44 55 3 14780 1000000 0.13
45 56 3 14781 1000000 0.13
46 57 3 14782 1000000 0.13
47 58 3 14783 1000000 0.13
48 59 3 14784 1000000 0.13
49 60 3 14785 1000000 0.13
50 61 3 14786 1000000 0.13
51 62 3 14787 1000000 0.13
52 63 3 14788 1000000 0.13
53 0 3 14789 1000000 0.13
54 1 3 14790 1000000 0.13
55 2 3 14791 1000000 0.13
56 3 3 14792 1000000 0.13
57 4 3 14793 1000000 0.13
58 5 3 14794 1000000 0.13
59 6 3 14795 1000000 0.13
60 7 3 14796 1000000 0.13
61 8 3 14797 1000000 0.13
62 9 3 14798 1000000 0.13
63 10 3 14799 1000000 0.13
0 12 3 14800 1000000 0.13
1 13 3 14801 1000000 0.13
2 14 3 14802 1000000 0.13
3 15 3 14803 1000000 0.13
4 16 3 14804 1000000 0.13
5 17 3 14805 1000000 0.13
6 18 3 14806 1000000 0.13
7 19 3 14807 1000000 0.13
8 20 3 14808 1000000 0.13
9 21 3 14809 1000000 0.13
10 22 3 14810 1000000 0.13
11 23 3 14811 1000000 0.13
12 24 3 14812 1000000 0.13
13 25 3 14813 1000000 0.13
14 26 3 14814 1000000 0.13
15 27 3 14815 1000000 0.13
16 28 3 14816 1000000 0.13
17 29 3 14817 1000000 0.13
18 30 3 14818 1000000 0.13
19 31 3 14819 1000000 0.13
20 32 3 14820 1000000 0.13
21 33 3 14821 1000000 0.13
22 34 3 14822 1000000 0.13
23 35 3 14823 1000000 0.13
24 36 3 14824 1000000 0.13
25 37 3 14825 1000000 0.13
26 38 3 14826 1000000 0.13
27 39 3 14827 1000000 0.13
28 40 3 14828 1000000 0.13
29 41 3 14829 1000000 0.13
30 42 3 14830 1000000 0.13
31 43 3 14831 1000000 0.13
32 44 3 14832 1000000 0.13
33 45 3 14833 1000000 0.13
34 46 3 14834 1000000 0.13
35 47 3 14835 1000000 0.13
36 48 3 14836 1000000 0.13
37 49 3 14837 1000000 0.13
38 50 3 14838 1000000 0.13
39 51 3 14839 1000000 0.13
40 52 3 14840 1000000 0.13
41 53 3 14841 1000000 0.13
42 54 3 14842 1000000 0.13
43 55 3 14843 1000000 0.13
44 56 3 14844 1000000 0.13
45 57 3 14845 1000000 0.13
46 58 3 14846 1000000 0.13
47 59 3 14847 1000000 0.13
48 60 3 14848 1000000 0.13
49 61 3 14849 1000000 0.13
50 62 3 14850 1000000 0.13
51 63 3 14851 1000000 0.13
52 0 3 14852 1000000 0.13
53 1 3 14853 1000000 0.13
54 2 3 14854 1000000 0.13
55 3 3 14855 1000000 0.13
56 4 3 14856 1000000 0.13
57 5 3 14857 1000000 0.13
58 6 3 14858 1000000 0.13
59 7 3 14859 1000000 0.13
60 8 3 14860 1000000 0.13
61 9 3 14861 1000000 0.13
62 10 3 14862 1000000 0.13
63 11 3 14863 1000000 0.13
0 13 3 14864 1000000 0.13
1 14 3 14865 1000000 0.13
2 15 3 14866 1000000 0.13
3 16 3 14867 1000000 0.13
4 17 3 14868 1000000 0.13
5 18 3 14869 1000000 0.13
6 19 3 14870 1000000 0.13
7 20 3 14871 1000000 0.13
8 21 3 14872 1000000 0.13
9 22 3 14873 1000000 0.13
10 23 3 14874 1000000 0.13
11 24 3 14875 1000000 0.13
12 25 3 14876 1000000 0.13
13 26 3 14877 1000000 0.13
14 27 3 14878 1000000 0.13
15 28 3 14879 1000000 0.13
16 29 3 14880 1000000 0.13
17 30 3 14881 1000000 0.13
18 31 3 14882 1000000 0.13
19 32 3 14883 1000000 0.13
20 33 3 14884 1000000 0.13
21 34 3 14885 1000000 0.13
22 35 3 14886 1000000 0.13
23 36 3 14887 1000000 0.13
24 37 3 14888 1000000 0.13
25 38 3 14889 1000000 0.13
26 39 3 14890 1000000 0.13
27 40 3 14891 1000000 0.13
28 41 3 14892 1000000 0.13
29 42 3 14893 1000000 0.13
30 43 3 14894 1000000 0.13
31 44 3 14895 1000000 0.13
32 45 3 14896 1000000 0.13
33 46 3 14897 1000000 0.13
34 47 3 14898 1000000 0.13
35 48 3 14899 1000000 0.13
36 49 3 14900 1000000 0.13
37 50 3 14901 1000000 0.13
38 51 3 14902 1000000 0.13
39 52 3 14903 1000000 0.13
40 53 3 14904 1000000 0.13
41 54 3 14905 1000000 0.13
42 55 3 14906 1000000 0.13
43 56 3 14907 1000000 0.13
44 57 3 14908 1000000 0.13
45 58 3 14909 1000000 0.13
46 59 3 14910 1000000 0.13
47 60 3 14911 1000000 0.13
48 61 3 14912 1000000 0.13
49 62 3 14913 1000000 0.13
50 63 3 14914 1000000 0.13
51 0 3 14915 1000000 0.13
52 1 3 14916 1000000 0.13
53 2 3 14917 1000000 0.13
54 3 3 14918 1000000 0.13
55 4 3 14919 1000000 0.13
56 5 3 14920 1000000 0.13
57 6 3 14921 1000000 0.13
58 7 3 14922 1000000 0.13
59 8 3 14923 1000000 0.13
60 9 3 14924 1000000 0.13
61 10 3 14925 1000000 0.13
62 11 3 14926 1000000 0.13
63 12 3 14927 1000000 0.13
0 14 3 14928 1000000 0.13
1 15 3 14929 1000000 0.13
2 16 3 14930 1000000 0.13
3 17 3 14931 1000000 0.13
4 18 3 14932 1000000 0.13
5 19 3 14933 1000000 0.13
6 20 3 14934 1000000 0.13
7 21 3 14935 1000000 0.13
8 22 3 14936 1000000 0.13
9 23 3 14937 1000000 0.13
10 24 3 14938 1000000 0.13
11 25 3 14939 1000000 0.13
12 26 3 14940 1000000 0.13
13 27 3 14941 1000000 0.13
14 28 3 14942 1000000 0.13
15 29 3 14943 1000000 0.13
16 30 3 14944 1000000 0.13
17 31 3 14945 1000000 0.13
18 32 3 14946 1000000 0.13
19 33 3 14947 1000000 0.13
20 34 3 14948 1000000 0.13
21 35 3 14949 1000000 0.13
22 36 3 14950 1000000 0.13
23 37 3 14951 1000000 0.13
24 38 3 14952 1000000 0.13
25 39 3 14953 1000000 0.13
26 40 3 14954 1000000 0.13
27 41 3 14955 1000000 0.13
28 42 3 14956 1000000 0.13
29 43 3 14957 1000000 0.13
30 44 3 14958 1000000 0.13
31 45 3 14959 1000000 0.13
32 46 3 14960 1000000 0.13
33 47 3 14961 1000000 0.13
34 48 3 14962 1000000 0.13
35 49 3 14963 1000000 0.13
36 50 3 14964 1000000 0.13
37 51 3 14965 1000000 0.13
38 52 3 14966 1000000 0.13
39 53 3 14967 1000000 0.13
40 54 3 14968 1000000 0.13
41 55 3 14969 1000000 0.13
42 56 3 14970 1000000 0.13
43 57 3 14971 1000000 0.13
44 58 3 14972 1000000 0.13
45 59 3 14973 1000000 0.13
46 60 3 14974 1000000 0.13
47 61 3 14975 1000000 0.13
48 62 3 14976 1000000 0.13
49 63 3 14977 1000000 0.13
50 0 3 14978 1000000 0.13
51 1 3 14979 1000000 0.13
52 2 3 14980 1000000 0.13
53 3 3 14981 1000000 0.13
54 4 3 14982 1000000 0.13
55 5 3 14983 1000000 0.13
56 6 3 14984 1000000 0.13
57 7 3 14985 1000000 0.13
58 8 3 14986 1000000 0.13
59 9 3 14987 1000000 0.13
60 10 3 14988 1000000 0.13
61 11 3 14989 1000000 0.13
62 12 3 14990 1000000 0.13
63 13 3 14991 1000000 0.13
0 15 3 14992 1000000 0.13
1 16 3 14993 1000000 0.13
2 17 3 14994 1000000 0.13
3 18 3 14995 1000000 0.13
4 19 3 14996 1000000 0.13
5 20 3 14997 1000000 0.13
6 21 3 14998 1000000 0.13
7 22 3 14999 1000000 0.13
8 23 3 15000 1000000 0.13
9 24 3 15001 1000000 0.13
10 25 3 15002 1000000 0.13
11 26 3 15003 1000000 0.13
12 27 3 15004 1000000 0.13
13 28 3 15005 1000000 0.13
14 29 3 15006 1000000 0.13
15 30 3 15007 1000000 0.13
16 31 3 15008 1000000 0.13
17 32 3 15009 1000000 0.13
18 33 3 15010 1000000 0.13
19 34 3 15011 1000000 0.13
20 35 3 15012 1000000 0.13
21 36 3 15013 1000000 0.13
22 37 3 15014 1000000 0.13
23 38 3 15015 1000000 0.13
24 39 3 15016 1000000 0.13
25 40 3 15017 1000000 0.13
26 41 3 15018 1000000 0.13
27 42 3 15019 1000000 0.13
28 43 3 15020 1000000 0.13
29 44 3 15021 1000000 0.13
30 45 3 15022 1000000 0.13
31 46 3 15023 1000000 0.13
32 47 3 15024 1000000 0.13
33 48 3 15025 1000000 0.13
34 49 3 15026 1000000 0.13
35 50 3 15027 1000000 0.13
36 51 3 15028 1000000 0.13
37 52 3 15029 1000000 0.13
38 53 3 15030 1000000 0.13
39 54 3 15031 1000000 0.13
40 55 3 15032 1000000 0.13
41 56 3 15033 1000000 0.13
42 57 3 15034 1000000 0.13
43 58 3 15035 1000000 0.13
44 59 3 15036 1000000 0.13
45 60 3 15037 1000000 0.13
46 61 3 15038 1000000 0.13
47 62 3 15039 1000000 0.13
48 63 3 15040 1000000 0.13
49 0 3 15041 1000000 0.13
50 1 3 15042 1000000 0.13
51 2 3 15043 1000000 0.13
52 3 3 15044 1000000 0.13
53 4 3 15045 1000000 0.13
54 5 3 15046 1000000 0.13
55 6 3 15047 1000000 0.13
56 7 3 15048 1000000 0.13
57 8 3 15049 1000000 0.13
58 9 3 15050 1000000 0.13
59 10 3 15051 1000000 0.13
60 11 3 15052 1000000 0.13
61 12 3 15053 1000000 0.13
62 13 3 15054 1000000 0.13
63 14 3 15055 1000000 0.13
0 16 3 15056 1000000 0.13
1 17 3 15057 1000000 0.13
2 18 3 15058 1000000 0.13
3 19 3 15059 1000000 0.13
4 20 3 15060 1000000 0.13
5 21 3 15061 1000000 0.13
6 22 3 15062 1000000 0.13
7 23 3 15063 1000000 0.13
8 24 3 15064 1000000 0.13
9 25 3 15065 1000000 0.13
10 26 3 15066 1000000 0.13
11 27 3 15067 1000000 0.13
12 28 3 15068 1000000 0.13
13 29 3 15069 1000000 0.13
14 30 3 15070 1000000 0.13
15 31 3 15071 1000000 0.13
16 32 3 15072 1000000 0.13
17 33 3 15073 1000000 0.13
18 34 3 15074 1000000 0.13
19 35 3 15075 1000000 0.13
20 36 3 15076 1000000 0.13
21 37 3 15077 1000000 0.13
22 38 3 15078 1000000 0.13
23 39 3 15079 1000000 0.13
24 40 3 15080 1000000 0.13
25 41 3 15081 1000000 0.13
26 42 3 15082 1000000 0.13
27 43 3 15083 1000000 0.13
28 44 3 15084 1000000 0.13
29 45 3 15085 1000000 0.13
30 46 3 15086 1000000 0.13
31 47 3 15087 1000000 0.13
32 48 3 15088 1000000 0.13
33 49 3 15089 1000000 0.13
34 50 3 15090 1000000 0.13
35 51 3 15091 1000000 0.13
36 52 3 15092 1000000 0.13
37 53 3 15093 1000000 0.13
38 54 3 15094 1000000 0.13
39 55 3 15095 1000000 0.13
40 56 3 15096 1000000 0.13
41 57 3 15097 1000000 0.13
42 58 3 15098 1000000 0.13
43 59 3 15099 1000000 0.13
44 60 3 15100 1000000 0.13
45 61 3 15101 1000000 0.13
46 62 3 15102 1000000 0.13
47 63 3 15103 1000000 0.13
48 0 3 15104 1000000 0.13
49 1 3 15105 1000000 0.13
50 2 3 15106 1000000 0.13
51 3 3 15107 1000000 0.13
52 4 3 15108 1000000 0.13
53 5 3 15109 1000000 0.13
54 6 3 15110 1000000 0.13
55 7 3 15111 1000000 0.13
56 8 3 15112 1000000 0.13
57 9 3 15113 1000000 0.13
58 10 3 15114 1000000 0.13
59 11 3 15115 1000000 0.13
60 12 3 15116 1000000 0.13
61 13 3 15117 1000000 0.13
62 14 3 15118 1000000 0.13
63 15 3 15119 1000000 0.13
0 17 3 15120 1000000 0.13
1 18 3 15121 1000000 0.13
2 19 3 15122 1000000 0.13
3 20 3 15123 1000000 0.13
4 21 3 15124 1000000 0.13
5 22 3 15125 1000000 0.13
6 23 3 15126 1000000 0.13
7 24 3 15127 1000000 0.13
8 25 3 15128 1000000 0.13
9 26 3 15129 1000000 0.13
10 27 3 15130 1000000 0.13
11 28 3 15131 1000000 0.13
12 29 3 15132 1000000 0.13
13 30 3 15133 1000000 0.13
14 31 3 15134 1000000 0.13
15 32 3 15135 1000000 0.13
16 33 3 15136 1000000 0.13
17 34 3 15137 1000000 0.13
18 35 3 15138 1000000 0.13
19 36 3 15139 1000000 0.13
20 37 3 15140 1000000 0.13
21 38 3 15141 1000000 0.13
22 39 3 15142 1000000 0.13
23 40 3 15143 1000000 0.13
24 41 3 15144 1000000 0.13
25 42 3 15145 1000000 0.13
26 43 3 15146 1000000 0.13
27 44 3 15147 1000000 0.13
28 45 3 15148 1000000 0.13
29 46 3 15149 1000000 0.13
30 47 3 15150 1000000 0.13
31 48 3 15151 1000000 0.13
32 49 3 15152 1000000 0.13
33 50 3 15153 1000000 0.13
34 51 3 15154 1000000 0.13
35 52 3 15155 1000000 0.13
36 53 3 15156 1000000 0.13
37 54 3 15157 1000000 0.13
38 55 3 15158 1000000 0.13
39 56 3 15159 1000000 0.13
40 57 3 15160 1000000 0.13
41 58 3 15161 1000000 0.13
42 59 3 15162 1000000 0.13
43 60 3 15163 1000000 0.13
44 61 3 15164 1000000 0.13
45 62 3 15165 1000000 0.13
46 63 3 15166 1000000 0.13
47 0 3 15167 1000000 0.13
48 1 3 15168 1000000 0.13
49 2 3 15169 1000000 0.13
50 3 3 15170 1000000 0.13
51 4 3 15171 1000000 0.13
52 5 3 15172 1000000 0.13
53 6 3 15173 1000000 0.13
54 7 3 15174 1000000 0.13
55 8 3 15175 1000000 0.13
56 9 3 15176 1000000 0.13
57 10 3 15177 1000000 0.13
58 11 3 15178 1000000 0.13
59 12 3 15179 1000000 0.13
60 13 3 15180 1000000 0.13
61 14 3 15181 1000000 0.13
62 15 3 15182 1000000 0.13
63 16 3 15183 1000000 0.13
0 18 3 15184 1000000 0.13
1 19 3 15185 1000000 0.13
2 20 3 15186 1000000 0.13
3 21 3 15187 1000000 0.13
4 22 3 15188 1000000 0.13
5 23 3 15189 1000000 0.13
6 24 3 15190 1000000 0.13
7 25 3 15191 1000000 0.13
8 26 3 15192 1000000 0.13
9 27 3 15193 1000000 0.13
10 28 3 15194 1000000 0.13
11 29 3 15195 1000000 0.13
12 30 3 15196 1000000 0.13
13 31 3 15197 1000000 0.13
14 32 3 15198 1000000 0.13
15 33 3 15199 1000000 0.13
16 34 3 15200 1000000 0.13
17 35 3 15201 1000000 0.13
18 36 3 15202 1000000 0.13
19 37 3 15203 1000000 0.13
20 38 3 15204 1000000 0.13
21 39 3 15205 1000000 0.13
22 40 3 15206 1000000 0.13
23 41 3 15207 1000000 0.13
24 42 3 15208 1000000 0.13
25 43 3 15209 1000000 0.13
26 44 3 15210 1000000 0.13
27 45 3 15211 1000000 0.13
28 46 3 15212 1000000 0.13
29 47 3 15213 1000000 0.13
30 48 3 15214 1000000 0.13
31 49 3 15215 1000000 0.13
32 50 3 15216 1000000 0.13
33 51 3 15217 1000000 0.13
34 52 3 15218 1000000 0.13
35 53 3 15219 1000000 0.13
36 54 3 15220 1000000 0.13
37 55 3 15221 1000000 0.13
38 56 3 15222 1000000 0.13
39 57 3 15223 1000000 0.13
40 58 3 15224 1000000 0.13
41 59 3 15225 1000000 0.13
42 60 3 15226 1000000 0.13
43 61 3 15227 1000000 0.13
44 62 3 15228 1000000 0.13
45 63 3 15229 1000000 0.13
46 0 3 15230 1000000 0.13
47 1 3 15231 1000000 0.13
48 2 3 15232 1000000 0.13
49 3 3 15233 1000000 0.13
50 4 3 15234 1000000 0.13
51 5 3 15235 1000000 0.13
52 6 3 15236 1000000 0.13
53 7 3 15237 1000000 0.13
54 8 3 15238 1000000 0.13
55 9 3 15239 1000000 0.13
56 10 3 15240 1000000 0.13
57 11 3 15241 1000000 0.13
58 12 3 15242 1000000 0.13
59 13 3 15243 1000000 0.13
60 14 3 15244 1000000 0.13
61 15 3 15245 1000000 0.13
62 16 3 15246 1000000 0.13
63 17 3 15247 1000000 0.13
0 19 3 15248 1000000 0.13
1 20 3 15249 1000000 0.13
2 21 3 15250 1000000 0.13
3 22 3 15251 1000000 0.13
4 23 3 15252 1000000 0.13
5 24 3 15253 1000000 0.13
6 25 3 15254 1000000 0.13
7 26 3 15255 1000000 0.13
8 27 3 15256 1000000 0.13
9 28 3 15257 1000000 0.13
10 29 3 15258 1000000 0.13
11 30 3 15259 1000000 0.13
12 31 3 15260 1000000 0.13
13 32 3 15261 1000000 0.13
14 33 3 15262 1000000 0.13
15 34 3 15263 1000000 0.13
16 35 3 15264 1000000 0.13
17 36 3 15265 1000000 0.13
18 37 3 15266 1000000 0.13
19 38 3 15267 1000000 0.13
20 39 3 15268 1000000 0.13
21 40 3 15269 1000000 0.13
22 41 3 15270 1000000 0.13
23 42 3 15271 1000000 0.13
24 43 3 15272 1000000 0.13
25 44 3 15273 1000000 0.13
26 45 3 15274 1000000 0.13
27 46 3 15275 1000000 0.13
28 47 3 15276 1000000 0.13
29 48 3 15277 1000000 0.13
30 49 3 15278 1000000 0.13
31 50 3 15279 1000000 0.13
32 51 3 15280 1000000 0.13
33 52 3 15281 1000000 0.13
34 53 3 15282 1000000 0.13
35 54 3 15283 1000000 0.13
36 55 3 15284 1000000 0.13
37 56 3 15285 1000000 0.13
38 57 3 15286 1000000 0.13
39 58 3 15287 1000000 0.13
40 59 3 15288 1000000 0.13
41 60 3 15289 1000000 0.13
42 61 3 15290 1000000 0.13
43 62 3 15291 1000000 0.13
44 63 3 15292 1000000 0.13
45 0 3 15293 1000000 0.13
46 1 3 15294 1000000 0.13
47 2 3 15295 1000000 0.13
48 3 3 15296 1000000 0.13
49 4 3 15297 1000000 0.13
50 5 3 15298 1000000 0.13
51 6 3 15299 1000000 0.13
52 7 3 15300 1000000 0.13
53 8 3 15301 1000000 0.13
54 9 3 15302 1000000 0.13
55 10 3 15303 1000000 0.13
56 11 3 15304 1000000 0.13
57 12 3 15305 1000000 0.13
58 13 3 15306 1000000 0.13
59 14 3 15307 1000000 0.13
60 15 3 15308 1000000 0.13
61 16 3 15309 1000000 0.13
62 17 3 15310 1000000 0.13
63 18 3 15311 1000000 0.13
0 20 3 15312 1000000 0.13
1 21 3 15313 1000000 0.13
2 22 3 15314 1000000 0.13
3 23 3 15315 1000000 0.13
4 24 3 15316 1000000 0.13
5 25 3 15317 1000000 0.13
6 26 3 15318 1000000 0.13
7 27 3 15319 1000000 0.13
8 28 3 15320 1000000 0.13
9 29 3 15321 1000000 0.13
10 30 3 15322 1000000 0.13
11 31 3 15323 1000000 0.13
12 32 3 15324 1000000 0.13
13 33 3 15325 1000000 0.13
14 34 3 15326 1000000 0.13
15 35 3 15327 1000000 0.13
16 36 3 15328 1000000 0.13
17 37 3 15329 1000000 0.13
18 38 3 15330 1000000 0.13
19 39 3 15331 1000000 0.13
20 40 3 15332 1000000 0.13
21 41 3 15333 1000000 0.13
22 42 3 15334 1000000 0.13
23 43 3 15335 1000000 0.13
24 44 3 15336 1000000 0.13
25 45 3 15337 1000000 0.13
26 46 3 15338 1000000 0.13
27 47 3 15339 1000000 0.13
28 48 3 15340 1000000 0.13
29 49 3 15341 1000000 0.13
30 50 3 15342 1000000 0.13
31 51 3 15343 1000000 0.13
32 52 3 15344 1000000 0.13
33 53 3 15345 1000000 0.13
34 54 3 15346 1000000 0.13
35 55 3 15347 1000000 0.13
36 56 3 15348 1000000 0.13
37 57 3 15349 1000000 0.13
38 58 3 15350 1000000 0.13
39 59 3 15351 1000000 0.13
40 60 3 15352 1000000 0.13
41 61 3 15353 1000000 0.13
42 62 3 15354 1000000 0.13
43 63 3 15355 1000000 0.13
44 0 3 15356 1000000 0.13
45 1 3 15357 1000000 0.13
46 2 3 15358 1000000 0.13
47 3 3 15359 1000000 0.13
48 4 3 15360 1000000 0.13
49 5 3 15361 1000000 0.13
50 6 3 15362 1000000 0.13
51 7 3 15363 1000000 0.13
52 8 3 15364 1000000 0.13
53 9 3 15365 1000000 0.13
54 10 3 15366 1000000 0.13
55 11 3 15367 1000000 0.13
56 12 3 15368 1000000 0.13
57 13 3 15369 1000000 0.13
58 14 3 15370 1000000 0.13
59 15 3 15371 1000000 0.13
60 16 3 15372 1000000 0.13
61 17 3 15373 1000000 0.13
62 18 3 15374 1000000 0.13
63 19 3 15375 1000000 0.13
0 21 3 15376 1000000 0.13
1 22 3 15377 1000000 0.13
2 23 3 15378 1000000 0.13
3 24 3 15379 1000000 0.13
4 25 3 15380 1000000 0.13
5 26 3 15381 1000000 0.13
6 27 3 15382 1000000 0.13
7 28 3 15383 1000000 0.13
8 29 3 15384 1000000 0.13
9 30 3 15385 1000000 0.13
10 31 3 15386 1000000 0.13
11 32 3 15387 1000000 0.13
12 33 3 15388 1000000 0.13
13 34 3 15389 1000000 0.13
14 35 3 15390 1000000 0.13
15 36 3 15391 1000000 0.13
16 37 3 15392 1000000 0.13
17 38 3 15393 1000000 0.13
18 39 3 15394 1000000 0.13
19 40 3 15395 1000000 0.13
20 41 3 15396 1000000 0.13
21 42 3 15397 1000000 0.13
22 43 3 15398 1000000 0.13
23 44 3 15399 1000000 0.13
24 45 3 15400 1000000 0.13
25 46 3 15401 1000000 0.13
26 47 3 15402 1000000 0.13
27 48 3 15403 1000000 0.13
28 49 3 15404 1000000 0.13
29 50 3 15405 1000000 0.13
30 51 3 15406 1000000 0.13
31 52 3 15407 1000000 0.13
32 53 3 15408 1000000 0.13
33 54 3 15409 1000000 0.13
34 55 3 15410 1000000 0.13
35 56 3 15411 1000000 0.13
36 57 3 15412 1000000 0.13
37 58 3 15413 1000000 0.13
38 59 3 15414 1000000 0.13
39 60 3 15415 1000000 0.13
40 61 3 15416 1000000 0.13
41 62 3 15417 1000000 0.13
42 63 3 15418 1000000 0.13
43 0 3 15419 1000000 0.13
44 1 3 15420 1000000 0.13
45 2 3 15421 1000000 0.13
46 3 3 15422 1000000 0.13
47 4 3 15423 1000000 0.13
48 5 3 15424 1000000 0.13
49 6 3 15425 1000000 0.13
50 7 3 15426 1000000 0.13
51 8 3 15427 1000000 0.13
52 9 3 15428 1000000 0.13
53 10 3 15429 1000000 0.13
54 11 3 15430 1000000 0.13
55 12 3 15431 1000000 0.13
56 13 3 15432 1000000 0.13
57 14 3 15433 1000000 0.13
58 15 3 15434 1000000 0.13
59 16 3 15435 1000000 0.13
60 17 3 15436 1000000 0.13
61 18 3 15437 1000000 0.13
62 19 3 15438 1000000 0.13
63 20 3 15439 1000000 0.13
0 22 3 15440 1000000 0.13
1 23 3 15441 1000000 0.13
2 24 3 15442 1000000 0.13
3 25 3 15443 1000000 0.13
4 26 3 15444 1000000 0.13
5 27 3 15445 1000000 0.13
6 28 3 15446 1000000 0.13
7 29 3 15447 1000000 0.13
8 30 3 15448 1000000 0.13
9 31 3 15449 1000000 0.13
10 32 3 15450 1000000 0.13
11 33 3 15451 1000000 0.13
12 34 3 15452 1000000 0.13
13 35 3 15453 1000000 0.13
14 36 3 15454 1000000 0.13
15 37 3 15455 1000000 0.13
16 38 3 15456 1000000 0.13
17 39 3 15457 1000000 0.13
18 40 3 15458 1000000 0.13
19 41 3 15459 1000000 0.13
20 42 3 15460 1000000 0.13
21 43 3 15461 1000000 0.13
22 44 3 15462 1000000 0.13
23 45 3 15463 1000000 0.13
24 46 3 15464 1000000 0.13
25 47 3 15465 1000000 0.13
26 48 3 15466 1000000 0.13
27 49 3 15467 1000000 0.13
28 50 3 15468 1000000 0.13
29 51 3 15469 1000000 0.13
30 52 3 15470 1000000 0.13
31 53 3 15471 1000000 0.13
32 54 3 15472 1000000 0.13
33 55 3 15473 1000000 0.13
34 56 3 15474 1000000 0.13
35 57 3 15475 1000000 0.13
36 58 3 15476 1000000 0.13
37 59 3 15477 1000000 0.13
38 60 3 15478 1000000 0.13
39 61 3 15479 1000000 0.13
40 62 3 15480 1000000 0.13
41 63 3 15481 1000000 0.13
42 0 3 15482 1000000 0.13
43 1 3 15483 1000000 0.13
44 2 3 15484 1000000 0.13
45 3 3 15485 1000000 0.13
46 4 3 15486 1000000 0.13
47 5 3 15487 1000000 0.13
48 6 3 15488 1000000 0.13
49 7 3 15489 1000000 0.13
50 8 3 15490 1000000 0.13
51 9 3 15491 1000000 0.13
52 10 3 15492 1000000 0.13
53 11 3 15493 1000000 0.13
54 12 3 15494 1000000 0.13
55 13 3 15495 1000000 0.13
56 14 3 15496 1000000 0.13
57 15 3 15497 1000000 0.13
58 16 3 15498 1000000 0.13
59 17 3 15499 1000000 0.13
60 18 3 15500 1000000 0.13
61 19 3 15501 1000000 0.13
62 20 3 15502 1000000 0.13
63 21 3 15503 1000000 0.13
0 23 3 15504 1000000 0.13
1 24 3 15505 1000000 0.13
2 25 3 15506 1000000 0.13
3 26 3 15507 1000000 0.13
4 27 3 15508 1000000 0.13
5 28 3 15509 1000000 0.13
6 29 3 15510 1000000 0.13
7 30 3 15511 1000000 0.13
8 31 3 15512 1000000 0.13
9 32 3 15513 1000000 0.13
10 33 3 15514 1000000 0.13
11 34 3 15515 1000000 0.13
12 35 3 15516 1000000 0.13
13 36 3 15517 1000000 0.13
14 37 3 15518 1000000 0.13
15 38 3 15519 1000000 0.13
16 39 3 15520 1000000 0.13
17 40 3 15521 1000000 0.13
18 41 3 15522 1000000 0.13
19 42 3 15523 1000000 0.13
20 43 3 15524 1000000 0.13
21 44 3 15525 1000000 0.13
22 45 3 15526 1000000 0.13
23 46 3 15527 1000000 0.13
24 47 3 15528 1000000 0.13
25 48 3 15529 1000000 0.13
26 49 3 15530 1000000 0.13
27 50 3 15531 1000000 0.13
28 51 3 15532 1000000 0.13
29 52 3 15533 1000000 0.13
30 53 3 15534 1000000 0.13
31 54 3 15535 1000000 0.13
32 55 3 15536 1000000 0.13
33 56 3 15537 1000000 0.13
34 57 3 15538 1000000 0.13
35 58 3 15539 1000000 0.13
36 59 3 15540 1000000 0.13
37 60 3 15541 1000000 0.13
38 61 3 15542 1000000 0.13
39 62 3 15543 1000000 0.13
40 63 3 15544 1000000 0.13
41 0 3 15545 1000000 0.13
42 1 3 15546 1000000 0.13
43 2 3 15547 1000000 0.13
44 3 3 15548 1000000 0.13
45 4 3 15549 1000000 0.13
46 5 3 15550 1000000 0.13
47 6 3 15551 1000000 0.13
48 7 3 15552 1000000 0.13
49 8 3 15553 1000000 0.13
50 9 3 15554 1000000 0.13
51 10 3 15555 1000000 0.13
52 11 3 15556 1000000 0.13
53 12 3 15557 1000000 0.13
54 13 3 15558 1000000 0.13
55 14 3 15559 1000000 0.13
56 15 3 15560 1000000 0.13
57 16 3 15561 1000000 0.13
58 17 3 15562 1000000 0.13
59 18 3 15563 1000000 0.13
60 19 3 15564 1000000 0.13
61 20 3 15565 1000000 0.13
62 21 3 15566 1000000 0.13
63 22 3 15567 1000000 0.13
0 24 3 15568 1000000 0.13
1 25 3 15569 1000000 0.13
2 26 3 15570 1000000 0.13
3 27 3 15571 1000000 0.13
4 28 3 15572 1000000 0.13
5 29 3 15573 1000000 0.13
6 30 3 15574 1000000 0.13
7 31 3 15575 1000000 0.13
8 32 3 15576 1000000 0.13
9 33 3 15577 1000000 0.13
10 34 3 15578 1000000 0.13
11 35 3 15579 1000000 0.13
12 36 3 15580 1000000 0.13
13 37 3 15581 1000000 0.13
14 38 3 15582 1000000 0.13
15 39 3 15583 1000000 0.13
16 40 3 15584 1000000 0.13
17 41 3 15585 1000000 0.13
18 42 3 15586 1000000 0.13
19 43 3 15587 1000000 0.13
20 44 3 15588 1000000 0.13
21 45 3 15589 1000000 0.13
22 46 3 15590 1000000 0.13
23 47 3 15591 1000000 0.13
24 48 3 15592 1000000 0.13
25 49 3 15593 1000000 0.13
26 50 3 15594 1000000 0.13
27 51 3 15595 1000000 0.13
28 52 3 15596 1000000 0.13
29 53 3 15597 1000000 0.13
30 54 3 15598 1000000 0.13
31 55 3 15599 1000000 0.13
32 56 3 15600 1000000 0.13
33 57 3 15601 1000000 0.13
34 58 3 15602 1000000 0.13
35 59 3 15603 1000000 0.13
36 60 3 15604 1000000 0.13
37 61 3 15605 1000000 0.13
38 62 3 15606 1000000 0.13
39 63 3 15607 1000000 0.13
40 0 3 15608 1000000 0.13
41 1 3 15609 1000000 0.13
42 2 3 15610 1000000 0.13
43 3 3 15611 1000000 0.13
44 4 3 15612 1000000 0.13
45 5 3 15613 1000000 0.13
46 6 3 15614 1000000 0.13
47 7 3 15615 1000000 0.13
48 8 3 15616 1000000 0.13
49 9 3 15617 1000000 0.13
50 10 3 15618 1000000 0.13
51 11 3 15619 1000000 0.13
52 12 3 15620 1000000 0.13
53 13 3 15621 1000000 0.13
54 14 3 15622 1000000 0.13
55 15 3 15623 1000000 0.13
56 16 3 15624 1000000 0.13
57 17 3 15625 1000000 0.13
58 18 3 15626 1000000 0.13
59 19 3 15627 1000000 0.13
60 20 3 15628 1000000 0.13
61 21 3 15629 1000000 0.13
62 22 3 15630 1000000 0.13
63 23 3 15631 1000000 0.13
0 25 3 15632 1000000 0.13
1 26 3 15633 1000000 0.13
2 27 3 15634 1000000 0.13
3 28 3 15635 1000000 0.13
4 29 3 15636 1000000 0.13
5 30 3 15637 1000000 0.13
6 31 3 15638 1000000 0.13
7 32 3 15639 1000000 0.13
8 33 3 15640 1000000 0.13
9 34 3 15641 1000000 0.13
10 35 3 15642 1000000 0.13
11 36 3 15643 1000000 0.13
12 37 3 15644 1000000 0.13
13 38 3 15645 1000000 0.13
14 39 3 15646 1000000 0.13
15 40 3 15647 1000000 0.13
16 41 3 15648 1000000 0.13
17 42 3 15649 1000000 0.13
18 43 3 15650 1000000 0.13
19 44 3 15651 1000000 0.13
20 45 3 15652 1000000 0.13
21 46 3 15653 1000000 0.13
22 47 3 15654 1000000 0.13
23 48 3 15655 1000000 0.13
24 49 3 15656 1000000 0.13
25 50 3 15657 1000000 0.13
26 51 3 15658 1000000 0.13
27 52 3 15659 1000000 0.13
28 53 3 15660 1000000 0.13
29 54 3 15661 1000000 0.13
30 55 3 15662 1000000 0.13
31 56 3 15663 1000000 0.13
32 57 3 15664 1000000 0.13
33 58 3 15665 1000000 0.13
34 59 3 15666 1000000 0.13
35 60 3 15667 1000000 0.13
36 61 3 15668 1000000 0.13
37 62 3 15669 1000000 0.13
38 63 3 15670 1000000 0.13
39 0 3 15671 1000000 0.13
40 1 3 15672 1000000 0.13
41 2 3 15673 1000000 0.13
42 3 3 15674 1000000 0.13
43 4 3 15675 1000000 0.13
44 5 3 15676 1000000 0.13
45 6 3 15677 1000000 0.13
46 7 3 15678 1000000 0.13
47 8 3 15679 1000000 0.13
48 9 3 15680 1000000 0.13
49 10 3 15681 1000000 0.13
50 11 3 15682 1000000 0.13
51 12 3 15683 1000000 0.13
52 13 3 15684 1000000 0.13
53 14 3 15685 1000000 0.13
54 15 3 15686 1000000 0.13
55 16 3 15687 1000000 0.13
56 17 3 15688 1000000 0.13
57 18 3 15689 1000000 0.13
58 19 3 15690 1000000 0.13
59 20 3 15691 1000000 0.13
60 21 3 15692 1000000 0.13
61 22 3 15693 1000000 0.13
62 23 3 15694 1000000 0.13
63 24 3 15695 1000000 0.13
0 26 3 15696 1000000 0.13
1 27 3 15697 1000000 0.13
2 28 3 15698 1000000 0.13
3 29 3 15699 1000000 0.13
4 30 3 15700 1000000 0.13
5 31 3 15701 1000000 0.13
6 32 3 15702 1000000 0.13
7 33 3 15703 1000000 0.13
8 34 3 15704 1000000 0.13
9 35 3 15705 1000000 0.13
10 36 3 15706 1000000 0.13
11 37 3 15707 1000000 0.13
12 38 3 15708 1000000 0.13
13 39 3 15709 1000000 0.13
14 40 3 15710 1000000 0.13
15 41 3 15711 1000000 0.13
16 42 3 15712 1000000 0.13
17 43 3 15713 1000000 0.13
18 44 3 15714 1000000 0.13
19 45 3 15715 1000000 0.13
20 46 3 15716 1000000 0.13
21 47 3 15717 1000000 0.13
22 48 3 15718 1000000 0.13
23 49 3 15719 1000000 0.13
24 50 3 15720 1000000 0.13
25 51 3 15721 1000000 0.13
26 52 3 15722 1000000 0.13
27 53 3 15723 1000000 0.13
28 54 3 15724 1000000 0.13
29 55 3 15725 1000000 0.13
30 56 3 15726 1000000 0.13
31 57 3 15727 1000000 0.13
32 58 3 15728 1000000 0.13
33 59 3 15729 1000000 0.13
34 60 3 15730 1000000 0.13
35 61 3 15731 1000000 0.13
36 62 3 15732 1000000 0.13
37 63 3 15733 1000000 0.13
38 0 3 15734 1000000 0.13
39 1 3 15735 1000000 0.13
40 2 3 15736 1000000 0.13
41 3 3 15737 1000000 0.13
42 4 3 15738 1000000 0.13
43 5 3 15739 1000000 0.13
44 6 3 15740 1000000 0.13
45 7 3 15741 1000000 0.13
46 8 3 15742 1000000 0.13
47 9 3 15743 1000000 0.13
48 10 3 15744 1000000 0.13
49 11 3 15745 1000000 0.13
50 12 3 15746 1000000 0.13
51 13 3 15747 1000000 0.13
52 14 3 15748 1000000 0.13
53 15 3 15749 1000000 0.13
54 16 3 15750 1000000 0.13
55 17 3 15751 1000000 0.13
56 18 3 15752 1000000 0.13
57 19 3 15753 1000000 0.13
58 20 3 15754 1000000 0.13
59 21 3 15755 1000000 0.13
60 22 3 15756 1000000 0.13
61 23 3 15757 1000000 0.13
62 24 3 15758 1000000 0.13
63 25 3 15759 1000000 0.13
0 27 3 15760 1000000 0.13
1 28 3 15761 1000000 0.13
2 29 3 15762 1000000 0.13
3 30 3 15763 1000000 0.13
4 31 3 15764 1000000 0.13
5 32 3 15765 1000000 0.13
6 33 3 15766 1000000 0.13
7 34 3 15767 1000000 0.13
8 35 3 15768 1000000 0.13
9 36 3 15769 1000000 0.13
10 37 3 15770 1000000 0.13
11 38 3 15771 1000000 0.13
12 39 3 15772 1000000 0.13
13 40 3 15773 1000000 0.13
14 41 3 15774 1000000 0.13
15 42 3 15775 1000000 0.13
16 43 3 15776 1000000 0.13
17 44 3 15777 1000000 0.13
18 45 3 15778 1000000 0.13
19 46 3 15779 1000000 0.13
20 47 3 15780 1000000 0.13
21 48 3 15781 1000000 0.13
22 49 3 15782 1000000 0.13
23 50 3 15783 1000000 0.13
24 51 3 15784 1000000 0.13
25 52 3 15785 1000000 0.13
26 53 3 15786 1000000 0.13
27 54 3 15787 1000000 0.13
28 55 3 15788 1000000 0.13
29 56 3 15789 1000000 0.13
30 57 3 15790 1000000 0.13
31 58 3 15791 1000000 0.13
32 59 3 15792 1000000 0.13
33 60 3 15793 1000000 0.13
34 61 3 15794 1000000 0.13
35 62 3 15795 1000000 0.13
36 63 3 15796 1000000 0.13
37 0 3 15797 1000000 0.13
38 1 3 15798 1000000 0.13
39 2 3 15799 1000000 0.13
40 3 3 15800 1000000 0.13
41 4 3 15801 1000000 0.13
42 5 3 15802 1000000 0.13
43 6 3 15803 1000000 0.13
44 7 3 15804 1000000 0.13
45 8 3 15805 1000000 0.13
46 9 3 15806 1000000 0.13
47 10 3 15807 1000000 0.13
48 11 3 15808 1000000 0.13
49 12 3 15809 1000000 0.13
50 13 3 15810 1000000 0.13
51 14 3 15811 1000000 0.13
52 15 3 15812 1000000 0.13
53 16 3 15813 1000000 0.13
54 17 3 15814 1000000 0.13
55 18 3 15815 1000000 0.13
56 19 3 15816 1000000 0.13
57 20 3 15817 1000000 0.13
58 21 3 15818 1000000 0.13
59 22 3 15819 1000000 0.13
60 23 3 15820 1000000 0.13
61 24 3 15821 1000000 0.13
62 25 3 15822 1000000 0.13
63 26 3 15823 1000000 0.13
0 28 3 15824 1000000 0.13
1 29 3 15825 1000000 0.13
2 30 3 15826 1000000 0.13
3 31 3 15827 1000000 0.13
4 32 3 15828 1000000 0.13
5 33 3 15829 1000000 0.13
6 34 3 15830 1000000 0.13
7 35 3 15831 1000000 0.13
8 36 3 15832 1000000 0.13
9 37 3 15833 1000000 0.13
10 38 3 15834 1000000 0.13
11 39 3 15835 1000000 0.13
12 40 3 15836 1000000 0.13
13 41 3 15837 1000000 0.13
14 42 3 15838 1000000 0.13
15 43 3 15839 1000000 0.13
16 44 3 15840 1000000 0.13
17 45 3 15841 1000000 0.13
18 46 3 15842 1000000 0.13
19 47 3 15843 1000000 0.13
20 48 3 15844 1000000 0.13
21 49 3 15845 1000000 0.13
22 50 3 15846 1000000 0.13
23 51 3 15847 1000000 0.13
24 52 3 15848 1000000 0.13
25 53 3 15849 1000000 0.13
26 54 3 15850 1000000 0.13
27 55 3 15851 1000000 0.13
28 56 3 15852 1000000 0.13
29 57 3 15853 1000000 0.13
30 58 3 15854 1000000 0.13
31 59 3 15855 1000000 0.13
32 60 3 15856 1000000 0.13
33 61 3 15857 1000000 0.13
34 62 3 15858 1000000 0.13
35 63 3 15859 1000000 0.13
36 0 3 15860 1000000 0.13
37 1 3 15861 1000000 0.13
38 2 3 15862 1000000 0.13
39 3 3 15863 1000000 0.13
40 4 3 15864 1000000 0.13
41 5 3 15865 1000000 0.13
42 6 3 15866 1000000 0.13
43 7 3 15867 1000000 0.13
44 8 3 15868 1000000 0.13
45 9 3 15869 1000000 0.13
46 10 3 15870 1000000 0.13
47 11 3 15871 1000000 0.13
48 12 3 15872 1000000 0.13
49 13 3 15873 1000000 0.13
50 14 3 15874 1000000 0.13
51 15 3 15875 1000000 0.13
52 16 3 15876 1000000 0.13
53 17 3 15877 1000000 0.13
54 18 3 15878 1000000 0.13
55 19 3 15879 1000000 0.13
56 20 3 15880 1000000 0.13
57 21 3 15881 1000000 0.13
58 22 3 15882 1000000 0.13
59 23 3 15883 1000000 0.13
60 24 3 15884 1000000 0.13
61 25 3 15885 1000000 0.13
62 26 3 15886 1000000 0.13
63 27 3 15887 1000000 0.13
0 29 3 15888 1000000 0.13
1 30 3 15889 1000000 0.13
2 31 3 15890 1000000 0.13
3 32 3 15891 1000000 0.13
4 33 3 15892 1000000 0.13
5 34 3 15893 1000000 0.13
6 35 3 15894 1000000 0.13
7 36 3 15895 1000000 0.13
8 37 3 15896 1000000 0.13
9 38 3 15897 1000000 0.13
10 39 3 15898 1000000 0.13
11 40 3 15899 1000000 0.13
12 41 3 15900 1000000 0.13
13 42 3 15901 1000000 0.13
14 43 3 15902 1000000 0.13
15 44 3 15903 1000000 0.13
16 45 3 15904 1000000 0.13
17 46 3 15905 1000000 0.13
18 47 3 15906 1000000 0.13
19 48 3 15907 1000000 0.13
20 49 3 15908 1000000 0.13
21 50 3 15909 1000000 0.13
22 51 3 15910 1000000 0.13
23 52 3 15911 1000000 0.13
24 53 3 15912 1000000 0.13
25 54 3 15913 1000000 0.13
26 55 3 15914 1000000 0.13
27 56 3 15915 1000000 0.13
28 57 3 15916 1000000 0.13
29 58 3 15917 1000000 0.13
30 59 3 15918 1000000 0.13
31 60 3 15919 1000000 0.13
32 61 3 15920 1000000 0.13
33 62 3 15921 1000000 0.13
34 63 3 15922 1000000 0.13
35 0 3 15923 1000000 0.13
36 1 3 15924 1000000 0.13
37 2 3 15925 1000000 0.13
38 3 3 15926 1000000 0.13
39 4 3 15927 1000000 0.13
40 5 3 15928 1000000 0.13
41 6 3 15929 1000000 0.13
42 7 3 15930 1000000 0.13
43 8 3 15931 1000000 0.13
44 9 3 15932 1000000 0.13
45 10 3 15933 1000000 0.13
46 11 3 15934 1000000 0.13
47 12 3 15935 1000000 0.13
48 13 3 15936 1000000 0.13
49 14 3 15937 1000000 0.13
50 15 3 15938 1000000 0.13
51 16 3 15939 1000000 0.13
52 17 3 15940 1000000 0.13
53 18 3 15941 1000000 0.13
54 19 3 15942 1000000 0.13
55 20 3 15943 1000000 0.13
56 21 3 15944 1000000 0.13
57 22 3 15945 1000000 0.13
58 23 3 15946 1000000 0.13
59 24 3 15947 1000000 0.13
60 25 3 15948 1000000 0.13
61 26 3 15949 1000000 0.13
62 27 3 15950 1000000 0.13
63 28 3 15951 1000000 0.13
0 30 3 15952 1000000 0.13
1 31 3 15953 1000000 0.13
2 32 3 15954 1000000 0.13
3 33 3 15955 1000000 0.13
4 34 3 15956 1000000 0.13
5 35 3 15957 1000000 0.13
6 36 3 15958 1000000 0.13
7 37 3 15959 1000000 0.13
8 38 3 15960 1000000 0.13
9 39 3 15961 1000000 0.13
10 40 3 15962 1000000 0.13
11 41 3 15963 1000000 0.13
12 42 3 15964 1000000 0.13
13 43 3 15965 1000000 0.13
14 44 3 15966 1000000 0.13
15 45 3 15967 1000000 0.13
16 46 3 15968 1000000 0.13
17 47 3 15969 1000000 0.13
18 48 3 15970 1000000 0.13
19 49 3 15971 1000000 0.13
20 50 3 15972 1000000 0.13
21 51 3 15973 1000000 0.13
22 52 3 15974 1000000 0.13
23 53 3 15975 1000000 0.13
24 54 3 15976 1000000 0.13
25 55 3 15977 1000000 0.13
26 56 3 15978 1000000 0.13
27 57 3 15979 1000000 0.13
28 58 3 15980 1000000 0.13
29 59 3 15981 1000000 0.13
30 60 3 15982 1000000 0.13
31 61 3 15983 1000000 0.13
32 62 3 15984 1000000 0.13
33 63 3 15985 1000000 0.13
34 0 3 15986 1000000 0.13
35 1 3 15987 1000000 0.13
36 2 3 15988 1000000 0.13
37 3 3 15989 1000000 0.13
38 4 3 15990 1000000 0.13
39 5 3 15991 1000000 0.13
40 6 3 15992 1000000 0.13
41 7 3 15993 1000000 0.13
42 8 3 15994 1000000 0.13
43 9 3 15995 1000000 0.13
44 10 3 15996 1000000 0.13
45 11 3 15997 1000000 0.13
46 12 3 15998 1000000 0.13
47 13 3 15999 1000000 0.13
48 14 3 16000 1000000 0.13
49 15 3 16001 1000000 0.13
50 16 3 16002 1000000 0.13
51 17 3 16003 1000000 0.13
52 18 3 16004 1000000 0.13
53 19 3 16005 1000000 0.13
54 20 3 16006 1000000 0.13
55 21 3 16007 1000000 0.13
56 22 3 16008 1000000 0.13
57 23 3 16009 1000000 0.13
58 24 3 16010 1000000 0.13
59 25 3 16011 1000000 0.13
60 26 3 16012 1000000 0.13
61 27 3 16013 1000000 0.13
62 28 3 16014 1000000 0.13
63 29 3 16015 1000000 0.13
0 31 3 16016 1000000 0.13
1 32 3 16017 1000000 0.13
2 33 3 16018 1000000 0.13
3 34 3 16019 1000000 0.13
4 35 3 16020 1000000 0.13
5 36 3 16021 1000000 0.13
6 37 3 16022 1000000 0.13
7 38 3 16023 1000000 0.13
8 39 3 16024 1000000 0.13
9 40 3 16025 1000000 0.13
10 41 3 16026 1000000 0.13
11 42 3 16027 1000000 0.13
12 43 3 16028 1000000 0.13
13 44 3 16029 1000000 0.13
14 45 3 16030 1000000 0.13
15 46 3 16031 1000000 0.13
16 47 3 16032 1000000 0.13
17 48 3 16033 1000000 0.13
18 49 3 16034 1000000 0.13
19 50 3 16035 1000000 0.13
20 51 3 16036 1000000 0.13
21 52 3 16037 1000000 0.13
22 53 3 16038 1000000 0.13
23 54 3 16039 1000000 0.13
24 55 3 16040 1000000 0.13
25 56 3 16041 1000000 0.13
26 57 3 16042 1000000 0.13
27 58 3 16043 1000000 0.13
28 59 3 16044 1000000 0.13
29 60 3 16045 1000000 0.13
30 61 3 16046 1000000 0.13
31 62 3 16047 1000000 0.13
32 63 3 16048 1000000 0.13
33 0 3 16049 1000000 0.13
34 1 3 16050 1000000 0.13
35 2 3 16051 1000000 0.13
36 3 3 16052 1000000 0.13
37 4 3 16053 1000000 0.13
38 5 3 16054 1000000 0.13
39 6 3 16055 1000000 0.13
40 7 3 16056 1000000 0.13
41 8 3 16057 1000000 0.13
42 9 3 16058 1000000 0.13
43 10 3 16059 1000000 0.13
44 11 3 16060 1000000 0.13
45 12 3 16061 1000000 0.13
46 13 3 16062 1000000 0.13
47 14 3 16063 1000000 0.13
48 15 3 16064 1000000 0.13
49 16 3 16065 1000000 0.13
50 17 3 16066 1000000 0.13
51 18 3 16067 1000000 0.13
52 19 3 16068 1000000 0.13
53 20 3 16069 1000000 0.13
54 21 3 16070 1000000 0.13
55 22 3 16071 1000000 0.13
56 23 3 16072 1000000 0.13
57 24 3 16073 1000000 0.13
58 25 3 16074 1000000 0.13
59 26 3 16075 1000000 0.13
60 27 3 16076 1000000 0.13
61 28 3 16077 1000000 0.13
62 29 3 16078 1000000 0.13
63 30 3 16079 1000000 0.13
0 32 3 16080 1000000 0.13
1 33 3 16081 1000000 0.13
2 34 3 16082 1000000 0.13
3 35 3 16083 1000000 0.13
4 36 3 16084 1000000 0.13
5 37 3 16085 1000000 0.13
6 38 3 16086 1000000 0.13
7 39 3 16087 1000000 0.13
8 40 3 16088 1000000 0.13
9 41 3 16089 1000000 0.13
10 42 3 16090 1000000 0.13
11 43 3 16091 1000000 0.13
12 44 3 16092 1000000 0.13
13 45 3 16093 1000000 0.13
14 46 3 16094 1000000 0.13
15 47 3 16095 1000000 0.13
16 48 3 16096 1000000 0.13
17 49 3 16097 1000000 0.13
18 50 3 16098 1000000 0.13
19 51 3 16099 1000000 0.13
20 52 3 16100 1000000 0.13
21 53 3 16101 1000000 0.13
22 54 3 16102 1000000 0.13
23 55 3 16103 1000000 0.13
24 56 3 16104 1000000 0.13
25 57 3 16105 1000000 0.13
26 58 3 16106 1000000 0.13
27 59 3 16107 1000000 0.13
28 60 3 16108 1000000 0.13
29 61 3 16109 1000000 0.13
30 62 3 16110 1000000 0.13
31 63 3 16111 1000000 0.13
32 0 3 16112 1000000 0.13
33 1 3 16113 1000000 0.13
34 2 3 16114 1000000 0.13
35 3 3 16115 1000000 0.13
36 4 3 16116 1000000 0.13
37 5 3 16117 1000000 0.13
38 6 3 16118 1000000 0.13
39 7 3 16119 1000000 0.13
40 8 3 16120 1000000 0.13
41 9 3 16121 1000000 0.13
42 10 3 16122 1000000 0.13
43 11 3 16123 1000000 0.13
44 12 3 16124 1000000 0.13
45 13 3 16125 1000000 0.13
46 14 3 16126 1000000 0.13
47 15 3 16127 1000000 0.13
48 16 3 16128 1000000 0.13
49 17 3 16129 1000000 0.13
50 18 3 16130 1000000 0.13
51 19 3 16131 1000000 0.13
52 20 3 16132 1000000 0.13
53 21 3 16133 1000000 0.13
54 22 3 16134 1000000 0.13
55 23 3 16135 1000000 0.13
56 24 3 16136 1000000 0.13
57 25 3 16137 1000000 0.13
58 26 3 16138 1000000 0.13
59 27 3 16139 1000000 0.13
60 28 3 16140 1000000 0.13
61 29 3 16141 1000000 0.13
62 30 3 16142 1000000 0.13
63 31 3 16143 1000000 0.13
0 33 3 16144 1000000 0.13
1 34 3 16145 1000000 0.13
2 35 3 16146 1000000 0.13
3 36 3 16147 1000000 0.13
4 37 3 16148 1000000 0.13
5 38 3 16149 1000000 0.13
6 39 3 16150 1000000 0.13
7 40 3 16151 1000000 0.13
8 41 3 16152 1000000 0.13
9 42 3 16153 1000000 0.13
10 43 3 16154 1000000 0.13
11 44 3 16155 1000000 0.13
12 45 3 16156 1000000 0.13
13 46 3 16157 1000000 0.13
14 47 3 16158 1000000 0.13
15 48 3 16159 1000000 0.13
16 49 3 16160 1000000 0.13
17 50 3 16161 1000000 0.13
18 51 3 16162 1000000 0.13
19 52 3 16163 1000000 0.13
20 53 3 16164 1000000 0.13
21 54 3 16165 1000000 0.13
22 55 3 16166 1000000 0.13
23 56 3 16167 1000000 0.13
24 57 3 16168 1000000 0.13
25 58 3 16169 1000000 0.13
26 59 3 16170 1000000 0.13
27 60 3 16171 1000000 0.13
28 61 3 16172 1000000 0.13
29 62 3 16173 1000000 0.13
30 63 3 16174 1000000 0.13
31 0 3 16175 1000000 0.13
32 1 3 16176 1000000 0.13
33 2 3 16177 1000000 0.13
34 3 3 16178 1000000 0.13
35 4 3 16179 1000000 0.13
36 5 3 16180 1000000 0.13
37 6 3 16181 1000000 0.13
38 7 3 16182 1000000 0.13
39 8 3 16183 1000000 0.13
40 9 3 16184 1000000 0.13
41 10 3 16185 1000000 0.13
42 11 3 16186 1000000 0.13
43 12 3 16187 1000000 0.13
44 13 3 16188 1000000 0.13
45 14 3 16189 1000000 0.13
46 15 3 16190 1000000 0.13
47 16 3 16191 1000000 0.13
48 17 3 16192 1000000 0.13
49 18 3 16193 1000000 0.13
50 19 3 16194 1000000 0.13
51 20 3 16195 1000000 0.13
52 21 3 16196 1000000 0.13
53 22 3 16197 1000000 0.13
54 23 3 16198 1000000 0.13
55 24 3 16199 1000000 0.13
56 25 3 16200 1000000 0.13
57 26 3 16201 1000000 0.13
58 27 3 16202 1000000 0.13
59 28 3 16203 1000000 0.13
60 29 3 16204 1000000 0.13
61 30 3 16205 1000000 0.13
62 31 3 16206 1000000 0.13
63 32 3 16207 1000000 0.13
0 34 3 16208 1000000 0.13
1 35 3 16209 1000000 0.13
2 36 3 16210 1000000 0.13
3 37 3 16211 1000000 0.13
4 38 3 16212 1000000 0.13
5 39 3 16213 1000000 0.13
6 40 3 16214 1000000 0.13
7 41 3 16215 1000000 0.13
8 42 3 16216 1000000 0.13
9 43 3 16217 1000000 0.13
10 44 3 16218 1000000 0.13
11 45 3 16219 1000000 0.13
12 46 3 16220 1000000 0.13
13 47 3 16221 1000000 0.13
14 48 3 16222 1000000 0.13
15 49 3 16223 1000000 0.13
16 50 3 16224 1000000 0.13
17 51 3 16225 1000000 0.13
18 52 3 16226 1000000 0.13
19 53 3 16227 1000000 0.13
20 54 3 16228 1000000 0.13
21 55 3 16229 1000000 0.13
22 56 3 16230 1000000 0.13
23 57 3 16231 1000000 0.13
24 58 3 16232 1000000 0.13
25 59 3 16233 1000000 0.13
26 60 3 16234 1000000 0.13
27 61 3 16235 1000000 0.13
28 62 3 16236 1000000 0.13
29 63 3 16237 1000000 0.13
30 0 3 16238 1000000 0.13
31 1 3 16239 1000000 0.13
32 2 3 16240 1000000 0.13
33 3 3 16241 1000000 0.13
34 4 3 16242 1000000 0.13
35 5 3 16243 1000000 0.13
36 6 3 16244 1000000 0.13
37 7 3 16245 1000000 0.13
38 8 3 16246 1000000 0.13
39 9 3 16247 1000000 0.13
40 10 3 16248 1000000 0.13
41 11 3 16249 1000000 0.13
42 12 3 16250 1000000 0.13
43 13 3 16251 1000000 0.13
44 14 3 16252 1000000 0.13
45 15 3 16253 1000000 0.13
46 16 3 16254 1000000 0.13
47 17 3 16255 1000000 0.13
48 18 3 16256 1000000 0.13
49 19 3 16257 1000000 0.13
50 20 3 16258 1000000 0.13
51 21 3 16259 1000000 0.13
52 22 3 16260 1000000 0.13
53 23 3 16261 1000000 0.13
54 24 3 16262 1000000 0.13
55 25 3 16263 1000000 0.13
56 26 3 16264 1000000 0.13
57 27 3 16265 1000000 0.13
58 28 3 16266 1000000 0.13
59 29 3 16267 1000000 0.13
60 30 3 16268 1000000 0.13
61 31 3 16269 1000000 0.13
62 32 3 16270 1000000 0.13
63 33 3 16271 1000000 0.13
0 35 3 16272 1000000 0.13
1 36 3 16273 1000000 0.13
2 37 3 16274 1000000 0.13
3 38 3 16275 1000000 0.13
4 39 3 16276 1000000 0.13
5 40 3 16277 1000000 0.13
6 41 3 16278 1000000 0.13
7 42 3 16279 1000000 0.13
8 43 3 16280 1000000 0.13
9 44 3 16281 1000000 0.13
10 45 3 16282 1000000 0.13
11 46 3 16283 1000000 0.13
12 47 3 16284 1000000 0.13
13 48 3 16285 1000000 0.13
14 49 3 16286 1000000 0.13
15 50 3 16287 1000000 0.13
16 51 3 16288 1000000 0.13
17 52 3 16289 1000000 0.13
18 53 3 16290 1000000 0.13
19 54 3 16291 1000000 0.13
20 55 3 16292 1000000 0.13
21 56 3 16293 1000000 0.13
22 57 3 16294 1000000 0.13
23 58 3 16295 1000000 0.13
24 59 3 16296 1000000 0.13
25 60 3 16297 1000000 0.13
26 61 3 16298 1000000 0.13
27 62 3 16299 1000000 0.13
28 63 3 16300 1000000 0.13
29 0 3 16301 1000000 0.13
30 1 3 16302 1000000 0.13
31 2 3 16303 1000000 0.13
32 3 3 16304 1000000 0.13
33 4 3 16305 1000000 0.13
34 5 3 16306 1000000 0.13
35 6 3 16307 1000000 0.13
36 7 3 16308 1000000 0.13
37 8 3 16309 1000000 0.13
38 9 3 16310 1000000 0.13
39 10 3 16311 1000000 0.13
40 11 3 16312 1000000 0.13
41 12 3 16313 1000000 0.13
42 13 3 16314 1000000 0.13
43 14 3 16315 1000000 0.13
44 15 3 16316 1000000 0.13
45 16 3 16317 1000000 0.13
46 17 3 16318 1000000 0.13
47 18 3 16319 1000000 0.13
48 19 3 16320 1000000 0.13
49 20 3 16321 1000000 0.13
50 21 3 16322 1000000 0.13
51 22 3 16323 1000000 0.13
52 23 3 16324 1000000 0.13
53 24 3 16325 1000000 0.13
54 25 3 16326 1000000 0.13
55 26 3 16327 1000000 0.13
56 27 3 16328 1000000 0.13
57 28 3 16329 1000000 0.13
58 29 3 16330 1000000 0.13
59 30 3 16331 1000000 0.13
60 31 3 16332 1000000 0.13
61 32 3 16333 1000000 0.13
62 33 3 16334 1000000 0.13
63 34 3 16335 1000000 0.13
0 36 3 16336 1000000 0.13
1 37 3 16337 1000000 0.13
2 38 3 16338 1000000 0.13
3 39 3 16339 1000000 0.13
4 40 3 16340 1000000 0.13
5 41 3 16341 1000000 0.13
6 42 3 16342 1000000 0.13
7 43 3 16343 1000000 0.13
8 44 3 16344 1000000 0.13
9 45 3 16345 1000000 0.13
10 46 3 16346 1000000 0.13
11 47 3 16347 1000000 0.13
12 48 3 16348 1000000 0.13
13 49 3 16349 1000000 0.13
14 50 3 16350 1000000 0.13
15 51 3 16351 1000000 0.13
16 52 3 16352 1000000 0.13
17 53 3 16353 1000000 0.13
18 54 3 16354 1000000 0.13
19 55 3 16355 1000000 0.13
20 56 3 16356 1000000 0.13
21 57 3 16357 1000000 0.13
22 58 3 16358 1000000 0.13
23 59 3 16359 1000000 0.13
24 60 3 16360 1000000 0.13
25 61 3 16361 1000000 0.13
26 62 3 16362 1000000 0.13
27 63 3 16363 1000000 0.13
28 0 3 16364 1000000 0.13
29 1 3 16365 1000000 0.13
30 2 3 16366 1000000 0.13
31 3 3 16367 1000000 0.13
32 4 3 16368 1000000 0.13
33 5 3 16369 1000000 0.13
34 6 3 16370 1000000 0.13
35 7 3 16371 1000000 0.13
36 8 3 16372 1000000 0.13
37 9 3 16373 1000000 0.13
38 10 3 16374 1000000 0.13
39 11 3 16375 1000000 0.13
40 12 3 16376 1000000 0.13
41 13 3 16377 1000000 0.13
42 14 3 16378 1000000 0.13
43 15 3 16379 1000000 0.13
44 16 3 16380 1000000 0.13
45 17 3 16381 1000000 0.13
46 18 3 16382 1000000 0.13
47 19 3 16383 1000000 0.13
48 20 3 16384 1000000 0.13
49 21 3 16385 1000000 0.13
50 22 3 16386 1000000 0.13
51 23 3 16387 1000000 0.13
52 24 3 16388 1000000 0.13
53 25 3 16389 1000000 0.13
54 26 3 16390 1000000 0.13
55 27 3 16391 1000000 0.13
56 28 3 16392 1000000 0.13
57 29 3 16393 1000000 0.13
58 30 3 16394 1000000 0.13
59 31 3 16395 1000000 0.13
60 32 3 16396 1000000 0.13
61 33 3 16397 1000000 0.13
62 34 3 16398 1000000 0.13
63 35 3 16399 1000000 0.13
0 37 3 16400 1000000 0.13
1 38 3 16401 1000000 0.13
2 39 3 16402 1000000 0.13
3 40 3 16403 1000000 0.13
4 41 3 16404 1000000 0.13
5 42 3 16405 1000000 0.13
6 43 3 16406 1000000 0.13
7 44 3 16407 1000000 0.13
8 45 3 16408 1000000 0.13
9 46 3 16409 1000000 0.13
10 47 3 16410 1000000 0.13
11 48 3 16411 1000000 0.13
12 49 3 16412 1000000 0.13
13 50 3 16413 1000000 0.13
14 51 3 16414 1000000 0.13
15 52 3 16415 1000000 0.13
16 53 3 16416 1000000 0.13
17 54 3 16417 1000000 0.13
18 55 3 16418 1000000 0.13
19 56 3 16419 1000000 0.13
20 57 3 16420 1000000 0.13
21 58 3 16421 1000000 0.13
22 59 3 16422 1000000 0.13
23 60 3 16423 1000000 0.13
24 61 3 16424 1000000 0.13
25 62 3 16425 1000000 0.13
26 63 3 16426 1000000 0.13
27 0 3 16427 1000000 0.13
28 1 3 16428 1000000 0.13
29 2 3 16429 1000000 0.13
30 3 3 16430 1000000 0.13
31 4 3 16431 1000000 0.13
32 5 3 16432 1000000 0.13
33 6 3 16433 1000000 0.13
34 7 3 16434 1000000 0.13
35 8 3 16435 1000000 0.13
36 9 3 16436 1000000 0.13
37 10 3 16437 1000000 0.13
38 11 3 16438 1000000 0.13
39 12 3 16439 1000000 0.13
40 13 3 16440 1000000 0.13
41 14 3 16441 1000000 0.13
42 15 3 16442 1000000 0.13
43 16 3 16443 1000000 0.13
44 17 3 16444 1000000 0.13
45 18 3 16445 1000000 0.13
46 19 3 16446 1000000 0.13
47 20 3 16447 1000000 0.13
48 21 3 16448 1000000 0.13
49 22 3 16449 1000000 0.13
50 23 3 16450 1000000 0.13
51 24 3 16451 1000000 0.13
52 25 3 16452 1000000 0.13
53 26 3 16453 1000000 0.13
54 27 3 16454 1000000 0.13
55 28 3 16455 1000000 0.13
56 29 3 16456 1000000 0.13
57 30 3 16457 1000000 0.13
58 31 3 16458 1000000 0.13
59 32 3 16459 1000000 0.13
60 33 3 16460 1000000 0.13
61 34 3 16461 1000000 0.13
62 35 3 16462 1000000 0.13
63 36 3 16463 1000000 0.13
0 38 3 16464 1000000 0.13
1 39 3 16465 1000000 0.13
2 40 3 16466 1000000 0.13
3 41 3 16467 1000000 0.13
4 42 3 16468 1000000 0.13
5 43 3 16469 1000000 0.13
6 44 3 16470 1000000 0.13
7 45 3 16471 1000000 0.13
8 46 3 16472 1000000 0.13
9 47 3 16473 1000000 0.13
10 48 3 16474 1000000 0.13
11 49 3 16475 1000000 0.13
12 50 3 16476 1000000 0.13
13 51 3 16477 1000000 0.13
14 52 3 16478 1000000 0.13
15 53 3 16479 1000000 0.13
16 54 3 16480 1000000 0.13
17 55 3 16481 1000000 0.13
18 56 3 16482 1000000 0.13
19 57 3 16483 1000000 0.13
20 58 3 16484 1000000 0.13
21 59 3 16485 1000000 0.13
22 60 3 16486 1000000 0.13
23 61 3 16487 1000000 0.13
24 62 3 16488 1000000 0.13
25 63 3 16489 1000000 0.13
26 0 3 16490 1000000 0.13
27 1 3 16491 1000000 0.13
28 2 3 16492 1000000 0.13
29 3 3 16493 1000000 0.13
30 4 3 16494 1000000 0.13
31 5 3 16495 1000000 0.13
32 6 3 16496 1000000 0.13
33 7 3 16497 1000000 0.13
34 8 3 16498 1000000 0.13
35 9 3 16499 1000000 0.13
36 10 3 16500 1000000 0.13
37 11 3 16501 1000000 0.13
38 12 3 16502 1000000 0.13
39 13 3 16503 1000000 0.13
40 14 3 16504 1000000 0.13
41 15 3 16505 1000000 0.13
42 16 3 16506 1000000 0.13
43 17 3 16507 1000000 0.13
44 18 3 16508 1000000 0.13
45 19 3 16509 1000000 0.13
46 20 3 16510 1000000 0.13
47 21 3 16511 1000000 0.13
48 22 3 16512 1000000 0.13
49 23 3 16513 1000000 0.13
50 24 3 16514 1000000 0.13
51 25 3 16515 1000000 0.13
52 26 3 16516 1000000 0.13
53 27 3 16517 1000000 0.13
54 28 3 16518 1000000 0.13
55 29 3 16519 1000000 0.13
56 30 3 16520 1000000 0.13
57 31 3 16521 1000000 0.13
58 32 3 16522 1000000 0.13
59 33 3 16523 1000000 0.13
60 34 3 16524 1000000 0.13
61 35 3 16525 1000000 0.13
62 36 3 16526 1000000 0.13
63 37 3 16527 1000000 0.13
0 39 3 16528 1000000 0.13
1 40 3 16529 1000000 0.13
2 41 3 16530 1000000 0.13
3 42 3 16531 1000000 0.13
4 43 3 16532 1000000 0.13
5 44 3 16533 1000000 0.13
6 45 3 16534 1000000 0.13
7 46 3 16535 1000000 0.13
8 47 3 16536 1000000 0.13
9 48 3 16537 1000000 0.13
10 49 3 16538 1000000 0.13
11 50 3 16539 1000000 0.13
12 51 3 16540 1000000 0.13
13 52 3 16541 1000000 0.13
14 53 3 16542 1000000 0.13
15 54 3 16543 1000000 0.13
16 55 3 16544 1000000 0.13
17 56 3 16545 1000000 0.13
18 57 3 16546 1000000 0.13
19 58 3 16547 1000000 0.13
20 59 3 16548 1000000 0.13
21 60 3 16549 1000000 0.13
22 61 3 16550 1000000 0.13
23 62 3 16551 1000000 0.13
24 63 3 16552 1000000 0.13
25 0 3 16553 1000000 0.13
26 1 3 16554 1000000 0.13
27 2 3 16555 1000000 0.13
28 3 3 16556 1000000 0.13
29 4 3 16557 1000000 0.13
30 5 3 16558 1000000 0.13
31 6 3 16559 1000000 0.13
32 7 3 16560 1000000 0.13
33 8 3 16561 1000000 0.13
34 9 3 16562 1000000 0.13
35 10 3 16563 1000000 0.13
36 11 3 16564 1000000 0.13
37 12 3 16565 1000000 0.13
38 13 3 16566 1000000 0.13
39 14 3 16567 1000000 0.13
40 15 3 16568 1000000 0.13
41 16 3 16569 1000000 0.13
42 17 3 16570 1000000 0.13
43 18 3 16571 1000000 0.13
44 19 3 16572 1000000 0.13
45 20 3 16573 1000000 0.13
46 21 3 16574 1000000 0.13
47 22 3 16575 1000000 0.13
48 23 3 16576 1000000 0.13
49 24 3 16577 1000000 0.13
50 25 3 16578 1000000 0.13
51 26 3 16579 1000000 0.13
52 27 3 16580 1000000 0.13
53 28 3 16581 1000000 0.13
54 29 3 16582 1000000 0.13
55 30 3 16583 1000000 0.13
56 31 3 16584 1000000 0.13
57 32 3 16585 1000000 0.13
58 33 3 16586 1000000 0.13
59 34 3 16587 1000000 0.13
60 35 3 16588 1000000 0.13
61 36 3 16589 1000000 0.13
62 37 3 16590 1000000 0.13
63 38 3 16591 1000000 0.13
0 40 3 16592 1000000 0.13
1 41 3 16593 1000000 0.13
2 42 3 16594 1000000 0.13
3 43 3 16595 1000000 0.13
4 44 3 16596 1000000 0.13
5 45 3 16597 1000000 0.13
6 46 3 16598 1000000 0.13
7 47 3 16599 1000000 0.13
8 48 3 16600 1000000 0.13
9 49 3 16601 1000000 0.13
10 50 3 16602 1000000 0.13
11 51 3 16603 1000000 0.13
12 52 3 16604 1000000 0.13
13 53 3 16605 1000000 0.13
14 54 3 16606 1000000 0.13
15 55 3 16607 1000000 0.13
16 56 3 16608 1000000 0.13
17 57 3 16609 1000000 0.13
18 58 3 16610 1000000 0.13
19 59 3 16611 1000000 0.13
20 60 3 16612 1000000 0.13
21 61 3 16613 1000000 0.13
22 62 3 16614 1000000 0.13
23 63 3 16615 1000000 0.13
24 0 3 16616 1000000 0.13
25 1 3 16617 1000000 0.13
26 2 3 16618 1000000 0.13
27 3 3 16619 1000000 0.13
28 4 3 16620 1000000 0.13
29 5 3 16621 1000000 0.13
30 6 3 16622 1000000 0.13
31 7 3 16623 1000000 0.13
32 8 3 16624 1000000 0.13
33 9 3 16625 1000000 0.13
34 10 3 16626 1000000 0.13
35 11 3 16627 1000000 0.13
36 12 3 16628 1000000 0.13
37 13 3 16629 1000000 0.13
38 14 3 16630 1000000 0.13
39 15 3 16631 1000000 0.13
40 16 3 16632 1000000 0.13
41 17 3 16633 1000000 0.13
42 18 3 16634 1000000 0.13
43 19 3 16635 1000000 0.13
44 20 3 16636 1000000 0.13
45 21 3 16637 1000000 0.13
46 22 3 16638 1000000 0.13
47 23 3 16639 1000000 0.13
48 24 3 16640 1000000 0.13
49 25 3 16641 1000000 0.13
50 26 3 16642 1000000 0.13
51 27 3 16643 1000000 0.13
52 28 3 16644 1000000 0.13
53 29 3 16645 1000000 0.13
54 30 3 16646 1000000 0.13
55 31 3 16647 1000000 0.13
56 32 3 16648 1000000 0.13
57 33 3 16649 1000000 0.13
58 34 3 16650 1000000 0.13
59 35 3 16651 1000000 0.13
60 36 3 16652 1000000 0.13
61 37 3 16653 1000000 0.13
62 38 3 16654 1000000 0.13
63 39 3 16655 1000000 0.13
0 41 3 16656 1000000 0.13
1 42 3 16657 1000000 0.13
2 43 3 16658 1000000 0.13
3 44 3 16659 1000000 0.13
4 45 3 16660 1000000 0.13
5 46 3 16661 1000000 0.13
6 47 3 16662 1000000 0.13
7 48 3 16663 1000000 0.13
8 49 3 16664 1000000 0.13
9 50 3 16665 1000000 0.13
10 51 3 16666 1000000 0.13
11 52 3 16667 1000000 0.13
12 53 3 16668 1000000 0.13
13 54 3 16669 1000000 0.13
14 55 3 16670 1000000 0.13
15 56 3 16671 1000000 0.13
16 57 3 16672 1000000 0.13
17 58 3 16673 1000000 0.13
18 59 3 16674 1000000 0.13
19 60 3 16675 1000000 0.13
20 61 3 16676 1000000 0.13
21 62 3 16677 1000000 0.13
22 63 3 16678 1000000 0.13
23 0 3 16679 1000000 0.13
24 1 3 16680 1000000 0.13
25 2 3 16681 1000000 0.13
26 3 3 16682 1000000 0.13
27 4 3 16683 1000000 0.13
28 5 3 16684 1000000 0.13
29 6 3 16685 1000000 0.13
30 7 3 16686 1000000 0.13
31 8 3 16687 1000000 0.13
32 9 3 16688 1000000 0.13
33 10 3 16689 1000000 0.13
34 11 3 16690 1000000 0.13
35 12 3 16691 1000000 0.13
36 13 3 16692 1000000 0.13
37 14 3 16693 1000000 0.13
38 15 3 16694 1000000 0.13
39 16 3 16695 1000000 0.13
40 17 3 16696 1000000 0.13
41 18 3 16697 1000000 0.13
42 19 3 16698 1000000 0.13
43 20 3 16699 1000000 0.13
44 21 3 16700 1000000 0.13
45 22 3 16701 1000000 0.13
46 23 3 16702 1000000 0.13
47 24 3 16703 1000000 0.13
48 25 3 16704 1000000 0.13
49 26 3 16705 1000000 0.13
50 27 3 16706 1000000 0.13
51 28 3 16707 1000000 0.13
52 29 3 16708 1000000 0.13
53 30 3 16709 1000000 0.13
54 31 3 16710 1000000 0.13
55 32 3 16711 1000000 0.13
56 33 3 16712 1000000 0.13
57 34 3 16713 1000000 0.13
58 35 3 16714 1000000 0.13
59 36 3 16715 1000000 0.13
60 37 3 16716 1000000 0.13
61 38 3 16717 1000000 0.13
62 39 3 16718 1000000 0.13
63 40 3 16719 1000000 0.13
0 42 3 16720 1000000 0.13
1 43 3 16721 1000000 0.13
2 44 3 16722 1000000 0.13
3 45 3 16723 1000000 0.13
4 46 3 16724 1000000 0.13
5 47 3 16725 1000000 0.13
6 48 3 16726 1000000 0.13
7 49 3 16727 1000000 0.13
8 50 3 16728 1000000 0.13
9 51 3 16729 1000000 0.13
10 52 3 16730 1000000 0.13
11 53 3 16731 1000000 0.13
12 54 3 16732 1000000 0.13
13 55 3 16733 1000000 0.13
14 56 3 16734 1000000 0.13
15 57 3 16735 1000000 0.13
16 58 3 16736 1000000 0.13
17 59 3 16737 1000000 0.13
18 60 3 16738 1000000 0.13
19 61 3 16739 1000000 0.13
20 62 3 16740 1000000 0.13
21 63 3 16741 1000000 0.13
22 0 3 16742 1000000 0.13
23 1 3 16743 1000000 0.13
24 2 3 16744 1000000 0.13
25 3 3 16745 1000000 0.13
26 4 3 16746 1000000 0.13
27 5 3 16747 1000000 0.13
28 6 3 16748 1000000 0.13
29 7 3 16749 1000000 0.13
30 8 3 16750 1000000 0.13
31 9 3 16751 1000000 0.13
32 10 3 16752 1000000 0.13
33 11 3 16753 1000000 0.13
34 12 3 16754 1000000 0.13
35 13 3 16755 1000000 0.13
36 14 3 16756 1000000 0.13
37 15 3 16757 1000000 0.13
38 16 3 16758 1000000 0.13
39 17 3 16759 1000000 0.13
40 18 3 16760 1000000 0.13
41 19 3 16761 1000000 0.13
42 20 3 16762 1000000 0.13
43 21 3 16763 1000000 0.13
44 22 3 16764 1000000 0.13
45 23 3 16765 1000000 0.13
46 24 3 16766 1000000 0.13
47 25 3 16767 1000000 0.13
48 26 3 16768 1000000 0.13
49 27 3 16769 1000000 0.13
50 28 3 16770 1000000 0.13
51 29 3 16771 1000000 0.13
52 30 3 16772 1000000 0.13
53 31 3 16773 1000000 0.13
54 32 3 16774 1000000 0.13
55 33 3 16775 1000000 0.13
56 34 3 16776 1000000 0.13
57 35 3 16777 1000000 0.13
58 36 3 16778 1000000 0.13
59 37 3 16779 1000000 0.13
60 38 3 16780 1000000 0.13
61 39 3 16781 1000000 0.13
62 40 3 16782 1000000 0.13
63 41 3 16783 1000000 0.13
0 43 3 16784 1000000 0.13
1 44 3 16785 1000000 0.13
2 45 3 16786 1000000 0.13
3 46 3 16787 1000000 0.13
4 47 3 16788 1000000 0.13
5 48 3 16789 1000000 0.13
6 49 3 16790 1000000 0.13
7 50 3 16791 1000000 0.13
8 51 3 16792 1000000 0.13
9 52 3 16793 1000000 0.13
10 53 3 16794 1000000 0.13
11 54 3 16795 1000000 0.13
12 55 3 16796 1000000 0.13
13 56 3 16797 1000000 0.13
14 57 3 16798 1000000 0.13
15 58 3 16799 1000000 0.13
16 59 3 16800 1000000 0.13
17 60 3 16801 1000000 0.13
18 61 3 16802 1000000 0.13
19 62 3 16803 1000000 0.13
20 63 3 16804 1000000 0.13
21 0 3 16805 1000000 0.13
22 1 3 16806 1000000 0.13
23 2 3 16807 1000000 0.13
24 3 3 16808 1000000 0.13
25 4 3 16809 1000000 0.13
26 5 3 16810 1000000 0.13
27 6 3 16811 1000000 0.13
28 7 3 16812 1000000 0.13
29 8 3 16813 1000000 0.13
30 9 3 16814 1000000 0.13
31 10 3 16815 1000000 0.13
32 11 3 16816 1000000 0.13
33 12 3 16817 1000000 0.13
34 13 3 16818 1000000 0.13
35 14 3 16819 1000000 0.13
36 15 3 16820 1000000 0.13
37 16 3 16821 1000000 0.13
38 17 3 16822 1000000 0.13
39 18 3 16823 1000000 0.13
40 19 3 16824 1000000 0.13
41 20 3 16825 1000000 0.13
42 21 3 16826 1000000 0.13
43 22 3 16827 1000000 0.13
44 23 3 16828 1000000 0.13
45 24 3 16829 1000000 0.13
46 25 3 16830 1000000 0.13
47 26 3 16831 1000000 0.13
48 27 3 16832 1000000 0.13
49 28 3 16833 1000000 0.13
50 29 3 16834 1000000 0.13
51 30 3 16835 1000000 0.13
52 31 3 16836 1000000 0.13
53 32 3 16837 1000000 0.13
54 33 3 16838 1000000 0.13
55 34 3 16839 1000000 0.13
56 35 3 16840 1000000 0.13
57 36 3 16841 1000000 0.13
58 37 3 16842 1000000 0.13
59 38 3 16843 1000000 0.13
60 39 3 16844 1000000 0.13
61 40 3 16845 1000000 0.13
62 41 3 16846 1000000 0.13
63 42 3 16847 1000000 0.13
0 44 3 16848 1000000 0.13
1 45 3 16849 1000000 0.13
2 46 3 16850 1000000 0.13
3 47 3 16851 1000000 0.13
4 48 3 16852 1000000 0.13
5 49 3 16853 1000000 0.13
6 50 3 16854 1000000 0.13
7 51 3 16855 1000000 0.13
8 52 3 16856 1000000 0.13
9 53 3 16857 1000000 0.13
10 54 3 16858 1000000 0.13
11 55 3 16859 1000000 0.13
12 56 3 16860 1000000 0.13
13 57 3 16861 1000000 0.13
14 58 3 16862 1000000 0.13
15 59 3 16863 1000000 0.13
16 60 3 16864 1000000 0.13
17 61 3 16865 1000000 0.13
18 62 3 16866 1000000 0.13
19 63 3 16867 1000000 0.13
20 0 3 16868 1000000 0.13
21 1 3 16869 1000000 0.13
22 2 3 16870 1000000 0.13
23 3 3 16871 1000000 0.13
24 4 3 16872 1000000 0.13
25 5 3 16873 1000000 0.13
26 6 3 16874 1000000 0.13
27 7 3 16875 1000000 0.13
28 8 3 16876 1000000 0.13
29 9 3 16877 1000000 0.13
30 10 3 16878 1000000 0.13
31 11 3 16879 1000000 0.13
32 12 3 16880 1000000 0.13
33 13 3 16881 1000000 0.13
34 14 3 16882 1000000 0.13
35 15 3 16883 1000000 0.13
36 16 3 16884 1000000 0.13
37 17 3 16885 1000000 0.13
38 18 3 16886 1000000 0.13
39 19 3 16887 1000000 0.13
40 20 3 16888 1000000 0.13
41 21 3 16889 1000000 0.13
42 22 3 16890 1000000 0.13
43 23 3 16891 1000000 0.13
44 24 3 16892 1000000 0.13
45 25 3 16893 1000000 0.13
46 26 3 16894 1000000 0.13
47 27 3 16895 1000000 0.13
48 28 3 16896 1000000 0.13
49 29 3 16897 1000000 0.13
50 30 3 16898 1000000 0.13
51 31 3 16899 1000000 0.13
52 32 3 16900 1000000 0.13
53 33 3 16901 1000000 0.13
54 34 3 16902 1000000 0.13
55 35 3 16903 1000000 0.13
56 36 3 16904 1000000 0.13
57 37 3 16905 1000000 0.13
58 38 3 16906 1000000 0.13
59 39 3 16907 1000000 0.13
60 40 3 16908 1000000 0.13
61 41 3 16909 1000000 0.13
62 42 3 16910 1000000 0.13
63 43 3 16911 1000000 0.13
0 45 3 16912 1000000 0.13
1 46 3 16913 1000000 0.13
2 47 3 16914 1000000 0.13
3 48 3 16915 1000000 0.13
4 49 3 16916 1000000 0.13
5 50 3 16917 1000000 0.13
6 51 3 16918 1000000 0.13
7 52 3 16919 1000000 0.13
8 53 3 16920 1000000 0.13
9 54 3 16921 1000000 0.13
10 55 3 16922 1000000 0.13
11 56 3 16923 1000000 0.13
12 57 3 16924 1000000 0.13
13 58 3 16925 1000000 0.13
14 59 3 16926 1000000 0.13
15 60 3 16927 1000000 0.13
16 61 3 16928 1000000 0.13
17 62 3 16929 1000000 0.13
18 63 3 16930 1000000 0.13
19 0 3 16931 1000000 0.13
20 1 3 16932 1000000 0.13
21 2 3 16933 1000000 0.13
22 3 3 16934 1000000 0.13
23 4 3 16935 1000000 0.13
24 5 3 16936 1000000 0.13
25 6 3 16937 1000000 0.13
26 7 3 16938 1000000 0.13
27 8 3 16939 1000000 0.13
28 9 3 16940 1000000 0.13
29 10 3 16941 1000000 0.13
30 11 3 16942 1000000 0.13
31 12 3 16943 1000000 0.13
32 13 3 16944 1000000 0.13
33 14 3 16945 1000000 0.13
34 15 3 16946 1000000 0.13
35 16 3 16947 1000000 0.13
36 17 3 16948 1000000 0.13
37 18 3 16949 1000000 0.13
38 19 3 16950 1000000 0.13
39 20 3 16951 1000000 0.13
40 21 3 16952 1000000 0.13
41 22 3 16953 1000000 0.13
42 23 3 16954 1000000 0.13
43 24 3 16955 1000000 0.13
44 25 3 16956 1000000 0.13
45 26 3 16957 1000000 0.13
46 27 3 16958 1000000 0.13
47 28 3 16959 1000000 0.13
48 29 3 16960 1000000 0.13
49 30 3 16961 1000000 0.13
50 31 3 16962 1000000 0.13
51 32 3 16963 1000000 0.13
52 33 3 16964 1000000 0.13
53 34 3 16965 1000000 0.13
54 35 3 16966 1000000 0.13
55 36 3 16967 1000000 0.13
56 37 3 16968 1000000 0.13
57 38 3 16969 1000000 0.13
58 39 3 16970 1000000 0.13
59 40 3 16971 1000000 0.13
60 41 3 16972 1000000 0.13
61 42 3 16973 1000000 0.13
62 43 3 16974 1000000 0.13
63 44 3 16975 1000000 0.13
0 46 3 16976 1000000 0.13
1 47 3 16977 1000000 0.13
2 48 3 16978 1000000 0.13
3 49 3 16979 1000000 0.13
4 50 3 16980 1000000 0.13
5 51 3 16981 1000000 0.13
6 52 3 16982 1000000 0.13
7 53 3 16983 1000000 0.13
8 54 3 16984 1000000 0.13
9 55 3 16985 1000000 0.13
10 56 3 16986 1000000 0.13
11 57 3 16987 1000000 0.13
12 58 3 16988 1000000 0.13
13 59 3 16989 1000000 0.13
14 60 3 16990 1000000 0.13
15 61 3 16991 1000000 0.13
16 62 3 16992 1000000 0.13
17 63 3 16993 1000000 0.13
18 0 3 16994 1000000 0.13
19 1 3 16995 1000000 0.13
20 2 3 16996 1000000 0.13
21 3 3 16997 1000000 0.13
22 4 3 16998 1000000 0.13
23 5 3 16999 1000000 0.13
24 6 3 17000 1000000 0.13
25 7 3 17001 1000000 0.13
26 8 3 17002 1000000 0.13
27 9 3 17003 1000000 0.13
28 10 3 17004 1000000 0.13
29 11 3 17005 1000000 0.13
30 12 3 17006 1000000 0.13
31 13 3 17007 1000000 0.13
32 14 3 17008 1000000 0.13
33 15 3 17009 1000000 0.13
34 16 3 17010 1000000 0.13
35 17 3 17011 1000000 0.13
36 18 3 17012 1000000 0.13
37 19 3 17013 1000000 0.13
38 20 3 17014 1000000 0.13
39 21 3 17015 1000000 0.13
40 22 3 17016 1000000 0.13
41 23 3 17017 1000000 0.13
42 24 3 17018 1000000 0.13
43 25 3 17019 1000000 0.13
44 26 3 17020 1000000 0.13
45 27 3 17021 1000000 0.13
46 28 3 17022 1000000 0.13
47 29 3 17023 1000000 0.13
48 30 3 17024 1000000 0.13
49 31 3 17025 1000000 0.13
50 32 3 17026 1000000 0.13
51 33 3 17027 1000000 0.13
52 34 3 17028 1000000 0.13
53 35 3 17029 1000000 0.13
54 36 3 17030 1000000 0.13
55 37 3 17031 1000000 0.13
56 38 3 17032 1000000 0.13
57 39 3 17033 1000000 0.13
58 40 3 17034 1000000 0.13
59 41 3 17035 1000000 0.13
60 42 3 17036 1000000 0.13
61 43 3 17037 1000000 0.13
62 44 3 17038 1000000 0.13
63 45 3 17039 1000000 0.13
0 47 3 17040 1000000 0.13
1 48 3 17041 1000000 0.13
2 49 3 17042 1000000 0.13
3 50 3 17043 1000000 0.13
4 51 3 17044 1000000 0.13
5 52 3 17045 1000000 0.13
6 53 3 17046 1000000 0.13
7 54 3 17047 1000000 0.13
8 55 3 17048 1000000 0.13
9 56 3 17049 1000000 0.13
10 57 3 17050 1000000 0.13
11 58 3 17051 1000000 0.13
12 59 3 17052 1000000 0.13
13 60 3 17053 1000000 0.13
14 61 3 17054 1000000 0.13
15 62 3 17055 1000000 0.13
16 63 3 17056 1000000 0.13
17 0 3 17057 1000000 0.13
18 1 3 17058 1000000 0.13
19 2 3 17059 1000000 0.13
20 3 3 17060 1000000 0.13
21 4 3 17061 1000000 0.13
22 5 3 17062 1000000 0.13
23 6 3 17063 1000000 0.13
24 7 3 17064 1000000 0.13
25 8 3 17065 1000000 0.13
26 9 3 17066 1000000 0.13
27 10 3 17067 1000000 0.13
28 11 3 17068 1000000 0.13
29 12 3 17069 1000000 0.13
30 13 3 17070 1000000 0.13
31 14 3 17071 1000000 0.13
32 15 3 17072 1000000 0.13
33 16 3 17073 1000000 0.13
34 17 3 17074 1000000 0.13
35 18 3 17075 1000000 0.13
36 19 3 17076 1000000 0.13
37 20 3 17077 1000000 0.13
38 21 3 17078 1000000 0.13
39 22 3 17079 1000000 0.13
40 23 3 17080 1000000 0.13
41 24 3 17081 1000000 0.13
42 25 3 17082 1000000 0.13
43 26 3 17083 1000000 0.13
44 27 3 17084 1000000 0.13
45 28 3 17085 1000000 0.13
46 29 3 17086 1000000 0.13
47 30 3 17087 1000000 0.13
48 31 3 17088 1000000 0.13
49 32 3 17089 1000000 0.13
50 33 3 17090 1000000 0.13
51 34 3 17091 1000000 0.13
52 35 3 17092 1000000 0.13
53 36 3 17093 1000000 0.13
54 37 3 17094 1000000 0.13
55 38 3 17095 1000000 0.13
56 39 3 17096 1000000 0.13
57 40 3 17097 1000000 0.13
58 41 3 17098 1000000 0.13
59 42 3 17099 1000000 0.13
60 43 3 17100 1000000 0.13
61 44 3 17101 1000000 0.13
62 45 3 17102 1000000 0.13
63 46 3 17103 1000000 0.13
0 48 3 17104 1000000 0.13
1 49 3 17105 1000000 0.13
2 50 3 17106 1000000 0.13
3 51 3 17107 1000000 0.13
4 52 3 17108 1000000 0.13
5 53 3 17109 1000000 0.13
6 54 3 17110 1000000 0.13
7 55 3 17111 1000000 0.13
8 56 3 17112 1000000 0.13
9 57 3 17113 1000000 0.13
10 58 3 17114 1000000 0.13
11 59 3 17115 1000000 0.13
12 60 3 17116 1000000 0.13
13 61 3 17117 1000000 0.13
14 62 3 17118 1000000 0.13
15 63 3 17119 1000000 0.13
16 0 3 17120 1000000 0.13
17 1 3 17121 1000000 0.13
18 2 3 17122 1000000 0.13
19 3 3 17123 1000000 0.13
20 4 3 17124 1000000 0.13
21 5 3 17125 1000000 0.13
22 6 3 17126 1000000 0.13
23 7 3 17127 1000000 0.13
24 8 3 17128 1000000 0.13
25 9 3 17129 1000000 0.13
26 10 3 17130 1000000 0.13
27 11 3 17131 1000000 0.13
28 12 3 17132 1000000 0.13
29 13 3 17133 1000000 0.13
30 14 3 17134 1000000 0.13
31 15 3 17135 1000000 0.13
32 16 3 17136 1000000 0.13
33 17 3 17137 1000000 0.13
34 18 3 17138 1000000 0.13
35 19 3 17139 1000000 0.13
36 20 3 17140 1000000 0.13
37 21 3 17141 1000000 0.13
38 22 3 17142 1000000 0.13
39 23 3 17143 1000000 0.13
40 24 3 17144 1000000 0.13
41 25 3 17145 1000000 0.13
42 26 3 17146 1000000 0.13
43 27 3 17147 1000000 0.13
44 28 3 17148 1000000 0.13
45 29 3 17149 1000000 0.13
46 30 3 17150 1000000 0.13
47 31 3 17151 1000000 0.13
48 32 3 17152 1000000 0.13
49 33 3 17153 1000000 0.13
50 34 3 17154 1000000 0.13
51 35 3 17155 1000000 0.13
52 36 3 17156 1000000 0.13
53 37 3 17157 1000000 0.13
54 38 3 17158 1000000 0.13
55 39 3 17159 1000000 0.13
56 40 3 17160 1000000 0.13
57 41 3 17161 1000000 0.13
58 42 3 17162 1000000 0.13
59 43 3 17163 1000000 0.13
60 44 3 17164 1000000 0.13
61 45 3 17165 1000000 0.13
62 46 3 17166 1000000 0.13
63 47 3 17167 1000000 0.13
0 49 3 17168 1000000 0.13
1 50 3 17169 1000000 0.13
2 51 3 17170 1000000 0.13
3 52 3 17171 1000000 0.13
4 53 3 17172 1000000 0.13
5 54 3 17173 1000000 0.13
6 55 3 17174 1000000 0.13
7 56 3 17175 1000000 0.13
8 57 3 17176 1000000 0.13
9 58 3 17177 1000000 0.13
10 59 3 17178 1000000 0.13
11 60 3 17179 1000000 0.13
12 61 3 17180 1000000 0.13
13 62 3 17181 1000000 0.13
14 63 3 17182 1000000 0.13
15 0 3 17183 1000000 0.13
16 1 3 17184 1000000 0.13
17 2 3 17185 1000000 0.13
18 3 3 17186 1000000 0.13
19 4 3 17187 1000000 0.13
20 5 3 17188 1000000 0.13
21 6 3 17189 1000000 0.13
22 7 3 17190 1000000 0.13
23 8 3 17191 1000000 0.13
24 9 3 17192 1000000 0.13
25 10 3 17193 1000000 0.13
26 11 3 17194 1000000 0.13
27 12 3 17195 1000000 0.13
28 13 3 17196 1000000 0.13
29 14 3 17197 1000000 0.13
30 15 3 17198 1000000 0.13
31 16 3 17199 1000000 0.13
32 17 3 17200 1000000 0.13
33 18 3 17201 1000000 0.13
34 19 3 17202 1000000 0.13
35 20 3 17203 1000000 0.13
36 21 3 17204 1000000 0.13
37 22 3 17205 1000000 0.13
38 23 3 17206 1000000 0.13
39 24 3 17207 1000000 0.13
40 25 3 17208 1000000 0.13
41 26 3 17209 1000000 0.13
42 27 3 17210 1000000 0.13
43 28 3 17211 1000000 0.13
44 29 3 17212 1000000 0.13
45 30 3 17213 1000000 0.13
46 31 3 17214 1000000 0.13
47 32 3 17215 1000000 0.13
48 33 3 17216 1000000 0.13
49 34 3 17217 1000000 0.13
50 35 3 17218 1000000 0.13
51 36 3 17219 1000000 0.13
52 37 3 17220 1000000 0.13
53 38 3 17221 1000000 0.13
54 39 3 17222 1000000 0.13
55 40 3 17223 1000000 0.13
56 41 3 17224 1000000 0.13
57 42 3 17225 1000000 0.13
58 43 3 17226 1000000 0.13
59 44 3 17227 1000000 0.13
60 45 3 17228 1000000 0.13
61 46 3 17229 1000000 0.13
62 47 3 17230 1000000 0.13
63 48 3 17231 1000000 0.13
0 50 3 17232 1000000 0.13
1 51 3 17233 1000000 0.13
2 52 3 17234 1000000 0.13
3 53 3 17235 1000000 0.13
4 54 3 17236 1000000 0.13
5 55 3 17237 1000000 0.13
6 56 3 17238 1000000 0.13
7 57 3 17239 1000000 0.13
8 58 3 17240 1000000 0.13
9 59 3 17241 1000000 0.13
10 60 3 17242 1000000 0.13
11 61 3 17243 1000000 0.13
12 62 3 17244 1000000 0.13
13 63 3 17245 1000000 0.13
14 0 3 17246 1000000 0.13
15 1 3 17247 1000000 0.13
16 2 3 17248 1000000 0.13
17 3 3 17249 1000000 0.13
18 4 3 17250 1000000 0.13
19 5 3 17251 1000000 0.13
20 6 3 17252 1000000 0.13
21 7 3 17253 1000000 0.13
22 8 3 17254 1000000 0.13
23 9 3 17255 1000000 0.13
24 10 3 17256 1000000 0.13
25 11 3 17257 1000000 0.13
26 12 3 17258 1000000 0.13
27 13 3 17259 1000000 0.13
28 14 3 17260 1000000 0.13
29 15 3 17261 1000000 0.13
30 16 3 17262 1000000 0.13
31 17 3 17263 1000000 0.13
32 18 3 17264 1000000 0.13
33 19 3 17265 1000000 0.13
34 20 3 17266 1000000 0.13
35 21 3 17267 1000000 0.13
36 22 3 17268 1000000 0.13
37 23 3 17269 1000000 0.13
38 24 3 17270 1000000 0.13
39 25 3 17271 1000000 0.13
40 26 3 17272 1000000 0.13
41 27 3 17273 1000000 0.13
42 28 3 17274 1000000 0.13
43 29 3 17275 1000000 0.13
44 30 3 17276 1000000 0.13
45 31 3 17277 1000000 0.13
46 32 3 17278 1000000 0.13
47 33 3 17279 1000000 0.13
48 34 3 17280 1000000 0.13
49 35 3 17281 1000000 0.13
50 36 3 17282 1000000 0.13
51 37 3 17283 1000000 0.13
52 38 3 17284 1000000 0.13
53 39 3 17285 1000000 0.13
54 40 3 17286 1000000 0.13
55 41 3 17287 1000000 0.13
56 42 3 17288 1000000 0.13
57 43 3 17289 1000000 0.13
58 44 3 17290 1000000 0.13
59 45 3 17291 1000000 0.13
60 46 3 17292 1000000 0.13
61 47 3 17293 1000000 0.13
62 48 3 17294 1000000 0.13
63 49 3 17295 1000000 0.13
0 51 3 17296 1000000 0.13
1 52 3 17297 1000000 0.13
2 53 3 17298 1000000 0.13
3 54 3 17299 1000000 0.13
4 55 3 17300 1000000 0.13
5 56 3 17301 1000000 0.13
6 57 3 17302 1000000 0.13
7 58 3 17303 1000000 0.13
8 59 3 17304 1000000 0.13
9 60 3 17305 1000000 0.13
10 61 3 17306 1000000 0.13
11 62 3 17307 1000000 0.13
12 63 3 17308 1000000 0.13
13 0 3 17309 1000000 0.13
14 1 3 17310 1000000 0.13
15 2 3 17311 1000000 0.13
16 3 3 17312 1000000 0.13
17 4 3 17313 1000000 0.13
18 5 3 17314 1000000 0.13
19 6 3 17315 1000000 0.13
20 7 3 17316 1000000 0.13
21 8 3 17317 1000000 0.13
22 9 3 17318 1000000 0.13
23 10 3 17319 1000000 0.13
24 11 3 17320 1000000 0.13
25 12 3 17321 1000000 0.13
26 13 3 17322 1000000 0.13
27 14 3 17323 1000000 0.13
28 15 3 17324 1000000 0.13
29 16 3 17325 1000000 0.13
30 17 3 17326 1000000 0.13
31 18 3 17327 1000000 0.13
32 19 3 17328 1000000 0.13
33 20 3 17329 1000000 0.13
34 21 3 17330 1000000 0.13
35 22 3 17331 1000000 0.13
36 23 3 17332 1000000 0.13
37 24 3 17333 1000000 0.13
38 25 3 17334 1000000 0.13
39 26 3 17335 1000000 0.13
40 27 3 17336 1000000 0.13
41 28 3 17337 1000000 0.13
42 29 3 17338 1000000 0.13
43 30 3 17339 1000000 0.13
44 31 3 17340 1000000 0.13
45 32 3 17341 1000000 0.13
46 33 3 17342 1000000 0.13
47 34 3 17343 1000000 0.13
48 35 3 17344 1000000 0.13
49 36 3 17345 1000000 0.13
50 37 3 17346 1000000 0.13
51 38 3 17347 1000000 0.13
52 39 3 17348 1000000 0.13
53 40 3 17349 1000000 0.13
54 41 3 17350 1000000 0.13
55 42 3 17351 1000000 0.13
56 43 3 17352 1000000 0.13
57 44 3 17353 1000000 0.13
58 45 3 17354 1000000 0.13
59 46 3 17355 1000000 0.13
60 47 3 17356 1000000 0.13
61 48 3 17357 1000000 0.13
62 49 3 17358 1000000 0.13
63 50 3 17359 1000000 0.13
0 52 3 17360 1000000 0.13
1 53 3 17361 1000000 0.13
2 54 3 17362 1000000 0.13
3 55 3 17363 1000000 0.13
4 56 3 17364 1000000 0.13
5 57 3 17365 1000000 0.13
6 58 3 17366 1000000 0.13
7 59 3 17367 1000000 0.13
8 60 3 17368 1000000 0.13
9 61 3 17369 1000000 0.13
10 62 3 17370 1000000 0.13
11 63 3 17371 1000000 0.13
12 0 3 17372 1000000 0.13
13 1 3 17373 1000000 0.13
14 2 3 17374 1000000 0.13
15 3 3 17375 1000000 0.13
16 4 3 17376 1000000 0.13
17 5 3 17377 1000000 0.13
18 6 3 17378 1000000 0.13
19 7 3 17379 1000000 0.13
20 8 3 17380 1000000 0.13
21 9 3 17381 1000000 0.13
22 10 3 17382 1000000 0.13
23 11 3 17383 1000000 0.13
24 12 3 17384 1000000 0.13
25 13 3 17385 1000000 0.13
26 14 3 17386 1000000 0.13
27 15 3 17387 1000000 0.13
28 16 3 17388 1000000 0.13
29 17 3 17389 1000000 0.13
30 18 3 17390 1000000 0.13
31 19 3 17391 1000000 0.13
32 20 3 17392 1000000 0.13
33 21 3 17393 1000000 0.13
34 22 3 17394 1000000 0.13
35 23 3 17395 1000000 0.13
36 24 3 17396 1000000 0.13
37 25 3 17397 1000000 0.13
38 26 3 17398 1000000 0.13
39 27 3 17399 1000000 0.13
40 28 3 17400 1000000 0.13
41 29 3 17401 1000000 0.13
42 30 3 17402 1000000 0.13
43 31 3 17403 1000000 0.13
44 32 3 17404 1000000 0.13
45 33 3 17405 1000000 0.13
46 34 3 17406 1000000 0.13
47 35 3 17407 1000000 0.13
48 36 3 17408 1000000 0.13
49 37 3 17409 1000000 0.13
50 38 3 17410 1000000 0.13
51 39 3 17411 1000000 0.13
52 40 3 17412 1000000 0.13
53 41 3 17413 1000000 0.13
54 42 3 17414 1000000 0.13
55 43 3 17415 1000000 0.13
56 44 3 17416 1000000 0.13
57 45 3 17417 1000000 0.13
58 46 3 17418 1000000 0.13
59 47 3 17419 1000000 0.13
60 48 3 17420 1000000 0.13
61 49 3 17421 1000000 0.13
62 50 3 17422 1000000 0.13
63 51 3 17423 1000000 0.13
0 53 3 17424 1000000 0.13
1 54 3 17425 1000000 0.13
2 55 3 17426 1000000 0.13
3 56 3 17427 1000000 0.13
4 57 3 17428 1000000 0.13
5 58 3 17429 1000000 0.13
6 59 3 17430 1000000 0.13
7 60 3 17431 1000000 0.13
8 61 3 17432 1000000 0.13
9 62 3 17433 1000000 0.13
10 63 3 17434 1000000 0.13
11 0 3 17435 1000000 0.13
12 1 3 17436 1000000 0.13
13 2 3 17437 1000000 0.13
14 3 3 17438 1000000 0.13
15 4 3 17439 1000000 0.13
16 5 3 17440 1000000 0.13
17 6 3 17441 1000000 0.13
18 7 3 17442 1000000 0.13
19 8 3 17443 1000000 0.13
20 9 3 17444 1000000 0.13
21 10 3 17445 1000000 0.13
22 11 3 17446 1000000 0.13
23 12 3 17447 1000000 0.13
24 13 3 17448 1000000 0.13
25 14 3 17449 1000000 0.13
26 15 3 17450 1000000 0.13
27 16 3 17451 1000000 0.13
28 17 3 17452 1000000 0.13
29 18 3 17453 1000000 0.13
30 19 3 17454 1000000 0.13
31 20 3 17455 1000000 0.13
32 21 3 17456 1000000 0.13
33 22 3 17457 1000000 0.13
34 23 3 17458 1000000 0.13
35 24 3 17459 1000000 0.13
36 25 3 17460 1000000 0.13
37 26 3 17461 1000000 0.13
38 27 3 17462 1000000 0.13
39 28 3 17463 1000000 0.13
40 29 3 17464 1000000 0.13
41 30 3 17465 1000000 0.13
42 31 3 17466 1000000 0.13
43 32 3 17467 1000000 0.13
44 33 3 17468 1000000 0.13
45 34 3 17469 1000000 0.13
46 35 3 17470 1000000 0.13
47 36 3 17471 1000000 0.13
48 37 3 17472 1000000 0.13
49 38 3 17473 1000000 0.13
50 39 3 17474 1000000 0.13
51 40 3 17475 1000000 0.13
52 41 3 17476 1000000 0.13
53 42 3 17477 1000000 0.13
54 43 3 17478 1000000 0.13
55 44 3 17479 1000000 0.13
56 45 3 17480 1000000 0.13
57 46 3 17481 1000000 0.13
58 47 3 17482 1000000 0.13
59 48 3 17483 1000000 0.13
60 49 3 17484 1000000 0.13
61 50 3 17485 1000000 0.13
62 51 3 17486 1000000 0.13
63 52 3 17487 1000000 0.13
0 54 3 17488 1000000 0.13
1 55 3 17489 1000000 0.13
2 56 3 17490 1000000 0.13
3 57 3 17491 1000000 0.13
4 58 3 17492 1000000 0.13
5 59 3 17493 1000000 0.13
6 60 3 17494 1000000 0.13
7 61 3 17495 1000000 0.13
8 62 3 17496 1000000 0.13
9 63 3 17497 1000000 0.13
10 0 3 17498 1000000 0.13
11 1 3 17499 1000000 0.13
12 2 3 17500 1000000 0.13
13 3 3 17501 1000000 0.13
14 4 3 17502 1000000 0.13
15 5 3 17503 1000000 0.13
16 6 3 17504 1000000 0.13
17 7 3 17505 1000000 0.13
18 8 3 17506 1000000 0.13
19 9 3 17507 1000000 0.13
20 10 3 17508 1000000 0.13
21 11 3 17509 1000000 0.13
22 12 3 17510 1000000 0.13
23 13 3 17511 1000000 0.13
24 14 3 17512 1000000 0.13
25 15 3 17513 1000000 0.13
26 16 3 17514 1000000 0.13
27 17 3 17515 1000000 0.13
28 18 3 17516 1000000 0.13
29 19 3 17517 1000000 0.13
30 20 3 17518 1000000 0.13
31 21 3 17519 1000000 0.13
32 22 3 17520 1000000 0.13
33 23 3 17521 1000000 0.13
34 24 3 17522 1000000 0.13
35 25 3 17523 1000000 0.13
36 26 3 17524 1000000 0.13
37 27 3 17525 1000000 0.13
38 28 3 17526 1000000 0.13
39 29 3 17527 1000000 0.13
40 30 3 17528 1000000 0.13
41 31 3 17529 1000000 0.13
42 32 3 17530 1000000 0.13
43 33 3 17531 1000000 0.13
44 34 3 17532 1000000 0.13
45 35 3 17533 1000000 0.13
46 36 3 17534 1000000 0.13
47 37 3 17535 1000000 0.13
48 38 3 17536 1000000 0.13
49 39 3 17537 1000000 0.13
50 40 3 17538 1000000 0.13
51 41 3 17539 1000000 0.13
52 42 3 17540 1000000 0.13
53 43 3 17541 1000000 0.13
54 44 3 17542 1000000 0.13
55 45 3 17543 1000000 0.13
56 46 3 17544 1000000 0.13
57 47 3 17545 1000000 0.13
58 48 3 17546 1000000 0.13
59 49 3 17547 1000000 0.13
60 50 3 17548 1000000 0.13
61 51 3 17549 1000000 0.13
62 52 3 17550 1000000 0.13
63 53 3 17551 1000000 0.13
0 55 3 17552 1000000 0.13
1 56 3 17553 1000000 0.13
2 57 3 17554 1000000 0.13
3 58 3 17555 1000000 0.13
4 59 3 17556 1000000 0.13
5 60 3 17557 1000000 0.13
6 61 3 17558 1000000 0.13
7 62 3 17559 1000000 0.13
8 63 3 17560 1000000 0.13
9 0 3 17561 1000000 0.13
10 1 3 17562 1000000 0.13
11 2 3 17563 1000000 0.13
12 3 3 17564 1000000 0.13
13 4 3 17565 1000000 0.13
14 5 3 17566 1000000 0.13
15 6 3 17567 1000000 0.13
16 7 3 17568 1000000 0.13
17 8 3 17569 1000000 0.13
18 9 3 17570 1000000 0.13
19 10 3 17571 1000000 0.13
20 11 3 17572 1000000 0.13
21 12 3 17573 1000000 0.13
22 13 3 17574 1000000 0.13
23 14 3 17575 1000000 0.13
24 15 3 17576 1000000 0.13
25 16 3 17577 1000000 0.13
26 17 3 17578 1000000 0.13
27 18 3 17579 1000000 0.13
28 19 3 17580 1000000 0.13
29 20 3 17581 1000000 0.13
30 21 3 17582 1000000 0.13
31 22 3 17583 1000000 0.13
32 23 3 17584 1000000 0.13
33 24 3 17585 1000000 0.13
34 25 3 17586 1000000 0.13
35 26 3 17587 1000000 0.13
36 27 3 17588 1000000 0.13
37 28 3 17589 1000000 0.13
38 29 3 17590 1000000 0.13
39 30 3 17591 1000000 0.13
40 31 3 17592 1000000 0.13
41 32 3 17593 1000000 0.13
42 33 3 17594 1000000 0.13
43 34 3 17595 1000000 0.13
44 35 3 17596 1000000 0.13
45 36 3 17597 1000000 0.13
46 37 3 17598 1000000 0.13
47 38 3 17599 1000000 0.13
48 39 3 17600 1000000 0.13
49 40 3 17601 1000000 0.13
50 41 3 17602 1000000 0.13
51 42 3 17603 1000000 0.13
52 43 3 17604 1000000 0.13
53 44 3 17605 1000000 0.13
54 45 3 17606 1000000 0.13
55 46 3 17607 1000000 0.13
56 47 3 17608 1000000 0.13
57 48 3 17609 1000000 0.13
58 49 3 17610 1000000 0.13
59 50 3 17611 1000000 0.13
60 51 3 17612 1000000 0.13
61 52 3 17613 1000000 0.13
62 53 3 17614 1000000 0.13
63 54 3 17615 1000000 0.13
0 56 3 17616 1000000 0.13
1 57 3 17617 1000000 0.13
2 58 3 17618 1000000 0.13
3 59 3 17619 1000000 0.13
4 60 3 17620 1000000 0.13
5 61 3 17621 1000000 0.13
6 62 3 17622 1000000 0.13
7 63 3 17623 1000000 0.13
8 0 3 17624 1000000 0.13
9 1 3 17625 1000000 0.13
10 2 3 17626 1000000 0.13
11 3 3 17627 1000000 0.13
12 4 3 17628 1000000 0.13
13 5 3 17629 1000000 0.13
14 6 3 17630 1000000 0.13
15 7 3 17631 1000000 0.13
16 8 3 17632 1000000 0.13
17 9 3 17633 1000000 0.13
18 10 3 17634 1000000 0.13
19 11 3 17635 1000000 0.13
20 12 3 17636 1000000 0.13
21 13 3 17637 1000000 0.13
22 14 3 17638 1000000 0.13
23 15 3 17639 1000000 0.13
24 16 3 17640 1000000 0.13
25 17 3 17641 1000000 0.13
26 18 3 17642 1000000 0.13
27 19 3 17643 1000000 0.13
28 20 3 17644 1000000 0.13
29 21 3 17645 1000000 0.13
30 22 3 17646 1000000 0.13
31 23 3 17647 1000000 0.13
32 24 3 17648 1000000 0.13
33 25 3 17649 1000000 0.13
34 26 3 17650 1000000 0.13
35 27 3 17651 1000000 0.13
36 28 3 17652 1000000 0.13
37 29 3 17653 1000000 0.13
38 30 3 17654 1000000 0.13
39 31 3 17655 1000000 0.13
40 32 3 17656 1000000 0.13
41 33 3 17657 1000000 0.13
42 34 3 17658 1000000 0.13
43 35 3 17659 1000000 0.13
44 36 3 17660 1000000 0.13
45 37 3 17661 1000000 0.13
46 38 3 17662 1000000 0.13
47 39 3 17663 1000000 0.13
48 40 3 17664 1000000 0.13
49 41 3 17665 1000000 0.13
50 42 3 17666 1000000 0.13
51 43 3 17667 1000000 0.13
52 44 3 17668 1000000 0.13
53 45 3 17669 1000000 0.13
54 46 3 17670 1000000 0.13
55 47 3 17671 1000000 0.13
56 48 3 17672 1000000 0.13
57 49 3 17673 1000000 0.13
58 50 3 17674 1000000 0.13
59 51 3 17675 1000000 0.13
60 52 3 17676 1000000 0.13
61 53 3 17677 1000000 0.13
62 54 3 17678 1000000 0.13
63 55 3 17679 1000000 0.13
0 57 3 17680 1000000 0.13
1 58 3 17681 1000000 0.13
2 59 3 17682 1000000 0.13
3 60 3 17683 1000000 0.13
4 61 3 17684 1000000 0.13
5 62 3 17685 1000000 0.13
6 63 3 17686 1000000 0.13
7 0 3 17687 1000000 0.13
8 1 3 17688 1000000 0.13
9 2 3 17689 1000000 0.13
10 3 3 17690 1000000 0.13
11 4 3 17691 1000000 0.13
12 5 3 17692 1000000 0.13
13 6 3 17693 1000000 0.13
14 7 3 17694 1000000 0.13
15 8 3 17695 1000000 0.13
16 9 3 17696 1000000 0.13
17 10 3 17697 1000000 0.13
18 11 3 17698 1000000 0.13
19 12 3 17699 1000000 0.13
20 13 3 17700 1000000 0.13
21 14 3 17701 1000000 0.13
22 15 3 17702 1000000 0.13
23 16 3 17703 1000000 0.13
24 17 3 17704 1000000 0.13
25 18 3 17705 1000000 0.13
26 19 3 17706 1000000 0.13
27 20 3 17707 1000000 0.13
28 21 3 17708 1000000 0.13
29 22 3 17709 1000000 0.13
30 23 3 17710 1000000 0.13
31 24 3 17711 1000000 0.13
32 25 3 17712 1000000 0.13
33 26 3 17713 1000000 0.13
34 27 3 17714 1000000 0.13
35 28 3 17715 1000000 0.13
36 29 3 17716 1000000 0.13
37 30 3 17717 1000000 0.13
38 31 3 17718 1000000 0.13
39 32 3 17719 1000000 0.13
40 33 3 17720 1000000 0.13
41 34 3 17721 1000000 0.13
42 35 3 17722 1000000 0.13
43 36 3 17723 1000000 0.13
44 37 3 17724 1000000 0.13
45 38 3 17725 1000000 0.13
46 39 3 17726 1000000 0.13
47 40 3 17727 1000000 0.13
48 41 3 17728 1000000 0.13
49 42 3 17729 1000000 0.13
50 43 3 17730 1000000 0.13
51 44 3 17731 1000000 0.13
52 45 3 17732 1000000 0.13
53 46 3 17733 1000000 0.13
54 47 3 17734 1000000 0.13
55 48 3 17735 1000000 0.13
56 49 3 17736 1000000 0.13
57 50 3 17737 1000000 0.13
58 51 3 17738 1000000 0.13
59 52 3 17739 1000000 0.13
60 53 3 17740 1000000 0.13
61 54 3 17741 1000000 0.13
62 55 3 17742 1000000 0.13
63 56 3 17743 1000000 0.13
0 58 3 17744 1000000 0.13
1 59 3 17745 1000000 0.13
2 60 3 17746 1000000 0.13
3 61 3 17747 1000000 0.13
4 62 3 17748 1000000 0.13
5 63 3 17749 1000000 0.13
6 0 3 17750 1000000 0.13
7 1 3 17751 1000000 0.13
8 2 3 17752 1000000 0.13
9 3 3 17753 1000000 0.13
10 4 3 17754 1000000 0.13
11 5 3 17755 1000000 0.13
12 6 3 17756 1000000 0.13
13 7 3 17757 1000000 0.13
14 8 3 17758 1000000 0.13
15 9 3 17759 1000000 0.13
16 10 3 17760 1000000 0.13
17 11 3 17761 1000000 0.13
18 12 3 17762 1000000 0.13
19 13 3 17763 1000000 0.13
20 14 3 17764 1000000 0.13
21 15 3 17765 1000000 0.13
22 16 3 17766 1000000 0.13
23 17 3 17767 1000000 0.13
24 18 3 17768 1000000 0.13
25 19 3 17769 1000000 0.13
26 20 3 17770 1000000 0.13
27 21 3 17771 1000000 0.13
28 22 3 17772 1000000 0.13
29 23 3 17773 1000000 0.13
30 24 3 17774 1000000 0.13
31 25 3 17775 1000000 0.13
32 26 3 17776 1000000 0.13
33 27 3 17777 1000000 0.13
34 28 3 17778 1000000 0.13
35 29 3 17779 1000000 0.13
36 30 3 17780 1000000 0.13
37 31 3 17781 1000000 0.13
38 32 3 17782 1000000 0.13
39 33 3 17783 1000000 0.13
40 34 3 17784 1000000 0.13
41 35 3 17785 1000000 0.13
42 36 3 17786 1000000 0.13
43 37 3 17787 1000000 0.13
44 38 3 17788 1000000 0.13
45 39 3 17789 1000000 0.13
46 40 3 17790 1000000 0.13
47 41 3 17791 1000000 0.13
48 42 3 17792 1000000 0.13
49 43 3 17793 1000000 0.13
50 44 3 17794 1000000 0.13
51 45 3 17795 1000000 0.13
52 46 3 17796 1000000 0.13
53 47 3 17797 1000000 0.13
54 48 3 17798 1000000 0.13
55 49 3 17799 1000000 0.13
56 50 3 17800 1000000 0.13
57 51 3 17801 1000000 0.13
58 52 3 17802 1000000 0.13
59 53 3 17803 1000000 0.13
60 54 3 17804 1000000 0.13
61 55 3 17805 1000000 0.13
62 56 3 17806 1000000 0.13
63 57 3 17807 1000000 0.13
0 59 3 17808 1000000 0.13
1 60 3 17809 1000000 0.13
2 61 3 17810 1000000 0.13
3 62 3 17811 1000000 0.13
4 63 3 17812 1000000 0.13
5 0 3 17813 1000000 0.13
6 1 3 17814 1000000 0.13
7 2 3 17815 1000000 0.13
8 3 3 17816 1000000 0.13
9 4 3 17817 1000000 0.13
10 5 3 17818 1000000 0.13
11 6 3 17819 1000000 0.13
12 7 3 17820 1000000 0.13
13 8 3 17821 1000000 0.13
14 9 3 17822 1000000 0.13
15 10 3 17823 1000000 0.13
16 11 3 17824 1000000 0.13
17 12 3 17825 1000000 0.13
18 13 3 17826 1000000 0.13
19 14 3 17827 1000000 0.13
20 15 3 17828 1000000 0.13
21 16 3 17829 1000000 0.13
22 17 3 17830 1000000 0.13
23 18 3 17831 1000000 0.13
24 19 3 17832 1000000 0.13
25 20 3 17833 1000000 0.13
26 21 3 17834 1000000 0.13
27 22 3 17835 1000000 0.13
28 23 3 17836 1000000 0.13
29 24 3 17837 1000000 0.13
30 25 3 17838 1000000 0.13
31 26 3 17839 1000000 0.13
32 27 3 17840 1000000 0.13
33 28 3 17841 1000000 0.13
34 29 3 17842 1000000 0.13
35 30 3 17843 1000000 0.13
36 31 3 17844 1000000 0.13
37 32 3 17845 1000000 0.13
38 33 3 17846 1000000 0.13
39 34 3 17847 1000000 0.13
40 35 3 17848 1000000 0.13
41 36 3 17849 1000000 0.13
42 37 3 17850 1000000 0.13
43 38 3 17851 1000000 0.13
44 39 3 17852 1000000 0.13
45 40 3 17853 1000000 0.13
46 41 3 17854 1000000 0.13
47 42 3 17855 1000000 0.13
48 43 3 17856 1000000 0.13
49 44 3 17857 1000000 0.13
50 45 3 17858 1000000 0.13
51 46 3 17859 1000000 0.13
52 47 3 17860 1000000 0.13
53 48 3 17861 1000000 0.13
54 49 3 17862 1000000 0.13
55 50 3 17863 1000000 0.13
56 51 3 17864 1000000 0.13
57 52 3 17865 1000000 0.13
58 53 3 17866 1000000 0.13
59 54 3 17867 1000000 0.13
60 55 3 17868 1000000 0.13
61 56 3 17869 1000000 0.13
62 57 3 17870 1000000 0.13
63 58 3 17871 1000000 0.13
0 60 3 17872 1000000 0.13
1 61 3 17873 1000000 0.13
2 62 3 17874 1000000 0.13
3 63 3 17875 1000000 0.13
4 0 3 17876 1000000 0.13
5 1 3 17877 1000000 0.13
6 2 3 17878 1000000 0.13
7 3 3 17879 1000000 0.13
8 4 3 17880 1000000 0.13
9 5 3 17881 1000000 0.13
10 6 3 17882 1000000 0.13
11 7 3 17883 1000000 0.13
12 8 3 17884 1000000 0.13
13 9 3 17885 1000000 0.13
14 10 3 17886 1000000 0.13
15 11 3 17887 1000000 0.13
16 12 3 17888 1000000 0.13
17 13 3 17889 1000000 0.13
18 14 3 17890 1000000 0.13
19 15 3 17891 1000000 0.13
20 16 3 17892 1000000 0.13
21 17 3 17893 1000000 0.13
22 18 3 17894 1000000 0.13
23 19 3 17895 1000000 0.13
24 20 3 17896 1000000 0.13
25 21 3 17897 1000000 0.13
26 22 3 17898 1000000 0.13
27 23 3 17899 1000000 0.13
28 24 3 17900 1000000 0.13
29 25 3 17901 1000000 0.13
30 26 3 17902 1000000 0.13
31 27 3 17903 1000000 0.13
32 28 3 17904 1000000 0.13
33 29 3 17905 1000000 0.13
34 30 3 17906 1000000 0.13
35 31 3 17907 1000000 0.13
36 32 3 17908 1000000 0.13
37 33 3 17909 1000000 0.13
38 34 3 17910 1000000 0.13
39 35 3 17911 1000000 0.13
40 36 3 17912 1000000 0.13
41 37 3 17913 1000000 0.13
42 38 3 17914 1000000 0.13
43 39 3 17915 1000000 0.13
44 40 3 17916 1000000 0.13
45 41 3 17917 1000000 0.13
46 42 3 17918 1000000 0.13
47 43 3 17919 1000000 0.13
48 44 3 17920 1000000 0.13
49 45 3 17921 1000000 0.13
50 46 3 17922 1000000 0.13
51 47 3 17923 1000000 0.13
52 48 3 17924 1000000 0.13
53 49 3 17925 1000000 0.13
54 50 3 17926 1000000 0.13
55 51 3 17927 1000000 0.13
56 52 3 17928 1000000 0.13
57 53 3 17929 1000000 0.13
58 54 3 17930 1000000 0.13
59 55 3 17931 1000000 0.13
60 56 3 17932 1000000 0.13
61 57 3 17933 1000000 0.13
62 58 3 17934 1000000 0.13
63 59 3 17935 1000000 0.13
0 61 3 17936 1000000 0.13
1 62 3 17937 1000000 0.13
2 63 3 17938 1000000 0.13
3 0 3 17939 1000000 0.13
4 1 3 17940 1000000 0.13
5 2 3 17941 1000000 0.13
6 3 3 17942 1000000 0.13
7 4 3 17943 1000000 0.13
8 5 3 17944 1000000 0.13
9 6 3 17945 1000000 0.13
10 7 3 17946 1000000 0.13
11 8 3 17947 1000000 0.13
12 9 3 17948 1000000 0.13
13 10 3 17949 1000000 0.13
14 11 3 17950 1000000 0.13
15 12 3 17951 1000000 0.13
16 13 3 17952 1000000 0.13
17 14 3 17953 1000000 0.13
18 15 3 17954 1000000 0.13
19 16 3 17955 1000000 0.13
20 17 3 17956 1000000 0.13
21 18 3 17957 1000000 0.13
22 19 3 17958 1000000 0.13
23 20 3 17959 1000000 0.13
24 21 3 17960 1000000 0.13
25 22 3 17961 1000000 0.13
26 23 3 17962 1000000 0.13
27 24 3 17963 1000000 0.13
28 25 3 17964 1000000 0.13
29 26 3 17965 1000000 0.13
30 27 3 17966 1000000 0.13
31 28 3 17967 1000000 0.13
32 29 3 17968 1000000 0.13
33 30 3 17969 1000000 0.13
34 31 3 17970 1000000 0.13
35 32 3 17971 1000000 0.13
36 33 3 17972 1000000 0.13
37 34 3 17973 1000000 0.13
38 35 3 17974 1000000 0.13
39 36 3 17975 1000000 0.13
40 37 3 17976 1000000 0.13
41 38 3 17977 1000000 0.13
42 39 3 17978 1000000 0.13
43 40 3 17979 1000000 0.13
44 41 3 17980 1000000 0.13
45 42 3 17981 1000000 0.13
46 43 3 17982 1000000 0.13
47 44 3 17983 1000000 0.13
48 45 3 17984 1000000 0.13
49 46 3 17985 1000000 0.13
50 47 3 17986 1000000 0.13
51 48 3 17987 1000000 0.13
52 49 3 17988 1000000 0.13
53 50 3 17989 1000000 0.13
54 51 3 17990 1000000 0.13
55 52 3 17991 1000000 0.13
56 53 3 17992 1000000 0.13
57 54 3 17993 1000000 0.13
58 55 3 17994 1000000 0.13
59 56 3 17995 1000000 0.13
60 57 3 17996 1000000 0.13
61 58 3 17997 1000000 0.13
62 59 3 17998 1000000 0.13
63 60 3 17999 1000000 0.13
0 62 3 18000 1000000 0.13
1 63 3 18001 1000000 0.13
2 0 3 18002 1000000 0.13
3 1 3 18003 1000000 0.13
4 2 3 18004 1000000 0.13
5 3 3 18005 1000000 0.13
6 4 3 18006 1000000 0.13
7 5 3 18007 1000000 0.13
8 6 3 18008 1000000 0.13
9 7 3 18009 1000000 0.13
10 8 3 18010 1000000 0.13
11 9 3 18011 1000000 0.13
12 10 3 18012 1000000 0.13
13 11 3 18013 1000000 0.13
14 12 3 18014 1000000 0.13
15 13 3 18015 1000000 0.13
16 14 3 18016 1000000 0.13
17 15 3 18017 1000000 0.13
18 16 3 18018 1000000 0.13
19 17 3 18019 1000000 0.13
20 18 3 18020 1000000 0.13
21 19 3 18021 1000000 0.13
22 20 3 18022 1000000 0.13
23 21 3 18023 1000000 0.13
24 22 3 18024 1000000 0.13
25 23 3 18025 1000000 0.13
26 24 3 18026 1000000 0.13
27 25 3 18027 1000000 0.13
28 26 3 18028 1000000 0.13
29 27 3 18029 1000000 0.13
30 28 3 18030 1000000 0.13
31 29 3 18031 1000000 0.13
32 30 3 18032 1000000 0.13
33 31 3 18033 1000000 0.13
34 32 3 18034 1000000 0.13
35 33 3 18035 1000000 0.13
36 34 3 18036 1000000 0.13
37 35 3 18037 1000000 0.13
38 36 3 18038 1000000 0.13
39 37 3 18039 1000000 0.13
40 38 3 18040 1000000 0.13
41 39 3 18041 1000000 0.13
42 40 3 18042 1000000 0.13
43 41 3 18043 1000000 0.13
44 42 3 18044 1000000 0.13
45 43 3 18045 1000000 0.13
46 44 3 18046 1000000 0.13
47 45 3 18047 1000000 0.13
48 46 3 18048 1000000 0.13
49 47 3 18049 1000000 0.13
50 48 3 18050 1000000 0.13
51 49 3 18051 1000000 0.13
52 50 3 18052 1000000 0.13
53 51 3 18053 1000000 0.13
54 52 3 18054 1000000 0.13
55 53 3 18055 1000000 0.13
56 54 3 18056 1000000 0.13
57 55 3 18057 1000000 0.13
58 56 3 18058 1000000 0.13
59 57 3 18059 1000000 0.13
60 58 3 18060 1000000 0.13
61 59 3 18061 1000000 0.13
62 60 3 18062 1000000 0.13
63 61 3 18063 1000000 0.13
0 63 3 18064 1000000 0.13
1 0 3 18065 1000000 0.13
2 1 3 18066 1000000 0.13
3 2 3 18067 1000000 0.13
4 3 3 18068 1000000 0.13
5 4 3 18069 1000000 0.13
6 5 3 18070 1000000 0.13
7 6 3 18071 1000000 0.13
8 7 3 18072 1000000 0.13
9 8 3 18073 1000000 0.13
10 9 3 18074 1000000 0.13
11 10 3 18075 1000000 0.13
12 11 3 18076 1000000 0.13
13 12 3 18077 1000000 0.13
14 13 3 18078 1000000 0.13
15 14 3 18079 1000000 0.13
16 15 3 18080 1000000 0.13
17 16 3 18081 1000000 0.13
18 17 3 18082 1000000 0.13
19 18 3 18083 1000000 0.13
20 19 3 18084 1000000 0.13
21 20 3 18085 1000000 0.13
22 21 3 18086 1000000 0.13
23 22 3 18087 1000000 0.13
24 23 3 18088 1000000 0.13
25 24 3 18089 1000000 0.13
26 25 3 18090 1000000 0.13
27 26 3 18091 1000000 0.13
28 27 3 18092 1000000 0.13
29 28 3 18093 1000000 0.13
30 29 3 18094 1000000 0.13
31 30 3 18095 1000000 0.13
32 31 3 18096 1000000 0.13
33 32 3 18097 1000000 0.13
34 33 3 18098 1000000 0.13
35 34 3 18099 1000000 0.13
36 35 3 18100 1000000 0.13
37 36 3 18101 1000000 0.13
38 37 3 18102 1000000 0.13
39 38 3 18103 1000000 0.13
40 39 3 18104 1000000 0.13
41 40 3 18105 1000000 0.13
42 41 3 18106 1000000 0.13
43 42 3 18107 1000000 0.13
44 43 3 18108 1000000 0.13
45 44 3 18109 1000000 0.13
46 45 3 18110 1000000 0.13
47 46 3 18111 1000000 0.13
48 47 3 18112 1000000 0.13
49 48 3 18113 1000000 0.13
50 49 3 18114 1000000 0.13
51 50 3 18115 1000000 0.13
52 51 3 18116 1000000 0.13
53 52 3 18117 1000000 0.13
54 53 3 18118 1000000 0.13
55 54 3 18119 1000000 0.13
56 55 3 18120 1000000 0.13
57 56 3 18121 1000000 0.13
58 57 3 18122 1000000 0.13
59 58 3 18123 1000000 0.13
60 59 3 18124 1000000 0.13
61 60 3 18125 1000000 0.13
62 61 3 18126 1000000 0.13
63 62 3 18127 1000000 0.13
0 1 3 18128 1000000 0.13
1 2 3 18129 1000000 0.13
2 3 3 18130 1000000 0.13
3 4 3 18131 1000000 0.13
4 5 3 18132 1000000 0.13
5 6 3 18133 1000000 0.13
6 7 3 18134 1000000 0.13
7 8 3 18135 1000000 0.13
8 9 3 18136 1000000 0.13
9 10 3 18137 1000000 0.13
10 11 3 18138 1000000 0.13
11 12 3 18139 1000000 0.13
12 13 3 18140 1000000 0.13
13 14 3 18141 1000000 0.13
14 15 3 18142 1000000 0.13
15 16 3 18143 1000000 0.13
16 17 3 18144 1000000 0.13
17 18 3 18145 1000000 0.13
18 19 3 18146 1000000 0.13
19 20 3 18147 1000000 0.13
20 21 3 18148 1000000 0.13
21 22 3 18149 1000000 0.13
22 23 3 18150 1000000 0.13
23 24 3 18151 1000000 0.13
24 25 3 18152 1000000 0.13
25 26 3 18153 1000000 0.13
26 27 3 18154 1000000 0.13
27 28 3 18155 1000000 0.13
28 29 3 18156 1000000 0.13
29 30 3 18157 1000000 0.13
30 31 3 18158 1000000 0.13
31 32 3 18159 1000000 0.13
32 33 3 18160 1000000 0.13
33 34 3 18161 1000000 0.13
34 35 3 18162 1000000 0.13
35 36 3 18163 1000000 0.13
36 37 3 18164 1000000 0.13
37 38 3 18165 1000000 0.13
38 39 3 18166 1000000 0.13
39 40 3 18167 1000000 0.13
40 41 3 18168 1000000 0.13
41 42 3 18169 1000000 0.13
42 43 3 18170 1000000 0.13
43 44 3 18171 1000000 0.13
44 45 3 18172 1000000 0.13
45 46 3 18173 1000000 0.13
46 47 3 18174 1000000 0.13
47 48 3 18175 1000000 0.13
48 49 3 18176 1000000 0.13
49 50 3 18177 1000000 0.13
50 51 3 18178 1000000 0.13
51 52 3 18179 1000000 0.13
52 53 3 18180 1000000 0.13
53 54 3 18181 1000000 0.13
54 55 3 18182 1000000 0.13
55 56 3 18183 1000000 0.13
56 57 3 18184 1000000 0.13
57 58 3 18185 1000000 0.13
58 59 3 18186 1000000 0.13
59 60 3 18187 1000000 0.13
60 61 3 18188 1000000 0.13
61 62 3 18189 1000000 0.13
62 63 3 18190 1000000 0.13
63 0 3 18191 1000000 0.13
0 1 3 18192 1000000 0.13
1 2 3 18193 1000000 0.13
2 3 3 18194 1000000 0.13
3 4 3 18195 1000000 0.13
4 5 3 18196 1000000 0.13
5 6 3 18197 1000000 0.13
6 7 3 18198 1000000 0.13
7 8 3 18199 1000000 0.13
8 9 3 18200 1000000 0.13
9 10 3 18201 1000000 0.13
10 11 3 18202 1000000 0.13
11 12 3 18203 1000000 0.13
12 13 3 18204 1000000 0.13
13 14 3 18205 1000000 0.13
14 15 3 18206 1000000 0.13
15 16 3 18207 1000000 0.13
16 17 3 18208 1000000 0.13
17 18 3 18209 1000000 0.13
18 19 3 18210 1000000 0.13
19 20 3 18211 1000000 0.13
20 21 3 18212 1000000 0.13
21 22 3 18213 1000000 0.13
22 23 3 18214 1000000 0.13
23 24 3 18215 1000000 0.13
24 25 3 18216 1000000 0.13
25 26 3 18217 1000000 0.13
26 27 3 18218 1000000 0.13
27 28 3 18219 1000000 0.13
28 29 3 18220 1000000 0.13
29 30 3 18221 1000000 0.13
30 31 3 18222 1000000 0.13
31 32 3 18223 1000000 0.13
32 33 3 18224 1000000 0.13
33 34 3 18225 1000000 0.13
34 35 3 18226 1000000 0.13
35 36 3 18227 1000000 0.13
36 37 3 18228 1000000 0.13
37 38 3 18229 1000000 0.13
38 39 3 18230 1000000 0.13
39 40 3 18231 1000000 0.13
40 41 3 18232 1000000 0.13
41 42 3 18233 1000000 0.13
42 43 3 18234 1000000 0.13
43 44 3 18235 1000000 0.13
44 45 3 18236 1000000 0.13
45 46 3 18237 1000000 0.13
46 47 3 18238 1000000 0.13
47 48 3 18239 1000000 0.13
48 49 3 18240 1000000 0.13
49 50 3 18241 1000000 0.13
50 51 3 18242 1000000 0.13
51 52 3 18243 1000000 0.13
52 53 3 18244 1000000 0.13
53 54 3 18245 1000000 0.13
54 55 3 18246 1000000 0.13
55 56 3 18247 1000000 0.13
56 57 3 18248 1000000 0.13
57 58 3 18249 1000000 0.13
58 59 3 18250 1000000 0.13
59 60 3 18251 1000000 0.13
60 61 3 18252 1000000 0.13
61 62 3 18253 1000000 0.13
62 63 3 18254 1000000 0.13
63 0 3 18255 1000000 0.13
0 2 3 18256 1000000 0.13
1 3 3 18257 1000000 0.13
2 4 3 18258 1000000 0.13
3 5 3 18259 1000000 0.13
4 6 3 18260 1000000 0.13
5 7 3 18261 1000000 0.13
6 8 3 18262 1000000 0.13
7 9 3 18263 1000000 0.13
8 10 3 18264 1000000 0.13
9 11 3 18265 1000000 0.13
10 12 3 18266 1000000 0.13
11 13 3 18267 1000000 0.13
12 14 3 18268 1000000 0.13
13 15 3 18269 1000000 0.13
14 16 3 18270 1000000 0.13
15 17 3 18271 1000000 0.13
16 18 3 18272 1000000 0.13
17 19 3 18273 1000000 0.13
18 20 3 18274 1000000 0.13
19 21 3 18275 1000000 0.13
20 22 3 18276 1000000 0.13
21 23 3 18277 1000000 0.13
22 24 3 18278 1000000 0.13
23 25 3 18279 1000000 0.13
24 26 3 18280 1000000 0.13
25 27 3 18281 1000000 0.13
26 28 3 18282 1000000 0.13
27 29 3 18283 1000000 0.13
28 30 3 18284 1000000 0.13
29 31 3 18285 1000000 0.13
30 32 3 18286 1000000 0.13
31 33 3 18287 1000000 0.13
32 34 3 18288 1000000 0.13
33 35 3 18289 1000000 0.13
34 36 3 18290 1000000 0.13
35 37 3 18291 1000000 0.13
36 38 3 18292 1000000 0.13
37 39 3 18293 1000000 0.13
38 40 3 18294 1000000 0.13
39 41 3 18295 1000000 0.13
40 42 3 18296 1000000 0.13
41 43 3 18297 1000000 0.13
42 44 3 18298 1000000 0.13
43 45 3 18299 1000000 0.13
44 46 3 18300 1000000 0.13
45 47 3 18301 1000000 0.13
46 48 3 18302 1000000 0.13
47 49 3 18303 1000000 0.13
48 50 3 18304 1000000 0.13
49 51 3 18305 1000000 0.13
50 52 3 18306 1000000 0.13
51 53 3 18307 1000000 0.13
52 54 3 18308 1000000 0.13
53 55 3 18309 1000000 0.13
54 56 3 18310 1000000 0.13
55 57 3 18311 1000000 0.13
56 58 3 18312 1000000 0.13
57 59 3 18313 1000000 0.13
58 60 3 18314 1000000 0.13
59 61 3 18315 1000000 0.13
60 62 3 18316 1000000 0.13
61 63 3 18317 1000000 0.13
62 0 3 18318 1000000 0.13
63 1 3 18319 1000000 0.13
0 3 3 18320 1000000 0.13
1 4 3 18321 1000000 0.13
2 5 3 18322 1000000 0.13
3 6 3 18323 1000000 0.13
4 7 3 18324 1000000 0.13
5 8 3 18325 1000000 0.13
6 9 3 18326 1000000 0.13
7 10 3 18327 1000000 0.13
8 11 3 18328 1000000 0.13
9 12 3 18329 1000000 0.13
10 13 3 18330 1000000 0.13
11 14 3 18331 1000000 0.13
12 15 3 18332 1000000 0.13
13 16 3 18333 1000000 0.13
14 17 3 18334 1000000 0.13
15 18 3 18335 1000000 0.13
16 19 3 18336 1000000 0.13
17 20 3 18337 1000000 0.13
18 21 3 18338 1000000 0.13
19 22 3 18339 1000000 0.13
20 23 3 18340 1000000 0.13
21 24 3 18341 1000000 0.13
22 25 3 18342 1000000 0.13
23 26 3 18343 1000000 0.13
24 27 3 18344 1000000 0.13
25 28 3 18345 1000000 0.13
26 29 3 18346 1000000 0.13
27 30 3 18347 1000000 0.13
28 31 3 18348 1000000 0.13
29 32 3 18349 1000000 0.13
30 33 3 18350 1000000 0.13
31 34 3 18351 1000000 0.13
32 35 3 18352 1000000 0.13
33 36 3 18353 1000000 0.13
34 37 3 18354 1000000 0.13
35 38 3 18355 1000000 0.13
36 39 3 18356 1000000 0.13
37 40 3 18357 1000000 0.13
38 41 3 18358 1000000 0.13
39 42 3 18359 1000000 0.13
40 43 3 18360 1000000 0.13
41 44 3 18361 1000000 0.13
42 45 3 18362 1000000 0.13
43 46 3 18363 1000000 0.13
44 47 3 18364 1000000 0.13
45 48 3 18365 1000000 0.13
46 49 3 18366 1000000 0.13
47 50 3 18367 1000000 0.13
48 51 3 18368 1000000 0.13
49 52 3 18369 1000000 0.13
50 53 3 18370 1000000 0.13
51 54 3 18371 1000000 0.13
52 55 3 18372 1000000 0.13
53 56 3 18373 1000000 0.13
54 57 3 18374 1000000 0.13
55 58 3 18375 1000000 0.13
56 59 3 18376 1000000 0.13
57 60 3 18377 1000000 0.13
58 61 3 18378 1000000 0.13
59 62 3 18379 1000000 0.13
60 63 3 18380 1000000 0.13
61 0 3 18381 1000000 0.13
62 1 3 18382 1000000 0.13
63 2 3 18383 1000000 0.13
0 4 3 18384 1000000 0.13
1 5 3 18385 1000000 0.13
2 6 3 18386 1000000 0.13
3 7 3 18387 1000000 0.13
4 8 3 18388 1000000 0.13
5 9 3 18389 1000000 0.13
6 10 3 18390 1000000 0.13
7 11 3 18391 1000000 0.13
8 12 3 18392 1000000 0.13
9 13 3 18393 1000000 0.13
10 14 3 18394 1000000 0.13
11 15 3 18395 1000000 0.13
12 16 3 18396 1000000 0.13
13 17 3 18397 1000000 0.13
14 18 3 18398 1000000 0.13
15 19 3 18399 1000000 0.13
16 20 3 18400 1000000 0.13
17 21 3 18401 1000000 0.13
18 22 3 18402 1000000 0.13
19 23 3 18403 1000000 0.13
20 24 3 18404 1000000 0.13
21 25 3 18405 1000000 0.13
22 26 3 18406 1000000 0.13
23 27 3 18407 1000000 0.13
24 28 3 18408 1000000 0.13
25 29 3 18409 1000000 0.13
26 30 3 18410 1000000 0.13
27 31 3 18411 1000000 0.13
28 32 3 18412 1000000 0.13
29 33 3 18413 1000000 0.13
30 34 3 18414 1000000 0.13
31 35 3 18415 1000000 0.13
32 36 3 18416 1000000 0.13
33 37 3 18417 1000000 0.13
34 38 3 18418 1000000 0.13
35 39 3 18419 1000000 0.13
36 40 3 18420 1000000 0.13
37 41 3 18421 1000000 0.13
38 42 3 18422 1000000 0.13
39 43 3 18423 1000000 0.13
40 44 3 18424 1000000 0.13
41 45 3 18425 1000000 0.13
42 46 3 18426 1000000 0.13
43 47 3 18427 1000000 0.13
44 48 3 18428 1000000 0.13
45 49 3 18429 1000000 0.13
46 50 3 18430 1000000 0.13
47 51 3 18431 1000000 0.13
48 52 3 18432 1000000 0.13
49 53 3 18433 1000000 0.13
50 54 3 18434 1000000 0.13
51 55 3 18435 1000000 0.13
52 56 3 18436 1000000 0.13
53 57 3 18437 1000000 0.13
54 58 3 18438 1000000 0.13
55 59 3 18439 1000000 0.13
56 60 3 18440 1000000 0.13
57 61 3 18441 1000000 0.13
58 62 3 18442 1000000 0.13
59 63 3 18443 1000000 0.13
60 0 3 18444 1000000 0.13
61 1 3 18445 1000000 0.13
62 2 3 18446 1000000 0.13
63 3 3 18447 1000000 0.13
0 5 3 18448 1000000 0.13
1 6 3 18449 1000000 0.13
2 7 3 18450 1000000 0.13
3 8 3 18451 1000000 0.13
4 9 3 18452 1000000 0.13
5 10 3 18453 1000000 0.13
6 11 3 18454 1000000 0.13
7 12 3 18455 1000000 0.13
8 13 3 18456 1000000 0.13
9 14 3 18457 1000000 0.13
10 15 3 18458 1000000 0.13
11 16 3 18459 1000000 0.13
12 17 3 18460 1000000 0.13
13 18 3 18461 1000000 0.13
14 19 3 18462 1000000 0.13
15 20 3 18463 1000000 0.13
16 21 3 18464 1000000 0.13
17 22 3 18465 1000000 0.13
18 23 3 18466 1000000 0.13
19 24 3 18467 1000000 0.13
20 25 3 18468 1000000 0.13
21 26 3 18469 1000000 0.13
22 27 3 18470 1000000 0.13
23 28 3 18471 1000000 0.13
24 29 3 18472 1000000 0.13
25 30 3 18473 1000000 0.13
26 31 3 18474 1000000 0.13
27 32 3 18475 1000000 0.13
28 33 3 18476 1000000 0.13
29 34 3 18477 1000000 0.13
30 35 3 18478 1000000 0.13
31 36 3 18479 1000000 0.13
32 37 3 18480 1000000 0.13
33 38 3 18481 1000000 0.13
34 39 3 18482 1000000 0.13
35 40 3 18483 1000000 0.13
36 41 3 18484 1000000 0.13
37 42 3 18485 1000000 0.13
38 43 3 18486 1000000 0.13
39 44 3 18487 1000000 0.13
40 45 3 18488 1000000 0.13
41 46 3 18489 1000000 0.13
42 47 3 18490 1000000 0.13
43 48 3 18491 1000000 0.13
44 49 3 18492 1000000 0.13
45 50 3 18493 1000000 0.13
46 51 3 18494 1000000 0.13
47 52 3 18495 1000000 0.13
48 53 3 18496 1000000 0.13
49 54 3 18497 1000000 0.13
50 55 3 18498 1000000 0.13
51 56 3 18499 1000000 0.13
52 57 3 18500 1000000 0.13
53 58 3 18501 1000000 0.13
54 59 3 18502 1000000 0.13
55 60 3 18503 1000000 0.13
56 61 3 18504 1000000 0.13
57 62 3 18505 1000000 0.13
58 63 3 18506 1000000 0.13
59 0 3 18507 1000000 0.13
60 1 3 18508 1000000 0.13
61 2 3 18509 1000000 0.13
62 3 3 18510 1000000 0.13
63 4 3 18511 1000000 0.13
0 6 3 18512 1000000 0.13
1 7 3 18513 1000000 0.13
2 8 3 18514 1000000 0.13
3 9 3 18515 1000000 0.13
4 10 3 18516 1000000 0.13
5 11 3 18517 1000000 0.13
6 12 3 18518 1000000 0.13
7 13 3 18519 1000000 0.13
8 14 3 18520 1000000 0.13
9 15 3 18521 1000000 0.13
10 16 3 18522 1000000 0.13
11 17 3 18523 1000000 0.13
12 18 3 18524 1000000 0.13
13 19 3 18525 1000000 0.13
14 20 3 18526 1000000 0.13
15 21 3 18527 1000000 0.13
16 22 3 18528 1000000 0.13
17 23 3 18529 1000000 0.13
18 24 3 18530 1000000 0.13
19 25 3 18531 1000000 0.13
20 26 3 18532 1000000 0.13
21 27 3 18533 1000000 0.13
22 28 3 18534 1000000 0.13
23 29 3 18535 1000000 0.13
24 30 3 18536 1000000 0.13
25 31 3 18537 1000000 0.13
26 32 3 18538 1000000 0.13
27 33 3 18539 1000000 0.13
28 34 3 18540 1000000 0.13
29 35 3 18541 1000000 0.13
30 36 3 18542 1000000 0.13
31 37 3 18543 1000000 0.13
32 38 3 18544 1000000 0.13
33 39 3 18545 1000000 0.13
34 40 3 18546 1000000 0.13
35 41 3 18547 1000000 0.13
36 42 3 18548 1000000 0.13
37 43 3 18549 1000000 0.13
38 44 3 18550 1000000 0.13
39 45 3 18551 1000000 0.13
40 46 3 18552 1000000 0.13
41 47 3 18553 1000000 0.13
42 48 3 18554 1000000 0.13
43 49 3 18555 1000000 0.13
44 50 3 18556 1000000 0.13
45 51 3 18557 1000000 0.13
46 52 3 18558 1000000 0.13
47 53 3 18559 1000000 0.13
48 54 3 18560 1000000 0.13
49 55 3 18561 1000000 0.13
50 56 3 18562 1000000 0.13
51 57 3 18563 1000000 0.13
52 58 3 18564 1000000 0.13
53 59 3 18565 1000000 0.13
54 60 3 18566 1000000 0.13
55 61 3 18567 1000000 0.13
56 62 3 18568 1000000 0.13
57 63 3 18569 1000000 0.13
58 0 3 18570 1000000 0.13
59 1 3 18571 1000000 0.13
60 2 3 18572 1000000 0.13
61 3 3 18573 1000000 0.13
62 4 3 18574 1000000 0.13
63 5 3 18575 1000000 0.13
0 7 3 18576 1000000 0.13
1 8 3 18577 1000000 0.13
2 9 3 18578 1000000 0.13
3 10 3 18579 1000000 0.13
4 11 3 18580 1000000 0.13
5 12 3 18581 1000000 0.13
6 13 3 18582 1000000 0.13
7 14 3 18583 1000000 0.13
8 15 3 18584 1000000 0.13
9 16 3 18585 1000000 0.13
10 17 3 18586 1000000 0.13
11 18 3 18587 1000000 0.13
12 19 3 18588 1000000 0.13
13 20 3 18589 1000000 0.13
14 21 3 18590 1000000 0.13
15 22 3 18591 1000000 0.13
16 23 3 18592 1000000 0.13
17 24 3 18593 1000000 0.13
18 25 3 18594 1000000 0.13
19 26 3 18595 1000000 0.13
20 27 3 18596 1000000 0.13
21 28 3 18597 1000000 0.13
22 29 3 18598 1000000 0.13
23 30 3 18599 1000000 0.13
24 31 3 18600 1000000 0.13
25 32 3 18601 1000000 0.13
26 33 3 18602 1000000 0.13
27 34 3 18603 1000000 0.13
28 35 3 18604 1000000 0.13
29 36 3 18605 1000000 0.13
30 37 3 18606 1000000 0.13
31 38 3 18607 1000000 0.13
32 39 3 18608 1000000 0.13
33 40 3 18609 1000000 0.13
34 41 3 18610 1000000 0.13
35 42 3 18611 1000000 0.13
36 43 3 18612 1000000 0.13
37 44 3 18613 1000000 0.13
38 45 3 18614 1000000 0.13
39 46 3 18615 1000000 0.13
40 47 3 18616 1000000 0.13
41 48 3 18617 1000000 0.13
42 49 3 18618 1000000 0.13
43 50 3 18619 1000000 0.13
44 51 3 18620 1000000 0.13
45 52 3 18621 1000000 0.13
46 53 3 18622 1000000 0.13
47 54 3 18623 1000000 0.13
48 55 3 18624 1000000 0.13
49 56 3 18625 1000000 0.13
50 57 3 18626 1000000 0.13
51 58 3 18627 1000000 0.13
52 59 3 18628 1000000 0.13
53 60 3 18629 1000000 0.13
54 61 3 18630 1000000 0.13
55 62 3 18631 1000000 0.13
56 63 3 18632 1000000 0.13
57 0 3 18633 1000000 0.13
58 1 3 18634 1000000 0.13
59 2 3 18635 1000000 0.13
60 3 3 18636 1000000 0.13
61 4 3 18637 1000000 0.13
62 5 3 18638 1000000 0.13
63 6 3 18639 1000000 0.13
0 8 3 18640 1000000 0.13
1 9 3 18641 1000000 0.13
2 10 3 18642 1000000 0.13
3 11 3 18643 1000000 0.13
4 12 3 18644 1000000 0.13
5 13 3 18645 1000000 0.13
6 14 3 18646 1000000 0.13
7 15 3 18647 1000000 0.13
8 16 3 18648 1000000 0.13
9 17 3 18649 1000000 0.13
10 18 3 18650 1000000 0.13
11 19 3 18651 1000000 0.13
12 20 3 18652 1000000 0.13
13 21 3 18653 1000000 0.13
14 22 3 18654 1000000 0.13
15 23 3 18655 1000000 0.13
16 24 3 18656 1000000 0.13
17 25 3 18657 1000000 0.13
18 26 3 18658 1000000 0.13
19 27 3 18659 1000000 0.13
20 28 3 18660 1000000 0.13
21 29 3 18661 1000000 0.13
22 30 3 18662 1000000 0.13
23 31 3 18663 1000000 0.13
24 32 3 18664 1000000 0.13
25 33 3 18665 1000000 0.13
26 34 3 18666 1000000 0.13
27 35 3 18667 1000000 0.13
28 36 3 18668 1000000 0.13
29 37 3 18669 1000000 0.13
30 38 3 18670 1000000 0.13
31 39 3 18671 1000000 0.13
32 40 3 18672 1000000 0.13
33 41 3 18673 1000000 0.13
34 42 3 18674 1000000 0.13
35 43 3 18675 1000000 0.13
36 44 3 18676 1000000 0.13
37 45 3 18677 1000000 0.13
38 46 3 18678 1000000 0.13
39 47 3 18679 1000000 0.13
40 48 3 18680 1000000 0.13
41 49 3 18681 1000000 0.13
42 50 3 18682 1000000 0.13
43 51 3 18683 1000000 0.13
44 52 3 18684 1000000 0.13
45 53 3 18685 1000000 0.13
46 54 3 18686 1000000 0.13
47 55 3 18687 1000000 0.13
48 56 3 18688 1000000 0.13
49 57 3 18689 1000000 0.13
50 58 3 18690 1000000 0.13
51 59 3 18691 1000000 0.13
52 60 3 18692 1000000 0.13
53 61 3 18693 1000000 0.13
54 62 3 18694 1000000 0.13
55 63 3 18695 1000000 0.13
56 0 3 18696 1000000 0.13
57 1 3 18697 1000000 0.13
58 2 3 18698 1000000 0.13
59 3 3 18699 1000000 0.13
60 4 3 18700 1000000 0.13
61 5 3 18701 1000000 0.13
62 6 3 18702 1000000 0.13
63 7 3 18703 1000000 0.13
0 9 3 18704 1000000 0.13
1 10 3 18705 1000000 0.13
2 11 3 18706 1000000 0.13
3 12 3 18707 1000000 0.13
4 13 3 18708 1000000 0.13
5 14 3 18709 1000000 0.13
6 15 3 18710 1000000 0.13
7 16 3 18711 1000000 0.13
8 17 3 18712 1000000 0.13
9 18 3 18713 1000000 0.13
10 19 3 18714 1000000 0.13
11 20 3 18715 1000000 0.13
12 21 3 18716 1000000 0.13
13 22 3 18717 1000000 0.13
14 23 3 18718 1000000 0.13
15 24 3 18719 1000000 0.13
16 25 3 18720 1000000 0.13
17 26 3 18721 1000000 0.13
18 27 3 18722 1000000 0.13
19 28 3 18723 1000000 0.13
20 29 3 18724 1000000 0.13
21 30 3 18725 1000000 0.13
22 31 3 18726 1000000 0.13
23 32 3 18727 1000000 0.13
24 33 3 18728 1000000 0.13
25 34 3 18729 1000000 0.13
26 35 3 18730 1000000 0.13
27 36 3 18731 1000000 0.13
28 37 3 18732 1000000 0.13
29 38 3 18733 1000000 0.13
30 39 3 18734 1000000 0.13
31 40 3 18735 1000000 0.13
32 41 3 18736 1000000 0.13
33 42 3 18737 1000000 0.13
34 43 3 18738 1000000 0.13
35 44 3 18739 1000000 0.13
36 45 3 18740 1000000 0.13
37 46 3 18741 1000000 0.13
38 47 3 18742 1000000 0.13
39 48 3 18743 1000000 0.13
40 49 3 18744 1000000 0.13
41 50 3 18745 1000000 0.13
42 51 3 18746 1000000 0.13
43 52 3 18747 1000000 0.13
44 53 3 18748 1000000 0.13
45 54 3 18749 1000000 0.13
46 55 3 18750 1000000 0.13
47 56 3 18751 1000000 0.13
48 57 3 18752 1000000 0.13
49 58 3 18753 1000000 0.13
50 59 3 18754 1000000 0.13
51 60 3 18755 1000000 0.13
52 61 3 18756 1000000 0.13
53 62 3 18757 1000000 0.13
54 63 3 18758 1000000 0.13
55 0 3 18759 1000000 0.13
56 1 3 18760 1000000 0.13
57 2 3 18761 1000000 0.13
58 3 3 18762 1000000 0.13
59 4 3 18763 1000000 0.13
60 5 3 18764 1000000 0.13
61 6 3 18765 1000000 0.13
62 7 3 18766 1000000 0.13
63 8 3 18767 1000000 0.13
0 10 3 18768 1000000 0.13
1 11 3 18769 1000000 0.13
2 12 3 18770 1000000 0.13
3 13 3 18771 1000000 0.13
4 14 3 18772 1000000 0.13
5 15 3 18773 1000000 0.13
6 16 3 18774 1000000 0.13
7 17 3 18775 1000000 0.13
8 18 3 18776 1000000 0.13
9 19 3 18777 1000000 0.13
10 20 3 18778 1000000 0.13
11 21 3 18779 1000000 0.13
12 22 3 18780 1000000 0.13
13 23 3 18781 1000000 0.13
14 24 3 18782 1000000 0.13
15 25 3 18783 1000000 0.13
16 26 3 18784 1000000 0.13
17 27 3 18785 1000000 0.13
18 28 3 18786 1000000 0.13
19 29 3 18787 1000000 0.13
20 30 3 18788 1000000 0.13
21 31 3 18789 1000000 0.13
22 32 3 18790 1000000 0.13
23 33 3 18791 1000000 0.13
24 34 3 18792 1000000 0.13
25 35 3 18793 1000000 0.13
26 36 3 18794 1000000 0.13
27 37 3 18795 1000000 0.13
28 38 3 18796 1000000 0.13
29 39 3 18797 1000000 0.13
30 40 3 18798 1000000 0.13
31 41 3 18799 1000000 0.13
32 42 3 18800 1000000 0.13
33 43 3 18801 1000000 0.13
34 44 3 18802 1000000 0.13
35 45 3 18803 1000000 0.13
36 46 3 18804 1000000 0.13
37 47 3 18805 1000000 0.13
38 48 3 18806 1000000 0.13
39 49 3 18807 1000000 0.13
40 50 3 18808 1000000 0.13
41 51 3 18809 1000000 0.13
42 52 3 18810 1000000 0.13
43 53 3 18811 1000000 0.13
44 54 3 18812 1000000 0.13
45 55 3 18813 1000000 0.13
46 56 3 18814 1000000 0.13
47 57 3 18815 1000000 0.13
48 58 3 18816 1000000 0.13
49 59 3 18817 1000000 0.13
50 60 3 18818 1000000 0.13
51 61 3 18819 1000000 0.13
52 62 3 18820 1000000 0.13
53 63 3 18821 1000000 0.13
54 0 3 18822 1000000 0.13
55 1 3 18823 1000000 0.13
56 2 3 18824 1000000 0.13
57 3 3 18825 1000000 0.13
58 4 3 18826 1000000 0.13
59 5 3 18827 1000000 0.13
60 6 3 18828 1000000 0.13
61 7 3 18829 1000000 0.13
62 8 3 18830 1000000 0.13
63 9 3 18831 1000000 0.13
0 11 3 18832 1000000 0.13
1 12 3 18833 1000000 0.13
2 13 3 18834 1000000 0.13
3 14 3 18835 1000000 0.13
4 15 3 18836 1000000 0.13
5 16 3 18837 1000000 0.13
6 17 3 18838 1000000 0.13
7 18 3 18839 1000000 0.13
8 19 3 18840 1000000 0.13
9 20 3 18841 1000000 0.13
10 21 3 18842 1000000 0.13
11 22 3 18843 1000000 0.13
12 23 3 18844 1000000 0.13
13 24 3 18845 1000000 0.13
14 25 3 18846 1000000 0.13
15 26 3 18847 1000000 0.13
16 27 3 18848 1000000 0.13
17 28 3 18849 1000000 0.13
18 29 3 18850 1000000 0.13
19 30 3 18851 1000000 0.13
20 31 3 18852 1000000 0.13
21 32 3 18853 1000000 0.13
22 33 3 18854 1000000 0.13
23 34 3 18855 1000000 0.13
24 35 3 18856 1000000 0.13
25 36 3 18857 1000000 0.13
26 37 3 18858 1000000 0.13
27 38 3 18859 1000000 0.13
28 39 3 18860 1000000 0.13
29 40 3 18861 1000000 0.13
30 41 3 18862 1000000 0.13
31 42 3 18863 1000000 0.13
32 43 3 18864 1000000 0.13
33 44 3 18865 1000000 0.13
34 45 3 18866 1000000 0.13
35 46 3 18867 1000000 0.13
36 47 3 18868 1000000 0.13
37 48 3 18869 1000000 0.13
38 49 3 18870 1000000 0.13
39 50 3 18871 1000000 0.13
40 51 3 18872 1000000 0.13
41 52 3 18873 1000000 0.13
42 53 3 18874 1000000 0.13
43 54 3 18875 1000000 0.13
44 55 3 18876 1000000 0.13
45 56 3 18877 1000000 0.13
46 57 3 18878 1000000 0.13
47 58 3 18879 1000000 0.13
48 59 3 18880 1000000 0.13
49 60 3 18881 1000000 0.13
50 61 3 18882 1000000 0.13
51 62 3 18883 1000000 0.13
52 63 3 18884 1000000 0.13
53 0 3 18885 1000000 0.13
54 1 3 18886 1000000 0.13
55 2 3 18887 1000000 0.13
56 3 3 18888 1000000 0.13
57 4 3 18889 1000000 0.13
58 5 3 18890 1000000 0.13
59 6 3 18891 1000000 0.13
60 7 3 18892 1000000 0.13
61 8 3 18893 1000000 0.13
62 9 3 18894 1000000 0.13
63 10 3 18895 1000000 0.13
0 12 3 18896 1000000 0.13
1 13 3 18897 1000000 0.13
2 14 3 18898 1000000 0.13
3 15 3 18899 1000000 0.13
4 16 3 18900 1000000 0.13
5 17 3 18901 1000000 0.13
6 18 3 18902 1000000 0.13
7 19 3 18903 1000000 0.13
8 20 3 18904 1000000 0.13
9 21 3 18905 1000000 0.13
10 22 3 18906 1000000 0.13
11 23 3 18907 1000000 0.13
12 24 3 18908 1000000 0.13
13 25 3 18909 1000000 0.13
14 26 3 18910 1000000 0.13
15 27 3 18911 1000000 0.13
16 28 3 18912 1000000 0.13
17 29 3 18913 1000000 0.13
18 30 3 18914 1000000 0.13
19 31 3 18915 1000000 0.13
20 32 3 18916 1000000 0.13
21 33 3 18917 1000000 0.13
22 34 3 18918 1000000 0.13
23 35 3 18919 1000000 0.13
24 36 3 18920 1000000 0.13
25 37 3 18921 1000000 0.13
26 38 3 18922 1000000 0.13
27 39 3 18923 1000000 0.13
28 40 3 18924 1000000 0.13
29 41 3 18925 1000000 0.13
30 42 3 18926 1000000 0.13
31 43 3 18927 1000000 0.13
32 44 3 18928 1000000 0.13
33 45 3 18929 1000000 0.13
34 46 3 18930 1000000 0.13
35 47 3 18931 1000000 0.13
36 48 3 18932 1000000 0.13
37 49 3 18933 1000000 0.13
38 50 3 18934 1000000 0.13
39 51 3 18935 1000000 0.13
40 52 3 18936 1000000 0.13
41 53 3 18937 1000000 0.13
42 54 3 18938 1000000 0.13
43 55 3 18939 1000000 0.13
44 56 3 18940 1000000 0.13
45 57 3 18941 1000000 0.13
46 58 3 18942 1000000 0.13
47 59 3 18943 1000000 0.13
48 60 3 18944 1000000 0.13
49 61 3 18945 1000000 0.13
50 62 3 18946 1000000 0.13
51 63 3 18947 1000000 0.13
52 0 3 18948 1000000 0.13
53 1 3 18949 1000000 0.13
54 2 3 18950 1000000 0.13
55 3 3 18951 1000000 0.13
56 4 3 18952 1000000 0.13
57 5 3 18953 1000000 0.13
58 6 3 18954 1000000 0.13
59 7 3 18955 1000000 0.13
60 8 3 18956 1000000 0.13
61 9 3 18957 1000000 0.13
62 10 3 18958 1000000 0.13
63 11 3 18959 1000000 0.13
0 13 3 18960 1000000 0.13
1 14 3 18961 1000000 0.13
2 15 3 18962 1000000 0.13
3 16 3 18963 1000000 0.13
4 17 3 18964 1000000 0.13
5 18 3 18965 1000000 0.13
6 19 3 18966 1000000 0.13
7 20 3 18967 1000000 0.13
8 21 3 18968 1000000 0.13
9 22 3 18969 1000000 0.13
10 23 3 18970 1000000 0.13
11 24 3 18971 1000000 0.13
12 25 3 18972 1000000 0.13
13 26 3 18973 1000000 0.13
14 27 3 18974 1000000 0.13
15 28 3 18975 1000000 0.13
16 29 3 18976 1000000 0.13
17 30 3 18977 1000000 0.13
18 31 3 18978 1000000 0.13
19 32 3 18979 1000000 0.13
20 33 3 18980 1000000 0.13
21 34 3 18981 1000000 0.13
22 35 3 18982 1000000 0.13
23 36 3 18983 1000000 0.13
24 37 3 18984 1000000 0.13
25 38 3 18985 1000000 0.13
26 39 3 18986 1000000 0.13
27 40 3 18987 1000000 0.13
28 41 3 18988 1000000 0.13
29 42 3 18989 1000000 0.13
30 43 3 18990 1000000 0.13
31 44 3 18991 1000000 0.13
32 45 3 18992 1000000 0.13
33 46 3 18993 1000000 0.13
34 47 3 18994 1000000 0.13
35 48 3 18995 1000000 0.13
36 49 3 18996 1000000 0.13
37 50 3 18997 1000000 0.13
38 51 3 18998 1000000 0.13
39 52 3 18999 1000000 0.13
40 53 3 19000 1000000 0.13
41 54 3 19001 1000000 0.13
42 55 3 19002 1000000 0.13
43 56 3 19003 1000000 0.13
44 57 3 19004 1000000 0.13
45 58 3 19005 1000000 0.13
46 59 3 19006 1000000 0.13
47 60 3 19007 1000000 0.13
48 61 3 19008 1000000 0.13
49 62 3 19009 1000000 0.13
50 63 3 19010 1000000 0.13
51 0 3 19011 1000000 0.13
52 1 3 19012 1000000 0.13
53 2 3 19013 1000000 0.13
54 3 3 19014 1000000 0.13
55 4 3 19015 1000000 0.13
56 5 3 19016 1000000 0.13
57 6 3 19017 1000000 0.13
58 7 3 19018 1000000 0.13
59 8 3 19019 1000000 0.13
60 9 3 19020 1000000 0.13
61 10 3 19021 1000000 0.13
62 11 3 19022 1000000 0.13
63 12 3 19023 1000000 0.13
0 14 3 19024 1000000 0.13
1 15 3 19025 1000000 0.13
2 16 3 19026 1000000 0.13
3 17 3 19027 1000000 0.13
4 18 3 19028 1000000 0.13
5 19 3 19029 1000000 0.13
6 20 3 19030 1000000 0.13
7 21 3 19031 1000000 0.13
8 22 3 19032 1000000 0.13
9 23 3 19033 1000000 0.13
10 24 3 19034 1000000 0.13
11 25 3 19035 1000000 0.13
12 26 3 19036 1000000 0.13
13 27 3 19037 1000000 0.13
14 28 3 19038 1000000 0.13
15 29 3 19039 1000000 0.13
16 30 3 19040 1000000 0.13
17 31 3 19041 1000000 0.13
18 32 3 19042 1000000 0.13
19 33 3 19043 1000000 0.13
20 34 3 19044 1000000 0.13
21 35 3 19045 1000000 0.13
22 36 3 19046 1000000 0.13
23 37 3 19047 1000000 0.13
24 38 3 19048 1000000 0.13
25 39 3 19049 1000000 0.13
26 40 3 19050 1000000 0.13
27 41 3 19051 1000000 0.13
28 42 3 19052 1000000 0.13
29 43 3 19053 1000000 0.13
30 44 3 19054 1000000 0.13
31 45 3 19055 1000000 0.13
32 46 3 19056 1000000 0.13
33 47 3 19057 1000000 0.13
34 48 3 19058 1000000 0.13
35 49 3 19059 1000000 0.13
36 50 3 19060 1000000 0.13
37 51 3 19061 1000000 0.13
38 52 3 19062 1000000 0.13
39 53 3 19063 1000000 0.13
40 54 3 19064 1000000 0.13
41 55 3 19065 1000000 0.13
42 56 3 19066 1000000 0.13
43 57 3 19067 1000000 0.13
44 58 3 19068 1000000 0.13
45 59 3 19069 1000000 0.13
46 60 3 19070 1000000 0.13
47 61 3 19071 1000000 0.13
48 62 3 19072 1000000 0.13
49 63 3 19073 1000000 0.13
50 0 3 19074 1000000 0.13
51 1 3 19075 1000000 0.13
52 2 3 19076 1000000 0.13
53 3 3 19077 1000000 0.13
54 4 3 19078 1000000 0.13
55 5 3 19079 1000000 0.13
56 6 3 19080 1000000 0.13
57 7 3 19081 1000000 0.13
58 8 3 19082 1000000 0.13
59 9 3 19083 1000000 0.13
60 10 3 19084 1000000 0.13
61 11 3 19085 1000000 0.13
62 12 3 19086 1000000 0.13
63 13 3 19087 1000000 0.13
0 15 3 19088 1000000 0.13
1 16 3 19089 1000000 0.13
2 17 3 19090 1000000 0.13
3 18 3 19091 1000000 0.13
4 19 3 19092 1000000 0.13
5 20 3 19093 1000000 0.13
6 21 3 19094 1000000 0.13
7 22 3 19095 1000000 0.13
8 23 3 19096 1000000 0.13
9 24 3 19097 1000000 0.13
10 25 3 19098 1000000 0.13
11 26 3 19099 1000000 0.13
12 27 3 19100 1000000 0.13
13 28 3 19101 1000000 0.13
14 29 3 19102 1000000 0.13
15 30 3 19103 1000000 0.13
16 31 3 19104 1000000 0.13
17 32 3 19105 1000000 0.13
18 33 3 19106 1000000 0.13
19 34 3 19107 1000000 0.13
20 35 3 19108 1000000 0.13
21 36 3 19109 1000000 0.13
22 37 3 19110 1000000 0.13
23 38 3 19111 1000000 0.13
24 39 3 19112 1000000 0.13
25 40 3 19113 1000000 0.13
26 41 3 19114 1000000 0.13
27 42 3 19115 1000000 0.13
28 43 3 19116 1000000 0.13
29 44 3 19117 1000000 0.13
30 45 3 19118 1000000 0.13
31 46 3 19119 1000000 0.13
32 47 3 19120 1000000 0.13
33 48 3 19121 1000000 0.13
34 49 3 19122 1000000 0.13
35 50 3 19123 1000000 0.13
36 51 3 19124 1000000 0.13
37 52 3 19125 1000000 0.13
38 53 3 19126 1000000 0.13
39 54 3 19127 1000000 0.13
40 55 3 19128 1000000 0.13
41 56 3 19129 1000000 0.13
42 57 3 19130 1000000 0.13
43 58 3 19131 1000000 0.13
44 59 3 19132 1000000 0.13
45 60 3 19133 1000000 0.13
46 61 3 19134 1000000 0.13
47 62 3 19135 1000000 0.13
48 63 3 19136 1000000 0.13
49 0 3 19137 1000000 0.13
50 1 3 19138 1000000 0.13
51 2 3 19139 1000000 0.13
52 3 3 19140 1000000 0.13
53 4 3 19141 1000000 0.13
54 5 3 19142 1000000 0.13
55 6 3 19143 1000000 0.13
56 7 3 19144 1000000 0.13
57 8 3 19145 1000000 0.13
58 9 3 19146 1000000 0.13
59 10 3 19147 1000000 0.13
60 11 3 19148 1000000 0.13
61 12 3 19149 1000000 0.13
62 13 3 19150 1000000 0.13
63 14 3 19151 1000000 0.13
0 16 3 19152 1000000 0.13
1 17 3 19153 1000000 0.13
2 18 3 19154 1000000 0.13
3 19 3 19155 1000000 0.13
4 20 3 19156 1000000 0.13
5 21 3 19157 1000000 0.13
6 22 3 19158 1000000 0.13
7 23 3 19159 1000000 0.13
8 24 3 19160 1000000 0.13
9 25 3 19161 1000000 0.13
10 26 3 19162 1000000 0.13
11 27 3 19163 1000000 0.13
12 28 3 19164 1000000 0.13
13 29 3 19165 1000000 0.13
14 30 3 19166 1000000 0.13
15 31 3 19167 1000000 0.13
16 32 3 19168 1000000 0.13
17 33 3 19169 1000000 0.13
18 34 3 19170 1000000 0.13
19 35 3 19171 1000000 0.13
20 36 3 19172 1000000 0.13
21 37 3 19173 1000000 0.13
22 38 3 19174 1000000 0.13
23 39 3 19175 1000000 0.13
24 40 3 19176 1000000 0.13
25 41 3 19177 1000000 0.13
26 42 3 19178 1000000 0.13
27 43 3 19179 1000000 0.13
28 44 3 19180 1000000 0.13
29 45 3 19181 1000000 0.13
30 46 3 19182 1000000 0.13
31 47 3 19183 1000000 0.13
32 48 3 19184 1000000 0.13
33 49 3 19185 1000000 0.13
34 50 3 19186 1000000 0.13
35 51 3 19187 1000000 0.13
36 52 3 19188 1000000 0.13
37 53 3 19189 1000000 0.13
38 54 3 19190 1000000 0.13
39 55 3 19191 1000000 0.13
40 56 3 19192 1000000 0.13
41 57 3 19193 1000000 0.13
42 58 3 19194 1000000 0.13
43 59 3 19195 1000000 0.13
44 60 3 19196 1000000 0.13
45 61 3 19197 1000000 0.13
46 62 3 19198 1000000 0.13
47 63 3 19199 1000000 0.13
48 0 3 19200 1000000 0.13
49 1 3 19201 1000000 0.13
50 2 3 19202 1000000 0.13
51 3 3 19203 1000000 0.13
52 4 3 19204 1000000 0.13
53 5 3 19205 1000000 0.13
54 6 3 19206 1000000 0.13
55 7 3 19207 1000000 0.13
56 8 3 19208 1000000 0.13
57 9 3 19209 1000000 0.13
58 10 3 19210 1000000 0.13
59 11 3 19211 1000000 0.13
60 12 3 19212 1000000 0.13
61 13 3 19213 1000000 0.13
62 14 3 19214 1000000 0.13
63 15 3 19215 1000000 0.13
0 17 3 19216 1000000 0.13
1 18 3 19217 1000000 0.13
2 19 3 19218 1000000 0.13
3 20 3 19219 1000000 0.13
4 21 3 19220 1000000 0.13
5 22 3 19221 1000000 0.13
6 23 3 19222 1000000 0.13
7 24 3 19223 1000000 0.13
8 25 3 19224 1000000 0.13
9 26 3 19225 1000000 0.13
10 27 3 19226 1000000 0.13
11 28 3 19227 1000000 0.13
12 29 3 19228 1000000 0.13
13 30 3 19229 1000000 0.13
14 31 3 19230 1000000 0.13
15 32 3 19231 1000000 0.13
16 33 3 19232 1000000 0.13
17 34 3 19233 1000000 0.13
18 35 3 19234 1000000 0.13
19 36 3 19235 1000000 0.13
20 37 3 19236 1000000 0.13
21 38 3 19237 1000000 0.13
22 39 3 19238 1000000 0.13
23 40 3 19239 1000000 0.13
24 41 3 19240 1000000 0.13
25 42 3 19241 1000000 0.13
26 43 3 19242 1000000 0.13
27 44 3 19243 1000000 0.13
28 45 3 19244 1000000 0.13
29 46 3 19245 1000000 0.13
30 47 3 19246 1000000 0.13
31 48 3 19247 1000000 0.13
32 49 3 19248 1000000 0.13
33 50 3 19249 1000000 0.13
34 51 3 19250 1000000 0.13
35 52 3 19251 1000000 0.13
36 53 3 19252 1000000 0.13
37 54 3 19253 1000000 0.13
38 55 3 19254 1000000 0.13
39 56 3 19255 1000000 0.13
40 57 3 19256 1000000 0.13
41 58 3 19257 1000000 0.13
42 59 3 19258 1000000 0.13
43 60 3 19259 1000000 0.13
44 61 3 19260 1000000 0.13
45 62 3 19261 1000000 0.13
46 63 3 19262 1000000 0.13
47 0 3 19263 1000000 0.13
48 1 3 19264 1000000 0.13
49 2 3 19265 1000000 0.13
50 3 3 19266 1000000 0.13
51 4 3 19267 1000000 0.13
52 5 3 19268 1000000 0.13
53 6 3 19269 1000000 0.13
54 7 3 19270 1000000 0.13
55 8 3 19271 1000000 0.13
56 9 3 19272 1000000 0.13
57 10 3 19273 1000000 0.13
58 11 3 19274 1000000 0.13
59 12 3 19275 1000000 0.13
60 13 3 19276 1000000 0.13
61 14 3 19277 1000000 0.13
62 15 3 19278 1000000 0.13
63 16 3 19279 1000000 0.13
0 18 3 19280 1000000 0.13
1 19 3 19281 1000000 0.13
2 20 3 19282 1000000 0.13
3 21 3 19283 1000000 0.13
4 22 3 19284 1000000 0.13
5 23 3 19285 1000000 0.13
6 24 3 19286 1000000 0.13
7 25 3 19287 1000000 0.13
8 26 3 19288 1000000 0.13
9 27 3 19289 1000000 0.13
10 28 3 19290 1000000 0.13
11 29 3 19291 1000000 0.13
12 30 3 19292 1000000 0.13
13 31 3 19293 1000000 0.13
14 32 3 19294 1000000 0.13
15 33 3 19295 1000000 0.13
16 34 3 19296 1000000 0.13
17 35 3 19297 1000000 0.13
18 36 3 19298 1000000 0.13
19 37 3 19299 1000000 0.13
20 38 3 19300 1000000 0.13
21 39 3 19301 1000000 0.13
22 40 3 19302 1000000 0.13
23 41 3 19303 1000000 0.13
24 42 3 19304 1000000 0.13
25 43 3 19305 1000000 0.13
26 44 3 19306 1000000 0.13
27 45 3 19307 1000000 0.13
28 46 3 19308 1000000 0.13
29 47 3 19309 1000000 0.13
30 48 3 19310 1000000 0.13
31 49 3 19311 1000000 0.13
32 50 3 19312 1000000 0.13
33 51 3 19313 1000000 0.13
34 52 3 19314 1000000 0.13
35 53 3 19315 1000000 0.13
36 54 3 19316 1000000 0.13
37 55 3 19317 1000000 0.13
38 56 3 19318 1000000 0.13
39 57 3 19319 1000000 0.13
40 58 3 19320 1000000 0.13
41 59 3 19321 1000000 0.13
42 60 3 19322 1000000 0.13
43 61 3 19323 1000000 0.13
44 62 3 19324 1000000 0.13
45 63 3 19325 1000000 0.13
46 0 3 19326 1000000 0.13
47 1 3 19327 1000000 0.13
48 2 3 19328 1000000 0.13
49 3 3 19329 1000000 0.13
50 4 3 19330 1000000 0.13
51 5 3 19331 1000000 0.13
52 6 3 19332 1000000 0.13
53 7 3 19333 1000000 0.13
54 8 3 19334 1000000 0.13
55 9 3 19335 1000000 0.13
56 10 3 19336 1000000 0.13
57 11 3 19337 1000000 0.13
58 12 3 19338 1000000 0.13
59 13 3 19339 1000000 0.13
60 14 3 19340 1000000 0.13
61 15 3 19341 1000000 0.13
62 16 3 19342 1000000 0.13
63 17 3 19343 1000000 0.13
0 19 3 19344 1000000 0.13
1 20 3 19345 1000000 0.13
2 21 3 19346 1000000 0.13
3 22 3 19347 1000000 0.13
4 23 3 19348 1000000 0.13
5 24 3 19349 1000000 0.13
6 25 3 19350 1000000 0.13
7 26 3 19351 1000000 0.13
8 27 3 19352 1000000 0.13
9 28 3 19353 1000000 0.13
10 29 3 19354 1000000 0.13
11 30 3 19355 1000000 0.13
12 31 3 19356 1000000 0.13
13 32 3 19357 1000000 0.13
14 33 3 19358 1000000 0.13
15 34 3 19359 1000000 0.13
16 35 3 19360 1000000 0.13
17 36 3 19361 1000000 0.13
18 37 3 19362 1000000 0.13
19 38 3 19363 1000000 0.13
20 39 3 19364 1000000 0.13
21 40 3 19365 1000000 0.13
22 41 3 19366 1000000 0.13
23 42 3 19367 1000000 0.13
24 43 3 19368 1000000 0.13
25 44 3 19369 1000000 0.13
26 45 3 19370 1000000 0.13
27 46 3 19371 1000000 0.13
28 47 3 19372 1000000 0.13
29 48 3 19373 1000000 0.13
30 49 3 19374 1000000 0.13
31 50 3 19375 1000000 0.13
32 51 3 19376 1000000 0.13
33 52 3 19377 1000000 0.13
34 53 3 19378 1000000 0.13
35 54 3 19379 1000000 0.13
36 55 3 19380 1000000 0.13
37 56 3 19381 1000000 0.13
38 57 3 19382 1000000 0.13
39 58 3 19383 1000000 0.13
40 59 3 19384 1000000 0.13
41 60 3 19385 1000000 0.13
42 61 3 19386 1000000 0.13
43 62 3 19387 1000000 0.13
44 63 3 19388 1000000 0.13
45 0 3 19389 1000000 0.13
46 1 3 19390 1000000 0.13
47 2 3 19391 1000000 0.13
48 3 3 19392 1000000 0.13
49 4 3 19393 1000000 0.13
50 5 3 19394 1000000 0.13
51 6 3 19395 1000000 0.13
52 7 3 19396 1000000 0.13
53 8 3 19397 1000000 0.13
54 9 3 19398 1000000 0.13
55 10 3 19399 1000000 0.13
56 11 3 19400 1000000 0.13
57 12 3 19401 1000000 0.13
58 13 3 19402 1000000 0.13
59 14 3 19403 1000000 0.13
60 15 3 19404 1000000 0.13
61 16 3 19405 1000000 0.13
62 17 3 19406 1000000 0.13
63 18 3 19407 1000000 0.13
0 20 3 19408 1000000 0.13
1 21 3 19409 1000000 0.13
2 22 3 19410 1000000 0.13
3 23 3 19411 1000000 0.13
4 24 3 19412 1000000 0.13
5 25 3 19413 1000000 0.13
6 26 3 19414 1000000 0.13
7 27 3 19415 1000000 0.13
8 28 3 19416 1000000 0.13
9 29 3 19417 1000000 0.13
10 30 3 19418 1000000 0.13
11 31 3 19419 1000000 0.13
12 32 3 19420 1000000 0.13
13 33 3 19421 1000000 0.13
14 34 3 19422 1000000 0.13
15 35 3 19423 1000000 0.13
16 36 3 19424 1000000 0.13
17 37 3 19425 1000000 0.13
18 38 3 19426 1000000 0.13
19 39 3 19427 1000000 0.13
20 40 3 19428 1000000 0.13
21 41 3 19429 1000000 0.13
22 42 3 19430 1000000 0.13
23 43 3 19431 1000000 0.13
24 44 3 19432 1000000 0.13
25 45 3 19433 1000000 0.13
26 46 3 19434 1000000 0.13
27 47 3 19435 1000000 0.13
28 48 3 19436 1000000 0.13
29 49 3 19437 1000000 0.13
30 50 3 19438 1000000 0.13
31 51 3 19439 1000000 0.13
32 52 3 19440 1000000 0.13
33 53 3 19441 1000000 0.13
34 54 3 19442 1000000 0.13
35 55 3 19443 1000000 0.13
36 56 3 19444 1000000 0.13
37 57 3 19445 1000000 0.13
38 58 3 19446 1000000 0.13
39 59 3 19447 1000000 0.13
40 60 3 19448 1000000 0.13
41 61 3 19449 1000000 0.13
42 62 3 19450 1000000 0.13
43 63 3 19451 1000000 0.13
44 0 3 19452 1000000 0.13
45 1 3 19453 1000000 0.13
46 2 3 19454 1000000 0.13
47 3 3 19455 1000000 0.13
48 4 3 19456 1000000 0.13
49 5 3 19457 1000000 0.13
50 6 3 19458 1000000 0.13
51 7 3 19459 1000000 0.13
52 8 3 19460 1000000 0.13
53 9 3 19461 1000000 0.13
54 10 3 19462 1000000 0.13
55 11 3 19463 1000000 0.13
56 12 3 19464 1000000 0.13
57 13 3 19465 1000000 0.13
58 14 3 19466 1000000 0.13
59 15 3 19467 1000000 0.13
60 16 3 19468 1000000 0.13
61 17 3 19469 1000000 0.13
62 18 3 19470 1000000 0.13
63 19 3 19471 1000000 0.13
0 21 3 19472 1000000 0.13
1 22 3 19473 1000000 0.13
2 23 3 19474 1000000 0.13
3 24 3 19475 1000000 0.13
4 25 3 19476 1000000 0.13
5 26 3 19477 1000000 0.13
6 27 3 19478 1000000 0.13
7 28 3 19479 1000000 0.13
8 29 3 19480 1000000 0.13
9 30 3 19481 1000000 0.13
10 31 3 19482 1000000 0.13
11 32 3 19483 1000000 0.13
12 33 3 19484 1000000 0.13
13 34 3 19485 1000000 0.13
14 35 3 19486 1000000 0.13
15 36 3 19487 1000000 0.13
16 37 3 19488 1000000 0.13
17 38 3 19489 1000000 0.13
18 39 3 19490 1000000 0.13
19 40 3 19491 1000000 0.13
20 41 3 19492 1000000 0.13
21 42 3 19493 1000000 0.13
22 43 3 19494 1000000 0.13
23 44 3 19495 1000000 0.13
24 45 3 19496 1000000 0.13
25 46 3 19497 1000000 0.13
26 47 3 19498 1000000 0.13
27 48 3 19499 1000000 0.13
28 49 3 19500 1000000 0.13
29 50 3 19501 1000000 0.13
30 51 3 19502 1000000 0.13
31 52 3 19503 1000000 0.13
32 53 3 19504 1000000 0.13
33 54 3 19505 1000000 0.13
34 55 3 19506 1000000 0.13
35 56 3 19507 1000000 0.13
36 57 3 19508 1000000 0.13
37 58 3 19509 1000000 0.13
38 59 3 19510 1000000 0.13
39 60 3 19511 1000000 0.13
40 61 3 19512 1000000 0.13
41 62 3 19513 1000000 0.13
42 63 3 19514 1000000 0.13
43 0 3 19515 1000000 0.13
44 1 3 19516 1000000 0.13
45 2 3 19517 1000000 0.13
46 3 3 19518 1000000 0.13
47 4 3 19519 1000000 0.13
48 5 3 19520 1000000 0.13
49 6 3 19521 1000000 0.13
50 7 3 19522 1000000 0.13
51 8 3 19523 1000000 0.13
52 9 3 19524 1000000 0.13
53 10 3 19525 1000000 0.13
54 11 3 19526 1000000 0.13
55 12 3 19527 1000000 0.13
56 13 3 19528 1000000 0.13
57 14 3 19529 1000000 0.13
58 15 3 19530 1000000 0.13
59 16 3 19531 1000000 0.13
60 17 3 19532 1000000 0.13
61 18 3 19533 1000000 0.13
62 19 3 19534 1000000 0.13
63 20 3 19535 1000000 0.13
0 22 3 19536 1000000 0.13
1 23 3 19537 1000000 0.13
2 24 3 19538 1000000 0.13
3 25 3 19539 1000000 0.13
4 26 3 19540 1000000 0.13
5 27 3 19541 1000000 0.13
6 28 3 19542 1000000 0.13
7 29 3 19543 1000000 0.13
8 30 3 19544 1000000 0.13
9 31 3 19545 1000000 0.13
10 32 3 19546 1000000 0.13
11 33 3 19547 1000000 0.13
12 34 3 19548 1000000 0.13
13 35 3 19549 1000000 0.13
14 36 3 19550 1000000 0.13
15 37 3 19551 1000000 0.13
16 38 3 19552 1000000 0.13
17 39 3 19553 1000000 0.13
18 40 3 19554 1000000 0.13
19 41 3 19555 1000000 0.13
20 42 3 19556 1000000 0.13
21 43 3 19557 1000000 0.13
22 44 3 19558 1000000 0.13
23 45 3 19559 1000000 0.13
24 46 3 19560 1000000 0.13
25 47 3 19561 1000000 0.13
26 48 3 19562 1000000 0.13
27 49 3 19563 1000000 0.13
28 50 3 19564 1000000 0.13
29 51 3 19565 1000000 0.13
30 52 3 19566 1000000 0.13
31 53 3 19567 1000000 0.13
32 54 3 19568 1000000 0.13
33 55 3 19569 1000000 0.13
34 56 3 19570 1000000 0.13
35 57 3 19571 1000000 0.13
36 58 3 19572 1000000 0.13
37 59 3 19573 1000000 0.13
38 60 3 19574 1000000 0.13
39 61 3 19575 1000000 0.13
40 62 3 19576 1000000 0.13
41 63 3 19577 1000000 0.13
42 0 3 19578 1000000 0.13
43 1 3 19579 1000000 0.13
44 2 3 19580 1000000 0.13
45 3 3 19581 1000000 0.13
46 4 3 19582 1000000 0.13
47 5 3 19583 1000000 0.13
48 6 3 19584 1000000 0.13
49 7 3 19585 1000000 0.13
50 8 3 19586 1000000 0.13
51 9 3 19587 1000000 0.13
52 10 3 19588 1000000 0.13
53 11 3 19589 1000000 0.13
54 12 3 19590 1000000 0.13
55 13 3 19591 1000000 0.13
56 14 3 19592 1000000 0.13
57 15 3 19593 1000000 0.13
58 16 3 19594 1000000 0.13
59 17 3 19595 1000000 0.13
60 18 3 19596 1000000 0.13
61 19 3 19597 1000000 0.13
62 20 3 19598 1000000 0.13
63 21 3 19599 1000000 0.13
0 23 3 19600 1000000 0.13
1 24 3 19601 1000000 0.13
2 25 3 19602 1000000 0.13
3 26 3 19603 1000000 0.13
4 27 3 19604 1000000 0.13
5 28 3 19605 1000000 0.13
6 29 3 19606 1000000 0.13
7 30 3 19607 1000000 0.13
8 31 3 19608 1000000 0.13
9 32 3 19609 1000000 0.13
10 33 3 19610 1000000 0.13
11 34 3 19611 1000000 0.13
12 35 3 19612 1000000 0.13
13 36 3 19613 1000000 0.13
14 37 3 19614 1000000 0.13
15 38 3 19615 1000000 0.13
16 39 3 19616 1000000 0.13
17 40 3 19617 1000000 0.13
18 41 3 19618 1000000 0.13
19 42 3 19619 1000000 0.13
20 43 3 19620 1000000 0.13
21 44 3 19621 1000000 0.13
22 45 3 19622 1000000 0.13
23 46 3 19623 1000000 0.13
24 47 3 19624 1000000 0.13
25 48 3 19625 1000000 0.13
26 49 3 19626 1000000 0.13
27 50 3 19627 1000000 0.13
28 51 3 19628 1000000 0.13
29 52 3 19629 1000000 0.13
30 53 3 19630 1000000 0.13
31 54 3 19631 1000000 0.13
32 55 3 19632 1000000 0.13
33 56 3 19633 1000000 0.13
34 57 3 19634 1000000 0.13
35 58 3 19635 1000000 0.13
36 59 3 19636 1000000 0.13
37 60 3 19637 1000000 0.13
38 61 3 19638 1000000 0.13
39 62 3 19639 1000000 0.13
40 63 3 19640 1000000 0.13
41 0 3 19641 1000000 0.13
42 1 3 19642 1000000 0.13
43 2 3 19643 1000000 0.13
44 3 3 19644 1000000 0.13
45 4 3 19645 1000000 0.13
46 5 3 19646 1000000 0.13
47 6 3 19647 1000000 0.13
48 7 3 19648 1000000 0.13
49 8 3 19649 1000000 0.13
50 9 3 19650 1000000 0.13
51 10 3 19651 1000000 0.13
52 11 3 19652 1000000 0.13
53 12 3 19653 1000000 0.13
54 13 3 19654 1000000 0.13
55 14 3 19655 1000000 0.13
56 15 3 19656 1000000 0.13
57 16 3 19657 1000000 0.13
58 17 3 19658 1000000 0.13
59 18 3 19659 1000000 0.13
60 19 3 19660 1000000 0.13
61 20 3 19661 1000000 0.13
62 21 3 19662 1000000 0.13
63 22 3 19663 1000000 0.13
0 24 3 19664 1000000 0.13
1 25 3 19665 1000000 0.13
2 26 3 19666 1000000 0.13
3 27 3 19667 1000000 0.13
4 28 3 19668 1000000 0.13
5 29 3 19669 1000000 0.13
6 30 3 19670 1000000 0.13
7 31 3 19671 1000000 0.13
8 32 3 19672 1000000 0.13
9 33 3 19673 1000000 0.13
10 34 3 19674 1000000 0.13
11 35 3 19675 1000000 0.13
12 36 3 19676 1000000 0.13
13 37 3 19677 1000000 0.13
14 38 3 19678 1000000 0.13
15 39 3 19679 1000000 0.13
16 40 3 19680 1000000 0.13
17 41 3 19681 1000000 0.13
18 42 3 19682 1000000 0.13
19 43 3 19683 1000000 0.13
20 44 3 19684 1000000 0.13
21 45 3 19685 1000000 0.13
22 46 3 19686 1000000 0.13
23 47 3 19687 1000000 0.13
24 48 3 19688 1000000 0.13
25 49 3 19689 1000000 0.13
26 50 3 19690 1000000 0.13
27 51 3 19691 1000000 0.13
28 52 3 19692 1000000 0.13
29 53 3 19693 1000000 0.13
30 54 3 19694 1000000 0.13
31 55 3 19695 1000000 0.13
32 56 3 19696 1000000 0.13
33 57 3 19697 1000000 0.13
34 58 3 19698 1000000 0.13
35 59 3 19699 1000000 0.13
36 60 3 19700 1000000 0.13
37 61 3 19701 1000000 0.13
38 62 3 19702 1000000 0.13
39 63 3 19703 1000000 0.13
40 0 3 19704 1000000 0.13
41 1 3 19705 1000000 0.13
42 2 3 19706 1000000 0.13
43 3 3 19707 1000000 0.13
44 4 3 19708 1000000 0.13
45 5 3 19709 1000000 0.13
46 6 3 19710 1000000 0.13
47 7 3 19711 1000000 0.13
48 8 3 19712 1000000 0.13
49 9 3 19713 1000000 0.13
50 10 3 19714 1000000 0.13
51 11 3 19715 1000000 0.13
52 12 3 19716 1000000 0.13
53 13 3 19717 1000000 0.13
54 14 3 19718 1000000 0.13
55 15 3 19719 1000000 0.13
56 16 3 19720 1000000 0.13
57 17 3 19721 1000000 0.13
58 18 3 19722 1000000 0.13
59 19 3 19723 1000000 0.13
60 20 3 19724 1000000 0.13
61 21 3 19725 1000000 0.13
62 22 3 19726 1000000 0.13
63 23 3 19727 1000000 0.13
0 25 3 19728 1000000 0.13
1 26 3 19729 1000000 0.13
2 27 3 19730 1000000 0.13
3 28 3 19731 1000000 0.13
4 29 3 19732 1000000 0.13
5 30 3 19733 1000000 0.13
6 31 3 19734 1000000 0.13
7 32 3 19735 1000000 0.13
8 33 3 19736 1000000 0.13
9 34 3 19737 1000000 0.13
10 35 3 19738 1000000 0.13
11 36 3 19739 1000000 0.13
12 37 3 19740 1000000 0.13
13 38 3 19741 1000000 0.13
14 39 3 19742 1000000 0.13
15 40 3 19743 1000000 0.13
16 41 3 19744 1000000 0.13
17 42 3 19745 1000000 0.13
18 43 3 19746 1000000 0.13
19 44 3 19747 1000000 0.13
20 45 3 19748 1000000 0.13
21 46 3 19749 1000000 0.13
22 47 3 19750 1000000 0.13
23 48 3 19751 1000000 0.13
24 49 3 19752 1000000 0.13
25 50 3 19753 1000000 0.13
26 51 3 19754 1000000 0.13
27 52 3 19755 1000000 0.13
28 53 3 19756 1000000 0.13
29 54 3 19757 1000000 0.13
30 55 3 19758 1000000 0.13
31 56 3 19759 1000000 0.13
32 57 3 19760 1000000 0.13
33 58 3 19761 1000000 0.13
34 59 3 19762 1000000 0.13
35 60 3 19763 1000000 0.13
36 61 3 19764 1000000 0.13
37 62 3 19765 1000000 0.13
38 63 3 19766 1000000 0.13
39 0 3 19767 1000000 0.13
40 1 3 19768 1000000 0.13
41 2 3 19769 1000000 0.13
42 3 3 19770 1000000 0.13
43 4 3 19771 1000000 0.13
44 5 3 19772 1000000 0.13
45 6 3 19773 1000000 0.13
46 7 3 19774 1000000 0.13
47 8 3 19775 1000000 0.13
48 9 3 19776 1000000 0.13
49 10 3 19777 1000000 0.13
50 11 3 19778 1000000 0.13
51 12 3 19779 1000000 0.13
52 13 3 19780 1000000 0.13
53 14 3 19781 1000000 0.13
54 15 3 19782 1000000 0.13
55 16 3 19783 1000000 0.13
56 17 3 19784 1000000 0.13
57 18 3 19785 1000000 0.13
58 19 3 19786 1000000 0.13
59 20 3 19787 1000000 0.13
60 21 3 19788 1000000 0.13
61 22 3 19789 1000000 0.13
62 23 3 19790 1000000 0.13
63 24 3 19791 1000000 0.13
0 26 3 19792 1000000 0.13
1 27 3 19793 1000000 0.13
2 28 3 19794 1000000 0.13
3 29 3 19795 1000000 0.13
4 30 3 19796 1000000 0.13
5 31 3 19797 1000000 0.13
6 32 3 19798 1000000 0.13
7 33 3 19799 1000000 0.13
8 34 3 19800 1000000 0.13
9 35 3 19801 1000000 0.13
10 36 3 19802 1000000 0.13
11 37 3 19803 1000000 0.13
12 38 3 19804 1000000 0.13
13 39 3 19805 1000000 0.13
14 40 3 19806 1000000 0.13
15 41 3 19807 1000000 0.13
16 42 3 19808 1000000 0.13
17 43 3 19809 1000000 0.13
18 44 3 19810 1000000 0.13
19 45 3 19811 1000000 0.13
20 46 3 19812 1000000 0.13
21 47 3 19813 1000000 0.13
22 48 3 19814 1000000 0.13
23 49 3 19815 1000000 0.13
24 50 3 19816 1000000 0.13
25 51 3 19817 1000000 0.13
26 52 3 19818 1000000 0.13
27 53 3 19819 1000000 0.13
28 54 3 19820 1000000 0.13
29 55 3 19821 1000000 0.13
30 56 3 19822 1000000 0.13
31 57 3 19823 1000000 0.13
32 58 3 19824 1000000 0.13
33 59 3 19825 1000000 0.13
34 60 3 19826 1000000 0.13
35 61 3 19827 1000000 0.13
36 62 3 19828 1000000 0.13
37 63 3 19829 1000000 0.13
38 0 3 19830 1000000 0.13
39 1 3 19831 1000000 0.13
40 2 3 19832 1000000 0.13
41 3 3 19833 1000000 0.13
42 4 3 19834 1000000 0.13
43 5 3 19835 1000000 0.13
44 6 3 19836 1000000 0.13
45 7 3 19837 1000000 0.13
46 8 3 19838 1000000 0.13
47 9 3 19839 1000000 0.13
48 10 3 19840 1000000 0.13
49 11 3 19841 1000000 0.13
50 12 3 19842 1000000 0.13
51 13 3 19843 1000000 0.13
52 14 3 19844 1000000 0.13
53 15 3 19845 1000000 0.13
54 16 3 19846 1000000 0.13
55 17 3 19847 1000000 0.13
56 18 3 19848 1000000 0.13
57 19 3 19849 1000000 0.13
58 20 3 19850 1000000 0.13
59 21 3 19851 1000000 0.13
60 22 3 19852 1000000 0.13
61 23 3 19853 1000000 0.13
62 24 3 19854 1000000 0.13
63 25 3 19855 1000000 0.13
0 27 3 19856 1000000 0.13
1 28 3 19857 1000000 0.13
2 29 3 19858 1000000 0.13
3 30 3 19859 1000000 0.13
4 31 3 19860 1000000 0.13
5 32 3 19861 1000000 0.13
6 33 3 19862 1000000 0.13
7 34 3 19863 1000000 0.13
8 35 3 19864 1000000 0.13
9 36 3 19865 1000000 0.13
10 37 3 19866 1000000 0.13
11 38 3 19867 1000000 0.13
12 39 3 19868 1000000 0.13
13 40 3 19869 1000000 0.13
14 41 3 19870 1000000 0.13
15 42 3 19871 1000000 0.13
16 43 3 19872 1000000 0.13
17 44 3 19873 1000000 0.13
18 45 3 19874 1000000 0.13
19 46 3 19875 1000000 0.13
20 47 3 19876 1000000 0.13
21 48 3 19877 1000000 0.13
22 49 3 19878 1000000 0.13
23 50 3 19879 1000000 0.13
24 51 3 19880 1000000 0.13
25 52 3 19881 1000000 0.13
26 53 3 19882 1000000 0.13
27 54 3 19883 1000000 0.13
28 55 3 19884 1000000 0.13
29 56 3 19885 1000000 0.13
30 57 3 19886 1000000 0.13
31 58 3 19887 1000000 0.13
32 59 3 19888 1000000 0.13
33 60 3 19889 1000000 0.13
34 61 3 19890 1000000 0.13
35 62 3 19891 1000000 0.13
36 63 3 19892 1000000 0.13
37 0 3 19893 1000000 0.13
38 1 3 19894 1000000 0.13
39 2 3 19895 1000000 0.13
40 3 3 19896 1000000 0.13
41 4 3 19897 1000000 0.13
42 5 3 19898 1000000 0.13
43 6 3 19899 1000000 0.13
44 7 3 19900 1000000 0.13
45 8 3 19901 1000000 0.13
46 9 3 19902 1000000 0.13
47 10 3 19903 1000000 0.13
48 11 3 19904 1000000 0.13
49 12 3 19905 1000000 0.13
50 13 3 19906 1000000 0.13
51 14 3 19907 1000000 0.13
52 15 3 19908 1000000 0.13
53 16 3 19909 1000000 0.13
54 17 3 19910 1000000 0.13
55 18 3 19911 1000000 0.13
56 19 3 19912 1000000 0.13
57 20 3 19913 1000000 0.13
58 21 3 19914 1000000 0.13
59 22 3 19915 1000000 0.13
60 23 3 19916 1000000 0.13
61 24 3 19917 1000000 0.13
62 25 3 19918 1000000 0.13
63 26 3 19919 1000000 0.13
0 28 3 19920 1000000 0.13
1 29 3 19921 1000000 0.13
2 30 3 19922 1000000 0.13
3 31 3 19923 1000000 0.13
4 32 3 19924 1000000 0.13
5 33 3 19925 1000000 0.13
6 34 3 19926 1000000 0.13
7 35 3 19927 1000000 0.13
8 36 3 19928 1000000 0.13
9 37 3 19929 1000000 0.13
10 38 3 19930 1000000 0.13
11 39 3 19931 1000000 0.13
12 40 3 19932 1000000 0.13
13 41 3 19933 1000000 0.13
14 42 3 19934 1000000 0.13
15 43 3 19935 1000000 0.13
16 44 3 19936 1000000 0.13
17 45 3 19937 1000000 0.13
18 46 3 19938 1000000 0.13
19 47 3 19939 1000000 0.13
20 48 3 19940 1000000 0.13
21 49 3 19941 1000000 0.13
22 50 3 19942 1000000 0.13
23 51 3 19943 1000000 0.13
24 52 3 19944 1000000 0.13
25 53 3 19945 1000000 0.13
26 54 3 19946 1000000 0.13
27 55 3 19947 1000000 0.13
28 56 3 19948 1000000 0.13
29 57 3 19949 1000000 0.13
30 58 3 19950 1000000 0.13
31 59 3 19951 1000000 0.13
32 60 3 19952 1000000 0.13
33 61 3 19953 1000000 0.13
34 62 3 19954 1000000 0.13
35 63 3 19955 1000000 0.13
36 0 3 19956 1000000 0.13
37 1 3 19957 1000000 0.13
38 2 3 19958 1000000 0.13
39 3 3 19959 1000000 0.13
40 4 3 19960 1000000 0.13
41 5 3 19961 1000000 0.13
42 6 3 19962 1000000 0.13
43 7 3 19963 1000000 0.13
44 8 3 19964 1000000 0.13
45 9 3 19965 1000000 0.13
46 10 3 19966 1000000 0.13
47 11 3 19967 1000000 0.13
48 12 3 19968 1000000 0.13
49 13 3 19969 1000000 0.13
50 14 3 19970 1000000 0.13
51 15 3 19971 1000000 0.13
52 16 3 19972 1000000 0.13
53 17 3 19973 1000000 0.13
54 18 3 19974 1000000 0.13
55 19 3 19975 1000000 0.13
56 20 3 19976 1000000 0.13
57 21 3 19977 1000000 0.13
58 22 3 19978 1000000 0.13
59 23 3 19979 1000000 0.13
60 24 3 19980 1000000 0.13
61 25 3 19981 1000000 0.13
62 26 3 19982 1000000 0.13
63 27 3 19983 1000000 0.13
0 29 3 19984 1000000 0.13
1 30 3 19985 1000000 0.13
2 31 3 19986 1000000 0.13
3 32 3 19987 1000000 0.13
4 33 3 19988 1000000 0.13
5 34 3 19989 1000000 0.13
6 35 3 19990 1000000 0.13
7 36 3 19991 1000000 0.13
8 37 3 19992 1000000 0.13
9 38 3 19993 1000000 0.13
10 39 3 19994 1000000 0.13
11 40 3 19995 1000000 0.13
12 41 3 19996 1000000 0.13
13 42 3 19997 1000000 0.13
14 43 3 19998 1000000 0.13
15 44 3 19999 1000000 0.13
16 45 3 20000 1000000 0.13
17 46 3 20001 1000000 0.13
18 47 3 20002 1000000 0.13
19 48 3 20003 1000000 0.13
20 49 3 20004 1000000 0.13
21 50 3 20005 1000000 0.13
22 51 3 20006 1000000 0.13
23 52 3 20007 1000000 0.13
24 53 3 20008 1000000 0.13
25 54 3 20009 1000000 0.13
26 55 3 20010 1000000 0.13
27 56 3 20011 1000000 0.13
28 57 3 20012 1000000 0.13
29 58 3 20013 1000000 0.13
30 59 3 20014 1000000 0.13
31 60 3 20015 1000000 0.13
32 61 3 20016 1000000 0.13
33 62 3 20017 1000000 0.13
34 63 3 20018 1000000 0.13
35 0 3 20019 1000000 0.13
36 1 3 20020 1000000 0.13
37 2 3 20021 1000000 0.13
38 3 3 20022 1000000 0.13
39 4 3 20023 1000000 0.13
40 5 3 20024 1000000 0.13
41 6 3 20025 1000000 0.13
42 7 3 20026 1000000 0.13
43 8 3 20027 1000000 0.13
44 9 3 20028 1000000 0.13
45 10 3 20029 1000000 0.13
46 11 3 20030 1000000 0.13
47 12 3 20031 1000000 0.13
48 13 3 20032 1000000 0.13
49 14 3 20033 1000000 0.13
50 15 3 20034 1000000 0.13
51 16 3 20035 1000000 0.13
52 17 3 20036 1000000 0.13
53 18 3 20037 1000000 0.13
54 19 3 20038 1000000 0.13
55 20 3 20039 1000000 0.13
56 21 3 20040 1000000 0.13
57 22 3 20041 1000000 0.13
58 23 3 20042 1000000 0.13
59 24 3 20043 1000000 0.13
60 25 3 20044 1000000 0.13
61 26 3 20045 1000000 0.13
62 27 3 20046 1000000 0.13
63 28 3 20047 1000000 0.13
0 30 3 20048 1000000 0.13
1 31 3 20049 1000000 0.13
2 32 3 20050 1000000 0.13
3 33 3 20051 1000000 0.13
4 34 3 20052 1000000 0.13
5 35 3 20053 1000000 0.13
6 36 3 20054 1000000 0.13
7 37 3 20055 1000000 0.13
8 38 3 20056 1000000 0.13
9 39 3 20057 1000000 0.13
10 40 3 20058 1000000 0.13
11 41 3 20059 1000000 0.13
12 42 3 20060 1000000 0.13
13 43 3 20061 1000000 0.13
14 44 3 20062 1000000 0.13
15 45 3 20063 1000000 0.13
16 46 3 20064 1000000 0.13
17 47 3 20065 1000000 0.13
18 48 3 20066 1000000 0.13
19 49 3 20067 1000000 0.13
20 50 3 20068 1000000 0.13
21 51 3 20069 1000000 0.13
22 52 3 20070 1000000 0.13
23 53 3 20071 1000000 0.13
24 54 3 20072 1000000 0.13
25 55 3 20073 1000000 0.13
26 56 3 20074 1000000 0.13
27 57 3 20075 1000000 0.13
28 58 3 20076 1000000 0.13
29 59 3 20077 1000000 0.13
30 60 3 20078 1000000 0.13
31 61 3 20079 1000000 0.13
32 62 3 20080 1000000 0.13
33 63 3 20081 1000000 0.13
34 0 3 20082 1000000 0.13
35 1 3 20083 1000000 0.13
36 2 3 20084 1000000 0.13
37 3 3 20085 1000000 0.13
38 4 3 20086 1000000 0.13
39 5 3 20087 1000000 0.13
40 6 3 20088 1000000 0.13
41 7 3 20089 1000000 0.13
42 8 3 20090 1000000 0.13
43 9 3 20091 1000000 0.13
44 10 3 20092 1000000 0.13
45 11 3 20093 1000000 0.13
46 12 3 20094 1000000 0.13
47 13 3 20095 1000000 0.13
48 14 3 20096 1000000 0.13
49 15 3 20097 1000000 0.13
50 16 3 20098 1000000 0.13
51 17 3 20099 1000000 0.13
52 18 3 20100 1000000 0.13
53 19 3 20101 1000000 0.13
54 20 3 20102 1000000 0.13
55 21 3 20103 1000000 0.13
56 22 3 20104 1000000 0.13
57 23 3 20105 1000000 0.13
58 24 3 20106 1000000 0.13
59 25 3 20107 1000000 0.13
60 26 3 20108 1000000 0.13
61 27 3 20109 1000000 0.13
62 28 3 20110 1000000 0.13
63 29 3 20111 1000000 0.13
0 31 3 20112 1000000 0.13
1 32 3 20113 1000000 0.13
2 33 3 20114 1000000 0.13
3 34 3 20115 1000000 0.13
4 35 3 20116 1000000 0.13
5 36 3 20117 1000000 0.13
6 37 3 20118 1000000 0.13
7 38 3 20119 1000000 0.13
8 39 3 20120 1000000 0.13
9 40 3 20121 1000000 0.13
10 41 3 20122 1000000 0.13
11 42 3 20123 1000000 0.13
12 43 3 20124 1000000 0.13
13 44 3 20125 1000000 0.13
14 45 3 20126 1000000 0.13
15 46 3 20127 1000000 0.13
16 47 3 20128 1000000 0.13
17 48 3 20129 1000000 0.13
18 49 3 20130 1000000 0.13
19 50 3 20131 1000000 0.13
20 51 3 20132 1000000 0.13
21 52 3 20133 1000000 0.13
22 53 3 20134 1000000 0.13
23 54 3 20135 1000000 0.13
24 55 3 20136 1000000 0.13
25 56 3 20137 1000000 0.13
26 57 3 20138 1000000 0.13
27 58 3 20139 1000000 0.13
28 59 3 20140 1000000 0.13
29 60 3 20141 1000000 0.13
30 61 3 20142 1000000 0.13
31 62 3 20143 1000000 0.13
32 63 3 20144 1000000 0.13
33 0 3 20145 1000000 0.13
34 1 3 20146 1000000 0.13
35 2 3 20147 1000000 0.13
36 3 3 20148 1000000 0.13
37 4 3 20149 1000000 0.13
38 5 3 20150 1000000 0.13
39 6 3 20151 1000000 0.13
40 7 3 20152 1000000 0.13
41 8 3 20153 1000000 0.13
42 9 3 20154 1000000 0.13
43 10 3 20155 1000000 0.13
44 11 3 20156 1000000 0.13
45 12 3 20157 1000000 0.13
46 13 3 20158 1000000 0.13
47 14 3 20159 1000000 0.13
48 15 3 20160 1000000 0.13
49 16 3 20161 1000000 0.13
50 17 3 20162 1000000 0.13
51 18 3 20163 1000000 0.13
52 19 3 20164 1000000 0.13
53 20 3 20165 1000000 0.13
54 21 3 20166 1000000 0.13
55 22 3 20167 1000000 0.13
56 23 3 20168 1000000 0.13
57 24 3 20169 1000000 0.13
58 25 3 20170 1000000 0.13
59 26 3 20171 1000000 0.13
60 27 3 20172 1000000 0.13
61 28 3 20173 1000000 0.13
62 29 3 20174 1000000 0.13
63 30 3 20175 1000000 0.13
0 32 3 20176 1000000 0.13
1 33 3 20177 1000000 0.13
2 34 3 20178 1000000 0.13
3 35 3 20179 1000000 0.13
4 36 3 20180 1000000 0.13
5 37 3 20181 1000000 0.13
6 38 3 20182 1000000 0.13
7 39 3 20183 1000000 0.13
8 40 3 20184 1000000 0.13
9 41 3 20185 1000000 0.13
10 42 3 20186 1000000 0.13
11 43 3 20187 1000000 0.13
12 44 3 20188 1000000 0.13
13 45 3 20189 1000000 0.13
14 46 3 20190 1000000 0.13
15 47 3 20191 1000000 0.13
16 48 3 20192 1000000 0.13
17 49 3 20193 1000000 0.13
18 50 3 20194 1000000 0.13
19 51 3 20195 1000000 0.13
20 52 3 20196 1000000 0.13
21 53 3 20197 1000000 0.13
22 54 3 20198 1000000 0.13
23 55 3 20199 1000000 0.13
24 56 3 20200 1000000 0.13
25 57 3 20201 1000000 0.13
26 58 3 20202 1000000 0.13
27 59 3 20203 1000000 0.13
28 60 3 20204 1000000 0.13
29 61 3 20205 1000000 0.13
30 62 3 20206 1000000 0.13
31 63 3 20207 1000000 0.13
32 0 3 20208 1000000 0.13
33 1 3 20209 1000000 0.13
34 2 3 20210 1000000 0.13
35 3 3 20211 1000000 0.13
36 4 3 20212 1000000 0.13
37 5 3 20213 1000000 0.13
38 6 3 20214 1000000 0.13
39 7 3 20215 1000000 0.13
40 8 3 20216 1000000 0.13
41 9 3 20217 1000000 0.13
42 10 3 20218 1000000 0.13
43 11 3 20219 1000000 0.13
44 12 3 20220 1000000 0.13
45 13 3 20221 1000000 0.13
46 14 3 20222 1000000 0.13
47 15 3 20223 1000000 0.13
48 16 3 20224 1000000 0.13
49 17 3 20225 1000000 0.13
50 18 3 20226 1000000 0.13
51 19 3 20227 1000000 0.13
52 20 3 20228 1000000 0.13
53 21 3 20229 1000000 0.13
54 22 3 20230 1000000 0.13
55 23 3 20231 1000000 0.13
56 24 3 20232 1000000 0.13
57 25 3 20233 1000000 0.13
58 26 3 20234 1000000 0.13
59 27 3 20235 1000000 0.13
60 28 3 20236 1000000 0.13
61 29 3 20237 1000000 0.13
62 30 3 20238 1000000 0.13
63 31 3 20239 1000000 0.13
0 33 3 20240 1000000 0.13
1 34 3 20241 1000000 0.13
2 35 3 20242 1000000 0.13
3 36 3 20243 1000000 0.13
4 37 3 20244 1000000 0.13
5 38 3 20245 1000000 0.13
6 39 3 20246 1000000 0.13
7 40 3 20247 1000000 0.13
8 41 3 20248 1000000 0.13
9 42 3 20249 1000000 0.13
10 43 3 20250 1000000 0.13
11 44 3 20251 1000000 0.13
12 45 3 20252 1000000 0.13
13 46 3 20253 1000000 0.13
14 47 3 20254 1000000 0.13
15 48 3 20255 1000000 0.13
16 49 3 20256 1000000 0.13
17 50 3 20257 1000000 0.13
18 51 3 20258 1000000 0.13
19 52 3 20259 1000000 0.13
20 53 3 20260 1000000 0.13
21 54 3 20261 1000000 0.13
22 55 3 20262 1000000 0.13
23 56 3 20263 1000000 0.13
24 57 3 20264 1000000 0.13
25 58 3 20265 1000000 0.13
26 59 3 20266 1000000 0.13
27 60 3 20267 1000000 0.13
28 61 3 20268 1000000 0.13
29 62 3 20269 1000000 0.13
30 63 3 20270 1000000 0.13
31 0 3 20271 1000000 0.13
32 1 3 20272 1000000 0.13
33 2 3 20273 1000000 0.13
34 3 3 20274 1000000 0.13
35 4 3 20275 1000000 0.13
36 5 3 20276 1000000 0.13
37 6 3 20277 1000000 0.13
38 7 3 20278 1000000 0.13
39 8 3 20279 1000000 0.13
40 9 3 20280 1000000 0.13
41 10 3 20281 1000000 0.13
42 11 3 20282 1000000 0.13
43 12 3 20283 1000000 0.13
44 13 3 20284 1000000 0.13
45 14 3 20285 1000000 0.13
46 15 3 20286 1000000 0.13
47 16 3 20287 1000000 0.13
48 17 3 20288 1000000 0.13
49 18 3 20289 1000000 0.13
50 19 3 20290 1000000 0.13
51 20 3 20291 1000000 0.13
52 21 3 20292 1000000 0.13
53 22 3 20293 1000000 0.13
54 23 3 20294 1000000 0.13
55 24 3 20295 1000000 0.13
56 25 3 20296 1000000 0.13
57 26 3 20297 1000000 0.13
58 27 3 20298 1000000 0.13
59 28 3 20299 1000000 0.13
60 29 3 20300 1000000 0.13
61 30 3 20301 1000000 0.13
62 31 3 20302 1000000 0.13
63 32 3 20303 1000000 0.13
0 34 3 20304 1000000 0.13
1 35 3 20305 1000000 0.13
2 36 3 20306 1000000 0.13
3 37 3 20307 1000000 0.13
4 38 3 20308 1000000 0.13
5 39 3 20309 1000000 0.13
6 40 3 20310 1000000 0.13
7 41 3 20311 1000000 0.13
8 42 3 20312 1000000 0.13
9 43 3 20313 1000000 0.13
10 44 3 20314 1000000 0.13
11 45 3 20315 1000000 0.13
12 46 3 20316 1000000 0.13
13 47 3 20317 1000000 0.13
14 48 3 20318 1000000 0.13
15 49 3 20319 1000000 0.13
16 50 3 20320 1000000 0.13
17 51 3 20321 1000000 0.13
18 52 3 20322 1000000 0.13
19 53 3 20323 1000000 0.13
20 54 3 20324 1000000 0.13
21 55 3 20325 1000000 0.13
22 56 3 20326 1000000 0.13
23 57 3 20327 1000000 0.13
24 58 3 20328 1000000 0.13
25 59 3 20329 1000000 0.13
26 60 3 20330 1000000 0.13
27 61 3 20331 1000000 0.13
28 62 3 20332 1000000 0.13
29 63 3 20333 1000000 0.13
30 0 3 20334 1000000 0.13
31 1 3 20335 1000000 0.13
32 2 3 20336 1000000 0.13
33 3 3 20337 1000000 0.13
34 4 3 20338 1000000 0.13
35 5 3 20339 1000000 0.13
36 6 3 20340 1000000 0.13
37 7 3 20341 1000000 0.13
38 8 3 20342 1000000 0.13
39 9 3 20343 1000000 0.13
40 10 3 20344 1000000 0.13
41 11 3 20345 1000000 0.13
42 12 3 20346 1000000 0.13
43 13 3 20347 1000000 0.13
44 14 3 20348 1000000 0.13
45 15 3 20349 1000000 0.13
46 16 3 20350 1000000 0.13
47 17 3 20351 1000000 0.13
48 18 3 20352 1000000 0.13
49 19 3 20353 1000000 0.13
50 20 3 20354 1000000 0.13
51 21 3 20355 1000000 0.13
52 22 3 20356 1000000 0.13
53 23 3 20357 1000000 0.13
54 24 3 20358 1000000 0.13
55 25 3 20359 1000000 0.13
56 26 3 20360 1000000 0.13
57 27 3 20361 1000000 0.13
58 28 3 20362 1000000 0.13
59 29 3 20363 1000000 0.13
60 30 3 20364 1000000 0.13
61 31 3 20365 1000000 0.13
62 32 3 20366 1000000 0.13
63 33 3 20367 1000000 0.13
0 35 3 20368 1000000 0.13
1 36 3 20369 1000000 0.13
2 37 3 20370 1000000 0.13
3 38 3 20371 1000000 0.13
4 39 3 20372 1000000 0.13
5 40 3 20373 1000000 0.13
6 41 3 20374 1000000 0.13
7 42 3 20375 1000000 0.13
8 43 3 20376 1000000 0.13
9 44 3 20377 1000000 0.13
10 45 3 20378 1000000 0.13
11 46 3 20379 1000000 0.13
12 47 3 20380 1000000 0.13
13 48 3 20381 1000000 0.13
14 49 3 20382 1000000 0.13
15 50 3 20383 1000000 0.13
16 51 3 20384 1000000 0.13
17 52 3 20385 1000000 0.13
18 53 3 20386 1000000 0.13
19 54 3 20387 1000000 0.13
20 55 3 20388 1000000 0.13
21 56 3 20389 1000000 0.13
22 57 3 20390 1000000 0.13
23 58 3 20391 1000000 0.13
24 59 3 20392 1000000 0.13
25 60 3 20393 1000000 0.13
26 61 3 20394 1000000 0.13
27 62 3 20395 1000000 0.13
28 63 3 20396 1000000 0.13
29 0 3 20397 1000000 0.13
30 1 3 20398 1000000 0.13
31 2 3 20399 1000000 0.13
32 3 3 20400 1000000 0.13
33 4 3 20401 1000000 0.13
34 5 3 20402 1000000 0.13
35 6 3 20403 1000000 0.13
36 7 3 20404 1000000 0.13
37 8 3 20405 1000000 0.13
38 9 3 20406 1000000 0.13
39 10 3 20407 1000000 0.13
40 11 3 20408 1000000 0.13
41 12 3 20409 1000000 0.13
42 13 3 20410 1000000 0.13
43 14 3 20411 1000000 0.13
44 15 3 20412 1000000 0.13
45 16 3 20413 1000000 0.13
46 17 3 20414 1000000 0.13
47 18 3 20415 1000000 0.13
48 19 3 20416 1000000 0.13
49 20 3 20417 1000000 0.13
50 21 3 20418 1000000 0.13
51 22 3 20419 1000000 0.13
52 23 3 20420 1000000 0.13
53 24 3 20421 1000000 0.13
54 25 3 20422 1000000 0.13
55 26 3 20423 1000000 0.13
56 27 3 20424 1000000 0.13
57 28 3 20425 1000000 0.13
58 29 3 20426 1000000 0.13
59 30 3 20427 1000000 0.13
60 31 3 20428 1000000 0.13
61 32 3 20429 1000000 0.13
62 33 3 20430 1000000 0.13
63 34 3 20431 1000000 0.13
0 36 3 20432 1000000 0.13
1 37 3 20433 1000000 0.13
2 38 3 20434 1000000 0.13
3 39 3 20435 1000000 0.13
4 40 3 20436 1000000 0.13
5 41 3 20437 1000000 0.13
6 42 3 20438 1000000 0.13
7 43 3 20439 1000000 0.13
8 44 3 20440 1000000 0.13
9 45 3 20441 1000000 0.13
10 46 3 20442 1000000 0.13
11 47 3 20443 1000000 0.13
12 48 3 20444 1000000 0.13
13 49 3 20445 1000000 0.13
14 50 3 20446 1000000 0.13
15 51 3 20447 1000000 0.13
16 52 3 20448 1000000 0.13
17 53 3 20449 1000000 0.13
18 54 3 20450 1000000 0.13
19 55 3 20451 1000000 0.13
20 56 3 20452 1000000 0.13
21 57 3 20453 1000000 0.13
22 58 3 20454 1000000 0.13
23 59 3 20455 1000000 0.13
24 60 3 20456 1000000 0.13
25 61 3 20457 1000000 0.13
26 62 3 20458 1000000 0.13
27 63 3 20459 1000000 0.13
28 0 3 20460 1000000 0.13
29 1 3 20461 1000000 0.13
30 2 3 20462 1000000 0.13
31 3 3 20463 1000000 0.13
32 4 3 20464 1000000 0.13
33 5 3 20465 1000000 0.13
34 6 3 20466 1000000 0.13
35 7 3 20467 1000000 0.13
36 8 3 20468 1000000 0.13
37 9 3 20469 1000000 0.13
38 10 3 20470 1000000 0.13
39 11 3 20471 1000000 0.13
40 12 3 20472 1000000 0.13
41 13 3 20473 1000000 0.13
42 14 3 20474 1000000 0.13
43 15 3 20475 1000000 0.13
44 16 3 20476 1000000 0.13
45 17 3 20477 1000000 0.13
46 18 3 20478 1000000 0.13
47 19 3 20479 1000000 0.13
48 20 3 20480 1000000 0.13
49 21 3 20481 1000000 0.13
50 22 3 20482 1000000 0.13
51 23 3 20483 1000000 0.13
52 24 3 20484 1000000 0.13
53 25 3 20485 1000000 0.13
54 26 3 20486 1000000 0.13
55 27 3 20487 1000000 0.13
56 28 3 20488 1000000 0.13
57 29 3 20489 1000000 0.13
58 30 3 20490 1000000 0.13
59 31 3 20491 1000000 0.13
60 32 3 20492 1000000 0.13
61 33 3 20493 1000000 0.13
62 34 3 20494 1000000 0.13
63 35 3 20495 1000000 0.13
0 37 3 20496 1000000 0.13
1 38 3 20497 1000000 0.13
2 39 3 20498 1000000 0.13
3 40 3 20499 1000000 0.13
4 41 3 20500 1000000 0.13
5 42 3 20501 1000000 0.13
6 43 3 20502 1000000 0.13
7 44 3 20503 1000000 0.13
8 45 3 20504 1000000 0.13
9 46 3 20505 1000000 0.13
10 47 3 20506 1000000 0.13
11 48 3 20507 1000000 0.13
12 49 3 20508 1000000 0.13
13 50 3 20509 1000000 0.13
14 51 3 20510 1000000 0.13
15 52 3 20511 1000000 0.13
16 53 3 20512 1000000 0.13
17 54 3 20513 1000000 0.13
18 55 3 20514 1000000 0.13
19 56 3 20515 1000000 0.13
20 57 3 20516 1000000 0.13
21 58 3 20517 1000000 0.13
22 59 3 20518 1000000 0.13
23 60 3 20519 1000000 0.13
24 61 3 20520 1000000 0.13
25 62 3 20521 1000000 0.13
26 63 3 20522 1000000 0.13
27 0 3 20523 1000000 0.13
28 1 3 20524 1000000 0.13
29 2 3 20525 1000000 0.13
30 3 3 20526 1000000 0.13
31 4 3 20527 1000000 0.13
32 5 3 20528 1000000 0.13
33 6 3 20529 1000000 0.13
34 7 3 20530 1000000 0.13
35 8 3 20531 1000000 0.13
36 9 3 20532 1000000 0.13
37 10 3 20533 1000000 0.13
38 11 3 20534 1000000 0.13
39 12 3 20535 1000000 0.13
40 13 3 20536 1000000 0.13
41 14 3 20537 1000000 0.13
42 15 3 20538 1000000 0.13
43 16 3 20539 1000000 0.13
44 17 3 20540 1000000 0.13
45 18 3 20541 1000000 0.13
46 19 3 20542 1000000 0.13
47 20 3 20543 1000000 0.13
48 21 3 20544 1000000 0.13
49 22 3 20545 1000000 0.13
50 23 3 20546 1000000 0.13
51 24 3 20547 1000000 0.13
52 25 3 20548 1000000 0.13
53 26 3 20549 1000000 0.13
54 27 3 20550 1000000 0.13
55 28 3 20551 1000000 0.13
56 29 3 20552 1000000 0.13
57 30 3 20553 1000000 0.13
58 31 3 20554 1000000 0.13
59 32 3 20555 1000000 0.13
60 33 3 20556 1000000 0.13
61 34 3 20557 1000000 0.13
62 35 3 20558 1000000 0.13
63 36 3 20559 1000000 0.13
0 38 3 20560 1000000 0.13
1 39 3 20561 1000000 0.13
2 40 3 20562 1000000 0.13
3 41 3 20563 1000000 0.13
4 42 3 20564 1000000 0.13
5 43 3 20565 1000000 0.13
6 44 3 20566 1000000 0.13
7 45 3 20567 1000000 0.13
8 46 3 20568 1000000 0.13
9 47 3 20569 1000000 0.13
10 48 3 20570 1000000 0.13
11 49 3 20571 1000000 0.13
12 50 3 20572 1000000 0.13
13 51 3 20573 1000000 0.13
14 52 3 20574 1000000 0.13
15 53 3 20575 1000000 0.13
16 54 3 20576 1000000 0.13
17 55 3 20577 1000000 0.13
18 56 3 20578 1000000 0.13
19 57 3 20579 1000000 0.13
20 58 3 20580 1000000 0.13
21 59 3 20581 1000000 0.13
22 60 3 20582 1000000 0.13
23 61 3 20583 1000000 0.13
24 62 3 20584 1000000 0.13
25 63 3 20585 1000000 0.13
26 0 3 20586 1000000 0.13
27 1 3 20587 1000000 0.13
28 2 3 20588 1000000 0.13
29 3 3 20589 1000000 0.13
30 4 3 20590 1000000 0.13
31 5 3 20591 1000000 0.13
32 6 3 20592 1000000 0.13
33 7 3 20593 1000000 0.13
34 8 3 20594 1000000 0.13
35 9 3 20595 1000000 0.13
36 10 3 20596 1000000 0.13
37 11 3 20597 1000000 0.13
38 12 3 20598 1000000 0.13
39 13 3 20599 1000000 0.13
40 14 3 20600 1000000 0.13
41 15 3 20601 1000000 0.13
42 16 3 20602 1000000 0.13
43 17 3 20603 1000000 0.13
44 18 3 20604 1000000 0.13
45 19 3 20605 1000000 0.13
46 20 3 20606 1000000 0.13
47 21 3 20607 1000000 0.13
48 22 3 20608 1000000 0.13
49 23 3 20609 1000000 0.13
50 24 3 20610 1000000 0.13
51 25 3 20611 1000000 0.13
52 26 3 20612 1000000 0.13
53 27 3 20613 1000000 0.13
54 28 3 20614 1000000 0.13
55 29 3 20615 1000000 0.13
56 30 3 20616 1000000 0.13
57 31 3 20617 1000000 0.13
58 32 3 20618 1000000 0.13
59 33 3 20619 1000000 0.13
60 34 3 20620 1000000 0.13
61 35 3 20621 1000000 0.13
62 36 3 20622 1000000 0.13
63 37 3 20623 1000000 0.13
0 39 3 20624 1000000 0.13
1 40 3 20625 1000000 0.13
2 41 3 20626 1000000 0.13
3 42 3 20627 1000000 0.13
4 43 3 20628 1000000 0.13
5 44 3 20629 1000000 0.13
6 45 3 20630 1000000 0.13
7 46 3 20631 1000000 0.13
8 47 3 20632 1000000 0.13
9 48 3 20633 1000000 0.13
10 49 3 20634 1000000 0.13
11 50 3 20635 1000000 0.13
12 51 3 20636 1000000 0.13
13 52 3 20637 1000000 0.13
14 53 3 20638 1000000 0.13
15 54 3 20639 1000000 0.13
16 55 3 20640 1000000 0.13
17 56 3 20641 1000000 0.13
18 57 3 20642 1000000 0.13
19 58 3 20643 1000000 0.13
20 59 3 20644 1000000 0.13
21 60 3 20645 1000000 0.13
22 61 3 20646 1000000 0.13
23 62 3 20647 1000000 0.13
24 63 3 20648 1000000 0.13
25 0 3 20649 1000000 0.13
26 1 3 20650 1000000 0.13
27 2 3 20651 1000000 0.13
28 3 3 20652 1000000 0.13
29 4 3 20653 1000000 0.13
30 5 3 20654 1000000 0.13
31 6 3 20655 1000000 0.13
32 7 3 20656 1000000 0.13
33 8 3 20657 1000000 0.13
34 9 3 20658 1000000 0.13
35 10 3 20659 1000000 0.13
36 11 3 20660 1000000 0.13
37 12 3 20661 1000000 0.13
38 13 3 20662 1000000 0.13
39 14 3 20663 1000000 0.13
40 15 3 20664 1000000 0.13
41 16 3 20665 1000000 0.13
42 17 3 20666 1000000 0.13
43 18 3 20667 1000000 0.13
44 19 3 20668 1000000 0.13
45 20 3 20669 1000000 0.13
46 21 3 20670 1000000 0.13
47 22 3 20671 1000000 0.13
48 23 3 20672 1000000 0.13
49 24 3 20673 1000000 0.13
50 25 3 20674 1000000 0.13
51 26 3 20675 1000000 0.13
52 27 3 20676 1000000 0.13
53 28 3 20677 1000000 0.13
54 29 3 20678 1000000 0.13
55 30 3 20679 1000000 0.13
56 31 3 20680 1000000 0.13
57 32 3 20681 1000000 0.13
58 33 3 20682 1000000 0.13
59 34 3 20683 1000000 0.13
60 35 3 20684 1000000 0.13
61 36 3 20685 1000000 0.13
62 37 3 20686 1000000 0.13
63 38 3 20687 1000000 0.13
0 40 3 20688 1000000 0.13
1 41 3 20689 1000000 0.13
2 42 3 20690 1000000 0.13
3 43 3 20691 1000000 0.13
4 44 3 20692 1000000 0.13
5 45 3 20693 1000000 0.13
6 46 3 20694 1000000 0.13
7 47 3 20695 1000000 0.13
8 48 3 20696 1000000 0.13
9 49 3 20697 1000000 0.13
10 50 3 20698 1000000 0.13
11 51 3 20699 1000000 0.13
12 52 3 20700 1000000 0.13
13 53 3 20701 1000000 0.13
14 54 3 20702 1000000 0.13
15 55 3 20703 1000000 0.13
16 56 3 20704 1000000 0.13
17 57 3 20705 1000000 0.13
18 58 3 20706 1000000 0.13
19 59 3 20707 1000000 0.13
20 60 3 20708 1000000 0.13
21 61 3 20709 1000000 0.13
22 62 3 20710 1000000 0.13
23 63 3 20711 1000000 0.13
24 0 3 20712 1000000 0.13
25 1 3 20713 1000000 0.13
26 2 3 20714 1000000 0.13
27 3 3 20715 1000000 0.13
28 4 3 20716 1000000 0.13
29 5 3 20717 1000000 0.13
30 6 3 20718 1000000 0.13
31 7 3 20719 1000000 0.13
32 8 3 20720 1000000 0.13
33 9 3 20721 1000000 0.13
34 10 3 20722 1000000 0.13
35 11 3 20723 1000000 0.13
36 12 3 20724 1000000 0.13
37 13 3 20725 1000000 0.13
38 14 3 20726 1000000 0.13
39 15 3 20727 1000000 0.13
40 16 3 20728 1000000 0.13
41 17 3 20729 1000000 0.13
42 18 3 20730 1000000 0.13
43 19 3 20731 1000000 0.13
44 20 3 20732 1000000 0.13
45 21 3 20733 1000000 0.13
46 22 3 20734 1000000 0.13
47 23 3 20735 1000000 0.13
48 24 3 20736 1000000 0.13
49 25 3 20737 1000000 0.13
50 26 3 20738 1000000 0.13
51 27 3 20739 1000000 0.13
52 28 3 20740 1000000 0.13
53 29 3 20741 1000000 0.13
54 30 3 20742 1000000 0.13
55 31 3 20743 1000000 0.13
56 32 3 20744 1000000 0.13
57 33 3 20745 1000000 0.13
58 34 3 20746 1000000 0.13
59 35 3 20747 1000000 0.13
60 36 3 20748 1000000 0.13
61 37 3 20749 1000000 0.13
62 38 3 20750 1000000 0.13
63 39 3 20751 1000000 0.13
0 41 3 20752 1000000 0.13
1 42 3 20753 1000000 0.13
2 43 3 20754 1000000 0.13
3 44 3 20755 1000000 0.13
4 45 3 20756 1000000 0.13
5 46 3 20757 1000000 0.13
6 47 3 20758 1000000 0.13
7 48 3 20759 1000000 0.13
8 49 3 20760 1000000 0.13
9 50 3 20761 1000000 0.13
10 51 3 20762 1000000 0.13
11 52 3 20763 1000000 0.13
12 53 3 20764 1000000 0.13
13 54 3 20765 1000000 0.13
14 55 3 20766 1000000 0.13
15 56 3 20767 1000000 0.13
16 57 3 20768 1000000 0.13
17 58 3 20769 1000000 0.13
18 59 3 20770 1000000 0.13
19 60 3 20771 1000000 0.13
20 61 3 20772 1000000 0.13
21 62 3 20773 1000000 0.13
22 63 3 20774 1000000 0.13
23 0 3 20775 1000000 0.13
24 1 3 20776 1000000 0.13
25 2 3 20777 1000000 0.13
26 3 3 20778 1000000 0.13
27 4 3 20779 1000000 0.13
28 5 3 20780 1000000 0.13
29 6 3 20781 1000000 0.13
30 7 3 20782 1000000 0.13
31 8 3 20783 1000000 0.13
32 9 3 20784 1000000 0.13
33 10 3 20785 1000000 0.13
34 11 3 20786 1000000 0.13
35 12 3 20787 1000000 0.13
36 13 3 20788 1000000 0.13
37 14 3 20789 1000000 0.13
38 15 3 20790 1000000 0.13
39 16 3 20791 1000000 0.13
40 17 3 20792 1000000 0.13
41 18 3 20793 1000000 0.13
42 19 3 20794 1000000 0.13
43 20 3 20795 1000000 0.13
44 21 3 20796 1000000 0.13
45 22 3 20797 1000000 0.13
46 23 3 20798 1000000 0.13
47 24 3 20799 1000000 0.13
48 25 3 20800 1000000 0.13
49 26 3 20801 1000000 0.13
50 27 3 20802 1000000 0.13
51 28 3 20803 1000000 0.13
52 29 3 20804 1000000 0.13
53 30 3 20805 1000000 0.13
54 31 3 20806 1000000 0.13
55 32 3 20807 1000000 0.13
56 33 3 20808 1000000 0.13
57 34 3 20809 1000000 0.13
58 35 3 20810 1000000 0.13
59 36 3 20811 1000000 0.13
60 37 3 20812 1000000 0.13
61 38 3 20813 1000000 0.13
62 39 3 20814 1000000 0.13
63 40 3 20815 1000000 0.13
0 42 3 20816 1000000 0.13
1 43 3 20817 1000000 0.13
2 44 3 20818 1000000 0.13
3 45 3 20819 1000000 0.13
4 46 3 20820 1000000 0.13
5 47 3 20821 1000000 0.13
6 48 3 20822 1000000 0.13
7 49 3 20823 1000000 0.13
8 50 3 20824 1000000 0.13
9 51 3 20825 1000000 0.13
10 52 3 20826 1000000 0.13
11 53 3 20827 1000000 0.13
12 54 3 20828 1000000 0.13
13 55 3 20829 1000000 0.13
14 56 3 20830 1000000 0.13
15 57 3 20831 1000000 0.13
16 58 3 20832 1000000 0.13
17 59 3 20833 1000000 0.13
18 60 3 20834 1000000 0.13
19 61 3 20835 1000000 0.13
20 62 3 20836 1000000 0.13
21 63 3 20837 1000000 0.13
22 0 3 20838 1000000 0.13
23 1 3 20839 1000000 0.13
24 2 3 20840 1000000 0.13
25 3 3 20841 1000000 0.13
26 4 3 20842 1000000 0.13
27 5 3 20843 1000000 0.13
28 6 3 20844 1000000 0.13
29 7 3 20845 1000000 0.13
30 8 3 20846 1000000 0.13
31 9 3 20847 1000000 0.13
32 10 3 20848 1000000 0.13
33 11 3 20849 1000000 0.13
34 12 3 20850 1000000 0.13
35 13 3 20851 1000000 0.13
36 14 3 20852 1000000 0.13
37 15 3 20853 1000000 0.13
38 16 3 20854 1000000 0.13
39 17 3 20855 1000000 0.13
40 18 3 20856 1000000 0.13
41 19 3 20857 1000000 0.13
42 20 3 20858 1000000 0.13
43 21 3 20859 1000000 0.13
44 22 3 20860 1000000 0.13
45 23 3 20861 1000000 0.13
46 24 3 20862 1000000 0.13
47 25 3 20863 1000000 0.13
48 26 3 20864 1000000 0.13
49 27 3 20865 1000000 0.13
50 28 3 20866 1000000 0.13
51 29 3 20867 1000000 0.13
52 30 3 20868 1000000 0.13
53 31 3 20869 1000000 0.13
54 32 3 20870 1000000 0.13
55 33 3 20871 1000000 0.13
56 34 3 20872 1000000 0.13
57 35 3 20873 1000000 0.13
58 36 3 20874 1000000 0.13
59 37 3 20875 1000000 0.13
60 38 3 20876 1000000 0.13
61 39 3 20877 1000000 0.13
62 40 3 20878 1000000 0.13
63 41 3 20879 1000000 0.13
0 43 3 20880 1000000 0.13
1 44 3 20881 1000000 0.13
2 45 3 20882 1000000 0.13
3 46 3 20883 1000000 0.13
4 47 3 20884 1000000 0.13
5 48 3 20885 1000000 0.13
6 49 3 20886 1000000 0.13
7 50 3 20887 1000000 0.13
8 51 3 20888 1000000 0.13
9 52 3 20889 1000000 0.13
10 53 3 20890 1000000 0.13
11 54 3 20891 1000000 0.13
12 55 3 20892 1000000 0.13
13 56 3 20893 1000000 0.13
14 57 3 20894 1000000 0.13
15 58 3 20895 1000000 0.13
16 59 3 20896 1000000 0.13
17 60 3 20897 1000000 0.13
18 61 3 20898 1000000 0.13
19 62 3 20899 1000000 0.13
20 63 3 20900 1000000 0.13
21 0 3 20901 1000000 0.13
22 1 3 20902 1000000 0.13
23 2 3 20903 1000000 0.13
24 3 3 20904 1000000 0.13
25 4 3 20905 1000000 0.13
26 5 3 20906 1000000 0.13
27 6 3 20907 1000000 0.13
28 7 3 20908 1000000 0.13
29 8 3 20909 1000000 0.13
30 9 3 20910 1000000 0.13
31 10 3 20911 1000000 0.13
32 11 3 20912 1000000 0.13
33 12 3 20913 1000000 0.13
34 13 3 20914 1000000 0.13
35 14 3 20915 1000000 0.13
36 15 3 20916 1000000 0.13
37 16 3 20917 1000000 0.13
38 17 3 20918 1000000 0.13
39 18 3 20919 1000000 0.13
40 19 3 20920 1000000 0.13
41 20 3 20921 1000000 0.13
42 21 3 20922 1000000 0.13
43 22 3 20923 1000000 0.13
44 23 3 20924 1000000 0.13
45 24 3 20925 1000000 0.13
46 25 3 20926 1000000 0.13
47 26 3 20927 1000000 0.13
48 27 3 20928 1000000 0.13
49 28 3 20929 1000000 0.13
50 29 3 20930 1000000 0.13
51 30 3 20931 1000000 0.13
52 31 3 20932 1000000 0.13
53 32 3 20933 1000000 0.13
54 33 3 20934 1000000 0.13
55 34 3 20935 1000000 0.13
56 35 3 20936 1000000 0.13
57 36 3 20937 1000000 0.13
58 37 3 20938 1000000 0.13
59 38 3 20939 1000000 0.13
60 39 3 20940 1000000 0.13
61 40 3 20941 1000000 0.13
62 41 3 20942 1000000 0.13
63 42 3 20943 1000000 0.13
0 44 3 20944 1000000 0.13
1 45 3 20945 1000000 0.13
2 46 3 20946 1000000 0.13
3 47 3 20947 1000000 0.13
4 48 3 20948 1000000 0.13
5 49 3 20949 1000000 0.13
6 50 3 20950 1000000 0.13
7 51 3 20951 1000000 0.13
8 52 3 20952 1000000 0.13
9 53 3 20953 1000000 0.13
10 54 3 20954 1000000 0.13
11 55 3 20955 1000000 0.13
12 56 3 20956 1000000 0.13
13 57 3 20957 1000000 0.13
14 58 3 20958 1000000 0.13
15 59 3 20959 1000000 0.13
16 60 3 20960 1000000 0.13
17 61 3 20961 1000000 0.13
18 62 3 20962 1000000 0.13
19 63 3 20963 1000000 0.13
20 0 3 20964 1000000 0.13
21 1 3 20965 1000000 0.13
22 2 3 20966 1000000 0.13
23 3 3 20967 1000000 0.13
24 4 3 20968 1000000 0.13
25 5 3 20969 1000000 0.13
26 6 3 20970 1000000 0.13
27 7 3 20971 1000000 0.13
28 8 3 20972 1000000 0.13
29 9 3 20973 1000000 0.13
30 10 3 20974 1000000 0.13
31 11 3 20975 1000000 0.13
32 12 3 20976 1000000 0.13
33 13 3 20977 1000000 0.13
34 14 3 20978 1000000 0.13
35 15 3 20979 1000000 0.13
36 16 3 20980 1000000 0.13
37 17 3 20981 1000000 0.13
38 18 3 20982 1000000 0.13
39 19 3 20983 1000000 0.13
40 20 3 20984 1000000 0.13
41 21 3 20985 1000000 0.13
42 22 3 20986 1000000 0.13
43 23 3 20987 1000000 0.13
44 24 3 20988 1000000 0.13
45 25 3 20989 1000000 0.13
46 26 3 20990 1000000 0.13
47 27 3 20991 1000000 0.13
48 28 3 20992 1000000 0.13
49 29 3 20993 1000000 0.13
50 30 3 20994 1000000 0.13
51 31 3 20995 1000000 0.13
52 32 3 20996 1000000 0.13
53 33 3 20997 1000000 0.13
54 34 3 20998 1000000 0.13
55 35 3 20999 1000000 0.13
56 36 3 21000 1000000 0.13
57 37 3 21001 1000000 0.13
58 38 3 21002 1000000 0.13
59 39 3 21003 1000000 0.13
60 40 3 21004 1000000 0.13
61 41 3 21005 1000000 0.13
62 42 3 21006 1000000 0.13
63 43 3 21007 1000000 0.13
0 45 3 21008 1000000 0.13
1 46 3 21009 1000000 0.13
2 47 3 21010 1000000 0.13
3 48 3 21011 1000000 0.13
4 49 3 21012 1000000 0.13
5 50 3 21013 1000000 0.13
6 51 3 21014 1000000 0.13
7 52 3 21015 1000000 0.13
8 53 3 21016 1000000 0.13
9 54 3 21017 1000000 0.13
10 55 3 21018 1000000 0.13
11 56 3 21019 1000000 0.13
12 57 3 21020 1000000 0.13
13 58 3 21021 1000000 0.13
14 59 3 21022 1000000 0.13
15 60 3 21023 1000000 0.13
16 61 3 21024 1000000 0.13
17 62 3 21025 1000000 0.13
18 63 3 21026 1000000 0.13
19 0 3 21027 1000000 0.13
20 1 3 21028 1000000 0.13
21 2 3 21029 1000000 0.13
22 3 3 21030 1000000 0.13
23 4 3 21031 1000000 0.13
24 5 3 21032 1000000 0.13
25 6 3 21033 1000000 0.13
26 7 3 21034 1000000 0.13
27 8 3 21035 1000000 0.13
28 9 3 21036 1000000 0.13
29 10 3 21037 1000000 0.13
30 11 3 21038 1000000 0.13
31 12 3 21039 1000000 0.13
32 13 3 21040 1000000 0.13
33 14 3 21041 1000000 0.13
34 15 3 21042 1000000 0.13
35 16 3 21043 1000000 0.13
36 17 3 21044 1000000 0.13
37 18 3 21045 1000000 0.13
38 19 3 21046 1000000 0.13
39 20 3 21047 1000000 0.13
40 21 3 21048 1000000 0.13
41 22 3 21049 1000000 0.13
42 23 3 21050 1000000 0.13
43 24 3 21051 1000000 0.13
44 25 3 21052 1000000 0.13
45 26 3 21053 1000000 0.13
46 27 3 21054 1000000 0.13
47 28 3 21055 1000000 0.13
48 29 3 21056 1000000 0.13
49 30 3 21057 1000000 0.13
50 31 3 21058 1000000 0.13
51 32 3 21059 1000000 0.13
52 33 3 21060 1000000 0.13
53 34 3 21061 1000000 0.13
54 35 3 21062 1000000 0.13
55 36 3 21063 1000000 0.13
56 37 3 21064 1000000 0.13
57 38 3 21065 1000000 0.13
58 39 3 21066 1000000 0.13
59 40 3 21067 1000000 0.13
60 41 3 21068 1000000 0.13
61 42 3 21069 1000000 0.13
62 43 3 21070 1000000 0.13
63 44 3 21071 1000000 0.13
0 46 3 21072 1000000 0.13
1 47 3 21073 1000000 0.13
2 48 3 21074 1000000 0.13
3 49 3 21075 1000000 0.13
4 50 3 21076 1000000 0.13
5 51 3 21077 1000000 0.13
6 52 3 21078 1000000 0.13
7 53 3 21079 1000000 0.13
8 54 3 21080 1000000 0.13
9 55 3 21081 1000000 0.13
10 56 3 21082 1000000 0.13
11 57 3 21083 1000000 0.13
12 58 3 21084 1000000 0.13
13 59 3 21085 1000000 0.13
14 60 3 21086 1000000 0.13
15 61 3 21087 1000000 0.13
16 62 3 21088 1000000 0.13
17 63 3 21089 1000000 0.13
18 0 3 21090 1000000 0.13
19 1 3 21091 1000000 0.13
20 2 3 21092 1000000 0.13
21 3 3 21093 1000000 0.13
22 4 3 21094 1000000 0.13
23 5 3 21095 1000000 0.13
24 6 3 21096 1000000 0.13
25 7 3 21097 1000000 0.13
26 8 3 21098 1000000 0.13
27 9 3 21099 1000000 0.13
28 10 3 21100 1000000 0.13
29 11 3 21101 1000000 0.13
30 12 3 21102 1000000 0.13
31 13 3 21103 1000000 0.13
32 14 3 21104 1000000 0.13
33 15 3 21105 1000000 0.13
34 16 3 21106 1000000 0.13
35 17 3 21107 1000000 0.13
36 18 3 21108 1000000 0.13
37 19 3 21109 1000000 0.13
38 20 3 21110 1000000 0.13
39 21 3 21111 1000000 0.13
40 22 3 21112 1000000 0.13
41 23 3 21113 1000000 0.13
42 24 3 21114 1000000 0.13
43 25 3 21115 1000000 0.13
44 26 3 21116 1000000 0.13
45 27 3 21117 1000000 0.13
46 28 3 21118 1000000 0.13
47 29 3 21119 1000000 0.13
48 30 3 21120 1000000 0.13
49 31 3 21121 1000000 0.13
50 32 3 21122 1000000 0.13
51 33 3 21123 1000000 0.13
52 34 3 21124 1000000 0.13
53 35 3 21125 1000000 0.13
54 36 3 21126 1000000 0.13
55 37 3 21127 1000000 0.13
56 38 3 21128 1000000 0.13
57 39 3 21129 1000000 0.13
58 40 3 21130 1000000 0.13
59 41 3 21131 1000000 0.13
60 42 3 21132 1000000 0.13
61 43 3 21133 1000000 0.13
62 44 3 21134 1000000 0.13
63 45 3 21135 1000000 0.13
0 47 3 21136 1000000 0.13
1 48 3 21137 1000000 0.13
2 49 3 21138 1000000 0.13
3 50 3 21139 1000000 0.13
4 51 3 21140 1000000 0.13
5 52 3 21141 1000000 0.13
6 53 3 21142 1000000 0.13
7 54 3 21143 1000000 0.13
8 55 3 21144 1000000 0.13
9 56 3 21145 1000000 0.13
10 57 3 21146 1000000 0.13
11 58 3 21147 1000000 0.13
12 59 3 21148 1000000 0.13
13 60 3 21149 1000000 0.13
14 61 3 21150 1000000 0.13
15 62 3 21151 1000000 0.13
16 63 3 21152 1000000 0.13
17 0 3 21153 1000000 0.13
18 1 3 21154 1000000 0.13
19 2 3 21155 1000000 0.13
20 3 3 21156 1000000 0.13
21 4 3 21157 1000000 0.13
22 5 3 21158 1000000 0.13
23 6 3 21159 1000000 0.13
24 7 3 21160 1000000 0.13
25 8 3 21161 1000000 0.13
26 9 3 21162 1000000 0.13
27 10 3 21163 1000000 0.13
28 11 3 21164 1000000 0.13
29 12 3 21165 1000000 0.13
30 13 3 21166 1000000 0.13
31 14 3 21167 1000000 0.13
32 15 3 21168 1000000 0.13
33 16 3 21169 1000000 0.13
34 17 3 21170 1000000 0.13
35 18 3 21171 1000000 0.13
36 19 3 21172 1000000 0.13
37 20 3 21173 1000000 0.13
38 21 3 21174 1000000 0.13
39 22 3 21175 1000000 0.13
40 23 3 21176 1000000 0.13
41 24 3 21177 1000000 0.13
42 25 3 21178 1000000 0.13
43 26 3 21179 1000000 0.13
44 27 3 21180 1000000 0.13
45 28 3 21181 1000000 0.13
46 29 3 21182 1000000 0.13
47 30 3 21183 1000000 0.13
48 31 3 21184 1000000 0.13
49 32 3 21185 1000000 0.13
50 33 3 21186 1000000 0.13
51 34 3 21187 1000000 0.13
52 35 3 21188 1000000 0.13
53 36 3 21189 1000000 0.13
54 37 3 21190 1000000 0.13
55 38 3 21191 1000000 0.13
56 39 3 21192 1000000 0.13
57 40 3 21193 1000000 0.13
58 41 3 21194 1000000 0.13
59 42 3 21195 1000000 0.13
60 43 3 21196 1000000 0.13
61 44 3 21197 1000000 0.13
62 45 3 21198 1000000 0.13
63 46 3 21199 1000000 0.13
0 48 3 21200 1000000 0.13
1 49 3 21201 1000000 0.13
2 50 3 21202 1000000 0.13
3 51 3 21203 1000000 0.13
4 52 3 21204 1000000 0.13
5 53 3 21205 1000000 0.13
6 54 3 21206 1000000 0.13
7 55 3 21207 1000000 0.13
8 56 3 21208 1000000 0.13
9 57 3 21209 1000000 0.13
10 58 3 21210 1000000 0.13
11 59 3 21211 1000000 0.13
12 60 3 21212 1000000 0.13
13 61 3 21213 1000000 0.13
14 62 3 21214 1000000 0.13
15 63 3 21215 1000000 0.13
16 0 3 21216 1000000 0.13
17 1 3 21217 1000000 0.13
18 2 3 21218 1000000 0.13
19 3 3 21219 1000000 0.13
20 4 3 21220 1000000 0.13
21 5 3 21221 1000000 0.13
22 6 3 21222 1000000 0.13
23 7 3 21223 1000000 0.13
24 8 3 21224 1000000 0.13
25 9 3 21225 1000000 0.13
26 10 3 21226 1000000 0.13
27 11 3 21227 1000000 0.13
28 12 3 21228 1000000 0.13
29 13 3 21229 1000000 0.13
30 14 3 21230 1000000 0.13
31 15 3 21231 1000000 0.13
32 16 3 21232 1000000 0.13
33 17 3 21233 1000000 0.13
34 18 3 21234 1000000 0.13
35 19 3 21235 1000000 0.13
36 20 3 21236 1000000 0.13
37 21 3 21237 1000000 0.13
38 22 3 21238 1000000 0.13
39 23 3 21239 1000000 0.13
40 24 3 21240 1000000 0.13
41 25 3 21241 1000000 0.13
42 26 3 21242 1000000 0.13
43 27 3 21243 1000000 0.13
44 28 3 21244 1000000 0.13
45 29 3 21245 1000000 0.13
46 30 3 21246 1000000 0.13
47 31 3 21247 1000000 0.13
48 32 3 21248 1000000 0.13
49 33 3 21249 1000000 0.13
50 34 3 21250 1000000 0.13
51 35 3 21251 1000000 0.13
52 36 3 21252 1000000 0.13
53 37 3 21253 1000000 0.13
54 38 3 21254 1000000 0.13
55 39 3 21255 1000000 0.13
56 40 3 21256 1000000 0.13
57 41 3 21257 1000000 0.13
58 42 3 21258 1000000 0.13
59 43 3 21259 1000000 0.13
60 44 3 21260 1000000 0.13
61 45 3 21261 1000000 0.13
62 46 3 21262 1000000 0.13
63 47 3 21263 1000000 0.13
0 49 3 21264 1000000 0.13
1 50 3 21265 1000000 0.13
2 51 3 21266 1000000 0.13
3 52 3 21267 1000000 0.13
4 53 3 21268 1000000 0.13
5 54 3 21269 1000000 0.13
6 55 3 21270 1000000 0.13
7 56 3 21271 1000000 0.13
8 57 3 21272 1000000 0.13
9 58 3 21273 1000000 0.13
10 59 3 21274 1000000 0.13
11 60 3 21275 1000000 0.13
12 61 3 21276 1000000 0.13
13 62 3 21277 1000000 0.13
14 63 3 21278 1000000 0.13
15 0 3 21279 1000000 0.13
16 1 3 21280 1000000 0.13
17 2 3 21281 1000000 0.13
18 3 3 21282 1000000 0.13
19 4 3 21283 1000000 0.13
20 5 3 21284 1000000 0.13
21 6 3 21285 1000000 0.13
22 7 3 21286 1000000 0.13
23 8 3 21287 1000000 0.13
24 9 3 21288 1000000 0.13
25 10 3 21289 1000000 0.13
26 11 3 21290 1000000 0.13
27 12 3 21291 1000000 0.13
28 13 3 21292 1000000 0.13
29 14 3 21293 1000000 0.13
30 15 3 21294 1000000 0.13
31 16 3 21295 1000000 0.13
32 17 3 21296 1000000 0.13
33 18 3 21297 1000000 0.13
34 19 3 21298 1000000 0.13
35 20 3 21299 1000000 0.13
36 21 3 21300 1000000 0.13
37 22 3 21301 1000000 0.13
38 23 3 21302 1000000 0.13
39 24 3 21303 1000000 0.13
40 25 3 21304 1000000 0.13
41 26 3 21305 1000000 0.13
42 27 3 21306 1000000 0.13
43 28 3 21307 1000000 0.13
44 29 3 21308 1000000 0.13
45 30 3 21309 1000000 0.13
46 31 3 21310 1000000 0.13
47 32 3 21311 1000000 0.13
48 33 3 21312 1000000 0.13
49 34 3 21313 1000000 0.13
50 35 3 21314 1000000 0.13
51 36 3 21315 1000000 0.13
52 37 3 21316 1000000 0.13
53 38 3 21317 1000000 0.13
54 39 3 21318 1000000 0.13
55 40 3 21319 1000000 0.13
56 41 3 21320 1000000 0.13
57 42 3 21321 1000000 0.13
58 43 3 21322 1000000 0.13
59 44 3 21323 1000000 0.13
60 45 3 21324 1000000 0.13
61 46 3 21325 1000000 0.13
62 47 3 21326 1000000 0.13
63 48 3 21327 1000000 0.13
0 50 3 21328 1000000 0.13
1 51 3 21329 1000000 0.13
2 52 3 21330 1000000 0.13
3 53 3 21331 1000000 0.13
4 54 3 21332 1000000 0.13
5 55 3 21333 1000000 0.13
6 56 3 21334 1000000 0.13
7 57 3 21335 1000000 0.13
8 58 3 21336 1000000 0.13
9 59 3 21337 1000000 0.13
10 60 3 21338 1000000 0.13
11 61 3 21339 1000000 0.13
12 62 3 21340 1000000 0.13
13 63 3 21341 1000000 0.13
14 0 3 21342 1000000 0.13
15 1 3 21343 1000000 0.13
16 2 3 21344 1000000 0.13
17 3 3 21345 1000000 0.13
18 4 3 21346 1000000 0.13
19 5 3 21347 1000000 0.13
20 6 3 21348 1000000 0.13
21 7 3 21349 1000000 0.13
22 8 3 21350 1000000 0.13
23 9 3 21351 1000000 0.13
24 10 3 21352 1000000 0.13
25 11 3 21353 1000000 0.13
26 12 3 21354 1000000 0.13
27 13 3 21355 1000000 0.13
28 14 3 21356 1000000 0.13
29 15 3 21357 1000000 0.13
30 16 3 21358 1000000 0.13
31 17 3 21359 1000000 0.13
32 18 3 21360 1000000 0.13
33 19 3 21361 1000000 0.13
34 20 3 21362 1000000 0.13
35 21 3 21363 1000000 0.13
36 22 3 21364 1000000 0.13
37 23 3 21365 1000000 0.13
38 24 3 21366 1000000 0.13
39 25 3 21367 1000000 0.13
40 26 3 21368 1000000 0.13
41 27 3 21369 1000000 0.13
42 28 3 21370 1000000 0.13
43 29 3 21371 1000000 0.13
44 30 3 21372 1000000 0.13
45 31 3 21373 1000000 0.13
46 32 3 21374 1000000 0.13
47 33 3 21375 1000000 0.13
48 34 3 21376 1000000 0.13
49 35 3 21377 1000000 0.13
50 36 3 21378 1000000 0.13
51 37 3 21379 1000000 0.13
52 38 3 21380 1000000 0.13
53 39 3 21381 1000000 0.13
54 40 3 21382 1000000 0.13
55 41 3 21383 1000000 0.13
56 42 3 21384 1000000 0.13
57 43 3 21385 1000000 0.13
58 44 3 21386 1000000 0.13
59 45 3 21387 1000000 0.13
60 46 3 21388 1000000 0.13
61 47 3 21389 1000000 0.13
62 48 3 21390 1000000 0.13
63 49 3 21391 1000000 0.13
0 51 3 21392 1000000 0.13
1 52 3 21393 1000000 0.13
2 53 3 21394 1000000 0.13
3 54 3 21395 1000000 0.13
4 55 3 21396 1000000 0.13
5 56 3 21397 1000000 0.13
6 57 3 21398 1000000 0.13
7 58 3 21399 1000000 0.13
8 59 3 21400 1000000 0.13
9 60 3 21401 1000000 0.13
10 61 3 21402 1000000 0.13
11 62 3 21403 1000000 0.13
12 63 3 21404 1000000 0.13
13 0 3 21405 1000000 0.13
14 1 3 21406 1000000 0.13
15 2 3 21407 1000000 0.13
16 3 3 21408 1000000 0.13
17 4 3 21409 1000000 0.13
18 5 3 21410 1000000 0.13
19 6 3 21411 1000000 0.13
20 7 3 21412 1000000 0.13
21 8 3 21413 1000000 0.13
22 9 3 21414 1000000 0.13
23 10 3 21415 1000000 0.13
24 11 3 21416 1000000 0.13
25 12 3 21417 1000000 0.13
26 13 3 21418 1000000 0.13
27 14 3 21419 1000000 0.13
28 15 3 21420 1000000 0.13
29 16 3 21421 1000000 0.13
30 17 3 21422 1000000 0.13
31 18 3 21423 1000000 0.13
32 19 3 21424 1000000 0.13
33 20 3 21425 1000000 0.13
34 21 3 21426 1000000 0.13
35 22 3 21427 1000000 0.13
36 23 3 21428 1000000 0.13
37 24 3 21429 1000000 0.13
38 25 3 21430 1000000 0.13
39 26 3 21431 1000000 0.13
40 27 3 21432 1000000 0.13
41 28 3 21433 1000000 0.13
42 29 3 21434 1000000 0.13
43 30 3 21435 1000000 0.13
44 31 3 21436 1000000 0.13
45 32 3 21437 1000000 0.13
46 33 3 21438 1000000 0.13
47 34 3 21439 1000000 0.13
48 35 3 21440 1000000 0.13
49 36 3 21441 1000000 0.13
50 37 3 21442 1000000 0.13
51 38 3 21443 1000000 0.13
52 39 3 21444 1000000 0.13
53 40 3 21445 1000000 0.13
54 41 3 21446 1000000 0.13
55 42 3 21447 1000000 0.13
56 43 3 21448 1000000 0.13
57 44 3 21449 1000000 0.13
58 45 3 21450 1000000 0.13
59 46 3 21451 1000000 0.13
60 47 3 21452 1000000 0.13
61 48 3 21453 1000000 0.13
62 49 3 21454 1000000 0.13
63 50 3 21455 1000000 0.13
0 52 3 21456 1000000 0.13
1 53 3 21457 1000000 0.13
2 54 3 21458 1000000 0.13
3 55 3 21459 1000000 0.13
4 56 3 21460 1000000 0.13
5 57 3 21461 1000000 0.13
6 58 3 21462 1000000 0.13
7 59 3 21463 1000000 0.13
8 60 3 21464 1000000 0.13
9 61 3 21465 1000000 0.13
10 62 3 21466 1000000 0.13
11 63 3 21467 1000000 0.13
12 0 3 21468 1000000 0.13
13 1 3 21469 1000000 0.13
14 2 3 21470 1000000 0.13
15 3 3 21471 1000000 0.13
16 4 3 21472 1000000 0.13
17 5 3 21473 1000000 0.13
18 6 3 21474 1000000 0.13
19 7 3 21475 1000000 0.13
20 8 3 21476 1000000 0.13
21 9 3 21477 1000000 0.13
22 10 3 21478 1000000 0.13
23 11 3 21479 1000000 0.13
24 12 3 21480 1000000 0.13
25 13 3 21481 1000000 0.13
26 14 3 21482 1000000 0.13
27 15 3 21483 1000000 0.13
28 16 3 21484 1000000 0.13
29 17 3 21485 1000000 0.13
30 18 3 21486 1000000 0.13
31 19 3 21487 1000000 0.13
32 20 3 21488 1000000 0.13
33 21 3 21489 1000000 0.13
34 22 3 21490 1000000 0.13
35 23 3 21491 1000000 0.13
36 24 3 21492 1000000 0.13
37 25 3 21493 1000000 0.13
38 26 3 21494 1000000 0.13
39 27 3 21495 1000000 0.13
40 28 3 21496 1000000 0.13
41 29 3 21497 1000000 0.13
42 30 3 21498 1000000 0.13
43 31 3 21499 1000000 0.13
44 32 3 21500 1000000 0.13
45 33 3 21501 1000000 0.13
46 34 3 21502 1000000 0.13
47 35 3 21503 1000000 0.13
48 36 3 21504 1000000 0.13
49 37 3 21505 1000000 0.13
50 38 3 21506 1000000 0.13
51 39 3 21507 1000000 0.13
52 40 3 21508 1000000 0.13
53 41 3 21509 1000000 0.13
54 42 3 21510 1000000 0.13
55 43 3 21511 1000000 0.13
56 44 3 21512 1000000 0.13
57 45 3 21513 1000000 0.13
58 46 3 21514 1000000 0.13
59 47 3 21515 1000000 0.13
60 48 3 21516 1000000 0.13
61 49 3 21517 1000000 0.13
62 50 3 21518 1000000 0.13
63 51 3 21519 1000000 0.13
0 53 3 21520 1000000 0.13
1 54 3 21521 1000000 0.13
2 55 3 21522 1000000 0.13
3 56 3 21523 1000000 0.13
4 57 3 21524 1000000 0.13
5 58 3 21525 1000000 0.13
6 59 3 21526 1000000 0.13
7 60 3 21527 1000000 0.13
8 61 3 21528 1000000 0.13
9 62 3 21529 1000000 0.13
10 63 3 21530 1000000 0.13
11 0 3 21531 1000000 0.13
12 1 3 21532 1000000 0.13
13 2 3 21533 1000000 0.13
14 3 3 21534 1000000 0.13
15 4 3 21535 1000000 0.13
16 5 3 21536 1000000 0.13
17 6 3 21537 1000000 0.13
18 7 3 21538 1000000 0.13
19 8 3 21539 1000000 0.13
20 9 3 21540 1000000 0.13
21 10 3 21541 1000000 0.13
22 11 3 21542 1000000 0.13
23 12 3 21543 1000000 0.13
24 13 3 21544 1000000 0.13
25 14 3 21545 1000000 0.13
26 15 3 21546 1000000 0.13
27 16 3 21547 1000000 0.13
28 17 3 21548 1000000 0.13
29 18 3 21549 1000000 0.13
30 19 3 21550 1000000 0.13
31 20 3 21551 1000000 0.13
32 21 3 21552 1000000 0.13
33 22 3 21553 1000000 0.13
34 23 3 21554 1000000 0.13
35 24 3 21555 1000000 0.13
36 25 3 21556 1000000 0.13
37 26 3 21557 1000000 0.13
38 27 3 21558 1000000 0.13
39 28 3 21559 1000000 0.13
40 29 3 21560 1000000 0.13
41 30 3 21561 1000000 0.13
42 31 3 21562 1000000 0.13
43 32 3 21563 1000000 0.13
44 33 3 21564 1000000 0.13
45 34 3 21565 1000000 0.13
46 35 3 21566 1000000 0.13
47 36 3 21567 1000000 0.13
48 37 3 21568 1000000 0.13
49 38 3 21569 1000000 0.13
50 39 3 21570 1000000 0.13
51 40 3 21571 1000000 0.13
52 41 3 21572 1000000 0.13
53 42 3 21573 1000000 0.13
54 43 3 21574 1000000 0.13
55 44 3 21575 1000000 0.13
56 45 3 21576 1000000 0.13
57 46 3 21577 1000000 0.13
58 47 3 21578 1000000 0.13
59 48 3 21579 1000000 0.13
60 49 3 21580 1000000 0.13
61 50 3 21581 1000000 0.13
62 51 3 21582 1000000 0.13
63 52 3 21583 1000000 0.13
0 54 3 21584 1000000 0.13
1 55 3 21585 1000000 0.13
2 56 3 21586 1000000 0.13
3 57 3 21587 1000000 0.13
4 58 3 21588 1000000 0.13
5 59 3 21589 1000000 0.13
6 60 3 21590 1000000 0.13
7 61 3 21591 1000000 0.13
8 62 3 21592 1000000 0.13
9 63 3 21593 1000000 0.13
10 0 3 21594 1000000 0.13
11 1 3 21595 1000000 0.13
12 2 3 21596 1000000 0.13
13 3 3 21597 1000000 0.13
14 4 3 21598 1000000 0.13
15 5 3 21599 1000000 0.13
16 6 3 21600 1000000 0.13
17 7 3 21601 1000000 0.13
18 8 3 21602 1000000 0.13
19 9 3 21603 1000000 0.13
20 10 3 21604 1000000 0.13
21 11 3 21605 1000000 0.13
22 12 3 21606 1000000 0.13
23 13 3 21607 1000000 0.13
24 14 3 21608 1000000 0.13
25 15 3 21609 1000000 0.13
26 16 3 21610 1000000 0.13
27 17 3 21611 1000000 0.13
28 18 3 21612 1000000 0.13
29 19 3 21613 1000000 0.13
30 20 3 21614 1000000 0.13
31 21 3 21615 1000000 0.13
32 22 3 21616 1000000 0.13
33 23 3 21617 1000000 0.13
34 24 3 21618 1000000 0.13
35 25 3 21619 1000000 0.13
36 26 3 21620 1000000 0.13
37 27 3 21621 1000000 0.13
38 28 3 21622 1000000 0.13
39 29 3 21623 1000000 0.13
40 30 3 21624 1000000 0.13
41 31 3 21625 1000000 0.13
42 32 3 21626 1000000 0.13
43 33 3 21627 1000000 0.13
44 34 3 21628 1000000 0.13
45 35 3 21629 1000000 0.13
46 36 3 21630 1000000 0.13
47 37 3 21631 1000000 0.13
48 38 3 21632 1000000 0.13
49 39 3 21633 1000000 0.13
50 40 3 21634 1000000 0.13
51 41 3 21635 1000000 0.13
52 42 3 21636 1000000 0.13
53 43 3 21637 1000000 0.13
54 44 3 21638 1000000 0.13
55 45 3 21639 1000000 0.13
56 46 3 21640 1000000 0.13
57 47 3 21641 1000000 0.13
58 48 3 21642 1000000 0.13
59 49 3 21643 1000000 0.13
60 50 3 21644 1000000 0.13
61 51 3 21645 1000000 0.13
62 52 3 21646 1000000 0.13
63 53 3 21647 1000000 0.13
0 55 3 21648 1000000 0.13
1 56 3 21649 1000000 0.13
2 57 3 21650 1000000 0.13
3 58 3 21651 1000000 0.13
4 59 3 21652 1000000 0.13
5 60 3 21653 1000000 0.13
6 61 3 21654 1000000 0.13
7 62 3 21655 1000000 0.13
8 63 3 21656 1000000 0.13
9 0 3 21657 1000000 0.13
10 1 3 21658 1000000 0.13
11 2 3 21659 1000000 0.13
12 3 3 21660 1000000 0.13
13 4 3 21661 1000000 0.13
14 5 3 21662 1000000 0.13
15 6 3 21663 1000000 0.13
16 7 3 21664 1000000 0.13
17 8 3 21665 1000000 0.13
18 9 3 21666 1000000 0.13
19 10 3 21667 1000000 0.13
20 11 3 21668 1000000 0.13
21 12 3 21669 1000000 0.13
22 13 3 21670 1000000 0.13
23 14 3 21671 1000000 0.13
24 15 3 21672 1000000 0.13
25 16 3 21673 1000000 0.13
26 17 3 21674 1000000 0.13
27 18 3 21675 1000000 0.13
28 19 3 21676 1000000 0.13
29 20 3 21677 1000000 0.13
30 21 3 21678 1000000 0.13
31 22 3 21679 1000000 0.13
32 23 3 21680 1000000 0.13
33 24 3 21681 1000000 0.13
34 25 3 21682 1000000 0.13
35 26 3 21683 1000000 0.13
36 27 3 21684 1000000 0.13
37 28 3 21685 1000000 0.13
38 29 3 21686 1000000 0.13
39 30 3 21687 1000000 0.13
40 31 3 21688 1000000 0.13
41 32 3 21689 1000000 0.13
42 33 3 21690 1000000 0.13
43 34 3 21691 1000000 0.13
44 35 3 21692 1000000 0.13
45 36 3 21693 1000000 0.13
46 37 3 21694 1000000 0.13
47 38 3 21695 1000000 0.13
48 39 3 21696 1000000 0.13
49 40 3 21697 1000000 0.13
50 41 3 21698 1000000 0.13
51 42 3 21699 1000000 0.13
52 43 3 21700 1000000 0.13
53 44 3 21701 1000000 0.13
54 45 3 21702 1000000 0.13
55 46 3 21703 1000000 0.13
56 47 3 21704 1000000 0.13
57 48 3 21705 1000000 0.13
58 49 3 21706 1000000 0.13
59 50 3 21707 1000000 0.13
60 51 3 21708 1000000 0.13
61 52 3 21709 1000000 0.13
62 53 3 21710 1000000 0.13
63 54 3 21711 1000000 0.13
0 56 3 21712 1000000 0.13
1 57 3 21713 1000000 0.13
2 58 3 21714 1000000 0.13
3 59 3 21715 1000000 0.13
4 60 3 21716 1000000 0.13
5 61 3 21717 1000000 0.13
6 62 3 21718 1000000 0.13
7 63 3 21719 1000000 0.13
8 0 3 21720 1000000 0.13
9 1 3 21721 1000000 0.13
10 2 3 21722 1000000 0.13
11 3 3 21723 1000000 0.13
12 4 3 21724 1000000 0.13
13 5 3 21725 1000000 0.13
14 6 3 21726 1000000 0.13
15 7 3 21727 1000000 0.13
16 8 3 21728 1000000 0.13
17 9 3 21729 1000000 0.13
18 10 3 21730 1000000 0.13
19 11 3 21731 1000000 0.13
20 12 3 21732 1000000 0.13
21 13 3 21733 1000000 0.13
22 14 3 21734 1000000 0.13
23 15 3 21735 1000000 0.13
24 16 3 21736 1000000 0.13
25 17 3 21737 1000000 0.13
26 18 3 21738 1000000 0.13
27 19 3 21739 1000000 0.13
28 20 3 21740 1000000 0.13
29 21 3 21741 1000000 0.13
30 22 3 21742 1000000 0.13
31 23 3 21743 1000000 0.13
32 24 3 21744 1000000 0.13
33 25 3 21745 1000000 0.13
34 26 3 21746 1000000 0.13
35 27 3 21747 1000000 0.13
36 28 3 21748 1000000 0.13
37 29 3 21749 1000000 0.13
38 30 3 21750 1000000 0.13
39 31 3 21751 1000000 0.13
40 32 3 21752 1000000 0.13
41 33 3 21753 1000000 0.13
42 34 3 21754 1000000 0.13
43 35 3 21755 1000000 0.13
44 36 3 21756 1000000 0.13
45 37 3 21757 1000000 0.13
46 38 3 21758 1000000 0.13
47 39 3 21759 1000000 0.13
48 40 3 21760 1000000 0.13
49 41 3 21761 1000000 0.13
50 42 3 21762 1000000 0.13
51 43 3 21763 1000000 0.13
52 44 3 21764 1000000 0.13
53 45 3 21765 1000000 0.13
54 46 3 21766 1000000 0.13
55 47 3 21767 1000000 0.13
56 48 3 21768 1000000 0.13
57 49 3 21769 1000000 0.13
58 50 3 21770 1000000 0.13
59 51 3 21771 1000000 0.13
60 52 3 21772 1000000 0.13
61 53 3 21773 1000000 0.13
62 54 3 21774 1000000 0.13
63 55 3 21775 1000000 0.13
0 57 3 21776 1000000 0.13
1 58 3 21777 1000000 0.13
2 59 3 21778 1000000 0.13
3 60 3 21779 1000000 0.13
4 61 3 21780 1000000 0.13
5 62 3 21781 1000000 0.13
6 63 3 21782 1000000 0.13
7 0 3 21783 1000000 0.13
8 1 3 21784 1000000 0.13
9 2 3 21785 1000000 0.13
10 3 3 21786 1000000 0.13
11 4 3 21787 1000000 0.13
12 5 3 21788 1000000 0.13
13 6 3 21789 1000000 0.13
14 7 3 21790 1000000 0.13
15 8 3 21791 1000000 0.13
16 9 3 21792 1000000 0.13
17 10 3 21793 1000000 0.13
18 11 3 21794 1000000 0.13
19 12 3 21795 1000000 0.13
20 13 3 21796 1000000 0.13
21 14 3 21797 1000000 0.13
22 15 3 21798 1000000 0.13
23 16 3 21799 1000000 0.13
24 17 3 21800 1000000 0.13
25 18 3 21801 1000000 0.13
26 19 3 21802 1000000 0.13
27 20 3 21803 1000000 0.13
28 21 3 21804 1000000 0.13
29 22 3 21805 1000000 0.13
30 23 3 21806 1000000 0.13
31 24 3 21807 1000000 0.13
32 25 3 21808 1000000 0.13
33 26 3 21809 1000000 0.13
34 27 3 21810 1000000 0.13
35 28 3 21811 1000000 0.13
36 29 3 21812 1000000 0.13
37 30 3 21813 1000000 0.13
38 31 3 21814 1000000 0.13
39 32 3 21815 1000000 0.13
40 33 3 21816 1000000 0.13
41 34 3 21817 1000000 0.13
42 35 3 21818 1000000 0.13
43 36 3 21819 1000000 0.13
44 37 3 21820 1000000 0.13
45 38 3 21821 1000000 0.13
46 39 3 21822 1000000 0.13
47 40 3 21823 1000000 0.13
48 41 3 21824 1000000 0.13
49 42 3 21825 1000000 0.13
50 43 3 21826 1000000 0.13
51 44 3 21827 1000000 0.13
52 45 3 21828 1000000 0.13
53 46 3 21829 1000000 0.13
54 47 3 21830 1000000 0.13
55 48 3 21831 1000000 0.13
56 49 3 21832 1000000 0.13
57 50 3 21833 1000000 0.13
58 51 3 21834 1000000 0.13
59 52 3 21835 1000000 0.13
60 53 3 21836 1000000 0.13
61 54 3 21837 1000000 0.13
62 55 3 21838 1000000 0.13
63 56 3 21839 1000000 0.13
0 58 3 21840 1000000 0.13
1 59 3 21841 1000000 0.13
2 60 3 21842 1000000 0.13
3 61 3 21843 1000000 0.13
4 62 3 21844 1000000 0.13
5 63 3 21845 1000000 0.13
6 0 3 21846 1000000 0.13
7 1 3 21847 1000000 0.13
8 2 3 21848 1000000 0.13
9 3 3 21849 1000000 0.13
10 4 3 21850 1000000 0.13
11 5 3 21851 1000000 0.13
12 6 3 21852 1000000 0.13
13 7 3 21853 1000000 0.13
14 8 3 21854 1000000 0.13
15 9 3 21855 1000000 0.13
16 10 3 21856 1000000 0.13
17 11 3 21857 1000000 0.13
18 12 3 21858 1000000 0.13
19 13 3 21859 1000000 0.13
20 14 3 21860 1000000 0.13
21 15 3 21861 1000000 0.13
22 16 3 21862 1000000 0.13
23 17 3 21863 1000000 0.13
24 18 3 21864 1000000 0.13
25 19 3 21865 1000000 0.13
26 20 3 21866 1000000 0.13
27 21 3 21867 1000000 0.13
28 22 3 21868 1000000 0.13
29 23 3 21869 1000000 0.13
30 24 3 21870 1000000 0.13
31 25 3 21871 1000000 0.13
32 26 3 21872 1000000 0.13
33 27 3 21873 1000000 0.13
34 28 3 21874 1000000 0.13
35 29 3 21875 1000000 0.13
36 30 3 21876 1000000 0.13
37 31 3 21877 1000000 0.13
38 32 3 21878 1000000 0.13
39 33 3 21879 1000000 0.13
40 34 3 21880 1000000 0.13
41 35 3 21881 1000000 0.13
42 36 3 21882 1000000 0.13
43 37 3 21883 1000000 0.13
44 38 3 21884 1000000 0.13
45 39 3 21885 1000000 0.13
46 40 3 21886 1000000 0.13
47 41 3 21887 1000000 0.13
48 42 3 21888 1000000 0.13
49 43 3 21889 1000000 0.13
50 44 3 21890 1000000 0.13
51 45 3 21891 1000000 0.13
52 46 3 21892 1000000 0.13
53 47 3 21893 1000000 0.13
54 48 3 21894 1000000 0.13
55 49 3 21895 1000000 0.13
56 50 3 21896 1000000 0.13
57 51 3 21897 1000000 0.13
58 52 3 21898 1000000 0.13
59 53 3 21899 1000000 0.13
60 54 3 21900 1000000 0.13
61 55 3 21901 1000000 0.13
62 56 3 21902 1000000 0.13
63 57 3 21903 1000000 0.13
0 59 3 21904 1000000 0.13
1 60 3 21905 1000000 0.13
2 61 3 21906 1000000 0.13
3 62 3 21907 1000000 0.13
4 63 3 21908 1000000 0.13
5 0 3 21909 1000000 0.13
6 1 3 21910 1000000 0.13
7 2 3 21911 1000000 0.13
8 3 3 21912 1000000 0.13
9 4 3 21913 1000000 0.13
10 5 3 21914 1000000 0.13
11 6 3 21915 1000000 0.13
12 7 3 21916 1000000 0.13
13 8 3 21917 1000000 0.13
14 9 3 21918 1000000 0.13
15 10 3 21919 1000000 0.13
16 11 3 21920 1000000 0.13
17 12 3 21921 1000000 0.13
18 13 3 21922 1000000 0.13
19 14 3 21923 1000000 0.13
20 15 3 21924 1000000 0.13
21 16 3 21925 1000000 0.13
22 17 3 21926 1000000 0.13
23 18 3 21927 1000000 0.13
24 19 3 21928 1000000 0.13
25 20 3 21929 1000000 0.13
26 21 3 21930 1000000 0.13
27 22 3 21931 1000000 0.13
28 23 3 21932 1000000 0.13
29 24 3 21933 1000000 0.13
30 25 3 21934 1000000 0.13
31 26 3 21935 1000000 0.13
32 27 3 21936 1000000 0.13
33 28 3 21937 1000000 0.13
34 29 3 21938 1000000 0.13
35 30 3 21939 1000000 0.13
36 31 3 21940 1000000 0.13
37 32 3 21941 1000000 0.13
38 33 3 21942 1000000 0.13
39 34 3 21943 1000000 0.13
40 35 3 21944 1000000 0.13
41 36 3 21945 1000000 0.13
42 37 3 21946 1000000 0.13
43 38 3 21947 1000000 0.13
44 39 3 21948 1000000 0.13
45 40 3 21949 1000000 0.13
46 41 3 21950 1000000 0.13
47 42 3 21951 1000000 0.13
48 43 3 21952 1000000 0.13
49 44 3 21953 1000000 0.13
50 45 3 21954 1000000 0.13
51 46 3 21955 1000000 0.13
52 47 3 21956 1000000 0.13
53 48 3 21957 1000000 0.13
54 49 3 21958 1000000 0.13
55 50 3 21959 1000000 0.13
56 51 3 21960 1000000 0.13
57 52 3 21961 1000000 0.13
58 53 3 21962 1000000 0.13
59 54 3 21963 1000000 0.13
60 55 3 21964 1000000 0.13
61 56 3 21965 1000000 0.13
62 57 3 21966 1000000 0.13
63 58 3 21967 1000000 0.13
0 60 3 21968 1000000 0.13
1 61 3 21969 1000000 0.13
2 62 3 21970 1000000 0.13
3 63 3 21971 1000000 0.13
4 0 3 21972 1000000 0.13
5 1 3 21973 1000000 0.13
6 2 3 21974 1000000 0.13
7 3 3 21975 1000000 0.13
8 4 3 21976 1000000 0.13
9 5 3 21977 1000000 0.13
10 6 3 21978 1000000 0.13
11 7 3 21979 1000000 0.13
12 8 3 21980 1000000 0.13
13 9 3 21981 1000000 0.13
14 10 3 21982 1000000 0.13
15 11 3 21983 1000000 0.13
16 12 3 21984 1000000 0.13
17 13 3 21985 1000000 0.13
18 14 3 21986 1000000 0.13
19 15 3 21987 1000000 0.13
20 16 3 21988 1000000 0.13
21 17 3 21989 1000000 0.13
22 18 3 21990 1000000 0.13
23 19 3 21991 1000000 0.13
24 20 3 21992 1000000 0.13
25 21 3 21993 1000000 0.13
26 22 3 21994 1000000 0.13
27 23 3 21995 1000000 0.13
28 24 3 21996 1000000 0.13
29 25 3 21997 1000000 0.13
30 26 3 21998 1000000 0.13
31 27 3 21999 1000000 0.13
32 28 3 22000 1000000 0.13
33 29 3 22001 1000000 0.13
34 30 3 22002 1000000 0.13
35 31 3 22003 1000000 0.13
36 32 3 22004 1000000 0.13
37 33 3 22005 1000000 0.13
38 34 3 22006 1000000 0.13
39 35 3 22007 1000000 0.13
40 36 3 22008 1000000 0.13
41 37 3 22009 1000000 0.13
42 38 3 22010 1000000 0.13
43 39 3 22011 1000000 0.13
44 40 3 22012 1000000 0.13
45 41 3 22013 1000000 0.13
46 42 3 22014 1000000 0.13
47 43 3 22015 1000000 0.13
48 44 3 22016 1000000 0.13
49 45 3 22017 1000000 0.13
50 46 3 22018 1000000 0.13
51 47 3 22019 1000000 0.13
52 48 3 22020 1000000 0.13
53 49 3 22021 1000000 0.13
54 50 3 22022 1000000 0.13
55 51 3 22023 1000000 0.13
56 52 3 22024 1000000 0.13
57 53 3 22025 1000000 0.13
58 54 3 22026 1000000 0.13
59 55 3 22027 1000000 0.13
60 56 3 22028 1000000 0.13
61 57 3 22029 1000000 0.13
62 58 3 22030 1000000 0.13
63 59 3 22031 1000000 0.13
0 61 3 22032 1000000 0.13
1 62 3 22033 1000000 0.13
2 63 3 22034 1000000 0.13
3 0 3 22035 1000000 0.13
4 1 3 22036 1000000 0.13
5 2 3 22037 1000000 0.13
6 3 3 22038 1000000 0.13
7 4 3 22039 1000000 0.13
8 5 3 22040 1000000 0.13
9 6 3 22041 1000000 0.13
10 7 3 22042 1000000 0.13
11 8 3 22043 1000000 0.13
12 9 3 22044 1000000 0.13
13 10 3 22045 1000000 0.13
14 11 3 22046 1000000 0.13
15 12 3 22047 1000000 0.13
16 13 3 22048 1000000 0.13
17 14 3 22049 1000000 0.13
18 15 3 22050 1000000 0.13
19 16 3 22051 1000000 0.13
20 17 3 22052 1000000 0.13
21 18 3 22053 1000000 0.13
22 19 3 22054 1000000 0.13
23 20 3 22055 1000000 0.13
24 21 3 22056 1000000 0.13
25 22 3 22057 1000000 0.13
26 23 3 22058 1000000 0.13
27 24 3 22059 1000000 0.13
28 25 3 22060 1000000 0.13
29 26 3 22061 1000000 0.13
30 27 3 22062 1000000 0.13
31 28 3 22063 1000000 0.13
32 29 3 22064 1000000 0.13
33 30 3 22065 1000000 0.13
34 31 3 22066 1000000 0.13
35 32 3 22067 1000000 0.13
36 33 3 22068 1000000 0.13
37 34 3 22069 1000000 0.13
38 35 3 22070 1000000 0.13
39 36 3 22071 1000000 0.13
40 37 3 22072 1000000 0.13
41 38 3 22073 1000000 0.13
42 39 3 22074 1000000 0.13
43 40 3 22075 1000000 0.13
44 41 3 22076 1000000 0.13
45 42 3 22077 1000000 0.13
46 43 3 22078 1000000 0.13
47 44 3 22079 1000000 0.13
48 45 3 22080 1000000 0.13
49 46 3 22081 1000000 0.13
50 47 3 22082 1000000 0.13
51 48 3 22083 1000000 0.13
52 49 3 22084 1000000 0.13
53 50 3 22085 1000000 0.13
54 51 3 22086 1000000 0.13
55 52 3 22087 1000000 0.13
56 53 3 22088 1000000 0.13
57 54 3 22089 1000000 0.13
58 55 3 22090 1000000 0.13
59 56 3 22091 1000000 0.13
60 57 3 22092 1000000 0.13
61 58 3 22093 1000000 0.13
62 59 3 22094 1000000 0.13
63 60 3 22095 1000000 0.13
0 62 3 22096 1000000 0.13
1 63 3 22097 1000000 0.13
2 0 3 22098 1000000 0.13
3 1 3 22099 1000000 0.13
4 2 3 22100 1000000 0.13
5 3 3 22101 1000000 0.13
6 4 3 22102 1000000 0.13
7 5 3 22103 1000000 0.13
8 6 3 22104 1000000 0.13
9 7 3 22105 1000000 0.13
10 8 3 22106 1000000 0.13
11 9 3 22107 1000000 0.13
12 10 3 22108 1000000 0.13
13 11 3 22109 1000000 0.13
14 12 3 22110 1000000 0.13
15 13 3 22111 1000000 0.13
16 14 3 22112 1000000 0.13
17 15 3 22113 1000000 0.13
18 16 3 22114 1000000 0.13
19 17 3 22115 1000000 0.13
20 18 3 22116 1000000 0.13
21 19 3 22117 1000000 0.13
22 20 3 22118 1000000 0.13
23 21 3 22119 1000000 0.13
24 22 3 22120 1000000 0.13
25 23 3 22121 1000000 0.13
26 24 3 22122 1000000 0.13
27 25 3 22123 1000000 0.13
28 26 3 22124 1000000 0.13
29 27 3 22125 1000000 0.13
30 28 3 22126 1000000 0.13
31 29 3 22127 1000000 0.13
32 30 3 22128 1000000 0.13
33 31 3 22129 1000000 0.13
34 32 3 22130 1000000 0.13
35 33 3 22131 1000000 0.13
36 34 3 22132 1000000 0.13
37 35 3 22133 1000000 0.13
38 36 3 22134 1000000 0.13
39 37 3 22135 1000000 0.13
40 38 3 22136 1000000 0.13
41 39 3 22137 1000000 0.13
42 40 3 22138 1000000 0.13
43 41 3 22139 1000000 0.13
44 42 3 22140 1000000 0.13
45 43 3 22141 1000000 0.13
46 44 3 22142 1000000 0.13
47 45 3 22143 1000000 0.13
48 46 3 22144 1000000 0.13
49 47 3 22145 1000000 0.13
50 48 3 22146 1000000 0.13
51 49 3 22147 1000000 0.13
52 50 3 22148 1000000 0.13
53 51 3 22149 1000000 0.13
54 52 3 22150 1000000 0.13
55 53 3 22151 1000000 0.13
56 54 3 22152 1000000 0.13
57 55 3 22153 1000000 0.13
58 56 3 22154 1000000 0.13
59 57 3 22155 1000000 0.13
60 58 3 22156 1000000 0.13
61 59 3 22157 1000000 0.13
62 60 3 22158 1000000 0.13
63 61 3 22159 1000000 0.13
0 63 3 22160 1000000 0.13
1 0 3 22161 1000000 0.13
2 1 3 22162 1000000 0.13
3 2 3 22163 1000000 0.13
4 3 3 22164 1000000 0.13
5 4 3 22165 1000000 0.13
6 5 3 22166 1000000 0.13
7 6 3 22167 1000000 0.13
8 7 3 22168 1000000 0.13
9 8 3 22169 1000000 0.13
10 9 3 22170 1000000 0.13
11 10 3 22171 1000000 0.13
12 11 3 22172 1000000 0.13
13 12 3 22173 1000000 0.13
14 13 3 22174 1000000 0.13
15 14 3 22175 1000000 0.13
16 15 3 22176 1000000 0.13
17 16 3 22177 1000000 0.13
18 17 3 22178 1000000 0.13
19 18 3 22179 1000000 0.13
20 19 3 22180 1000000 0.13
21 20 3 22181 1000000 0.13
22 21 3 22182 1000000 0.13
23 22 3 22183 1000000 0.13
24 23 3 22184 1000000 0.13
25 24 3 22185 1000000 0.13
26 25 3 22186 1000000 0.13
27 26 3 22187 1000000 0.13
28 27 3 22188 1000000 0.13
29 28 3 22189 1000000 0.13
30 29 3 22190 1000000 0.13
31 30 3 22191 1000000 0.13
32 31 3 22192 1000000 0.13
33 32 3 22193 1000000 0.13
34 33 3 22194 1000000 0.13
35 34 3 22195 1000000 0.13
36 35 3 22196 1000000 0.13
37 36 3 22197 1000000 0.13
38 37 3 22198 1000000 0.13
39 38 3 22199 1000000 0.13
40 39 3 22200 1000000 0.13
41 40 3 22201 1000000 0.13
42 41 3 22202 1000000 0.13
43 42 3 22203 1000000 0.13
44 43 3 22204 1000000 0.13
45 44 3 22205 1000000 0.13
46 45 3 22206 1000000 0.13
47 46 3 22207 1000000 0.13
48 47 3 22208 1000000 0.13
49 48 3 22209 1000000 0.13
50 49 3 22210 1000000 0.13
51 50 3 22211 1000000 0.13
52 51 3 22212 1000000 0.13
53 52 3 22213 1000000 0.13
54 53 3 22214 1000000 0.13
55 54 3 22215 1000000 0.13
56 55 3 22216 1000000 0.13
57 56 3 22217 1000000 0.13
58 57 3 22218 1000000 0.13
59 58 3 22219 1000000 0.13
60 59 3 22220 1000000 0.13
61 60 3 22221 1000000 0.13
62 61 3 22222 1000000 0.13
63 62 3 22223 1000000 0.13
0 1 3 22224 1000000 0.13
1 2 3 22225 1000000 0.13
2 3 3 22226 1000000 0.13
3 4 3 22227 1000000 0.13
4 5 3 22228 1000000 0.13
5 6 3 22229 1000000 0.13
6 7 3 22230 1000000 0.13
7 8 3 22231 1000000 0.13
8 9 3 22232 1000000 0.13
9 10 3 22233 1000000 0.13
10 11 3 22234 1000000 0.13
11 12 3 22235 1000000 0.13
12 13 3 22236 1000000 0.13
13 14 3 22237 1000000 0.13
14 15 3 22238 1000000 0.13
15 16 3 22239 1000000 0.13
16 17 3 22240 1000000 0.13
17 18 3 22241 1000000 0.13
18 19 3 22242 1000000 0.13
19 20 3 22243 1000000 0.13
20 21 3 22244 1000000 0.13
21 22 3 22245 1000000 0.13
22 23 3 22246 1000000 0.13
23 24 3 22247 1000000 0.13
24 25 3 22248 1000000 0.13
25 26 3 22249 1000000 0.13
26 27 3 22250 1000000 0.13
27 28 3 22251 1000000 0.13
28 29 3 22252 1000000 0.13
29 30 3 22253 1000000 0.13
30 31 3 22254 1000000 0.13
31 32 3 22255 1000000 0.13
32 33 3 22256 1000000 0.13
33 34 3 22257 1000000 0.13
34 35 3 22258 1000000 0.13
35 36 3 22259 1000000 0.13
36 37 3 22260 1000000 0.13
37 38 3 22261 1000000 0.13
38 39 3 22262 1000000 0.13
39 40 3 22263 1000000 0.13
40 41 3 22264 1000000 0.13
41 42 3 22265 1000000 0.13
42 43 3 22266 1000000 0.13
43 44 3 22267 1000000 0.13
44 45 3 22268 1000000 0.13
45 46 3 22269 1000000 0.13
46 47 3 22270 1000000 0.13
47 48 3 22271 1000000 0.13
48 49 3 22272 1000000 0.13
49 50 3 22273 1000000 0.13
50 51 3 22274 1000000 0.13
51 52 3 22275 1000000 0.13
52 53 3 22276 1000000 0.13
53 54 3 22277 1000000 0.13
54 55 3 22278 1000000 0.13
55 56 3 22279 1000000 0.13
56 57 3 22280 1000000 0.13
57 58 3 22281 1000000 0.13
58 59 3 22282 1000000 0.13
59 60 3 22283 1000000 0.13
60 61 3 22284 1000000 0.13
61 62 3 22285 1000000 0.13
62 63 3 22286 1000000 0.13
63 0 3 22287 1000000 0.13
0 1 3 22288 1000000 0.13
1 2 3 22289 1000000 0.13
2 3 3 22290 1000000 0.13
3 4 3 22291 1000000 0.13
4 5 3 22292 1000000 0.13
5 6 3 22293 1000000 0.13
6 7 3 22294 1000000 0.13
7 8 3 22295 1000000 0.13
8 9 3 22296 1000000 0.13
9 10 3 22297 1000000 0.13
10 11 3 22298 1000000 0.13
11 12 3 22299 1000000 0.13
12 13 3 22300 1000000 0.13
13 14 3 22301 1000000 0.13
14 15 3 22302 1000000 0.13
15 16 3 22303 1000000 0.13
16 17 3 22304 1000000 0.13
17 18 3 22305 1000000 0.13
18 19 3 22306 1000000 0.13
19 20 3 22307 1000000 0.13
20 21 3 22308 1000000 0.13
21 22 3 22309 1000000 0.13
22 23 3 22310 1000000 0.13
23 24 3 22311 1000000 0.13
24 25 3 22312 1000000 0.13
25 26 3 22313 1000000 0.13
26 27 3 22314 1000000 0.13
27 28 3 22315 1000000 0.13
28 29 3 22316 1000000 0.13
29 30 3 22317 1000000 0.13
30 31 3 22318 1000000 0.13
31 32 3 22319 1000000 0.13
32 33 3 22320 1000000 0.13
33 34 3 22321 1000000 0.13
34 35 3 22322 1000000 0.13
35 36 3 22323 1000000 0.13
36 37 3 22324 1000000 0.13
37 38 3 22325 1000000 0.13
38 39 3 22326 1000000 0.13
39 40 3 22327 1000000 0.13
40 41 3 22328 1000000 0.13
41 42 3 22329 1000000 0.13
42 43 3 22330 1000000 0.13
43 44 3 22331 1000000 0.13
44 45 3 22332 1000000 0.13
45 46 3 22333 1000000 0.13
46 47 3 22334 1000000 0.13
47 48 3 22335 1000000 0.13
48 49 3 22336 1000000 0.13
49 50 3 22337 1000000 0.13
50 51 3 22338 1000000 0.13
51 52 3 22339 1000000 0.13
52 53 3 22340 1000000 0.13
53 54 3 22341 1000000 0.13
54 55 3 22342 1000000 0.13
55 56 3 22343 1000000 0.13
56 57 3 22344 1000000 0.13
57 58 3 22345 1000000 0.13
58 59 3 22346 1000000 0.13
59 60 3 22347 1000000 0.13
60 61 3 22348 1000000 0.13
61 62 3 22349 1000000 0.13
62 63 3 22350 1000000 0.13
63 0 3 22351 1000000 0.13
0 2 3 22352 1000000 0.13
1 3 3 22353 1000000 0.13
2 4 3 22354 1000000 0.13
3 5 3 22355 1000000 0.13
4 6 3 22356 1000000 0.13
5 7 3 22357 1000000 0.13
6 8 3 22358 1000000 0.13
7 9 3 22359 1000000 0.13
8 10 3 22360 1000000 0.13
9 11 3 22361 1000000 0.13
10 12 3 22362 1000000 0.13
11 13 3 22363 1000000 0.13
12 14 3 22364 1000000 0.13
13 15 3 22365 1000000 0.13
14 16 3 22366 1000000 0.13
15 17 3 22367 1000000 0.13
16 18 3 22368 1000000 0.13
17 19 3 22369 1000000 0.13
18 20 3 22370 1000000 0.13
19 21 3 22371 1000000 0.13
20 22 3 22372 1000000 0.13
21 23 3 22373 1000000 0.13
22 24 3 22374 1000000 0.13
23 25 3 22375 1000000 0.13
24 26 3 22376 1000000 0.13
25 27 3 22377 1000000 0.13
26 28 3 22378 1000000 0.13
27 29 3 22379 1000000 0.13
28 30 3 22380 1000000 0.13
29 31 3 22381 1000000 0.13
30 32 3 22382 1000000 0.13
31 33 3 22383 1000000 0.13
32 34 3 22384 1000000 0.13
33 35 3 22385 1000000 0.13
34 36 3 22386 1000000 0.13
35 37 3 22387 1000000 0.13
36 38 3 22388 1000000 0.13
37 39 3 22389 1000000 0.13
38 40 3 22390 1000000 0.13
39 41 3 22391 1000000 0.13
40 42 3 22392 1000000 0.13
41 43 3 22393 1000000 0.13
42 44 3 22394 1000000 0.13
43 45 3 22395 1000000 0.13
44 46 3 22396 1000000 0.13
45 47 3 22397 1000000 0.13
46 48 3 22398 1000000 0.13
47 49 3 22399 1000000 0.13
48 50 3 22400 1000000 0.13
49 51 3 22401 1000000 0.13
50 52 3 22402 1000000 0.13
51 53 3 22403 1000000 0.13
52 54 3 22404 1000000 0.13
53 55 3 22405 1000000 0.13
54 56 3 22406 1000000 0.13
55 57 3 22407 1000000 0.13
56 58 3 22408 1000000 0.13
57 59 3 22409 1000000 0.13
58 60 3 22410 1000000 0.13
59 61 3 22411 1000000 0.13
60 62 3 22412 1000000 0.13
61 63 3 22413 1000000 0.13
62 0 3 22414 1000000 0.13
63 1 3 22415 1000000 0.13
0 3 3 22416 1000000 0.13
1 4 3 22417 1000000 0.13
2 5 3 22418 1000000 0.13
3 6 3 22419 1000000 0.13
4 7 3 22420 1000000 0.13
5 8 3 22421 1000000 0.13
6 9 3 22422 1000000 0.13
7 10 3 22423 1000000 0.13
8 11 3 22424 1000000 0.13
9 12 3 22425 1000000 0.13
10 13 3 22426 1000000 0.13
11 14 3 22427 1000000 0.13
12 15 3 22428 1000000 0.13
13 16 3 22429 1000000 0.13
14 17 3 22430 1000000 0.13
15 18 3 22431 1000000 0.13
16 19 3 22432 1000000 0.13
17 20 3 22433 1000000 0.13
18 21 3 22434 1000000 0.13
19 22 3 22435 1000000 0.13
20 23 3 22436 1000000 0.13
21 24 3 22437 1000000 0.13
22 25 3 22438 1000000 0.13
23 26 3 22439 1000000 0.13
24 27 3 22440 1000000 0.13
25 28 3 22441 1000000 0.13
26 29 3 22442 1000000 0.13
27 30 3 22443 1000000 0.13
28 31 3 22444 1000000 0.13
29 32 3 22445 1000000 0.13
30 33 3 22446 1000000 0.13
31 34 3 22447 1000000 0.13
32 35 3 22448 1000000 0.13
33 36 3 22449 1000000 0.13
34 37 3 22450 1000000 0.13
35 38 3 22451 1000000 0.13
36 39 3 22452 1000000 0.13
37 40 3 22453 1000000 0.13
38 41 3 22454 1000000 0.13
39 42 3 22455 1000000 0.13
40 43 3 22456 1000000 0.13
41 44 3 22457 1000000 0.13
42 45 3 22458 1000000 0.13
43 46 3 22459 1000000 0.13
44 47 3 22460 1000000 0.13
45 48 3 22461 1000000 0.13
46 49 3 22462 1000000 0.13
47 50 3 22463 1000000 0.13
48 51 3 22464 1000000 0.13
49 52 3 22465 1000000 0.13
50 53 3 22466 1000000 0.13
51 54 3 22467 1000000 0.13
52 55 3 22468 1000000 0.13
53 56 3 22469 1000000 0.13
54 57 3 22470 1000000 0.13
55 58 3 22471 1000000 0.13
56 59 3 22472 1000000 0.13
57 60 3 22473 1000000 0.13
58 61 3 22474 1000000 0.13
59 62 3 22475 1000000 0.13
60 63 3 22476 1000000 0.13
61 0 3 22477 1000000 0.13
62 1 3 22478 1000000 0.13
63 2 3 22479 1000000 0.13
0 4 3 22480 1000000 0.13
1 5 3 22481 1000000 0.13
2 6 3 22482 1000000 0.13
3 7 3 22483 1000000 0.13
4 8 3 22484 1000000 0.13
5 9 3 22485 1000000 0.13
6 10 3 22486 1000000 0.13
7 11 3 22487 1000000 0.13
8 12 3 22488 1000000 0.13
9 13 3 22489 1000000 0.13
10 14 3 22490 1000000 0.13
11 15 3 22491 1000000 0.13
12 16 3 22492 1000000 0.13
13 17 3 22493 1000000 0.13
14 18 3 22494 1000000 0.13
15 19 3 22495 1000000 0.13
16 20 3 22496 1000000 0.13
17 21 3 22497 1000000 0.13
18 22 3 22498 1000000 0.13
19 23 3 22499 1000000 0.13
20 24 3 22500 1000000 0.13
21 25 3 22501 1000000 0.13
22 26 3 22502 1000000 0.13
23 27 3 22503 1000000 0.13
24 28 3 22504 1000000 0.13
25 29 3 22505 1000000 0.13
26 30 3 22506 1000000 0.13
27 31 3 22507 1000000 0.13
28 32 3 22508 1000000 0.13
29 33 3 22509 1000000 0.13
30 34 3 22510 1000000 0.13
31 35 3 22511 1000000 0.13
32 36 3 22512 1000000 0.13
33 37 3 22513 1000000 0.13
34 38 3 22514 1000000 0.13
35 39 3 22515 1000000 0.13
36 40 3 22516 1000000 0.13
37 41 3 22517 1000000 0.13
38 42 3 22518 1000000 0.13
39 43 3 22519 1000000 0.13
40 44 3 22520 1000000 0.13
41 45 3 22521 1000000 0.13
42 46 3 22522 1000000 0.13
43 47 3 22523 1000000 0.13
44 48 3 22524 1000000 0.13
45 49 3 22525 1000000 0.13
46 50 3 22526 1000000 0.13
47 51 3 22527 1000000 0.13
48 52 3 22528 1000000 0.13
49 53 3 22529 1000000 0.13
50 54 3 22530 1000000 0.13
51 55 3 22531 1000000 0.13
52 56 3 22532 1000000 0.13
53 57 3 22533 1000000 0.13
54 58 3 22534 1000000 0.13
55 59 3 22535 1000000 0.13
56 60 3 22536 1000000 0.13
57 61 3 22537 1000000 0.13
58 62 3 22538 1000000 0.13
59 63 3 22539 1000000 0.13
60 0 3 22540 1000000 0.13
61 1 3 22541 1000000 0.13
62 2 3 22542 1000000 0.13
63 3 3 22543 1000000 0.13
0 5 3 22544 1000000 0.13
1 6 3 22545 1000000 0.13
2 7 3 22546 1000000 0.13
3 8 3 22547 1000000 0.13
4 9 3 22548 1000000 0.13
5 10 3 22549 1000000 0.13
6 11 3 22550 1000000 0.13
7 12 3 22551 1000000 0.13
8 13 3 22552 1000000 0.13
9 14 3 22553 1000000 0.13
10 15 3 22554 1000000 0.13
11 16 3 22555 1000000 0.13
12 17 3 22556 1000000 0.13
13 18 3 22557 1000000 0.13
14 19 3 22558 1000000 0.13
15 20 3 22559 1000000 0.13
16 21 3 22560 1000000 0.13
17 22 3 22561 1000000 0.13
18 23 3 22562 1000000 0.13
19 24 3 22563 1000000 0.13
20 25 3 22564 1000000 0.13
21 26 3 22565 1000000 0.13
22 27 3 22566 1000000 0.13
23 28 3 22567 1000000 0.13
24 29 3 22568 1000000 0.13
25 30 3 22569 1000000 0.13
26 31 3 22570 1000000 0.13
27 32 3 22571 1000000 0.13
28 33 3 22572 1000000 0.13
29 34 3 22573 1000000 0.13
30 35 3 22574 1000000 0.13
31 36 3 22575 1000000 0.13
32 37 3 22576 1000000 0.13
33 38 3 22577 1000000 0.13
34 39 3 22578 1000000 0.13
35 40 3 22579 1000000 0.13
36 41 3 22580 1000000 0.13
37 42 3 22581 1000000 0.13
38 43 3 22582 1000000 0.13
39 44 3 22583 1000000 0.13
40 45 3 22584 1000000 0.13
41 46 3 22585 1000000 0.13
42 47 3 22586 1000000 0.13
43 48 3 22587 1000000 0.13
44 49 3 22588 1000000 0.13
45 50 3 22589 1000000 0.13
46 51 3 22590 1000000 0.13
47 52 3 22591 1000000 0.13
48 53 3 22592 1000000 0.13
49 54 3 22593 1000000 0.13
50 55 3 22594 1000000 0.13
51 56 3 22595 1000000 0.13
52 57 3 22596 1000000 0.13
53 58 3 22597 1000000 0.13
54 59 3 22598 1000000 0.13
55 60 3 22599 1000000 0.13
56 61 3 22600 1000000 0.13
57 62 3 22601 1000000 0.13
58 63 3 22602 1000000 0.13
59 0 3 22603 1000000 0.13
60 1 3 22604 1000000 0.13
61 2 3 22605 1000000 0.13
62 3 3 22606 1000000 0.13
63 4 3 22607 1000000 0.13
0 6 3 22608 1000000 0.13
1 7 3 22609 1000000 0.13
2 8 3 22610 1000000 0.13
3 9 3 22611 1000000 0.13
4 10 3 22612 1000000 0.13
5 11 3 22613 1000000 0.13
6 12 3 22614 1000000 0.13
7 13 3 22615 1000000 0.13
8 14 3 22616 1000000 0.13
9 15 3 22617 1000000 0.13
10 16 3 22618 1000000 0.13
11 17 3 22619 1000000 0.13
12 18 3 22620 1000000 0.13
13 19 3 22621 1000000 0.13
14 20 3 22622 1000000 0.13
15 21 3 22623 1000000 0.13
16 22 3 22624 1000000 0.13
17 23 3 22625 1000000 0.13
18 24 3 22626 1000000 0.13
19 25 3 22627 1000000 0.13
20 26 3 22628 1000000 0.13
21 27 3 22629 1000000 0.13
22 28 3 22630 1000000 0.13
23 29 3 22631 1000000 0.13
24 30 3 22632 1000000 0.13
25 31 3 22633 1000000 0.13
26 32 3 22634 1000000 0.13
27 33 3 22635 1000000 0.13
28 34 3 22636 1000000 0.13
29 35 3 22637 1000000 0.13
30 36 3 22638 1000000 0.13
31 37 3 22639 1000000 0.13
32 38 3 22640 1000000 0.13
33 39 3 22641 1000000 0.13
34 40 3 22642 1000000 0.13
35 41 3 22643 1000000 0.13
36 42 3 22644 1000000 0.13
37 43 3 22645 1000000 0.13
38 44 3 22646 1000000 0.13
39 45 3 22647 1000000 0.13
40 46 3 22648 1000000 0.13
41 47 3 22649 1000000 0.13
42 48 3 22650 1000000 0.13
43 49 3 22651 1000000 0.13
44 50 3 22652 1000000 0.13
45 51 3 22653 1000000 0.13
46 52 3 22654 1000000 0.13
47 53 3 22655 1000000 0.13
48 54 3 22656 1000000 0.13
49 55 3 22657 1000000 0.13
50 56 3 22658 1000000 0.13
51 57 3 22659 1000000 0.13
52 58 3 22660 1000000 0.13
53 59 3 22661 1000000 0.13
54 60 3 22662 1000000 0.13
55 61 3 22663 1000000 0.13
56 62 3 22664 1000000 0.13
57 63 3 22665 1000000 0.13
58 0 3 22666 1000000 0.13
59 1 3 22667 1000000 0.13
60 2 3 22668 1000000 0.13
61 3 3 22669 1000000 0.13
62 4 3 22670 1000000 0.13
63 5 3 22671 1000000 0.13
0 7 3 22672 1000000 0.13
1 8 3 22673 1000000 0.13
2 9 3 22674 1000000 0.13
3 10 3 22675 1000000 0.13
4 11 3 22676 1000000 0.13
5 12 3 22677 1000000 0.13
6 13 3 22678 1000000 0.13
7 14 3 22679 1000000 0.13
8 15 3 22680 1000000 0.13
9 16 3 22681 1000000 0.13
10 17 3 22682 1000000 0.13
11 18 3 22683 1000000 0.13
12 19 3 22684 1000000 0.13
13 20 3 22685 1000000 0.13
14 21 3 22686 1000000 0.13
15 22 3 22687 1000000 0.13
16 23 3 22688 1000000 0.13
17 24 3 22689 1000000 0.13
18 25 3 22690 1000000 0.13
19 26 3 22691 1000000 0.13
20 27 3 22692 1000000 0.13
21 28 3 22693 1000000 0.13
22 29 3 22694 1000000 0.13
23 30 3 22695 1000000 0.13
24 31 3 22696 1000000 0.13
25 32 3 22697 1000000 0.13
26 33 3 22698 1000000 0.13
27 34 3 22699 1000000 0.13
28 35 3 22700 1000000 0.13
29 36 3 22701 1000000 0.13
30 37 3 22702 1000000 0.13
31 38 3 22703 1000000 0.13
32 39 3 22704 1000000 0.13
33 40 3 22705 1000000 0.13
34 41 3 22706 1000000 0.13
35 42 3 22707 1000000 0.13
36 43 3 22708 1000000 0.13
37 44 3 22709 1000000 0.13
38 45 3 22710 1000000 0.13
39 46 3 22711 1000000 0.13
40 47 3 22712 1000000 0.13
41 48 3 22713 1000000 0.13
42 49 3 22714 1000000 0.13
43 50 3 22715 1000000 0.13
44 51 3 22716 1000000 0.13
45 52 3 22717 1000000 0.13
46 53 3 22718 1000000 0.13
47 54 3 22719 1000000 0.13
48 55 3 22720 1000000 0.13
49 56 3 22721 1000000 0.13
50 57 3 22722 1000000 0.13
51 58 3 22723 1000000 0.13
52 59 3 22724 1000000 0.13
53 60 3 22725 1000000 0.13
54 61 3 22726 1000000 0.13
55 62 3 22727 1000000 0.13
56 63 3 22728 1000000 0.13
57 0 3 22729 1000000 0.13
58 1 3 22730 1000000 0.13
59 2 3 22731 1000000 0.13
60 3 3 22732 1000000 0.13
61 4 3 22733 1000000 0.13
62 5 3 22734 1000000 0.13
63 6 3 22735 1000000 0.13
0 8 3 22736 1000000 0.13
1 9 3 22737 1000000 0.13
2 10 3 22738 1000000 0.13
3 11 3 22739 1000000 0.13
4 12 3 22740 1000000 0.13
5 13 3 22741 1000000 0.13
6 14 3 22742 1000000 0.13
7 15 3 22743 1000000 0.13
8 16 3 22744 1000000 0.13
9 17 3 22745 1000000 0.13
10 18 3 22746 1000000 0.13
11 19 3 22747 1000000 0.13
12 20 3 22748 1000000 0.13
13 21 3 22749 1000000 0.13
14 22 3 22750 1000000 0.13
15 23 3 22751 1000000 0.13
16 24 3 22752 1000000 0.13
17 25 3 22753 1000000 0.13
18 26 3 22754 1000000 0.13
19 27 3 22755 1000000 0.13
20 28 3 22756 1000000 0.13
21 29 3 22757 1000000 0.13
22 30 3 22758 1000000 0.13
23 31 3 22759 1000000 0.13
24 32 3 22760 1000000 0.13
25 33 3 22761 1000000 0.13
26 34 3 22762 1000000 0.13
27 35 3 22763 1000000 0.13
28 36 3 22764 1000000 0.13
29 37 3 22765 1000000 0.13
30 38 3 22766 1000000 0.13
31 39 3 22767 1000000 0.13
32 40 3 22768 1000000 0.13
33 41 3 22769 1000000 0.13
34 42 3 22770 1000000 0.13
35 43 3 22771 1000000 0.13
36 44 3 22772 1000000 0.13
37 45 3 22773 1000000 0.13
38 46 3 22774 1000000 0.13
39 47 3 22775 1000000 0.13
40 48 3 22776 1000000 0.13
41 49 3 22777 1000000 0.13
42 50 3 22778 1000000 0.13
43 51 3 22779 1000000 0.13
44 52 3 22780 1000000 0.13
45 53 3 22781 1000000 0.13
46 54 3 22782 1000000 0.13
47 55 3 22783 1000000 0.13
48 56 3 22784 1000000 0.13
49 57 3 22785 1000000 0.13
50 58 3 22786 1000000 0.13
51 59 3 22787 1000000 0.13
52 60 3 22788 1000000 0.13
53 61 3 22789 1000000 0.13
54 62 3 22790 1000000 0.13
55 63 3 22791 1000000 0.13
56 0 3 22792 1000000 0.13
57 1 3 22793 1000000 0.13
58 2 3 22794 1000000 0.13
59 3 3 22795 1000000 0.13
60 4 3 22796 1000000 0.13
61 5 3 22797 1000000 0.13
62 6 3 22798 1000000 0.13
63 7 3 22799 1000000 0.13
0 9 3 22800 1000000 0.13
1 10 3 22801 1000000 0.13
2 11 3 22802 1000000 0.13
3 12 3 22803 1000000 0.13
4 13 3 22804 1000000 0.13
5 14 3 22805 1000000 0.13
6 15 3 22806 1000000 0.13
7 16 3 22807 1000000 0.13
8 17 3 22808 1000000 0.13
9 18 3 22809 1000000 0.13
10 19 3 22810 1000000 0.13
11 20 3 22811 1000000 0.13
12 21 3 22812 1000000 0.13
13 22 3 22813 1000000 0.13
14 23 3 22814 1000000 0.13
15 24 3 22815 1000000 0.13
16 25 3 22816 1000000 0.13
17 26 3 22817 1000000 0.13
18 27 3 22818 1000000 0.13
19 28 3 22819 1000000 0.13
20 29 3 22820 1000000 0.13
21 30 3 22821 1000000 0.13
22 31 3 22822 1000000 0.13
23 32 3 22823 1000000 0.13
24 33 3 22824 1000000 0.13
25 34 3 22825 1000000 0.13
26 35 3 22826 1000000 0.13
27 36 3 22827 1000000 0.13
28 37 3 22828 1000000 0.13
29 38 3 22829 1000000 0.13
30 39 3 22830 1000000 0.13
31 40 3 22831 1000000 0.13
32 41 3 22832 1000000 0.13
33 42 3 22833 1000000 0.13
34 43 3 22834 1000000 0.13
35 44 3 22835 1000000 0.13
36 45 3 22836 1000000 0.13
37 46 3 22837 1000000 0.13
38 47 3 22838 1000000 0.13
39 48 3 22839 1000000 0.13
40 49 3 22840 1000000 0.13
41 50 3 22841 1000000 0.13
42 51 3 22842 1000000 0.13
43 52 3 22843 1000000 0.13
44 53 3 22844 1000000 0.13
45 54 3 22845 1000000 0.13
46 55 3 22846 1000000 0.13
47 56 3 22847 1000000 0.13
48 57 3 22848 1000000 0.13
49 58 3 22849 1000000 0.13
50 59 3 22850 1000000 0.13
51 60 3 22851 1000000 0.13
52 61 3 22852 1000000 0.13
53 62 3 22853 1000000 0.13
54 63 3 22854 1000000 0.13
55 0 3 22855 1000000 0.13
56 1 3 22856 1000000 0.13
57 2 3 22857 1000000 0.13
58 3 3 22858 1000000 0.13
59 4 3 22859 1000000 0.13
60 5 3 22860 1000000 0.13
61 6 3 22861 1000000 0.13
62 7 3 22862 1000000 0.13
63 8 3 22863 1000000 0.13
0 10 3 22864 1000000 0.13
1 11 3 22865 1000000 0.13
2 12 3 22866 1000000 0.13
3 13 3 22867 1000000 0.13
4 14 3 22868 1000000 0.13
5 15 3 22869 1000000 0.13
6 16 3 22870 1000000 0.13
7 17 3 22871 1000000 0.13
8 18 3 22872 1000000 0.13
9 19 3 22873 1000000 0.13
10 20 3 22874 1000000 0.13
11 21 3 22875 1000000 0.13
12 22 3 22876 1000000 0.13
13 23 3 22877 1000000 0.13
14 24 3 22878 1000000 0.13
15 25 3 22879 1000000 0.13
16 26 3 22880 1000000 0.13
17 27 3 22881 1000000 0.13
18 28 3 22882 1000000 0.13
19 29 3 22883 1000000 0.13
20 30 3 22884 1000000 0.13
21 31 3 22885 1000000 0.13
22 32 3 22886 1000000 0.13
23 33 3 22887 1000000 0.13
24 34 3 22888 1000000 0.13
25 35 3 22889 1000000 0.13
26 36 3 22890 1000000 0.13
27 37 3 22891 1000000 0.13
28 38 3 22892 1000000 0.13
29 39 3 22893 1000000 0.13
30 40 3 22894 1000000 0.13
31 41 3 22895 1000000 0.13
32 42 3 22896 1000000 0.13
33 43 3 22897 1000000 0.13
34 44 3 22898 1000000 0.13
35 45 3 22899 1000000 0.13
36 46 3 22900 1000000 0.13
37 47 3 22901 1000000 0.13
38 48 3 22902 1000000 0.13
39 49 3 22903 1000000 0.13
40 50 3 22904 1000000 0.13
41 51 3 22905 1000000 0.13
42 52 3 22906 1000000 0.13
43 53 3 22907 1000000 0.13
44 54 3 22908 1000000 0.13
45 55 3 22909 1000000 0.13
46 56 3 22910 1000000 0.13
47 57 3 22911 1000000 0.13
48 58 3 22912 1000000 0.13
49 59 3 22913 1000000 0.13
50 60 3 22914 1000000 0.13
51 61 3 22915 1000000 0.13
52 62 3 22916 1000000 0.13
53 63 3 22917 1000000 0.13
54 0 3 22918 1000000 0.13
55 1 3 22919 1000000 0.13
56 2 3 22920 1000000 0.13
57 3 3 22921 1000000 0.13
58 4 3 22922 1000000 0.13
59 5 3 22923 1000000 0.13
60 6 3 22924 1000000 0.13
61 7 3 22925 1000000 0.13
62 8 3 22926 1000000 0.13
63 9 3 22927 1000000 0.13
0 11 3 22928 1000000 0.13
1 12 3 22929 1000000 0.13
2 13 3 22930 1000000 0.13
3 14 3 22931 1000000 0.13
4 15 3 22932 1000000 0.13
5 16 3 22933 1000000 0.13
6 17 3 22934 1000000 0.13
7 18 3 22935 1000000 0.13
8 19 3 22936 1000000 0.13
9 20 3 22937 1000000 0.13
10 21 3 22938 1000000 0.13
11 22 3 22939 1000000 0.13
12 23 3 22940 1000000 0.13
13 24 3 22941 1000000 0.13
14 25 3 22942 1000000 0.13
15 26 3 22943 1000000 0.13
16 27 3 22944 1000000 0.13
17 28 3 22945 1000000 0.13
18 29 3 22946 1000000 0.13
19 30 3 22947 1000000 0.13
20 31 3 22948 1000000 0.13
21 32 3 22949 1000000 0.13
22 33 3 22950 1000000 0.13
23 34 3 22951 1000000 0.13
24 35 3 22952 1000000 0.13
25 36 3 22953 1000000 0.13
26 37 3 22954 1000000 0.13
27 38 3 22955 1000000 0.13
28 39 3 22956 1000000 0.13
29 40 3 22957 1000000 0.13
30 41 3 22958 1000000 0.13
31 42 3 22959 1000000 0.13
32 43 3 22960 1000000 0.13
33 44 3 22961 1000000 0.13
34 45 3 22962 1000000 0.13
35 46 3 22963 1000000 0.13
36 47 3 22964 1000000 0.13
37 48 3 22965 1000000 0.13
38 49 3 22966 1000000 0.13
39 50 3 22967 1000000 0.13
40 51 3 22968 1000000 0.13
41 52 3 22969 1000000 0.13
42 53 3 22970 1000000 0.13
43 54 3 22971 1000000 0.13
44 55 3 22972 1000000 0.13
45 56 3 22973 1000000 0.13
46 57 3 22974 1000000 0.13
47 58 3 22975 1000000 0.13
48 59 3 22976 1000000 0.13
49 60 3 22977 1000000 0.13
50 61 3 22978 1000000 0.13
51 62 3 22979 1000000 0.13
52 63 3 22980 1000000 0.13
53 0 3 22981 1000000 0.13
54 1 3 22982 1000000 0.13
55 2 3 22983 1000000 0.13
56 3 3 22984 1000000 0.13
57 4 3 22985 1000000 0.13
58 5 3 22986 1000000 0.13
59 6 3 22987 1000000 0.13
60 7 3 22988 1000000 0.13
61 8 3 22989 1000000 0.13
62 9 3 22990 1000000 0.13
63 10 3 22991 1000000 0.13
0 12 3 22992 1000000 0.13
1 13 3 22993 1000000 0.13
2 14 3 22994 1000000 0.13
3 15 3 22995 1000000 0.13
4 16 3 22996 1000000 0.13
5 17 3 22997 1000000 0.13
6 18 3 22998 1000000 0.13
7 19 3 22999 1000000 0.13
8 20 3 23000 1000000 0.13
9 21 3 23001 1000000 0.13
10 22 3 23002 1000000 0.13
11 23 3 23003 1000000 0.13
12 24 3 23004 1000000 0.13
13 25 3 23005 1000000 0.13
14 26 3 23006 1000000 0.13
15 27 3 23007 1000000 0.13
16 28 3 23008 1000000 0.13
17 29 3 23009 1000000 0.13
18 30 3 23010 1000000 0.13
19 31 3 23011 1000000 0.13
20 32 3 23012 1000000 0.13
21 33 3 23013 1000000 0.13
22 34 3 23014 1000000 0.13
23 35 3 23015 1000000 0.13
24 36 3 23016 1000000 0.13
25 37 3 23017 1000000 0.13
26 38 3 23018 1000000 0.13
27 39 3 23019 1000000 0.13
28 40 3 23020 1000000 0.13
29 41 3 23021 1000000 0.13
30 42 3 23022 1000000 0.13
31 43 3 23023 1000000 0.13
32 44 3 23024 1000000 0.13
33 45 3 23025 1000000 0.13
34 46 3 23026 1000000 0.13
35 47 3 23027 1000000 0.13
36 48 3 23028 1000000 0.13
37 49 3 23029 1000000 0.13
38 50 3 23030 1000000 0.13
39 51 3 23031 1000000 0.13
40 52 3 23032 1000000 0.13
41 53 3 23033 1000000 0.13
42 54 3 23034 1000000 0.13
43 55 3 23035 1000000 0.13
44 56 3 23036 1000000 0.13
45 57 3 23037 1000000 0.13
46 58 3 23038 1000000 0.13
47 59 3 23039 1000000 0.13
48 60 3 23040 1000000 0.13
49 61 3 23041 1000000 0.13
50 62 3 23042 1000000 0.13
51 63 3 23043 1000000 0.13
52 0 3 23044 1000000 0.13
53 1 3 23045 1000000 0.13
54 2 3 23046 1000000 0.13
55 3 3 23047 1000000 0.13
56 4 3 23048 1000000 0.13
57 5 3 23049 1000000 0.13
58 6 3 23050 1000000 0.13
59 7 3 23051 1000000 0.13
60 8 3 23052 1000000 0.13
61 9 3 23053 1000000 0.13
62 10 3 23054 1000000 0.13
63 11 3 23055 1000000 0.13
0 13 3 23056 1000000 0.13
1 14 3 23057 1000000 0.13
2 15 3 23058 1000000 0.13
3 16 3 23059 1000000 0.13
4 17 3 23060 1000000 0.13
5 18 3 23061 1000000 0.13
6 19 3 23062 1000000 0.13
7 20 3 23063 1000000 0.13
8 21 3 23064 1000000 0.13
9 22 3 23065 1000000 0.13
10 23 3 23066 1000000 0.13
11 24 3 23067 1000000 0.13
12 25 3 23068 1000000 0.13
13 26 3 23069 1000000 0.13
14 27 3 23070 1000000 0.13
15 28 3 23071 1000000 0.13
16 29 3 23072 1000000 0.13
17 30 3 23073 1000000 0.13
18 31 3 23074 1000000 0.13
19 32 3 23075 1000000 0.13
20 33 3 23076 1000000 0.13
21 34 3 23077 1000000 0.13
22 35 3 23078 1000000 0.13
23 36 3 23079 1000000 0.13
24 37 3 23080 1000000 0.13
25 38 3 23081 1000000 0.13
26 39 3 23082 1000000 0.13
27 40 3 23083 1000000 0.13
28 41 3 23084 1000000 0.13
29 42 3 23085 1000000 0.13
30 43 3 23086 1000000 0.13
31 44 3 23087 1000000 0.13
32 45 3 23088 1000000 0.13
33 46 3 23089 1000000 0.13
34 47 3 23090 1000000 0.13
35 48 3 23091 1000000 0.13
36 49 3 23092 1000000 0.13
37 50 3 23093 1000000 0.13
38 51 3 23094 1000000 0.13
39 52 3 23095 1000000 0.13
40 53 3 23096 1000000 0.13
41 54 3 23097 1000000 0.13
42 55 3 23098 1000000 0.13
43 56 3 23099 1000000 0.13
44 57 3 23100 1000000 0.13
45 58 3 23101 1000000 0.13
46 59 3 23102 1000000 0.13
47 60 3 23103 1000000 0.13
48 61 3 23104 1000000 0.13
49 62 3 23105 1000000 0.13
50 63 3 23106 1000000 0.13
51 0 3 23107 1000000 0.13
52 1 3 23108 1000000 0.13
53 2 3 23109 1000000 0.13
54 3 3 23110 1000000 0.13
55 4 3 23111 1000000 0.13
56 5 3 23112 1000000 0.13
57 6 3 23113 1000000 0.13
58 7 3 23114 1000000 0.13
59 8 3 23115 1000000 0.13
60 9 3 23116 1000000 0.13
61 10 3 23117 1000000 0.13
62 11 3 23118 1000000 0.13
63 12 3 23119 1000000 0.13
0 14 3 23120 1000000 0.13
1 15 3 23121 1000000 0.13
2 16 3 23122 1000000 0.13
3 17 3 23123 1000000 0.13
4 18 3 23124 1000000 0.13
5 19 3 23125 1000000 0.13
6 20 3 23126 1000000 0.13
7 21 3 23127 1000000 0.13
8 22 3 23128 1000000 0.13
9 23 3 23129 1000000 0.13
10 24 3 23130 1000000 0.13
11 25 3 23131 1000000 0.13
12 26 3 23132 1000000 0.13
13 27 3 23133 1000000 0.13
14 28 3 23134 1000000 0.13
15 29 3 23135 1000000 0.13
16 30 3 23136 1000000 0.13
17 31 3 23137 1000000 0.13
18 32 3 23138 1000000 0.13
19 33 3 23139 1000000 0.13
20 34 3 23140 1000000 0.13
21 35 3 23141 1000000 0.13
22 36 3 23142 1000000 0.13
23 37 3 23143 1000000 0.13
24 38 3 23144 1000000 0.13
25 39 3 23145 1000000 0.13
26 40 3 23146 1000000 0.13
27 41 3 23147 1000000 0.13
28 42 3 23148 1000000 0.13
29 43 3 23149 1000000 0.13
30 44 3 23150 1000000 0.13
31 45 3 23151 1000000 0.13
32 46 3 23152 1000000 0.13
33 47 3 23153 1000000 0.13
34 48 3 23154 1000000 0.13
35 49 3 23155 1000000 0.13
36 50 3 23156 1000000 0.13
37 51 3 23157 1000000 0.13
38 52 3 23158 1000000 0.13
39 53 3 23159 1000000 0.13
40 54 3 23160 1000000 0.13
41 55 3 23161 1000000 0.13
42 56 3 23162 1000000 0.13
43 57 3 23163 1000000 0.13
44 58 3 23164 1000000 0.13
45 59 3 23165 1000000 0.13
46 60 3 23166 1000000 0.13
47 61 3 23167 1000000 0.13
48 62 3 23168 1000000 0.13
49 63 3 23169 1000000 0.13
50 0 3 23170 1000000 0.13
51 1 3 23171 1000000 0.13
52 2 3 23172 1000000 0.13
53 3 3 23173 1000000 0.13
54 4 3 23174 1000000 0.13
55 5 3 23175 1000000 0.13
56 6 3 23176 1000000 0.13
57 7 3 23177 1000000 0.13
58 8 3 23178 1000000 0.13
59 9 3 23179 1000000 0.13
60 10 3 23180 1000000 0.13
61 11 3 23181 1000000 0.13
62 12 3 23182 1000000 0.13
63 13 3 23183 1000000 0.13
0 15 3 23184 1000000 0.13
1 16 3 23185 1000000 0.13
2 17 3 23186 1000000 0.13
3 18 3 23187 1000000 0.13
4 19 3 23188 1000000 0.13
5 20 3 23189 1000000 0.13
6 21 3 23190 1000000 0.13
7 22 3 23191 1000000 0.13
8 23 3 23192 1000000 0.13
9 24 3 23193 1000000 0.13
10 25 3 23194 1000000 0.13
11 26 3 23195 1000000 0.13
12 27 3 23196 1000000 0.13
13 28 3 23197 1000000 0.13
14 29 3 23198 1000000 0.13
15 30 3 23199 1000000 0.13
16 31 3 23200 1000000 0.13
17 32 3 23201 1000000 0.13
18 33 3 23202 1000000 0.13
19 34 3 23203 1000000 0.13
20 35 3 23204 1000000 0.13
21 36 3 23205 1000000 0.13
22 37 3 23206 1000000 0.13
23 38 3 23207 1000000 0.13
24 39 3 23208 1000000 0.13
25 40 3 23209 1000000 0.13
26 41 3 23210 1000000 0.13
27 42 3 23211 1000000 0.13
28 43 3 23212 1000000 0.13
29 44 3 23213 1000000 0.13
30 45 3 23214 1000000 0.13
31 46 3 23215 1000000 0.13
32 47 3 23216 1000000 0.13
33 48 3 23217 1000000 0.13
34 49 3 23218 1000000 0.13
35 50 3 23219 1000000 0.13
36 51 3 23220 1000000 0.13
37 52 3 23221 1000000 0.13
38 53 3 23222 1000000 0.13
39 54 3 23223 1000000 0.13
40 55 3 23224 1000000 0.13
41 56 3 23225 1000000 0.13
42 57 3 23226 1000000 0.13
43 58 3 23227 1000000 0.13
44 59 3 23228 1000000 0.13
45 60 3 23229 1000000 0.13
46 61 3 23230 1000000 0.13
47 62 3 23231 1000000 0.13
48 63 3 23232 1000000 0.13
49 0 3 23233 1000000 0.13
50 1 3 23234 1000000 0.13
51 2 3 23235 1000000 0.13
52 3 3 23236 1000000 0.13
53 4 3 23237 1000000 0.13
54 5 3 23238 1000000 0.13
55 6 3 23239 1000000 0.13
56 7 3 23240 1000000 0.13
57 8 3 23241 1000000 0.13
58 9 3 23242 1000000 0.13
59 10 3 23243 1000000 0.13
60 11 3 23244 1000000 0.13
61 12 3 23245 1000000 0.13
62 13 3 23246 1000000 0.13
63 14 3 23247 1000000 0.13
0 16 3 23248 1000000 0.13
1 17 3 23249 1000000 0.13
2 18 3 23250 1000000 0.13
3 19 3 23251 1000000 0.13
4 20 3 23252 1000000 0.13
5 21 3 23253 1000000 0.13
6 22 3 23254 1000000 0.13
7 23 3 23255 1000000 0.13
8 24 3 23256 1000000 0.13
9 25 3 23257 1000000 0.13
10 26 3 23258 1000000 0.13
11 27 3 23259 1000000 0.13
12 28 3 23260 1000000 0.13
13 29 3 23261 1000000 0.13
14 30 3 23262 1000000 0.13
15 31 3 23263 1000000 0.13
16 32 3 23264 1000000 0.13
17 33 3 23265 1000000 0.13
18 34 3 23266 1000000 0.13
19 35 3 23267 1000000 0.13
20 36 3 23268 1000000 0.13
21 37 3 23269 1000000 0.13
22 38 3 23270 1000000 0.13
23 39 3 23271 1000000 0.13
24 40 3 23272 1000000 0.13
25 41 3 23273 1000000 0.13
26 42 3 23274 1000000 0.13
27 43 3 23275 1000000 0.13
28 44 3 23276 1000000 0.13
29 45 3 23277 1000000 0.13
30 46 3 23278 1000000 0.13
31 47 3 23279 1000000 0.13
32 48 3 23280 1000000 0.13
33 49 3 23281 1000000 0.13
34 50 3 23282 1000000 0.13
35 51 3 23283 1000000 0.13
36 52 3 23284 1000000 0.13
37 53 3 23285 1000000 0.13
38 54 3 23286 1000000 0.13
39 55 3 23287 1000000 0.13
40 56 3 23288 1000000 0.13
41 57 3 23289 1000000 0.13
42 58 3 23290 1000000 0.13
43 59 3 23291 1000000 0.13
44 60 3 23292 1000000 0.13
45 61 3 23293 1000000 0.13
46 62 3 23294 1000000 0.13
47 63 3 23295 1000000 0.13
48 0 3 23296 1000000 0.13
49 1 3 23297 1000000 0.13
50 2 3 23298 1000000 0.13
51 3 3 23299 1000000 0.13
52 4 3 23300 1000000 0.13
53 5 3 23301 1000000 0.13
54 6 3 23302 1000000 0.13
55 7 3 23303 1000000 0.13
56 8 3 23304 1000000 0.13
57 9 3 23305 1000000 0.13
58 10 3 23306 1000000 0.13
59 11 3 23307 1000000 0.13
60 12 3 23308 1000000 0.13
61 13 3 23309 1000000 0.13
62 14 3 23310 1000000 0.13
63 15 3 23311 1000000 0.13
0 17 3 23312 1000000 0.13
1 18 3 23313 1000000 0.13
2 19 3 23314 1000000 0.13
3 20 3 23315 1000000 0.13
4 21 3 23316 1000000 0.13
5 22 3 23317 1000000 0.13
6 23 3 23318 1000000 0.13
7 24 3 23319 1000000 0.13
8 25 3 23320 1000000 0.13
9 26 3 23321 1000000 0.13
10 27 3 23322 1000000 0.13
11 28 3 23323 1000000 0.13
12 29 3 23324 1000000 0.13
13 30 3 23325 1000000 0.13
14 31 3 23326 1000000 0.13
15 32 3 23327 1000000 0.13
16 33 3 23328 1000000 0.13
17 34 3 23329 1000000 0.13
18 35 3 23330 1000000 0.13
19 36 3 23331 1000000 0.13
20 37 3 23332 1000000 0.13
21 38 3 23333 1000000 0.13
22 39 3 23334 1000000 0.13
23 40 3 23335 1000000 0.13
24 41 3 23336 1000000 0.13
25 42 3 23337 1000000 0.13
26 43 3 23338 1000000 0.13
27 44 3 23339 1000000 0.13
28 45 3 23340 1000000 0.13
29 46 3 23341 1000000 0.13
30 47 3 23342 1000000 0.13
31 48 3 23343 1000000 0.13
32 49 3 23344 1000000 0.13
33 50 3 23345 1000000 0.13
34 51 3 23346 1000000 0.13
35 52 3 23347 1000000 0.13
36 53 3 23348 1000000 0.13
37 54 3 23349 1000000 0.13
38 55 3 23350 1000000 0.13
39 56 3 23351 1000000 0.13
40 57 3 23352 1000000 0.13
41 58 3 23353 1000000 0.13
42 59 3 23354 1000000 0.13
43 60 3 23355 1000000 0.13
44 61 3 23356 1000000 0.13
45 62 3 23357 1000000 0.13
46 63 3 23358 1000000 0.13
47 0 3 23359 1000000 0.13
48 1 3 23360 1000000 0.13
49 2 3 23361 1000000 0.13
50 3 3 23362 1000000 0.13
51 4 3 23363 1000000 0.13
52 5 3 23364 1000000 0.13
53 6 3 23365 1000000 0.13
54 7 3 23366 1000000 0.13
55 8 3 23367 1000000 0.13
56 9 3 23368 1000000 0.13
57 10 3 23369 1000000 0.13
58 11 3 23370 1000000 0.13
59 12 3 23371 1000000 0.13
60 13 3 23372 1000000 0.13
61 14 3 23373 1000000 0.13
62 15 3 23374 1000000 0.13
63 16 3 23375 1000000 0.13
0 18 3 23376 1000000 0.13
1 19 3 23377 1000000 0.13
2 20 3 23378 1000000 0.13
3 21 3 23379 1000000 0.13
4 22 3 23380 1000000 0.13
5 23 3 23381 1000000 0.13
6 24 3 23382 1000000 0.13
7 25 3 23383 1000000 0.13
8 26 3 23384 1000000 0.13
9 27 3 23385 1000000 0.13
10 28 3 23386 1000000 0.13
11 29 3 23387 1000000 0.13
12 30 3 23388 1000000 0.13
13 31 3 23389 1000000 0.13
14 32 3 23390 1000000 0.13
15 33 3 23391 1000000 0.13
16 34 3 23392 1000000 0.13
17 35 3 23393 1000000 0.13
18 36 3 23394 1000000 0.13
19 37 3 23395 1000000 0.13
20 38 3 23396 1000000 0.13
21 39 3 23397 1000000 0.13
22 40 3 23398 1000000 0.13
23 41 3 23399 1000000 0.13
24 42 3 23400 1000000 0.13
25 43 3 23401 1000000 0.13
26 44 3 23402 1000000 0.13
27 45 3 23403 1000000 0.13
28 46 3 23404 1000000 0.13
29 47 3 23405 1000000 0.13
30 48 3 23406 1000000 0.13
31 49 3 23407 1000000 0.13
32 50 3 23408 1000000 0.13
33 51 3 23409 1000000 0.13
34 52 3 23410 1000000 0.13
35 53 3 23411 1000000 0.13
36 54 3 23412 1000000 0.13
37 55 3 23413 1000000 0.13
38 56 3 23414 1000000 0.13
39 57 3 23415 1000000 0.13
40 58 3 23416 1000000 0.13
41 59 3 23417 1000000 0.13
42 60 3 23418 1000000 0.13
43 61 3 23419 1000000 0.13
44 62 3 23420 1000000 0.13
45 63 3 23421 1000000 0.13
46 0 3 23422 1000000 0.13
47 1 3 23423 1000000 0.13
48 2 3 23424 1000000 0.13
49 3 3 23425 1000000 0.13
50 4 3 23426 1000000 0.13
51 5 3 23427 1000000 0.13
52 6 3 23428 1000000 0.13
53 7 3 23429 1000000 0.13
54 8 3 23430 1000000 0.13
55 9 3 23431 1000000 0.13
56 10 3 23432 1000000 0.13
57 11 3 23433 1000000 0.13
58 12 3 23434 1000000 0.13
59 13 3 23435 1000000 0.13
60 14 3 23436 1000000 0.13
61 15 3 23437 1000000 0.13
62 16 3 23438 1000000 0.13
63 17 3 23439 1000000 0.13
0 19 3 23440 1000000 0.13
1 20 3 23441 1000000 0.13
2 21 3 23442 1000000 0.13
3 22 3 23443 1000000 0.13
4 23 3 23444 1000000 0.13
5 24 3 23445 1000000 0.13
6 25 3 23446 1000000 0.13
7 26 3 23447 1000000 0.13
8 27 3 23448 1000000 0.13
9 28 3 23449 1000000 0.13
10 29 3 23450 1000000 0.13
11 30 3 23451 1000000 0.13
12 31 3 23452 1000000 0.13
13 32 3 23453 1000000 0.13
14 33 3 23454 1000000 0.13
15 34 3 23455 1000000 0.13
16 35 3 23456 1000000 0.13
17 36 3 23457 1000000 0.13
18 37 3 23458 1000000 0.13
19 38 3 23459 1000000 0.13
20 39 3 23460 1000000 0.13
21 40 3 23461 1000000 0.13
22 41 3 23462 1000000 0.13
23 42 3 23463 1000000 0.13
24 43 3 23464 1000000 0.13
25 44 3 23465 1000000 0.13
26 45 3 23466 1000000 0.13
27 46 3 23467 1000000 0.13
28 47 3 23468 1000000 0.13
29 48 3 23469 1000000 0.13
30 49 3 23470 1000000 0.13
31 50 3 23471 1000000 0.13
32 51 3 23472 1000000 0.13
33 52 3 23473 1000000 0.13
34 53 3 23474 1000000 0.13
35 54 3 23475 1000000 0.13
36 55 3 23476 1000000 0.13
37 56 3 23477 1000000 0.13
38 57 3 23478 1000000 0.13
39 58 3 23479 1000000 0.13
40 59 3 23480 1000000 0.13
41 60 3 23481 1000000 0.13
42 61 3 23482 1000000 0.13
43 62 3 23483 1000000 0.13
44 63 3 23484 1000000 0.13
45 0 3 23485 1000000 0.13
46 1 3 23486 1000000 0.13
47 2 3 23487 1000000 0.13
48 3 3 23488 1000000 0.13
49 4 3 23489 1000000 0.13
50 5 3 23490 1000000 0.13
51 6 3 23491 1000000 0.13
52 7 3 23492 1000000 0.13
53 8 3 23493 1000000 0.13
54 9 3 23494 1000000 0.13
55 10 3 23495 1000000 0.13
56 11 3 23496 1000000 0.13
57 12 3 23497 1000000 0.13
58 13 3 23498 1000000 0.13
59 14 3 23499 1000000 0.13
60 15 3 23500 1000000 0.13
61 16 3 23501 1000000 0.13
62 17 3 23502 1000000 0.13
63 18 3 23503 1000000 0.13
0 20 3 23504 1000000 0.13
1 21 3 23505 1000000 0.13
2 22 3 23506 1000000 0.13
3 23 3 23507 1000000 0.13
4 24 3 23508 1000000 0.13
5 25 3 23509 1000000 0.13
6 26 3 23510 1000000 0.13
7 27 3 23511 1000000 0.13
8 28 3 23512 1000000 0.13
9 29 3 23513 1000000 0.13
10 30 3 23514 1000000 0.13
11 31 3 23515 1000000 0.13
12 32 3 23516 1000000 0.13
13 33 3 23517 1000000 0.13
14 34 3 23518 1000000 0.13
15 35 3 23519 1000000 0.13
16 36 3 23520 1000000 0.13
17 37 3 23521 1000000 0.13
18 38 3 23522 1000000 0.13
19 39 3 23523 1000000 0.13
20 40 3 23524 1000000 0.13
21 41 3 23525 1000000 0.13
22 42 3 23526 1000000 0.13
23 43 3 23527 1000000 0.13
24 44 3 23528 1000000 0.13
25 45 3 23529 1000000 0.13
26 46 3 23530 1000000 0.13
27 47 3 23531 1000000 0.13
28 48 3 23532 1000000 0.13
29 49 3 23533 1000000 0.13
30 50 3 23534 1000000 0.13
31 51 3 23535 1000000 0.13
32 52 3 23536 1000000 0.13
33 53 3 23537 1000000 0.13
34 54 3 23538 1000000 0.13
35 55 3 23539 1000000 0.13
36 56 3 23540 1000000 0.13
37 57 3 23541 1000000 0.13
38 58 3 23542 1000000 0.13
39 59 3 23543 1000000 0.13
40 60 3 23544 1000000 0.13
41 61 3 23545 1000000 0.13
42 62 3 23546 1000000 0.13
43 63 3 23547 1000000 0.13
44 0 3 23548 1000000 0.13
45 1 3 23549 1000000 0.13
46 2 3 23550 1000000 0.13
47 3 3 23551 1000000 0.13
48 4 3 23552 1000000 0.13
49 5 3 23553 1000000 0.13
50 6 3 23554 1000000 0.13
51 7 3 23555 1000000 0.13
52 8 3 23556 1000000 0.13
53 9 3 23557 1000000 0.13
54 10 3 23558 1000000 0.13
55 11 3 23559 1000000 0.13
56 12 3 23560 1000000 0.13
57 13 3 23561 1000000 0.13
58 14 3 23562 1000000 0.13
59 15 3 23563 1000000 0.13
60 16 3 23564 1000000 0.13
61 17 3 23565 1000000 0.13
62 18 3 23566 1000000 0.13
63 19 3 23567 1000000 0.13
0 21 3 23568 1000000 0.13
1 22 3 23569 1000000 0.13
2 23 3 23570 1000000 0.13
3 24 3 23571 1000000 0.13
4 25 3 23572 1000000 0.13
5 26 3 23573 1000000 0.13
6 27 3 23574 1000000 0.13
7 28 3 23575 1000000 0.13
8 29 3 23576 1000000 0.13
9 30 3 23577 1000000 0.13
10 31 3 23578 1000000 0.13
11 32 3 23579 1000000 0.13
12 33 3 23580 1000000 0.13
13 34 3 23581 1000000 0.13
14 35 3 23582 1000000 0.13
15 36 3 23583 1000000 0.13
16 37 3 23584 1000000 0.13
17 38 3 23585 1000000 0.13
18 39 3 23586 1000000 0.13
19 40 3 23587 1000000 0.13
20 41 3 23588 1000000 0.13
21 42 3 23589 1000000 0.13
22 43 3 23590 1000000 0.13
23 44 3 23591 1000000 0.13
24 45 3 23592 1000000 0.13
25 46 3 23593 1000000 0.13
26 47 3 23594 1000000 0.13
27 48 3 23595 1000000 0.13
28 49 3 23596 1000000 0.13
29 50 3 23597 1000000 0.13
30 51 3 23598 1000000 0.13
31 52 3 23599 1000000 0.13
32 53 3 23600 1000000 0.13
33 54 3 23601 1000000 0.13
34 55 3 23602 1000000 0.13
35 56 3 23603 1000000 0.13
36 57 3 23604 1000000 0.13
37 58 3 23605 1000000 0.13
38 59 3 23606 1000000 0.13
39 60 3 23607 1000000 0.13
40 61 3 23608 1000000 0.13
41 62 3 23609 1000000 0.13
42 63 3 23610 1000000 0.13
43 0 3 23611 1000000 0.13
44 1 3 23612 1000000 0.13
45 2 3 23613 1000000 0.13
46 3 3 23614 1000000 0.13
47 4 3 23615 1000000 0.13
48 5 3 23616 1000000 0.13
49 6 3 23617 1000000 0.13
50 7 3 23618 1000000 0.13
51 8 3 23619 1000000 0.13
52 9 3 23620 1000000 0.13
53 10 3 23621 1000000 0.13
54 11 3 23622 1000000 0.13
55 12 3 23623 1000000 0.13
56 13 3 23624 1000000 0.13
57 14 3 23625 1000000 0.13
58 15 3 23626 1000000 0.13
59 16 3 23627 1000000 0.13
60 17 3 23628 1000000 0.13
61 18 3 23629 1000000 0.13
62 19 3 23630 1000000 0.13
63 20 3 23631 1000000 0.13
0 22 3 23632 1000000 0.13
1 23 3 23633 1000000 0.13
2 24 3 23634 1000000 0.13
3 25 3 23635 1000000 0.13
4 26 3 23636 1000000 0.13
5 27 3 23637 1000000 0.13
6 28 3 23638 1000000 0.13
7 29 3 23639 1000000 0.13
8 30 3 23640 1000000 0.13
9 31 3 23641 1000000 0.13
10 32 3 23642 1000000 0.13
11 33 3 23643 1000000 0.13
12 34 3 23644 1000000 0.13
13 35 3 23645 1000000 0.13
14 36 3 23646 1000000 0.13
15 37 3 23647 1000000 0.13
16 38 3 23648 1000000 0.13
17 39 3 23649 1000000 0.13
18 40 3 23650 1000000 0.13
19 41 3 23651 1000000 0.13
20 42 3 23652 1000000 0.13
21 43 3 23653 1000000 0.13
22 44 3 23654 1000000 0.13
23 45 3 23655 1000000 0.13
24 46 3 23656 1000000 0.13
25 47 3 23657 1000000 0.13
26 48 3 23658 1000000 0.13
27 49 3 23659 1000000 0.13
28 50 3 23660 1000000 0.13
29 51 3 23661 1000000 0.13
30 52 3 23662 1000000 0.13
31 53 3 23663 1000000 0.13
32 54 3 23664 1000000 0.13
33 55 3 23665 1000000 0.13
34 56 3 23666 1000000 0.13
35 57 3 23667 1000000 0.13
36 58 3 23668 1000000 0.13
37 59 3 23669 1000000 0.13
38 60 3 23670 1000000 0.13
39 61 3 23671 1000000 0.13
40 62 3 23672 1000000 0.13
41 63 3 23673 1000000 0.13
42 0 3 23674 1000000 0.13
43 1 3 23675 1000000 0.13
44 2 3 23676 1000000 0.13
45 3 3 23677 1000000 0.13
46 4 3 23678 1000000 0.13
47 5 3 23679 1000000 0.13
48 6 3 23680 1000000 0.13
49 7 3 23681 1000000 0.13
50 8 3 23682 1000000 0.13
51 9 3 23683 1000000 0.13
52 10 3 23684 1000000 0.13
53 11 3 23685 1000000 0.13
54 12 3 23686 1000000 0.13
55 13 3 23687 1000000 0.13
56 14 3 23688 1000000 0.13
57 15 3 23689 1000000 0.13
58 16 3 23690 1000000 0.13
59 17 3 23691 1000000 0.13
60 18 3 23692 1000000 0.13
61 19 3 23693 1000000 0.13
62 20 3 23694 1000000 0.13
63 21 3 23695 1000000 0.13
0 23 3 23696 1000000 0.13
1 24 3 23697 1000000 0.13
2 25 3 23698 1000000 0.13
3 26 3 23699 1000000 0.13
4 27 3 23700 1000000 0.13
5 28 3 23701 1000000 0.13
6 29 3 23702 1000000 0.13
7 30 3 23703 1000000 0.13
8 31 3 23704 1000000 0.13
9 32 3 23705 1000000 0.13
10 33 3 23706 1000000 0.13
11 34 3 23707 1000000 0.13
12 35 3 23708 1000000 0.13
13 36 3 23709 1000000 0.13
14 37 3 23710 1000000 0.13
15 38 3 23711 1000000 0.13
16 39 3 23712 1000000 0.13
17 40 3 23713 1000000 0.13
18 41 3 23714 1000000 0.13
19 42 3 23715 1000000 0.13
20 43 3 23716 1000000 0.13
21 44 3 23717 1000000 0.13
22 45 3 23718 1000000 0.13
23 46 3 23719 1000000 0.13
24 47 3 23720 1000000 0.13
25 48 3 23721 1000000 0.13
26 49 3 23722 1000000 0.13
27 50 3 23723 1000000 0.13
28 51 3 23724 1000000 0.13
29 52 3 23725 1000000 0.13
30 53 3 23726 1000000 0.13
31 54 3 23727 1000000 0.13
32 55 3 23728 1000000 0.13
33 56 3 23729 1000000 0.13
34 57 3 23730 1000000 0.13
35 58 3 23731 1000000 0.13
36 59 3 23732 1000000 0.13
37 60 3 23733 1000000 0.13
38 61 3 23734 1000000 0.13
39 62 3 23735 1000000 0.13
40 63 3 23736 1000000 0.13
41 0 3 23737 1000000 0.13
42 1 3 23738 1000000 0.13
43 2 3 23739 1000000 0.13
44 3 3 23740 1000000 0.13
45 4 3 23741 1000000 0.13
46 5 3 23742 1000000 0.13
47 6 3 23743 1000000 0.13
48 7 3 23744 1000000 0.13
49 8 3 23745 1000000 0.13
50 9 3 23746 1000000 0.13
51 10 3 23747 1000000 0.13
52 11 3 23748 1000000 0.13
53 12 3 23749 1000000 0.13
54 13 3 23750 1000000 0.13
55 14 3 23751 1000000 0.13
56 15 3 23752 1000000 0.13
57 16 3 23753 1000000 0.13
58 17 3 23754 1000000 0.13
59 18 3 23755 1000000 0.13
60 19 3 23756 1000000 0.13
61 20 3 23757 1000000 0.13
62 21 3 23758 1000000 0.13
63 22 3 23759 1000000 0.13
0 24 3 23760 1000000 0.13
1 25 3 23761 1000000 0.13
2 26 3 23762 1000000 0.13
3 27 3 23763 1000000 0.13
4 28 3 23764 1000000 0.13
5 29 3 23765 1000000 0.13
6 30 3 23766 1000000 0.13
7 31 3 23767 1000000 0.13
8 32 3 23768 1000000 0.13
9 33 3 23769 1000000 0.13
10 34 3 23770 1000000 0.13
11 35 3 23771 1000000 0.13
12 36 3 23772 1000000 0.13
13 37 3 23773 1000000 0.13
14 38 3 23774 1000000 0.13
15 39 3 23775 1000000 0.13
16 40 3 23776 1000000 0.13
17 41 3 23777 1000000 0.13
18 42 3 23778 1000000 0.13
19 43 3 23779 1000000 0.13
20 44 3 23780 1000000 0.13
21 45 3 23781 1000000 0.13
22 46 3 23782 1000000 0.13
23 47 3 23783 1000000 0.13
24 48 3 23784 1000000 0.13
25 49 3 23785 1000000 0.13
26 50 3 23786 1000000 0.13
27 51 3 23787 1000000 0.13
28 52 3 23788 1000000 0.13
29 53 3 23789 1000000 0.13
30 54 3 23790 1000000 0.13
31 55 3 23791 1000000 0.13
32 56 3 23792 1000000 0.13
33 57 3 23793 1000000 0.13
34 58 3 23794 1000000 0.13
35 59 3 23795 1000000 0.13
36 60 3 23796 1000000 0.13
37 61 3 23797 1000000 0.13
38 62 3 23798 1000000 0.13
39 63 3 23799 1000000 0.13
40 0 3 23800 1000000 0.13
41 1 3 23801 1000000 0.13
42 2 3 23802 1000000 0.13
43 3 3 23803 1000000 0.13
44 4 3 23804 1000000 0.13
45 5 3 23805 1000000 0.13
46 6 3 23806 1000000 0.13
47 7 3 23807 1000000 0.13
48 8 3 23808 1000000 0.13
49 9 3 23809 1000000 0.13
50 10 3 23810 1000000 0.13
51 11 3 23811 1000000 0.13
52 12 3 23812 1000000 0.13
53 13 3 23813 1000000 0.13
54 14 3 23814 1000000 0.13
55 15 3 23815 1000000 0.13
56 16 3 23816 1000000 0.13
57 17 3 23817 1000000 0.13
58 18 3 23818 1000000 0.13
59 19 3 23819 1000000 0.13
60 20 3 23820 1000000 0.13
61 21 3 23821 1000000 0.13
62 22 3 23822 1000000 0.13
63 23 3 23823 1000000 0.13
0 25 3 23824 1000000 0.13
1 26 3 23825 1000000 0.13
2 27 3 23826 1000000 0.13
3 28 3 23827 1000000 0.13
4 29 3 23828 1000000 0.13
5 30 3 23829 1000000 0.13
6 31 3 23830 1000000 0.13
7 32 3 23831 1000000 0.13
8 33 3 23832 1000000 0.13
9 34 3 23833 1000000 0.13
10 35 3 23834 1000000 0.13
11 36 3 23835 1000000 0.13
12 37 3 23836 1000000 0.13
13 38 3 23837 1000000 0.13
14 39 3 23838 1000000 0.13
15 40 3 23839 1000000 0.13
16 41 3 23840 1000000 0.13
17 42 3 23841 1000000 0.13
18 43 3 23842 1000000 0.13
19 44 3 23843 1000000 0.13
20 45 3 23844 1000000 0.13
21 46 3 23845 1000000 0.13
22 47 3 23846 1000000 0.13
23 48 3 23847 1000000 0.13
24 49 3 23848 1000000 0.13
25 50 3 23849 1000000 0.13
26 51 3 23850 1000000 0.13
27 52 3 23851 1000000 0.13
28 53 3 23852 1000000 0.13
29 54 3 23853 1000000 0.13
30 55 3 23854 1000000 0.13
31 56 3 23855 1000000 0.13
32 57 3 23856 1000000 0.13
33 58 3 23857 1000000 0.13
34 59 3 23858 1000000 0.13
35 60 3 23859 1000000 0.13
36 61 3 23860 1000000 0.13
37 62 3 23861 1000000 0.13
38 63 3 23862 1000000 0.13
39 0 3 23863 1000000 0.13
40 1 3 23864 1000000 0.13
41 2 3 23865 1000000 0.13
42 3 3 23866 1000000 0.13
43 4 3 23867 1000000 0.13
44 5 3 23868 1000000 0.13
45 6 3 23869 1000000 0.13
46 7 3 23870 1000000 0.13
47 8 3 23871 1000000 0.13
48 9 3 23872 1000000 0.13
49 10 3 23873 1000000 0.13
50 11 3 23874 1000000 0.13
51 12 3 23875 1000000 0.13
52 13 3 23876 1000000 0.13
53 14 3 23877 1000000 0.13
54 15 3 23878 1000000 0.13
55 16 3 23879 1000000 0.13
56 17 3 23880 1000000 0.13
57 18 3 23881 1000000 0.13
58 19 3 23882 1000000 0.13
59 20 3 23883 1000000 0.13
60 21 3 23884 1000000 0.13
61 22 3 23885 1000000 0.13
62 23 3 23886 1000000 0.13
63 24 3 23887 1000000 0.13
0 26 3 23888 1000000 0.13
1 27 3 23889 1000000 0.13
2 28 3 23890 1000000 0.13
3 29 3 23891 1000000 0.13
4 30 3 23892 1000000 0.13
5 31 3 23893 1000000 0.13
6 32 3 23894 1000000 0.13
7 33 3 23895 1000000 0.13
8 34 3 23896 1000000 0.13
9 35 3 23897 1000000 0.13
10 36 3 23898 1000000 0.13
11 37 3 23899 1000000 0.13
12 38 3 23900 1000000 0.13
13 39 3 23901 1000000 0.13
14 40 3 23902 1000000 0.13
15 41 3 23903 1000000 0.13
16 42 3 23904 1000000 0.13
17 43 3 23905 1000000 0.13
18 44 3 23906 1000000 0.13
19 45 3 23907 1000000 0.13
20 46 3 23908 1000000 0.13
21 47 3 23909 1000000 0.13
22 48 3 23910 1000000 0.13
23 49 3 23911 1000000 0.13
24 50 3 23912 1000000 0.13
25 51 3 23913 1000000 0.13
26 52 3 23914 1000000 0.13
27 53 3 23915 1000000 0.13
28 54 3 23916 1000000 0.13
29 55 3 23917 1000000 0.13
30 56 3 23918 1000000 0.13
31 57 3 23919 1000000 0.13
32 58 3 23920 1000000 0.13
33 59 3 23921 1000000 0.13
34 60 3 23922 1000000 0.13
35 61 3 23923 1000000 0.13
36 62 3 23924 1000000 0.13
37 63 3 23925 1000000 0.13
38 0 3 23926 1000000 0.13
39 1 3 23927 1000000 0.13
40 2 3 23928 1000000 0.13
41 3 3 23929 1000000 0.13
42 4 3 23930 1000000 0.13
43 5 3 23931 1000000 0.13
44 6 3 23932 1000000 0.13
45 7 3 23933 1000000 0.13
46 8 3 23934 1000000 0.13
47 9 3 23935 1000000 0.13
48 10 3 23936 1000000 0.13
49 11 3 23937 1000000 0.13
50 12 3 23938 1000000 0.13
51 13 3 23939 1000000 0.13
52 14 3 23940 1000000 0.13
53 15 3 23941 1000000 0.13
54 16 3 23942 1000000 0.13
55 17 3 23943 1000000 0.13
56 18 3 23944 1000000 0.13
57 19 3 23945 1000000 0.13
58 20 3 23946 1000000 0.13
59 21 3 23947 1000000 0.13
60 22 3 23948 1000000 0.13
61 23 3 23949 1000000 0.13
62 24 3 23950 1000000 0.13
63 25 3 23951 1000000 0.13
0 27 3 23952 1000000 0.13
1 28 3 23953 1000000 0.13
2 29 3 23954 1000000 0.13
3 30 3 23955 1000000 0.13
4 31 3 23956 1000000 0.13
5 32 3 23957 1000000 0.13
6 33 3 23958 1000000 0.13
7 34 3 23959 1000000 0.13
8 35 3 23960 1000000 0.13
9 36 3 23961 1000000 0.13
10 37 3 23962 1000000 0.13
11 38 3 23963 1000000 0.13
12 39 3 23964 1000000 0.13
13 40 3 23965 1000000 0.13
14 41 3 23966 1000000 0.13
15 42 3 23967 1000000 0.13
16 43 3 23968 1000000 0.13
17 44 3 23969 1000000 0.13
18 45 3 23970 1000000 0.13
19 46 3 23971 1000000 0.13
20 47 3 23972 1000000 0.13
21 48 3 23973 1000000 0.13
22 49 3 23974 1000000 0.13
23 50 3 23975 1000000 0.13
24 51 3 23976 1000000 0.13
25 52 3 23977 1000000 0.13
26 53 3 23978 1000000 0.13
27 54 3 23979 1000000 0.13
28 55 3 23980 1000000 0.13
29 56 3 23981 1000000 0.13
30 57 3 23982 1000000 0.13
31 58 3 23983 1000000 0.13
32 59 3 23984 1000000 0.13
33 60 3 23985 1000000 0.13
34 61 3 23986 1000000 0.13
35 62 3 23987 1000000 0.13
36 63 3 23988 1000000 0.13
37 0 3 23989 1000000 0.13
38 1 3 23990 1000000 0.13
39 2 3 23991 1000000 0.13
40 3 3 23992 1000000 0.13
41 4 3 23993 1000000 0.13
42 5 3 23994 1000000 0.13
43 6 3 23995 1000000 0.13
44 7 3 23996 1000000 0.13
45 8 3 23997 1000000 0.13
46 9 3 23998 1000000 0.13
47 10 3 23999 1000000 0.13
48 11 3 24000 1000000 0.13
49 12 3 24001 1000000 0.13
50 13 3 24002 1000000 0.13
51 14 3 24003 1000000 0.13
52 15 3 24004 1000000 0.13
53 16 3 24005 1000000 0.13
54 17 3 24006 1000000 0.13
55 18 3 24007 1000000 0.13
56 19 3 24008 1000000 0.13
57 20 3 24009 1000000 0.13
58 21 3 24010 1000000 0.13
59 22 3 24011 1000000 0.13
60 23 3 24012 1000000 0.13
61 24 3 24013 1000000 0.13
62 25 3 24014 1000000 0.13
63 26 3 24015 1000000 0.13
0 28 3 24016 1000000 0.13
1 29 3 24017 1000000 0.13
2 30 3 24018 1000000 0.13
3 31 3 24019 1000000 0.13
4 32 3 24020 1000000 0.13
5 33 3 24021 1000000 0.13
6 34 3 24022 1000000 0.13
7 35 3 24023 1000000 0.13
8 36 3 24024 1000000 0.13
9 37 3 24025 1000000 0.13
10 38 3 24026 1000000 0.13
11 39 3 24027 1000000 0.13
12 40 3 24028 1000000 0.13
13 41 3 24029 1000000 0.13
14 42 3 24030 1000000 0.13
15 43 3 24031 1000000 0.13
16 44 3 24032 1000000 0.13
17 45 3 24033 1000000 0.13
18 46 3 24034 1000000 0.13
19 47 3 24035 1000000 0.13
20 48 3 24036 1000000 0.13
21 49 3 24037 1000000 0.13
22 50 3 24038 1000000 0.13
23 51 3 24039 1000000 0.13
24 52 3 24040 1000000 0.13
25 53 3 24041 1000000 0.13
26 54 3 24042 1000000 0.13
27 55 3 24043 1000000 0.13
28 56 3 24044 1000000 0.13
29 57 3 24045 1000000 0.13
30 58 3 24046 1000000 0.13
31 59 3 24047 1000000 0.13
32 60 3 24048 1000000 0.13
33 61 3 24049 1000000 0.13
34 62 3 24050 1000000 0.13
35 63 3 24051 1000000 0.13
36 0 3 24052 1000000 0.13
37 1 3 24053 1000000 0.13
38 2 3 24054 1000000 0.13
39 3 3 24055 1000000 0.13
40 4 3 24056 1000000 0.13
41 5 3 24057 1000000 0.13
42 6 3 24058 1000000 0.13
43 7 3 24059 1000000 0.13
44 8 3 24060 1000000 0.13
45 9 3 24061 1000000 0.13
46 10 3 24062 1000000 0.13
47 11 3 24063 1000000 0.13
48 12 3 24064 1000000 0.13
49 13 3 24065 1000000 0.13
50 14 3 24066 1000000 0.13
51 15 3 24067 1000000 0.13
52 16 3 24068 1000000 0.13
53 17 3 24069 1000000 0.13
54 18 3 24070 1000000 0.13
55 19 3 24071 1000000 0.13
56 20 3 24072 1000000 0.13
57 21 3 24073 1000000 0.13
58 22 3 24074 1000000 0.13
59 23 3 24075 1000000 0.13
60 24 3 24076 1000000 0.13
61 25 3 24077 1000000 0.13
62 26 3 24078 1000000 0.13
63 27 3 24079 1000000 0.13
0 29 3 24080 1000000 0.13
1 30 3 24081 1000000 0.13
2 31 3 24082 1000000 0.13
3 32 3 24083 1000000 0.13
4 33 3 24084 1000000 0.13
5 34 3 24085 1000000 0.13
6 35 3 24086 1000000 0.13
7 36 3 24087 1000000 0.13
8 37 3 24088 1000000 0.13
9 38 3 24089 1000000 0.13
10 39 3 24090 1000000 0.13
11 40 3 24091 1000000 0.13
12 41 3 24092 1000000 0.13
13 42 3 24093 1000000 0.13
14 43 3 24094 1000000 0.13
15 44 3 24095 1000000 0.13
16 45 3 24096 1000000 0.13
17 46 3 24097 1000000 0.13
18 47 3 24098 1000000 0.13
19 48 3 24099 1000000 0.13
20 49 3 24100 1000000 0.13
21 50 3 24101 1000000 0.13
22 51 3 24102 1000000 0.13
23 52 3 24103 1000000 0.13
24 53 3 24104 1000000 0.13
25 54 3 24105 1000000 0.13
26 55 3 24106 1000000 0.13
27 56 3 24107 1000000 0.13
28 57 3 24108 1000000 0.13
29 58 3 24109 1000000 0.13
30 59 3 24110 1000000 0.13
31 60 3 24111 1000000 0.13
32 61 3 24112 1000000 0.13
33 62 3 24113 1000000 0.13
34 63 3 24114 1000000 0.13
35 0 3 24115 1000000 0.13
36 1 3 24116 1000000 0.13
37 2 3 24117 1000000 0.13
38 3 3 24118 1000000 0.13
39 4 3 24119 1000000 0.13
40 5 3 24120 1000000 0.13
41 6 3 24121 1000000 0.13
42 7 3 24122 1000000 0.13
43 8 3 24123 1000000 0.13
44 9 3 24124 1000000 0.13
45 10 3 24125 1000000 0.13
46 11 3 24126 1000000 0.13
47 12 3 24127 1000000 0.13
48 13 3 24128 1000000 0.13
49 14 3 24129 1000000 0.13
50 15 3 24130 1000000 0.13
51 16 3 24131 1000000 0.13
52 17 3 24132 1000000 0.13
53 18 3 24133 1000000 0.13
54 19 3 24134 1000000 0.13
55 20 3 24135 1000000 0.13
56 21 3 24136 1000000 0.13
57 22 3 24137 1000000 0.13
58 23 3 24138 1000000 0.13
59 24 3 24139 1000000 0.13
60 25 3 24140 1000000 0.13
61 26 3 24141 1000000 0.13
62 27 3 24142 1000000 0.13
63 28 3 24143 1000000 0.13
0 30 3 24144 1000000 0.13
1 31 3 24145 1000000 0.13
2 32 3 24146 1000000 0.13
3 33 3 24147 1000000 0.13
4 34 3 24148 1000000 0.13
5 35 3 24149 1000000 0.13
6 36 3 24150 1000000 0.13
7 37 3 24151 1000000 0.13
8 38 3 24152 1000000 0.13
9 39 3 24153 1000000 0.13
10 40 3 24154 1000000 0.13
11 41 3 24155 1000000 0.13
12 42 3 24156 1000000 0.13
13 43 3 24157 1000000 0.13
14 44 3 24158 1000000 0.13
15 45 3 24159 1000000 0.13
16 46 3 24160 1000000 0.13
17 47 3 24161 1000000 0.13
18 48 3 24162 1000000 0.13
19 49 3 24163 1000000 0.13
20 50 3 24164 1000000 0.13
21 51 3 24165 1000000 0.13
22 52 3 24166 1000000 0.13
23 53 3 24167 1000000 0.13
24 54 3 24168 1000000 0.13
25 55 3 24169 1000000 0.13
26 56 3 24170 1000000 0.13
27 57 3 24171 1000000 0.13
28 58 3 24172 1000000 0.13
29 59 3 24173 1000000 0.13
30 60 3 24174 1000000 0.13
31 61 3 24175 1000000 0.13
32 62 3 24176 1000000 0.13
33 63 3 24177 1000000 0.13
34 0 3 24178 1000000 0.13
35 1 3 24179 1000000 0.13
36 2 3 24180 1000000 0.13
37 3 3 24181 1000000 0.13
38 4 3 24182 1000000 0.13
39 5 3 24183 1000000 0.13
40 6 3 24184 1000000 0.13
41 7 3 24185 1000000 0.13
42 8 3 24186 1000000 0.13
43 9 3 24187 1000000 0.13
44 10 3 24188 1000000 0.13
45 11 3 24189 1000000 0.13
46 12 3 24190 1000000 0.13
47 13 3 24191 1000000 0.13
48 14 3 24192 1000000 0.13
49 15 3 24193 1000000 0.13
50 16 3 24194 1000000 0.13
51 17 3 24195 1000000 0.13
52 18 3 24196 1000000 0.13
53 19 3 24197 1000000 0.13
54 20 3 24198 1000000 0.13
55 21 3 24199 1000000 0.13
56 22 3 24200 1000000 0.13
57 23 3 24201 1000000 0.13
58 24 3 24202 1000000 0.13
59 25 3 24203 1000000 0.13
60 26 3 24204 1000000 0.13
61 27 3 24205 1000000 0.13
62 28 3 24206 1000000 0.13
63 29 3 24207 1000000 0.13
0 31 3 24208 1000000 0.13
1 32 3 24209 1000000 0.13
2 33 3 24210 1000000 0.13
3 34 3 24211 1000000 0.13
4 35 3 24212 1000000 0.13
5 36 3 24213 1000000 0.13
6 37 3 24214 1000000 0.13
7 38 3 24215 1000000 0.13
8 39 3 24216 1000000 0.13
9 40 3 24217 1000000 0.13
10 41 3 24218 1000000 0.13
11 42 3 24219 1000000 0.13
12 43 3 24220 1000000 0.13
13 44 3 24221 1000000 0.13
14 45 3 24222 1000000 0.13
15 46 3 24223 1000000 0.13
16 47 3 24224 1000000 0.13
17 48 3 24225 1000000 0.13
18 49 3 24226 1000000 0.13
19 50 3 24227 1000000 0.13
20 51 3 24228 1000000 0.13
21 52 3 24229 1000000 0.13
22 53 3 24230 1000000 0.13
23 54 3 24231 1000000 0.13
24 55 3 24232 1000000 0.13
25 56 3 24233 1000000 0.13
26 57 3 24234 1000000 0.13
27 58 3 24235 1000000 0.13
28 59 3 24236 1000000 0.13
29 60 3 24237 1000000 0.13
30 61 3 24238 1000000 0.13
31 62 3 24239 1000000 0.13
32 63 3 24240 1000000 0.13
33 0 3 24241 1000000 0.13
34 1 3 24242 1000000 0.13
35 2 3 24243 1000000 0.13
36 3 3 24244 1000000 0.13
37 4 3 24245 1000000 0.13
38 5 3 24246 1000000 0.13
39 6 3 24247 1000000 0.13
40 7 3 24248 1000000 0.13
41 8 3 24249 1000000 0.13
42 9 3 24250 1000000 0.13
43 10 3 24251 1000000 0.13
44 11 3 24252 1000000 0.13
45 12 3 24253 1000000 0.13
46 13 3 24254 1000000 0.13
47 14 3 24255 1000000 0.13
48 15 3 24256 1000000 0.13
49 16 3 24257 1000000 0.13
50 17 3 24258 1000000 0.13
51 18 3 24259 1000000 0.13
52 19 3 24260 1000000 0.13
53 20 3 24261 1000000 0.13
54 21 3 24262 1000000 0.13
55 22 3 24263 1000000 0.13
56 23 3 24264 1000000 0.13
57 24 3 24265 1000000 0.13
58 25 3 24266 1000000 0.13
59 26 3 24267 1000000 0.13
60 27 3 24268 1000000 0.13
61 28 3 24269 1000000 0.13
62 29 3 24270 1000000 0.13
63 30 3 24271 1000000 0.13
0 32 3 24272 1000000 0.13
1 33 3 24273 1000000 0.13
2 34 3 24274 1000000 0.13
3 35 3 24275 1000000 0.13
4 36 3 24276 1000000 0.13
5 37 3 24277 1000000 0.13
6 38 3 24278 1000000 0.13
7 39 3 24279 1000000 0.13
8 40 3 24280 1000000 0.13
9 41 3 24281 1000000 0.13
10 42 3 24282 1000000 0.13
11 43 3 24283 1000000 0.13
12 44 3 24284 1000000 0.13
13 45 3 24285 1000000 0.13
14 46 3 24286 1000000 0.13
15 47 3 24287 1000000 0.13
16 48 3 24288 1000000 0.13
17 49 3 24289 1000000 0.13
18 50 3 24290 1000000 0.13
19 51 3 24291 1000000 0.13
20 52 3 24292 1000000 0.13
21 53 3 24293 1000000 0.13
22 54 3 24294 1000000 0.13
23 55 3 24295 1000000 0.13
24 56 3 24296 1000000 0.13
25 57 3 24297 1000000 0.13
26 58 3 24298 1000000 0.13
27 59 3 24299 1000000 0.13
28 60 3 24300 1000000 0.13
29 61 3 24301 1000000 0.13
30 62 3 24302 1000000 0.13
31 63 3 24303 1000000 0.13
32 0 3 24304 1000000 0.13
33 1 3 24305 1000000 0.13
34 2 3 24306 1000000 0.13
35 3 3 24307 1000000 0.13
36 4 3 24308 1000000 0.13
37 5 3 24309 1000000 0.13
38 6 3 24310 1000000 0.13
39 7 3 24311 1000000 0.13
40 8 3 24312 1000000 0.13
41 9 3 24313 1000000 0.13
42 10 3 24314 1000000 0.13
43 11 3 24315 1000000 0.13
44 12 3 24316 1000000 0.13
45 13 3 24317 1000000 0.13
46 14 3 24318 1000000 0.13
47 15 3 24319 1000000 0.13
48 16 3 24320 1000000 0.13
49 17 3 24321 1000000 0.13
50 18 3 24322 1000000 0.13
51 19 3 24323 1000000 0.13
52 20 3 24324 1000000 0.13
53 21 3 24325 1000000 0.13
54 22 3 24326 1000000 0.13
55 23 3 24327 1000000 0.13
56 24 3 24328 1000000 0.13
57 25 3 24329 1000000 0.13
58 26 3 24330 1000000 0.13
59 27 3 24331 1000000 0.13
60 28 3 24332 1000000 0.13
61 29 3 24333 1000000 0.13
62 30 3 24334 1000000 0.13
63 31 3 24335 1000000 0.13
0 33 3 24336 1000000 0.13
1 34 3 24337 1000000 0.13
2 35 3 24338 1000000 0.13
3 36 3 24339 1000000 0.13
4 37 3 24340 1000000 0.13
5 38 3 24341 1000000 0.13
6 39 3 24342 1000000 0.13
7 40 3 24343 1000000 0.13
8 41 3 24344 1000000 0.13
9 42 3 24345 1000000 0.13
10 43 3 24346 1000000 0.13
11 44 3 24347 1000000 0.13
12 45 3 24348 1000000 0.13
13 46 3 24349 1000000 0.13
14 47 3 24350 1000000 0.13
15 48 3 24351 1000000 0.13
16 49 3 24352 1000000 0.13
17 50 3 24353 1000000 0.13
18 51 3 24354 1000000 0.13
19 52 3 24355 1000000 0.13
20 53 3 24356 1000000 0.13
21 54 3 24357 1000000 0.13
22 55 3 24358 1000000 0.13
23 56 3 24359 1000000 0.13
24 57 3 24360 1000000 0.13
25 58 3 24361 1000000 0.13
26 59 3 24362 1000000 0.13
27 60 3 24363 1000000 0.13
28 61 3 24364 1000000 0.13
29 62 3 24365 1000000 0.13
30 63 3 24366 1000000 0.13
31 0 3 24367 1000000 0.13
32 1 3 24368 1000000 0.13
33 2 3 24369 1000000 0.13
34 3 3 24370 1000000 0.13
35 4 3 24371 1000000 0.13
36 5 3 24372 1000000 0.13
37 6 3 24373 1000000 0.13
38 7 3 24374 1000000 0.13
39 8 3 24375 1000000 0.13
40 9 3 24376 1000000 0.13
41 10 3 24377 1000000 0.13
42 11 3 24378 1000000 0.13
43 12 3 24379 1000000 0.13
44 13 3 24380 1000000 0.13
45 14 3 24381 1000000 0.13
46 15 3 24382 1000000 0.13
47 16 3 24383 1000000 0.13
48 17 3 24384 1000000 0.13
49 18 3 24385 1000000 0.13
50 19 3 24386 1000000 0.13
51 20 3 24387 1000000 0.13
52 21 3 24388 1000000 0.13
53 22 3 24389 1000000 0.13
54 23 3 24390 1000000 0.13
55 24 3 24391 1000000 0.13
56 25 3 24392 1000000 0.13
57 26 3 24393 1000000 0.13
58 27 3 24394 1000000 0.13
59 28 3 24395 1000000 0.13
60 29 3 24396 1000000 0.13
61 30 3 24397 1000000 0.13
62 31 3 24398 1000000 0.13
63 32 3 24399 1000000 0.13
0 34 3 24400 1000000 0.13
1 35 3 24401 1000000 0.13
2 36 3 24402 1000000 0.13
3 37 3 24403 1000000 0.13
4 38 3 24404 1000000 0.13
5 39 3 24405 1000000 0.13
6 40 3 24406 1000000 0.13
7 41 3 24407 1000000 0.13
8 42 3 24408 1000000 0.13
9 43 3 24409 1000000 0.13
10 44 3 24410 1000000 0.13
11 45 3 24411 1000000 0.13
12 46 3 24412 1000000 0.13
13 47 3 24413 1000000 0.13
14 48 3 24414 1000000 0.13
15 49 3 24415 1000000 0.13
16 50 3 24416 1000000 0.13
17 51 3 24417 1000000 0.13
18 52 3 24418 1000000 0.13
19 53 3 24419 1000000 0.13
20 54 3 24420 1000000 0.13
21 55 3 24421 1000000 0.13
22 56 3 24422 1000000 0.13
23 57 3 24423 1000000 0.13
24 58 3 24424 1000000 0.13
25 59 3 24425 1000000 0.13
26 60 3 24426 1000000 0.13
27 61 3 24427 1000000 0.13
28 62 3 24428 1000000 0.13
29 63 3 24429 1000000 0.13
30 0 3 24430 1000000 0.13
31 1 3 24431 1000000 0.13
32 2 3 24432 1000000 0.13
33 3 3 24433 1000000 0.13
34 4 3 24434 1000000 0.13
35 5 3 24435 1000000 0.13
36 6 3 24436 1000000 0.13
37 7 3 24437 1000000 0.13
38 8 3 24438 1000000 0.13
39 9 3 24439 1000000 0.13
40 10 3 24440 1000000 0.13
41 11 3 24441 1000000 0.13
42 12 3 24442 1000000 0.13
43 13 3 24443 1000000 0.13
44 14 3 24444 1000000 0.13
45 15 3 24445 1000000 0.13
46 16 3 24446 1000000 0.13
47 17 3 24447 1000000 0.13
48 18 3 24448 1000000 0.13
49 19 3 24449 1000000 0.13
50 20 3 24450 1000000 0.13
51 21 3 24451 1000000 0.13
52 22 3 24452 1000000 0.13
53 23 3 24453 1000000 0.13
54 24 3 24454 1000000 0.13
55 25 3 24455 1000000 0.13
56 26 3 24456 1000000 0.13
57 27 3 24457 1000000 0.13
58 28 3 24458 1000000 0.13
59 29 3 24459 1000000 0.13
60 30 3 24460 1000000 0.13
61 31 3 24461 1000000 0.13
62 32 3 24462 1000000 0.13
63 33 3 24463 1000000 0.13
0 35 3 24464 1000000 0.13
1 36 3 24465 1000000 0.13
2 37 3 24466 1000000 0.13
3 38 3 24467 1000000 0.13
4 39 3 24468 1000000 0.13
5 40 3 24469 1000000 0.13
6 41 3 24470 1000000 0.13
7 42 3 24471 1000000 0.13
8 43 3 24472 1000000 0.13
9 44 3 24473 1000000 0.13
10 45 3 24474 1000000 0.13
11 46 3 24475 1000000 0.13
12 47 3 24476 1000000 0.13
13 48 3 24477 1000000 0.13
14 49 3 24478 1000000 0.13
15 50 3 24479 1000000 0.13
16 51 3 24480 1000000 0.13
17 52 3 24481 1000000 0.13
18 53 3 24482 1000000 0.13
19 54 3 24483 1000000 0.13
20 55 3 24484 1000000 0.13
21 56 3 24485 1000000 0.13
22 57 3 24486 1000000 0.13
23 58 3 24487 1000000 0.13
24 59 3 24488 1000000 0.13
25 60 3 24489 1000000 0.13
26 61 3 24490 1000000 0.13
27 62 3 24491 1000000 0.13
28 63 3 24492 1000000 0.13
29 0 3 24493 1000000 0.13
30 1 3 24494 1000000 0.13
31 2 3 24495 1000000 0.13
32 3 3 24496 1000000 0.13
33 4 3 24497 1000000 0.13
34 5 3 24498 1000000 0.13
35 6 3 24499 1000000 0.13
36 7 3 24500 1000000 0.13
37 8 3 24501 1000000 0.13
38 9 3 24502 1000000 0.13
39 10 3 24503 1000000 0.13
40 11 3 24504 1000000 0.13
41 12 3 24505 1000000 0.13
42 13 3 24506 1000000 0.13
43 14 3 24507 1000000 0.13
44 15 3 24508 1000000 0.13
45 16 3 24509 1000000 0.13
46 17 3 24510 1000000 0.13
47 18 3 24511 1000000 0.13
48 19 3 24512 1000000 0.13
49 20 3 24513 1000000 0.13
50 21 3 24514 1000000 0.13
51 22 3 24515 1000000 0.13
52 23 3 24516 1000000 0.13
53 24 3 24517 1000000 0.13
54 25 3 24518 1000000 0.13
55 26 3 24519 1000000 0.13
56 27 3 24520 1000000 0.13
57 28 3 24521 1000000 0.13
58 29 3 24522 1000000 0.13
59 30 3 24523 1000000 0.13
60 31 3 24524 1000000 0.13
61 32 3 24525 1000000 0.13
62 33 3 24526 1000000 0.13
63 34 3 24527 1000000 0.13
0 36 3 24528 1000000 0.13
1 37 3 24529 1000000 0.13
2 38 3 24530 1000000 0.13
3 39 3 24531 1000000 0.13
4 40 3 24532 1000000 0.13
5 41 3 24533 1000000 0.13
6 42 3 24534 1000000 0.13
7 43 3 24535 1000000 0.13
8 44 3 24536 1000000 0.13
9 45 3 24537 1000000 0.13
10 46 3 24538 1000000 0.13
11 47 3 24539 1000000 0.13
12 48 3 24540 1000000 0.13
13 49 3 24541 1000000 0.13
14 50 3 24542 1000000 0.13
15 51 3 24543 1000000 0.13
16 52 3 24544 1000000 0.13
17 53 3 24545 1000000 0.13
18 54 3 24546 1000000 0.13
19 55 3 24547 1000000 0.13
20 56 3 24548 1000000 0.13
21 57 3 24549 1000000 0.13
22 58 3 24550 1000000 0.13
23 59 3 24551 1000000 0.13
24 60 3 24552 1000000 0.13
25 61 3 24553 1000000 0.13
26 62 3 24554 1000000 0.13
27 63 3 24555 1000000 0.13
28 0 3 24556 1000000 0.13
29 1 3 24557 1000000 0.13
30 2 3 24558 1000000 0.13
31 3 3 24559 1000000 0.13
32 4 3 24560 1000000 0.13
33 5 3 24561 1000000 0.13
34 6 3 24562 1000000 0.13
35 7 3 24563 1000000 0.13
36 8 3 24564 1000000 0.13
37 9 3 24565 1000000 0.13
38 10 3 24566 1000000 0.13
39 11 3 24567 1000000 0.13
40 12 3 24568 1000000 0.13
41 13 3 24569 1000000 0.13
42 14 3 24570 1000000 0.13
43 15 3 24571 1000000 0.13
44 16 3 24572 1000000 0.13
45 17 3 24573 1000000 0.13
46 18 3 24574 1000000 0.13
47 19 3 24575 1000000 0.13
48 20 3 24576 1000000 0.13
49 21 3 24577 1000000 0.13
50 22 3 24578 1000000 0.13
51 23 3 24579 1000000 0.13
52 24 3 24580 1000000 0.13
53 25 3 24581 1000000 0.13
54 26 3 24582 1000000 0.13
55 27 3 24583 1000000 0.13
56 28 3 24584 1000000 0.13
57 29 3 24585 1000000 0.13
58 30 3 24586 1000000 0.13
59 31 3 24587 1000000 0.13
60 32 3 24588 1000000 0.13
61 33 3 24589 1000000 0.13
62 34 3 24590 1000000 0.13
63 35 3 24591 1000000 0.13
0 37 3 24592 1000000 0.13
1 38 3 24593 1000000 0.13
2 39 3 24594 1000000 0.13
3 40 3 24595 1000000 0.13
4 41 3 24596 1000000 0.13
5 42 3 24597 1000000 0.13
6 43 3 24598 1000000 0.13
7 44 3 24599 1000000 0.13
8 45 3 24600 1000000 0.13
9 46 3 24601 1000000 0.13
10 47 3 24602 1000000 0.13
11 48 3 24603 1000000 0.13
12 49 3 24604 1000000 0.13
13 50 3 24605 1000000 0.13
14 51 3 24606 1000000 0.13
15 52 3 24607 1000000 0.13
16 53 3 24608 1000000 0.13
17 54 3 24609 1000000 0.13
18 55 3 24610 1000000 0.13
19 56 3 24611 1000000 0.13
20 57 3 24612 1000000 0.13
21 58 3 24613 1000000 0.13
22 59 3 24614 1000000 0.13
23 60 3 24615 1000000 0.13
24 61 3 24616 1000000 0.13
25 62 3 24617 1000000 0.13
26 63 3 24618 1000000 0.13
27 0 3 24619 1000000 0.13
28 1 3 24620 1000000 0.13
29 2 3 24621 1000000 0.13
30 3 3 24622 1000000 0.13
31 4 3 24623 1000000 0.13
32 5 3 24624 1000000 0.13
33 6 3 24625 1000000 0.13
34 7 3 24626 1000000 0.13
35 8 3 24627 1000000 0.13
36 9 3 24628 1000000 0.13
37 10 3 24629 1000000 0.13
38 11 3 24630 1000000 0.13
39 12 3 24631 1000000 0.13
40 13 3 24632 1000000 0.13
41 14 3 24633 1000000 0.13
42 15 3 24634 1000000 0.13
43 16 3 24635 1000000 0.13
44 17 3 24636 1000000 0.13
45 18 3 24637 1000000 0.13
46 19 3 24638 1000000 0.13
47 20 3 24639 1000000 0.13
48 21 3 24640 1000000 0.13
49 22 3 24641 1000000 0.13
50 23 3 24642 1000000 0.13
51 24 3 24643 1000000 0.13
52 25 3 24644 1000000 0.13
53 26 3 24645 1000000 0.13
54 27 3 24646 1000000 0.13
55 28 3 24647 1000000 0.13
56 29 3 24648 1000000 0.13
57 30 3 24649 1000000 0.13
58 31 3 24650 1000000 0.13
59 32 3 24651 1000000 0.13
60 33 3 24652 1000000 0.13
61 34 3 24653 1000000 0.13
62 35 3 24654 1000000 0.13
63 36 3 24655 1000000 0.13
0 38 3 24656 1000000 0.13
1 39 3 24657 1000000 0.13
2 40 3 24658 1000000 0.13
3 41 3 24659 1000000 0.13
4 42 3 24660 1000000 0.13
5 43 3 24661 1000000 0.13
6 44 3 24662 1000000 0.13
7 45 3 24663 1000000 0.13
8 46 3 24664 1000000 0.13
9 47 3 24665 1000000 0.13
10 48 3 24666 1000000 0.13
11 49 3 24667 1000000 0.13
12 50 3 24668 1000000 0.13
13 51 3 24669 1000000 0.13
14 52 3 24670 1000000 0.13
15 53 3 24671 1000000 0.13
16 54 3 24672 1000000 0.13
17 55 3 24673 1000000 0.13
18 56 3 24674 1000000 0.13
19 57 3 24675 1000000 0.13
20 58 3 24676 1000000 0.13
21 59 3 24677 1000000 0.13
22 60 3 24678 1000000 0.13
23 61 3 24679 1000000 0.13
24 62 3 24680 1000000 0.13
25 63 3 24681 1000000 0.13
26 0 3 24682 1000000 0.13
27 1 3 24683 1000000 0.13
28 2 3 24684 1000000 0.13
29 3 3 24685 1000000 0.13
30 4 3 24686 1000000 0.13
31 5 3 24687 1000000 0.13
32 6 3 24688 1000000 0.13
33 7 3 24689 1000000 0.13
34 8 3 24690 1000000 0.13
35 9 3 24691 1000000 0.13
36 10 3 24692 1000000 0.13
37 11 3 24693 1000000 0.13
38 12 3 24694 1000000 0.13
39 13 3 24695 1000000 0.13
40 14 3 24696 1000000 0.13
41 15 3 24697 1000000 0.13
42 16 3 24698 1000000 0.13
43 17 3 24699 1000000 0.13
44 18 3 24700 1000000 0.13
45 19 3 24701 1000000 0.13
46 20 3 24702 1000000 0.13
47 21 3 24703 1000000 0.13
48 22 3 24704 1000000 0.13
49 23 3 24705 1000000 0.13
50 24 3 24706 1000000 0.13
51 25 3 24707 1000000 0.13
52 26 3 24708 1000000 0.13
53 27 3 24709 1000000 0.13
54 28 3 24710 1000000 0.13
55 29 3 24711 1000000 0.13
56 30 3 24712 1000000 0.13
57 31 3 24713 1000000 0.13
58 32 3 24714 1000000 0.13
59 33 3 24715 1000000 0.13
60 34 3 24716 1000000 0.13
61 35 3 24717 1000000 0.13
62 36 3 24718 1000000 0.13
63 37 3 24719 1000000 0.13
0 39 3 24720 1000000 0.13
1 40 3 24721 1000000 0.13
2 41 3 24722 1000000 0.13
3 42 3 24723 1000000 0.13
4 43 3 24724 1000000 0.13
5 44 3 24725 1000000 0.13
6 45 3 24726 1000000 0.13
7 46 3 24727 1000000 0.13
8 47 3 24728 1000000 0.13
9 48 3 24729 1000000 0.13
10 49 3 24730 1000000 0.13
11 50 3 24731 1000000 0.13
12 51 3 24732 1000000 0.13
13 52 3 24733 1000000 0.13
14 53 3 24734 1000000 0.13
15 54 3 24735 1000000 0.13
16 55 3 24736 1000000 0.13
17 56 3 24737 1000000 0.13
18 57 3 24738 1000000 0.13
19 58 3 24739 1000000 0.13
20 59 3 24740 1000000 0.13
21 60 3 24741 1000000 0.13
22 61 3 24742 1000000 0.13
23 62 3 24743 1000000 0.13
24 63 3 24744 1000000 0.13
25 0 3 24745 1000000 0.13
26 1 3 24746 1000000 0.13
27 2 3 24747 1000000 0.13
28 3 3 24748 1000000 0.13
29 4 3 24749 1000000 0.13
30 5 3 24750 1000000 0.13
31 6 3 24751 1000000 0.13
32 7 3 24752 1000000 0.13
33 8 3 24753 1000000 0.13
34 9 3 24754 1000000 0.13
35 10 3 24755 1000000 0.13
36 11 3 24756 1000000 0.13
37 12 3 24757 1000000 0.13
38 13 3 24758 1000000 0.13
39 14 3 24759 1000000 0.13
40 15 3 24760 1000000 0.13
41 16 3 24761 1000000 0.13
42 17 3 24762 1000000 0.13
43 18 3 24763 1000000 0.13
44 19 3 24764 1000000 0.13
45 20 3 24765 1000000 0.13
46 21 3 24766 1000000 0.13
47 22 3 24767 1000000 0.13
48 23 3 24768 1000000 0.13
49 24 3 24769 1000000 0.13
50 25 3 24770 1000000 0.13
51 26 3 24771 1000000 0.13
52 27 3 24772 1000000 0.13
53 28 3 24773 1000000 0.13
54 29 3 24774 1000000 0.13
55 30 3 24775 1000000 0.13
56 31 3 24776 1000000 0.13
57 32 3 24777 1000000 0.13
58 33 3 24778 1000000 0.13
59 34 3 24779 1000000 0.13
60 35 3 24780 1000000 0.13
61 36 3 24781 1000000 0.13
62 37 3 24782 1000000 0.13
63 38 3 24783 1000000 0.13
0 40 3 24784 1000000 0.13
1 41 3 24785 1000000 0.13
2 42 3 24786 1000000 0.13
3 43 3 24787 1000000 0.13
4 44 3 24788 1000000 0.13
5 45 3 24789 1000000 0.13
6 46 3 24790 1000000 0.13
7 47 3 24791 1000000 0.13
8 48 3 24792 1000000 0.13
9 49 3 24793 1000000 0.13
10 50 3 24794 1000000 0.13
11 51 3 24795 1000000 0.13
12 52 3 24796 1000000 0.13
13 53 3 24797 1000000 0.13
14 54 3 24798 1000000 0.13
15 55 3 24799 1000000 0.13
16 56 3 24800 1000000 0.13
17 57 3 24801 1000000 0.13
18 58 3 24802 1000000 0.13
19 59 3 24803 1000000 0.13
20 60 3 24804 1000000 0.13
21 61 3 24805 1000000 0.13
22 62 3 24806 1000000 0.13
23 63 3 24807 1000000 0.13
24 0 3 24808 1000000 0.13
25 1 3 24809 1000000 0.13
26 2 3 24810 1000000 0.13
27 3 3 24811 1000000 0.13
28 4 3 24812 1000000 0.13
29 5 3 24813 1000000 0.13
30 6 3 24814 1000000 0.13
31 7 3 24815 1000000 0.13
32 8 3 24816 1000000 0.13
33 9 3 24817 1000000 0.13
34 10 3 24818 1000000 0.13
35 11 3 24819 1000000 0.13
36 12 3 24820 1000000 0.13
37 13 3 24821 1000000 0.13
38 14 3 24822 1000000 0.13
39 15 3 24823 1000000 0.13
40 16 3 24824 1000000 0.13
41 17 3 24825 1000000 0.13
42 18 3 24826 1000000 0.13
43 19 3 24827 1000000 0.13
44 20 3 24828 1000000 0.13
45 21 3 24829 1000000 0.13
46 22 3 24830 1000000 0.13
47 23 3 24831 1000000 0.13
48 24 3 24832 1000000 0.13
49 25 3 24833 1000000 0.13
50 26 3 24834 1000000 0.13
51 27 3 24835 1000000 0.13
52 28 3 24836 1000000 0.13
53 29 3 24837 1000000 0.13
54 30 3 24838 1000000 0.13
55 31 3 24839 1000000 0.13
56 32 3 24840 1000000 0.13
57 33 3 24841 1000000 0.13
58 34 3 24842 1000000 0.13
59 35 3 24843 1000000 0.13
60 36 3 24844 1000000 0.13
61 37 3 24845 1000000 0.13
62 38 3 24846 1000000 0.13
63 39 3 24847 1000000 0.13
0 41 3 24848 1000000 0.13
1 42 3 24849 1000000 0.13
2 43 3 24850 1000000 0.13
3 44 3 24851 1000000 0.13
4 45 3 24852 1000000 0.13
5 46 3 24853 1000000 0.13
6 47 3 24854 1000000 0.13
7 48 3 24855 1000000 0.13
8 49 3 24856 1000000 0.13
9 50 3 24857 1000000 0.13
10 51 3 24858 1000000 0.13
11 52 3 24859 1000000 0.13
12 53 3 24860 1000000 0.13
13 54 3 24861 1000000 0.13
14 55 3 24862 1000000 0.13
15 56 3 24863 1000000 0.13
16 57 3 24864 1000000 0.13
17 58 3 24865 1000000 0.13
18 59 3 24866 1000000 0.13
19 60 3 24867 1000000 0.13
20 61 3 24868 1000000 0.13
21 62 3 24869 1000000 0.13
22 63 3 24870 1000000 0.13
23 0 3 24871 1000000 0.13
24 1 3 24872 1000000 0.13
25 2 3 24873 1000000 0.13
26 3 3 24874 1000000 0.13
27 4 3 24875 1000000 0.13
28 5 3 24876 1000000 0.13
29 6 3 24877 1000000 0.13
30 7 3 24878 1000000 0.13
31 8 3 24879 1000000 0.13
32 9 3 24880 1000000 0.13
33 10 3 24881 1000000 0.13
34 11 3 24882 1000000 0.13
35 12 3 24883 1000000 0.13
36 13 3 24884 1000000 0.13
37 14 3 24885 1000000 0.13
38 15 3 24886 1000000 0.13
39 16 3 24887 1000000 0.13
40 17 3 24888 1000000 0.13
41 18 3 24889 1000000 0.13
42 19 3 24890 1000000 0.13
43 20 3 24891 1000000 0.13
44 21 3 24892 1000000 0.13
45 22 3 24893 1000000 0.13
46 23 3 24894 1000000 0.13
47 24 3 24895 1000000 0.13
48 25 3 24896 1000000 0.13
49 26 3 24897 1000000 0.13
50 27 3 24898 1000000 0.13
51 28 3 24899 1000000 0.13
52 29 3 24900 1000000 0.13
53 30 3 24901 1000000 0.13
54 31 3 24902 1000000 0.13
55 32 3 24903 1000000 0.13
56 33 3 24904 1000000 0.13
57 34 3 24905 1000000 0.13
58 35 3 24906 1000000 0.13
59 36 3 24907 1000000 0.13
60 37 3 24908 1000000 0.13
61 38 3 24909 1000000 0.13
62 39 3 24910 1000000 0.13
63 40 3 24911 1000000 0.13
0 42 3 24912 1000000 0.13
1 43 3 24913 1000000 0.13
2 44 3 24914 1000000 0.13
3 45 3 24915 1000000 0.13
4 46 3 24916 1000000 0.13
5 47 3 24917 1000000 0.13
6 48 3 24918 1000000 0.13
7 49 3 24919 1000000 0.13
8 50 3 24920 1000000 0.13
9 51 3 24921 1000000 0.13
10 52 3 24922 1000000 0.13
11 53 3 24923 1000000 0.13
12 54 3 24924 1000000 0.13
13 55 3 24925 1000000 0.13
14 56 3 24926 1000000 0.13
15 57 3 24927 1000000 0.13
16 58 3 24928 1000000 0.13
17 59 3 24929 1000000 0.13
18 60 3 24930 1000000 0.13
19 61 3 24931 1000000 0.13
20 62 3 24932 1000000 0.13
21 63 3 24933 1000000 0.13
22 0 3 24934 1000000 0.13
23 1 3 24935 1000000 0.13
24 2 3 24936 1000000 0.13
25 3 3 24937 1000000 0.13
26 4 3 24938 1000000 0.13
27 5 3 24939 1000000 0.13
28 6 3 24940 1000000 0.13
29 7 3 24941 1000000 0.13
30 8 3 24942 1000000 0.13
31 9 3 24943 1000000 0.13
32 10 3 24944 1000000 0.13
33 11 3 24945 1000000 0.13
34 12 3 24946 1000000 0.13
35 13 3 24947 1000000 0.13
36 14 3 24948 1000000 0.13
37 15 3 24949 1000000 0.13
38 16 3 24950 1000000 0.13
39 17 3 24951 1000000 0.13
40 18 3 24952 1000000 0.13
41 19 3 24953 1000000 0.13
42 20 3 24954 1000000 0.13
43 21 3 24955 1000000 0.13
44 22 3 24956 1000000 0.13
45 23 3 24957 1000000 0.13
46 24 3 24958 1000000 0.13
47 25 3 24959 1000000 0.13
48 26 3 24960 1000000 0.13
49 27 3 24961 1000000 0.13
50 28 3 24962 1000000 0.13
51 29 3 24963 1000000 0.13
52 30 3 24964 1000000 0.13
53 31 3 24965 1000000 0.13
54 32 3 24966 1000000 0.13
55 33 3 24967 1000000 0.13
56 34 3 24968 1000000 0.13
57 35 3 24969 1000000 0.13
58 36 3 24970 1000000 0.13
59 37 3 24971 1000000 0.13
60 38 3 24972 1000000 0.13
61 39 3 24973 1000000 0.13
62 40 3 24974 1000000 0.13
63 41 3 24975 1000000 0.13
0 43 3 24976 1000000 0.13
1 44 3 24977 1000000 0.13
2 45 3 24978 1000000 0.13
3 46 3 24979 1000000 0.13
4 47 3 24980 1000000 0.13
5 48 3 24981 1000000 0.13
6 49 3 24982 1000000 0.13
7 50 3 24983 1000000 0.13
8 51 3 24984 1000000 0.13
9 52 3 24985 1000000 0.13
10 53 3 24986 1000000 0.13
11 54 3 24987 1000000 0.13
12 55 3 24988 1000000 0.13
13 56 3 24989 1000000 0.13
14 57 3 24990 1000000 0.13
15 58 3 24991 1000000 0.13
16 59 3 24992 1000000 0.13
17 60 3 24993 1000000 0.13
18 61 3 24994 1000000 0.13
19 62 3 24995 1000000 0.13
20 63 3 24996 1000000 0.13
21 0 3 24997 1000000 0.13
22 1 3 24998 1000000 0.13
23 2 3 24999 1000000 0.13
24 3 3 25000 1000000 0.13
25 4 3 25001 1000000 0.13
26 5 3 25002 1000000 0.13
27 6 3 25003 1000000 0.13
28 7 3 25004 1000000 0.13
29 8 3 25005 1000000 0.13
30 9 3 25006 1000000 0.13
31 10 3 25007 1000000 0.13
32 11 3 25008 1000000 0.13
33 12 3 25009 1000000 0.13
34 13 3 25010 1000000 0.13
35 14 3 25011 1000000 0.13
36 15 3 25012 1000000 0.13
37 16 3 25013 1000000 0.13
38 17 3 25014 1000000 0.13
39 18 3 25015 1000000 0.13
40 19 3 25016 1000000 0.13
41 20 3 25017 1000000 0.13
42 21 3 25018 1000000 0.13
43 22 3 25019 1000000 0.13
44 23 3 25020 1000000 0.13
45 24 3 25021 1000000 0.13
46 25 3 25022 1000000 0.13
47 26 3 25023 1000000 0.13
48 27 3 25024 1000000 0.13
49 28 3 25025 1000000 0.13
50 29 3 25026 1000000 0.13
51 30 3 25027 1000000 0.13
52 31 3 25028 1000000 0.13
53 32 3 25029 1000000 0.13
54 33 3 25030 1000000 0.13
55 34 3 25031 1000000 0.13
56 35 3 25032 1000000 0.13
57 36 3 25033 1000000 0.13
58 37 3 25034 1000000 0.13
59 38 3 25035 1000000 0.13
60 39 3 25036 1000000 0.13
61 40 3 25037 1000000 0.13
62 41 3 25038 1000000 0.13
63 42 3 25039 1000000 0.13
0 44 3 25040 1000000 0.13
1 45 3 25041 1000000 0.13
2 46 3 25042 1000000 0.13
3 47 3 25043 1000000 0.13
4 48 3 25044 1000000 0.13
5 49 3 25045 1000000 0.13
6 50 3 25046 1000000 0.13
7 51 3 25047 1000000 0.13
8 52 3 25048 1000000 0.13
9 53 3 25049 1000000 0.13
10 54 3 25050 1000000 0.13
11 55 3 25051 1000000 0.13
12 56 3 25052 1000000 0.13
13 57 3 25053 1000000 0.13
14 58 3 25054 1000000 0.13
15 59 3 25055 1000000 0.13
16 60 3 25056 1000000 0.13
17 61 3 25057 1000000 0.13
18 62 3 25058 1000000 0.13
19 63 3 25059 1000000 0.13
20 0 3 25060 1000000 0.13
21 1 3 25061 1000000 0.13
22 2 3 25062 1000000 0.13
23 3 3 25063 1000000 0.13
24 4 3 25064 1000000 0.13
25 5 3 25065 1000000 0.13
26 6 3 25066 1000000 0.13
27 7 3 25067 1000000 0.13
28 8 3 25068 1000000 0.13
29 9 3 25069 1000000 0.13
30 10 3 25070 1000000 0.13
31 11 3 25071 1000000 0.13
32 12 3 25072 1000000 0.13
33 13 3 25073 1000000 0.13
34 14 3 25074 1000000 0.13
35 15 3 25075 1000000 0.13
36 16 3 25076 1000000 0.13
37 17 3 25077 1000000 0.13
38 18 3 25078 1000000 0.13
39 19 3 25079 1000000 0.13
40 20 3 25080 1000000 0.13
41 21 3 25081 1000000 0.13
42 22 3 25082 1000000 0.13
43 23 3 25083 1000000 0.13
44 24 3 25084 1000000 0.13
45 25 3 25085 1000000 0.13
46 26 3 25086 1000000 0.13
47 27 3 25087 1000000 0.13
48 28 3 25088 1000000 0.13
49 29 3 25089 1000000 0.13
50 30 3 25090 1000000 0.13
51 31 3 25091 1000000 0.13
52 32 3 25092 1000000 0.13
53 33 3 25093 1000000 0.13
54 34 3 25094 1000000 0.13
55 35 3 25095 1000000 0.13
56 36 3 25096 1000000 0.13
57 37 3 25097 1000000 0.13
58 38 3 25098 1000000 0.13
59 39 3 25099 1000000 0.13
60 40 3 25100 1000000 0.13
61 41 3 25101 1000000 0.13
62 42 3 25102 1000000 0.13
63 43 3 25103 1000000 0.13
0 45 3 25104 1000000 0.13
1 46 3 25105 1000000 0.13
2 47 3 25106 1000000 0.13
3 48 3 25107 1000000 0.13
4 49 3 25108 1000000 0.13
5 50 3 25109 1000000 0.13
6 51 3 25110 1000000 0.13
7 52 3 25111 1000000 0.13
8 53 3 25112 1000000 0.13
9 54 3 25113 1000000 0.13
10 55 3 25114 1000000 0.13
11 56 3 25115 1000000 0.13
12 57 3 25116 1000000 0.13
13 58 3 25117 1000000 0.13
14 59 3 25118 1000000 0.13
15 60 3 25119 1000000 0.13
16 61 3 25120 1000000 0.13
17 62 3 25121 1000000 0.13
18 63 3 25122 1000000 0.13
19 0 3 25123 1000000 0.13
20 1 3 25124 1000000 0.13
21 2 3 25125 1000000 0.13
22 3 3 25126 1000000 0.13
23 4 3 25127 1000000 0.13
24 5 3 25128 1000000 0.13
25 6 3 25129 1000000 0.13
26 7 3 25130 1000000 0.13
27 8 3 25131 1000000 0.13
28 9 3 25132 1000000 0.13
29 10 3 25133 1000000 0.13
30 11 3 25134 1000000 0.13
31 12 3 25135 1000000 0.13
32 13 3 25136 1000000 0.13
33 14 3 25137 1000000 0.13
34 15 3 25138 1000000 0.13
35 16 3 25139 1000000 0.13
36 17 3 25140 1000000 0.13
37 18 3 25141 1000000 0.13
38 19 3 25142 1000000 0.13
39 20 3 25143 1000000 0.13
40 21 3 25144 1000000 0.13
41 22 3 25145 1000000 0.13
42 23 3 25146 1000000 0.13
43 24 3 25147 1000000 0.13
44 25 3 25148 1000000 0.13
45 26 3 25149 1000000 0.13
46 27 3 25150 1000000 0.13
47 28 3 25151 1000000 0.13
48 29 3 25152 1000000 0.13
49 30 3 25153 1000000 0.13
50 31 3 25154 1000000 0.13
51 32 3 25155 1000000 0.13
52 33 3 25156 1000000 0.13
53 34 3 25157 1000000 0.13
54 35 3 25158 1000000 0.13
55 36 3 25159 1000000 0.13
56 37 3 25160 1000000 0.13
57 38 3 25161 1000000 0.13
58 39 3 25162 1000000 0.13
59 40 3 25163 1000000 0.13
60 41 3 25164 1000000 0.13
61 42 3 25165 1000000 0.13
62 43 3 25166 1000000 0.13
63 44 3 25167 1000000 0.13
0 46 3 25168 1000000 0.13
1 47 3 25169 1000000 0.13
2 48 3 25170 1000000 0.13
3 49 3 25171 1000000 0.13
4 50 3 25172 1000000 0.13
5 51 3 25173 1000000 0.13
6 52 3 25174 1000000 0.13
7 53 3 25175 1000000 0.13
8 54 3 25176 1000000 0.13
9 55 3 25177 1000000 0.13
10 56 3 25178 1000000 0.13
11 57 3 25179 1000000 0.13
12 58 3 25180 1000000 0.13
13 59 3 25181 1000000 0.13
14 60 3 25182 1000000 0.13
15 61 3 25183 1000000 0.13
16 62 3 25184 1000000 0.13
17 63 3 25185 1000000 0.13
18 0 3 25186 1000000 0.13
19 1 3 25187 1000000 0.13
20 2 3 25188 1000000 0.13
21 3 3 25189 1000000 0.13
22 4 3 25190 1000000 0.13
23 5 3 25191 1000000 0.13
24 6 3 25192 1000000 0.13
25 7 3 25193 1000000 0.13
26 8 3 25194 1000000 0.13
27 9 3 25195 1000000 0.13
28 10 3 25196 1000000 0.13
29 11 3 25197 1000000 0.13
30 12 3 25198 1000000 0.13
31 13 3 25199 1000000 0.13
32 14 3 25200 1000000 0.13
33 15 3 25201 1000000 0.13
34 16 3 25202 1000000 0.13
35 17 3 25203 1000000 0.13
36 18 3 25204 1000000 0.13
37 19 3 25205 1000000 0.13
38 20 3 25206 1000000 0.13
39 21 3 25207 1000000 0.13
40 22 3 25208 1000000 0.13
41 23 3 25209 1000000 0.13
42 24 3 25210 1000000 0.13
43 25 3 25211 1000000 0.13
44 26 3 25212 1000000 0.13
45 27 3 25213 1000000 0.13
46 28 3 25214 1000000 0.13
47 29 3 25215 1000000 0.13
48 30 3 25216 1000000 0.13
49 31 3 25217 1000000 0.13
50 32 3 25218 1000000 0.13
51 33 3 25219 1000000 0.13
52 34 3 25220 1000000 0.13
53 35 3 25221 1000000 0.13
54 36 3 25222 1000000 0.13
55 37 3 25223 1000000 0.13
56 38 3 25224 1000000 0.13
57 39 3 25225 1000000 0.13
58 40 3 25226 1000000 0.13
59 41 3 25227 1000000 0.13
60 42 3 25228 1000000 0.13
61 43 3 25229 1000000 0.13
62 44 3 25230 1000000 0.13
63 45 3 25231 1000000 0.13
0 47 3 25232 1000000 0.13
1 48 3 25233 1000000 0.13
2 49 3 25234 1000000 0.13
3 50 3 25235 1000000 0.13
4 51 3 25236 1000000 0.13
5 52 3 25237 1000000 0.13
6 53 3 25238 1000000 0.13
7 54 3 25239 1000000 0.13
8 55 3 25240 1000000 0.13
9 56 3 25241 1000000 0.13
10 57 3 25242 1000000 0.13
11 58 3 25243 1000000 0.13
12 59 3 25244 1000000 0.13
13 60 3 25245 1000000 0.13
14 61 3 25246 1000000 0.13
15 62 3 25247 1000000 0.13
16 63 3 25248 1000000 0.13
17 0 3 25249 1000000 0.13
18 1 3 25250 1000000 0.13
19 2 3 25251 1000000 0.13
20 3 3 25252 1000000 0.13
21 4 3 25253 1000000 0.13
22 5 3 25254 1000000 0.13
23 6 3 25255 1000000 0.13
24 7 3 25256 1000000 0.13
25 8 3 25257 1000000 0.13
26 9 3 25258 1000000 0.13
27 10 3 25259 1000000 0.13
28 11 3 25260 1000000 0.13
29 12 3 25261 1000000 0.13
30 13 3 25262 1000000 0.13
31 14 3 25263 1000000 0.13
32 15 3 25264 1000000 0.13
33 16 3 25265 1000000 0.13
34 17 3 25266 1000000 0.13
35 18 3 25267 1000000 0.13
36 19 3 25268 1000000 0.13
37 20 3 25269 1000000 0.13
38 21 3 25270 1000000 0.13
39 22 3 25271 1000000 0.13
40 23 3 25272 1000000 0.13
41 24 3 25273 1000000 0.13
42 25 3 25274 1000000 0.13
43 26 3 25275 1000000 0.13
44 27 3 25276 1000000 0.13
45 28 3 25277 1000000 0.13
46 29 3 25278 1000000 0.13
47 30 3 25279 1000000 0.13
48 31 3 25280 1000000 0.13
49 32 3 25281 1000000 0.13
50 33 3 25282 1000000 0.13
51 34 3 25283 1000000 0.13
52 35 3 25284 1000000 0.13
53 36 3 25285 1000000 0.13
54 37 3 25286 1000000 0.13
55 38 3 25287 1000000 0.13
56 39 3 25288 1000000 0.13
57 40 3 25289 1000000 0.13
58 41 3 25290 1000000 0.13
59 42 3 25291 1000000 0.13
60 43 3 25292 1000000 0.13
61 44 3 25293 1000000 0.13
62 45 3 25294 1000000 0.13
63 46 3 25295 1000000 0.13
0 48 3 25296 1000000 0.13
1 49 3 25297 1000000 0.13
2 50 3 25298 1000000 0.13
3 51 3 25299 1000000 0.13
4 52 3 25300 1000000 0.13
5 53 3 25301 1000000 0.13
6 54 3 25302 1000000 0.13
7 55 3 25303 1000000 0.13
8 56 3 25304 1000000 0.13
9 57 3 25305 1000000 0.13
10 58 3 25306 1000000 0.13
11 59 3 25307 1000000 0.13
12 60 3 25308 1000000 0.13
13 61 3 25309 1000000 0.13
14 62 3 25310 1000000 0.13
15 63 3 25311 1000000 0.13
16 0 3 25312 1000000 0.13
17 1 3 25313 1000000 0.13
18 2 3 25314 1000000 0.13
19 3 3 25315 1000000 0.13
20 4 3 25316 1000000 0.13
21 5 3 25317 1000000 0.13
22 6 3 25318 1000000 0.13
23 7 3 25319 1000000 0.13
24 8 3 25320 1000000 0.13
25 9 3 25321 1000000 0.13
26 10 3 25322 1000000 0.13
27 11 3 25323 1000000 0.13
28 12 3 25324 1000000 0.13
29 13 3 25325 1000000 0.13
30 14 3 25326 1000000 0.13
31 15 3 25327 1000000 0.13
32 16 3 25328 1000000 0.13
33 17 3 25329 1000000 0.13
34 18 3 25330 1000000 0.13
35 19 3 25331 1000000 0.13
36 20 3 25332 1000000 0.13
37 21 3 25333 1000000 0.13
38 22 3 25334 1000000 0.13
39 23 3 25335 1000000 0.13
40 24 3 25336 1000000 0.13
41 25 3 25337 1000000 0.13
42 26 3 25338 1000000 0.13
43 27 3 25339 1000000 0.13
44 28 3 25340 1000000 0.13
45 29 3 25341 1000000 0.13
46 30 3 25342 1000000 0.13
47 31 3 25343 1000000 0.13
48 32 3 25344 1000000 0.13
49 33 3 25345 1000000 0.13
50 34 3 25346 1000000 0.13
51 35 3 25347 1000000 0.13
52 36 3 25348 1000000 0.13
53 37 3 25349 1000000 0.13
54 38 3 25350 1000000 0.13
55 39 3 25351 1000000 0.13
56 40 3 25352 1000000 0.13
57 41 3 25353 1000000 0.13
58 42 3 25354 1000000 0.13
59 43 3 25355 1000000 0.13
60 44 3 25356 1000000 0.13
61 45 3 25357 1000000 0.13
62 46 3 25358 1000000 0.13
63 47 3 25359 1000000 0.13
0 49 3 25360 1000000 0.13
1 50 3 25361 1000000 0.13
2 51 3 25362 1000000 0.13
3 52 3 25363 1000000 0.13
4 53 3 25364 1000000 0.13
5 54 3 25365 1000000 0.13
6 55 3 25366 1000000 0.13
7 56 3 25367 1000000 0.13
8 57 3 25368 1000000 0.13
9 58 3 25369 1000000 0.13
10 59 3 25370 1000000 0.13
11 60 3 25371 1000000 0.13
12 61 3 25372 1000000 0.13
13 62 3 25373 1000000 0.13
14 63 3 25374 1000000 0.13
15 0 3 25375 1000000 0.13
16 1 3 25376 1000000 0.13
17 2 3 25377 1000000 0.13
18 3 3 25378 1000000 0.13
19 4 3 25379 1000000 0.13
20 5 3 25380 1000000 0.13
21 6 3 25381 1000000 0.13
22 7 3 25382 1000000 0.13
23 8 3 25383 1000000 0.13
24 9 3 25384 1000000 0.13
25 10 3 25385 1000000 0.13
26 11 3 25386 1000000 0.13
27 12 3 25387 1000000 0.13
28 13 3 25388 1000000 0.13
29 14 3 25389 1000000 0.13
30 15 3 25390 1000000 0.13
31 16 3 25391 1000000 0.13
32 17 3 25392 1000000 0.13
33 18 3 25393 1000000 0.13
34 19 3 25394 1000000 0.13
35 20 3 25395 1000000 0.13
36 21 3 25396 1000000 0.13
37 22 3 25397 1000000 0.13
38 23 3 25398 1000000 0.13
39 24 3 25399 1000000 0.13
40 25 3 25400 1000000 0.13
41 26 3 25401 1000000 0.13
42 27 3 25402 1000000 0.13
43 28 3 25403 1000000 0.13
44 29 3 25404 1000000 0.13
45 30 3 25405 1000000 0.13
46 31 3 25406 1000000 0.13
47 32 3 25407 1000000 0.13
48 33 3 25408 1000000 0.13
49 34 3 25409 1000000 0.13
50 35 3 25410 1000000 0.13
51 36 3 25411 1000000 0.13
52 37 3 25412 1000000 0.13
53 38 3 25413 1000000 0.13
54 39 3 25414 1000000 0.13
55 40 3 25415 1000000 0.13
56 41 3 25416 1000000 0.13
57 42 3 25417 1000000 0.13
58 43 3 25418 1000000 0.13
59 44 3 25419 1000000 0.13
60 45 3 25420 1000000 0.13
61 46 3 25421 1000000 0.13
62 47 3 25422 1000000 0.13
63 48 3 25423 1000000 0.13
0 50 3 25424 1000000 0.13
1 51 3 25425 1000000 0.13
2 52 3 25426 1000000 0.13
3 53 3 25427 1000000 0.13
4 54 3 25428 1000000 0.13
5 55 3 25429 1000000 0.13
6 56 3 25430 1000000 0.13
7 57 3 25431 1000000 0.13
8 58 3 25432 1000000 0.13
9 59 3 25433 1000000 0.13
10 60 3 25434 1000000 0.13
11 61 3 25435 1000000 0.13
12 62 3 25436 1000000 0.13
13 63 3 25437 1000000 0.13
14 0 3 25438 1000000 0.13
15 1 3 25439 1000000 0.13
16 2 3 25440 1000000 0.13
17 3 3 25441 1000000 0.13
18 4 3 25442 1000000 0.13
19 5 3 25443 1000000 0.13
20 6 3 25444 1000000 0.13
21 7 3 25445 1000000 0.13
22 8 3 25446 1000000 0.13
23 9 3 25447 1000000 0.13
24 10 3 25448 1000000 0.13
25 11 3 25449 1000000 0.13
26 12 3 25450 1000000 0.13
27 13 3 25451 1000000 0.13
28 14 3 25452 1000000 0.13
29 15 3 25453 1000000 0.13
30 16 3 25454 1000000 0.13
31 17 3 25455 1000000 0.13
32 18 3 25456 1000000 0.13
33 19 3 25457 1000000 0.13
34 20 3 25458 1000000 0.13
35 21 3 25459 1000000 0.13
36 22 3 25460 1000000 0.13
37 23 3 25461 1000000 0.13
38 24 3 25462 1000000 0.13
39 25 3 25463 1000000 0.13
40 26 3 25464 1000000 0.13
41 27 3 25465 1000000 0.13
42 28 3 25466 1000000 0.13
43 29 3 25467 1000000 0.13
44 30 3 25468 1000000 0.13
45 31 3 25469 1000000 0.13
46 32 3 25470 1000000 0.13
47 33 3 25471 1000000 0.13
48 34 3 25472 1000000 0.13
49 35 3 25473 1000000 0.13
50 36 3 25474 1000000 0.13
51 37 3 25475 1000000 0.13
52 38 3 25476 1000000 0.13
53 39 3 25477 1000000 0.13
54 40 3 25478 1000000 0.13
55 41 3 25479 1000000 0.13
56 42 3 25480 1000000 0.13
57 43 3 25481 1000000 0.13
58 44 3 25482 1000000 0.13
59 45 3 25483 1000000 0.13
60 46 3 25484 1000000 0.13
61 47 3 25485 1000000 0.13
62 48 3 25486 1000000 0.13
63 49 3 25487 1000000 0.13
0 51 3 25488 1000000 0.13
1 52 3 25489 1000000 0.13
2 53 3 25490 1000000 0.13
3 54 3 25491 1000000 0.13
4 55 3 25492 1000000 0.13
5 56 3 25493 1000000 0.13
6 57 3 25494 1000000 0.13
7 58 3 25495 1000000 0.13
8 59 3 25496 1000000 0.13
9 60 3 25497 1000000 0.13
10 61 3 25498 1000000 0.13
11 62 3 25499 1000000 0.13
12 63 3 25500 1000000 0.13
13 0 3 25501 1000000 0.13
14 1 3 25502 1000000 0.13
15 2 3 25503 1000000 0.13
16 3 3 25504 1000000 0.13
17 4 3 25505 1000000 0.13
18 5 3 25506 1000000 0.13
19 6 3 25507 1000000 0.13
20 7 3 25508 1000000 0.13
21 8 3 25509 1000000 0.13
22 9 3 25510 1000000 0.13
23 10 3 25511 1000000 0.13
24 11 3 25512 1000000 0.13
25 12 3 25513 1000000 0.13
26 13 3 25514 1000000 0.13
27 14 3 25515 1000000 0.13
28 15 3 25516 1000000 0.13
29 16 3 25517 1000000 0.13
30 17 3 25518 1000000 0.13
31 18 3 25519 1000000 0.13
32 19 3 25520 1000000 0.13
33 20 3 25521 1000000 0.13
34 21 3 25522 1000000 0.13
35 22 3 25523 1000000 0.13
36 23 3 25524 1000000 0.13
37 24 3 25525 1000000 0.13
38 25 3 25526 1000000 0.13
39 26 3 25527 1000000 0.13
40 27 3 25528 1000000 0.13
41 28 3 25529 1000000 0.13
42 29 3 25530 1000000 0.13
43 30 3 25531 1000000 0.13
44 31 3 25532 1000000 0.13
45 32 3 25533 1000000 0.13
46 33 3 25534 1000000 0.13
47 34 3 25535 1000000 0.13
48 35 3 25536 1000000 0.13
49 36 3 25537 1000000 0.13
50 37 3 25538 1000000 0.13
51 38 3 25539 1000000 0.13
52 39 3 25540 1000000 0.13
53 40 3 25541 1000000 0.13
54 41 3 25542 1000000 0.13
55 42 3 25543 1000000 0.13
56 43 3 25544 1000000 0.13
57 44 3 25545 1000000 0.13
58 45 3 25546 1000000 0.13
59 46 3 25547 1000000 0.13
60 47 3 25548 1000000 0.13
61 48 3 25549 1000000 0.13
62 49 3 25550 1000000 0.13
63 50 3 25551 1000000 0.13
0 52 3 25552 1000000 0.13
1 53 3 25553 1000000 0.13
2 54 3 25554 1000000 0.13
3 55 3 25555 1000000 0.13
4 56 3 25556 1000000 0.13
5 57 3 25557 1000000 0.13
6 58 3 25558 1000000 0.13
7 59 3 25559 1000000 0.13
8 60 3 25560 1000000 0.13
9 61 3 25561 1000000 0.13
10 62 3 25562 1000000 0.13
11 63 3 25563 1000000 0.13
12 0 3 25564 1000000 0.13
13 1 3 25565 1000000 0.13
14 2 3 25566 1000000 0.13
15 3 3 25567 1000000 0.13
16 4 3 25568 1000000 0.13
17 5 3 25569 1000000 0.13
18 6 3 25570 1000000 0.13
19 7 3 25571 1000000 0.13
20 8 3 25572 1000000 0.13
21 9 3 25573 1000000 0.13
22 10 3 25574 1000000 0.13
23 11 3 25575 1000000 0.13
24 12 3 25576 1000000 0.13
25 13 3 25577 1000000 0.13
26 14 3 25578 1000000 0.13
27 15 3 25579 1000000 0.13
28 16 3 25580 1000000 0.13
29 17 3 25581 1000000 0.13
30 18 3 25582 1000000 0.13
31 19 3 25583 1000000 0.13
32 20 3 25584 1000000 0.13
33 21 3 25585 1000000 0.13
34 22 3 25586 1000000 0.13
35 23 3 25587 1000000 0.13
36 24 3 25588 1000000 0.13
37 25 3 25589 1000000 0.13
38 26 3 25590 1000000 0.13
39 27 3 25591 1000000 0.13
40 28 3 25592 1000000 0.13
41 29 3 25593 1000000 0.13
42 30 3 25594 1000000 0.13
43 31 3 25595 1000000 0.13
44 32 3 25596 1000000 0.13
45 33 3 25597 1000000 0.13
46 34 3 25598 1000000 0.13
47 35 3 25599 1000000 0.13
48 36 3 25600 1000000 0.13
49 37 3 25601 1000000 0.13
50 38 3 25602 1000000 0.13
51 39 3 25603 1000000 0.13
52 40 3 25604 1000000 0.13
53 41 3 25605 1000000 0.13
54 42 3 25606 1000000 0.13
55 43 3 25607 1000000 0.13
56 44 3 25608 1000000 0.13
57 45 3 25609 1000000 0.13
58 46 3 25610 1000000 0.13
59 47 3 25611 1000000 0.13
60 48 3 25612 1000000 0.13
61 49 3 25613 1000000 0.13
62 50 3 25614 1000000 0.13
63 51 3 25615 1000000 0.13
0 53 3 25616 1000000 0.13
1 54 3 25617 1000000 0.13
2 55 3 25618 1000000 0.13
3 56 3 25619 1000000 0.13
4 57 3 25620 1000000 0.13
5 58 3 25621 1000000 0.13
6 59 3 25622 1000000 0.13
7 60 3 25623 1000000 0.13
8 61 3 25624 1000000 0.13
9 62 3 25625 1000000 0.13
10 63 3 25626 1000000 0.13
11 0 3 25627 1000000 0.13
12 1 3 25628 1000000 0.13
13 2 3 25629 1000000 0.13
14 3 3 25630 1000000 0.13
15 4 3 25631 1000000 0.13
16 5 3 25632 1000000 0.13
17 6 3 25633 1000000 0.13
18 7 3 25634 1000000 0.13
19 8 3 25635 1000000 0.13
20 9 3 25636 1000000 0.13
21 10 3 25637 1000000 0.13
22 11 3 25638 1000000 0.13
23 12 3 25639 1000000 0.13
24 13 3 25640 1000000 0.13
25 14 3 25641 1000000 0.13
26 15 3 25642 1000000 0.13
27 16 3 25643 1000000 0.13
28 17 3 25644 1000000 0.13
29 18 3 25645 1000000 0.13
30 19 3 25646 1000000 0.13
31 20 3 25647 1000000 0.13
32 21 3 25648 1000000 0.13
33 22 3 25649 1000000 0.13
34 23 3 25650 1000000 0.13
35 24 3 25651 1000000 0.13
36 25 3 25652 1000000 0.13
37 26 3 25653 1000000 0.13
38 27 3 25654 1000000 0.13
39 28 3 25655 1000000 0.13
40 29 3 25656 1000000 0.13
41 30 3 25657 1000000 0.13
42 31 3 25658 1000000 0.13
43 32 3 25659 1000000 0.13
44 33 3 25660 1000000 0.13
45 34 3 25661 1000000 0.13
46 35 3 25662 1000000 0.13
47 36 3 25663 1000000 0.13
48 37 3 25664 1000000 0.13
49 38 3 25665 1000000 0.13
50 39 3 25666 1000000 0.13
51 40 3 25667 1000000 0.13
52 41 3 25668 1000000 0.13
53 42 3 25669 1000000 0.13
54 43 3 25670 1000000 0.13
55 44 3 25671 1000000 0.13
56 45 3 25672 1000000 0.13
57 46 3 25673 1000000 0.13
58 47 3 25674 1000000 0.13
59 48 3 25675 1000000 0.13
60 49 3 25676 1000000 0.13
61 50 3 25677 1000000 0.13
62 51 3 25678 1000000 0.13
63 52 3 25679 1000000 0.13
0 54 3 25680 1000000 0.13
1 55 3 25681 1000000 0.13
2 56 3 25682 1000000 0.13
3 57 3 25683 1000000 0.13
4 58 3 25684 1000000 0.13
5 59 3 25685 1000000 0.13
6 60 3 25686 1000000 0.13
7 61 3 25687 1000000 0.13
8 62 3 25688 1000000 0.13
9 63 3 25689 1000000 0.13
10 0 3 25690 1000000 0.13
11 1 3 25691 1000000 0.13
12 2 3 25692 1000000 0.13
13 3 3 25693 1000000 0.13
14 4 3 25694 1000000 0.13
15 5 3 25695 1000000 0.13
16 6 3 25696 1000000 0.13
17 7 3 25697 1000000 0.13
18 8 3 25698 1000000 0.13
19 9 3 25699 1000000 0.13
20 10 3 25700 1000000 0.13
21 11 3 25701 1000000 0.13
22 12 3 25702 1000000 0.13
23 13 3 25703 1000000 0.13
24 14 3 25704 1000000 0.13
25 15 3 25705 1000000 0.13
26 16 3 25706 1000000 0.13
27 17 3 25707 1000000 0.13
28 18 3 25708 1000000 0.13
29 19 3 25709 1000000 0.13
30 20 3 25710 1000000 0.13
31 21 3 25711 1000000 0.13
32 22 3 25712 1000000 0.13
33 23 3 25713 1000000 0.13
34 24 3 25714 1000000 0.13
35 25 3 25715 1000000 0.13
36 26 3 25716 1000000 0.13
37 27 3 25717 1000000 0.13
38 28 3 25718 1000000 0.13
39 29 3 25719 1000000 0.13
40 30 3 25720 1000000 0.13
41 31 3 25721 1000000 0.13
42 32 3 25722 1000000 0.13
43 33 3 25723 1000000 0.13
44 34 3 25724 1000000 0.13
45 35 3 25725 1000000 0.13
46 36 3 25726 1000000 0.13
47 37 3 25727 1000000 0.13
48 38 3 25728 1000000 0.13
49 39 3 25729 1000000 0.13
50 40 3 25730 1000000 0.13
51 41 3 25731 1000000 0.13
52 42 3 25732 1000000 0.13
53 43 3 25733 1000000 0.13
54 44 3 25734 1000000 0.13
55 45 3 25735 1000000 0.13
56 46 3 25736 1000000 0.13
57 47 3 25737 1000000 0.13
58 48 3 25738 1000000 0.13
59 49 3 25739 1000000 0.13
60 50 3 25740 1000000 0.13
61 51 3 25741 1000000 0.13
62 52 3 25742 1000000 0.13
63 53 3 25743 1000000 0.13
0 55 3 25744 1000000 0.13
1 56 3 25745 1000000 0.13
2 57 3 25746 1000000 0.13
3 58 3 25747 1000000 0.13
4 59 3 25748 1000000 0.13
5 60 3 25749 1000000 0.13
6 61 3 25750 1000000 0.13
7 62 3 25751 1000000 0.13
8 63 3 25752 1000000 0.13
9 0 3 25753 1000000 0.13
10 1 3 25754 1000000 0.13
11 2 3 25755 1000000 0.13
12 3 3 25756 1000000 0.13
13 4 3 25757 1000000 0.13
14 5 3 25758 1000000 0.13
15 6 3 25759 1000000 0.13
16 7 3 25760 1000000 0.13
17 8 3 25761 1000000 0.13
18 9 3 25762 1000000 0.13
19 10 3 25763 1000000 0.13
20 11 3 25764 1000000 0.13
21 12 3 25765 1000000 0.13
22 13 3 25766 1000000 0.13
23 14 3 25767 1000000 0.13
24 15 3 25768 1000000 0.13
25 16 3 25769 1000000 0.13
26 17 3 25770 1000000 0.13
27 18 3 25771 1000000 0.13
28 19 3 25772 1000000 0.13
29 20 3 25773 1000000 0.13
30 21 3 25774 1000000 0.13
31 22 3 25775 1000000 0.13
32 23 3 25776 1000000 0.13
33 24 3 25777 1000000 0.13
34 25 3 25778 1000000 0.13
35 26 3 25779 1000000 0.13
36 27 3 25780 1000000 0.13
37 28 3 25781 1000000 0.13
38 29 3 25782 1000000 0.13
39 30 3 25783 1000000 0.13
40 31 3 25784 1000000 0.13
41 32 3 25785 1000000 0.13
42 33 3 25786 1000000 0.13
43 34 3 25787 1000000 0.13
44 35 3 25788 1000000 0.13
45 36 3 25789 1000000 0.13
46 37 3 25790 1000000 0.13
47 38 3 25791 1000000 0.13
48 39 3 25792 1000000 0.13
49 40 3 25793 1000000 0.13
50 41 3 25794 1000000 0.13
51 42 3 25795 1000000 0.13
52 43 3 25796 1000000 0.13
53 44 3 25797 1000000 0.13
54 45 3 25798 1000000 0.13
55 46 3 25799 1000000 0.13
56 47 3 25800 1000000 0.13
57 48 3 25801 1000000 0.13
58 49 3 25802 1000000 0.13
59 50 3 25803 1000000 0.13
60 51 3 25804 1000000 0.13
61 52 3 25805 1000000 0.13
62 53 3 25806 1000000 0.13
63 54 3 25807 1000000 0.13
0 56 3 25808 1000000 0.13
1 57 3 25809 1000000 0.13
2 58 3 25810 1000000 0.13
3 59 3 25811 1000000 0.13
4 60 3 25812 1000000 0.13
5 61 3 25813 1000000 0.13
6 62 3 25814 1000000 0.13
7 63 3 25815 1000000 0.13
8 0 3 25816 1000000 0.13
9 1 3 25817 1000000 0.13
10 2 3 25818 1000000 0.13
11 3 3 25819 1000000 0.13
12 4 3 25820 1000000 0.13
13 5 3 25821 1000000 0.13
14 6 3 25822 1000000 0.13
15 7 3 25823 1000000 0.13
16 8 3 25824 1000000 0.13
17 9 3 25825 1000000 0.13
18 10 3 25826 1000000 0.13
19 11 3 25827 1000000 0.13
20 12 3 25828 1000000 0.13
21 13 3 25829 1000000 0.13
22 14 3 25830 1000000 0.13
23 15 3 25831 1000000 0.13
24 16 3 25832 1000000 0.13
25 17 3 25833 1000000 0.13
26 18 3 25834 1000000 0.13
27 19 3 25835 1000000 0.13
28 20 3 25836 1000000 0.13
29 21 3 25837 1000000 0.13
30 22 3 25838 1000000 0.13
31 23 3 25839 1000000 0.13
32 24 3 25840 1000000 0.13
33 25 3 25841 1000000 0.13
34 26 3 25842 1000000 0.13
35 27 3 25843 1000000 0.13
36 28 3 25844 1000000 0.13
37 29 3 25845 1000000 0.13
38 30 3 25846 1000000 0.13
39 31 3 25847 1000000 0.13
40 32 3 25848 1000000 0.13
41 33 3 25849 1000000 0.13
42 34 3 25850 1000000 0.13
43 35 3 25851 1000000 0.13
44 36 3 25852 1000000 0.13
45 37 3 25853 1000000 0.13
46 38 3 25854 1000000 0.13
47 39 3 25855 1000000 0.13
48 40 3 25856 1000000 0.13
49 41 3 25857 1000000 0.13
50 42 3 25858 1000000 0.13
51 43 3 25859 1000000 0.13
52 44 3 25860 1000000 0.13
53 45 3 25861 1000000 0.13
54 46 3 25862 1000000 0.13
55 47 3 25863 1000000 0.13
56 48 3 25864 1000000 0.13
57 49 3 25865 1000000 0.13
58 50 3 25866 1000000 0.13
59 51 3 25867 1000000 0.13
60 52 3 25868 1000000 0.13
61 53 3 25869 1000000 0.13
62 54 3 25870 1000000 0.13
63 55 3 25871 1000000 0.13
0 57 3 25872 1000000 0.13
1 58 3 25873 1000000 0.13
2 59 3 25874 1000000 0.13
3 60 3 25875 1000000 0.13
4 61 3 25876 1000000 0.13
5 62 3 25877 1000000 0.13
6 63 3 25878 1000000 0.13
7 0 3 25879 1000000 0.13
8 1 3 25880 1000000 0.13
9 2 3 25881 1000000 0.13
10 3 3 25882 1000000 0.13
11 4 3 25883 1000000 0.13
12 5 3 25884 1000000 0.13
13 6 3 25885 1000000 0.13
14 7 3 25886 1000000 0.13
15 8 3 25887 1000000 0.13
16 9 3 25888 1000000 0.13
17 10 3 25889 1000000 0.13
18 11 3 25890 1000000 0.13
19 12 3 25891 1000000 0.13
20 13 3 25892 1000000 0.13
21 14 3 25893 1000000 0.13
22 15 3 25894 1000000 0.13
23 16 3 25895 1000000 0.13
24 17 3 25896 1000000 0.13
25 18 3 25897 1000000 0.13
26 19 3 25898 1000000 0.13
27 20 3 25899 1000000 0.13
28 21 3 25900 1000000 0.13
29 22 3 25901 1000000 0.13
30 23 3 25902 1000000 0.13
31 24 3 25903 1000000 0.13
32 25 3 25904 1000000 0.13
33 26 3 25905 1000000 0.13
34 27 3 25906 1000000 0.13
35 28 3 25907 1000000 0.13
36 29 3 25908 1000000 0.13
37 30 3 25909 1000000 0.13
38 31 3 25910 1000000 0.13
39 32 3 25911 1000000 0.13
40 33 3 25912 1000000 0.13
41 34 3 25913 1000000 0.13
42 35 3 25914 1000000 0.13
43 36 3 25915 1000000 0.13
44 37 3 25916 1000000 0.13
45 38 3 25917 1000000 0.13
46 39 3 25918 1000000 0.13
47 40 3 25919 1000000 0.13
48 41 3 25920 1000000 0.13
49 42 3 25921 1000000 0.13
50 43 3 25922 1000000 0.13
51 44 3 25923 1000000 0.13
52 45 3 25924 1000000 0.13
53 46 3 25925 1000000 0.13
54 47 3 25926 1000000 0.13
55 48 3 25927 1000000 0.13
56 49 3 25928 1000000 0.13
57 50 3 25929 1000000 0.13
58 51 3 25930 1000000 0.13
59 52 3 25931 1000000 0.13
60 53 3 25932 1000000 0.13
61 54 3 25933 1000000 0.13
62 55 3 25934 1000000 0.13
63 56 3 25935 1000000 0.13
0 58 3 25936 1000000 0.13
1 59 3 25937 1000000 0.13
2 60 3 25938 1000000 0.13
3 61 3 25939 1000000 0.13
4 62 3 25940 1000000 0.13
5 63 3 25941 1000000 0.13
6 0 3 25942 1000000 0.13
7 1 3 25943 1000000 0.13
8 2 3 25944 1000000 0.13
9 3 3 25945 1000000 0.13
10 4 3 25946 1000000 0.13
11 5 3 25947 1000000 0.13
12 6 3 25948 1000000 0.13
13 7 3 25949 1000000 0.13
14 8 3 25950 1000000 0.13
15 9 3 25951 1000000 0.13
16 10 3 25952 1000000 0.13
17 11 3 25953 1000000 0.13
18 12 3 25954 1000000 0.13
19 13 3 25955 1000000 0.13
20 14 3 25956 1000000 0.13
21 15 3 25957 1000000 0.13
22 16 3 25958 1000000 0.13
23 17 3 25959 1000000 0.13
24 18 3 25960 1000000 0.13
25 19 3 25961 1000000 0.13
26 20 3 25962 1000000 0.13
27 21 3 25963 1000000 0.13
28 22 3 25964 1000000 0.13
29 23 3 25965 1000000 0.13
30 24 3 25966 1000000 0.13
31 25 3 25967 1000000 0.13
32 26 3 25968 1000000 0.13
33 27 3 25969 1000000 0.13
34 28 3 25970 1000000 0.13
35 29 3 25971 1000000 0.13
36 30 3 25972 1000000 0.13
37 31 3 25973 1000000 0.13
38 32 3 25974 1000000 0.13
39 33 3 25975 1000000 0.13
40 34 3 25976 1000000 0.13
41 35 3 25977 1000000 0.13
42 36 3 25978 1000000 0.13
43 37 3 25979 1000000 0.13
44 38 3 25980 1000000 0.13
45 39 3 25981 1000000 0.13
46 40 3 25982 1000000 0.13
47 41 3 25983 1000000 0.13
48 42 3 25984 1000000 0.13
49 43 3 25985 1000000 0.13
50 44 3 25986 1000000 0.13
51 45 3 25987 1000000 0.13
52 46 3 25988 1000000 0.13
53 47 3 25989 1000000 0.13
54 48 3 25990 1000000 0.13
55 49 3 25991 1000000 0.13
56 50 3 25992 1000000 0.13
57 51 3 25993 1000000 0.13
58 52 3 25994 1000000 0.13
59 53 3 25995 1000000 0.13
60 54 3 25996 1000000 0.13
61 55 3 25997 1000000 0.13
62 56 3 25998 1000000 0.13
63 57 3 25999 1000000 0.13
0 59 3 26000 1000000 0.13
1 60 3 26001 1000000 0.13
2 61 3 26002 1000000 0.13
3 62 3 26003 1000000 0.13
4 63 3 26004 1000000 0.13
5 0 3 26005 1000000 0.13
6 1 3 26006 1000000 0.13
7 2 3 26007 1000000 0.13
8 3 3 26008 1000000 0.13
9 4 3 26009 1000000 0.13
10 5 3 26010 1000000 0.13
11 6 3 26011 1000000 0.13
12 7 3 26012 1000000 0.13
13 8 3 26013 1000000 0.13
14 9 3 26014 1000000 0.13
15 10 3 26015 1000000 0.13
16 11 3 26016 1000000 0.13
17 12 3 26017 1000000 0.13
18 13 3 26018 1000000 0.13
19 14 3 26019 1000000 0.13
20 15 3 26020 1000000 0.13
21 16 3 26021 1000000 0.13
22 17 3 26022 1000000 0.13
23 18 3 26023 1000000 0.13
24 19 3 26024 1000000 0.13
25 20 3 26025 1000000 0.13
26 21 3 26026 1000000 0.13
27 22 3 26027 1000000 0.13
28 23 3 26028 1000000 0.13
29 24 3 26029 1000000 0.13
30 25 3 26030 1000000 0.13
31 26 3 26031 1000000 0.13
32 27 3 26032 1000000 0.13
33 28 3 26033 1000000 0.13
34 29 3 26034 1000000 0.13
35 30 3 26035 1000000 0.13
36 31 3 26036 1000000 0.13
37 32 3 26037 1000000 0.13
38 33 3 26038 1000000 0.13
39 34 3 26039 1000000 0.13
40 35 3 26040 1000000 0.13
41 36 3 26041 1000000 0.13
42 37 3 26042 1000000 0.13
43 38 3 26043 1000000 0.13
44 39 3 26044 1000000 0.13
45 40 3 26045 1000000 0.13
46 41 3 26046 1000000 0.13
47 42 3 26047 1000000 0.13
48 43 3 26048 1000000 0.13
49 44 3 26049 1000000 0.13
50 45 3 26050 1000000 0.13
51 46 3 26051 1000000 0.13
52 47 3 26052 1000000 0.13
53 48 3 26053 1000000 0.13
54 49 3 26054 1000000 0.13
55 50 3 26055 1000000 0.13
56 51 3 26056 1000000 0.13
57 52 3 26057 1000000 0.13
58 53 3 26058 1000000 0.13
59 54 3 26059 1000000 0.13
60 55 3 26060 1000000 0.13
61 56 3 26061 1000000 0.13
62 57 3 26062 1000000 0.13
63 58 3 26063 1000000 0.13
0 60 3 26064 1000000 0.13
1 61 3 26065 1000000 0.13
2 62 3 26066 1000000 0.13
3 63 3 26067 1000000 0.13
4 0 3 26068 1000000 0.13
5 1 3 26069 1000000 0.13
6 2 3 26070 1000000 0.13
7 3 3 26071 1000000 0.13
8 4 3 26072 1000000 0.13
9 5 3 26073 1000000 0.13
10 6 3 26074 1000000 0.13
11 7 3 26075 1000000 0.13
12 8 3 26076 1000000 0.13
13 9 3 26077 1000000 0.13
14 10 3 26078 1000000 0.13
15 11 3 26079 1000000 0.13
16 12 3 26080 1000000 0.13
17 13 3 26081 1000000 0.13
18 14 3 26082 1000000 0.13
19 15 3 26083 1000000 0.13
20 16 3 26084 1000000 0.13
21 17 3 26085 1000000 0.13
22 18 3 26086 1000000 0.13
23 19 3 26087 1000000 0.13
24 20 3 26088 1000000 0.13
25 21 3 26089 1000000 0.13
26 22 3 26090 1000000 0.13
27 23 3 26091 1000000 0.13
28 24 3 26092 1000000 0.13
29 25 3 26093 1000000 0.13
30 26 3 26094 1000000 0.13
31 27 3 26095 1000000 0.13
32 28 3 26096 1000000 0.13
33 29 3 26097 1000000 0.13
34 30 3 26098 1000000 0.13
35 31 3 26099 1000000 0.13
36 32 3 26100 1000000 0.13
37 33 3 26101 1000000 0.13
38 34 3 26102 1000000 0.13
39 35 3 26103 1000000 0.13
40 36 3 26104 1000000 0.13
41 37 3 26105 1000000 0.13
42 38 3 26106 1000000 0.13
43 39 3 26107 1000000 0.13
44 40 3 26108 1000000 0.13
45 41 3 26109 1000000 0.13
46 42 3 26110 1000000 0.13
47 43 3 26111 1000000 0.13
48 44 3 26112 1000000 0.13
49 45 3 26113 1000000 0.13
50 46 3 26114 1000000 0.13
51 47 3 26115 1000000 0.13
52 48 3 26116 1000000 0.13
53 49 3 26117 1000000 0.13
54 50 3 26118 1000000 0.13
55 51 3 26119 1000000 0.13
56 52 3 26120 1000000 0.13
57 53 3 26121 1000000 0.13
58 54 3 26122 1000000 0.13
59 55 3 26123 1000000 0.13
60 56 3 26124 1000000 0.13
61 57 3 26125 1000000 0.13
62 58 3 26126 1000000 0.13
63 59 3 26127 1000000 0.13
0 61 3 26128 1000000 0.13
1 62 3 26129 1000000 0.13
2 63 3 26130 1000000 0.13
3 0 3 26131 1000000 0.13
4 1 3 26132 1000000 0.13
5 2 3 26133 1000000 0.13
6 3 3 26134 1000000 0.13
7 4 3 26135 1000000 0.13
8 5 3 26136 1000000 0.13
9 6 3 26137 1000000 0.13
10 7 3 26138 1000000 0.13
11 8 3 26139 1000000 0.13
12 9 3 26140 1000000 0.13
13 10 3 26141 1000000 0.13
14 11 3 26142 1000000 0.13
15 12 3 26143 1000000 0.13
16 13 3 26144 1000000 0.13
17 14 3 26145 1000000 0.13
18 15 3 26146 1000000 0.13
19 16 3 26147 1000000 0.13
20 17 3 26148 1000000 0.13
21 18 3 26149 1000000 0.13
22 19 3 26150 1000000 0.13
23 20 3 26151 1000000 0.13
24 21 3 26152 1000000 0.13
25 22 3 26153 1000000 0.13
26 23 3 26154 1000000 0.13
27 24 3 26155 1000000 0.13
28 25 3 26156 1000000 0.13
29 26 3 26157 1000000 0.13
30 27 3 26158 1000000 0.13
31 28 3 26159 1000000 0.13
32 29 3 26160 1000000 0.13
33 30 3 26161 1000000 0.13
34 31 3 26162 1000000 0.13
35 32 3 26163 1000000 0.13
36 33 3 26164 1000000 0.13
37 34 3 26165 1000000 0.13
38 35 3 26166 1000000 0.13
39 36 3 26167 1000000 0.13
40 37 3 26168 1000000 0.13
41 38 3 26169 1000000 0.13
42 39 3 26170 1000000 0.13
43 40 3 26171 1000000 0.13
44 41 3 26172 1000000 0.13
45 42 3 26173 1000000 0.13
46 43 3 26174 1000000 0.13
47 44 3 26175 1000000 0.13
48 45 3 26176 1000000 0.13
49 46 3 26177 1000000 0.13
50 47 3 26178 1000000 0.13
51 48 3 26179 1000000 0.13
52 49 3 26180 1000000 0.13
53 50 3 26181 1000000 0.13
54 51 3 26182 1000000 0.13
55 52 3 26183 1000000 0.13
56 53 3 26184 1000000 0.13
57 54 3 26185 1000000 0.13
58 55 3 26186 1000000 0.13
59 56 3 26187 1000000 0.13
60 57 3 26188 1000000 0.13
61 58 3 26189 1000000 0.13
62 59 3 26190 1000000 0.13
63 60 3 26191 1000000 0.13
0 62 3 26192 1000000 0.13
1 63 3 26193 1000000 0.13
2 0 3 26194 1000000 0.13
3 1 3 26195 1000000 0.13
4 2 3 26196 1000000 0.13
5 3 3 26197 1000000 0.13
6 4 3 26198 1000000 0.13
7 5 3 26199 1000000 0.13
8 6 3 26200 1000000 0.13
9 7 3 26201 1000000 0.13
10 8 3 26202 1000000 0.13
11 9 3 26203 1000000 0.13
12 10 3 26204 1000000 0.13
13 11 3 26205 1000000 0.13
14 12 3 26206 1000000 0.13
15 13 3 26207 1000000 0.13
16 14 3 26208 1000000 0.13
17 15 3 26209 1000000 0.13
18 16 3 26210 1000000 0.13
19 17 3 26211 1000000 0.13
20 18 3 26212 1000000 0.13
21 19 3 26213 1000000 0.13
22 20 3 26214 1000000 0.13
23 21 3 26215 1000000 0.13
24 22 3 26216 1000000 0.13
25 23 3 26217 1000000 0.13
26 24 3 26218 1000000 0.13
27 25 3 26219 1000000 0.13
28 26 3 26220 1000000 0.13
29 27 3 26221 1000000 0.13
30 28 3 26222 1000000 0.13
31 29 3 26223 1000000 0.13
32 30 3 26224 1000000 0.13
33 31 3 26225 1000000 0.13
34 32 3 26226 1000000 0.13
35 33 3 26227 1000000 0.13
36 34 3 26228 1000000 0.13
37 35 3 26229 1000000 0.13
38 36 3 26230 1000000 0.13
39 37 3 26231 1000000 0.13
40 38 3 26232 1000000 0.13
41 39 3 26233 1000000 0.13
42 40 3 26234 1000000 0.13
43 41 3 26235 1000000 0.13
44 42 3 26236 1000000 0.13
45 43 3 26237 1000000 0.13
46 44 3 26238 1000000 0.13
47 45 3 26239 1000000 0.13
48 46 3 26240 1000000 0.13
49 47 3 26241 1000000 0.13
50 48 3 26242 1000000 0.13
51 49 3 26243 1000000 0.13
52 50 3 26244 1000000 0.13
53 51 3 26245 1000000 0.13
54 52 3 26246 1000000 0.13
55 53 3 26247 1000000 0.13
56 54 3 26248 1000000 0.13
57 55 3 26249 1000000 0.13
58 56 3 26250 1000000 0.13
59 57 3 26251 1000000 0.13
60 58 3 26252 1000000 0.13
61 59 3 26253 1000000 0.13
62 60 3 26254 1000000 0.13
63 61 3 26255 1000000 0.13
0 63 3 26256 1000000 0.13
1 0 3 26257 1000000 0.13
2 1 3 26258 1000000 0.13
3 2 3 26259 1000000 0.13
4 3 3 26260 1000000 0.13
5 4 3 26261 1000000 0.13
6 5 3 26262 1000000 0.13
7 6 3 26263 1000000 0.13
8 7 3 26264 1000000 0.13
9 8 3 26265 1000000 0.13
10 9 3 26266 1000000 0.13
11 10 3 26267 1000000 0.13
12 11 3 26268 1000000 0.13
13 12 3 26269 1000000 0.13
14 13 3 26270 1000000 0.13
15 14 3 26271 1000000 0.13
16 15 3 26272 1000000 0.13
17 16 3 26273 1000000 0.13
18 17 3 26274 1000000 0.13
19 18 3 26275 1000000 0.13
20 19 3 26276 1000000 0.13
21 20 3 26277 1000000 0.13
22 21 3 26278 1000000 0.13
23 22 3 26279 1000000 0.13
24 23 3 26280 1000000 0.13
25 24 3 26281 1000000 0.13
26 25 3 26282 1000000 0.13
27 26 3 26283 1000000 0.13
28 27 3 26284 1000000 0.13
29 28 3 26285 1000000 0.13
30 29 3 26286 1000000 0.13
31 30 3 26287 1000000 0.13
32 31 3 26288 1000000 0.13
33 32 3 26289 1000000 0.13
34 33 3 26290 1000000 0.13
35 34 3 26291 1000000 0.13
36 35 3 26292 1000000 0.13
37 36 3 26293 1000000 0.13
38 37 3 26294 1000000 0.13
39 38 3 26295 1000000 0.13
40 39 3 26296 1000000 0.13
41 40 3 26297 1000000 0.13
42 41 3 26298 1000000 0.13
43 42 3 26299 1000000 0.13
44 43 3 26300 1000000 0.13
45 44 3 26301 1000000 0.13
46 45 3 26302 1000000 0.13
47 46 3 26303 1000000 0.13
48 47 3 26304 1000000 0.13
49 48 3 26305 1000000 0.13
50 49 3 26306 1000000 0.13
51 50 3 26307 1000000 0.13
52 51 3 26308 1000000 0.13
53 52 3 26309 1000000 0.13
54 53 3 26310 1000000 0.13
55 54 3 26311 1000000 0.13
56 55 3 26312 1000000 0.13
57 56 3 26313 1000000 0.13
58 57 3 26314 1000000 0.13
59 58 3 26315 1000000 0.13
60 59 3 26316 1000000 0.13
61 60 3 26317 1000000 0.13
62 61 3 26318 1000000 0.13
63 62 3 26319 1000000 0.13
0 1 3 26320 1000000 0.13
1 2 3 26321 1000000 0.13
2 3 3 26322 1000000 0.13
3 4 3 26323 1000000 0.13
4 5 3 26324 1000000 0.13
5 6 3 26325 1000000 0.13
6 7 3 26326 1000000 0.13
7 8 3 26327 1000000 0.13
8 9 3 26328 1000000 0.13
9 10 3 26329 1000000 0.13
10 11 3 26330 1000000 0.13
11 12 3 26331 1000000 0.13
12 13 3 26332 1000000 0.13
13 14 3 26333 1000000 0.13
14 15 3 26334 1000000 0.13
15 16 3 26335 1000000 0.13
16 17 3 26336 1000000 0.13
17 18 3 26337 1000000 0.13
18 19 3 26338 1000000 0.13
19 20 3 26339 1000000 0.13
20 21 3 26340 1000000 0.13
21 22 3 26341 1000000 0.13
22 23 3 26342 1000000 0.13
23 24 3 26343 1000000 0.13
24 25 3 26344 1000000 0.13
25 26 3 26345 1000000 0.13
26 27 3 26346 1000000 0.13
27 28 3 26347 1000000 0.13
28 29 3 26348 1000000 0.13
29 30 3 26349 1000000 0.13
30 31 3 26350 1000000 0.13
31 32 3 26351 1000000 0.13
32 33 3 26352 1000000 0.13
33 34 3 26353 1000000 0.13
34 35 3 26354 1000000 0.13
35 36 3 26355 1000000 0.13
36 37 3 26356 1000000 0.13
37 38 3 26357 1000000 0.13
38 39 3 26358 1000000 0.13
39 40 3 26359 1000000 0.13
40 41 3 26360 1000000 0.13
41 42 3 26361 1000000 0.13
42 43 3 26362 1000000 0.13
43 44 3 26363 1000000 0.13
44 45 3 26364 1000000 0.13
45 46 3 26365 1000000 0.13
46 47 3 26366 1000000 0.13
47 48 3 26367 1000000 0.13
48 49 3 26368 1000000 0.13
49 50 3 26369 1000000 0.13
50 51 3 26370 1000000 0.13
51 52 3 26371 1000000 0.13
52 53 3 26372 1000000 0.13
53 54 3 26373 1000000 0.13
54 55 3 26374 1000000 0.13
55 56 3 26375 1000000 0.13
56 57 3 26376 1000000 0.13
57 58 3 26377 1000000 0.13
58 59 3 26378 1000000 0.13
59 60 3 26379 1000000 0.13
60 61 3 26380 1000000 0.13
61 62 3 26381 1000000 0.13
62 63 3 26382 1000000 0.13
63 0 3 26383 1000000 0.13
