4096
0 1 3 10000 1000000 0.130000000
1 2 3 10001 1000000 0.130000000
2 3 3 10002 1000000 0.130000000
3 4 3 10003 1000000 0.130000000
4 5 3 10004 1000000 0.130000000
5 6 3 10005 1000000 0.130000000
6 7 3 10006 1000000 0.130000000
7 8 3 10007 1000000 0.130000000
8 9 3 10008 1000000 0.130000000
9 10 3 10009 1000000 0.130000000
10 11 3 10010 1000000 0.130000000
11 12 3 10011 1000000 0.130000000
12 13 3 10012 1000000 0.130000000
13 14 3 10013 1000000 0.130000000
14 15 3 10014 1000000 0.130000000
15 16 3 10015 1000000 0.130000000
16 17 3 10016 1000000 0.130000000
17 18 3 10017 1000000 0.130000000
18 19 3 10018 1000000 0.130000000
19 20 3 10019 1000000 0.130000000
20 21 3 10020 1000000 0.130000000
21 22 3 10021 1000000 0.130000000
22 23 3 10022 1000000 0.130000000
23 24 3 10023 1000000 0.130000000
24 25 3 10024 1000000 0.130000000
25 26 3 10025 1000000 0.130000000
26 27 3 10026 1000000 0.130000000
27 28 3 10027 1000000 0.130000000
28 29 3 10028 1000000 0.130000000
29 30 3 10029 1000000 0.130000000
30 31 3 10030 1000000 0.130000000
31 32 3 10031 1000000 0.130000000
32 33 3 10032 1000000 0.130000000
33 34 3 10033 1000000 0.130000000
34 35 3 10034 1000000 0.130000000
35 36 3 10035 1000000 0.130000000
36 37 3 10036 1000000 0.130000000
37 38 3 10037 1000000 0.130000000
38 39 3 10038 1000000 0.130000000
39 40 3 10039 1000000 0.130000000
40 41 3 10040 1000000 0.130000000
41 42 3 10041 1000000 0.130000000
42 43 3 10042 1000000 0.130000000
43 44 3 10043 1000000 0.130000000
44 45 3 10044 1000000 0.130000000
45 46 3 10045 1000000 0.130000000
46 47 3 10046 1000000 0.130000000
47 48 3 10047 1000000 0.130000000
48 49 3 10048 1000000 0.130000000
49 50 3 10049 1000000 0.130000000
50 51 3 10050 1000000 0.130000000
51 52 3 10051 1000000 0.130000000
52 53 3 10052 1000000 0.130000000
53 54 3 10053 1000000 0.130000000
54 55 3 10054 1000000 0.130000000
55 56 3 10055 1000000 0.130000000
56 57 3 10056 1000000 0.130000000
57 58 3 10057 1000000 0.130000000
58 59 3 10058 1000000 0.130000000
59 60 3 10059 1000000 0.130000000
60 61 3 10060 1000000 0.130000000
61 62 3 10061 1000000 0.130000000
62 63 3 10062 1000000 0.130000000
63 0 3 10063 1000000 0.130000000
0 2 3 10064 1000000 0.130000000
1 3 3 10065 1000000 0.130000000
2 4 3 10066 1000000 0.130000000
3 5 3 10067 1000000 0.130000000
4 6 3 10068 1000000 0.130000000
5 7 3 10069 1000000 0.130000000
6 8 3 10070 1000000 0.130000000
7 9 3 10071 1000000 0.130000000
8 10 3 10072 1000000 0.130000000
9 11 3 10073 1000000 0.130000000
10 12 3 10074 1000000 0.130000000
11 13 3 10075 1000000 0.130000000
12 14 3 10076 1000000 0.130000000
13 15 3 10077 1000000 0.130000000
14 16 3 10078 1000000 0.130000000
15 17 3 10079 1000000 0.130000000
16 18 3 10080 1000000 0.130000000
17 19 3 10081 1000000 0.130000000
18 20 3 10082 1000000 0.130000000
19 21 3 10083 1000000 0.130000000
20 22 3 10084 1000000 0.130000000
21 23 3 10085 1000000 0.130000000
22 24 3 10086 1000000 0.130000000
23 25 3 10087 1000000 0.130000000
24 26 3 10088 1000000 0.130000000
25 27 3 10089 1000000 0.130000000
26 28 3 10090 1000000 0.130000000
27 29 3 10091 1000000 0.130000000
28 30 3 10092 1000000 0.130000000
29 31 3 10093 1000000 0.130000000
30 32 3 10094 1000000 0.130000000
31 33 3 10095 1000000 0.130000000
32 34 3 10096 1000000 0.130000000
33 35 3 10097 1000000 0.130000000
34 36 3 10098 1000000 0.130000000
35 37 3 10099 1000000 0.130000000
36 38 3 10100 1000000 0.130000000
37 39 3 10101 1000000 0.130000000
38 40 3 10102 1000000 0.130000000
39 41 3 10103 1000000 0.130000000
40 42 3 10104 1000000 0.130000000
41 43 3 10105 1000000 0.130000000
42 44 3 10106 1000000 0.130000000
43 45 3 10107 1000000 0.130000000
44 46 3 10108 1000000 0.130000000
45 47 3 10109 1000000 0.130000000
46 48 3 10110 1000000 0.130000000
47 49 3 10111 1000000 0.130000000
48 50 3 10112 1000000 0.130000000
49 51 3 10113 1000000 0.130000000
50 52 3 10114 1000000 0.130000000
51 53 3 10115 1000000 0.130000000
52 54 3 10116 1000000 0.130000000
53 55 3 10117 1000000 0.130000000
54 56 3 10118 1000000 0.130000000
55 57 3 10119 1000000 0.130000000
56 58 3 10120 1000000 0.130000000
57 59 3 10121 1000000 0.130000000
58 60 3 10122 1000000 0.130000000
59 61 3 10123 1000000 0.130000000
60 62 3 10124 1000000 0.130000000
61 63 3 10125 1000000 0.130000000
62 0 3 10126 1000000 0.130000000
63 1 3 10127 1000000 0.130000000
0 3 3 10128 1000000 0.130000000
1 4 3 10129 1000000 0.130000000
2 5 3 10130 1000000 0.130000000
3 6 3 10131 1000000 0.130000000
4 7 3 10132 1000000 0.130000000
5 8 3 10133 1000000 0.130000000
6 9 3 10134 1000000 0.130000000
7 10 3 10135 1000000 0.130000000
8 11 3 10136 1000000 0.130000000
9 12 3 10137 1000000 0.130000000
10 13 3 10138 1000000 0.130000000
11 14 3 10139 1000000 0.130000000
12 15 3 10140 1000000 0.130000000
13 16 3 10141 1000000 0.130000000
14 17 3 10142 1000000 0.130000000
15 18 3 10143 1000000 0.130000000
16 19 3 10144 1000000 0.130000000
17 20 3 10145 1000000 0.130000000
18 21 3 10146 1000000 0.130000000
19 22 3 10147 1000000 0.130000000
20 23 3 10148 1000000 0.130000000
21 24 3 10149 1000000 0.130000000
22 25 3 10150 1000000 0.130000000
23 26 3 10151 1000000 0.130000000
24 27 3 10152 1000000 0.130000000
25 28 3 10153 1000000 0.130000000
26 29 3 10154 1000000 0.130000000
27 30 3 10155 1000000 0.130000000
28 31 3 10156 1000000 0.130000000
29 32 3 10157 1000000 0.130000000
30 33 3 10158 1000000 0.130000000
31 34 3 10159 1000000 0.130000000
32 35 3 10160 1000000 0.130000000
33 36 3 10161 1000000 0.130000000
34 37 3 10162 1000000 0.130000000
35 38 3 10163 1000000 0.130000000
36 39 3 10164 1000000 0.130000000
37 40 3 10165 1000000 0.130000000
38 41 3 10166 1000000 0.130000000
39 42 3 10167 1000000 0.130000000
40 43 3 10168 1000000 0.130000000
41 44 3 10169 1000000 0.130000000
42 45 3 10170 1000000 0.130000000
43 46 3 10171 1000000 0.130000000
44 47 3 10172 1000000 0.130000000
45 48 3 10173 1000000 0.130000000
46 49 3 10174 1000000 0.130000000
47 50 3 10175 1000000 0.130000000
48 51 3 10176 1000000 0.130000000
49 52 3 10177 1000000 0.130000000
50 53 3 10178 1000000 0.130000000
51 54 3 10179 1000000 0.130000000
52 55 3 10180 1000000 0.130000000
53 56 3 10181 1000000 0.130000000
54 57 3 10182 1000000 0.130000000
55 58 3 10183 1000000 0.130000000
56 59 3 10184 1000000 0.130000000
57 60 3 10185 1000000 0.130000000
58 61 3 10186 1000000 0.130000000
59 62 3 10187 1000000 0.130000000
60 63 3 10188 1000000 0.130000000
61 0 3 10189 1000000 0.130000000
62 1 3 10190 1000000 0.130000000
63 2 3 10191 1000000 0.130000000
0 4 3 10192 1000000 0.130000000
1 5 3 10193 1000000 0.130000000
2 6 3 10194 1000000 0.130000000
3 7 3 10195 1000000 0.130000000
4 8 3 10196 1000000 0.130000000
5 9 3 10197 1000000 0.130000000
6 10 3 10198 1000000 0.130000000
7 11 3 10199 1000000 0.130000000
8 12 3 10200 1000000 0.130000000
9 13 3 10201 1000000 0.130000000
10 14 3 10202 1000000 0.130000000
11 15 3 10203 1000000 0.130000000
12 16 3 10204 1000000 0.130000000
13 17 3 10205 1000000 0.130000000
14 18 3 10206 1000000 0.130000000
15 19 3 10207 1000000 0.130000000
16 20 3 10208 1000000 0.130000000
17 21 3 10209 1000000 0.130000000
18 22 3 10210 1000000 0.130000000
19 23 3 10211 1000000 0.130000000
20 24 3 10212 1000000 0.130000000
21 25 3 10213 1000000 0.130000000
22 26 3 10214 1000000 0.130000000
23 27 3 10215 1000000 0.130000000
24 28 3 10216 1000000 0.130000000
25 29 3 10217 1000000 0.130000000
26 30 3 10218 1000000 0.130000000
27 31 3 10219 1000000 0.130000000
28 32 3 10220 1000000 0.130000000
29 33 3 10221 1000000 0.130000000
30 34 3 10222 1000000 0.130000000
31 35 3 10223 1000000 0.130000000
32 36 3 10224 1000000 0.130000000
33 37 3 10225 1000000 0.130000000
34 38 3 10226 1000000 0.130000000
35 39 3 10227 1000000 0.130000000
36 40 3 10228 1000000 0.130000000
37 41 3 10229 1000000 0.130000000
38 42 3 10230 1000000 0.130000000
39 43 3 10231 1000000 0.130000000
40 44 3 10232 1000000 0.130000000
41 45 3 10233 1000000 0.130000000
42 46 3 10234 1000000 0.130000000
43 47 3 10235 1000000 0.130000000
44 48 3 10236 1000000 0.130000000
45 49 3 10237 1000000 0.130000000
46 50 3 10238 1000000 0.130000000
47 51 3 10239 1000000 0.130000000
48 52 3 10240 1000000 0.130000000
49 53 3 10241 1000000 0.130000000
50 54 3 10242 1000000 0.130000000
51 55 3 10243 1000000 0.130000000
52 56 3 10244 1000000 0.130000000
53 57 3 10245 1000000 0.130000000
54 58 3 10246 1000000 0.130000000
55 59 3 10247 1000000 0.130000000
56 60 3 10248 1000000 0.130000000
57 61 3 10249 1000000 0.130000000
58 62 3 10250 1000000 0.130000000
59 63 3 10251 1000000 0.130000000
60 0 3 10252 1000000 0.130000000
61 1 3 10253 1000000 0.130000000
62 2 3 10254 1000000 0.130000000
63 3 3 10255 1000000 0.130000000
0 5 3 10256 1000000 0.130000000
1 6 3 10257 1000000 0.130000000
2 7 3 10258 1000000 0.130000000
3 8 3 10259 1000000 0.130000000
4 9 3 10260 1000000 0.130000000
5 10 3 10261 1000000 0.130000000
6 11 3 10262 1000000 0.130000000
7 12 3 10263 1000000 0.130000000
8 13 3 10264 1000000 0.130000000
9 14 3 10265 1000000 0.130000000
10 15 3 10266 1000000 0.130000000
11 16 3 10267 1000000 0.130000000
12 17 3 10268 1000000 0.130000000
13 18 3 10269 1000000 0.130000000
14 19 3 10270 1000000 0.130000000
15 20 3 10271 1000000 0.130000000
16 21 3 10272 1000000 0.130000000
17 22 3 10273 1000000 0.130000000
18 23 3 10274 1000000 0.130000000
19 24 3 10275 1000000 0.130000000
20 25 3 10276 1000000 0.130000000
21 26 3 10277 1000000 0.130000000
22 27 3 10278 1000000 0.130000000
23 28 3 10279 1000000 0.130000000
24 29 3 10280 1000000 0.130000000
25 30 3 10281 1000000 0.130000000
26 31 3 10282 1000000 0.130000000
27 32 3 10283 1000000 0.130000000
28 33 3 10284 1000000 0.130000000
29 34 3 10285 1000000 0.130000000
30 35 3 10286 1000000 0.130000000
31 36 3 10287 1000000 0.130000000
32 37 3 10288 1000000 0.130000000
33 38 3 10289 1000000 0.130000000
34 39 3 10290 1000000 0.130000000
35 40 3 10291 1000000 0.130000000
36 41 3 10292 1000000 0.130000000
37 42 3 10293 1000000 0.130000000
38 43 3 10294 1000000 0.130000000
39 44 3 10295 1000000 0.130000000
40 45 3 10296 1000000 0.130000000
41 46 3 10297 1000000 0.130000000
42 47 3 10298 1000000 0.130000000
43 48 3 10299 1000000 0.130000000
44 49 3 10300 1000000 0.130000000
45 50 3 10301 1000000 0.130000000
46 51 3 10302 1000000 0.130000000
47 52 3 10303 1000000 0.130000000
48 53 3 10304 1000000 0.130000000
49 54 3 10305 1000000 0.130000000
50 55 3 10306 1000000 0.130000000
51 56 3 10307 1000000 0.130000000
52 57 3 10308 1000000 0.130000000
53 58 3 10309 1000000 0.130000000
54 59 3 10310 1000000 0.130000000
55 60 3 10311 1000000 0.130000000
56 61 3 10312 1000000 0.130000000
57 62 3 10313 1000000 0.130000000
58 63 3 10314 1000000 0.130000000
59 0 3 10315 1000000 0.130000000
60 1 3 10316 1000000 0.130000000
61 2 3 10317 1000000 0.130000000
62 3 3 10318 1000000 0.130000000
63 4 3 10319 1000000 0.130000000
0 6 3 10320 1000000 0.130000000
1 7 3 10321 1000000 0.130000000
2 8 3 10322 1000000 0.130000000
3 9 3 10323 1000000 0.130000000
4 10 3 10324 1000000 0.130000000
5 11 3 10325 1000000 0.130000000
6 12 3 10326 1000000 0.130000000
7 13 3 10327 1000000 0.130000000
8 14 3 10328 1000000 0.130000000
9 15 3 10329 1000000 0.130000000
10 16 3 10330 1000000 0.130000000
11 17 3 10331 1000000 0.130000000
12 18 3 10332 1000000 0.130000000
13 19 3 10333 1000000 0.130000000
14 20 3 10334 1000000 0.130000000
15 21 3 10335 1000000 0.130000000
16 22 3 10336 1000000 0.130000000
17 23 3 10337 1000000 0.130000000
18 24 3 10338 1000000 0.130000000
19 25 3 10339 1000000 0.130000000
20 26 3 10340 1000000 0.130000000
21 27 3 10341 1000000 0.130000000
22 28 3 10342 1000000 0.130000000
23 29 3 10343 1000000 0.130000000
24 30 3 10344 1000000 0.130000000
25 31 3 10345 1000000 0.130000000
26 32 3 10346 1000000 0.130000000
27 33 3 10347 1000000 0.130000000
28 34 3 10348 1000000 0.130000000
29 35 3 10349 1000000 0.130000000
30 36 3 10350 1000000 0.130000000
31 37 3 10351 1000000 0.130000000
32 38 3 10352 1000000 0.130000000
33 39 3 10353 1000000 0.130000000
34 40 3 10354 1000000 0.130000000
35 41 3 10355 1000000 0.130000000
36 42 3 10356 1000000 0.130000000
37 43 3 10357 1000000 0.130000000
38 44 3 10358 1000000 0.130000000
39 45 3 10359 1000000 0.130000000
40 46 3 10360 1000000 0.130000000
41 47 3 10361 1000000 0.130000000
42 48 3 10362 1000000 0.130000000
43 49 3 10363 1000000 0.130000000
44 50 3 10364 1000000 0.130000000
45 51 3 10365 1000000 0.130000000
46 52 3 10366 1000000 0.130000000
47 53 3 10367 1000000 0.130000000
48 54 3 10368 1000000 0.130000000
49 55 3 10369 1000000 0.130000000
50 56 3 10370 1000000 0.130000000
51 57 3 10371 1000000 0.130000000
52 58 3 10372 1000000 0.130000000
53 59 3 10373 1000000 0.130000000
54 60 3 10374 1000000 0.130000000
55 61 3 10375 1000000 0.130000000
56 62 3 10376 1000000 0.130000000
57 63 3 10377 1000000 0.130000000
58 0 3 10378 1000000 0.130000000
59 1 3 10379 1000000 0.130000000
60 2 3 10380 1000000 0.130000000
61 3 3 10381 1000000 0.130000000
62 4 3 10382 1000000 0.130000000
63 5 3 10383 1000000 0.130000000
0 7 3 10384 1000000 0.130000000
1 8 3 10385 1000000 0.130000000
2 9 3 10386 1000000 0.130000000
3 10 3 10387 1000000 0.130000000
4 11 3 10388 1000000 0.130000000
5 12 3 10389 1000000 0.130000000
6 13 3 10390 1000000 0.130000000
7 14 3 10391 1000000 0.130000000
8 15 3 10392 1000000 0.130000000
9 16 3 10393 1000000 0.130000000
10 17 3 10394 1000000 0.130000000
11 18 3 10395 1000000 0.130000000
12 19 3 10396 1000000 0.130000000
13 20 3 10397 1000000 0.130000000
14 21 3 10398 1000000 0.130000000
15 22 3 10399 1000000 0.130000000
16 23 3 10400 1000000 0.130000000
17 24 3 10401 1000000 0.130000000
18 25 3 10402 1000000 0.130000000
19 26 3 10403 1000000 0.130000000
20 27 3 10404 1000000 0.130000000
21 28 3 10405 1000000 0.130000000
22 29 3 10406 1000000 0.130000000
23 30 3 10407 1000000 0.130000000
24 31 3 10408 1000000 0.130000000
25 32 3 10409 1000000 0.130000000
26 33 3 10410 1000000 0.130000000
27 34 3 10411 1000000 0.130000000
28 35 3 10412 1000000 0.130000000
29 36 3 10413 1000000 0.130000000
30 37 3 10414 1000000 0.130000000
31 38 3 10415 1000000 0.130000000
32 39 3 10416 1000000 0.130000000
33 40 3 10417 1000000 0.130000000
34 41 3 10418 1000000 0.130000000
35 42 3 10419 1000000 0.130000000
36 43 3 10420 1000000 0.130000000
37 44 3 10421 1000000 0.130000000
38 45 3 10422 1000000 0.130000000
39 46 3 10423 1000000 0.130000000
40 47 3 10424 1000000 0.130000000
41 48 3 10425 1000000 0.130000000
42 49 3 10426 1000000 0.130000000
43 50 3 10427 1000000 0.130000000
44 51 3 10428 1000000 0.130000000
45 52 3 10429 1000000 0.130000000
46 53 3 10430 1000000 0.130000000
47 54 3 10431 1000000 0.130000000
48 55 3 10432 1000000 0.130000000
49 56 3 10433 1000000 0.130000000
50 57 3 10434 1000000 0.130000000
51 58 3 10435 1000000 0.130000000
52 59 3 10436 1000000 0.130000000
53 60 3 10437 1000000 0.130000000
54 61 3 10438 1000000 0.130000000
55 62 3 10439 1000000 0.130000000
56 63 3 10440 1000000 0.130000000
57 0 3 10441 1000000 0.130000000
58 1 3 10442 1000000 0.130000000
59 2 3 10443 1000000 0.130000000
60 3 3 10444 1000000 0.130000000
61 4 3 10445 1000000 0.130000000
62 5 3 10446 1000000 0.130000000
63 6 3 10447 1000000 0.130000000
0 8 3 10448 1000000 0.130000000
1 9 3 10449 1000000 0.130000000
2 10 3 10450 1000000 0.130000000
3 11 3 10451 1000000 0.130000000
4 12 3 10452 1000000 0.130000000
5 13 3 10453 1000000 0.130000000
6 14 3 10454 1000000 0.130000000
7 15 3 10455 1000000 0.130000000
8 16 3 10456 1000000 0.130000000
9 17 3 10457 1000000 0.130000000
10 18 3 10458 1000000 0.130000000
11 19 3 10459 1000000 0.130000000
12 20 3 10460 1000000 0.130000000
13 21 3 10461 1000000 0.130000000
14 22 3 10462 1000000 0.130000000
15 23 3 10463 1000000 0.130000000
16 24 3 10464 1000000 0.130000000
17 25 3 10465 1000000 0.130000000
18 26 3 10466 1000000 0.130000000
19 27 3 10467 1000000 0.130000000
20 28 3 10468 1000000 0.130000000
21 29 3 10469 1000000 0.130000000
22 30 3 10470 1000000 0.130000000
23 31 3 10471 1000000 0.130000000
24 32 3 10472 1000000 0.130000000
25 33 3 10473 1000000 0.130000000
26 34 3 10474 1000000 0.130000000
27 35 3 10475 1000000 0.130000000
28 36 3 10476 1000000 0.130000000
29 37 3 10477 1000000 0.130000000
30 38 3 10478 1000000 0.130000000
31 39 3 10479 1000000 0.130000000
32 40 3 10480 1000000 0.130000000
33 41 3 10481 1000000 0.130000000
34 42 3 10482 1000000 0.130000000
35 43 3 10483 1000000 0.130000000
36 44 3 10484 1000000 0.130000000
37 45 3 10485 1000000 0.130000000
38 46 3 10486 1000000 0.130000000
39 47 3 10487 1000000 0.130000000
40 48 3 10488 1000000 0.130000000
41 49 3 10489 1000000 0.130000000
42 50 3 10490 1000000 0.130000000
43 51 3 10491 1000000 0.130000000
44 52 3 10492 1000000 0.130000000
45 53 3 10493 1000000 0.130000000
46 54 3 10494 1000000 0.130000000
47 55 3 10495 1000000 0.130000000
48 56 3 10496 1000000 0.130000000
49 57 3 10497 1000000 0.130000000
50 58 3 10498 1000000 0.130000000
51 59 3 10499 1000000 0.130000000
52 60 3 10500 1000000 0.130000000
53 61 3 10501 1000000 0.130000000
54 62 3 10502 1000000 0.130000000
55 63 3 10503 1000000 0.130000000
56 0 3 10504 1000000 0.130000000
57 1 3 10505 1000000 0.130000000
58 2 3 10506 1000000 0.130000000
59 3 3 10507 1000000 0.130000000
60 4 3 10508 1000000 0.130000000
61 5 3 10509 1000000 0.130000000
62 6 3 10510 1000000 0.130000000
63 7 3 10511 1000000 0.130000000
0 9 3 10512 1000000 0.130000000
1 10 3 10513 1000000 0.130000000
2 11 3 10514 1000000 0.130000000
3 12 3 10515 1000000 0.130000000
4 13 3 10516 1000000 0.130000000
5 14 3 10517 1000000 0.130000000
6 15 3 10518 1000000 0.130000000
7 16 3 10519 1000000 0.130000000
8 17 3 10520 1000000 0.130000000
9 18 3 10521 1000000 0.130000000
10 19 3 10522 1000000 0.130000000
11 20 3 10523 1000000 0.130000000
12 21 3 10524 1000000 0.130000000
13 22 3 10525 1000000 0.130000000
14 23 3 10526 1000000 0.130000000
15 24 3 10527 1000000 0.130000000
16 25 3 10528 1000000 0.130000000
17 26 3 10529 1000000 0.130000000
18 27 3 10530 1000000 0.130000000
19 28 3 10531 1000000 0.130000000
20 29 3 10532 1000000 0.130000000
21 30 3 10533 1000000 0.130000000
22 31 3 10534 1000000 0.130000000
23 32 3 10535 1000000 0.130000000
24 33 3 10536 1000000 0.130000000
25 34 3 10537 1000000 0.130000000
26 35 3 10538 1000000 0.130000000
27 36 3 10539 1000000 0.130000000
28 37 3 10540 1000000 0.130000000
29 38 3 10541 1000000 0.130000000
30 39 3 10542 1000000 0.130000000
31 40 3 10543 1000000 0.130000000
32 41 3 10544 1000000 0.130000000
33 42 3 10545 1000000 0.130000000
34 43 3 10546 1000000 0.130000000
35 44 3 10547 1000000 0.130000000
36 45 3 10548 1000000 0.130000000
37 46 3 10549 1000000 0.130000000
38 47 3 10550 1000000 0.130000000
39 48 3 10551 1000000 0.130000000
40 49 3 10552 1000000 0.130000000
41 50 3 10553 1000000 0.130000000
42 51 3 10554 1000000 0.130000000
43 52 3 10555 1000000 0.130000000
44 53 3 10556 1000000 0.130000000
45 54 3 10557 1000000 0.130000000
46 55 3 10558 1000000 0.130000000
47 56 3 10559 1000000 0.130000000
48 57 3 10560 1000000 0.130000000
49 58 3 10561 1000000 0.130000000
50 59 3 10562 1000000 0.130000000
51 60 3 10563 1000000 0.130000000
52 61 3 10564 1000000 0.130000000
53 62 3 10565 1000000 0.130000000
54 63 3 10566 1000000 0.130000000
55 0 3 10567 1000000 0.130000000
56 1 3 10568 1000000 0.130000000
57 2 3 10569 1000000 0.130000000
58 3 3 10570 1000000 0.130000000
59 4 3 10571 1000000 0.130000000
60 5 3 10572 1000000 0.130000000
61 6 3 10573 1000000 0.130000000
62 7 3 10574 1000000 0.130000000
63 8 3 10575 1000000 0.130000000
0 10 3 10576 1000000 0.130000000
1 11 3 10577 1000000 0.130000000
2 12 3 10578 1000000 0.130000000
3 13 3 10579 1000000 0.130000000
4 14 3 10580 1000000 0.130000000
5 15 3 10581 1000000 0.130000000
6 16 3 10582 1000000 0.130000000
7 17 3 10583 1000000 0.130000000
8 18 3 10584 1000000 0.130000000
9 19 3 10585 1000000 0.130000000
10 20 3 10586 1000000 0.130000000
11 21 3 10587 1000000 0.130000000
12 22 3 10588 1000000 0.130000000
13 23 3 10589 1000000 0.130000000
14 24 3 10590 1000000 0.130000000
15 25 3 10591 1000000 0.130000000
16 26 3 10592 1000000 0.130000000
17 27 3 10593 1000000 0.130000000
18 28 3 10594 1000000 0.130000000
19 29 3 10595 1000000 0.130000000
20 30 3 10596 1000000 0.130000000
21 31 3 10597 1000000 0.130000000
22 32 3 10598 1000000 0.130000000
23 33 3 10599 1000000 0.130000000
24 34 3 10600 1000000 0.130000000
25 35 3 10601 1000000 0.130000000
26 36 3 10602 1000000 0.130000000
27 37 3 10603 1000000 0.130000000
28 38 3 10604 1000000 0.130000000
29 39 3 10605 1000000 0.130000000
30 40 3 10606 1000000 0.130000000
31 41 3 10607 1000000 0.130000000
32 42 3 10608 1000000 0.130000000
33 43 3 10609 1000000 0.130000000
34 44 3 10610 1000000 0.130000000
35 45 3 10611 1000000 0.130000000
36 46 3 10612 1000000 0.130000000
37 47 3 10613 1000000 0.130000000
38 48 3 10614 1000000 0.130000000
39 49 3 10615 1000000 0.130000000
40 50 3 10616 1000000 0.130000000
41 51 3 10617 1000000 0.130000000
42 52 3 10618 1000000 0.130000000
43 53 3 10619 1000000 0.130000000
44 54 3 10620 1000000 0.130000000
45 55 3 10621 1000000 0.130000000
46 56 3 10622 1000000 0.130000000
47 57 3 10623 1000000 0.130000000
48 58 3 10624 1000000 0.130000000
49 59 3 10625 1000000 0.130000000
50 60 3 10626 1000000 0.130000000
51 61 3 10627 1000000 0.130000000
52 62 3 10628 1000000 0.130000000
53 63 3 10629 1000000 0.130000000
54 0 3 10630 1000000 0.130000000
55 1 3 10631 1000000 0.130000000
56 2 3 10632 1000000 0.130000000
57 3 3 10633 1000000 0.130000000
58 4 3 10634 1000000 0.130000000
59 5 3 10635 1000000 0.130000000
60 6 3 10636 1000000 0.130000000
61 7 3 10637 1000000 0.130000000
62 8 3 10638 1000000 0.130000000
63 9 3 10639 1000000 0.130000000
0 11 3 10640 1000000 0.130000000
1 12 3 10641 1000000 0.130000000
2 13 3 10642 1000000 0.130000000
3 14 3 10643 1000000 0.130000000
4 15 3 10644 1000000 0.130000000
5 16 3 10645 1000000 0.130000000
6 17 3 10646 1000000 0.130000000
7 18 3 10647 1000000 0.130000000
8 19 3 10648 1000000 0.130000000
9 20 3 10649 1000000 0.130000000
10 21 3 10650 1000000 0.130000000
11 22 3 10651 1000000 0.130000000
12 23 3 10652 1000000 0.130000000
13 24 3 10653 1000000 0.130000000
14 25 3 10654 1000000 0.130000000
15 26 3 10655 1000000 0.130000000
16 27 3 10656 1000000 0.130000000
17 28 3 10657 1000000 0.130000000
18 29 3 10658 1000000 0.130000000
19 30 3 10659 1000000 0.130000000
20 31 3 10660 1000000 0.130000000
21 32 3 10661 1000000 0.130000000
22 33 3 10662 1000000 0.130000000
23 34 3 10663 1000000 0.130000000
24 35 3 10664 1000000 0.130000000
25 36 3 10665 1000000 0.130000000
26 37 3 10666 1000000 0.130000000
27 38 3 10667 1000000 0.130000000
28 39 3 10668 1000000 0.130000000
29 40 3 10669 1000000 0.130000000
30 41 3 10670 1000000 0.130000000
31 42 3 10671 1000000 0.130000000
32 43 3 10672 1000000 0.130000000
33 44 3 10673 1000000 0.130000000
34 45 3 10674 1000000 0.130000000
35 46 3 10675 1000000 0.130000000
36 47 3 10676 1000000 0.130000000
37 48 3 10677 1000000 0.130000000
38 49 3 10678 1000000 0.130000000
39 50 3 10679 1000000 0.130000000
40 51 3 10680 1000000 0.130000000
41 52 3 10681 1000000 0.130000000
42 53 3 10682 1000000 0.130000000
43 54 3 10683 1000000 0.130000000
44 55 3 10684 1000000 0.130000000
45 56 3 10685 1000000 0.130000000
46 57 3 10686 1000000 0.130000000
47 58 3 10687 1000000 0.130000000
48 59 3 10688 1000000 0.130000000
49 60 3 10689 1000000 0.130000000
50 61 3 10690 1000000 0.130000000
51 62 3 10691 1000000 0.130000000
52 63 3 10692 1000000 0.130000000
53 0 3 10693 1000000 0.130000000
54 1 3 10694 1000000 0.130000000
55 2 3 10695 1000000 0.130000000
56 3 3 10696 1000000 0.130000000
57 4 3 10697 1000000 0.130000000
58 5 3 10698 1000000 0.130000000
59 6 3 10699 1000000 0.130000000
60 7 3 10700 1000000 0.130000000
61 8 3 10701 1000000 0.130000000
62 9 3 10702 1000000 0.130000000
63 10 3 10703 1000000 0.130000000
0 12 3 10704 1000000 0.130000000
1 13 3 10705 1000000 0.130000000
2 14 3 10706 1000000 0.130000000
3 15 3 10707 1000000 0.130000000
4 16 3 10708 1000000 0.130000000
5 17 3 10709 1000000 0.130000000
6 18 3 10710 1000000 0.130000000
7 19 3 10711 1000000 0.130000000
8 20 3 10712 1000000 0.130000000
9 21 3 10713 1000000 0.130000000
10 22 3 10714 1000000 0.130000000
11 23 3 10715 1000000 0.130000000
12 24 3 10716 1000000 0.130000000
13 25 3 10717 1000000 0.130000000
14 26 3 10718 1000000 0.130000000
15 27 3 10719 1000000 0.130000000
16 28 3 10720 1000000 0.130000000
17 29 3 10721 1000000 0.130000000
18 30 3 10722 1000000 0.130000000
19 31 3 10723 1000000 0.130000000
20 32 3 10724 1000000 0.130000000
21 33 3 10725 1000000 0.130000000
22 34 3 10726 1000000 0.130000000
23 35 3 10727 1000000 0.130000000
24 36 3 10728 1000000 0.130000000
25 37 3 10729 1000000 0.130000000
26 38 3 10730 1000000 0.130000000
27 39 3 10731 1000000 0.130000000
28 40 3 10732 1000000 0.130000000
29 41 3 10733 1000000 0.130000000
30 42 3 10734 1000000 0.130000000
31 43 3 10735 1000000 0.130000000
32 44 3 10736 1000000 0.130000000
33 45 3 10737 1000000 0.130000000
34 46 3 10738 1000000 0.130000000
35 47 3 10739 1000000 0.130000000
36 48 3 10740 1000000 0.130000000
37 49 3 10741 1000000 0.130000000
38 50 3 10742 1000000 0.130000000
39 51 3 10743 1000000 0.130000000
40 52 3 10744 1000000 0.130000000
41 53 3 10745 1000000 0.130000000
42 54 3 10746 1000000 0.130000000
43 55 3 10747 1000000 0.130000000
44 56 3 10748 1000000 0.130000000
45 57 3 10749 1000000 0.130000000
46 58 3 10750 1000000 0.130000000
47 59 3 10751 1000000 0.130000000
48 60 3 10752 1000000 0.130000000
49 61 3 10753 1000000 0.130000000
50 62 3 10754 1000000 0.130000000
51 63 3 10755 1000000 0.130000000
52 0 3 10756 1000000 0.130000000
53 1 3 10757 1000000 0.130000000
54 2 3 10758 1000000 0.130000000
55 3 3 10759 1000000 0.130000000
56 4 3 10760 1000000 0.130000000
57 5 3 10761 1000000 0.130000000
58 6 3 10762 1000000 0.130000000
59 7 3 10763 1000000 0.130000000
60 8 3 10764 1000000 0.130000000
61 9 3 10765 1000000 0.130000000
62 10 3 10766 1000000 0.130000000
63 11 3 10767 1000000 0.130000000
0 13 3 10768 1000000 0.130000000
1 14 3 10769 1000000 0.130000000
2 15 3 10770 1000000 0.130000000
3 16 3 10771 1000000 0.130000000
4 17 3 10772 1000000 0.130000000
5 18 3 10773 1000000 0.130000000
6 19 3 10774 1000000 0.130000000
7 20 3 10775 1000000 0.130000000
8 21 3 10776 1000000 0.130000000
9 22 3 10777 1000000 0.130000000
10 23 3 10778 1000000 0.130000000
11 24 3 10779 1000000 0.130000000
12 25 3 10780 1000000 0.130000000
13 26 3 10781 1000000 0.130000000
14 27 3 10782 1000000 0.130000000
15 28 3 10783 1000000 0.130000000
16 29 3 10784 1000000 0.130000000
17 30 3 10785 1000000 0.130000000
18 31 3 10786 1000000 0.130000000
19 32 3 10787 1000000 0.130000000
20 33 3 10788 1000000 0.130000000
21 34 3 10789 1000000 0.130000000
22 35 3 10790 1000000 0.130000000
23 36 3 10791 1000000 0.130000000
24 37 3 10792 1000000 0.130000000
25 38 3 10793 1000000 0.130000000
26 39 3 10794 1000000 0.130000000
27 40 3 10795 1000000 0.130000000
28 41 3 10796 1000000 0.130000000
29 42 3 10797 1000000 0.130000000
30 43 3 10798 1000000 0.130000000
31 44 3 10799 1000000 0.130000000
32 45 3 10800 1000000 0.130000000
33 46 3 10801 1000000 0.130000000
34 47 3 10802 1000000 0.130000000
35 48 3 10803 1000000 0.130000000
36 49 3 10804 1000000 0.130000000
37 50 3 10805 1000000 0.130000000
38 51 3 10806 1000000 0.130000000
39 52 3 10807 1000000 0.130000000
40 53 3 10808 1000000 0.130000000
41 54 3 10809 1000000 0.130000000
42 55 3 10810 1000000 0.130000000
43 56 3 10811 1000000 0.130000000
44 57 3 10812 1000000 0.130000000
45 58 3 10813 1000000 0.130000000
46 59 3 10814 1000000 0.130000000
47 60 3 10815 1000000 0.130000000
48 61 3 10816 1000000 0.130000000
49 62 3 10817 1000000 0.130000000
50 63 3 10818 1000000 0.130000000
51 0 3 10819 1000000 0.130000000
52 1 3 10820 1000000 0.130000000
53 2 3 10821 1000000 0.130000000
54 3 3 10822 1000000 0.130000000
55 4 3 10823 1000000 0.130000000
56 5 3 10824 1000000 0.130000000
57 6 3 10825 1000000 0.130000000
58 7 3 10826 1000000 0.130000000
59 8 3 10827 1000000 0.130000000
60 9 3 10828 1000000 0.130000000
61 10 3 10829 1000000 0.130000000
62 11 3 10830 1000000 0.130000000
63 12 3 10831 1000000 0.130000000
0 14 3 10832 1000000 0.130000000
1 15 3 10833 1000000 0.130000000
2 16 3 10834 1000000 0.130000000
3 17 3 10835 1000000 0.130000000
4 18 3 10836 1000000 0.130000000
5 19 3 10837 1000000 0.130000000
6 20 3 10838 1000000 0.130000000
7 21 3 10839 1000000 0.130000000
8 22 3 10840 1000000 0.130000000
9 23 3 10841 1000000 0.130000000
10 24 3 10842 1000000 0.130000000
11 25 3 10843 1000000 0.130000000
12 26 3 10844 1000000 0.130000000
13 27 3 10845 1000000 0.130000000
14 28 3 10846 1000000 0.130000000
15 29 3 10847 1000000 0.130000000
16 30 3 10848 1000000 0.130000000
17 31 3 10849 1000000 0.130000000
18 32 3 10850 1000000 0.130000000
19 33 3 10851 1000000 0.130000000
20 34 3 10852 1000000 0.130000000
21 35 3 10853 1000000 0.130000000
22 36 3 10854 1000000 0.130000000
23 37 3 10855 1000000 0.130000000
24 38 3 10856 1000000 0.130000000
25 39 3 10857 1000000 0.130000000
26 40 3 10858 1000000 0.130000000
27 41 3 10859 1000000 0.130000000
28 42 3 10860 1000000 0.130000000
29 43 3 10861 1000000 0.130000000
30 44 3 10862 1000000 0.130000000
31 45 3 10863 1000000 0.130000000
32 46 3 10864 1000000 0.130000000
33 47 3 10865 1000000 0.130000000
34 48 3 10866 1000000 0.130000000
35 49 3 10867 1000000 0.130000000
36 50 3 10868 1000000 0.130000000
37 51 3 10869 1000000 0.130000000
38 52 3 10870 1000000 0.130000000
39 53 3 10871 1000000 0.130000000
40 54 3 10872 1000000 0.130000000
41 55 3 10873 1000000 0.130000000
42 56 3 10874 1000000 0.130000000
43 57 3 10875 1000000 0.130000000
44 58 3 10876 1000000 0.130000000
45 59 3 10877 1000000 0.130000000
46 60 3 10878 1000000 0.130000000
47 61 3 10879 1000000 0.130000000
48 62 3 10880 1000000 0.130000000
49 63 3 10881 1000000 0.130000000
50 0 3 10882 1000000 0.130000000
51 1 3 10883 1000000 0.130000000
52 2 3 10884 1000000 0.130000000
53 3 3 10885 1000000 0.130000000
54 4 3 10886 1000000 0.130000000
55 5 3 10887 1000000 0.130000000
56 6 3 10888 1000000 0.130000000
57 7 3 10889 1000000 0.130000000
58 8 3 10890 1000000 0.130000000
59 9 3 10891 1000000 0.130000000
60 10 3 10892 1000000 0.130000000
61 11 3 10893 1000000 0.130000000
62 12 3 10894 1000000 0.130000000
63 13 3 10895 1000000 0.130000000
0 15 3 10896 1000000 0.130000000
1 16 3 10897 1000000 0.130000000
2 17 3 10898 1000000 0.130000000
3 18 3 10899 1000000 0.130000000
4 19 3 10900 1000000 0.130000000
5 20 3 10901 1000000 0.130000000
6 21 3 10902 1000000 0.130000000
7 22 3 10903 1000000 0.130000000
8 23 3 10904 1000000 0.130000000
9 24 3 10905 1000000 0.130000000
10 25 3 10906 1000000 0.130000000
11 26 3 10907 1000000 0.130000000
12 27 3 10908 1000000 0.130000000
13 28 3 10909 1000000 0.130000000
14 29 3 10910 1000000 0.130000000
15 30 3 10911 1000000 0.130000000
16 31 3 10912 1000000 0.130000000
17 32 3 10913 1000000 0.130000000
18 33 3 10914 1000000 0.130000000
19 34 3 10915 1000000 0.130000000
20 35 3 10916 1000000 0.130000000
21 36 3 10917 1000000 0.130000000
22 37 3 10918 1000000 0.130000000
23 38 3 10919 1000000 0.130000000
24 39 3 10920 1000000 0.130000000
25 40 3 10921 1000000 0.130000000
26 41 3 10922 1000000 0.130000000
27 42 3 10923 1000000 0.130000000
28 43 3 10924 1000000 0.130000000
29 44 3 10925 1000000 0.130000000
30 45 3 10926 1000000 0.130000000
31 46 3 10927 1000000 0.130000000
32 47 3 10928 1000000 0.130000000
33 48 3 10929 1000000 0.130000000
34 49 3 10930 1000000 0.130000000
35 50 3 10931 1000000 0.130000000
36 51 3 10932 1000000 0.130000000
37 52 3 10933 1000000 0.130000000
38 53 3 10934 1000000 0.130000000
39 54 3 10935 1000000 0.130000000
40 55 3 10936 1000000 0.130000000
41 56 3 10937 1000000 0.130000000
42 57 3 10938 1000000 0.130000000
43 58 3 10939 1000000 0.130000000
44 59 3 10940 1000000 0.130000000
45 60 3 10941 1000000 0.130000000
46 61 3 10942 1000000 0.130000000
47 62 3 10943 1000000 0.130000000
48 63 3 10944 1000000 0.130000000
49 0 3 10945 1000000 0.130000000
50 1 3 10946 1000000 0.130000000
51 2 3 10947 1000000 0.130000000
52 3 3 10948 1000000 0.130000000
53 4 3 10949 1000000 0.130000000
54 5 3 10950 1000000 0.130000000
55 6 3 10951 1000000 0.130000000
56 7 3 10952 1000000 0.130000000
57 8 3 10953 1000000 0.130000000
58 9 3 10954 1000000 0.130000000
59 10 3 10955 1000000 0.130000000
60 11 3 10956 1000000 0.130000000
61 12 3 10957 1000000 0.130000000
62 13 3 10958 1000000 0.130000000
63 14 3 10959 1000000 0.130000000
0 16 3 10960 1000000 0.130000000
1 17 3 10961 1000000 0.130000000
2 18 3 10962 1000000 0.130000000
3 19 3 10963 1000000 0.130000000
4 20 3 10964 1000000 0.130000000
5 21 3 10965 1000000 0.130000000
6 22 3 10966 1000000 0.130000000
7 23 3 10967 1000000 0.130000000
8 24 3 10968 1000000 0.130000000
9 25 3 10969 1000000 0.130000000
10 26 3 10970 1000000 0.130000000
11 27 3 10971 1000000 0.130000000
12 28 3 10972 1000000 0.130000000
13 29 3 10973 1000000 0.130000000
14 30 3 10974 1000000 0.130000000
15 31 3 10975 1000000 0.130000000
16 32 3 10976 1000000 0.130000000
17 33 3 10977 1000000 0.130000000
18 34 3 10978 1000000 0.130000000
19 35 3 10979 1000000 0.130000000
20 36 3 10980 1000000 0.130000000
21 37 3 10981 1000000 0.130000000
22 38 3 10982 1000000 0.130000000
23 39 3 10983 1000000 0.130000000
24 40 3 10984 1000000 0.130000000
25 41 3 10985 1000000 0.130000000
26 42 3 10986 1000000 0.130000000
27 43 3 10987 1000000 0.130000000
28 44 3 10988 1000000 0.130000000
29 45 3 10989 1000000 0.130000000
30 46 3 10990 1000000 0.130000000
31 47 3 10991 1000000 0.130000000
32 48 3 10992 1000000 0.130000000
33 49 3 10993 1000000 0.130000000
34 50 3 10994 1000000 0.130000000
35 51 3 10995 1000000 0.130000000
36 52 3 10996 1000000 0.130000000
37 53 3 10997 1000000 0.130000000
38 54 3 10998 1000000 0.130000000
39 55 3 10999 1000000 0.130000000
40 56 3 11000 1000000 0.130000000
41 57 3 11001 1000000 0.130000000
42 58 3 11002 1000000 0.130000000
43 59 3 11003 1000000 0.130000000
44 60 3 11004 1000000 0.130000000
45 61 3 11005 1000000 0.130000000
46 62 3 11006 1000000 0.130000000
47 63 3 11007 1000000 0.130000000
48 0 3 11008 1000000 0.130000000
49 1 3 11009 1000000 0.130000000
50 2 3 11010 1000000 0.130000000
51 3 3 11011 1000000 0.130000000
52 4 3 11012 1000000 0.130000000
53 5 3 11013 1000000 0.130000000
54 6 3 11014 1000000 0.130000000
55 7 3 11015 1000000 0.130000000
56 8 3 11016 1000000 0.130000000
57 9 3 11017 1000000 0.130000000
58 10 3 11018 1000000 0.130000000
59 11 3 11019 1000000 0.130000000
60 12 3 11020 1000000 0.130000000
61 13 3 11021 1000000 0.130000000
62 14 3 11022 1000000 0.130000000
63 15 3 11023 1000000 0.130000000
0 17 3 11024 1000000 0.130000000
1 18 3 11025 1000000 0.130000000
2 19 3 11026 1000000 0.130000000
3 20 3 11027 1000000 0.130000000
4 21 3 11028 1000000 0.130000000
5 22 3 11029 1000000 0.130000000
6 23 3 11030 1000000 0.130000000
7 24 3 11031 1000000 0.130000000
8 25 3 11032 1000000 0.130000000
9 26 3 11033 1000000 0.130000000
10 27 3 11034 1000000 0.130000000
11 28 3 11035 1000000 0.130000000
12 29 3 11036 1000000 0.130000000
13 30 3 11037 1000000 0.130000000
14 31 3 11038 1000000 0.130000000
15 32 3 11039 1000000 0.130000000
16 33 3 11040 1000000 0.130000000
17 34 3 11041 1000000 0.130000000
18 35 3 11042 1000000 0.130000000
19 36 3 11043 1000000 0.130000000
20 37 3 11044 1000000 0.130000000
21 38 3 11045 1000000 0.130000000
22 39 3 11046 1000000 0.130000000
23 40 3 11047 1000000 0.130000000
24 41 3 11048 1000000 0.130000000
25 42 3 11049 1000000 0.130000000
26 43 3 11050 1000000 0.130000000
27 44 3 11051 1000000 0.130000000
28 45 3 11052 1000000 0.130000000
29 46 3 11053 1000000 0.130000000
30 47 3 11054 1000000 0.130000000
31 48 3 11055 1000000 0.130000000
32 49 3 11056 1000000 0.130000000
33 50 3 11057 1000000 0.130000000
34 51 3 11058 1000000 0.130000000
35 52 3 11059 1000000 0.130000000
36 53 3 11060 1000000 0.130000000
37 54 3 11061 1000000 0.130000000
38 55 3 11062 1000000 0.130000000
39 56 3 11063 1000000 0.130000000
40 57 3 11064 1000000 0.130000000
41 58 3 11065 1000000 0.130000000
42 59 3 11066 1000000 0.130000000
43 60 3 11067 1000000 0.130000000
44 61 3 11068 1000000 0.130000000
45 62 3 11069 1000000 0.130000000
46 63 3 11070 1000000 0.130000000
47 0 3 11071 1000000 0.130000000
48 1 3 11072 1000000 0.130000000
49 2 3 11073 1000000 0.130000000
50 3 3 11074 1000000 0.130000000
51 4 3 11075 1000000 0.130000000
52 5 3 11076 1000000 0.130000000
53 6 3 11077 1000000 0.130000000
54 7 3 11078 1000000 0.130000000
55 8 3 11079 1000000 0.130000000
56 9 3 11080 1000000 0.130000000
57 10 3 11081 1000000 0.130000000
58 11 3 11082 1000000 0.130000000
59 12 3 11083 1000000 0.130000000
60 13 3 11084 1000000 0.130000000
61 14 3 11085 1000000 0.130000000
62 15 3 11086 1000000 0.130000000
63 16 3 11087 1000000 0.130000000
0 18 3 11088 1000000 0.130000000
1 19 3 11089 1000000 0.130000000
2 20 3 11090 1000000 0.130000000
3 21 3 11091 1000000 0.130000000
4 22 3 11092 1000000 0.130000000
5 23 3 11093 1000000 0.130000000
6 24 3 11094 1000000 0.130000000
7 25 3 11095 1000000 0.130000000
8 26 3 11096 1000000 0.130000000
9 27 3 11097 1000000 0.130000000
10 28 3 11098 1000000 0.130000000
11 29 3 11099 1000000 0.130000000
12 30 3 11100 1000000 0.130000000
13 31 3 11101 1000000 0.130000000
14 32 3 11102 1000000 0.130000000
15 33 3 11103 1000000 0.130000000
16 34 3 11104 1000000 0.130000000
17 35 3 11105 1000000 0.130000000
18 36 3 11106 1000000 0.130000000
19 37 3 11107 1000000 0.130000000
20 38 3 11108 1000000 0.130000000
21 39 3 11109 1000000 0.130000000
22 40 3 11110 1000000 0.130000000
23 41 3 11111 1000000 0.130000000
24 42 3 11112 1000000 0.130000000
25 43 3 11113 1000000 0.130000000
26 44 3 11114 1000000 0.130000000
27 45 3 11115 1000000 0.130000000
28 46 3 11116 1000000 0.130000000
29 47 3 11117 1000000 0.130000000
30 48 3 11118 1000000 0.130000000
31 49 3 11119 1000000 0.130000000
32 50 3 11120 1000000 0.130000000
33 51 3 11121 1000000 0.130000000
34 52 3 11122 1000000 0.130000000
35 53 3 11123 1000000 0.130000000
36 54 3 11124 1000000 0.130000000
37 55 3 11125 1000000 0.130000000
38 56 3 11126 1000000 0.130000000
39 57 3 11127 1000000 0.130000000
40 58 3 11128 1000000 0.130000000
41 59 3 11129 1000000 0.130000000
42 60 3 11130 1000000 0.130000000
43 61 3 11131 1000000 0.130000000
44 62 3 11132 1000000 0.130000000
45 63 3 11133 1000000 0.130000000
46 0 3 11134 1000000 0.130000000
47 1 3 11135 1000000 0.130000000
48 2 3 11136 1000000 0.130000000
49 3 3 11137 1000000 0.130000000
50 4 3 11138 1000000 0.130000000
51 5 3 11139 1000000 0.130000000
52 6 3 11140 1000000 0.130000000
53 7 3 11141 1000000 0.130000000
54 8 3 11142 1000000 0.130000000
55 9 3 11143 1000000 0.130000000
56 10 3 11144 1000000 0.130000000
57 11 3 11145 1000000 0.130000000
58 12 3 11146 1000000 0.130000000
59 13 3 11147 1000000 0.130000000
60 14 3 11148 1000000 0.130000000
61 15 3 11149 1000000 0.130000000
62 16 3 11150 1000000 0.130000000
63 17 3 11151 1000000 0.130000000
0 19 3 11152 1000000 0.130000000
1 20 3 11153 1000000 0.130000000
2 21 3 11154 1000000 0.130000000
3 22 3 11155 1000000 0.130000000
4 23 3 11156 1000000 0.130000000
5 24 3 11157 1000000 0.130000000
6 25 3 11158 1000000 0.130000000
7 26 3 11159 1000000 0.130000000
8 27 3 11160 1000000 0.130000000
9 28 3 11161 1000000 0.130000000
10 29 3 11162 1000000 0.130000000
11 30 3 11163 1000000 0.130000000
12 31 3 11164 1000000 0.130000000
13 32 3 11165 1000000 0.130000000
14 33 3 11166 1000000 0.130000000
15 34 3 11167 1000000 0.130000000
16 35 3 11168 1000000 0.130000000
17 36 3 11169 1000000 0.130000000
18 37 3 11170 1000000 0.130000000
19 38 3 11171 1000000 0.130000000
20 39 3 11172 1000000 0.130000000
21 40 3 11173 1000000 0.130000000
22 41 3 11174 1000000 0.130000000
23 42 3 11175 1000000 0.130000000
24 43 3 11176 1000000 0.130000000
25 44 3 11177 1000000 0.130000000
26 45 3 11178 1000000 0.130000000
27 46 3 11179 1000000 0.130000000
28 47 3 11180 1000000 0.130000000
29 48 3 11181 1000000 0.130000000
30 49 3 11182 1000000 0.130000000
31 50 3 11183 1000000 0.130000000
32 51 3 11184 1000000 0.130000000
33 52 3 11185 1000000 0.130000000
34 53 3 11186 1000000 0.130000000
35 54 3 11187 1000000 0.130000000
36 55 3 11188 1000000 0.130000000
37 56 3 11189 1000000 0.130000000
38 57 3 11190 1000000 0.130000000
39 58 3 11191 1000000 0.130000000
40 59 3 11192 1000000 0.130000000
41 60 3 11193 1000000 0.130000000
42 61 3 11194 1000000 0.130000000
43 62 3 11195 1000000 0.130000000
44 63 3 11196 1000000 0.130000000
45 0 3 11197 1000000 0.130000000
46 1 3 11198 1000000 0.130000000
47 2 3 11199 1000000 0.130000000
48 3 3 11200 1000000 0.130000000
49 4 3 11201 1000000 0.130000000
50 5 3 11202 1000000 0.130000000
51 6 3 11203 1000000 0.130000000
52 7 3 11204 1000000 0.130000000
53 8 3 11205 1000000 0.130000000
54 9 3 11206 1000000 0.130000000
55 10 3 11207 1000000 0.130000000
56 11 3 11208 1000000 0.130000000
57 12 3 11209 1000000 0.130000000
58 13 3 11210 1000000 0.130000000
59 14 3 11211 1000000 0.130000000
60 15 3 11212 1000000 0.130000000
61 16 3 11213 1000000 0.130000000
62 17 3 11214 1000000 0.130000000
63 18 3 11215 1000000 0.130000000
0 20 3 11216 1000000 0.130000000
1 21 3 11217 1000000 0.130000000
2 22 3 11218 1000000 0.130000000
3 23 3 11219 1000000 0.130000000
4 24 3 11220 1000000 0.130000000
5 25 3 11221 1000000 0.130000000
6 26 3 11222 1000000 0.130000000
7 27 3 11223 1000000 0.130000000
8 28 3 11224 1000000 0.130000000
9 29 3 11225 1000000 0.130000000
10 30 3 11226 1000000 0.130000000
11 31 3 11227 1000000 0.130000000
12 32 3 11228 1000000 0.130000000
13 33 3 11229 1000000 0.130000000
14 34 3 11230 1000000 0.130000000
15 35 3 11231 1000000 0.130000000
16 36 3 11232 1000000 0.130000000
17 37 3 11233 1000000 0.130000000
18 38 3 11234 1000000 0.130000000
19 39 3 11235 1000000 0.130000000
20 40 3 11236 1000000 0.130000000
21 41 3 11237 1000000 0.130000000
22 42 3 11238 1000000 0.130000000
23 43 3 11239 1000000 0.130000000
24 44 3 11240 1000000 0.130000000
25 45 3 11241 1000000 0.130000000
26 46 3 11242 1000000 0.130000000
27 47 3 11243 1000000 0.130000000
28 48 3 11244 1000000 0.130000000
29 49 3 11245 1000000 0.130000000
30 50 3 11246 1000000 0.130000000
31 51 3 11247 1000000 0.130000000
32 52 3 11248 1000000 0.130000000
33 53 3 11249 1000000 0.130000000
34 54 3 11250 1000000 0.130000000
35 55 3 11251 1000000 0.130000000
36 56 3 11252 1000000 0.130000000
37 57 3 11253 1000000 0.130000000
38 58 3 11254 1000000 0.130000000
39 59 3 11255 1000000 0.130000000
40 60 3 11256 1000000 0.130000000
41 61 3 11257 1000000 0.130000000
42 62 3 11258 1000000 0.130000000
43 63 3 11259 1000000 0.130000000
44 0 3 11260 1000000 0.130000000
45 1 3 11261 1000000 0.130000000
46 2 3 11262 1000000 0.130000000
47 3 3 11263 1000000 0.130000000
48 4 3 11264 1000000 0.130000000
49 5 3 11265 1000000 0.130000000
50 6 3 11266 1000000 0.130000000
51 7 3 11267 1000000 0.130000000
52 8 3 11268 1000000 0.130000000
53 9 3 11269 1000000 0.130000000
54 10 3 11270 1000000 0.130000000
55 11 3 11271 1000000 0.130000000
56 12 3 11272 1000000 0.130000000
57 13 3 11273 1000000 0.130000000
58 14 3 11274 1000000 0.130000000
59 15 3 11275 1000000 0.130000000
60 16 3 11276 1000000 0.130000000
61 17 3 11277 1000000 0.130000000
62 18 3 11278 1000000 0.130000000
63 19 3 11279 1000000 0.130000000
0 21 3 11280 1000000 0.130000000
1 22 3 11281 1000000 0.130000000
2 23 3 11282 1000000 0.130000000
3 24 3 11283 1000000 0.130000000
4 25 3 11284 1000000 0.130000000
5 26 3 11285 1000000 0.130000000
6 27 3 11286 1000000 0.130000000
7 28 3 11287 1000000 0.130000000
8 29 3 11288 1000000 0.130000000
9 30 3 11289 1000000 0.130000000
10 31 3 11290 1000000 0.130000000
11 32 3 11291 1000000 0.130000000
12 33 3 11292 1000000 0.130000000
13 34 3 11293 1000000 0.130000000
14 35 3 11294 1000000 0.130000000
15 36 3 11295 1000000 0.130000000
16 37 3 11296 1000000 0.130000000
17 38 3 11297 1000000 0.130000000
18 39 3 11298 1000000 0.130000000
19 40 3 11299 1000000 0.130000000
20 41 3 11300 1000000 0.130000000
21 42 3 11301 1000000 0.130000000
22 43 3 11302 1000000 0.130000000
23 44 3 11303 1000000 0.130000000
24 45 3 11304 1000000 0.130000000
25 46 3 11305 1000000 0.130000000
26 47 3 11306 1000000 0.130000000
27 48 3 11307 1000000 0.130000000
28 49 3 11308 1000000 0.130000000
29 50 3 11309 1000000 0.130000000
30 51 3 11310 1000000 0.130000000
31 52 3 11311 1000000 0.130000000
32 53 3 11312 1000000 0.130000000
33 54 3 11313 1000000 0.130000000
34 55 3 11314 1000000 0.130000000
35 56 3 11315 1000000 0.130000000
36 57 3 11316 1000000 0.130000000
37 58 3 11317 1000000 0.130000000
38 59 3 11318 1000000 0.130000000
39 60 3 11319 1000000 0.130000000
40 61 3 11320 1000000 0.130000000
41 62 3 11321 1000000 0.130000000
42 63 3 11322 1000000 0.130000000
43 0 3 11323 1000000 0.130000000
44 1 3 11324 1000000 0.130000000
45 2 3 11325 1000000 0.130000000
46 3 3 11326 1000000 0.130000000
47 4 3 11327 1000000 0.130000000
48 5 3 11328 1000000 0.130000000
49 6 3 11329 1000000 0.130000000
50 7 3 11330 1000000 0.130000000
51 8 3 11331 1000000 0.130000000
52 9 3 11332 1000000 0.130000000
53 10 3 11333 1000000 0.130000000
54 11 3 11334 1000000 0.130000000
55 12 3 11335 1000000 0.130000000
56 13 3 11336 1000000 0.130000000
57 14 3 11337 1000000 0.130000000
58 15 3 11338 1000000 0.130000000
59 16 3 11339 1000000 0.130000000
60 17 3 11340 1000000 0.130000000
61 18 3 11341 1000000 0.130000000
62 19 3 11342 1000000 0.130000000
63 20 3 11343 1000000 0.130000000
0 22 3 11344 1000000 0.130000000
1 23 3 11345 1000000 0.130000000
2 24 3 11346 1000000 0.130000000
3 25 3 11347 1000000 0.130000000
4 26 3 11348 1000000 0.130000000
5 27 3 11349 1000000 0.130000000
6 28 3 11350 1000000 0.130000000
7 29 3 11351 1000000 0.130000000
8 30 3 11352 1000000 0.130000000
9 31 3 11353 1000000 0.130000000
10 32 3 11354 1000000 0.130000000
11 33 3 11355 1000000 0.130000000
12 34 3 11356 1000000 0.130000000
13 35 3 11357 1000000 0.130000000
14 36 3 11358 1000000 0.130000000
15 37 3 11359 1000000 0.130000000
16 38 3 11360 1000000 0.130000000
17 39 3 11361 1000000 0.130000000
18 40 3 11362 1000000 0.130000000
19 41 3 11363 1000000 0.130000000
20 42 3 11364 1000000 0.130000000
21 43 3 11365 1000000 0.130000000
22 44 3 11366 1000000 0.130000000
23 45 3 11367 1000000 0.130000000
24 46 3 11368 1000000 0.130000000
25 47 3 11369 1000000 0.130000000
26 48 3 11370 1000000 0.130000000
27 49 3 11371 1000000 0.130000000
28 50 3 11372 1000000 0.130000000
29 51 3 11373 1000000 0.130000000
30 52 3 11374 1000000 0.130000000
31 53 3 11375 1000000 0.130000000
32 54 3 11376 1000000 0.130000000
33 55 3 11377 1000000 0.130000000
34 56 3 11378 1000000 0.130000000
35 57 3 11379 1000000 0.130000000
36 58 3 11380 1000000 0.130000000
37 59 3 11381 1000000 0.130000000
38 60 3 11382 1000000 0.130000000
39 61 3 11383 1000000 0.130000000
40 62 3 11384 1000000 0.130000000
41 63 3 11385 1000000 0.130000000
42 0 3 11386 1000000 0.130000000
43 1 3 11387 1000000 0.130000000
44 2 3 11388 1000000 0.130000000
45 3 3 11389 1000000 0.130000000
46 4 3 11390 1000000 0.130000000
47 5 3 11391 1000000 0.130000000
48 6 3 11392 1000000 0.130000000
49 7 3 11393 1000000 0.130000000
50 8 3 11394 1000000 0.130000000
51 9 3 11395 1000000 0.130000000
52 10 3 11396 1000000 0.130000000
53 11 3 11397 1000000 0.130000000
54 12 3 11398 1000000 0.130000000
55 13 3 11399 1000000 0.130000000
56 14 3 11400 1000000 0.130000000
57 15 3 11401 1000000 0.130000000
58 16 3 11402 1000000 0.130000000
59 17 3 11403 1000000 0.130000000
60 18 3 11404 1000000 0.130000000
61 19 3 11405 1000000 0.130000000
62 20 3 11406 1000000 0.130000000
63 21 3 11407 1000000 0.130000000
0 23 3 11408 1000000 0.130000000
1 24 3 11409 1000000 0.130000000
2 25 3 11410 1000000 0.130000000
3 26 3 11411 1000000 0.130000000
4 27 3 11412 1000000 0.130000000
5 28 3 11413 1000000 0.130000000
6 29 3 11414 1000000 0.130000000
7 30 3 11415 1000000 0.130000000
8 31 3 11416 1000000 0.130000000
9 32 3 11417 1000000 0.130000000
10 33 3 11418 1000000 0.130000000
11 34 3 11419 1000000 0.130000000
12 35 3 11420 1000000 0.130000000
13 36 3 11421 1000000 0.130000000
14 37 3 11422 1000000 0.130000000
15 38 3 11423 1000000 0.130000000
16 39 3 11424 1000000 0.130000000
17 40 3 11425 1000000 0.130000000
18 41 3 11426 1000000 0.130000000
19 42 3 11427 1000000 0.130000000
20 43 3 11428 1000000 0.130000000
21 44 3 11429 1000000 0.130000000
22 45 3 11430 1000000 0.130000000
23 46 3 11431 1000000 0.130000000
24 47 3 11432 1000000 0.130000000
25 48 3 11433 1000000 0.130000000
26 49 3 11434 1000000 0.130000000
27 50 3 11435 1000000 0.130000000
28 51 3 11436 1000000 0.130000000
29 52 3 11437 1000000 0.130000000
30 53 3 11438 1000000 0.130000000
31 54 3 11439 1000000 0.130000000
32 55 3 11440 1000000 0.130000000
33 56 3 11441 1000000 0.130000000
34 57 3 11442 1000000 0.130000000
35 58 3 11443 1000000 0.130000000
36 59 3 11444 1000000 0.130000000
37 60 3 11445 1000000 0.130000000
38 61 3 11446 1000000 0.130000000
39 62 3 11447 1000000 0.130000000
40 63 3 11448 1000000 0.130000000
41 0 3 11449 1000000 0.130000000
42 1 3 11450 1000000 0.130000000
43 2 3 11451 1000000 0.130000000
44 3 3 11452 1000000 0.130000000
45 4 3 11453 1000000 0.130000000
46 5 3 11454 1000000 0.130000000
47 6 3 11455 1000000 0.130000000
48 7 3 11456 1000000 0.130000000
49 8 3 11457 1000000 0.130000000
50 9 3 11458 1000000 0.130000000
51 10 3 11459 1000000 0.130000000
52 11 3 11460 1000000 0.130000000
53 12 3 11461 1000000 0.130000000
54 13 3 11462 1000000 0.130000000
55 14 3 11463 1000000 0.130000000
56 15 3 11464 1000000 0.130000000
57 16 3 11465 1000000 0.130000000
58 17 3 11466 1000000 0.130000000
59 18 3 11467 1000000 0.130000000
60 19 3 11468 1000000 0.130000000
61 20 3 11469 1000000 0.130000000
62 21 3 11470 1000000 0.130000000
63 22 3 11471 1000000 0.130000000
0 24 3 11472 1000000 0.130000000
1 25 3 11473 1000000 0.130000000
2 26 3 11474 1000000 0.130000000
3 27 3 11475 1000000 0.130000000
4 28 3 11476 1000000 0.130000000
5 29 3 11477 1000000 0.130000000
6 30 3 11478 1000000 0.130000000
7 31 3 11479 1000000 0.130000000
8 32 3 11480 1000000 0.130000000
9 33 3 11481 1000000 0.130000000
10 34 3 11482 1000000 0.130000000
11 35 3 11483 1000000 0.130000000
12 36 3 11484 1000000 0.130000000
13 37 3 11485 1000000 0.130000000
14 38 3 11486 1000000 0.130000000
15 39 3 11487 1000000 0.130000000
16 40 3 11488 1000000 0.130000000
17 41 3 11489 1000000 0.130000000
18 42 3 11490 1000000 0.130000000
19 43 3 11491 1000000 0.130000000
20 44 3 11492 1000000 0.130000000
21 45 3 11493 1000000 0.130000000
22 46 3 11494 1000000 0.130000000
23 47 3 11495 1000000 0.130000000
24 48 3 11496 1000000 0.130000000
25 49 3 11497 1000000 0.130000000
26 50 3 11498 1000000 0.130000000
27 51 3 11499 1000000 0.130000000
28 52 3 11500 1000000 0.130000000
29 53 3 11501 1000000 0.130000000
30 54 3 11502 1000000 0.130000000
31 55 3 11503 1000000 0.130000000
32 56 3 11504 1000000 0.130000000
33 57 3 11505 1000000 0.130000000
34 58 3 11506 1000000 0.130000000
35 59 3 11507 1000000 0.130000000
36 60 3 11508 1000000 0.130000000
37 61 3 11509 1000000 0.130000000
38 62 3 11510 1000000 0.130000000
39 63 3 11511 1000000 0.130000000
40 0 3 11512 1000000 0.130000000
41 1 3 11513 1000000 0.130000000
42 2 3 11514 1000000 0.130000000
43 3 3 11515 1000000 0.130000000
44 4 3 11516 1000000 0.130000000
45 5 3 11517 1000000 0.130000000
46 6 3 11518 1000000 0.130000000
47 7 3 11519 1000000 0.130000000
48 8 3 11520 1000000 0.130000000
49 9 3 11521 1000000 0.130000000
50 10 3 11522 1000000 0.130000000
51 11 3 11523 1000000 0.130000000
52 12 3 11524 1000000 0.130000000
53 13 3 11525 1000000 0.130000000
54 14 3 11526 1000000 0.130000000
55 15 3 11527 1000000 0.130000000
56 16 3 11528 1000000 0.130000000
57 17 3 11529 1000000 0.130000000
58 18 3 11530 1000000 0.130000000
59 19 3 11531 1000000 0.130000000
60 20 3 11532 1000000 0.130000000
61 21 3 11533 1000000 0.130000000
62 22 3 11534 1000000 0.130000000
63 23 3 11535 1000000 0.130000000
0 25 3 11536 1000000 0.130000000
1 26 3 11537 1000000 0.130000000
2 27 3 11538 1000000 0.130000000
3 28 3 11539 1000000 0.130000000
4 29 3 11540 1000000 0.130000000
5 30 3 11541 1000000 0.130000000
6 31 3 11542 1000000 0.130000000
7 32 3 11543 1000000 0.130000000
8 33 3 11544 1000000 0.130000000
9 34 3 11545 1000000 0.130000000
10 35 3 11546 1000000 0.130000000
11 36 3 11547 1000000 0.130000000
12 37 3 11548 1000000 0.130000000
13 38 3 11549 1000000 0.130000000
14 39 3 11550 1000000 0.130000000
15 40 3 11551 1000000 0.130000000
16 41 3 11552 1000000 0.130000000
17 42 3 11553 1000000 0.130000000
18 43 3 11554 1000000 0.130000000
19 44 3 11555 1000000 0.130000000
20 45 3 11556 1000000 0.130000000
21 46 3 11557 1000000 0.130000000
22 47 3 11558 1000000 0.130000000
23 48 3 11559 1000000 0.130000000
24 49 3 11560 1000000 0.130000000
25 50 3 11561 1000000 0.130000000
26 51 3 11562 1000000 0.130000000
27 52 3 11563 1000000 0.130000000
28 53 3 11564 1000000 0.130000000
29 54 3 11565 1000000 0.130000000
30 55 3 11566 1000000 0.130000000
31 56 3 11567 1000000 0.130000000
32 57 3 11568 1000000 0.130000000
33 58 3 11569 1000000 0.130000000
34 59 3 11570 1000000 0.130000000
35 60 3 11571 1000000 0.130000000
36 61 3 11572 1000000 0.130000000
37 62 3 11573 1000000 0.130000000
38 63 3 11574 1000000 0.130000000
39 0 3 11575 1000000 0.130000000
40 1 3 11576 1000000 0.130000000
41 2 3 11577 1000000 0.130000000
42 3 3 11578 1000000 0.130000000
43 4 3 11579 1000000 0.130000000
44 5 3 11580 1000000 0.130000000
45 6 3 11581 1000000 0.130000000
46 7 3 11582 1000000 0.130000000
47 8 3 11583 1000000 0.130000000
48 9 3 11584 1000000 0.130000000
49 10 3 11585 1000000 0.130000000
50 11 3 11586 1000000 0.130000000
51 12 3 11587 1000000 0.130000000
52 13 3 11588 1000000 0.130000000
53 14 3 11589 1000000 0.130000000
54 15 3 11590 1000000 0.130000000
55 16 3 11591 1000000 0.130000000
56 17 3 11592 1000000 0.130000000
57 18 3 11593 1000000 0.130000000
58 19 3 11594 1000000 0.130000000
59 20 3 11595 1000000 0.130000000
60 21 3 11596 1000000 0.130000000
61 22 3 11597 1000000 0.130000000
62 23 3 11598 1000000 0.130000000
63 24 3 11599 1000000 0.130000000
0 26 3 11600 1000000 0.130000000
1 27 3 11601 1000000 0.130000000
2 28 3 11602 1000000 0.130000000
3 29 3 11603 1000000 0.130000000
4 30 3 11604 1000000 0.130000000
5 31 3 11605 1000000 0.130000000
6 32 3 11606 1000000 0.130000000
7 33 3 11607 1000000 0.130000000
8 34 3 11608 1000000 0.130000000
9 35 3 11609 1000000 0.130000000
10 36 3 11610 1000000 0.130000000
11 37 3 11611 1000000 0.130000000
12 38 3 11612 1000000 0.130000000
13 39 3 11613 1000000 0.130000000
14 40 3 11614 1000000 0.130000000
15 41 3 11615 1000000 0.130000000
16 42 3 11616 1000000 0.130000000
17 43 3 11617 1000000 0.130000000
18 44 3 11618 1000000 0.130000000
19 45 3 11619 1000000 0.130000000
20 46 3 11620 1000000 0.130000000
21 47 3 11621 1000000 0.130000000
22 48 3 11622 1000000 0.130000000
23 49 3 11623 1000000 0.130000000
24 50 3 11624 1000000 0.130000000
25 51 3 11625 1000000 0.130000000
26 52 3 11626 1000000 0.130000000
27 53 3 11627 1000000 0.130000000
28 54 3 11628 1000000 0.130000000
29 55 3 11629 1000000 0.130000000
30 56 3 11630 1000000 0.130000000
31 57 3 11631 1000000 0.130000000
32 58 3 11632 1000000 0.130000000
33 59 3 11633 1000000 0.130000000
34 60 3 11634 1000000 0.130000000
35 61 3 11635 1000000 0.130000000
36 62 3 11636 1000000 0.130000000
37 63 3 11637 1000000 0.130000000
38 0 3 11638 1000000 0.130000000
39 1 3 11639 1000000 0.130000000
40 2 3 11640 1000000 0.130000000
41 3 3 11641 1000000 0.130000000
42 4 3 11642 1000000 0.130000000
43 5 3 11643 1000000 0.130000000
44 6 3 11644 1000000 0.130000000
45 7 3 11645 1000000 0.130000000
46 8 3 11646 1000000 0.130000000
47 9 3 11647 1000000 0.130000000
48 10 3 11648 1000000 0.130000000
49 11 3 11649 1000000 0.130000000
50 12 3 11650 1000000 0.130000000
51 13 3 11651 1000000 0.130000000
52 14 3 11652 1000000 0.130000000
53 15 3 11653 1000000 0.130000000
54 16 3 11654 1000000 0.130000000
55 17 3 11655 1000000 0.130000000
56 18 3 11656 1000000 0.130000000
57 19 3 11657 1000000 0.130000000
58 20 3 11658 1000000 0.130000000
59 21 3 11659 1000000 0.130000000
60 22 3 11660 1000000 0.130000000
61 23 3 11661 1000000 0.130000000
62 24 3 11662 1000000 0.130000000
63 25 3 11663 1000000 0.130000000
0 27 3 11664 1000000 0.130000000
1 28 3 11665 1000000 0.130000000
2 29 3 11666 1000000 0.130000000
3 30 3 11667 1000000 0.130000000
4 31 3 11668 1000000 0.130000000
5 32 3 11669 1000000 0.130000000
6 33 3 11670 1000000 0.130000000
7 34 3 11671 1000000 0.130000000
8 35 3 11672 1000000 0.130000000
9 36 3 11673 1000000 0.130000000
10 37 3 11674 1000000 0.130000000
11 38 3 11675 1000000 0.130000000
12 39 3 11676 1000000 0.130000000
13 40 3 11677 1000000 0.130000000
14 41 3 11678 1000000 0.130000000
15 42 3 11679 1000000 0.130000000
16 43 3 11680 1000000 0.130000000
17 44 3 11681 1000000 0.130000000
18 45 3 11682 1000000 0.130000000
19 46 3 11683 1000000 0.130000000
20 47 3 11684 1000000 0.130000000
21 48 3 11685 1000000 0.130000000
22 49 3 11686 1000000 0.130000000
23 50 3 11687 1000000 0.130000000
24 51 3 11688 1000000 0.130000000
25 52 3 11689 1000000 0.130000000
26 53 3 11690 1000000 0.130000000
27 54 3 11691 1000000 0.130000000
28 55 3 11692 1000000 0.130000000
29 56 3 11693 1000000 0.130000000
30 57 3 11694 1000000 0.130000000
31 58 3 11695 1000000 0.130000000
32 59 3 11696 1000000 0.130000000
33 60 3 11697 1000000 0.130000000
34 61 3 11698 1000000 0.130000000
35 62 3 11699 1000000 0.130000000
36 63 3 11700 1000000 0.130000000
37 0 3 11701 1000000 0.130000000
38 1 3 11702 1000000 0.130000000
39 2 3 11703 1000000 0.130000000
40 3 3 11704 1000000 0.130000000
41 4 3 11705 1000000 0.130000000
42 5 3 11706 1000000 0.130000000
43 6 3 11707 1000000 0.130000000
44 7 3 11708 1000000 0.130000000
45 8 3 11709 1000000 0.130000000
46 9 3 11710 1000000 0.130000000
47 10 3 11711 1000000 0.130000000
48 11 3 11712 1000000 0.130000000
49 12 3 11713 1000000 0.130000000
50 13 3 11714 1000000 0.130000000
51 14 3 11715 1000000 0.130000000
52 15 3 11716 1000000 0.130000000
53 16 3 11717 1000000 0.130000000
54 17 3 11718 1000000 0.130000000
55 18 3 11719 1000000 0.130000000
56 19 3 11720 1000000 0.130000000
57 20 3 11721 1000000 0.130000000
58 21 3 11722 1000000 0.130000000
59 22 3 11723 1000000 0.130000000
60 23 3 11724 1000000 0.130000000
61 24 3 11725 1000000 0.130000000
62 25 3 11726 1000000 0.130000000
63 26 3 11727 1000000 0.130000000
0 28 3 11728 1000000 0.130000000
1 29 3 11729 1000000 0.130000000
2 30 3 11730 1000000 0.130000000
3 31 3 11731 1000000 0.130000000
4 32 3 11732 1000000 0.130000000
5 33 3 11733 1000000 0.130000000
6 34 3 11734 1000000 0.130000000
7 35 3 11735 1000000 0.130000000
8 36 3 11736 1000000 0.130000000
9 37 3 11737 1000000 0.130000000
10 38 3 11738 1000000 0.130000000
11 39 3 11739 1000000 0.130000000
12 40 3 11740 1000000 0.130000000
13 41 3 11741 1000000 0.130000000
14 42 3 11742 1000000 0.130000000
15 43 3 11743 1000000 0.130000000
16 44 3 11744 1000000 0.130000000
17 45 3 11745 1000000 0.130000000
18 46 3 11746 1000000 0.130000000
19 47 3 11747 1000000 0.130000000
20 48 3 11748 1000000 0.130000000
21 49 3 11749 1000000 0.130000000
22 50 3 11750 1000000 0.130000000
23 51 3 11751 1000000 0.130000000
24 52 3 11752 1000000 0.130000000
25 53 3 11753 1000000 0.130000000
26 54 3 11754 1000000 0.130000000
27 55 3 11755 1000000 0.130000000
28 56 3 11756 1000000 0.130000000
29 57 3 11757 1000000 0.130000000
30 58 3 11758 1000000 0.130000000
31 59 3 11759 1000000 0.130000000
32 60 3 11760 1000000 0.130000000
33 61 3 11761 1000000 0.130000000
34 62 3 11762 1000000 0.130000000
35 63 3 11763 1000000 0.130000000
36 0 3 11764 1000000 0.130000000
37 1 3 11765 1000000 0.130000000
38 2 3 11766 1000000 0.130000000
39 3 3 11767 1000000 0.130000000
40 4 3 11768 1000000 0.130000000
41 5 3 11769 1000000 0.130000000
42 6 3 11770 1000000 0.130000000
43 7 3 11771 1000000 0.130000000
44 8 3 11772 1000000 0.130000000
45 9 3 11773 1000000 0.130000000
46 10 3 11774 1000000 0.130000000
47 11 3 11775 1000000 0.130000000
48 12 3 11776 1000000 0.130000000
49 13 3 11777 1000000 0.130000000
50 14 3 11778 1000000 0.130000000
51 15 3 11779 1000000 0.130000000
52 16 3 11780 1000000 0.130000000
53 17 3 11781 1000000 0.130000000
54 18 3 11782 1000000 0.130000000
55 19 3 11783 1000000 0.130000000
56 20 3 11784 1000000 0.130000000
57 21 3 11785 1000000 0.130000000
58 22 3 11786 1000000 0.130000000
59 23 3 11787 1000000 0.130000000
60 24 3 11788 1000000 0.130000000
61 25 3 11789 1000000 0.130000000
62 26 3 11790 1000000 0.130000000
63 27 3 11791 1000000 0.130000000
0 29 3 11792 1000000 0.130000000
1 30 3 11793 1000000 0.130000000
2 31 3 11794 1000000 0.130000000
3 32 3 11795 1000000 0.130000000
4 33 3 11796 1000000 0.130000000
5 34 3 11797 1000000 0.130000000
6 35 3 11798 1000000 0.130000000
7 36 3 11799 1000000 0.130000000
8 37 3 11800 1000000 0.130000000
9 38 3 11801 1000000 0.130000000
10 39 3 11802 1000000 0.130000000
11 40 3 11803 1000000 0.130000000
12 41 3 11804 1000000 0.130000000
13 42 3 11805 1000000 0.130000000
14 43 3 11806 1000000 0.130000000
15 44 3 11807 1000000 0.130000000
16 45 3 11808 1000000 0.130000000
17 46 3 11809 1000000 0.130000000
18 47 3 11810 1000000 0.130000000
19 48 3 11811 1000000 0.130000000
20 49 3 11812 1000000 0.130000000
21 50 3 11813 1000000 0.130000000
22 51 3 11814 1000000 0.130000000
23 52 3 11815 1000000 0.130000000
24 53 3 11816 1000000 0.130000000
25 54 3 11817 1000000 0.130000000
26 55 3 11818 1000000 0.130000000
27 56 3 11819 1000000 0.130000000
28 57 3 11820 1000000 0.130000000
29 58 3 11821 1000000 0.130000000
30 59 3 11822 1000000 0.130000000
31 60 3 11823 1000000 0.130000000
32 61 3 11824 1000000 0.130000000
33 62 3 11825 1000000 0.130000000
34 63 3 11826 1000000 0.130000000
35 0 3 11827 1000000 0.130000000
36 1 3 11828 1000000 0.130000000
37 2 3 11829 1000000 0.130000000
38 3 3 11830 1000000 0.130000000
39 4 3 11831 1000000 0.130000000
40 5 3 11832 1000000 0.130000000
41 6 3 11833 1000000 0.130000000
42 7 3 11834 1000000 0.130000000
43 8 3 11835 1000000 0.130000000
44 9 3 11836 1000000 0.130000000
45 10 3 11837 1000000 0.130000000
46 11 3 11838 1000000 0.130000000
47 12 3 11839 1000000 0.130000000
48 13 3 11840 1000000 0.130000000
49 14 3 11841 1000000 0.130000000
50 15 3 11842 1000000 0.130000000
51 16 3 11843 1000000 0.130000000
52 17 3 11844 1000000 0.130000000
53 18 3 11845 1000000 0.130000000
54 19 3 11846 1000000 0.130000000
55 20 3 11847 1000000 0.130000000
56 21 3 11848 1000000 0.130000000
57 22 3 11849 1000000 0.130000000
58 23 3 11850 1000000 0.130000000
59 24 3 11851 1000000 0.130000000
60 25 3 11852 1000000 0.130000000
61 26 3 11853 1000000 0.130000000
62 27 3 11854 1000000 0.130000000
63 28 3 11855 1000000 0.130000000
0 30 3 11856 1000000 0.130000000
1 31 3 11857 1000000 0.130000000
2 32 3 11858 1000000 0.130000000
3 33 3 11859 1000000 0.130000000
4 34 3 11860 1000000 0.130000000
5 35 3 11861 1000000 0.130000000
6 36 3 11862 1000000 0.130000000
7 37 3 11863 1000000 0.130000000
8 38 3 11864 1000000 0.130000000
9 39 3 11865 1000000 0.130000000
10 40 3 11866 1000000 0.130000000
11 41 3 11867 1000000 0.130000000
12 42 3 11868 1000000 0.130000000
13 43 3 11869 1000000 0.130000000
14 44 3 11870 1000000 0.130000000
15 45 3 11871 1000000 0.130000000
16 46 3 11872 1000000 0.130000000
17 47 3 11873 1000000 0.130000000
18 48 3 11874 1000000 0.130000000
19 49 3 11875 1000000 0.130000000
20 50 3 11876 1000000 0.130000000
21 51 3 11877 1000000 0.130000000
22 52 3 11878 1000000 0.130000000
23 53 3 11879 1000000 0.130000000
24 54 3 11880 1000000 0.130000000
25 55 3 11881 1000000 0.130000000
26 56 3 11882 1000000 0.130000000
27 57 3 11883 1000000 0.130000000
28 58 3 11884 1000000 0.130000000
29 59 3 11885 1000000 0.130000000
30 60 3 11886 1000000 0.130000000
31 61 3 11887 1000000 0.130000000
32 62 3 11888 1000000 0.130000000
33 63 3 11889 1000000 0.130000000
34 0 3 11890 1000000 0.130000000
35 1 3 11891 1000000 0.130000000
36 2 3 11892 1000000 0.130000000
37 3 3 11893 1000000 0.130000000
38 4 3 11894 1000000 0.130000000
39 5 3 11895 1000000 0.130000000
40 6 3 11896 1000000 0.130000000
41 7 3 11897 1000000 0.130000000
42 8 3 11898 1000000 0.130000000
43 9 3 11899 1000000 0.130000000
44 10 3 11900 1000000 0.130000000
45 11 3 11901 1000000 0.130000000
46 12 3 11902 1000000 0.130000000
47 13 3 11903 1000000 0.130000000
48 14 3 11904 1000000 0.130000000
49 15 3 11905 1000000 0.130000000
50 16 3 11906 1000000 0.130000000
51 17 3 11907 1000000 0.130000000
52 18 3 11908 1000000 0.130000000
53 19 3 11909 1000000 0.130000000
54 20 3 11910 1000000 0.130000000
55 21 3 11911 1000000 0.130000000
56 22 3 11912 1000000 0.130000000
57 23 3 11913 1000000 0.130000000
58 24 3 11914 1000000 0.130000000
59 25 3 11915 1000000 0.130000000
60 26 3 11916 1000000 0.130000000
61 27 3 11917 1000000 0.130000000
62 28 3 11918 1000000 0.130000000
63 29 3 11919 1000000 0.130000000
0 31 3 11920 1000000 0.130000000
1 32 3 11921 1000000 0.130000000
2 33 3 11922 1000000 0.130000000
3 34 3 11923 1000000 0.130000000
4 35 3 11924 1000000 0.130000000
5 36 3 11925 1000000 0.130000000
6 37 3 11926 1000000 0.130000000
7 38 3 11927 1000000 0.130000000
8 39 3 11928 1000000 0.130000000
9 40 3 11929 1000000 0.130000000
10 41 3 11930 1000000 0.130000000
11 42 3 11931 1000000 0.130000000
12 43 3 11932 1000000 0.130000000
13 44 3 11933 1000000 0.130000000
14 45 3 11934 1000000 0.130000000
15 46 3 11935 1000000 0.130000000
16 47 3 11936 1000000 0.130000000
17 48 3 11937 1000000 0.130000000
18 49 3 11938 1000000 0.130000000
19 50 3 11939 1000000 0.130000000
20 51 3 11940 1000000 0.130000000
21 52 3 11941 1000000 0.130000000
22 53 3 11942 1000000 0.130000000
23 54 3 11943 1000000 0.130000000
24 55 3 11944 1000000 0.130000000
25 56 3 11945 1000000 0.130000000
26 57 3 11946 1000000 0.130000000
27 58 3 11947 1000000 0.130000000
28 59 3 11948 1000000 0.130000000
29 60 3 11949 1000000 0.130000000
30 61 3 11950 1000000 0.130000000
31 62 3 11951 1000000 0.130000000
32 63 3 11952 1000000 0.130000000
33 0 3 11953 1000000 0.130000000
34 1 3 11954 1000000 0.130000000
35 2 3 11955 1000000 0.130000000
36 3 3 11956 1000000 0.130000000
37 4 3 11957 1000000 0.130000000
38 5 3 11958 1000000 0.130000000
39 6 3 11959 1000000 0.130000000
40 7 3 11960 1000000 0.130000000
41 8 3 11961 1000000 0.130000000
42 9 3 11962 1000000 0.130000000
43 10 3 11963 1000000 0.130000000
44 11 3 11964 1000000 0.130000000
45 12 3 11965 1000000 0.130000000
46 13 3 11966 1000000 0.130000000
47 14 3 11967 1000000 0.130000000
48 15 3 11968 1000000 0.130000000
49 16 3 11969 1000000 0.130000000
50 17 3 11970 1000000 0.130000000
51 18 3 11971 1000000 0.130000000
52 19 3 11972 1000000 0.130000000
53 20 3 11973 1000000 0.130000000
54 21 3 11974 1000000 0.130000000
55 22 3 11975 1000000 0.130000000
56 23 3 11976 1000000 0.130000000
57 24 3 11977 1000000 0.130000000
58 25 3 11978 1000000 0.130000000
59 26 3 11979 1000000 0.130000000
60 27 3 11980 1000000 0.130000000
61 28 3 11981 1000000 0.130000000
62 29 3 11982 1000000 0.130000000
63 30 3 11983 1000000 0.130000000
0 32 3 11984 1000000 0.130000000
1 33 3 11985 1000000 0.130000000
2 34 3 11986 1000000 0.130000000
3 35 3 11987 1000000 0.130000000
4 36 3 11988 1000000 0.130000000
5 37 3 11989 1000000 0.130000000
6 38 3 11990 1000000 0.130000000
7 39 3 11991 1000000 0.130000000
8 40 3 11992 1000000 0.130000000
9 41 3 11993 1000000 0.130000000
10 42 3 11994 1000000 0.130000000
11 43 3 11995 1000000 0.130000000
12 44 3 11996 1000000 0.130000000
13 45 3 11997 1000000 0.130000000
14 46 3 11998 1000000 0.130000000
15 47 3 11999 1000000 0.130000000
16 48 3 12000 1000000 0.130000000
17 49 3 12001 1000000 0.130000000
18 50 3 12002 1000000 0.130000000
19 51 3 12003 1000000 0.130000000
20 52 3 12004 1000000 0.130000000
21 53 3 12005 1000000 0.130000000
22 54 3 12006 1000000 0.130000000
23 55 3 12007 1000000 0.130000000
24 56 3 12008 1000000 0.130000000
25 57 3 12009 1000000 0.130000000
26 58 3 12010 1000000 0.130000000
27 59 3 12011 1000000 0.130000000
28 60 3 12012 1000000 0.130000000
29 61 3 12013 1000000 0.130000000
30 62 3 12014 1000000 0.130000000
31 63 3 12015 1000000 0.130000000
32 0 3 12016 1000000 0.130000000
33 1 3 12017 1000000 0.130000000
34 2 3 12018 1000000 0.130000000
35 3 3 12019 1000000 0.130000000
36 4 3 12020 1000000 0.130000000
37 5 3 12021 1000000 0.130000000
38 6 3 12022 1000000 0.130000000
39 7 3 12023 1000000 0.130000000
40 8 3 12024 1000000 0.130000000
41 9 3 12025 1000000 0.130000000
42 10 3 12026 1000000 0.130000000
43 11 3 12027 1000000 0.130000000
44 12 3 12028 1000000 0.130000000
45 13 3 12029 1000000 0.130000000
46 14 3 12030 1000000 0.130000000
47 15 3 12031 1000000 0.130000000
48 16 3 12032 1000000 0.130000000
49 17 3 12033 1000000 0.130000000
50 18 3 12034 1000000 0.130000000
51 19 3 12035 1000000 0.130000000
52 20 3 12036 1000000 0.130000000
53 21 3 12037 1000000 0.130000000
54 22 3 12038 1000000 0.130000000
55 23 3 12039 1000000 0.130000000
56 24 3 12040 1000000 0.130000000
57 25 3 12041 1000000 0.130000000
58 26 3 12042 1000000 0.130000000
59 27 3 12043 1000000 0.130000000
60 28 3 12044 1000000 0.130000000
61 29 3 12045 1000000 0.130000000
62 30 3 12046 1000000 0.130000000
63 31 3 12047 1000000 0.130000000
0 33 3 12048 1000000 0.130000000
1 34 3 12049 1000000 0.130000000
2 35 3 12050 1000000 0.130000000
3 36 3 12051 1000000 0.130000000
4 37 3 12052 1000000 0.130000000
5 38 3 12053 1000000 0.130000000
6 39 3 12054 1000000 0.130000000
7 40 3 12055 1000000 0.130000000
8 41 3 12056 1000000 0.130000000
9 42 3 12057 1000000 0.130000000
10 43 3 12058 1000000 0.130000000
11 44 3 12059 1000000 0.130000000
12 45 3 12060 1000000 0.130000000
13 46 3 12061 1000000 0.130000000
14 47 3 12062 1000000 0.130000000
15 48 3 12063 1000000 0.130000000
16 49 3 12064 1000000 0.130000000
17 50 3 12065 1000000 0.130000000
18 51 3 12066 1000000 0.130000000
19 52 3 12067 1000000 0.130000000
20 53 3 12068 1000000 0.130000000
21 54 3 12069 1000000 0.130000000
22 55 3 12070 1000000 0.130000000
23 56 3 12071 1000000 0.130000000
24 57 3 12072 1000000 0.130000000
25 58 3 12073 1000000 0.130000000
26 59 3 12074 1000000 0.130000000
27 60 3 12075 1000000 0.130000000
28 61 3 12076 1000000 0.130000000
29 62 3 12077 1000000 0.130000000
30 63 3 12078 1000000 0.130000000
31 0 3 12079 1000000 0.130000000
32 1 3 12080 1000000 0.130000000
33 2 3 12081 1000000 0.130000000
34 3 3 12082 1000000 0.130000000
35 4 3 12083 1000000 0.130000000
36 5 3 12084 1000000 0.130000000
37 6 3 12085 1000000 0.130000000
38 7 3 12086 1000000 0.130000000
39 8 3 12087 1000000 0.130000000
40 9 3 12088 1000000 0.130000000
41 10 3 12089 1000000 0.130000000
42 11 3 12090 1000000 0.130000000
43 12 3 12091 1000000 0.130000000
44 13 3 12092 1000000 0.130000000
45 14 3 12093 1000000 0.130000000
46 15 3 12094 1000000 0.130000000
47 16 3 12095 1000000 0.130000000
48 17 3 12096 1000000 0.130000000
49 18 3 12097 1000000 0.130000000
50 19 3 12098 1000000 0.130000000
51 20 3 12099 1000000 0.130000000
52 21 3 12100 1000000 0.130000000
53 22 3 12101 1000000 0.130000000
54 23 3 12102 1000000 0.130000000
55 24 3 12103 1000000 0.130000000
56 25 3 12104 1000000 0.130000000
57 26 3 12105 1000000 0.130000000
58 27 3 12106 1000000 0.130000000
59 28 3 12107 1000000 0.130000000
60 29 3 12108 1000000 0.130000000
61 30 3 12109 1000000 0.130000000
62 31 3 12110 1000000 0.130000000
63 32 3 12111 1000000 0.130000000
0 34 3 12112 1000000 0.130000000
1 35 3 12113 1000000 0.130000000
2 36 3 12114 1000000 0.130000000
3 37 3 12115 1000000 0.130000000
4 38 3 12116 1000000 0.130000000
5 39 3 12117 1000000 0.130000000
6 40 3 12118 1000000 0.130000000
7 41 3 12119 1000000 0.130000000
8 42 3 12120 1000000 0.130000000
9 43 3 12121 1000000 0.130000000
10 44 3 12122 1000000 0.130000000
11 45 3 12123 1000000 0.130000000
12 46 3 12124 1000000 0.130000000
13 47 3 12125 1000000 0.130000000
14 48 3 12126 1000000 0.130000000
15 49 3 12127 1000000 0.130000000
16 50 3 12128 1000000 0.130000000
17 51 3 12129 1000000 0.130000000
18 52 3 12130 1000000 0.130000000
19 53 3 12131 1000000 0.130000000
20 54 3 12132 1000000 0.130000000
21 55 3 12133 1000000 0.130000000
22 56 3 12134 1000000 0.130000000
23 57 3 12135 1000000 0.130000000
24 58 3 12136 1000000 0.130000000
25 59 3 12137 1000000 0.130000000
26 60 3 12138 1000000 0.130000000
27 61 3 12139 1000000 0.130000000
28 62 3 12140 1000000 0.130000000
29 63 3 12141 1000000 0.130000000
30 0 3 12142 1000000 0.130000000
31 1 3 12143 1000000 0.130000000
32 2 3 12144 1000000 0.130000000
33 3 3 12145 1000000 0.130000000
34 4 3 12146 1000000 0.130000000
35 5 3 12147 1000000 0.130000000
36 6 3 12148 1000000 0.130000000
37 7 3 12149 1000000 0.130000000
38 8 3 12150 1000000 0.130000000
39 9 3 12151 1000000 0.130000000
40 10 3 12152 1000000 0.130000000
41 11 3 12153 1000000 0.130000000
42 12 3 12154 1000000 0.130000000
43 13 3 12155 1000000 0.130000000
44 14 3 12156 1000000 0.130000000
45 15 3 12157 1000000 0.130000000
46 16 3 12158 1000000 0.130000000
47 17 3 12159 1000000 0.130000000
48 18 3 12160 1000000 0.130000000
49 19 3 12161 1000000 0.130000000
50 20 3 12162 1000000 0.130000000
51 21 3 12163 1000000 0.130000000
52 22 3 12164 1000000 0.130000000
53 23 3 12165 1000000 0.130000000
54 24 3 12166 1000000 0.130000000
55 25 3 12167 1000000 0.130000000
56 26 3 12168 1000000 0.130000000
57 27 3 12169 1000000 0.130000000
58 28 3 12170 1000000 0.130000000
59 29 3 12171 1000000 0.130000000
60 30 3 12172 1000000 0.130000000
61 31 3 12173 1000000 0.130000000
62 32 3 12174 1000000 0.130000000
63 33 3 12175 1000000 0.130000000
0 35 3 12176 1000000 0.130000000
1 36 3 12177 1000000 0.130000000
2 37 3 12178 1000000 0.130000000
3 38 3 12179 1000000 0.130000000
4 39 3 12180 1000000 0.130000000
5 40 3 12181 1000000 0.130000000
6 41 3 12182 1000000 0.130000000
7 42 3 12183 1000000 0.130000000
8 43 3 12184 1000000 0.130000000
9 44 3 12185 1000000 0.130000000
10 45 3 12186 1000000 0.130000000
11 46 3 12187 1000000 0.130000000
12 47 3 12188 1000000 0.130000000
13 48 3 12189 1000000 0.130000000
14 49 3 12190 1000000 0.130000000
15 50 3 12191 1000000 0.130000000
16 51 3 12192 1000000 0.130000000
17 52 3 12193 1000000 0.130000000
18 53 3 12194 1000000 0.130000000
19 54 3 12195 1000000 0.130000000
20 55 3 12196 1000000 0.130000000
21 56 3 12197 1000000 0.130000000
22 57 3 12198 1000000 0.130000000
23 58 3 12199 1000000 0.130000000
24 59 3 12200 1000000 0.130000000
25 60 3 12201 1000000 0.130000000
26 61 3 12202 1000000 0.130000000
27 62 3 12203 1000000 0.130000000
28 63 3 12204 1000000 0.130000000
29 0 3 12205 1000000 0.130000000
30 1 3 12206 1000000 0.130000000
31 2 3 12207 1000000 0.130000000
32 3 3 12208 1000000 0.130000000
33 4 3 12209 1000000 0.130000000
34 5 3 12210 1000000 0.130000000
35 6 3 12211 1000000 0.130000000
36 7 3 12212 1000000 0.130000000
37 8 3 12213 1000000 0.130000000
38 9 3 12214 1000000 0.130000000
39 10 3 12215 1000000 0.130000000
40 11 3 12216 1000000 0.130000000
41 12 3 12217 1000000 0.130000000
42 13 3 12218 1000000 0.130000000
43 14 3 12219 1000000 0.130000000
44 15 3 12220 1000000 0.130000000
45 16 3 12221 1000000 0.130000000
46 17 3 12222 1000000 0.130000000
47 18 3 12223 1000000 0.130000000
48 19 3 12224 1000000 0.130000000
49 20 3 12225 1000000 0.130000000
50 21 3 12226 1000000 0.130000000
51 22 3 12227 1000000 0.130000000
52 23 3 12228 1000000 0.130000000
53 24 3 12229 1000000 0.130000000
54 25 3 12230 1000000 0.130000000
55 26 3 12231 1000000 0.130000000
56 27 3 12232 1000000 0.130000000
57 28 3 12233 1000000 0.130000000
58 29 3 12234 1000000 0.130000000
59 30 3 12235 1000000 0.130000000
60 31 3 12236 1000000 0.130000000
61 32 3 12237 1000000 0.130000000
62 33 3 12238 1000000 0.130000000
63 34 3 12239 1000000 0.130000000
0 36 3 12240 1000000 0.130000000
1 37 3 12241 1000000 0.130000000
2 38 3 12242 1000000 0.130000000
3 39 3 12243 1000000 0.130000000
4 40 3 12244 1000000 0.130000000
5 41 3 12245 1000000 0.130000000
6 42 3 12246 1000000 0.130000000
7 43 3 12247 1000000 0.130000000
8 44 3 12248 1000000 0.130000000
9 45 3 12249 1000000 0.130000000
10 46 3 12250 1000000 0.130000000
11 47 3 12251 1000000 0.130000000
12 48 3 12252 1000000 0.130000000
13 49 3 12253 1000000 0.130000000
14 50 3 12254 1000000 0.130000000
15 51 3 12255 1000000 0.130000000
16 52 3 12256 1000000 0.130000000
17 53 3 12257 1000000 0.130000000
18 54 3 12258 1000000 0.130000000
19 55 3 12259 1000000 0.130000000
20 56 3 12260 1000000 0.130000000
21 57 3 12261 1000000 0.130000000
22 58 3 12262 1000000 0.130000000
23 59 3 12263 1000000 0.130000000
24 60 3 12264 1000000 0.130000000
25 61 3 12265 1000000 0.130000000
26 62 3 12266 1000000 0.130000000
27 63 3 12267 1000000 0.130000000
28 0 3 12268 1000000 0.130000000
29 1 3 12269 1000000 0.130000000
30 2 3 12270 1000000 0.130000000
31 3 3 12271 1000000 0.130000000
32 4 3 12272 1000000 0.130000000
33 5 3 12273 1000000 0.130000000
34 6 3 12274 1000000 0.130000000
35 7 3 12275 1000000 0.130000000
36 8 3 12276 1000000 0.130000000
37 9 3 12277 1000000 0.130000000
38 10 3 12278 1000000 0.130000000
39 11 3 12279 1000000 0.130000000
40 12 3 12280 1000000 0.130000000
41 13 3 12281 1000000 0.130000000
42 14 3 12282 1000000 0.130000000
43 15 3 12283 1000000 0.130000000
44 16 3 12284 1000000 0.130000000
45 17 3 12285 1000000 0.130000000
46 18 3 12286 1000000 0.130000000
47 19 3 12287 1000000 0.130000000
48 20 3 12288 1000000 0.130000000
49 21 3 12289 1000000 0.130000000
50 22 3 12290 1000000 0.130000000
51 23 3 12291 1000000 0.130000000
52 24 3 12292 1000000 0.130000000
53 25 3 12293 1000000 0.130000000
54 26 3 12294 1000000 0.130000000
55 27 3 12295 1000000 0.130000000
56 28 3 12296 1000000 0.130000000
57 29 3 12297 1000000 0.130000000
58 30 3 12298 1000000 0.130000000
59 31 3 12299 1000000 0.130000000
60 32 3 12300 1000000 0.130000000
61 33 3 12301 1000000 0.130000000
62 34 3 12302 1000000 0.130000000
63 35 3 12303 1000000 0.130000000
0 37 3 12304 1000000 0.130000000
1 38 3 12305 1000000 0.130000000
2 39 3 12306 1000000 0.130000000
3 40 3 12307 1000000 0.130000000
4 41 3 12308 1000000 0.130000000
5 42 3 12309 1000000 0.130000000
6 43 3 12310 1000000 0.130000000
7 44 3 12311 1000000 0.130000000
8 45 3 12312 1000000 0.130000000
9 46 3 12313 1000000 0.130000000
10 47 3 12314 1000000 0.130000000
11 48 3 12315 1000000 0.130000000
12 49 3 12316 1000000 0.130000000
13 50 3 12317 1000000 0.130000000
14 51 3 12318 1000000 0.130000000
15 52 3 12319 1000000 0.130000000
16 53 3 12320 1000000 0.130000000
17 54 3 12321 1000000 0.130000000
18 55 3 12322 1000000 0.130000000
19 56 3 12323 1000000 0.130000000
20 57 3 12324 1000000 0.130000000
21 58 3 12325 1000000 0.130000000
22 59 3 12326 1000000 0.130000000
23 60 3 12327 1000000 0.130000000
24 61 3 12328 1000000 0.130000000
25 62 3 12329 1000000 0.130000000
26 63 3 12330 1000000 0.130000000
27 0 3 12331 1000000 0.130000000
28 1 3 12332 1000000 0.130000000
29 2 3 12333 1000000 0.130000000
30 3 3 12334 1000000 0.130000000
31 4 3 12335 1000000 0.130000000
32 5 3 12336 1000000 0.130000000
33 6 3 12337 1000000 0.130000000
34 7 3 12338 1000000 0.130000000
35 8 3 12339 1000000 0.130000000
36 9 3 12340 1000000 0.130000000
37 10 3 12341 1000000 0.130000000
38 11 3 12342 1000000 0.130000000
39 12 3 12343 1000000 0.130000000
40 13 3 12344 1000000 0.130000000
41 14 3 12345 1000000 0.130000000
42 15 3 12346 1000000 0.130000000
43 16 3 12347 1000000 0.130000000
44 17 3 12348 1000000 0.130000000
45 18 3 12349 1000000 0.130000000
46 19 3 12350 1000000 0.130000000
47 20 3 12351 1000000 0.130000000
48 21 3 12352 1000000 0.130000000
49 22 3 12353 1000000 0.130000000
50 23 3 12354 1000000 0.130000000
51 24 3 12355 1000000 0.130000000
52 25 3 12356 1000000 0.130000000
53 26 3 12357 1000000 0.130000000
54 27 3 12358 1000000 0.130000000
55 28 3 12359 1000000 0.130000000
56 29 3 12360 1000000 0.130000000
57 30 3 12361 1000000 0.130000000
58 31 3 12362 1000000 0.130000000
59 32 3 12363 1000000 0.130000000
60 33 3 12364 1000000 0.130000000
61 34 3 12365 1000000 0.130000000
62 35 3 12366 1000000 0.130000000
63 36 3 12367 1000000 0.130000000
0 38 3 12368 1000000 0.130000000
1 39 3 12369 1000000 0.130000000
2 40 3 12370 1000000 0.130000000
3 41 3 12371 1000000 0.130000000
4 42 3 12372 1000000 0.130000000
5 43 3 12373 1000000 0.130000000
6 44 3 12374 1000000 0.130000000
7 45 3 12375 1000000 0.130000000
8 46 3 12376 1000000 0.130000000
9 47 3 12377 1000000 0.130000000
10 48 3 12378 1000000 0.130000000
11 49 3 12379 1000000 0.130000000
12 50 3 12380 1000000 0.130000000
13 51 3 12381 1000000 0.130000000
14 52 3 12382 1000000 0.130000000
15 53 3 12383 1000000 0.130000000
16 54 3 12384 1000000 0.130000000
17 55 3 12385 1000000 0.130000000
18 56 3 12386 1000000 0.130000000
19 57 3 12387 1000000 0.130000000
20 58 3 12388 1000000 0.130000000
21 59 3 12389 1000000 0.130000000
22 60 3 12390 1000000 0.130000000
23 61 3 12391 1000000 0.130000000
24 62 3 12392 1000000 0.130000000
25 63 3 12393 1000000 0.130000000
26 0 3 12394 1000000 0.130000000
27 1 3 12395 1000000 0.130000000
28 2 3 12396 1000000 0.130000000
29 3 3 12397 1000000 0.130000000
30 4 3 12398 1000000 0.130000000
31 5 3 12399 1000000 0.130000000
32 6 3 12400 1000000 0.130000000
33 7 3 12401 1000000 0.130000000
34 8 3 12402 1000000 0.130000000
35 9 3 12403 1000000 0.130000000
36 10 3 12404 1000000 0.130000000
37 11 3 12405 1000000 0.130000000
38 12 3 12406 1000000 0.130000000
39 13 3 12407 1000000 0.130000000
40 14 3 12408 1000000 0.130000000
41 15 3 12409 1000000 0.130000000
42 16 3 12410 1000000 0.130000000
43 17 3 12411 1000000 0.130000000
44 18 3 12412 1000000 0.130000000
45 19 3 12413 1000000 0.130000000
46 20 3 12414 1000000 0.130000000
47 21 3 12415 1000000 0.130000000
48 22 3 12416 1000000 0.130000000
49 23 3 12417 1000000 0.130000000
50 24 3 12418 1000000 0.130000000
51 25 3 12419 1000000 0.130000000
52 26 3 12420 1000000 0.130000000
53 27 3 12421 1000000 0.130000000
54 28 3 12422 1000000 0.130000000
55 29 3 12423 1000000 0.130000000
56 30 3 12424 1000000 0.130000000
57 31 3 12425 1000000 0.130000000
58 32 3 12426 1000000 0.130000000
59 33 3 12427 1000000 0.130000000
60 34 3 12428 1000000 0.130000000
61 35 3 12429 1000000 0.130000000
62 36 3 12430 1000000 0.130000000
63 37 3 12431 1000000 0.130000000
0 39 3 12432 1000000 0.130000000
1 40 3 12433 1000000 0.130000000
2 41 3 12434 1000000 0.130000000
3 42 3 12435 1000000 0.130000000
4 43 3 12436 1000000 0.130000000
5 44 3 12437 1000000 0.130000000
6 45 3 12438 1000000 0.130000000
7 46 3 12439 1000000 0.130000000
8 47 3 12440 1000000 0.130000000
9 48 3 12441 1000000 0.130000000
10 49 3 12442 1000000 0.130000000
11 50 3 12443 1000000 0.130000000
12 51 3 12444 1000000 0.130000000
13 52 3 12445 1000000 0.130000000
14 53 3 12446 1000000 0.130000000
15 54 3 12447 1000000 0.130000000
16 55 3 12448 1000000 0.130000000
17 56 3 12449 1000000 0.130000000
18 57 3 12450 1000000 0.130000000
19 58 3 12451 1000000 0.130000000
20 59 3 12452 1000000 0.130000000
21 60 3 12453 1000000 0.130000000
22 61 3 12454 1000000 0.130000000
23 62 3 12455 1000000 0.130000000
24 63 3 12456 1000000 0.130000000
25 0 3 12457 1000000 0.130000000
26 1 3 12458 1000000 0.130000000
27 2 3 12459 1000000 0.130000000
28 3 3 12460 1000000 0.130000000
29 4 3 12461 1000000 0.130000000
30 5 3 12462 1000000 0.130000000
31 6 3 12463 1000000 0.130000000
32 7 3 12464 1000000 0.130000000
33 8 3 12465 1000000 0.130000000
34 9 3 12466 1000000 0.130000000
35 10 3 12467 1000000 0.130000000
36 11 3 12468 1000000 0.130000000
37 12 3 12469 1000000 0.130000000
38 13 3 12470 1000000 0.130000000
39 14 3 12471 1000000 0.130000000
40 15 3 12472 1000000 0.130000000
41 16 3 12473 1000000 0.130000000
42 17 3 12474 1000000 0.130000000
43 18 3 12475 1000000 0.130000000
44 19 3 12476 1000000 0.130000000
45 20 3 12477 1000000 0.130000000
46 21 3 12478 1000000 0.130000000
47 22 3 12479 1000000 0.130000000
48 23 3 12480 1000000 0.130000000
49 24 3 12481 1000000 0.130000000
50 25 3 12482 1000000 0.130000000
51 26 3 12483 1000000 0.130000000
52 27 3 12484 1000000 0.130000000
53 28 3 12485 1000000 0.130000000
54 29 3 12486 1000000 0.130000000
55 30 3 12487 1000000 0.130000000
56 31 3 12488 1000000 0.130000000
57 32 3 12489 1000000 0.130000000
58 33 3 12490 1000000 0.130000000
59 34 3 12491 1000000 0.130000000
60 35 3 12492 1000000 0.130000000
61 36 3 12493 1000000 0.130000000
62 37 3 12494 1000000 0.130000000
63 38 3 12495 1000000 0.130000000
0 40 3 12496 1000000 0.130000000
1 41 3 12497 1000000 0.130000000
2 42 3 12498 1000000 0.130000000
3 43 3 12499 1000000 0.130000000
4 44 3 12500 1000000 0.130000000
5 45 3 12501 1000000 0.130000000
6 46 3 12502 1000000 0.130000000
7 47 3 12503 1000000 0.130000000
8 48 3 12504 1000000 0.130000000
9 49 3 12505 1000000 0.130000000
10 50 3 12506 1000000 0.130000000
11 51 3 12507 1000000 0.130000000
12 52 3 12508 1000000 0.130000000
13 53 3 12509 1000000 0.130000000
14 54 3 12510 1000000 0.130000000
15 55 3 12511 1000000 0.130000000
16 56 3 12512 1000000 0.130000000
17 57 3 12513 1000000 0.130000000
18 58 3 12514 1000000 0.130000000
19 59 3 12515 1000000 0.130000000
20 60 3 12516 1000000 0.130000000
21 61 3 12517 1000000 0.130000000
22 62 3 12518 1000000 0.130000000
23 63 3 12519 1000000 0.130000000
24 0 3 12520 1000000 0.130000000
25 1 3 12521 1000000 0.130000000
26 2 3 12522 1000000 0.130000000
27 3 3 12523 1000000 0.130000000
28 4 3 12524 1000000 0.130000000
29 5 3 12525 1000000 0.130000000
30 6 3 12526 1000000 0.130000000
31 7 3 12527 1000000 0.130000000
32 8 3 12528 1000000 0.130000000
33 9 3 12529 1000000 0.130000000
34 10 3 12530 1000000 0.130000000
35 11 3 12531 1000000 0.130000000
36 12 3 12532 1000000 0.130000000
37 13 3 12533 1000000 0.130000000
38 14 3 12534 1000000 0.130000000
39 15 3 12535 1000000 0.130000000
40 16 3 12536 1000000 0.130000000
41 17 3 12537 1000000 0.130000000
42 18 3 12538 1000000 0.130000000
43 19 3 12539 1000000 0.130000000
44 20 3 12540 1000000 0.130000000
45 21 3 12541 1000000 0.130000000
46 22 3 12542 1000000 0.130000000
47 23 3 12543 1000000 0.130000000
48 24 3 12544 1000000 0.130000000
49 25 3 12545 1000000 0.130000000
50 26 3 12546 1000000 0.130000000
51 27 3 12547 1000000 0.130000000
52 28 3 12548 1000000 0.130000000
53 29 3 12549 1000000 0.130000000
54 30 3 12550 1000000 0.130000000
55 31 3 12551 1000000 0.130000000
56 32 3 12552 1000000 0.130000000
57 33 3 12553 1000000 0.130000000
58 34 3 12554 1000000 0.130000000
59 35 3 12555 1000000 0.130000000
60 36 3 12556 1000000 0.130000000
61 37 3 12557 1000000 0.130000000
62 38 3 12558 1000000 0.130000000
63 39 3 12559 1000000 0.130000000
0 41 3 12560 1000000 0.130000000
1 42 3 12561 1000000 0.130000000
2 43 3 12562 1000000 0.130000000
3 44 3 12563 1000000 0.130000000
4 45 3 12564 1000000 0.130000000
5 46 3 12565 1000000 0.130000000
6 47 3 12566 1000000 0.130000000
7 48 3 12567 1000000 0.130000000
8 49 3 12568 1000000 0.130000000
9 50 3 12569 1000000 0.130000000
10 51 3 12570 1000000 0.130000000
11 52 3 12571 1000000 0.130000000
12 53 3 12572 1000000 0.130000000
13 54 3 12573 1000000 0.130000000
14 55 3 12574 1000000 0.130000000
15 56 3 12575 1000000 0.130000000
16 57 3 12576 1000000 0.130000000
17 58 3 12577 1000000 0.130000000
18 59 3 12578 1000000 0.130000000
19 60 3 12579 1000000 0.130000000
20 61 3 12580 1000000 0.130000000
21 62 3 12581 1000000 0.130000000
22 63 3 12582 1000000 0.130000000
23 0 3 12583 1000000 0.130000000
24 1 3 12584 1000000 0.130000000
25 2 3 12585 1000000 0.130000000
26 3 3 12586 1000000 0.130000000
27 4 3 12587 1000000 0.130000000
28 5 3 12588 1000000 0.130000000
29 6 3 12589 1000000 0.130000000
30 7 3 12590 1000000 0.130000000
31 8 3 12591 1000000 0.130000000
32 9 3 12592 1000000 0.130000000
33 10 3 12593 1000000 0.130000000
34 11 3 12594 1000000 0.130000000
35 12 3 12595 1000000 0.130000000
36 13 3 12596 1000000 0.130000000
37 14 3 12597 1000000 0.130000000
38 15 3 12598 1000000 0.130000000
39 16 3 12599 1000000 0.130000000
40 17 3 12600 1000000 0.130000000
41 18 3 12601 1000000 0.130000000
42 19 3 12602 1000000 0.130000000
43 20 3 12603 1000000 0.130000000
44 21 3 12604 1000000 0.130000000
45 22 3 12605 1000000 0.130000000
46 23 3 12606 1000000 0.130000000
47 24 3 12607 1000000 0.130000000
48 25 3 12608 1000000 0.130000000
49 26 3 12609 1000000 0.130000000
50 27 3 12610 1000000 0.130000000
51 28 3 12611 1000000 0.130000000
52 29 3 12612 1000000 0.130000000
53 30 3 12613 1000000 0.130000000
54 31 3 12614 1000000 0.130000000
55 32 3 12615 1000000 0.130000000
56 33 3 12616 1000000 0.130000000
57 34 3 12617 1000000 0.130000000
58 35 3 12618 1000000 0.130000000
59 36 3 12619 1000000 0.130000000
60 37 3 12620 1000000 0.130000000
61 38 3 12621 1000000 0.130000000
62 39 3 12622 1000000 0.130000000
63 40 3 12623 1000000 0.130000000
0 42 3 12624 1000000 0.130000000
1 43 3 12625 1000000 0.130000000
2 44 3 12626 1000000 0.130000000
3 45 3 12627 1000000 0.130000000
4 46 3 12628 1000000 0.130000000
5 47 3 12629 1000000 0.130000000
6 48 3 12630 1000000 0.130000000
7 49 3 12631 1000000 0.130000000
8 50 3 12632 1000000 0.130000000
9 51 3 12633 1000000 0.130000000
10 52 3 12634 1000000 0.130000000
11 53 3 12635 1000000 0.130000000
12 54 3 12636 1000000 0.130000000
13 55 3 12637 1000000 0.130000000
14 56 3 12638 1000000 0.130000000
15 57 3 12639 1000000 0.130000000
16 58 3 12640 1000000 0.130000000
17 59 3 12641 1000000 0.130000000
18 60 3 12642 1000000 0.130000000
19 61 3 12643 1000000 0.130000000
20 62 3 12644 1000000 0.130000000
21 63 3 12645 1000000 0.130000000
22 0 3 12646 1000000 0.130000000
23 1 3 12647 1000000 0.130000000
24 2 3 12648 1000000 0.130000000
25 3 3 12649 1000000 0.130000000
26 4 3 12650 1000000 0.130000000
27 5 3 12651 1000000 0.130000000
28 6 3 12652 1000000 0.130000000
29 7 3 12653 1000000 0.130000000
30 8 3 12654 1000000 0.130000000
31 9 3 12655 1000000 0.130000000
32 10 3 12656 1000000 0.130000000
33 11 3 12657 1000000 0.130000000
34 12 3 12658 1000000 0.130000000
35 13 3 12659 1000000 0.130000000
36 14 3 12660 1000000 0.130000000
37 15 3 12661 1000000 0.130000000
38 16 3 12662 1000000 0.130000000
39 17 3 12663 1000000 0.130000000
40 18 3 12664 1000000 0.130000000
41 19 3 12665 1000000 0.130000000
42 20 3 12666 1000000 0.130000000
43 21 3 12667 1000000 0.130000000
44 22 3 12668 1000000 0.130000000
45 23 3 12669 1000000 0.130000000
46 24 3 12670 1000000 0.130000000
47 25 3 12671 1000000 0.130000000
48 26 3 12672 1000000 0.130000000
49 27 3 12673 1000000 0.130000000
50 28 3 12674 1000000 0.130000000
51 29 3 12675 1000000 0.130000000
52 30 3 12676 1000000 0.130000000
53 31 3 12677 1000000 0.130000000
54 32 3 12678 1000000 0.130000000
55 33 3 12679 1000000 0.130000000
56 34 3 12680 1000000 0.130000000
57 35 3 12681 1000000 0.130000000
58 36 3 12682 1000000 0.130000000
59 37 3 12683 1000000 0.130000000
60 38 3 12684 1000000 0.130000000
61 39 3 12685 1000000 0.130000000
62 40 3 12686 1000000 0.130000000
63 41 3 12687 1000000 0.130000000
0 43 3 12688 1000000 0.130000000
1 44 3 12689 1000000 0.130000000
2 45 3 12690 1000000 0.130000000
3 46 3 12691 1000000 0.130000000
4 47 3 12692 1000000 0.130000000
5 48 3 12693 1000000 0.130000000
6 49 3 12694 1000000 0.130000000
7 50 3 12695 1000000 0.130000000
8 51 3 12696 1000000 0.130000000
9 52 3 12697 1000000 0.130000000
10 53 3 12698 1000000 0.130000000
11 54 3 12699 1000000 0.130000000
12 55 3 12700 1000000 0.130000000
13 56 3 12701 1000000 0.130000000
14 57 3 12702 1000000 0.130000000
15 58 3 12703 1000000 0.130000000
16 59 3 12704 1000000 0.130000000
17 60 3 12705 1000000 0.130000000
18 61 3 12706 1000000 0.130000000
19 62 3 12707 1000000 0.130000000
20 63 3 12708 1000000 0.130000000
21 0 3 12709 1000000 0.130000000
22 1 3 12710 1000000 0.130000000
23 2 3 12711 1000000 0.130000000
24 3 3 12712 1000000 0.130000000
25 4 3 12713 1000000 0.130000000
26 5 3 12714 1000000 0.130000000
27 6 3 12715 1000000 0.130000000
28 7 3 12716 1000000 0.130000000
29 8 3 12717 1000000 0.130000000
30 9 3 12718 1000000 0.130000000
31 10 3 12719 1000000 0.130000000
32 11 3 12720 1000000 0.130000000
33 12 3 12721 1000000 0.130000000
34 13 3 12722 1000000 0.130000000
35 14 3 12723 1000000 0.130000000
36 15 3 12724 1000000 0.130000000
37 16 3 12725 1000000 0.130000000
38 17 3 12726 1000000 0.130000000
39 18 3 12727 1000000 0.130000000
40 19 3 12728 1000000 0.130000000
41 20 3 12729 1000000 0.130000000
42 21 3 12730 1000000 0.130000000
43 22 3 12731 1000000 0.130000000
44 23 3 12732 1000000 0.130000000
45 24 3 12733 1000000 0.130000000
46 25 3 12734 1000000 0.130000000
47 26 3 12735 1000000 0.130000000
48 27 3 12736 1000000 0.130000000
49 28 3 12737 1000000 0.130000000
50 29 3 12738 1000000 0.130000000
51 30 3 12739 1000000 0.130000000
52 31 3 12740 1000000 0.130000000
53 32 3 12741 1000000 0.130000000
54 33 3 12742 1000000 0.130000000
55 34 3 12743 1000000 0.130000000
56 35 3 12744 1000000 0.130000000
57 36 3 12745 1000000 0.130000000
58 37 3 12746 1000000 0.130000000
59 38 3 12747 1000000 0.130000000
60 39 3 12748 1000000 0.130000000
61 40 3 12749 1000000 0.130000000
62 41 3 12750 1000000 0.130000000
63 42 3 12751 1000000 0.130000000
0 44 3 12752 1000000 0.130000000
1 45 3 12753 1000000 0.130000000
2 46 3 12754 1000000 0.130000000
3 47 3 12755 1000000 0.130000000
4 48 3 12756 1000000 0.130000000
5 49 3 12757 1000000 0.130000000
6 50 3 12758 1000000 0.130000000
7 51 3 12759 1000000 0.130000000
8 52 3 12760 1000000 0.130000000
9 53 3 12761 1000000 0.130000000
10 54 3 12762 1000000 0.130000000
11 55 3 12763 1000000 0.130000000
12 56 3 12764 1000000 0.130000000
13 57 3 12765 1000000 0.130000000
14 58 3 12766 1000000 0.130000000
15 59 3 12767 1000000 0.130000000
16 60 3 12768 1000000 0.130000000
17 61 3 12769 1000000 0.130000000
18 62 3 12770 1000000 0.130000000
19 63 3 12771 1000000 0.130000000
20 0 3 12772 1000000 0.130000000
21 1 3 12773 1000000 0.130000000
22 2 3 12774 1000000 0.130000000
23 3 3 12775 1000000 0.130000000
24 4 3 12776 1000000 0.130000000
25 5 3 12777 1000000 0.130000000
26 6 3 12778 1000000 0.130000000
27 7 3 12779 1000000 0.130000000
28 8 3 12780 1000000 0.130000000
29 9 3 12781 1000000 0.130000000
30 10 3 12782 1000000 0.130000000
31 11 3 12783 1000000 0.130000000
32 12 3 12784 1000000 0.130000000
33 13 3 12785 1000000 0.130000000
34 14 3 12786 1000000 0.130000000
35 15 3 12787 1000000 0.130000000
36 16 3 12788 1000000 0.130000000
37 17 3 12789 1000000 0.130000000
38 18 3 12790 1000000 0.130000000
39 19 3 12791 1000000 0.130000000
40 20 3 12792 1000000 0.130000000
41 21 3 12793 1000000 0.130000000
42 22 3 12794 1000000 0.130000000
43 23 3 12795 1000000 0.130000000
44 24 3 12796 1000000 0.130000000
45 25 3 12797 1000000 0.130000000
46 26 3 12798 1000000 0.130000000
47 27 3 12799 1000000 0.130000000
48 28 3 12800 1000000 0.130000000
49 29 3 12801 1000000 0.130000000
50 30 3 12802 1000000 0.130000000
51 31 3 12803 1000000 0.130000000
52 32 3 12804 1000000 0.130000000
53 33 3 12805 1000000 0.130000000
54 34 3 12806 1000000 0.130000000
55 35 3 12807 1000000 0.130000000
56 36 3 12808 1000000 0.130000000
57 37 3 12809 1000000 0.130000000
58 38 3 12810 1000000 0.130000000
59 39 3 12811 1000000 0.130000000
60 40 3 12812 1000000 0.130000000
61 41 3 12813 1000000 0.130000000
62 42 3 12814 1000000 0.130000000
63 43 3 12815 1000000 0.130000000
0 45 3 12816 1000000 0.130000000
1 46 3 12817 1000000 0.130000000
2 47 3 12818 1000000 0.130000000
3 48 3 12819 1000000 0.130000000
4 49 3 12820 1000000 0.130000000
5 50 3 12821 1000000 0.130000000
6 51 3 12822 1000000 0.130000000
7 52 3 12823 1000000 0.130000000
8 53 3 12824 1000000 0.130000000
9 54 3 12825 1000000 0.130000000
10 55 3 12826 1000000 0.130000000
11 56 3 12827 1000000 0.130000000
12 57 3 12828 1000000 0.130000000
13 58 3 12829 1000000 0.130000000
14 59 3 12830 1000000 0.130000000
15 60 3 12831 1000000 0.130000000
16 61 3 12832 1000000 0.130000000
17 62 3 12833 1000000 0.130000000
18 63 3 12834 1000000 0.130000000
19 0 3 12835 1000000 0.130000000
20 1 3 12836 1000000 0.130000000
21 2 3 12837 1000000 0.130000000
22 3 3 12838 1000000 0.130000000
23 4 3 12839 1000000 0.130000000
24 5 3 12840 1000000 0.130000000
25 6 3 12841 1000000 0.130000000
26 7 3 12842 1000000 0.130000000
27 8 3 12843 1000000 0.130000000
28 9 3 12844 1000000 0.130000000
29 10 3 12845 1000000 0.130000000
30 11 3 12846 1000000 0.130000000
31 12 3 12847 1000000 0.130000000
32 13 3 12848 1000000 0.130000000
33 14 3 12849 1000000 0.130000000
34 15 3 12850 1000000 0.130000000
35 16 3 12851 1000000 0.130000000
36 17 3 12852 1000000 0.130000000
37 18 3 12853 1000000 0.130000000
38 19 3 12854 1000000 0.130000000
39 20 3 12855 1000000 0.130000000
40 21 3 12856 1000000 0.130000000
41 22 3 12857 1000000 0.130000000
42 23 3 12858 1000000 0.130000000
43 24 3 12859 1000000 0.130000000
44 25 3 12860 1000000 0.130000000
45 26 3 12861 1000000 0.130000000
46 27 3 12862 1000000 0.130000000
47 28 3 12863 1000000 0.130000000
48 29 3 12864 1000000 0.130000000
49 30 3 12865 1000000 0.130000000
50 31 3 12866 1000000 0.130000000
51 32 3 12867 1000000 0.130000000
52 33 3 12868 1000000 0.130000000
53 34 3 12869 1000000 0.130000000
54 35 3 12870 1000000 0.130000000
55 36 3 12871 1000000 0.130000000
56 37 3 12872 1000000 0.130000000
57 38 3 12873 1000000 0.130000000
58 39 3 12874 1000000 0.130000000
59 40 3 12875 1000000 0.130000000
60 41 3 12876 1000000 0.130000000
61 42 3 12877 1000000 0.130000000
62 43 3 12878 1000000 0.130000000
63 44 3 12879 1000000 0.130000000
0 46 3 12880 1000000 0.130000000
1 47 3 12881 1000000 0.130000000
2 48 3 12882 1000000 0.130000000
3 49 3 12883 1000000 0.130000000
4 50 3 12884 1000000 0.130000000
5 51 3 12885 1000000 0.130000000
6 52 3 12886 1000000 0.130000000
7 53 3 12887 1000000 0.130000000
8 54 3 12888 1000000 0.130000000
9 55 3 12889 1000000 0.130000000
10 56 3 12890 1000000 0.130000000
11 57 3 12891 1000000 0.130000000
12 58 3 12892 1000000 0.130000000
13 59 3 12893 1000000 0.130000000
14 60 3 12894 1000000 0.130000000
15 61 3 12895 1000000 0.130000000
16 62 3 12896 1000000 0.130000000
17 63 3 12897 1000000 0.130000000
18 0 3 12898 1000000 0.130000000
19 1 3 12899 1000000 0.130000000
20 2 3 12900 1000000 0.130000000
21 3 3 12901 1000000 0.130000000
22 4 3 12902 1000000 0.130000000
23 5 3 12903 1000000 0.130000000
24 6 3 12904 1000000 0.130000000
25 7 3 12905 1000000 0.130000000
26 8 3 12906 1000000 0.130000000
27 9 3 12907 1000000 0.130000000
28 10 3 12908 1000000 0.130000000
29 11 3 12909 1000000 0.130000000
30 12 3 12910 1000000 0.130000000
31 13 3 12911 1000000 0.130000000
32 14 3 12912 1000000 0.130000000
33 15 3 12913 1000000 0.130000000
34 16 3 12914 1000000 0.130000000
35 17 3 12915 1000000 0.130000000
36 18 3 12916 1000000 0.130000000
37 19 3 12917 1000000 0.130000000
38 20 3 12918 1000000 0.130000000
39 21 3 12919 1000000 0.130000000
40 22 3 12920 1000000 0.130000000
41 23 3 12921 1000000 0.130000000
42 24 3 12922 1000000 0.130000000
43 25 3 12923 1000000 0.130000000
44 26 3 12924 1000000 0.130000000
45 27 3 12925 1000000 0.130000000
46 28 3 12926 1000000 0.130000000
47 29 3 12927 1000000 0.130000000
48 30 3 12928 1000000 0.130000000
49 31 3 12929 1000000 0.130000000
50 32 3 12930 1000000 0.130000000
51 33 3 12931 1000000 0.130000000
52 34 3 12932 1000000 0.130000000
53 35 3 12933 1000000 0.130000000
54 36 3 12934 1000000 0.130000000
55 37 3 12935 1000000 0.130000000
56 38 3 12936 1000000 0.130000000
57 39 3 12937 1000000 0.130000000
58 40 3 12938 1000000 0.130000000
59 41 3 12939 1000000 0.130000000
60 42 3 12940 1000000 0.130000000
61 43 3 12941 1000000 0.130000000
62 44 3 12942 1000000 0.130000000
63 45 3 12943 1000000 0.130000000
0 47 3 12944 1000000 0.130000000
1 48 3 12945 1000000 0.130000000
2 49 3 12946 1000000 0.130000000
3 50 3 12947 1000000 0.130000000
4 51 3 12948 1000000 0.130000000
5 52 3 12949 1000000 0.130000000
6 53 3 12950 1000000 0.130000000
7 54 3 12951 1000000 0.130000000
8 55 3 12952 1000000 0.130000000
9 56 3 12953 1000000 0.130000000
10 57 3 12954 1000000 0.130000000
11 58 3 12955 1000000 0.130000000
12 59 3 12956 1000000 0.130000000
13 60 3 12957 1000000 0.130000000
14 61 3 12958 1000000 0.130000000
15 62 3 12959 1000000 0.130000000
16 63 3 12960 1000000 0.130000000
17 0 3 12961 1000000 0.130000000
18 1 3 12962 1000000 0.130000000
19 2 3 12963 1000000 0.130000000
20 3 3 12964 1000000 0.130000000
21 4 3 12965 1000000 0.130000000
22 5 3 12966 1000000 0.130000000
23 6 3 12967 1000000 0.130000000
24 7 3 12968 1000000 0.130000000
25 8 3 12969 1000000 0.130000000
26 9 3 12970 1000000 0.130000000
27 10 3 12971 1000000 0.130000000
28 11 3 12972 1000000 0.130000000
29 12 3 12973 1000000 0.130000000
30 13 3 12974 1000000 0.130000000
31 14 3 12975 1000000 0.130000000
32 15 3 12976 1000000 0.130000000
33 16 3 12977 1000000 0.130000000
34 17 3 12978 1000000 0.130000000
35 18 3 12979 1000000 0.130000000
36 19 3 12980 1000000 0.130000000
37 20 3 12981 1000000 0.130000000
38 21 3 12982 1000000 0.130000000
39 22 3 12983 1000000 0.130000000
40 23 3 12984 1000000 0.130000000
41 24 3 12985 1000000 0.130000000
42 25 3 12986 1000000 0.130000000
43 26 3 12987 1000000 0.130000000
44 27 3 12988 1000000 0.130000000
45 28 3 12989 1000000 0.130000000
46 29 3 12990 1000000 0.130000000
47 30 3 12991 1000000 0.130000000
48 31 3 12992 1000000 0.130000000
49 32 3 12993 1000000 0.130000000
50 33 3 12994 1000000 0.130000000
51 34 3 12995 1000000 0.130000000
52 35 3 12996 1000000 0.130000000
53 36 3 12997 1000000 0.130000000
54 37 3 12998 1000000 0.130000000
55 38 3 12999 1000000 0.130000000
56 39 3 13000 1000000 0.130000000
57 40 3 13001 1000000 0.130000000
58 41 3 13002 1000000 0.130000000
59 42 3 13003 1000000 0.130000000
60 43 3 13004 1000000 0.130000000
61 44 3 13005 1000000 0.130000000
62 45 3 13006 1000000 0.130000000
63 46 3 13007 1000000 0.130000000
0 48 3 13008 1000000 0.130000000
1 49 3 13009 1000000 0.130000000
2 50 3 13010 1000000 0.130000000
3 51 3 13011 1000000 0.130000000
4 52 3 13012 1000000 0.130000000
5 53 3 13013 1000000 0.130000000
6 54 3 13014 1000000 0.130000000
7 55 3 13015 1000000 0.130000000
8 56 3 13016 1000000 0.130000000
9 57 3 13017 1000000 0.130000000
10 58 3 13018 1000000 0.130000000
11 59 3 13019 1000000 0.130000000
12 60 3 13020 1000000 0.130000000
13 61 3 13021 1000000 0.130000000
14 62 3 13022 1000000 0.130000000
15 63 3 13023 1000000 0.130000000
16 0 3 13024 1000000 0.130000000
17 1 3 13025 1000000 0.130000000
18 2 3 13026 1000000 0.130000000
19 3 3 13027 1000000 0.130000000
20 4 3 13028 1000000 0.130000000
21 5 3 13029 1000000 0.130000000
22 6 3 13030 1000000 0.130000000
23 7 3 13031 1000000 0.130000000
24 8 3 13032 1000000 0.130000000
25 9 3 13033 1000000 0.130000000
26 10 3 13034 1000000 0.130000000
27 11 3 13035 1000000 0.130000000
28 12 3 13036 1000000 0.130000000
29 13 3 13037 1000000 0.130000000
30 14 3 13038 1000000 0.130000000
31 15 3 13039 1000000 0.130000000
32 16 3 13040 1000000 0.130000000
33 17 3 13041 1000000 0.130000000
34 18 3 13042 1000000 0.130000000
35 19 3 13043 1000000 0.130000000
36 20 3 13044 1000000 0.130000000
37 21 3 13045 1000000 0.130000000
38 22 3 13046 1000000 0.130000000
39 23 3 13047 1000000 0.130000000
40 24 3 13048 1000000 0.130000000
41 25 3 13049 1000000 0.130000000
42 26 3 13050 1000000 0.130000000
43 27 3 13051 1000000 0.130000000
44 28 3 13052 1000000 0.130000000
45 29 3 13053 1000000 0.130000000
46 30 3 13054 1000000 0.130000000
47 31 3 13055 1000000 0.130000000
48 32 3 13056 1000000 0.130000000
49 33 3 13057 1000000 0.130000000
50 34 3 13058 1000000 0.130000000
51 35 3 13059 1000000 0.130000000
52 36 3 13060 1000000 0.130000000
53 37 3 13061 1000000 0.130000000
54 38 3 13062 1000000 0.130000000
55 39 3 13063 1000000 0.130000000
56 40 3 13064 1000000 0.130000000
57 41 3 13065 1000000 0.130000000
58 42 3 13066 1000000 0.130000000
59 43 3 13067 1000000 0.130000000
60 44 3 13068 1000000 0.130000000
61 45 3 13069 1000000 0.130000000
62 46 3 13070 1000000 0.130000000
63 47 3 13071 1000000 0.130000000
0 49 3 13072 1000000 0.130000000
1 50 3 13073 1000000 0.130000000
2 51 3 13074 1000000 0.130000000
3 52 3 13075 1000000 0.130000000
4 53 3 13076 1000000 0.130000000
5 54 3 13077 1000000 0.130000000
6 55 3 13078 1000000 0.130000000
7 56 3 13079 1000000 0.130000000
8 57 3 13080 1000000 0.130000000
9 58 3 13081 1000000 0.130000000
10 59 3 13082 1000000 0.130000000
11 60 3 13083 1000000 0.130000000
12 61 3 13084 1000000 0.130000000
13 62 3 13085 1000000 0.130000000
14 63 3 13086 1000000 0.130000000
15 0 3 13087 1000000 0.130000000
16 1 3 13088 1000000 0.130000000
17 2 3 13089 1000000 0.130000000
18 3 3 13090 1000000 0.130000000
19 4 3 13091 1000000 0.130000000
20 5 3 13092 1000000 0.130000000
21 6 3 13093 1000000 0.130000000
22 7 3 13094 1000000 0.130000000
23 8 3 13095 1000000 0.130000000
24 9 3 13096 1000000 0.130000000
25 10 3 13097 1000000 0.130000000
26 11 3 13098 1000000 0.130000000
27 12 3 13099 1000000 0.130000000
28 13 3 13100 1000000 0.130000000
29 14 3 13101 1000000 0.130000000
30 15 3 13102 1000000 0.130000000
31 16 3 13103 1000000 0.130000000
32 17 3 13104 1000000 0.130000000
33 18 3 13105 1000000 0.130000000
34 19 3 13106 1000000 0.130000000
35 20 3 13107 1000000 0.130000000
36 21 3 13108 1000000 0.130000000
37 22 3 13109 1000000 0.130000000
38 23 3 13110 1000000 0.130000000
39 24 3 13111 1000000 0.130000000
40 25 3 13112 1000000 0.130000000
41 26 3 13113 1000000 0.130000000
42 27 3 13114 1000000 0.130000000
43 28 3 13115 1000000 0.130000000
44 29 3 13116 1000000 0.130000000
45 30 3 13117 1000000 0.130000000
46 31 3 13118 1000000 0.130000000
47 32 3 13119 1000000 0.130000000
48 33 3 13120 1000000 0.130000000
49 34 3 13121 1000000 0.130000000
50 35 3 13122 1000000 0.130000000
51 36 3 13123 1000000 0.130000000
52 37 3 13124 1000000 0.130000000
53 38 3 13125 1000000 0.130000000
54 39 3 13126 1000000 0.130000000
55 40 3 13127 1000000 0.130000000
56 41 3 13128 1000000 0.130000000
57 42 3 13129 1000000 0.130000000
58 43 3 13130 1000000 0.130000000
59 44 3 13131 1000000 0.130000000
60 45 3 13132 1000000 0.130000000
61 46 3 13133 1000000 0.130000000
62 47 3 13134 1000000 0.130000000
63 48 3 13135 1000000 0.130000000
0 50 3 13136 1000000 0.130000000
1 51 3 13137 1000000 0.130000000
2 52 3 13138 1000000 0.130000000
3 53 3 13139 1000000 0.130000000
4 54 3 13140 1000000 0.130000000
5 55 3 13141 1000000 0.130000000
6 56 3 13142 1000000 0.130000000
7 57 3 13143 1000000 0.130000000
8 58 3 13144 1000000 0.130000000
9 59 3 13145 1000000 0.130000000
10 60 3 13146 1000000 0.130000000
11 61 3 13147 1000000 0.130000000
12 62 3 13148 1000000 0.130000000
13 63 3 13149 1000000 0.130000000
14 0 3 13150 1000000 0.130000000
15 1 3 13151 1000000 0.130000000
16 2 3 13152 1000000 0.130000000
17 3 3 13153 1000000 0.130000000
18 4 3 13154 1000000 0.130000000
19 5 3 13155 1000000 0.130000000
20 6 3 13156 1000000 0.130000000
21 7 3 13157 1000000 0.130000000
22 8 3 13158 1000000 0.130000000
23 9 3 13159 1000000 0.130000000
24 10 3 13160 1000000 0.130000000
25 11 3 13161 1000000 0.130000000
26 12 3 13162 1000000 0.130000000
27 13 3 13163 1000000 0.130000000
28 14 3 13164 1000000 0.130000000
29 15 3 13165 1000000 0.130000000
30 16 3 13166 1000000 0.130000000
31 17 3 13167 1000000 0.130000000
32 18 3 13168 1000000 0.130000000
33 19 3 13169 1000000 0.130000000
34 20 3 13170 1000000 0.130000000
35 21 3 13171 1000000 0.130000000
36 22 3 13172 1000000 0.130000000
37 23 3 13173 1000000 0.130000000
38 24 3 13174 1000000 0.130000000
39 25 3 13175 1000000 0.130000000
40 26 3 13176 1000000 0.130000000
41 27 3 13177 1000000 0.130000000
42 28 3 13178 1000000 0.130000000
43 29 3 13179 1000000 0.130000000
44 30 3 13180 1000000 0.130000000
45 31 3 13181 1000000 0.130000000
46 32 3 13182 1000000 0.130000000
47 33 3 13183 1000000 0.130000000
48 34 3 13184 1000000 0.130000000
49 35 3 13185 1000000 0.130000000
50 36 3 13186 1000000 0.130000000
51 37 3 13187 1000000 0.130000000
52 38 3 13188 1000000 0.130000000
53 39 3 13189 1000000 0.130000000
54 40 3 13190 1000000 0.130000000
55 41 3 13191 1000000 0.130000000
56 42 3 13192 1000000 0.130000000
57 43 3 13193 1000000 0.130000000
58 44 3 13194 1000000 0.130000000
59 45 3 13195 1000000 0.130000000
60 46 3 13196 1000000 0.130000000
61 47 3 13197 1000000 0.130000000
62 48 3 13198 1000000 0.130000000
63 49 3 13199 1000000 0.130000000
0 51 3 13200 1000000 0.130000000
1 52 3 13201 1000000 0.130000000
2 53 3 13202 1000000 0.130000000
3 54 3 13203 1000000 0.130000000
4 55 3 13204 1000000 0.130000000
5 56 3 13205 1000000 0.130000000
6 57 3 13206 1000000 0.130000000
7 58 3 13207 1000000 0.130000000
8 59 3 13208 1000000 0.130000000
9 60 3 13209 1000000 0.130000000
10 61 3 13210 1000000 0.130000000
11 62 3 13211 1000000 0.130000000
12 63 3 13212 1000000 0.130000000
13 0 3 13213 1000000 0.130000000
14 1 3 13214 1000000 0.130000000
15 2 3 13215 1000000 0.130000000
16 3 3 13216 1000000 0.130000000
17 4 3 13217 1000000 0.130000000
18 5 3 13218 1000000 0.130000000
19 6 3 13219 1000000 0.130000000
20 7 3 13220 1000000 0.130000000
21 8 3 13221 1000000 0.130000000
22 9 3 13222 1000000 0.130000000
23 10 3 13223 1000000 0.130000000
24 11 3 13224 1000000 0.130000000
25 12 3 13225 1000000 0.130000000
26 13 3 13226 1000000 0.130000000
27 14 3 13227 1000000 0.130000000
28 15 3 13228 1000000 0.130000000
29 16 3 13229 1000000 0.130000000
30 17 3 13230 1000000 0.130000000
31 18 3 13231 1000000 0.130000000
32 19 3 13232 1000000 0.130000000
33 20 3 13233 1000000 0.130000000
34 21 3 13234 1000000 0.130000000
35 22 3 13235 1000000 0.130000000
36 23 3 13236 1000000 0.130000000
37 24 3 13237 1000000 0.130000000
38 25 3 13238 1000000 0.130000000
39 26 3 13239 1000000 0.130000000
40 27 3 13240 1000000 0.130000000
41 28 3 13241 1000000 0.130000000
42 29 3 13242 1000000 0.130000000
43 30 3 13243 1000000 0.130000000
44 31 3 13244 1000000 0.130000000
45 32 3 13245 1000000 0.130000000
46 33 3 13246 1000000 0.130000000
47 34 3 13247 1000000 0.130000000
48 35 3 13248 1000000 0.130000000
49 36 3 13249 1000000 0.130000000
50 37 3 13250 1000000 0.130000000
51 38 3 13251 1000000 0.130000000
52 39 3 13252 1000000 0.130000000
53 40 3 13253 1000000 0.130000000
54 41 3 13254 1000000 0.130000000
55 42 3 13255 1000000 0.130000000
56 43 3 13256 1000000 0.130000000
57 44 3 13257 1000000 0.130000000
58 45 3 13258 1000000 0.130000000
59 46 3 13259 1000000 0.130000000
60 47 3 13260 1000000 0.130000000
61 48 3 13261 1000000 0.130000000
62 49 3 13262 1000000 0.130000000
63 50 3 13263 1000000 0.130000000
0 52 3 13264 1000000 0.130000000
1 53 3 13265 1000000 0.130000000
2 54 3 13266 1000000 0.130000000
3 55 3 13267 1000000 0.130000000
4 56 3 13268 1000000 0.130000000
5 57 3 13269 1000000 0.130000000
6 58 3 13270 1000000 0.130000000
7 59 3 13271 1000000 0.130000000
8 60 3 13272 1000000 0.130000000
9 61 3 13273 1000000 0.130000000
10 62 3 13274 1000000 0.130000000
11 63 3 13275 1000000 0.130000000
12 0 3 13276 1000000 0.130000000
13 1 3 13277 1000000 0.130000000
14 2 3 13278 1000000 0.130000000
15 3 3 13279 1000000 0.130000000
16 4 3 13280 1000000 0.130000000
17 5 3 13281 1000000 0.130000000
18 6 3 13282 1000000 0.130000000
19 7 3 13283 1000000 0.130000000
20 8 3 13284 1000000 0.130000000
21 9 3 13285 1000000 0.130000000
22 10 3 13286 1000000 0.130000000
23 11 3 13287 1000000 0.130000000
24 12 3 13288 1000000 0.130000000
25 13 3 13289 1000000 0.130000000
26 14 3 13290 1000000 0.130000000
27 15 3 13291 1000000 0.130000000
28 16 3 13292 1000000 0.130000000
29 17 3 13293 1000000 0.130000000
30 18 3 13294 1000000 0.130000000
31 19 3 13295 1000000 0.130000000
32 20 3 13296 1000000 0.130000000
33 21 3 13297 1000000 0.130000000
34 22 3 13298 1000000 0.130000000
35 23 3 13299 1000000 0.130000000
36 24 3 13300 1000000 0.130000000
37 25 3 13301 1000000 0.130000000
38 26 3 13302 1000000 0.130000000
39 27 3 13303 1000000 0.130000000
40 28 3 13304 1000000 0.130000000
41 29 3 13305 1000000 0.130000000
42 30 3 13306 1000000 0.130000000
43 31 3 13307 1000000 0.130000000
44 32 3 13308 1000000 0.130000000
45 33 3 13309 1000000 0.130000000
46 34 3 13310 1000000 0.130000000
47 35 3 13311 1000000 0.130000000
48 36 3 13312 1000000 0.130000000
49 37 3 13313 1000000 0.130000000
50 38 3 13314 1000000 0.130000000
51 39 3 13315 1000000 0.130000000
52 40 3 13316 1000000 0.130000000
53 41 3 13317 1000000 0.130000000
54 42 3 13318 1000000 0.130000000
55 43 3 13319 1000000 0.130000000
56 44 3 13320 1000000 0.130000000
57 45 3 13321 1000000 0.130000000
58 46 3 13322 1000000 0.130000000
59 47 3 13323 1000000 0.130000000
60 48 3 13324 1000000 0.130000000
61 49 3 13325 1000000 0.130000000
62 50 3 13326 1000000 0.130000000
63 51 3 13327 1000000 0.130000000
0 53 3 13328 1000000 0.130000000
1 54 3 13329 1000000 0.130000000
2 55 3 13330 1000000 0.130000000
3 56 3 13331 1000000 0.130000000
4 57 3 13332 1000000 0.130000000
5 58 3 13333 1000000 0.130000000
6 59 3 13334 1000000 0.130000000
7 60 3 13335 1000000 0.130000000
8 61 3 13336 1000000 0.130000000
9 62 3 13337 1000000 0.130000000
10 63 3 13338 1000000 0.130000000
11 0 3 13339 1000000 0.130000000
12 1 3 13340 1000000 0.130000000
13 2 3 13341 1000000 0.130000000
14 3 3 13342 1000000 0.130000000
15 4 3 13343 1000000 0.130000000
16 5 3 13344 1000000 0.130000000
17 6 3 13345 1000000 0.130000000
18 7 3 13346 1000000 0.130000000
19 8 3 13347 1000000 0.130000000
20 9 3 13348 1000000 0.130000000
21 10 3 13349 1000000 0.130000000
22 11 3 13350 1000000 0.130000000
23 12 3 13351 1000000 0.130000000
24 13 3 13352 1000000 0.130000000
25 14 3 13353 1000000 0.130000000
26 15 3 13354 1000000 0.130000000
27 16 3 13355 1000000 0.130000000
28 17 3 13356 1000000 0.130000000
29 18 3 13357 1000000 0.130000000
30 19 3 13358 1000000 0.130000000
31 20 3 13359 1000000 0.130000000
32 21 3 13360 1000000 0.130000000
33 22 3 13361 1000000 0.130000000
34 23 3 13362 1000000 0.130000000
35 24 3 13363 1000000 0.130000000
36 25 3 13364 1000000 0.130000000
37 26 3 13365 1000000 0.130000000
38 27 3 13366 1000000 0.130000000
39 28 3 13367 1000000 0.130000000
40 29 3 13368 1000000 0.130000000
41 30 3 13369 1000000 0.130000000
42 31 3 13370 1000000 0.130000000
43 32 3 13371 1000000 0.130000000
44 33 3 13372 1000000 0.130000000
45 34 3 13373 1000000 0.130000000
46 35 3 13374 1000000 0.130000000
47 36 3 13375 1000000 0.130000000
48 37 3 13376 1000000 0.130000000
49 38 3 13377 1000000 0.130000000
50 39 3 13378 1000000 0.130000000
51 40 3 13379 1000000 0.130000000
52 41 3 13380 1000000 0.130000000
53 42 3 13381 1000000 0.130000000
54 43 3 13382 1000000 0.130000000
55 44 3 13383 1000000 0.130000000
56 45 3 13384 1000000 0.130000000
57 46 3 13385 1000000 0.130000000
58 47 3 13386 1000000 0.130000000
59 48 3 13387 1000000 0.130000000
60 49 3 13388 1000000 0.130000000
61 50 3 13389 1000000 0.130000000
62 51 3 13390 1000000 0.130000000
63 52 3 13391 1000000 0.130000000
0 54 3 13392 1000000 0.130000000
1 55 3 13393 1000000 0.130000000
2 56 3 13394 1000000 0.130000000
3 57 3 13395 1000000 0.130000000
4 58 3 13396 1000000 0.130000000
5 59 3 13397 1000000 0.130000000
6 60 3 13398 1000000 0.130000000
7 61 3 13399 1000000 0.130000000
8 62 3 13400 1000000 0.130000000
9 63 3 13401 1000000 0.130000000
10 0 3 13402 1000000 0.130000000
11 1 3 13403 1000000 0.130000000
12 2 3 13404 1000000 0.130000000
13 3 3 13405 1000000 0.130000000
14 4 3 13406 1000000 0.130000000
15 5 3 13407 1000000 0.130000000
16 6 3 13408 1000000 0.130000000
17 7 3 13409 1000000 0.130000000
18 8 3 13410 1000000 0.130000000
19 9 3 13411 1000000 0.130000000
20 10 3 13412 1000000 0.130000000
21 11 3 13413 1000000 0.130000000
22 12 3 13414 1000000 0.130000000
23 13 3 13415 1000000 0.130000000
24 14 3 13416 1000000 0.130000000
25 15 3 13417 1000000 0.130000000
26 16 3 13418 1000000 0.130000000
27 17 3 13419 1000000 0.130000000
28 18 3 13420 1000000 0.130000000
29 19 3 13421 1000000 0.130000000
30 20 3 13422 1000000 0.130000000
31 21 3 13423 1000000 0.130000000
32 22 3 13424 1000000 0.130000000
33 23 3 13425 1000000 0.130000000
34 24 3 13426 1000000 0.130000000
35 25 3 13427 1000000 0.130000000
36 26 3 13428 1000000 0.130000000
37 27 3 13429 1000000 0.130000000
38 28 3 13430 1000000 0.130000000
39 29 3 13431 1000000 0.130000000
40 30 3 13432 1000000 0.130000000
41 31 3 13433 1000000 0.130000000
42 32 3 13434 1000000 0.130000000
43 33 3 13435 1000000 0.130000000
44 34 3 13436 1000000 0.130000000
45 35 3 13437 1000000 0.130000000
46 36 3 13438 1000000 0.130000000
47 37 3 13439 1000000 0.130000000
48 38 3 13440 1000000 0.130000000
49 39 3 13441 1000000 0.130000000
50 40 3 13442 1000000 0.130000000
51 41 3 13443 1000000 0.130000000
52 42 3 13444 1000000 0.130000000
53 43 3 13445 1000000 0.130000000
54 44 3 13446 1000000 0.130000000
55 45 3 13447 1000000 0.130000000
56 46 3 13448 1000000 0.130000000
57 47 3 13449 1000000 0.130000000
58 48 3 13450 1000000 0.130000000
59 49 3 13451 1000000 0.130000000
60 50 3 13452 1000000 0.130000000
61 51 3 13453 1000000 0.130000000
62 52 3 13454 1000000 0.130000000
63 53 3 13455 1000000 0.130000000
0 55 3 13456 1000000 0.130000000
1 56 3 13457 1000000 0.130000000
2 57 3 13458 1000000 0.130000000
3 58 3 13459 1000000 0.130000000
4 59 3 13460 1000000 0.130000000
5 60 3 13461 1000000 0.130000000
6 61 3 13462 1000000 0.130000000
7 62 3 13463 1000000 0.130000000
8 63 3 13464 1000000 0.130000000
9 0 3 13465 1000000 0.130000000
10 1 3 13466 1000000 0.130000000
11 2 3 13467 1000000 0.130000000
12 3 3 13468 1000000 0.130000000
13 4 3 13469 1000000 0.130000000
14 5 3 13470 1000000 0.130000000
15 6 3 13471 1000000 0.130000000
16 7 3 13472 1000000 0.130000000
17 8 3 13473 1000000 0.130000000
18 9 3 13474 1000000 0.130000000
19 10 3 13475 1000000 0.130000000
20 11 3 13476 1000000 0.130000000
21 12 3 13477 1000000 0.130000000
22 13 3 13478 1000000 0.130000000
23 14 3 13479 1000000 0.130000000
24 15 3 13480 1000000 0.130000000
25 16 3 13481 1000000 0.130000000
26 17 3 13482 1000000 0.130000000
27 18 3 13483 1000000 0.130000000
28 19 3 13484 1000000 0.130000000
29 20 3 13485 1000000 0.130000000
30 21 3 13486 1000000 0.130000000
31 22 3 13487 1000000 0.130000000
32 23 3 13488 1000000 0.130000000
33 24 3 13489 1000000 0.130000000
34 25 3 13490 1000000 0.130000000
35 26 3 13491 1000000 0.130000000
36 27 3 13492 1000000 0.130000000
37 28 3 13493 1000000 0.130000000
38 29 3 13494 1000000 0.130000000
39 30 3 13495 1000000 0.130000000
40 31 3 13496 1000000 0.130000000
41 32 3 13497 1000000 0.130000000
42 33 3 13498 1000000 0.130000000
43 34 3 13499 1000000 0.130000000
44 35 3 13500 1000000 0.130000000
45 36 3 13501 1000000 0.130000000
46 37 3 13502 1000000 0.130000000
47 38 3 13503 1000000 0.130000000
48 39 3 13504 1000000 0.130000000
49 40 3 13505 1000000 0.130000000
50 41 3 13506 1000000 0.130000000
51 42 3 13507 1000000 0.130000000
52 43 3 13508 1000000 0.130000000
53 44 3 13509 1000000 0.130000000
54 45 3 13510 1000000 0.130000000
55 46 3 13511 1000000 0.130000000
56 47 3 13512 1000000 0.130000000
57 48 3 13513 1000000 0.130000000
58 49 3 13514 1000000 0.130000000
59 50 3 13515 1000000 0.130000000
60 51 3 13516 1000000 0.130000000
61 52 3 13517 1000000 0.130000000
62 53 3 13518 1000000 0.130000000
63 54 3 13519 1000000 0.130000000
0 56 3 13520 1000000 0.130000000
1 57 3 13521 1000000 0.130000000
2 58 3 13522 1000000 0.130000000
3 59 3 13523 1000000 0.130000000
4 60 3 13524 1000000 0.130000000
5 61 3 13525 1000000 0.130000000
6 62 3 13526 1000000 0.130000000
7 63 3 13527 1000000 0.130000000
8 0 3 13528 1000000 0.130000000
9 1 3 13529 1000000 0.130000000
10 2 3 13530 1000000 0.130000000
11 3 3 13531 1000000 0.130000000
12 4 3 13532 1000000 0.130000000
13 5 3 13533 1000000 0.130000000
14 6 3 13534 1000000 0.130000000
15 7 3 13535 1000000 0.130000000
16 8 3 13536 1000000 0.130000000
17 9 3 13537 1000000 0.130000000
18 10 3 13538 1000000 0.130000000
19 11 3 13539 1000000 0.130000000
20 12 3 13540 1000000 0.130000000
21 13 3 13541 1000000 0.130000000
22 14 3 13542 1000000 0.130000000
23 15 3 13543 1000000 0.130000000
24 16 3 13544 1000000 0.130000000
25 17 3 13545 1000000 0.130000000
26 18 3 13546 1000000 0.130000000
27 19 3 13547 1000000 0.130000000
28 20 3 13548 1000000 0.130000000
29 21 3 13549 1000000 0.130000000
30 22 3 13550 1000000 0.130000000
31 23 3 13551 1000000 0.130000000
32 24 3 13552 1000000 0.130000000
33 25 3 13553 1000000 0.130000000
34 26 3 13554 1000000 0.130000000
35 27 3 13555 1000000 0.130000000
36 28 3 13556 1000000 0.130000000
37 29 3 13557 1000000 0.130000000
38 30 3 13558 1000000 0.130000000
39 31 3 13559 1000000 0.130000000
40 32 3 13560 1000000 0.130000000
41 33 3 13561 1000000 0.130000000
42 34 3 13562 1000000 0.130000000
43 35 3 13563 1000000 0.130000000
44 36 3 13564 1000000 0.130000000
45 37 3 13565 1000000 0.130000000
46 38 3 13566 1000000 0.130000000
47 39 3 13567 1000000 0.130000000
48 40 3 13568 1000000 0.130000000
49 41 3 13569 1000000 0.130000000
50 42 3 13570 1000000 0.130000000
51 43 3 13571 1000000 0.130000000
52 44 3 13572 1000000 0.130000000
53 45 3 13573 1000000 0.130000000
54 46 3 13574 1000000 0.130000000
55 47 3 13575 1000000 0.130000000
56 48 3 13576 1000000 0.130000000
57 49 3 13577 1000000 0.130000000
58 50 3 13578 1000000 0.130000000
59 51 3 13579 1000000 0.130000000
60 52 3 13580 1000000 0.130000000
61 53 3 13581 1000000 0.130000000
62 54 3 13582 1000000 0.130000000
63 55 3 13583 1000000 0.130000000
0 57 3 13584 1000000 0.130000000
1 58 3 13585 1000000 0.130000000
2 59 3 13586 1000000 0.130000000
3 60 3 13587 1000000 0.130000000
4 61 3 13588 1000000 0.130000000
5 62 3 13589 1000000 0.130000000
6 63 3 13590 1000000 0.130000000
7 0 3 13591 1000000 0.130000000
8 1 3 13592 1000000 0.130000000
9 2 3 13593 1000000 0.130000000
10 3 3 13594 1000000 0.130000000
11 4 3 13595 1000000 0.130000000
12 5 3 13596 1000000 0.130000000
13 6 3 13597 1000000 0.130000000
14 7 3 13598 1000000 0.130000000
15 8 3 13599 1000000 0.130000000
16 9 3 13600 1000000 0.130000000
17 10 3 13601 1000000 0.130000000
18 11 3 13602 1000000 0.130000000
19 12 3 13603 1000000 0.130000000
20 13 3 13604 1000000 0.130000000
21 14 3 13605 1000000 0.130000000
22 15 3 13606 1000000 0.130000000
23 16 3 13607 1000000 0.130000000
24 17 3 13608 1000000 0.130000000
25 18 3 13609 1000000 0.130000000
26 19 3 13610 1000000 0.130000000
27 20 3 13611 1000000 0.130000000
28 21 3 13612 1000000 0.130000000
29 22 3 13613 1000000 0.130000000
30 23 3 13614 1000000 0.130000000
31 24 3 13615 1000000 0.130000000
32 25 3 13616 1000000 0.130000000
33 26 3 13617 1000000 0.130000000
34 27 3 13618 1000000 0.130000000
35 28 3 13619 1000000 0.130000000
36 29 3 13620 1000000 0.130000000
37 30 3 13621 1000000 0.130000000
38 31 3 13622 1000000 0.130000000
39 32 3 13623 1000000 0.130000000
40 33 3 13624 1000000 0.130000000
41 34 3 13625 1000000 0.130000000
42 35 3 13626 1000000 0.130000000
43 36 3 13627 1000000 0.130000000
44 37 3 13628 1000000 0.130000000
45 38 3 13629 1000000 0.130000000
46 39 3 13630 1000000 0.130000000
47 40 3 13631 1000000 0.130000000
48 41 3 13632 1000000 0.130000000
49 42 3 13633 1000000 0.130000000
50 43 3 13634 1000000 0.130000000
51 44 3 13635 1000000 0.130000000
52 45 3 13636 1000000 0.130000000
53 46 3 13637 1000000 0.130000000
54 47 3 13638 1000000 0.130000000
55 48 3 13639 1000000 0.130000000
56 49 3 13640 1000000 0.130000000
57 50 3 13641 1000000 0.130000000
58 51 3 13642 1000000 0.130000000
59 52 3 13643 1000000 0.130000000
60 53 3 13644 1000000 0.130000000
61 54 3 13645 1000000 0.130000000
62 55 3 13646 1000000 0.130000000
63 56 3 13647 1000000 0.130000000
0 58 3 13648 1000000 0.130000000
1 59 3 13649 1000000 0.130000000
2 60 3 13650 1000000 0.130000000
3 61 3 13651 1000000 0.130000000
4 62 3 13652 1000000 0.130000000
5 63 3 13653 1000000 0.130000000
6 0 3 13654 1000000 0.130000000
7 1 3 13655 1000000 0.130000000
8 2 3 13656 1000000 0.130000000
9 3 3 13657 1000000 0.130000000
10 4 3 13658 1000000 0.130000000
11 5 3 13659 1000000 0.130000000
12 6 3 13660 1000000 0.130000000
13 7 3 13661 1000000 0.130000000
14 8 3 13662 1000000 0.130000000
15 9 3 13663 1000000 0.130000000
16 10 3 13664 1000000 0.130000000
17 11 3 13665 1000000 0.130000000
18 12 3 13666 1000000 0.130000000
19 13 3 13667 1000000 0.130000000
20 14 3 13668 1000000 0.130000000
21 15 3 13669 1000000 0.130000000
22 16 3 13670 1000000 0.130000000
23 17 3 13671 1000000 0.130000000
24 18 3 13672 1000000 0.130000000
25 19 3 13673 1000000 0.130000000
26 20 3 13674 1000000 0.130000000
27 21 3 13675 1000000 0.130000000
28 22 3 13676 1000000 0.130000000
29 23 3 13677 1000000 0.130000000
30 24 3 13678 1000000 0.130000000
31 25 3 13679 1000000 0.130000000
32 26 3 13680 1000000 0.130000000
33 27 3 13681 1000000 0.130000000
34 28 3 13682 1000000 0.130000000
35 29 3 13683 1000000 0.130000000
36 30 3 13684 1000000 0.130000000
37 31 3 13685 1000000 0.130000000
38 32 3 13686 1000000 0.130000000
39 33 3 13687 1000000 0.130000000
40 34 3 13688 1000000 0.130000000
41 35 3 13689 1000000 0.130000000
42 36 3 13690 1000000 0.130000000
43 37 3 13691 1000000 0.130000000
44 38 3 13692 1000000 0.130000000
45 39 3 13693 1000000 0.130000000
46 40 3 13694 1000000 0.130000000
47 41 3 13695 1000000 0.130000000
48 42 3 13696 1000000 0.130000000
49 43 3 13697 1000000 0.130000000
50 44 3 13698 1000000 0.130000000
51 45 3 13699 1000000 0.130000000
52 46 3 13700 1000000 0.130000000
53 47 3 13701 1000000 0.130000000
54 48 3 13702 1000000 0.130000000
55 49 3 13703 1000000 0.130000000
56 50 3 13704 1000000 0.130000000
57 51 3 13705 1000000 0.130000000
58 52 3 13706 1000000 0.130000000
59 53 3 13707 1000000 0.130000000
60 54 3 13708 1000000 0.130000000
61 55 3 13709 1000000 0.130000000
62 56 3 13710 1000000 0.130000000
63 57 3 13711 1000000 0.130000000
0 59 3 13712 1000000 0.130000000
1 60 3 13713 1000000 0.130000000
2 61 3 13714 1000000 0.130000000
3 62 3 13715 1000000 0.130000000
4 63 3 13716 1000000 0.130000000
5 0 3 13717 1000000 0.130000000
6 1 3 13718 1000000 0.130000000
7 2 3 13719 1000000 0.130000000
8 3 3 13720 1000000 0.130000000
9 4 3 13721 1000000 0.130000000
10 5 3 13722 1000000 0.130000000
11 6 3 13723 1000000 0.130000000
12 7 3 13724 1000000 0.130000000
13 8 3 13725 1000000 0.130000000
14 9 3 13726 1000000 0.130000000
15 10 3 13727 1000000 0.130000000
16 11 3 13728 1000000 0.130000000
17 12 3 13729 1000000 0.130000000
18 13 3 13730 1000000 0.130000000
19 14 3 13731 1000000 0.130000000
20 15 3 13732 1000000 0.130000000
21 16 3 13733 1000000 0.130000000
22 17 3 13734 1000000 0.130000000
23 18 3 13735 1000000 0.130000000
24 19 3 13736 1000000 0.130000000
25 20 3 13737 1000000 0.130000000
26 21 3 13738 1000000 0.130000000
27 22 3 13739 1000000 0.130000000
28 23 3 13740 1000000 0.130000000
29 24 3 13741 1000000 0.130000000
30 25 3 13742 1000000 0.130000000
31 26 3 13743 1000000 0.130000000
32 27 3 13744 1000000 0.130000000
33 28 3 13745 1000000 0.130000000
34 29 3 13746 1000000 0.130000000
35 30 3 13747 1000000 0.130000000
36 31 3 13748 1000000 0.130000000
37 32 3 13749 1000000 0.130000000
38 33 3 13750 1000000 0.130000000
39 34 3 13751 1000000 0.130000000
40 35 3 13752 1000000 0.130000000
41 36 3 13753 1000000 0.130000000
42 37 3 13754 1000000 0.130000000
43 38 3 13755 1000000 0.130000000
44 39 3 13756 1000000 0.130000000
45 40 3 13757 1000000 0.130000000
46 41 3 13758 1000000 0.130000000
47 42 3 13759 1000000 0.130000000
48 43 3 13760 1000000 0.130000000
49 44 3 13761 1000000 0.130000000
50 45 3 13762 1000000 0.130000000
51 46 3 13763 1000000 0.130000000
52 47 3 13764 1000000 0.130000000
53 48 3 13765 1000000 0.130000000
54 49 3 13766 1000000 0.130000000
55 50 3 13767 1000000 0.130000000
56 51 3 13768 1000000 0.130000000
57 52 3 13769 1000000 0.130000000
58 53 3 13770 1000000 0.130000000
59 54 3 13771 1000000 0.130000000
60 55 3 13772 1000000 0.130000000
61 56 3 13773 1000000 0.130000000
62 57 3 13774 1000000 0.130000000
63 58 3 13775 1000000 0.130000000
0 60 3 13776 1000000 0.130000000
1 61 3 13777 1000000 0.130000000
2 62 3 13778 1000000 0.130000000
3 63 3 13779 1000000 0.130000000
4 0 3 13780 1000000 0.130000000
5 1 3 13781 1000000 0.130000000
6 2 3 13782 1000000 0.130000000
7 3 3 13783 1000000 0.130000000
8 4 3 13784 1000000 0.130000000
9 5 3 13785 1000000 0.130000000
10 6 3 13786 1000000 0.130000000
11 7 3 13787 1000000 0.130000000
12 8 3 13788 1000000 0.130000000
13 9 3 13789 1000000 0.130000000
14 10 3 13790 1000000 0.130000000
15 11 3 13791 1000000 0.130000000
16 12 3 13792 1000000 0.130000000
17 13 3 13793 1000000 0.130000000
18 14 3 13794 1000000 0.130000000
19 15 3 13795 1000000 0.130000000
20 16 3 13796 1000000 0.130000000
21 17 3 13797 1000000 0.130000000
22 18 3 13798 1000000 0.130000000
23 19 3 13799 1000000 0.130000000
24 20 3 13800 1000000 0.130000000
25 21 3 13801 1000000 0.130000000
26 22 3 13802 1000000 0.130000000
27 23 3 13803 1000000 0.130000000
28 24 3 13804 1000000 0.130000000
29 25 3 13805 1000000 0.130000000
30 26 3 13806 1000000 0.130000000
31 27 3 13807 1000000 0.130000000
32 28 3 13808 1000000 0.130000000
33 29 3 13809 1000000 0.130000000
34 30 3 13810 1000000 0.130000000
35 31 3 13811 1000000 0.130000000
36 32 3 13812 1000000 0.130000000
37 33 3 13813 1000000 0.130000000
38 34 3 13814 1000000 0.130000000
39 35 3 13815 1000000 0.130000000
40 36 3 13816 1000000 0.130000000
41 37 3 13817 1000000 0.130000000
42 38 3 13818 1000000 0.130000000
43 39 3 13819 1000000 0.130000000
44 40 3 13820 1000000 0.130000000
45 41 3 13821 1000000 0.130000000
46 42 3 13822 1000000 0.130000000
47 43 3 13823 1000000 0.130000000
48 44 3 13824 1000000 0.130000000
49 45 3 13825 1000000 0.130000000
50 46 3 13826 1000000 0.130000000
51 47 3 13827 1000000 0.130000000
52 48 3 13828 1000000 0.130000000
53 49 3 13829 1000000 0.130000000
54 50 3 13830 1000000 0.130000000
55 51 3 13831 1000000 0.130000000
56 52 3 13832 1000000 0.130000000
57 53 3 13833 1000000 0.130000000
58 54 3 13834 1000000 0.130000000
59 55 3 13835 1000000 0.130000000
60 56 3 13836 1000000 0.130000000
61 57 3 13837 1000000 0.130000000
62 58 3 13838 1000000 0.130000000
63 59 3 13839 1000000 0.130000000
0 61 3 13840 1000000 0.130000000
1 62 3 13841 1000000 0.130000000
2 63 3 13842 1000000 0.130000000
3 0 3 13843 1000000 0.130000000
4 1 3 13844 1000000 0.130000000
5 2 3 13845 1000000 0.130000000
6 3 3 13846 1000000 0.130000000
7 4 3 13847 1000000 0.130000000
8 5 3 13848 1000000 0.130000000
9 6 3 13849 1000000 0.130000000
10 7 3 13850 1000000 0.130000000
11 8 3 13851 1000000 0.130000000
12 9 3 13852 1000000 0.130000000
13 10 3 13853 1000000 0.130000000
14 11 3 13854 1000000 0.130000000
15 12 3 13855 1000000 0.130000000
16 13 3 13856 1000000 0.130000000
17 14 3 13857 1000000 0.130000000
18 15 3 13858 1000000 0.130000000
19 16 3 13859 1000000 0.130000000
20 17 3 13860 1000000 0.130000000
21 18 3 13861 1000000 0.130000000
22 19 3 13862 1000000 0.130000000
23 20 3 13863 1000000 0.130000000
24 21 3 13864 1000000 0.130000000
25 22 3 13865 1000000 0.130000000
26 23 3 13866 1000000 0.130000000
27 24 3 13867 1000000 0.130000000
28 25 3 13868 1000000 0.130000000
29 26 3 13869 1000000 0.130000000
30 27 3 13870 1000000 0.130000000
31 28 3 13871 1000000 0.130000000
32 29 3 13872 1000000 0.130000000
33 30 3 13873 1000000 0.130000000
34 31 3 13874 1000000 0.130000000
35 32 3 13875 1000000 0.130000000
36 33 3 13876 1000000 0.130000000
37 34 3 13877 1000000 0.130000000
38 35 3 13878 1000000 0.130000000
39 36 3 13879 1000000 0.130000000
40 37 3 13880 1000000 0.130000000
41 38 3 13881 1000000 0.130000000
42 39 3 13882 1000000 0.130000000
43 40 3 13883 1000000 0.130000000
44 41 3 13884 1000000 0.130000000
45 42 3 13885 1000000 0.130000000
46 43 3 13886 1000000 0.130000000
47 44 3 13887 1000000 0.130000000
48 45 3 13888 1000000 0.130000000
49 46 3 13889 1000000 0.130000000
50 47 3 13890 1000000 0.130000000
51 48 3 13891 1000000 0.130000000
52 49 3 13892 1000000 0.130000000
53 50 3 13893 1000000 0.130000000
54 51 3 13894 1000000 0.130000000
55 52 3 13895 1000000 0.130000000
56 53 3 13896 1000000 0.130000000
57 54 3 13897 1000000 0.130000000
58 55 3 13898 1000000 0.130000000
59 56 3 13899 1000000 0.130000000
60 57 3 13900 1000000 0.130000000
61 58 3 13901 1000000 0.130000000
62 59 3 13902 1000000 0.130000000
63 60 3 13903 1000000 0.130000000
0 62 3 13904 1000000 0.130000000
1 63 3 13905 1000000 0.130000000
2 0 3 13906 1000000 0.130000000
3 1 3 13907 1000000 0.130000000
4 2 3 13908 1000000 0.130000000
5 3 3 13909 1000000 0.130000000
6 4 3 13910 1000000 0.130000000
7 5 3 13911 1000000 0.130000000
8 6 3 13912 1000000 0.130000000
9 7 3 13913 1000000 0.130000000
10 8 3 13914 1000000 0.130000000
11 9 3 13915 1000000 0.130000000
12 10 3 13916 1000000 0.130000000
13 11 3 13917 1000000 0.130000000
14 12 3 13918 1000000 0.130000000
15 13 3 13919 1000000 0.130000000
16 14 3 13920 1000000 0.130000000
17 15 3 13921 1000000 0.130000000
18 16 3 13922 1000000 0.130000000
19 17 3 13923 1000000 0.130000000
20 18 3 13924 1000000 0.130000000
21 19 3 13925 1000000 0.130000000
22 20 3 13926 1000000 0.130000000
23 21 3 13927 1000000 0.130000000
24 22 3 13928 1000000 0.130000000
25 23 3 13929 1000000 0.130000000
26 24 3 13930 1000000 0.130000000
27 25 3 13931 1000000 0.130000000
28 26 3 13932 1000000 0.130000000
29 27 3 13933 1000000 0.130000000
30 28 3 13934 1000000 0.130000000
31 29 3 13935 1000000 0.130000000
32 30 3 13936 1000000 0.130000000
33 31 3 13937 1000000 0.130000000
34 32 3 13938 1000000 0.130000000
35 33 3 13939 1000000 0.130000000
36 34 3 13940 1000000 0.130000000
37 35 3 13941 1000000 0.130000000
38 36 3 13942 1000000 0.130000000
39 37 3 13943 1000000 0.130000000
40 38 3 13944 1000000 0.130000000
41 39 3 13945 1000000 0.130000000
42 40 3 13946 1000000 0.130000000
43 41 3 13947 1000000 0.130000000
44 42 3 13948 1000000 0.130000000
45 43 3 13949 1000000 0.130000000
46 44 3 13950 1000000 0.130000000
47 45 3 13951 1000000 0.130000000
48 46 3 13952 1000000 0.130000000
49 47 3 13953 1000000 0.130000000
50 48 3 13954 1000000 0.130000000
51 49 3 13955 1000000 0.130000000
52 50 3 13956 1000000 0.130000000
53 51 3 13957 1000000 0.130000000
54 52 3 13958 1000000 0.130000000
55 53 3 13959 1000000 0.130000000
56 54 3 13960 1000000 0.130000000
57 55 3 13961 1000000 0.130000000
58 56 3 13962 1000000 0.130000000
59 57 3 13963 1000000 0.130000000
60 58 3 13964 1000000 0.130000000
61 59 3 13965 1000000 0.130000000
62 60 3 13966 1000000 0.130000000
63 61 3 13967 1000000 0.130000000
0 63 3 13968 1000000 0.130000000
1 0 3 13969 1000000 0.130000000
2 1 3 13970 1000000 0.130000000
3 2 3 13971 1000000 0.130000000
4 3 3 13972 1000000 0.130000000
5 4 3 13973 1000000 0.130000000
6 5 3 13974 1000000 0.130000000
7 6 3 13975 1000000 0.130000000
8 7 3 13976 1000000 0.130000000
9 8 3 13977 1000000 0.130000000
10 9 3 13978 1000000 0.130000000
11 10 3 13979 1000000 0.130000000
12 11 3 13980 1000000 0.130000000
13 12 3 13981 1000000 0.130000000
14 13 3 13982 1000000 0.130000000
15 14 3 13983 1000000 0.130000000
16 15 3 13984 1000000 0.130000000
17 16 3 13985 1000000 0.130000000
18 17 3 13986 1000000 0.130000000
19 18 3 13987 1000000 0.130000000
20 19 3 13988 1000000 0.130000000
21 20 3 13989 1000000 0.130000000
22 21 3 13990 1000000 0.130000000
23 22 3 13991 1000000 0.130000000
24 23 3 13992 1000000 0.130000000
25 24 3 13993 1000000 0.130000000
26 25 3 13994 1000000 0.130000000
27 26 3 13995 1000000 0.130000000
28 27 3 13996 1000000 0.130000000
29 28 3 13997 1000000 0.130000000
30 29 3 13998 1000000 0.130000000
31 30 3 13999 1000000 0.130000000
32 31 3 14000 1000000 0.130000000
33 32 3 14001 1000000 0.130000000
34 33 3 14002 1000000 0.130000000
35 34 3 14003 1000000 0.130000000
36 35 3 14004 1000000 0.130000000
37 36 3 14005 1000000 0.130000000
38 37 3 14006 1000000 0.130000000
39 38 3 14007 1000000 0.130000000
40 39 3 14008 1000000 0.130000000
41 40 3 14009 1000000 0.130000000
42 41 3 14010 1000000 0.130000000
43 42 3 14011 1000000 0.130000000
44 43 3 14012 1000000 0.130000000
45 44 3 14013 1000000 0.130000000
46 45 3 14014 1000000 0.130000000
47 46 3 14015 1000000 0.130000000
48 47 3 14016 1000000 0.130000000
49 48 3 14017 1000000 0.130000000
50 49 3 14018 1000000 0.130000000
51 50 3 14019 1000000 0.130000000
52 51 3 14020 1000000 0.130000000
53 52 3 14021 1000000 0.130000000
54 53 3 14022 1000000 0.130000000
55 54 3 14023 1000000 0.130000000
56 55 3 14024 1000000 0.130000000
57 56 3 14025 1000000 0.130000000
58 57 3 14026 1000000 0.130000000
59 58 3 14027 1000000 0.130000000
60 59 3 14028 1000000 0.130000000
61 60 3 14029 1000000 0.130000000
62 61 3 14030 1000000 0.130000000
63 62 3 14031 1000000 0.130000000
0 1 3 14032 1000000 0.130000000
1 2 3 14033 1000000 0.130000000
2 3 3 14034 1000000 0.130000000
3 4 3 14035 1000000 0.130000000
4 5 3 14036 1000000 0.130000000
5 6 3 14037 1000000 0.130000000
6 7 3 14038 1000000 0.130000000
7 8 3 14039 1000000 0.130000000
8 9 3 14040 1000000 0.130000000
9 10 3 14041 1000000 0.130000000
10 11 3 14042 1000000 0.130000000
11 12 3 14043 1000000 0.130000000
12 13 3 14044 1000000 0.130000000
13 14 3 14045 1000000 0.130000000
14 15 3 14046 1000000 0.130000000
15 16 3 14047 1000000 0.130000000
16 17 3 14048 1000000 0.130000000
17 18 3 14049 1000000 0.130000000
18 19 3 14050 1000000 0.130000000
19 20 3 14051 1000000 0.130000000
20 21 3 14052 1000000 0.130000000
21 22 3 14053 1000000 0.130000000
22 23 3 14054 1000000 0.130000000
23 24 3 14055 1000000 0.130000000
24 25 3 14056 1000000 0.130000000
25 26 3 14057 1000000 0.130000000
26 27 3 14058 1000000 0.130000000
27 28 3 14059 1000000 0.130000000
28 29 3 14060 1000000 0.130000000
29 30 3 14061 1000000 0.130000000
30 31 3 14062 1000000 0.130000000
31 32 3 14063 1000000 0.130000000
32 33 3 14064 1000000 0.130000000
33 34 3 14065 1000000 0.130000000
34 35 3 14066 1000000 0.130000000
35 36 3 14067 1000000 0.130000000
36 37 3 14068 1000000 0.130000000
37 38 3 14069 1000000 0.130000000
38 39 3 14070 1000000 0.130000000
39 40 3 14071 1000000 0.130000000
40 41 3 14072 1000000 0.130000000
41 42 3 14073 1000000 0.130000000
42 43 3 14074 1000000 0.130000000
43 44 3 14075 1000000 0.130000000
44 45 3 14076 1000000 0.130000000
45 46 3 14077 1000000 0.130000000
46 47 3 14078 1000000 0.130000000
47 48 3 14079 1000000 0.130000000
48 49 3 14080 1000000 0.130000000
49 50 3 14081 1000000 0.130000000
50 51 3 14082 1000000 0.130000000
51 52 3 14083 1000000 0.130000000
52 53 3 14084 1000000 0.130000000
53 54 3 14085 1000000 0.130000000
54 55 3 14086 1000000 0.130000000
55 56 3 14087 1000000 0.130000000
56 57 3 14088 1000000 0.130000000
57 58 3 14089 1000000 0.130000000
58 59 3 14090 1000000 0.130000000
59 60 3 14091 1000000 0.130000000
60 61 3 14092 1000000 0.130000000
61 62 3 14093 1000000 0.130000000
62 63 3 14094 1000000 0.130000000
63 0 3 14095 1000000 0.130000000
